customer_id,Date,Description,Deposits,Withdrawls,Balance
ID13500,30-Mar-2026,ATM Withdrawal,0.00,795.84,"95,685.36"
ID13500,14-Jan-2026,Payment,0.00,247.50,"41,872.00"
ID13500,08-Jan-2026,Transfer,0.00,133.63,"95,969.21"
ID13500,05-Jan-2026,Payment,0.00,619.97,"3,689.75"
ID13500,11-Feb-2026,ATM Withdrawal,0.00,139.50,"23,656.45"
ID13500,13-Jan-2026,ATM Withdrawal,0.00,83.31,"80,133.09"
ID13500,21-Jan-2026,Interest,237.16,0.00,"43,985.50"
ID13500,25-Mar-2026,Payment,0.00,759.42,"84,458.41"
ID13500,16-Jan-2026,Reversal,0.00,"1,307.43","57,306.10"
ID13500,25-Mar-2026,Reversal,0.00,510.25,"99,966.21"
ID13500,19-Feb-2026,ATM Withdrawal,0.00,781.38,"83,656.68"
ID13500,02-Feb-2026,Charge,0.00,122.83,"8,559.16"
ID13500,23-Mar-2026,Interest,147.13,0.00,"87,840.03"
ID13500,22-Jan-2026,Direct Deposit,"3,774.30",0.00,"32,670.43"
ID13500,29-Jan-2026,Payment,885.54,0.00,"55,826.70"
ID13500,23-Jan-2026,Payment,0.00,"1,177.07","70,101.42"
ID13500,16-Jan-2026,Charge,0.00,266.05,"83,151.56"
ID13500,23-Jan-2026,Transfer,760.95,0.00,"5,567.73"
ID13500,29-Jan-2026,ATM Withdrawal,0.00,635.97,"25,705.21"
ID13500,01-Feb-2026,Direct Deposit,"4,718.62",0.00,"59,458.31"
ID13501,14-Mar-2026,ATM Withdrawal,0.00,788.35,"28,205.79"
ID13501,26-Feb-2026,Reversal,0.00,775.15,"90,475.29"
ID13501,25-Jan-2026,Interest,433.29,0.00,"22,399.78"
ID13501,16-Mar-2026,Charge,0.00,247.42,"61,768.63"
ID13501,05-Jan-2026,Direct Deposit,"4,946.70",0.00,"73,353.19"
ID13501,05-Mar-2026,Direct Deposit,"2,283.94",0.00,"24,037.89"
ID13501,02-Apr-2026,Charge,0.00,714.25,"77,644.32"
ID13501,13-Mar-2026,Charge,0.00,989.69,"34,881.08"
ID13501,01-Mar-2026,Transfer,0.00,895.34,"15,569.74"
ID13501,04-Jan-2026,Transfer,"1,521.48",0.00,"89,050.44"
ID13501,29-Jan-2026,Transfer,549.38,0.00,"49,790.52"
ID13501,10-Mar-2026,Transfer,0.00,67.76,"53,933.10"
ID13501,25-Jan-2026,Direct Deposit,"1,416.39",0.00,"45,877.24"
ID13501,13-Jan-2026,Direct Deposit,"3,215.84",0.00,"97,757.62"
ID13501,20-Mar-2026,Reversal,0.00,"1,321.81","92,253.58"
ID13501,04-Jan-2026,Debit Card,0.00,720.73,"49,338.99"
ID13501,01-Feb-2026,Charge,0.00,820.51,"12,101.88"
ID13501,22-Jan-2026,Transfer,0.00,"1,249.16","81,728.02"
ID13501,05-Mar-2026,Charge,0.00,78.92,"5,827.75"
ID13501,14-Jan-2026,Direct Deposit,627.78,0.00,"83,557.92"
ID13502,19-Jan-2026,ATM Withdrawal,0.00,998.48,"3,840.53"
ID13502,21-Jan-2026,Payment,452.67,0.00,"49,636.44"
ID13502,15-Jan-2026,ATM Withdrawal,0.00,993.15,"24,030.40"
ID13502,06-Mar-2026,Transfer,0.00,757.80,"22,311.30"
ID13502,09-Jan-2026,Direct Deposit,"4,873.86",0.00,"22,685.38"
ID13502,04-Jan-2026,ATM Withdrawal,0.00,705.36,"24,889.62"
ID13502,22-Jan-2026,Payment,534.27,0.00,"48,843.48"
ID13502,04-Feb-2026,Debit Card,0.00,36.35,"50,980.95"
ID13502,03-Feb-2026,Debit Card,0.00,131.79,"35,354.26"
ID13502,28-Feb-2026,Charge,0.00,445.40,"80,009.72"
ID13502,26-Mar-2026,Interest,397.49,0.00,"52,431.18"
ID13502,17-Mar-2026,ATM Withdrawal,0.00,103.38,"35,762.53"
ID13502,20-Jan-2026,Debit Card,0.00,810.81,"77,202.49"
ID13502,31-Jan-2026,Interest,107.39,0.00,"77,103.09"
ID13502,11-Jan-2026,Debit Card,0.00,795.66,"83,875.17"
ID13502,07-Mar-2026,ATM Withdrawal,0.00,432.65,"8,960.48"
ID13502,13-Mar-2026,ATM Withdrawal,0.00,334.88,"88,049.71"
ID13502,11-Feb-2026,Debit Card,0.00,184.08,"99,223.62"
ID13502,13-Jan-2026,Transfer,"1,361.89",0.00,"95,985.60"
ID13502,11-Mar-2026,Debit Card,0.00,908.38,"76,902.93"
ID13503,27-Mar-2026,Debit Card,0.00,331.23,"38,328.93"
ID13503,05-Feb-2026,Charge,0.00,649.84,"65,129.03"
ID13503,17-Feb-2026,Reversal,0.00,"1,135.00","25,981.89"
ID13503,14-Mar-2026,Charge,0.00,357.24,"6,442.14"
ID13503,05-Jan-2026,Reversal,0.00,"1,105.93","7,551.28"
ID13503,29-Mar-2026,Interest,402.32,0.00,"32,775.06"
ID13503,23-Jan-2026,Debit Card,0.00,254.13,"89,788.06"
ID13503,15-Mar-2026,Direct Deposit,"1,184.31",0.00,"49,654.78"
ID13503,07-Jan-2026,Debit Card,0.00,672.11,"70,266.28"
ID13503,18-Jan-2026,Interest,449.81,0.00,"26,741.82"
ID13503,12-Feb-2026,Charge,0.00,451.27,"42,332.15"
ID13503,02-Feb-2026,Debit Card,0.00,231.58,"82,553.40"
ID13503,17-Jan-2026,Reversal,0.00,"1,450.44","49,678.34"
ID13503,24-Mar-2026,ATM Withdrawal,0.00,768.07,"21,783.73"
ID13503,11-Feb-2026,Charge,0.00,281.61,"46,799.42"
ID13503,16-Mar-2026,Transfer,708.62,0.00,"96,983.15"
ID13503,09-Jan-2026,ATM Withdrawal,0.00,470.10,"86,530.15"
ID13503,07-Mar-2026,Payment,0.00,893.67,"62,907.24"
ID13503,02-Apr-2026,Payment,0.00,325.59,"74,189.74"
ID13503,22-Mar-2026,Charge,0.00,270.17,"13,964.08"
ID13504,05-Feb-2026,Reversal,0.00,"1,479.05","46,673.96"
ID13504,17-Feb-2026,Transfer,0.00,921.82,"13,228.70"
ID13504,28-Jan-2026,Charge,0.00,282.16,"33,746.65"
ID13504,19-Mar-2026,Transfer,0.00,677.65,"52,293.18"
ID13504,22-Feb-2026,Interest,382.41,0.00,"25,762.51"
ID13504,27-Jan-2026,Direct Deposit,"4,451.86",0.00,"22,241.80"
ID13504,11-Feb-2026,Charge,0.00,670.08,"73,125.67"
ID13504,21-Mar-2026,Direct Deposit,"3,686.70",0.00,"89,049.82"
ID13504,27-Mar-2026,Payment,933.58,0.00,"48,571.52"
ID13504,02-Mar-2026,Charge,0.00,399.64,"61,134.75"
ID13504,12-Jan-2026,Interest,124.18,0.00,"42,660.48"
ID13504,10-Mar-2026,Direct Deposit,"4,575.16",0.00,"6,952.55"
ID13504,24-Feb-2026,Reversal,522.27,0.00,"26,959.97"
ID13504,21-Feb-2026,Payment,0.00,415.65,"27,249.34"
ID13504,06-Feb-2026,Direct Deposit,"2,833.67",0.00,"91,520.46"
ID13504,17-Mar-2026,Transfer,0.00,849.07,"67,744.44"
ID13504,02-Apr-2026,Interest,162.94,0.00,"18,941.16"
ID13504,19-Mar-2026,Interest,325.45,0.00,"78,862.11"
ID13504,13-Jan-2026,Payment,0.00,337.49,"66,280.02"
ID13504,23-Mar-2026,Payment,0.00,594.05,"50,786.65"
ID13505,21-Feb-2026,Payment,199.89,0.00,"29,088.31"
ID13505,25-Mar-2026,Direct Deposit,"4,809.62",0.00,"68,626.45"
ID13505,04-Jan-2026,Reversal,212.86,0.00,"57,108.35"
ID13505,18-Jan-2026,Direct Deposit,"3,585.22",0.00,"52,565.17"
ID13505,05-Mar-2026,Payment,138.22,0.00,"74,013.54"
ID13505,05-Jan-2026,Payment,"1,324.47",0.00,"35,950.81"
ID13505,22-Jan-2026,Transfer,795.68,0.00,"27,401.61"
ID13505,26-Mar-2026,Direct Deposit,"2,884.76",0.00,"32,792.01"
ID13505,30-Jan-2026,Transfer,"1,073.27",0.00,"26,786.44"
ID13505,27-Jan-2026,Interest,454.06,0.00,"90,844.82"
ID13505,26-Feb-2026,ATM Withdrawal,0.00,58.33,"40,449.70"
ID13505,21-Feb-2026,Interest,348.63,0.00,"24,327.59"
ID13505,30-Jan-2026,Payment,0.00,"1,144.75","58,940.76"
ID13505,30-Mar-2026,Interest,218.54,0.00,"48,513.44"
ID13505,03-Mar-2026,Payment,780.16,0.00,"39,299.12"
ID13505,17-Jan-2026,Transfer,0.00,"1,460.39","54,926.05"
ID13505,20-Mar-2026,Payment,"1,161.29",0.00,"8,394.01"
ID13505,24-Mar-2026,Transfer,679.60,0.00,"56,209.88"
ID13505,19-Mar-2026,Transfer,0.00,815.56,"10,173.19"
ID13505,03-Apr-2026,Charge,0.00,768.10,"50,957.05"
ID13506,29-Mar-2026,Direct Deposit,"1,381.49",0.00,"61,153.73"
ID13506,19-Feb-2026,Payment,0.00,839.77,"67,537.93"
ID13506,15-Jan-2026,ATM Withdrawal,0.00,534.45,"56,297.78"
ID13506,22-Feb-2026,Transfer,0.00,146.22,"30,302.06"
ID13506,19-Mar-2026,Transfer,364.04,0.00,"99,123.22"
ID13506,23-Feb-2026,Transfer,0.00,"1,059.58","71,807.03"
ID13506,28-Jan-2026,Transfer,"1,207.75",0.00,"70,655.52"
ID13506,02-Apr-2026,Direct Deposit,"3,987.63",0.00,"38,309.44"
ID13506,22-Jan-2026,Reversal,"1,570.93",0.00,"9,330.50"
ID13506,18-Feb-2026,Payment,"1,331.94",0.00,"5,704.72"
ID13506,14-Feb-2026,Reversal,0.00,210.14,"23,396.45"
ID13506,12-Jan-2026,Debit Card,0.00,715.30,"24,117.11"
ID13506,06-Feb-2026,Payment,"1,930.24",0.00,"44,084.29"
ID13506,24-Feb-2026,Debit Card,0.00,601.83,"50,909.19"
ID13506,08-Feb-2026,Interest,315.29,0.00,"33,256.81"
ID13506,04-Mar-2026,Payment,426.59,0.00,"3,187.84"
ID13506,02-Apr-2026,Transfer,0.00,"1,083.58","64,700.10"
ID13506,29-Mar-2026,ATM Withdrawal,0.00,36.91,"1,428.26"
ID13506,12-Jan-2026,Charge,0.00,45.91,"98,946.34"
ID13506,15-Feb-2026,Interest,493.33,0.00,"94,455.24"
ID13507,14-Jan-2026,ATM Withdrawal,0.00,394.43,"26,285.34"
ID13507,05-Feb-2026,Charge,0.00,668.39,"73,035.78"
ID13507,04-Feb-2026,Direct Deposit,"4,423.58",0.00,"28,417.53"
ID13507,13-Jan-2026,Debit Card,0.00,229.23,"27,744.64"
ID13507,03-Mar-2026,Payment,0.00,792.06,"49,808.87"
ID13507,06-Jan-2026,Payment,0.00,929.99,"50,437.44"
ID13507,22-Jan-2026,Interest,338.07,0.00,"91,845.09"
ID13507,07-Jan-2026,ATM Withdrawal,0.00,212.30,"99,831.58"
ID13507,27-Jan-2026,Debit Card,0.00,34.66,"23,049.76"
ID13507,23-Feb-2026,Transfer,0.00,365.79,"24,497.99"
ID13507,12-Mar-2026,Payment,853.10,0.00,"94,497.71"
ID13507,16-Mar-2026,Direct Deposit,"1,519.52",0.00,"91,135.14"
ID13507,11-Feb-2026,Direct Deposit,"2,545.48",0.00,"27,879.38"
ID13507,14-Jan-2026,Reversal,0.00,496.02,"8,876.46"
ID13507,23-Feb-2026,ATM Withdrawal,0.00,482.81,"57,285.25"
ID13507,05-Jan-2026,Charge,0.00,851.35,"27,100.11"
ID13507,28-Mar-2026,Interest,330.11,0.00,"14,715.93"
ID13507,23-Feb-2026,Charge,0.00,501.49,"88,183.77"
ID13507,03-Feb-2026,Interest,193.34,0.00,"41,287.24"
ID13507,23-Mar-2026,Debit Card,0.00,741.87,"33,797.81"
ID13508,14-Mar-2026,Reversal,"1,630.92",0.00,"82,612.97"
ID13508,02-Mar-2026,Interest,126.85,0.00,"89,820.55"
ID13508,27-Feb-2026,Reversal,561.11,0.00,"75,149.02"
ID13508,09-Mar-2026,Transfer,0.00,210.63,"94,789.05"
ID13508,30-Jan-2026,Interest,282.92,0.00,"71,493.61"
ID13508,07-Mar-2026,Charge,0.00,18.89,"62,216.49"
ID13508,07-Feb-2026,Interest,145.69,0.00,"29,360.26"
ID13508,17-Mar-2026,Charge,0.00,456.17,"58,553.03"
ID13508,30-Mar-2026,ATM Withdrawal,0.00,152.11,"27,283.00"
ID13508,08-Feb-2026,ATM Withdrawal,0.00,838.38,"31,858.85"
ID13508,26-Jan-2026,Direct Deposit,"3,258.41",0.00,"39,066.62"
ID13508,22-Feb-2026,Debit Card,0.00,77.50,"86,166.90"
ID13508,25-Feb-2026,Transfer,"1,537.72",0.00,"95,608.83"
ID13508,09-Jan-2026,Interest,287.01,0.00,"72,008.35"
ID13508,11-Jan-2026,Interest,139.38,0.00,"39,038.71"
ID13508,17-Feb-2026,Payment,106.41,0.00,"73,384.13"
ID13508,02-Apr-2026,ATM Withdrawal,0.00,972.80,"29,070.73"
ID13508,03-Feb-2026,Direct Deposit,"2,753.40",0.00,"72,165.28"
ID13508,15-Jan-2026,Debit Card,0.00,923.31,"24,470.40"
ID13508,15-Jan-2026,ATM Withdrawal,0.00,931.84,"17,156.61"
ID13509,27-Jan-2026,Transfer,781.38,0.00,"53,901.52"
ID13509,10-Jan-2026,Debit Card,0.00,25.51,"36,675.64"
ID13509,12-Jan-2026,Transfer,0.00,121.82,"57,363.80"
ID13509,20-Mar-2026,Direct Deposit,"1,179.67",0.00,"68,780.57"
ID13509,29-Mar-2026,Charge,0.00,707.18,"86,133.09"
ID13509,24-Jan-2026,Direct Deposit,"3,295.41",0.00,"37,620.37"
ID13509,16-Mar-2026,Transfer,0.00,838.96,"18,714.88"
ID13509,19-Feb-2026,Transfer,"1,414.44",0.00,"94,579.28"
ID13509,24-Jan-2026,ATM Withdrawal,0.00,475.84,"38,176.00"
ID13509,14-Mar-2026,Payment,"1,275.39",0.00,"86,434.61"
ID13509,20-Mar-2026,Charge,0.00,131.97,"70,426.72"
ID13509,29-Mar-2026,Interest,268.34,0.00,"39,817.68"
ID13509,08-Mar-2026,Transfer,0.00,"1,350.57","65,146.83"
ID13509,05-Mar-2026,Payment,930.19,0.00,"83,346.74"
ID13509,08-Mar-2026,ATM Withdrawal,0.00,537.32,"57,516.92"
ID13509,31-Jan-2026,Interest,496.95,0.00,"26,677.69"
ID13509,27-Feb-2026,Reversal,0.00,349.64,"11,773.89"
ID13509,18-Feb-2026,Charge,0.00,762.62,"28,405.60"
ID13509,21-Feb-2026,Charge,0.00,544.28,"11,526.24"
ID13509,31-Mar-2026,Transfer,678.16,0.00,"63,649.05"
ID13510,17-Jan-2026,Debit Card,0.00,665.07,"59,321.64"
ID13510,07-Feb-2026,Charge,0.00,758.52,"12,835.23"
ID13510,01-Apr-2026,Charge,0.00,622.54,"32,906.72"
ID13510,27-Mar-2026,Transfer,0.00,266.71,"40,114.57"
ID13510,23-Mar-2026,Debit Card,0.00,852.22,"3,612.85"
ID13510,21-Feb-2026,Direct Deposit,"2,280.58",0.00,"87,946.81"
ID13510,10-Mar-2026,Debit Card,0.00,346.62,"5,253.20"
ID13510,25-Mar-2026,Direct Deposit,"4,506.11",0.00,"29,327.55"
ID13510,14-Jan-2026,Debit Card,0.00,74.22,"93,519.71"
ID13510,01-Mar-2026,Reversal,"1,797.23",0.00,"50,922.58"
ID13510,26-Mar-2026,Debit Card,0.00,633.11,"48,148.72"
ID13510,11-Jan-2026,Payment,116.93,0.00,"13,121.89"
ID13510,25-Mar-2026,ATM Withdrawal,0.00,760.10,"37,446.48"
ID13510,12-Feb-2026,Transfer,685.88,0.00,"14,190.41"
ID13510,06-Feb-2026,Transfer,0.00,729.46,"95,686.62"
ID13510,16-Jan-2026,Reversal,0.00,"1,186.81","70,722.73"
ID13510,11-Mar-2026,Interest,469.83,0.00,"85,537.95"
ID13510,10-Mar-2026,Direct Deposit,"4,530.42",0.00,"83,779.30"
ID13510,21-Jan-2026,Reversal,0.00,"1,303.60","71,217.51"
ID13510,11-Jan-2026,ATM Withdrawal,0.00,612.52,"43,840.40"
ID13511,31-Mar-2026,Transfer,0.00,"1,254.20","12,585.84"
ID13511,19-Mar-2026,Reversal,0.00,"1,426.62","34,598.67"
ID13511,13-Jan-2026,ATM Withdrawal,0.00,730.68,"55,525.84"
ID13511,24-Mar-2026,Charge,0.00,354.28,"95,725.79"
ID13511,02-Feb-2026,ATM Withdrawal,0.00,759.45,"11,940.62"
ID13511,24-Feb-2026,Reversal,0.00,"1,244.03","71,377.19"
ID13511,26-Feb-2026,Direct Deposit,"2,753.02",0.00,"28,621.67"
ID13511,11-Mar-2026,Charge,0.00,467.42,"67,926.16"
ID13511,16-Feb-2026,Reversal,"1,932.63",0.00,"3,942.41"
ID13511,28-Mar-2026,Direct Deposit,"2,476.91",0.00,"73,768.10"
ID13511,04-Jan-2026,Payment,"1,273.30",0.00,"89,724.57"
ID13511,24-Jan-2026,Charge,0.00,384.65,"26,022.59"
ID13511,16-Mar-2026,Charge,0.00,367.25,"69,479.97"
ID13511,02-Mar-2026,Payment,0.00,"1,206.08","77,587.52"
ID13511,11-Feb-2026,Direct Deposit,"2,462.48",0.00,"53,677.79"
ID13511,10-Feb-2026,Direct Deposit,"1,553.46",0.00,"73,888.94"
ID13511,04-Mar-2026,ATM Withdrawal,0.00,544.43,"40,754.04"
ID13511,19-Jan-2026,Direct Deposit,"3,162.96",0.00,"69,880.01"
ID13511,08-Jan-2026,Debit Card,0.00,492.02,"88,392.40"
ID13511,29-Mar-2026,Transfer,0.00,776.42,"18,718.77"
ID13512,09-Feb-2026,Transfer,"1,580.90",0.00,"67,588.77"
ID13512,08-Jan-2026,ATM Withdrawal,0.00,781.24,"35,763.57"
ID13512,26-Jan-2026,Transfer,0.00,751.12,"22,179.31"
ID13512,15-Mar-2026,Reversal,0.00,"1,164.05","22,992.43"
ID13512,10-Jan-2026,ATM Withdrawal,0.00,758.35,"61,463.06"
ID13512,03-Mar-2026,Debit Card,0.00,572.18,"96,139.16"
ID13512,11-Feb-2026,Transfer,"1,775.68",0.00,"58,421.75"
ID13512,25-Mar-2026,Reversal,0.00,91.96,"95,990.23"
ID13512,08-Feb-2026,Debit Card,0.00,447.17,"40,761.44"
ID13512,22-Jan-2026,Charge,0.00,371.85,"62,458.49"
ID13512,05-Mar-2026,Transfer,0.00,306.64,"52,730.25"
ID13512,22-Jan-2026,Interest,37.88,0.00,"89,559.80"
ID13512,27-Mar-2026,Reversal,0.00,"1,008.40","61,644.24"
ID13512,24-Jan-2026,Charge,0.00,375.08,"2,110.68"
ID13512,01-Mar-2026,Debit Card,0.00,176.56,"10,658.68"
ID13512,23-Mar-2026,Transfer,931.57,0.00,"12,329.99"
ID13512,11-Feb-2026,Charge,0.00,367.62,"9,433.44"
ID13512,23-Mar-2026,Transfer,0.00,467.52,"23,913.00"
ID13512,26-Jan-2026,Charge,0.00,622.16,"67,644.40"
ID13512,30-Jan-2026,Reversal,482.21,0.00,"25,047.80"
ID13513,10-Feb-2026,Debit Card,0.00,721.91,"41,421.54"
ID13513,22-Mar-2026,Payment,0.00,817.50,"64,030.40"
ID13513,01-Feb-2026,Interest,470.25,0.00,"37,776.91"
ID13513,27-Jan-2026,ATM Withdrawal,0.00,776.68,"82,386.04"
ID13513,26-Jan-2026,ATM Withdrawal,0.00,696.24,"37,829.48"
ID13513,11-Mar-2026,Debit Card,0.00,217.72,"50,710.68"
ID13513,03-Apr-2026,Payment,"1,375.98",0.00,"40,530.69"
ID13513,02-Apr-2026,Payment,"1,919.95",0.00,"86,806.80"
ID13513,01-Mar-2026,Reversal,171.47,0.00,"72,656.55"
ID13513,18-Mar-2026,Reversal,"1,477.71",0.00,"22,057.27"
ID13513,16-Feb-2026,ATM Withdrawal,0.00,174.33,"4,824.67"
ID13513,05-Feb-2026,Interest,33.69,0.00,"86,684.44"
ID13513,15-Jan-2026,Payment,0.00,"1,330.98","80,112.34"
ID13513,03-Feb-2026,Charge,0.00,974.63,"66,089.19"
ID13513,26-Feb-2026,Interest,111.55,0.00,"19,664.36"
ID13513,16-Mar-2026,Debit Card,0.00,856.89,"45,049.12"
ID13513,01-Apr-2026,Charge,0.00,205.91,"74,608.62"
ID13513,03-Feb-2026,Payment,0.00,848.30,"27,088.54"
ID13513,31-Mar-2026,Debit Card,0.00,384.01,"95,680.39"
ID13513,26-Mar-2026,Reversal,587.99,0.00,"84,430.49"
ID13514,19-Mar-2026,ATM Withdrawal,0.00,644.56,"67,035.69"
ID13514,30-Mar-2026,Transfer,383.15,0.00,"8,325.35"
ID13514,25-Feb-2026,Direct Deposit,"3,664.50",0.00,"24,600.48"
ID13514,16-Feb-2026,Transfer,0.00,"1,389.13","17,927.27"
ID13514,04-Mar-2026,Direct Deposit,"2,419.71",0.00,"32,374.25"
ID13514,31-Jan-2026,Interest,211.39,0.00,"73,796.25"
ID13514,16-Jan-2026,Payment,106.79,0.00,"92,422.64"
ID13514,25-Feb-2026,Payment,"1,618.96",0.00,"75,842.67"
ID13514,18-Jan-2026,Charge,0.00,87.80,"27,307.39"
ID13514,24-Jan-2026,Interest,109.74,0.00,"36,824.17"
ID13514,22-Feb-2026,Payment,0.00,858.01,"89,709.56"
ID13514,28-Feb-2026,Interest,180.03,0.00,"94,533.55"
ID13514,06-Jan-2026,Debit Card,0.00,160.49,"77,645.85"
ID13514,19-Jan-2026,Interest,443.82,0.00,"63,545.47"
ID13514,30-Mar-2026,Debit Card,0.00,366.16,"79,709.90"
ID13514,30-Mar-2026,Interest,75.31,0.00,"27,828.11"
ID13514,30-Jan-2026,Direct Deposit,"2,349.78",0.00,"3,093.32"
ID13514,18-Feb-2026,Charge,0.00,700.64,"71,550.43"
ID13514,28-Feb-2026,Payment,0.00,764.49,"51,359.02"
ID13514,22-Mar-2026,Reversal,390.67,0.00,"10,083.31"
ID13515,15-Jan-2026,Reversal,0.00,978.10,"18,199.22"
ID13515,15-Feb-2026,Transfer,0.00,528.15,"55,889.87"
ID13515,17-Feb-2026,Charge,0.00,33.25,"34,173.29"
ID13515,13-Jan-2026,Reversal,0.00,577.72,"92,038.49"
ID13515,26-Mar-2026,Charge,0.00,272.81,"4,660.49"
ID13515,16-Feb-2026,Charge,0.00,792.85,"36,781.76"
ID13515,21-Jan-2026,Reversal,0.00,332.55,"13,280.57"
ID13515,24-Feb-2026,Charge,0.00,574.40,"52,794.64"
ID13515,21-Jan-2026,Debit Card,0.00,922.17,"34,149.87"
ID13515,22-Mar-2026,Direct Deposit,"4,098.26",0.00,"96,709.87"
ID13515,19-Feb-2026,Reversal,388.21,0.00,"3,882.59"
ID13515,30-Mar-2026,Payment,"1,657.45",0.00,"9,486.13"
ID13515,18-Mar-2026,ATM Withdrawal,0.00,226.06,"5,985.26"
ID13515,31-Jan-2026,ATM Withdrawal,0.00,614.84,"28,041.19"
ID13515,05-Feb-2026,ATM Withdrawal,0.00,485.21,"53,851.84"
ID13515,02-Apr-2026,Transfer,0.00,"1,477.45","58,285.78"
ID13515,29-Mar-2026,Charge,0.00,216.25,"81,725.39"
ID13515,04-Jan-2026,Transfer,590.07,0.00,"7,568.27"
ID13515,20-Feb-2026,Transfer,0.00,"1,050.93","86,199.47"
ID13515,28-Jan-2026,Charge,0.00,53.19,"75,623.49"
ID13516,20-Mar-2026,Charge,0.00,712.00,"81,793.83"
ID13516,27-Feb-2026,Direct Deposit,"2,244.85",0.00,"57,744.60"
ID13516,06-Jan-2026,Transfer,0.00,"1,050.82","51,843.99"
ID13516,03-Jan-2026,Interest,184.04,0.00,"30,618.59"
ID13516,06-Jan-2026,Payment,"1,808.29",0.00,"3,332.08"
ID13516,24-Mar-2026,Reversal,138.76,0.00,"43,772.47"
ID13516,08-Feb-2026,ATM Withdrawal,0.00,558.27,"95,554.18"
ID13516,11-Mar-2026,Reversal,0.00,"1,493.97","1,527.96"
ID13516,14-Mar-2026,Interest,309.57,0.00,"63,437.19"
ID13516,10-Jan-2026,ATM Withdrawal,0.00,849.80,"25,495.72"
ID13516,09-Feb-2026,Interest,257.83,0.00,"81,031.19"
ID13516,16-Mar-2026,Interest,326.54,0.00,"52,463.33"
ID13516,26-Feb-2026,ATM Withdrawal,0.00,581.18,"97,677.65"
ID13516,07-Mar-2026,Interest,89.72,0.00,"30,959.48"
ID13516,13-Mar-2026,Interest,25.13,0.00,"1,856.74"
ID13516,10-Mar-2026,Interest,428.28,0.00,"13,329.55"
ID13516,18-Feb-2026,Debit Card,0.00,549.37,"51,171.62"
ID13516,19-Feb-2026,Reversal,0.00,606.47,"68,392.61"
ID13516,28-Feb-2026,Charge,0.00,892.91,"73,766.47"
ID13516,06-Feb-2026,ATM Withdrawal,0.00,577.15,"78,870.30"
ID13517,09-Mar-2026,ATM Withdrawal,0.00,45.44,"15,347.69"
ID13517,13-Mar-2026,Charge,0.00,312.24,"26,434.84"
ID13517,01-Feb-2026,Direct Deposit,656.06,0.00,"94,431.03"
ID13517,25-Jan-2026,Payment,"1,069.69",0.00,"4,275.75"
ID13517,26-Jan-2026,ATM Withdrawal,0.00,115.71,"76,558.02"
ID13517,12-Mar-2026,ATM Withdrawal,0.00,929.45,"39,593.13"
ID13517,25-Jan-2026,ATM Withdrawal,0.00,421.93,"11,397.16"
ID13517,25-Feb-2026,Transfer,0.00,552.51,"88,905.27"
ID13517,13-Feb-2026,Debit Card,0.00,443.09,"5,781.71"
ID13517,09-Jan-2026,Charge,0.00,372.08,"33,304.41"
ID13517,22-Mar-2026,Reversal,0.00,945.42,"3,091.06"
ID13517,13-Feb-2026,Direct Deposit,"2,011.68",0.00,"67,683.90"
ID13517,01-Mar-2026,Charge,0.00,483.80,"2,109.90"
ID13517,03-Apr-2026,Payment,"1,609.95",0.00,"87,624.59"
ID13517,23-Mar-2026,Direct Deposit,"2,823.37",0.00,"56,980.76"
ID13517,28-Jan-2026,Direct Deposit,"3,141.85",0.00,"61,333.98"
ID13517,28-Feb-2026,Interest,187.67,0.00,"43,203.37"
ID13517,02-Feb-2026,Charge,0.00,363.68,"83,037.48"
ID13517,27-Jan-2026,ATM Withdrawal,0.00,996.69,"91,840.84"
ID13517,15-Jan-2026,Transfer,0.00,213.84,"53,570.02"
ID13518,31-Jan-2026,Debit Card,0.00,56.76,"65,366.85"
ID13518,03-Mar-2026,ATM Withdrawal,0.00,488.29,"96,797.13"
ID13518,27-Jan-2026,Direct Deposit,"1,713.37",0.00,"58,047.40"
ID13518,27-Feb-2026,Debit Card,0.00,340.41,"46,668.44"
ID13518,28-Feb-2026,Direct Deposit,"4,005.42",0.00,"86,821.17"
ID13518,03-Mar-2026,Payment,0.00,286.80,"71,274.37"
ID13518,03-Mar-2026,Payment,731.59,0.00,"43,513.93"
ID13518,27-Jan-2026,ATM Withdrawal,0.00,923.97,"74,293.71"
ID13518,24-Jan-2026,Direct Deposit,"4,482.85",0.00,"54,800.34"
ID13518,01-Mar-2026,Interest,195.06,0.00,"71,590.04"
ID13518,07-Jan-2026,Reversal,"1,490.87",0.00,"77,736.75"
ID13518,08-Mar-2026,Transfer,642.97,0.00,"12,561.24"
ID13518,29-Mar-2026,Interest,39.79,0.00,"62,962.87"
ID13518,31-Jan-2026,Direct Deposit,"3,451.95",0.00,"79,678.65"
ID13518,11-Feb-2026,Reversal,"1,848.65",0.00,"35,232.92"
ID13518,11-Jan-2026,Charge,0.00,884.09,"96,073.82"
ID13518,28-Jan-2026,Transfer,0.00,73.83,"69,617.94"
ID13518,25-Mar-2026,Debit Card,0.00,690.74,"43,248.41"
ID13518,12-Jan-2026,Reversal,"1,955.93",0.00,"55,758.98"
ID13518,05-Mar-2026,Transfer,0.00,715.13,"15,025.93"
ID13519,08-Mar-2026,Payment,522.88,0.00,"43,088.82"
ID13519,15-Feb-2026,Interest,492.21,0.00,"18,000.82"
ID13519,13-Mar-2026,Payment,523.01,0.00,"21,574.13"
ID13519,04-Feb-2026,Interest,368.22,0.00,"58,014.54"
ID13519,12-Feb-2026,Charge,0.00,682.77,"88,430.14"
ID13519,29-Mar-2026,Payment,0.00,523.12,"58,153.31"
ID13519,28-Mar-2026,Direct Deposit,"1,836.57",0.00,"3,877.59"
ID13519,24-Jan-2026,Transfer,"1,675.05",0.00,"91,243.59"
ID13519,25-Mar-2026,Direct Deposit,"2,010.71",0.00,"4,334.32"
ID13519,12-Mar-2026,Direct Deposit,"4,831.00",0.00,"68,177.00"
ID13519,22-Feb-2026,Charge,0.00,663.95,"10,288.29"
ID13519,07-Jan-2026,ATM Withdrawal,0.00,207.59,"45,336.80"
ID13519,09-Jan-2026,Direct Deposit,"1,357.05",0.00,"96,871.39"
ID13519,27-Jan-2026,Reversal,593.16,0.00,"36,743.49"
ID13519,20-Jan-2026,Reversal,190.56,0.00,"30,381.62"
ID13519,07-Feb-2026,Charge,0.00,603.57,"78,405.22"
ID13519,27-Jan-2026,Transfer,618.56,0.00,"40,749.51"
ID13519,17-Jan-2026,Interest,467.40,0.00,"36,016.29"
ID13519,31-Jan-2026,Charge,0.00,257.99,"28,127.23"
ID13519,18-Mar-2026,Charge,0.00,929.86,"48,889.89"
ID13520,12-Jan-2026,Charge,0.00,304.27,"52,937.51"
ID13520,03-Apr-2026,Transfer,0.00,511.77,"52,291.27"
ID13520,19-Mar-2026,ATM Withdrawal,0.00,427.47,"80,392.79"
ID13520,02-Apr-2026,Payment,0.00,198.51,"62,007.06"
ID13520,22-Feb-2026,Charge,0.00,26.55,"40,404.50"
ID13520,12-Jan-2026,Direct Deposit,"3,650.68",0.00,"54,712.57"
ID13520,02-Apr-2026,Interest,180.07,0.00,"8,346.15"
ID13520,02-Mar-2026,Debit Card,0.00,972.26,"22,068.89"
ID13520,16-Jan-2026,Transfer,0.00,"1,074.45","25,104.52"
ID13520,09-Feb-2026,Payment,0.00,292.26,"49,743.40"
ID13520,12-Feb-2026,Charge,0.00,720.10,"97,255.02"
ID13520,14-Jan-2026,Debit Card,0.00,804.98,"99,816.25"
ID13520,24-Jan-2026,Debit Card,0.00,329.31,"23,152.54"
ID13520,03-Apr-2026,Payment,660.65,0.00,"71,732.47"
ID13520,15-Mar-2026,Reversal,0.00,"1,299.70","9,581.93"
ID13520,19-Mar-2026,Interest,498.78,0.00,"30,079.00"
ID13520,16-Mar-2026,Transfer,0.00,"1,175.27","78,615.99"
ID13520,29-Mar-2026,Interest,147.57,0.00,"7,518.21"
ID13520,28-Feb-2026,Transfer,"1,700.24",0.00,"78,789.58"
ID13520,31-Jan-2026,Direct Deposit,"2,332.50",0.00,"42,797.63"
ID13521,01-Feb-2026,Interest,105.40,0.00,"33,462.00"
ID13521,29-Jan-2026,Direct Deposit,"4,223.77",0.00,"20,791.09"
ID13521,17-Feb-2026,Interest,407.50,0.00,"67,232.97"
ID13521,19-Mar-2026,Reversal,"1,889.37",0.00,"39,146.97"
ID13521,26-Mar-2026,Interest,221.35,0.00,"35,994.95"
ID13521,23-Feb-2026,Charge,0.00,36.02,"15,111.95"
ID13521,13-Feb-2026,Debit Card,0.00,660.93,"32,518.95"
ID13521,11-Feb-2026,ATM Withdrawal,0.00,15.08,"61,759.36"
ID13521,12-Jan-2026,Transfer,860.25,0.00,"55,328.24"
ID13521,28-Feb-2026,Debit Card,0.00,195.18,"37,155.49"
ID13521,13-Feb-2026,Charge,0.00,274.26,"46,844.95"
ID13521,22-Mar-2026,Interest,198.78,0.00,"32,502.34"
ID13521,17-Feb-2026,Interest,16.01,0.00,"12,136.25"
ID13521,02-Apr-2026,Reversal,756.89,0.00,"96,621.12"
ID13521,05-Jan-2026,ATM Withdrawal,0.00,119.28,"66,138.95"
ID13521,07-Mar-2026,Reversal,0.00,"1,235.03","8,108.75"
ID13521,16-Feb-2026,Direct Deposit,"2,985.59",0.00,"57,374.68"
ID13521,26-Mar-2026,Debit Card,0.00,904.63,"43,195.14"
ID13521,01-Feb-2026,Reversal,0.00,179.96,"94,428.76"
ID13521,12-Jan-2026,Transfer,"1,570.32",0.00,"85,748.82"
ID13522,10-Jan-2026,Transfer,0.00,"1,091.50","34,394.30"
ID13522,01-Feb-2026,Payment,0.00,751.54,"89,078.37"
ID13522,20-Feb-2026,Debit Card,0.00,249.71,"34,915.73"
ID13522,02-Apr-2026,Direct Deposit,"2,923.09",0.00,"81,048.87"
ID13522,01-Apr-2026,Charge,0.00,855.17,"68,057.82"
ID13522,08-Jan-2026,Reversal,466.40,0.00,"57,847.31"
ID13522,01-Apr-2026,Interest,41.12,0.00,"69,900.61"
ID13522,24-Mar-2026,Debit Card,0.00,275.70,"45,191.16"
ID13522,28-Feb-2026,ATM Withdrawal,0.00,313.13,"67,762.45"
ID13522,12-Feb-2026,Debit Card,0.00,969.37,"91,387.00"
ID13522,02-Mar-2026,Interest,296.82,0.00,"44,383.98"
ID13522,17-Mar-2026,Charge,0.00,463.77,"25,934.97"
ID13522,30-Mar-2026,Direct Deposit,"2,238.08",0.00,"42,986.17"
ID13522,24-Feb-2026,Debit Card,0.00,733.38,"8,506.28"
ID13522,12-Feb-2026,Interest,64.06,0.00,"29,648.86"
ID13522,18-Feb-2026,Charge,0.00,249.65,"15,566.14"
ID13522,07-Jan-2026,Interest,316.78,0.00,"61,039.99"
ID13522,05-Jan-2026,Charge,0.00,342.63,"14,741.02"
ID13522,14-Feb-2026,Direct Deposit,"2,772.60",0.00,"16,245.10"
ID13522,06-Feb-2026,Charge,0.00,26.51,"47,463.12"
ID13523,18-Jan-2026,Transfer,0.00,"1,248.36","47,701.52"
ID13523,07-Mar-2026,ATM Withdrawal,0.00,674.22,"12,668.92"
ID13523,16-Jan-2026,ATM Withdrawal,0.00,466.32,"70,017.19"
ID13523,11-Feb-2026,Transfer,"1,574.63",0.00,"48,628.05"
ID13523,03-Jan-2026,Transfer,"1,607.94",0.00,"92,859.04"
ID13523,26-Jan-2026,Interest,155.62,0.00,"88,904.27"
ID13523,01-Feb-2026,ATM Withdrawal,0.00,990.79,"58,351.86"
ID13523,16-Mar-2026,Interest,405.07,0.00,"39,632.60"
ID13523,23-Mar-2026,Direct Deposit,"1,818.00",0.00,"56,070.41"
ID13523,02-Apr-2026,Payment,"1,733.07",0.00,"83,662.28"
ID13523,11-Jan-2026,ATM Withdrawal,0.00,919.70,"49,728.33"
ID13523,26-Mar-2026,Reversal,"1,165.96",0.00,"47,709.22"
ID13523,06-Jan-2026,Transfer,809.47,0.00,"32,524.38"
ID13523,08-Jan-2026,Reversal,"1,563.97",0.00,"25,689.38"
ID13523,05-Mar-2026,ATM Withdrawal,0.00,425.05,"87,211.69"
ID13523,18-Jan-2026,Direct Deposit,"1,652.99",0.00,"67,982.32"
ID13523,29-Jan-2026,Payment,"1,030.40",0.00,"20,459.70"
ID13523,28-Feb-2026,Payment,0.00,456.80,"75,725.14"
ID13523,25-Jan-2026,Debit Card,0.00,382.07,"58,429.47"
ID13523,26-Feb-2026,Interest,104.86,0.00,"86,498.61"
ID13524,05-Mar-2026,Debit Card,0.00,530.48,"34,536.44"
ID13524,18-Feb-2026,Debit Card,0.00,120.32,"54,179.91"
ID13524,03-Feb-2026,ATM Withdrawal,0.00,185.66,"89,948.57"
ID13524,07-Mar-2026,Debit Card,0.00,530.71,"19,031.45"
ID13524,18-Mar-2026,Interest,183.56,0.00,"25,562.92"
ID13524,05-Feb-2026,Direct Deposit,"1,826.14",0.00,"35,197.84"
ID13524,22-Jan-2026,Reversal,0.00,519.94,"76,386.63"
ID13524,06-Mar-2026,Transfer,0.00,"1,100.47","55,540.31"
ID13524,14-Mar-2026,Payment,847.04,0.00,"42,433.43"
ID13524,12-Jan-2026,Payment,980.71,0.00,"33,789.96"
ID13524,04-Mar-2026,Direct Deposit,"4,298.34",0.00,"44,498.95"
ID13524,24-Mar-2026,Transfer,"1,536.91",0.00,"29,826.44"
ID13524,11-Feb-2026,Reversal,758.25,0.00,"95,627.32"
ID13524,06-Mar-2026,Reversal,0.00,785.41,"98,793.83"
ID13524,03-Apr-2026,ATM Withdrawal,0.00,965.55,"47,309.13"
ID13524,05-Feb-2026,Charge,0.00,319.06,"69,930.43"
ID13524,20-Mar-2026,Interest,269.13,0.00,"51,028.62"
ID13524,31-Jan-2026,Interest,138.65,0.00,"79,220.49"
ID13524,06-Feb-2026,Direct Deposit,"1,340.68",0.00,"34,931.56"
ID13524,29-Mar-2026,ATM Withdrawal,0.00,396.74,"47,860.52"
ID13525,14-Mar-2026,Direct Deposit,"3,581.70",0.00,"6,827.14"
ID13525,03-Apr-2026,Reversal,0.00,440.30,"41,096.83"
ID13525,18-Feb-2026,Payment,0.00,588.26,"11,190.75"
ID13525,25-Feb-2026,Payment,811.97,0.00,"33,501.91"
ID13525,11-Jan-2026,ATM Withdrawal,0.00,624.67,"2,105.28"
ID13525,01-Feb-2026,ATM Withdrawal,0.00,561.02,"38,780.31"
ID13525,21-Jan-2026,Charge,0.00,963.98,"3,907.41"
ID13525,05-Mar-2026,Reversal,"1,685.98",0.00,"2,692.11"
ID13525,05-Feb-2026,Interest,493.40,0.00,"41,489.20"
ID13525,03-Mar-2026,Debit Card,0.00,476.97,"30,573.36"
ID13525,16-Feb-2026,Debit Card,0.00,745.02,"1,190.64"
ID13525,23-Jan-2026,Debit Card,0.00,669.35,"53,469.00"
ID13525,22-Mar-2026,Debit Card,0.00,820.02,"62,059.00"
ID13525,04-Jan-2026,Direct Deposit,"3,868.09",0.00,"41,578.83"
ID13525,21-Mar-2026,ATM Withdrawal,0.00,419.25,"60,986.47"
ID13525,11-Jan-2026,Payment,509.39,0.00,"93,241.01"
ID13525,08-Mar-2026,Payment,524.19,0.00,"5,350.25"
ID13525,08-Jan-2026,Payment,"1,380.89",0.00,"90,288.15"
ID13525,31-Mar-2026,ATM Withdrawal,0.00,65.58,"18,803.55"
ID13525,12-Feb-2026,Interest,332.74,0.00,"82,911.41"
ID13526,27-Feb-2026,Direct Deposit,"2,716.72",0.00,"50,669.75"
ID13526,23-Feb-2026,Debit Card,0.00,232.39,"15,051.17"
ID13526,02-Apr-2026,Interest,483.26,0.00,"97,919.74"
ID13526,08-Feb-2026,Direct Deposit,"2,628.50",0.00,"99,434.13"
ID13526,23-Mar-2026,Transfer,599.48,0.00,"97,846.85"
ID13526,10-Feb-2026,Payment,768.46,0.00,"95,608.52"
ID13526,19-Feb-2026,Payment,476.52,0.00,"89,810.38"
ID13526,15-Feb-2026,Direct Deposit,"4,425.78",0.00,"28,649.18"
ID13526,08-Mar-2026,Transfer,"1,515.56",0.00,"23,501.11"
ID13526,26-Mar-2026,ATM Withdrawal,0.00,57.88,"29,465.38"
ID13526,14-Mar-2026,Reversal,184.72,0.00,"84,912.44"
ID13526,07-Feb-2026,Debit Card,0.00,485.29,"80,471.24"
ID13526,24-Mar-2026,Charge,0.00,121.64,"36,839.57"
ID13526,10-Feb-2026,Debit Card,0.00,213.27,"17,132.10"
ID13526,05-Jan-2026,Transfer,310.43,0.00,"55,407.33"
ID13526,04-Feb-2026,Payment,"1,083.95",0.00,"70,625.62"
ID13526,21-Jan-2026,Payment,"1,199.12",0.00,"29,024.50"
ID13526,03-Mar-2026,Reversal,0.00,"1,058.23","7,208.55"
ID13526,24-Mar-2026,Payment,"1,434.02",0.00,"64,235.30"
ID13526,28-Mar-2026,Transfer,126.36,0.00,"4,939.76"
ID13527,30-Mar-2026,Transfer,307.43,0.00,"54,856.03"
ID13527,20-Mar-2026,Charge,0.00,64.70,"58,946.17"
ID13527,07-Jan-2026,Reversal,0.00,259.74,"92,192.84"
ID13527,05-Feb-2026,ATM Withdrawal,0.00,999.69,"57,551.05"
ID13527,28-Mar-2026,Charge,0.00,131.06,"62,699.97"
ID13527,10-Mar-2026,Interest,107.90,0.00,"58,040.19"
ID13527,10-Jan-2026,ATM Withdrawal,0.00,552.05,"7,804.26"
ID13527,07-Mar-2026,Charge,0.00,674.81,"58,661.55"
ID13527,10-Mar-2026,Charge,0.00,115.67,"11,143.92"
ID13527,05-Jan-2026,ATM Withdrawal,0.00,759.23,"33,690.23"
ID13527,18-Jan-2026,Direct Deposit,"1,797.84",0.00,"71,897.36"
ID13527,04-Feb-2026,Reversal,503.74,0.00,"38,771.98"
ID13527,27-Jan-2026,Reversal,"1,251.41",0.00,"22,621.49"
ID13527,26-Feb-2026,Reversal,769.18,0.00,"73,746.76"
ID13527,22-Feb-2026,ATM Withdrawal,0.00,289.38,"61,777.49"
ID13527,17-Jan-2026,Transfer,0.00,708.29,"41,732.93"
ID13527,14-Feb-2026,Reversal,0.00,"1,159.31","60,545.81"
ID13527,23-Mar-2026,Charge,0.00,702.01,"77,709.71"
ID13527,26-Jan-2026,Charge,0.00,342.06,"85,935.83"
ID13527,25-Mar-2026,Payment,0.00,"1,161.72","52,938.10"
ID13528,05-Feb-2026,Debit Card,0.00,617.85,"56,421.39"
ID13528,04-Feb-2026,ATM Withdrawal,0.00,113.26,"89,822.42"
ID13528,05-Jan-2026,Debit Card,0.00,912.99,"82,743.54"
ID13528,06-Feb-2026,Charge,0.00,991.49,"6,932.84"
ID13528,02-Mar-2026,Transfer,0.00,170.00,"55,380.46"
ID13528,01-Feb-2026,Direct Deposit,"4,252.43",0.00,"50,971.81"
ID13528,20-Jan-2026,Transfer,"1,875.04",0.00,"20,102.75"
ID13528,06-Jan-2026,Payment,"1,636.64",0.00,"52,420.84"
ID13528,14-Mar-2026,Charge,0.00,718.66,"14,589.77"
ID13528,21-Feb-2026,Charge,0.00,820.72,"2,498.52"
ID13528,07-Jan-2026,Direct Deposit,561.88,0.00,"82,115.17"
ID13528,15-Jan-2026,ATM Withdrawal,0.00,876.54,"97,581.34"
ID13528,16-Mar-2026,Direct Deposit,802.88,0.00,"12,400.49"
ID13528,25-Jan-2026,Charge,0.00,271.76,"49,078.37"
ID13528,28-Jan-2026,Payment,0.00,"1,411.72","19,771.10"
ID13528,11-Mar-2026,ATM Withdrawal,0.00,179.93,"35,949.51"
ID13528,09-Mar-2026,Direct Deposit,"4,739.82",0.00,"22,355.12"
ID13528,23-Mar-2026,Payment,"1,233.97",0.00,"87,270.45"
ID13528,14-Jan-2026,Payment,0.00,745.81,"30,376.23"
ID13528,21-Jan-2026,Direct Deposit,"4,252.35",0.00,"11,454.56"
ID13529,13-Mar-2026,Interest,217.95,0.00,"48,527.66"
ID13529,25-Feb-2026,ATM Withdrawal,0.00,905.39,"88,173.87"
ID13529,07-Mar-2026,ATM Withdrawal,0.00,62.66,"74,187.03"
ID13529,30-Jan-2026,Transfer,0.00,350.94,"55,592.60"
ID13529,31-Mar-2026,Direct Deposit,751.88,0.00,"51,497.17"
ID13529,05-Feb-2026,Transfer,0.00,728.43,"68,176.88"
ID13529,15-Mar-2026,Transfer,0.00,981.31,"72,824.24"
ID13529,12-Jan-2026,Reversal,"1,641.64",0.00,"80,397.51"
ID13529,20-Jan-2026,Interest,301.15,0.00,"68,818.78"
ID13529,25-Jan-2026,Direct Deposit,"4,381.96",0.00,"30,541.02"
ID13529,24-Jan-2026,Interest,483.96,0.00,"96,875.72"
ID13529,26-Jan-2026,ATM Withdrawal,0.00,275.53,"89,600.79"
ID13529,17-Jan-2026,Charge,0.00,517.48,"48,048.45"
ID13529,27-Jan-2026,Transfer,"1,959.80",0.00,"17,617.62"
ID13529,28-Jan-2026,Charge,0.00,587.17,"53,754.17"
ID13529,01-Feb-2026,Reversal,0.00,386.44,"80,350.37"
ID13529,01-Apr-2026,Payment,"1,180.63",0.00,"77,149.76"
ID13529,26-Feb-2026,ATM Withdrawal,0.00,897.95,"98,485.83"
ID13529,05-Mar-2026,Debit Card,0.00,132.34,"50,499.82"
ID13529,31-Jan-2026,Charge,0.00,645.39,"3,106.24"
ID13530,27-Mar-2026,Reversal,0.00,755.79,"6,498.68"
ID13530,15-Jan-2026,Debit Card,0.00,338.16,"65,709.44"
ID13530,27-Feb-2026,Reversal,0.00,"1,410.16","27,520.43"
ID13530,05-Feb-2026,Payment,0.00,509.94,"24,808.10"
ID13530,25-Jan-2026,Debit Card,0.00,867.70,"65,511.82"
ID13530,04-Jan-2026,ATM Withdrawal,0.00,730.69,"76,215.74"
ID13530,06-Feb-2026,Direct Deposit,"2,347.60",0.00,"6,704.27"
ID13530,31-Jan-2026,Transfer,0.00,658.59,"1,548.05"
ID13530,26-Jan-2026,Direct Deposit,"3,650.87",0.00,"83,928.79"
ID13530,30-Mar-2026,Direct Deposit,"3,988.34",0.00,"36,134.70"
ID13530,30-Jan-2026,Payment,0.00,"1,068.16","52,305.18"
ID13530,02-Apr-2026,ATM Withdrawal,0.00,702.01,"33,326.55"
ID13530,10-Jan-2026,Charge,0.00,48.07,"57,380.76"
ID13530,28-Feb-2026,ATM Withdrawal,0.00,652.21,"76,684.47"
ID13530,26-Feb-2026,Direct Deposit,"4,815.20",0.00,"16,985.73"
ID13530,06-Mar-2026,Interest,80.45,0.00,"49,227.73"
ID13530,23-Feb-2026,ATM Withdrawal,0.00,91.27,"27,161.37"
ID13530,28-Feb-2026,Debit Card,0.00,596.86,"39,510.78"
ID13530,23-Mar-2026,ATM Withdrawal,0.00,460.71,"28,523.45"
ID13530,26-Jan-2026,Transfer,"1,342.54",0.00,"15,340.02"
ID13531,30-Mar-2026,ATM Withdrawal,0.00,295.26,"15,293.42"
ID13531,16-Mar-2026,Direct Deposit,"1,176.44",0.00,"86,034.98"
ID13531,31-Mar-2026,Charge,0.00,219.37,"41,485.82"
ID13531,05-Mar-2026,Transfer,"1,612.42",0.00,"97,399.56"
ID13531,16-Jan-2026,Charge,0.00,72.26,"83,949.02"
ID13531,20-Feb-2026,Reversal,0.00,"1,053.31","36,643.95"
ID13531,25-Feb-2026,ATM Withdrawal,0.00,943.13,"11,685.16"
ID13531,24-Feb-2026,Debit Card,0.00,650.42,"82,835.21"
ID13531,07-Feb-2026,Interest,175.78,0.00,"9,882.50"
ID13531,12-Feb-2026,Debit Card,0.00,630.53,"84,782.15"
ID13531,01-Apr-2026,Debit Card,0.00,693.28,"45,600.12"
ID13531,12-Mar-2026,Direct Deposit,"2,518.61",0.00,"32,896.97"
ID13531,02-Mar-2026,Debit Card,0.00,100.71,"26,143.81"
ID13531,03-Feb-2026,Direct Deposit,"2,978.75",0.00,"51,620.85"
ID13531,15-Feb-2026,ATM Withdrawal,0.00,161.06,"47,438.55"
ID13531,16-Feb-2026,Transfer,"1,518.33",0.00,"75,197.93"
ID13531,01-Mar-2026,ATM Withdrawal,0.00,775.68,"59,558.44"
ID13531,28-Feb-2026,Interest,482.63,0.00,"44,474.36"
ID13531,09-Feb-2026,Charge,0.00,629.48,"31,530.03"
ID13531,23-Feb-2026,Transfer,0.00,"1,262.85","28,504.17"
ID13532,15-Feb-2026,Charge,0.00,633.45,"67,374.63"
ID13532,22-Mar-2026,Interest,204.57,0.00,"3,165.49"
ID13532,10-Jan-2026,Transfer,0.00,477.69,"19,815.83"
ID13532,24-Jan-2026,Debit Card,0.00,175.69,"25,854.82"
ID13532,13-Jan-2026,ATM Withdrawal,0.00,654.24,"18,329.50"
ID13532,14-Feb-2026,Transfer,581.53,0.00,"14,533.68"
ID13532,22-Feb-2026,Debit Card,0.00,632.23,"69,536.37"
ID13532,07-Jan-2026,ATM Withdrawal,0.00,891.49,"45,781.02"
ID13532,09-Jan-2026,Direct Deposit,"1,253.05",0.00,"7,444.02"
ID13532,23-Feb-2026,Reversal,913.39,0.00,"36,311.56"
ID13532,17-Mar-2026,ATM Withdrawal,0.00,145.13,"5,607.22"
ID13532,21-Jan-2026,ATM Withdrawal,0.00,224.77,"13,390.33"
ID13532,21-Jan-2026,Interest,46.30,0.00,"54,779.23"
ID13532,04-Feb-2026,ATM Withdrawal,0.00,777.36,"4,297.25"
ID13532,13-Feb-2026,Debit Card,0.00,579.51,"25,838.66"
ID13532,24-Mar-2026,Payment,0.00,60.10,"93,733.80"
ID13532,23-Feb-2026,Interest,44.15,0.00,"35,758.68"
ID13532,05-Jan-2026,ATM Withdrawal,0.00,520.54,"98,999.97"
ID13532,28-Feb-2026,Charge,0.00,119.36,"13,310.93"
ID13532,01-Mar-2026,Transfer,0.00,397.78,"99,603.04"
ID13533,29-Mar-2026,Payment,0.00,578.27,"85,830.34"
ID13533,10-Mar-2026,Transfer,0.00,227.03,"57,961.12"
ID13533,15-Mar-2026,Debit Card,0.00,872.43,"25,765.05"
ID13533,12-Feb-2026,Direct Deposit,"4,491.05",0.00,"33,551.25"
ID13533,27-Mar-2026,Reversal,126.89,0.00,"55,746.29"
ID13533,22-Jan-2026,Reversal,0.00,798.32,"15,266.83"
ID13533,11-Feb-2026,Direct Deposit,"2,368.92",0.00,"80,914.19"
ID13533,27-Feb-2026,Reversal,0.00,732.90,"1,861.63"
ID13533,15-Jan-2026,Reversal,664.90,0.00,"75,255.15"
ID13533,25-Jan-2026,Payment,0.00,857.67,"71,244.26"
ID13533,17-Jan-2026,Direct Deposit,"3,600.03",0.00,"62,855.31"
ID13533,06-Mar-2026,ATM Withdrawal,0.00,489.83,"39,050.25"
ID13533,01-Mar-2026,Reversal,342.07,0.00,"52,726.60"
ID13533,07-Feb-2026,Reversal,0.00,85.56,"90,604.08"
ID13533,23-Feb-2026,Interest,454.24,0.00,"74,291.92"
ID13533,07-Mar-2026,ATM Withdrawal,0.00,365.17,"70,759.51"
ID13533,27-Feb-2026,Transfer,0.00,"1,286.07","32,951.31"
ID13533,12-Feb-2026,Reversal,737.05,0.00,"40,743.50"
ID13533,12-Feb-2026,Reversal,948.01,0.00,"34,786.07"
ID13533,10-Mar-2026,Charge,0.00,951.66,"90,805.51"
ID13534,09-Feb-2026,Transfer,0.00,"1,055.13","66,398.30"
ID13534,16-Jan-2026,Charge,0.00,173.33,"41,737.25"
ID13534,22-Jan-2026,Interest,96.99,0.00,"70,977.22"
ID13534,06-Feb-2026,Charge,0.00,646.78,"5,668.56"
ID13534,01-Apr-2026,Reversal,0.00,463.66,"61,180.65"
ID13534,22-Mar-2026,Reversal,"1,699.39",0.00,"7,140.96"
ID13534,14-Mar-2026,Direct Deposit,"3,493.55",0.00,"42,998.31"
ID13534,30-Jan-2026,Reversal,0.00,540.90,"65,454.42"
ID13534,16-Jan-2026,Charge,0.00,617.82,"64,766.65"
ID13534,11-Mar-2026,Direct Deposit,"2,104.78",0.00,"80,159.28"
ID13534,20-Mar-2026,Charge,0.00,660.71,"1,362.12"
ID13534,21-Jan-2026,Transfer,0.00,957.11,"40,323.69"
ID13534,12-Mar-2026,ATM Withdrawal,0.00,256.31,"96,874.80"
ID13534,16-Mar-2026,Direct Deposit,"4,229.18",0.00,"82,137.32"
ID13534,19-Jan-2026,Transfer,0.00,138.01,"74,250.49"
ID13534,21-Feb-2026,Direct Deposit,776.31,0.00,"87,599.84"
ID13534,12-Jan-2026,Charge,0.00,755.43,"71,680.61"
ID13534,13-Feb-2026,Direct Deposit,"2,147.25",0.00,"33,506.05"
ID13534,03-Apr-2026,Charge,0.00,826.31,"57,362.22"
ID13534,18-Feb-2026,Reversal,0.00,"1,259.43","29,808.50"
ID13535,27-Feb-2026,Direct Deposit,817.95,0.00,"46,900.46"
ID13535,26-Feb-2026,Debit Card,0.00,921.81,"64,405.62"
ID13535,07-Feb-2026,Debit Card,0.00,849.76,"8,797.29"
ID13535,03-Jan-2026,Reversal,0.00,"1,363.48","29,814.74"
ID13535,18-Mar-2026,Debit Card,0.00,214.79,"29,587.81"
ID13535,04-Mar-2026,Direct Deposit,"1,026.29",0.00,"95,886.68"
ID13535,25-Feb-2026,Direct Deposit,"4,196.49",0.00,"13,941.24"
ID13535,26-Jan-2026,Interest,384.78,0.00,"10,095.00"
ID13535,26-Jan-2026,Transfer,0.00,653.85,"99,641.16"
ID13535,25-Jan-2026,Interest,216.46,0.00,"15,966.76"
ID13535,30-Jan-2026,Debit Card,0.00,63.39,"63,039.91"
ID13535,18-Mar-2026,ATM Withdrawal,0.00,211.82,"99,042.20"
ID13535,05-Mar-2026,Charge,0.00,835.73,"94,622.77"
ID13535,23-Feb-2026,Interest,315.59,0.00,"7,539.19"
ID13535,07-Feb-2026,Reversal,"1,379.91",0.00,"94,714.13"
ID13535,17-Jan-2026,Transfer,0.00,"1,148.97","84,844.15"
ID13535,14-Feb-2026,Transfer,0.00,887.75,"9,882.10"
ID13535,10-Jan-2026,Payment,0.00,564.62,"67,616.97"
ID13535,09-Mar-2026,Interest,393.51,0.00,"32,662.95"
ID13535,17-Mar-2026,Payment,0.00,"1,271.91","40,360.74"
ID13536,09-Jan-2026,Transfer,0.00,"1,468.38","19,172.62"
ID13536,16-Feb-2026,Charge,0.00,799.75,"16,478.49"
ID13536,15-Mar-2026,Interest,434.28,0.00,"42,539.24"
ID13536,21-Mar-2026,Payment,"1,986.97",0.00,"90,755.39"
ID13536,25-Feb-2026,Transfer,"1,315.26",0.00,"12,448.23"
ID13536,20-Mar-2026,Transfer,"1,848.97",0.00,"83,221.50"
ID13536,21-Mar-2026,Interest,285.76,0.00,"78,088.51"
ID13536,11-Jan-2026,Reversal,285.37,0.00,"63,252.35"
ID13536,28-Feb-2026,Interest,23.41,0.00,"16,223.35"
ID13536,04-Jan-2026,Direct Deposit,"1,358.98",0.00,"15,673.27"
ID13536,15-Mar-2026,Transfer,0.00,"1,032.17","22,653.63"
ID13536,17-Mar-2026,Reversal,"1,548.80",0.00,"24,988.44"
ID13536,26-Feb-2026,Interest,462.86,0.00,"71,482.55"
ID13536,17-Jan-2026,Reversal,0.00,664.64,"37,640.82"
ID13536,14-Feb-2026,Debit Card,0.00,573.04,"99,428.61"
ID13536,16-Feb-2026,Direct Deposit,"1,467.91",0.00,"87,320.91"
ID13536,04-Mar-2026,Transfer,0.00,"1,216.05","79,857.10"
ID13536,30-Mar-2026,Payment,"1,310.24",0.00,"48,680.29"
ID13536,08-Feb-2026,Reversal,671.15,0.00,"84,505.83"
ID13536,22-Feb-2026,Transfer,696.70,0.00,"42,887.09"
ID13537,16-Feb-2026,Reversal,"1,373.22",0.00,"88,685.78"
ID13537,05-Jan-2026,Payment,265.58,0.00,"94,124.78"
ID13537,23-Jan-2026,Reversal,"1,021.56",0.00,"22,216.80"
ID13537,02-Feb-2026,Transfer,490.10,0.00,"44,713.14"
ID13537,28-Mar-2026,Payment,"1,592.39",0.00,"22,692.74"
ID13537,08-Mar-2026,Interest,147.76,0.00,"41,058.23"
ID13537,05-Jan-2026,Transfer,175.80,0.00,"59,200.11"
ID13537,29-Mar-2026,Interest,254.95,0.00,"85,444.52"
ID13537,19-Feb-2026,Direct Deposit,"2,097.62",0.00,"28,162.07"
ID13537,16-Jan-2026,Direct Deposit,"4,009.48",0.00,"74,914.24"
ID13537,30-Jan-2026,Payment,"1,666.45",0.00,"95,179.94"
ID13537,16-Jan-2026,Charge,0.00,341.82,"5,474.65"
ID13537,13-Feb-2026,ATM Withdrawal,0.00,724.99,"2,962.80"
ID13537,18-Mar-2026,Reversal,0.00,"1,466.15","33,792.94"
ID13537,23-Mar-2026,Reversal,0.00,"1,172.00","61,332.93"
ID13537,22-Jan-2026,Charge,0.00,514.03,"96,489.00"
ID13537,13-Mar-2026,ATM Withdrawal,0.00,630.81,"53,287.01"
ID13537,11-Mar-2026,Direct Deposit,"4,234.04",0.00,"61,219.12"
ID13537,12-Mar-2026,Reversal,0.00,634.40,"26,541.90"
ID13537,10-Mar-2026,ATM Withdrawal,0.00,666.81,"22,979.00"
ID13538,09-Mar-2026,Reversal,"1,596.74",0.00,"66,115.15"
ID13538,01-Feb-2026,Direct Deposit,943.90,0.00,"51,520.28"
ID13538,20-Feb-2026,Debit Card,0.00,494.46,"25,251.21"
ID13538,12-Jan-2026,Interest,77.63,0.00,"67,221.87"
ID13538,28-Jan-2026,Charge,0.00,253.70,"98,774.02"
ID13538,01-Feb-2026,ATM Withdrawal,0.00,898.44,"14,026.09"
ID13538,11-Jan-2026,Reversal,"1,816.20",0.00,"82,220.01"
ID13538,21-Mar-2026,ATM Withdrawal,0.00,523.97,"11,777.94"
ID13538,27-Jan-2026,Payment,0.00,824.81,"81,330.52"
ID13538,11-Jan-2026,ATM Withdrawal,0.00,670.83,"76,482.83"
ID13538,19-Feb-2026,Payment,815.76,0.00,"83,372.27"
ID13538,19-Feb-2026,Charge,0.00,44.26,"16,520.42"
ID13538,15-Jan-2026,Interest,435.72,0.00,"68,314.66"
ID13538,16-Jan-2026,Interest,466.84,0.00,"47,055.49"
ID13538,31-Mar-2026,Interest,105.01,0.00,"96,286.54"
ID13538,16-Jan-2026,Interest,259.64,0.00,"51,585.79"
ID13538,07-Jan-2026,Transfer,"1,026.49",0.00,"60,855.99"
ID13538,06-Feb-2026,Interest,133.22,0.00,"65,008.87"
ID13538,23-Feb-2026,Charge,0.00,702.06,"31,501.85"
ID13538,18-Mar-2026,ATM Withdrawal,0.00,799.09,"67,932.50"
ID13539,18-Feb-2026,Charge,0.00,388.15,"95,165.10"
ID13539,27-Feb-2026,Reversal,653.24,0.00,"68,806.02"
ID13539,25-Jan-2026,Payment,563.66,0.00,"97,633.16"
ID13539,14-Jan-2026,Payment,"1,291.79",0.00,"29,583.97"
ID13539,24-Feb-2026,ATM Withdrawal,0.00,200.41,"19,466.46"
ID13539,18-Feb-2026,Charge,0.00,551.00,"42,649.04"
ID13539,30-Mar-2026,ATM Withdrawal,0.00,222.15,"37,320.31"
ID13539,13-Feb-2026,Interest,154.30,0.00,"21,562.31"
ID13539,16-Feb-2026,Payment,0.00,"1,398.11","91,790.98"
ID13539,10-Jan-2026,Transfer,"1,196.02",0.00,"69,526.47"
ID13539,03-Mar-2026,Charge,0.00,590.53,"21,628.46"
ID13539,21-Feb-2026,Debit Card,0.00,389.23,"89,377.59"
ID13539,15-Mar-2026,Transfer,0.00,867.56,"32,471.13"
ID13539,23-Jan-2026,Interest,494.86,0.00,"88,221.20"
ID13539,23-Mar-2026,Interest,424.45,0.00,"28,487.74"
ID13539,05-Feb-2026,Interest,187.81,0.00,"67,516.54"
ID13539,24-Jan-2026,Payment,0.00,"1,460.21","31,014.66"
ID13539,03-Jan-2026,Direct Deposit,"3,145.58",0.00,"93,130.76"
ID13539,19-Feb-2026,Direct Deposit,"4,585.60",0.00,"37,858.10"
ID13539,11-Mar-2026,ATM Withdrawal,0.00,282.09,"26,614.86"
ID13540,07-Jan-2026,Debit Card,0.00,467.43,"52,727.79"
ID13540,01-Feb-2026,ATM Withdrawal,0.00,230.04,"32,376.08"
ID13540,27-Jan-2026,Reversal,260.98,0.00,"42,478.54"
ID13540,19-Jan-2026,Transfer,"1,936.23",0.00,"23,604.38"
ID13540,18-Feb-2026,Reversal,"1,597.93",0.00,"51,319.98"
ID13540,03-Mar-2026,ATM Withdrawal,0.00,866.89,"18,772.34"
ID13540,18-Jan-2026,Direct Deposit,"2,404.65",0.00,"44,370.95"
ID13540,08-Mar-2026,Debit Card,0.00,693.18,"95,649.92"
ID13540,03-Mar-2026,Transfer,624.59,0.00,"42,679.94"
ID13540,30-Mar-2026,Transfer,0.00,"1,075.30","87,005.69"
ID13540,24-Jan-2026,Reversal,470.48,0.00,"98,982.91"
ID13540,30-Jan-2026,Payment,0.00,"1,004.22","98,715.36"
ID13540,27-Jan-2026,Debit Card,0.00,499.26,"82,662.60"
ID13540,02-Mar-2026,Payment,"1,106.39",0.00,"12,413.13"
ID13540,09-Feb-2026,Reversal,0.00,795.74,"41,627.21"
ID13540,25-Jan-2026,Debit Card,0.00,677.83,"40,564.59"
ID13540,28-Feb-2026,Debit Card,0.00,681.06,"29,259.14"
ID13540,17-Feb-2026,Transfer,"1,779.15",0.00,"1,481.10"
ID13540,31-Mar-2026,Charge,0.00,297.23,"5,567.47"
ID13540,15-Mar-2026,ATM Withdrawal,0.00,138.92,"92,410.04"
ID13541,02-Feb-2026,Charge,0.00,747.23,"24,515.41"
ID13541,17-Mar-2026,ATM Withdrawal,0.00,403.40,"45,942.23"
ID13541,06-Jan-2026,Payment,0.00,"1,227.93","55,006.93"
ID13541,26-Jan-2026,Direct Deposit,"4,956.06",0.00,"10,048.72"
ID13541,01-Mar-2026,Charge,0.00,349.52,"46,030.04"
ID13541,15-Mar-2026,Payment,0.00,822.94,"62,007.92"
ID13541,27-Feb-2026,ATM Withdrawal,0.00,265.29,"11,557.24"
ID13541,19-Jan-2026,Interest,259.04,0.00,"90,817.03"
ID13541,30-Mar-2026,Debit Card,0.00,519.12,"14,497.52"
ID13541,04-Feb-2026,Direct Deposit,"2,468.75",0.00,"42,986.89"
ID13541,26-Jan-2026,Reversal,"1,371.75",0.00,"5,302.97"
ID13541,07-Jan-2026,ATM Withdrawal,0.00,195.51,"32,463.38"
ID13541,19-Jan-2026,Debit Card,0.00,124.91,"21,993.62"
ID13541,28-Jan-2026,Charge,0.00,51.14,"68,627.78"
ID13541,22-Jan-2026,Payment,0.00,808.80,"44,455.32"
ID13541,25-Mar-2026,Charge,0.00,244.07,"16,018.35"
ID13541,31-Mar-2026,Charge,0.00,837.39,"89,301.19"
ID13541,09-Jan-2026,Reversal,0.00,691.77,"27,580.25"
ID13541,26-Jan-2026,Direct Deposit,"3,367.65",0.00,"69,693.12"
ID13541,14-Feb-2026,Interest,467.29,0.00,"40,559.25"
ID13542,23-Jan-2026,Transfer,0.00,704.47,"32,934.77"
ID13542,29-Jan-2026,Transfer,0.00,756.30,"79,158.23"
ID13542,16-Feb-2026,ATM Withdrawal,0.00,777.96,"74,850.56"
ID13542,17-Jan-2026,Payment,0.00,680.00,"72,607.72"
ID13542,11-Feb-2026,Direct Deposit,"3,742.49",0.00,"6,923.60"
ID13542,13-Jan-2026,Charge,0.00,266.90,"33,890.36"
ID13542,31-Jan-2026,Direct Deposit,"1,809.21",0.00,"60,717.29"
ID13542,18-Feb-2026,Direct Deposit,"3,323.50",0.00,"2,239.50"
ID13542,14-Feb-2026,Payment,"1,617.60",0.00,"64,759.45"
ID13542,19-Mar-2026,Interest,453.64,0.00,"81,930.24"
ID13542,25-Feb-2026,Payment,0.00,"1,240.80","39,098.88"
ID13542,02-Feb-2026,Transfer,0.00,596.57,"98,701.39"
ID13542,11-Jan-2026,Debit Card,0.00,787.18,"95,508.27"
ID13542,27-Feb-2026,Charge,0.00,841.67,"66,387.01"
ID13542,23-Jan-2026,ATM Withdrawal,0.00,263.02,"20,206.62"
ID13542,13-Mar-2026,Payment,0.00,620.47,"64,125.52"
ID13542,14-Feb-2026,Direct Deposit,"2,009.48",0.00,"7,190.76"
ID13542,19-Feb-2026,Transfer,"1,012.89",0.00,"2,552.68"
ID13542,07-Jan-2026,Direct Deposit,"2,783.93",0.00,"84,324.61"
ID13542,18-Feb-2026,Direct Deposit,"2,131.11",0.00,"50,951.54"
ID13543,23-Feb-2026,Debit Card,0.00,498.10,"11,797.54"
ID13543,29-Mar-2026,Debit Card,0.00,399.77,"48,121.48"
ID13543,02-Mar-2026,Payment,904.36,0.00,"39,867.29"
ID13543,20-Mar-2026,Debit Card,0.00,556.19,"59,466.77"
ID13543,09-Jan-2026,Payment,0.00,374.16,"37,984.07"
ID13543,04-Feb-2026,Charge,0.00,222.81,"9,527.16"
ID13543,27-Mar-2026,Debit Card,0.00,931.73,"73,188.94"
ID13543,25-Jan-2026,Direct Deposit,"2,519.19",0.00,"20,833.00"
ID13543,19-Jan-2026,Reversal,"1,673.44",0.00,"19,315.83"
ID13543,28-Mar-2026,Direct Deposit,"1,240.67",0.00,"33,866.27"
ID13543,19-Feb-2026,Debit Card,0.00,409.34,"98,931.79"
ID13543,27-Jan-2026,Charge,0.00,317.59,"94,721.74"
ID13543,29-Jan-2026,Reversal,"1,489.56",0.00,"31,107.60"
ID13543,10-Mar-2026,ATM Withdrawal,0.00,410.83,"19,233.66"
ID13543,18-Jan-2026,Charge,0.00,29.68,"33,510.27"
ID13543,30-Jan-2026,Payment,0.00,855.93,"71,877.80"
ID13543,19-Jan-2026,Payment,0.00,649.90,"22,675.44"
ID13543,20-Feb-2026,Charge,0.00,147.98,"7,187.02"
ID13543,15-Feb-2026,ATM Withdrawal,0.00,523.11,"60,055.59"
ID13543,03-Mar-2026,Debit Card,0.00,195.75,"91,997.18"
ID13544,07-Mar-2026,Debit Card,0.00,37.70,"85,149.65"
ID13544,08-Feb-2026,Charge,0.00,199.25,"13,253.52"
ID13544,05-Mar-2026,Interest,23.29,0.00,"20,210.30"
ID13544,02-Apr-2026,ATM Withdrawal,0.00,503.52,"13,327.83"
ID13544,21-Jan-2026,Reversal,0.00,64.82,"67,648.97"
ID13544,27-Mar-2026,Charge,0.00,259.23,"24,576.22"
ID13544,10-Jan-2026,Interest,131.75,0.00,"11,809.90"
ID13544,01-Feb-2026,Interest,487.23,0.00,"81,001.60"
ID13544,30-Jan-2026,Direct Deposit,"2,169.24",0.00,"84,081.03"
ID13544,12-Jan-2026,Transfer,0.00,"1,087.36","38,904.96"
ID13544,19-Mar-2026,Transfer,"1,020.09",0.00,"98,664.32"
ID13544,17-Feb-2026,Direct Deposit,"4,504.68",0.00,"92,859.28"
ID13544,05-Mar-2026,Direct Deposit,"3,864.64",0.00,"20,905.34"
ID13544,11-Mar-2026,Payment,822.51,0.00,"4,158.12"
ID13544,06-Jan-2026,Payment,0.00,"1,083.66","92,853.76"
ID13544,10-Feb-2026,Interest,233.28,0.00,"57,442.47"
ID13544,15-Jan-2026,Debit Card,0.00,609.12,"78,642.65"
ID13544,24-Jan-2026,Transfer,0.00,122.88,"16,930.91"
ID13544,19-Feb-2026,Charge,0.00,591.37,"90,930.13"
ID13544,11-Feb-2026,Transfer,"1,089.77",0.00,"84,320.17"
ID13545,22-Mar-2026,Debit Card,0.00,786.49,"19,700.22"
ID13545,13-Mar-2026,Debit Card,0.00,624.44,"95,286.91"
ID13545,23-Jan-2026,Payment,"1,272.75",0.00,"33,438.32"
ID13545,03-Feb-2026,Interest,479.04,0.00,"35,021.22"
ID13545,23-Feb-2026,Charge,0.00,157.57,"65,623.33"
ID13545,16-Jan-2026,Payment,0.00,170.97,"96,060.89"
ID13545,04-Jan-2026,Direct Deposit,"2,070.89",0.00,"44,141.44"
ID13545,25-Feb-2026,Transfer,"1,460.75",0.00,"9,018.68"
ID13545,05-Feb-2026,Reversal,"1,239.82",0.00,"64,455.98"
ID13545,13-Mar-2026,Transfer,"1,862.08",0.00,"15,849.03"
ID13545,30-Mar-2026,Debit Card,0.00,623.18,"91,918.44"
ID13545,19-Jan-2026,Transfer,206.16,0.00,"3,489.56"
ID13545,16-Mar-2026,Transfer,0.00,601.04,"47,774.67"
ID13545,05-Feb-2026,Direct Deposit,"1,343.34",0.00,"49,674.85"
ID13545,17-Feb-2026,Charge,0.00,781.15,"53,244.74"
ID13545,22-Mar-2026,Charge,0.00,853.88,"1,398.69"
ID13545,29-Jan-2026,Direct Deposit,"1,228.79",0.00,"8,485.65"
ID13545,11-Mar-2026,Charge,0.00,650.36,"34,325.86"
ID13545,22-Jan-2026,Debit Card,0.00,76.63,"67,574.68"
ID13545,10-Mar-2026,Payment,0.00,194.73,"37,830.13"
ID13546,21-Mar-2026,Reversal,0.00,293.30,"33,025.96"
ID13546,07-Jan-2026,Charge,0.00,704.58,"32,226.49"
ID13546,19-Feb-2026,Charge,0.00,912.65,"28,676.83"
ID13546,28-Mar-2026,Debit Card,0.00,900.42,"63,008.79"
ID13546,19-Mar-2026,Charge,0.00,578.93,"48,932.04"
ID13546,20-Jan-2026,Direct Deposit,"2,865.87",0.00,"37,456.42"
ID13546,19-Jan-2026,Payment,0.00,871.19,"75,707.61"
ID13546,28-Mar-2026,Interest,197.32,0.00,"50,650.18"
ID13546,27-Jan-2026,Interest,27.87,0.00,"46,147.99"
ID13546,08-Mar-2026,Transfer,967.83,0.00,"53,555.14"
ID13546,23-Jan-2026,Debit Card,0.00,932.97,"77,717.20"
ID13546,05-Jan-2026,ATM Withdrawal,0.00,920.82,"95,125.13"
ID13546,02-Feb-2026,Reversal,728.46,0.00,"66,544.77"
ID13546,19-Jan-2026,ATM Withdrawal,0.00,506.94,"25,574.52"
ID13546,04-Mar-2026,Interest,160.55,0.00,"47,927.22"
ID13546,12-Feb-2026,Debit Card,0.00,826.36,"36,858.23"
ID13546,23-Mar-2026,Reversal,993.45,0.00,"27,919.76"
ID13546,01-Apr-2026,ATM Withdrawal,0.00,486.93,"37,022.18"
ID13546,03-Jan-2026,Debit Card,0.00,554.36,"98,116.98"
ID13546,12-Feb-2026,Transfer,0.00,851.62,"82,911.08"
ID13547,06-Jan-2026,Payment,0.00,"1,208.10","3,874.08"
ID13547,02-Mar-2026,Reversal,"1,301.24",0.00,"84,704.37"
ID13547,14-Feb-2026,Direct Deposit,"3,132.42",0.00,"94,076.42"
ID13547,13-Feb-2026,Direct Deposit,968.72,0.00,"83,891.87"
ID13547,08-Mar-2026,Debit Card,0.00,512.48,"28,100.87"
ID13547,14-Feb-2026,Reversal,"1,543.05",0.00,"40,414.15"
ID13547,31-Mar-2026,Payment,876.94,0.00,"35,337.50"
ID13547,07-Mar-2026,Charge,0.00,536.06,"38,103.93"
ID13547,14-Feb-2026,Debit Card,0.00,624.99,"10,108.42"
ID13547,07-Feb-2026,Payment,0.00,530.25,"57,376.38"
ID13547,30-Jan-2026,ATM Withdrawal,0.00,491.61,"2,291.21"
ID13547,08-Mar-2026,Reversal,193.86,0.00,"74,250.22"
ID13547,11-Mar-2026,Direct Deposit,"4,213.56",0.00,"33,944.50"
ID13547,24-Feb-2026,Payment,"1,942.39",0.00,"20,658.76"
ID13547,01-Feb-2026,ATM Withdrawal,0.00,543.61,"45,321.18"
ID13547,04-Mar-2026,Reversal,0.00,873.09,"7,493.66"
ID13547,11-Mar-2026,Payment,0.00,"1,227.84","70,944.94"
ID13547,13-Mar-2026,Payment,0.00,651.43,"43,256.57"
ID13547,26-Mar-2026,Debit Card,0.00,833.14,"26,554.80"
ID13547,24-Feb-2026,Payment,0.00,659.68,"37,948.69"
ID13548,13-Feb-2026,Interest,350.12,0.00,"8,665.19"
ID13548,17-Mar-2026,Transfer,0.00,810.52,"93,716.53"
ID13548,30-Jan-2026,Interest,344.14,0.00,"95,674.82"
ID13548,25-Mar-2026,Payment,"1,454.71",0.00,"70,249.47"
ID13548,13-Jan-2026,Direct Deposit,"2,059.03",0.00,"80,111.63"
ID13548,21-Jan-2026,Transfer,"1,483.38",0.00,"62,972.75"
ID13548,28-Feb-2026,Transfer,0.00,603.86,"93,070.76"
ID13548,06-Jan-2026,Charge,0.00,90.67,"81,022.77"
ID13548,01-Feb-2026,Charge,0.00,248.06,"67,001.87"
ID13548,28-Feb-2026,Debit Card,0.00,885.37,"33,036.40"
ID13548,03-Mar-2026,ATM Withdrawal,0.00,271.64,"16,027.74"
ID13548,17-Jan-2026,Reversal,669.95,0.00,"98,343.09"
ID13548,27-Mar-2026,Debit Card,0.00,482.09,"16,492.59"
ID13548,24-Jan-2026,Charge,0.00,668.95,"62,203.50"
ID13548,01-Feb-2026,Transfer,"1,029.62",0.00,"88,388.58"
ID13548,18-Feb-2026,Interest,180.62,0.00,"22,078.92"
ID13548,12-Jan-2026,ATM Withdrawal,0.00,586.89,"98,200.18"
ID13548,22-Mar-2026,ATM Withdrawal,0.00,574.12,"6,079.63"
ID13548,04-Feb-2026,ATM Withdrawal,0.00,708.30,"67,251.85"
ID13548,13-Mar-2026,ATM Withdrawal,0.00,647.71,"32,242.25"
ID13549,23-Feb-2026,Charge,0.00,432.05,"86,745.24"
ID13549,28-Jan-2026,ATM Withdrawal,0.00,106.92,"27,105.13"
ID13549,17-Jan-2026,Reversal,0.00,691.44,"4,964.80"
ID13549,07-Mar-2026,Charge,0.00,462.05,"60,695.39"
ID13549,01-Apr-2026,Interest,61.48,0.00,"40,170.41"
ID13549,03-Feb-2026,Interest,94.05,0.00,"32,466.28"
ID13549,10-Jan-2026,ATM Withdrawal,0.00,61.86,"72,596.91"
ID13549,20-Mar-2026,Direct Deposit,"2,458.19",0.00,"54,415.95"
ID13549,24-Jan-2026,Payment,754.20,0.00,"61,349.47"
ID13549,19-Jan-2026,Debit Card,0.00,86.06,"18,866.60"
ID13549,08-Jan-2026,ATM Withdrawal,0.00,936.84,"75,569.10"
ID13549,22-Jan-2026,Transfer,0.00,303.08,"39,960.94"
ID13549,17-Feb-2026,Interest,419.85,0.00,"91,700.78"
ID13549,03-Apr-2026,Reversal,"1,320.88",0.00,"29,801.50"
ID13549,04-Feb-2026,Reversal,0.00,168.79,"74,176.17"
ID13549,29-Mar-2026,ATM Withdrawal,0.00,104.75,"64,377.12"
ID13549,28-Mar-2026,Payment,807.73,0.00,"32,759.28"
ID13549,27-Jan-2026,Reversal,"1,084.71",0.00,"7,294.86"
ID13549,22-Feb-2026,Payment,0.00,"1,088.36","60,870.91"
ID13549,31-Jan-2026,Transfer,0.00,476.52,"12,830.47"
ID13550,29-Mar-2026,Debit Card,0.00,275.43,"61,145.23"
ID13550,15-Mar-2026,Reversal,0.00,"1,096.85","53,937.66"
ID13550,21-Feb-2026,Interest,289.77,0.00,"35,103.27"
ID13550,03-Apr-2026,Interest,137.75,0.00,"69,911.60"
ID13550,24-Mar-2026,Reversal,0.00,560.87,"44,622.65"
ID13550,12-Jan-2026,Direct Deposit,"4,491.60",0.00,"22,669.83"
ID13550,25-Jan-2026,Reversal,746.32,0.00,"93,340.96"
ID13550,07-Mar-2026,Direct Deposit,"2,319.94",0.00,"68,534.53"
ID13550,07-Mar-2026,ATM Withdrawal,0.00,319.63,"43,732.48"
ID13550,11-Mar-2026,Debit Card,0.00,38.25,"58,591.74"
ID13550,15-Feb-2026,ATM Withdrawal,0.00,693.08,"33,398.33"
ID13550,09-Jan-2026,Reversal,"1,605.49",0.00,"25,152.16"
ID13550,04-Feb-2026,Direct Deposit,"1,679.16",0.00,"77,039.45"
ID13550,02-Apr-2026,Transfer,0.00,"1,277.12","57,313.49"
ID13550,22-Feb-2026,Reversal,0.00,"1,080.88","90,716.83"
ID13550,09-Feb-2026,ATM Withdrawal,0.00,317.14,"87,382.84"
ID13550,24-Mar-2026,ATM Withdrawal,0.00,615.87,"78,404.51"
ID13550,17-Mar-2026,Payment,556.94,0.00,"31,124.66"
ID13550,17-Mar-2026,Direct Deposit,"4,071.00",0.00,"63,560.49"
ID13550,23-Jan-2026,ATM Withdrawal,0.00,387.41,"56,396.78"
ID13551,11-Feb-2026,ATM Withdrawal,0.00,543.51,"22,699.14"
ID13551,08-Mar-2026,Direct Deposit,"4,553.43",0.00,"24,867.10"
ID13551,17-Feb-2026,Transfer,285.40,0.00,"37,531.86"
ID13551,09-Feb-2026,Interest,401.43,0.00,"30,041.91"
ID13551,03-Mar-2026,Charge,0.00,215.35,"99,709.01"
ID13551,08-Mar-2026,Transfer,0.00,845.65,"66,989.59"
ID13551,24-Jan-2026,Payment,"1,582.58",0.00,"92,321.26"
ID13551,16-Feb-2026,Payment,0.00,933.01,"93,921.00"
ID13551,31-Jan-2026,Interest,29.06,0.00,"76,030.66"
ID13551,02-Apr-2026,Reversal,0.00,84.02,"44,795.67"
ID13551,23-Feb-2026,Reversal,374.90,0.00,"5,239.44"
ID13551,11-Feb-2026,Debit Card,0.00,389.01,"97,512.45"
ID13551,08-Feb-2026,Direct Deposit,"3,632.15",0.00,"60,697.73"
ID13551,25-Mar-2026,Transfer,0.00,269.60,"85,923.07"
ID13551,02-Feb-2026,Debit Card,0.00,540.27,"98,932.97"
ID13551,05-Jan-2026,Debit Card,0.00,966.01,"10,127.59"
ID13551,29-Jan-2026,Payment,234.30,0.00,"38,127.71"
ID13551,26-Jan-2026,Interest,328.25,0.00,"45,982.00"
ID13551,26-Jan-2026,Charge,0.00,300.73,"10,774.73"
ID13551,03-Apr-2026,Direct Deposit,"4,124.35",0.00,"26,217.02"
ID13552,07-Mar-2026,Charge,0.00,510.44,"31,668.54"
ID13552,21-Mar-2026,Reversal,0.00,"1,046.89","19,701.60"
ID13552,04-Jan-2026,Direct Deposit,"2,367.14",0.00,"26,318.75"
ID13552,13-Feb-2026,Transfer,0.00,806.62,"8,808.67"
ID13552,03-Mar-2026,Transfer,"1,341.61",0.00,"1,840.12"
ID13552,01-Apr-2026,Debit Card,0.00,186.35,"32,114.07"
ID13552,29-Jan-2026,Reversal,"1,679.88",0.00,"30,865.19"
ID13552,25-Mar-2026,Charge,0.00,204.12,"15,271.86"
ID13552,26-Jan-2026,Payment,814.19,0.00,"55,524.53"
ID13552,27-Mar-2026,Debit Card,0.00,799.31,"76,798.52"
ID13552,24-Jan-2026,Charge,0.00,466.45,"79,255.32"
ID13552,15-Jan-2026,Interest,227.88,0.00,"42,093.35"
ID13552,08-Mar-2026,Debit Card,0.00,622.62,"9,900.51"
ID13552,08-Feb-2026,Transfer,318.30,0.00,"80,320.99"
ID13552,04-Feb-2026,Charge,0.00,978.64,"35,298.00"
ID13552,20-Jan-2026,Payment,139.00,0.00,"83,918.83"
ID13552,29-Mar-2026,Transfer,0.00,640.07,"53,204.89"
ID13552,03-Feb-2026,Transfer,0.00,598.40,"24,578.18"
ID13552,18-Feb-2026,Reversal,531.18,0.00,"99,520.80"
ID13552,22-Feb-2026,Direct Deposit,"4,096.33",0.00,"7,362.93"
ID13553,06-Mar-2026,Direct Deposit,"4,353.46",0.00,"46,880.16"
ID13553,07-Mar-2026,Reversal,0.00,"1,285.24","41,173.54"
ID13553,26-Jan-2026,Direct Deposit,"2,407.31",0.00,"40,629.96"
ID13553,07-Mar-2026,Debit Card,0.00,658.22,"88,606.84"
ID13553,26-Jan-2026,ATM Withdrawal,0.00,219.12,"64,397.74"
ID13553,26-Mar-2026,Payment,0.00,"1,104.61","44,051.53"
ID13553,17-Feb-2026,Direct Deposit,"1,893.09",0.00,"25,133.07"
ID13553,05-Jan-2026,Transfer,0.00,"1,063.61","28,813.06"
ID13553,06-Mar-2026,Debit Card,0.00,989.58,"22,505.96"
ID13553,18-Feb-2026,ATM Withdrawal,0.00,665.81,"38,098.47"
ID13553,18-Feb-2026,Transfer,0.00,876.02,"34,778.99"
ID13553,19-Feb-2026,Debit Card,0.00,483.77,"74,597.96"
ID13553,03-Mar-2026,Charge,0.00,132.79,"83,550.68"
ID13553,13-Feb-2026,ATM Withdrawal,0.00,653.65,"54,052.91"
ID13553,05-Feb-2026,Charge,0.00,291.39,"18,746.59"
ID13553,19-Feb-2026,Debit Card,0.00,121.44,"92,103.18"
ID13553,21-Mar-2026,Interest,89.74,0.00,"41,743.55"
ID13553,19-Mar-2026,Debit Card,0.00,876.53,"55,224.82"
ID13553,12-Mar-2026,Payment,167.82,0.00,"51,282.97"
ID13553,10-Mar-2026,ATM Withdrawal,0.00,21.59,"33,739.51"
ID13554,05-Jan-2026,Debit Card,0.00,702.32,"63,255.40"
ID13554,06-Feb-2026,Reversal,"1,279.02",0.00,"23,015.94"
ID13554,22-Feb-2026,Direct Deposit,"4,483.11",0.00,"65,617.27"
ID13554,08-Jan-2026,Direct Deposit,"3,371.44",0.00,"67,950.35"
ID13554,14-Jan-2026,Charge,0.00,697.74,"48,360.88"
ID13554,06-Jan-2026,Debit Card,0.00,532.18,"98,784.24"
ID13554,27-Jan-2026,Charge,0.00,812.98,"27,388.85"
ID13554,01-Apr-2026,Direct Deposit,"1,989.77",0.00,"9,782.44"
ID13554,09-Feb-2026,Reversal,"1,897.01",0.00,"70,547.05"
ID13554,21-Feb-2026,Debit Card,0.00,409.68,"45,560.83"
ID13554,03-Apr-2026,ATM Withdrawal,0.00,657.61,"86,744.06"
ID13554,06-Mar-2026,Debit Card,0.00,360.26,"12,743.01"
ID13554,16-Mar-2026,Interest,260.08,0.00,"5,959.36"
ID13554,11-Jan-2026,Direct Deposit,"3,133.23",0.00,"83,517.72"
ID13554,30-Jan-2026,Charge,0.00,888.37,"56,558.33"
ID13554,06-Jan-2026,Charge,0.00,369.87,"19,502.38"
ID13554,01-Apr-2026,Interest,170.30,0.00,"26,028.36"
ID13554,06-Feb-2026,Transfer,0.00,432.16,"24,970.24"
ID13554,31-Mar-2026,Transfer,195.28,0.00,"29,168.99"
ID13554,02-Apr-2026,Interest,495.55,0.00,"16,002.97"
ID13555,01-Apr-2026,Transfer,"1,283.51",0.00,"59,680.91"
ID13555,31-Jan-2026,ATM Withdrawal,0.00,628.55,"68,081.40"
ID13555,04-Jan-2026,Charge,0.00,249.76,"33,912.80"
ID13555,21-Feb-2026,Debit Card,0.00,115.66,"46,503.71"
ID13555,27-Jan-2026,Interest,390.27,0.00,"41,867.30"
ID13555,04-Feb-2026,ATM Withdrawal,0.00,357.80,"68,590.77"
ID13555,27-Feb-2026,Reversal,"1,287.50",0.00,"98,257.40"
ID13555,31-Jan-2026,Charge,0.00,106.21,"22,872.61"
ID13555,31-Jan-2026,Reversal,"1,186.81",0.00,"94,847.96"
ID13555,04-Feb-2026,Transfer,0.00,197.43,"45,858.59"
ID13555,14-Feb-2026,Interest,334.83,0.00,"63,789.03"
ID13555,03-Jan-2026,Charge,0.00,471.96,"59,439.65"
ID13555,27-Jan-2026,Interest,393.00,0.00,"60,747.66"
ID13555,08-Feb-2026,ATM Withdrawal,0.00,378.57,"90,630.80"
ID13555,31-Mar-2026,Debit Card,0.00,651.33,"78,273.22"
ID13555,07-Mar-2026,Direct Deposit,"3,860.88",0.00,"17,013.68"
ID13555,20-Feb-2026,ATM Withdrawal,0.00,433.83,"43,408.18"
ID13555,04-Jan-2026,Reversal,"1,270.88",0.00,"47,263.18"
ID13555,18-Mar-2026,Transfer,"1,458.84",0.00,"15,403.54"
ID13555,21-Mar-2026,Transfer,"1,090.46",0.00,"42,678.60"
ID13556,25-Jan-2026,Payment,916.91,0.00,"30,077.04"
ID13556,09-Mar-2026,Payment,101.94,0.00,"82,320.78"
ID13556,15-Jan-2026,Charge,0.00,885.58,"74,624.49"
ID13556,28-Mar-2026,ATM Withdrawal,0.00,894.33,"68,648.66"
ID13556,17-Mar-2026,Charge,0.00,480.53,"50,334.45"
ID13556,20-Jan-2026,Transfer,0.00,647.66,"51,156.78"
ID13556,28-Mar-2026,Debit Card,0.00,735.77,"93,575.69"
ID13556,23-Feb-2026,Interest,385.18,0.00,"19,873.40"
ID13556,06-Feb-2026,ATM Withdrawal,0.00,707.27,"5,750.95"
ID13556,03-Apr-2026,Charge,0.00,660.80,"89,416.08"
ID13556,21-Feb-2026,Direct Deposit,"2,007.94",0.00,"5,210.08"
ID13556,01-Feb-2026,Reversal,"1,831.41",0.00,"57,012.35"
ID13556,19-Jan-2026,Direct Deposit,"3,247.85",0.00,"75,569.01"
ID13556,08-Mar-2026,Direct Deposit,"3,724.99",0.00,"27,581.19"
ID13556,16-Feb-2026,Direct Deposit,577.84,0.00,"55,233.42"
ID13556,31-Mar-2026,Interest,485.40,0.00,"18,557.08"
ID13556,12-Feb-2026,Reversal,0.00,820.86,"27,366.07"
ID13556,07-Feb-2026,Charge,0.00,817.43,"3,479.69"
ID13556,23-Mar-2026,Direct Deposit,"4,011.44",0.00,"35,471.35"
ID13556,07-Feb-2026,Interest,488.04,0.00,"84,264.24"
ID13557,05-Feb-2026,Debit Card,0.00,355.00,"96,243.48"
ID13557,25-Jan-2026,Interest,385.30,0.00,"43,529.25"
ID13557,04-Mar-2026,Direct Deposit,"3,891.48",0.00,"52,869.59"
ID13557,01-Mar-2026,Debit Card,0.00,90.81,"30,444.16"
ID13557,26-Feb-2026,Charge,0.00,750.38,"75,317.71"
ID13557,04-Mar-2026,Reversal,"1,062.64",0.00,"18,335.51"
ID13557,06-Mar-2026,Reversal,"1,501.72",0.00,"97,550.28"
ID13557,13-Jan-2026,Charge,0.00,611.34,"21,963.94"
ID13557,05-Feb-2026,Debit Card,0.00,844.87,"58,192.75"
ID13557,24-Mar-2026,Transfer,0.00,171.31,"74,626.06"
ID13557,17-Mar-2026,Charge,0.00,827.09,"2,183.61"
ID13557,07-Feb-2026,Direct Deposit,"3,282.23",0.00,"88,319.48"
ID13557,05-Feb-2026,Payment,"1,779.73",0.00,"48,572.33"
ID13557,03-Mar-2026,Reversal,"1,649.00",0.00,"47,676.80"
ID13557,03-Jan-2026,Direct Deposit,"4,312.53",0.00,"33,588.45"
ID13557,09-Jan-2026,Charge,0.00,352.98,"63,347.59"
ID13557,19-Feb-2026,ATM Withdrawal,0.00,33.87,"8,613.04"
ID13557,20-Feb-2026,Interest,453.03,0.00,"98,265.86"
ID13557,12-Jan-2026,ATM Withdrawal,0.00,320.70,"79,066.65"
ID13557,06-Feb-2026,Interest,403.68,0.00,"44,532.99"
ID13558,19-Jan-2026,ATM Withdrawal,0.00,495.40,"66,911.35"
ID13558,16-Feb-2026,Debit Card,0.00,330.97,"78,871.16"
ID13558,10-Mar-2026,Transfer,126.10,0.00,"38,369.51"
ID13558,13-Mar-2026,Direct Deposit,"4,701.53",0.00,"70,186.35"
ID13558,13-Feb-2026,Debit Card,0.00,927.92,"82,769.27"
ID13558,27-Jan-2026,ATM Withdrawal,0.00,882.96,"7,737.94"
ID13558,03-Mar-2026,Payment,817.29,0.00,"20,492.15"
ID13558,08-Feb-2026,Transfer,921.99,0.00,"33,898.79"
ID13558,12-Jan-2026,ATM Withdrawal,0.00,427.23,"33,865.16"
ID13558,21-Mar-2026,ATM Withdrawal,0.00,177.78,"12,434.15"
ID13558,26-Mar-2026,Reversal,0.00,864.82,"19,680.91"
ID13558,25-Mar-2026,Charge,0.00,646.02,"18,740.04"
ID13558,21-Feb-2026,Reversal,0.00,760.31,"41,608.27"
ID13558,29-Mar-2026,Charge,0.00,690.06,"12,650.16"
ID13558,16-Mar-2026,Reversal,"1,168.95",0.00,"32,810.98"
ID13558,13-Jan-2026,Reversal,"1,544.16",0.00,"90,041.75"
ID13558,03-Feb-2026,Interest,256.35,0.00,"6,177.90"
ID13558,23-Jan-2026,Direct Deposit,"3,193.55",0.00,"50,166.81"
ID13558,01-Mar-2026,Interest,493.13,0.00,"10,879.34"
ID13558,13-Feb-2026,Direct Deposit,"1,617.17",0.00,"69,426.07"
ID13559,27-Feb-2026,Transfer,0.00,943.87,"3,396.12"
ID13559,28-Feb-2026,Debit Card,0.00,48.18,"31,993.22"
ID13559,05-Feb-2026,ATM Withdrawal,0.00,836.34,"32,688.91"
ID13559,21-Mar-2026,Debit Card,0.00,190.78,"77,033.95"
ID13559,11-Feb-2026,Transfer,0.00,868.91,"14,751.05"
ID13559,09-Mar-2026,ATM Withdrawal,0.00,255.22,"5,478.82"
ID13559,28-Feb-2026,Debit Card,0.00,486.63,"49,527.63"
ID13559,04-Jan-2026,Charge,0.00,846.14,"83,983.15"
ID13559,27-Jan-2026,Charge,0.00,366.59,"44,953.99"
ID13559,06-Mar-2026,ATM Withdrawal,0.00,749.04,"56,475.82"
ID13559,16-Jan-2026,Direct Deposit,"1,015.36",0.00,"29,339.04"
ID13559,22-Jan-2026,Charge,0.00,785.44,"47,506.84"
ID13559,23-Mar-2026,Debit Card,0.00,587.68,"79,678.51"
ID13559,25-Jan-2026,Payment,993.34,0.00,"39,320.53"
ID13559,11-Jan-2026,Interest,359.77,0.00,"65,505.75"
ID13559,09-Mar-2026,ATM Withdrawal,0.00,580.39,"1,354.56"
ID13559,23-Jan-2026,Payment,0.00,927.22,"93,270.83"
ID13559,09-Feb-2026,Payment,0.00,357.23,"37,094.18"
ID13559,14-Jan-2026,Reversal,0.00,790.98,"38,355.74"
ID13559,13-Feb-2026,Reversal,"1,843.80",0.00,"13,270.25"
ID13560,21-Mar-2026,Payment,956.31,0.00,"32,659.62"
ID13560,19-Mar-2026,Debit Card,0.00,334.34,"38,891.11"
ID13560,08-Feb-2026,Charge,0.00,240.44,"80,296.31"
ID13560,20-Feb-2026,Debit Card,0.00,699.23,"93,475.01"
ID13560,06-Mar-2026,Debit Card,0.00,254.82,"36,386.87"
ID13560,26-Mar-2026,Payment,0.00,73.22,"93,287.34"
ID13560,05-Mar-2026,Reversal,"1,044.20",0.00,"19,565.50"
ID13560,25-Mar-2026,Interest,33.09,0.00,"47,990.04"
ID13560,19-Jan-2026,Debit Card,0.00,376.22,"55,471.18"
ID13560,23-Mar-2026,Interest,89.80,0.00,"24,140.25"
ID13560,02-Feb-2026,Interest,12.40,0.00,"71,430.83"
ID13560,18-Jan-2026,Reversal,149.97,0.00,"58,499.41"
ID13560,14-Mar-2026,Transfer,0.00,"1,239.35","20,694.65"
ID13560,21-Feb-2026,Debit Card,0.00,877.95,"77,779.23"
ID13560,14-Feb-2026,Reversal,"1,157.24",0.00,"41,826.82"
ID13560,23-Jan-2026,ATM Withdrawal,0.00,420.04,"87,569.14"
ID13560,19-Mar-2026,Reversal,"1,294.14",0.00,"75,509.54"
ID13560,21-Feb-2026,Reversal,0.00,204.28,"89,627.96"
ID13560,05-Jan-2026,Transfer,"1,797.73",0.00,"33,161.97"
ID13560,07-Jan-2026,ATM Withdrawal,0.00,800.46,"82,078.09"
ID13561,14-Feb-2026,Direct Deposit,"2,236.71",0.00,"85,807.81"
ID13561,27-Jan-2026,Debit Card,0.00,99.10,"36,217.79"
ID13561,08-Jan-2026,Transfer,0.00,818.92,"5,437.71"
ID13561,09-Mar-2026,Direct Deposit,"1,441.70",0.00,"13,357.15"
ID13561,14-Feb-2026,Debit Card,0.00,614.39,"65,327.94"
ID13561,03-Jan-2026,Interest,80.37,0.00,"27,968.58"
ID13561,04-Mar-2026,Interest,473.81,0.00,"94,160.49"
ID13561,25-Feb-2026,ATM Withdrawal,0.00,154.01,"4,967.18"
ID13561,17-Mar-2026,ATM Withdrawal,0.00,37.06,"75,297.85"
ID13561,09-Jan-2026,Payment,"1,093.53",0.00,"36,689.39"
ID13561,09-Feb-2026,Payment,636.71,0.00,"69,894.76"
ID13561,23-Feb-2026,Debit Card,0.00,602.93,"24,478.94"
ID13561,10-Jan-2026,ATM Withdrawal,0.00,632.59,"13,344.53"
ID13561,16-Jan-2026,Direct Deposit,"3,902.66",0.00,"13,081.96"
ID13561,06-Jan-2026,Direct Deposit,"3,026.55",0.00,"41,767.92"
ID13561,14-Jan-2026,Reversal,0.00,"1,044.78","19,672.94"
ID13561,24-Feb-2026,ATM Withdrawal,0.00,609.42,"90,944.23"
ID13561,09-Jan-2026,Debit Card,0.00,364.05,"75,313.25"
ID13561,25-Mar-2026,Transfer,"1,484.46",0.00,"81,366.30"
ID13561,05-Feb-2026,Debit Card,0.00,244.33,"42,709.13"
ID13562,22-Feb-2026,Interest,133.79,0.00,"38,764.98"
ID13562,10-Feb-2026,ATM Withdrawal,0.00,727.41,"8,350.51"
ID13562,13-Feb-2026,Charge,0.00,594.23,"36,190.08"
ID13562,27-Feb-2026,Transfer,0.00,178.49,"76,198.18"
ID13562,18-Mar-2026,Charge,0.00,131.17,"65,917.85"
ID13562,03-Feb-2026,Direct Deposit,"4,568.79",0.00,"53,724.09"
ID13562,19-Mar-2026,Direct Deposit,"3,360.27",0.00,"61,474.18"
ID13562,09-Mar-2026,Charge,0.00,680.31,"45,415.03"
ID13562,07-Jan-2026,Direct Deposit,"3,290.52",0.00,"47,453.04"
ID13562,22-Jan-2026,Interest,68.03,0.00,"55,384.42"
ID13562,10-Feb-2026,ATM Withdrawal,0.00,826.05,"11,659.91"
ID13562,05-Mar-2026,Direct Deposit,"1,159.05",0.00,"66,838.73"
ID13562,10-Feb-2026,Transfer,0.00,651.62,"39,489.94"
ID13562,16-Jan-2026,Transfer,274.15,0.00,"68,716.89"
ID13562,13-Feb-2026,Interest,227.89,0.00,"44,561.45"
ID13562,24-Jan-2026,ATM Withdrawal,0.00,20.10,"59,957.79"
ID13562,28-Feb-2026,Transfer,"1,880.89",0.00,"89,493.50"
ID13562,19-Feb-2026,Reversal,"1,646.50",0.00,"63,166.42"
ID13562,26-Mar-2026,Reversal,"1,363.38",0.00,"92,419.80"
ID13562,29-Jan-2026,Direct Deposit,710.59,0.00,"17,132.62"
ID13563,07-Mar-2026,Direct Deposit,"4,108.82",0.00,"1,626.36"
ID13563,25-Jan-2026,Direct Deposit,"2,706.39",0.00,"24,399.76"
ID13563,21-Mar-2026,Transfer,0.00,634.28,"36,063.50"
ID13563,16-Jan-2026,Reversal,"1,871.68",0.00,"19,006.84"
ID13563,04-Feb-2026,Transfer,245.67,0.00,"83,431.81"
ID13563,14-Jan-2026,Payment,"1,540.63",0.00,"84,477.31"
ID13563,15-Jan-2026,Transfer,0.00,103.10,"97,988.59"
ID13563,25-Mar-2026,Interest,480.40,0.00,"17,669.27"
ID13563,13-Feb-2026,Reversal,0.00,975.90,"57,750.59"
ID13563,24-Feb-2026,Reversal,165.65,0.00,"30,559.36"
ID13563,08-Feb-2026,Direct Deposit,"2,722.61",0.00,"76,044.42"
ID13563,31-Jan-2026,Direct Deposit,"3,573.64",0.00,"20,993.98"
ID13563,26-Jan-2026,Reversal,0.00,455.03,"90,005.36"
ID13563,08-Jan-2026,Debit Card,0.00,98.65,"86,077.52"
ID13563,28-Mar-2026,ATM Withdrawal,0.00,182.65,"48,293.88"
ID13563,24-Feb-2026,Debit Card,0.00,465.04,"71,738.05"
ID13563,21-Feb-2026,Debit Card,0.00,239.81,"87,104.89"
ID13563,26-Feb-2026,Reversal,199.62,0.00,"30,420.67"
ID13563,18-Feb-2026,ATM Withdrawal,0.00,181.11,"77,831.54"
ID13563,12-Feb-2026,Reversal,906.77,0.00,"89,945.59"
ID13564,24-Jan-2026,Direct Deposit,"2,813.99",0.00,"33,017.37"
ID13564,31-Mar-2026,Interest,416.61,0.00,"61,040.49"
ID13564,31-Jan-2026,ATM Withdrawal,0.00,498.77,"93,184.13"
ID13564,21-Feb-2026,Charge,0.00,710.91,"69,143.90"
ID13564,20-Feb-2026,ATM Withdrawal,0.00,953.12,"83,992.72"
ID13564,25-Jan-2026,Direct Deposit,592.73,0.00,"39,339.24"
ID13564,18-Mar-2026,Transfer,0.00,829.12,"33,492.83"
ID13564,02-Apr-2026,Transfer,258.03,0.00,"46,971.64"
ID13564,24-Feb-2026,Payment,0.00,"1,062.48","40,413.65"
ID13564,21-Feb-2026,Charge,0.00,596.72,"75,955.97"
ID13564,29-Mar-2026,Transfer,367.06,0.00,"92,509.16"
ID13564,24-Feb-2026,Debit Card,0.00,703.94,"42,613.75"
ID13564,02-Apr-2026,Reversal,0.00,261.32,"64,233.81"
ID13564,13-Feb-2026,Interest,147.25,0.00,"33,846.61"
ID13564,03-Jan-2026,Charge,0.00,272.52,"38,730.19"
ID13564,16-Mar-2026,Debit Card,0.00,34.04,"11,353.56"
ID13564,15-Feb-2026,Transfer,0.00,705.52,"46,824.80"
ID13564,23-Mar-2026,Reversal,"1,449.92",0.00,"74,015.91"
ID13564,08-Jan-2026,Transfer,0.00,"1,308.12","38,867.06"
ID13564,29-Jan-2026,Direct Deposit,"4,906.09",0.00,"29,194.63"
ID13565,23-Jan-2026,Interest,312.31,0.00,"84,886.27"
ID13565,27-Feb-2026,Direct Deposit,932.68,0.00,"22,197.60"
ID13565,29-Jan-2026,Payment,814.28,0.00,"59,540.38"
ID13565,22-Feb-2026,Charge,0.00,239.94,"12,692.92"
ID13565,24-Mar-2026,ATM Withdrawal,0.00,574.67,"88,364.73"
ID13565,23-Feb-2026,ATM Withdrawal,0.00,726.00,"63,795.84"
ID13565,03-Feb-2026,Transfer,278.11,0.00,"43,414.43"
ID13565,12-Mar-2026,Direct Deposit,"1,337.42",0.00,"22,162.11"
ID13565,21-Mar-2026,Payment,729.55,0.00,"63,901.55"
ID13565,09-Mar-2026,Reversal,"1,576.75",0.00,"35,988.04"
ID13565,11-Jan-2026,ATM Withdrawal,0.00,375.31,"75,633.81"
ID13565,03-Feb-2026,Interest,175.49,0.00,"57,779.82"
ID13565,05-Mar-2026,ATM Withdrawal,0.00,739.76,"5,926.57"
ID13565,13-Mar-2026,Debit Card,0.00,988.24,"40,082.88"
ID13565,26-Feb-2026,ATM Withdrawal,0.00,713.22,"26,878.32"
ID13565,22-Feb-2026,Charge,0.00,447.76,"47,055.23"
ID13565,22-Jan-2026,Debit Card,0.00,975.80,"96,751.64"
ID13565,25-Mar-2026,ATM Withdrawal,0.00,64.30,"91,953.26"
ID13565,25-Mar-2026,Transfer,270.76,0.00,"89,566.85"
ID13565,08-Feb-2026,Direct Deposit,"2,070.77",0.00,"13,807.20"
ID13566,04-Mar-2026,Direct Deposit,"2,166.14",0.00,"1,918.59"
ID13566,06-Feb-2026,Payment,0.00,972.74,"37,776.85"
ID13566,26-Mar-2026,Charge,0.00,478.49,"90,669.21"
ID13566,09-Feb-2026,Charge,0.00,542.71,"89,056.79"
ID13566,16-Jan-2026,Charge,0.00,945.89,"59,659.81"
ID13566,04-Mar-2026,Payment,"1,437.48",0.00,"75,047.77"
ID13566,12-Feb-2026,Payment,0.00,784.62,"20,094.57"
ID13566,27-Jan-2026,ATM Withdrawal,0.00,977.42,"52,796.75"
ID13566,14-Jan-2026,Interest,290.55,0.00,"3,952.80"
ID13566,15-Jan-2026,Reversal,0.00,"1,448.16","15,570.80"
ID13566,01-Feb-2026,Interest,34.42,0.00,"30,700.12"
ID13566,04-Jan-2026,Direct Deposit,"3,088.17",0.00,"47,848.78"
ID13566,10-Feb-2026,Reversal,509.69,0.00,"3,348.66"
ID13566,20-Jan-2026,Interest,233.95,0.00,"5,351.99"
ID13566,12-Jan-2026,Reversal,0.00,68.72,"89,223.74"
ID13566,06-Mar-2026,Payment,842.32,0.00,"59,054.44"
ID13566,31-Jan-2026,Debit Card,0.00,89.73,"45,102.80"
ID13566,26-Mar-2026,Payment,0.00,989.30,"19,818.01"
ID13566,26-Jan-2026,Debit Card,0.00,857.90,"55,018.13"
ID13566,14-Feb-2026,Direct Deposit,"4,735.34",0.00,"86,194.31"
ID13567,15-Feb-2026,Debit Card,0.00,163.30,"42,675.10"
ID13567,12-Mar-2026,ATM Withdrawal,0.00,965.65,"41,600.37"
ID13567,27-Feb-2026,Charge,0.00,407.58,"64,562.23"
ID13567,05-Feb-2026,Direct Deposit,614.67,0.00,"32,481.72"
ID13567,15-Jan-2026,Transfer,0.00,864.35,"94,318.73"
ID13567,14-Jan-2026,Direct Deposit,"4,297.55",0.00,"72,964.42"
ID13567,27-Feb-2026,Payment,532.73,0.00,"59,115.25"
ID13567,05-Mar-2026,Interest,275.53,0.00,"44,123.59"
ID13567,07-Jan-2026,Direct Deposit,"4,164.69",0.00,"12,986.26"
ID13567,05-Jan-2026,ATM Withdrawal,0.00,353.33,"14,327.49"
ID13567,20-Jan-2026,Reversal,0.00,"1,115.33","77,126.14"
ID13567,01-Feb-2026,Debit Card,0.00,446.26,"36,181.11"
ID13567,08-Jan-2026,Direct Deposit,"1,076.43",0.00,"50,527.92"
ID13567,31-Jan-2026,Charge,0.00,419.42,"66,956.33"
ID13567,05-Feb-2026,Debit Card,0.00,244.68,"36,062.30"
ID13567,20-Mar-2026,Charge,0.00,588.52,"60,307.55"
ID13567,08-Feb-2026,Charge,0.00,375.93,"83,801.06"
ID13567,25-Jan-2026,Direct Deposit,"4,617.06",0.00,"62,954.94"
ID13567,13-Jan-2026,Charge,0.00,655.52,"71,183.35"
ID13567,12-Mar-2026,Direct Deposit,"4,888.79",0.00,"29,746.33"
ID13568,19-Mar-2026,Transfer,"1,145.25",0.00,"24,932.15"
ID13568,15-Mar-2026,Payment,0.00,"1,197.88","15,728.48"
ID13568,05-Mar-2026,Reversal,227.08,0.00,"18,392.09"
ID13568,21-Mar-2026,Transfer,0.00,959.97,"6,748.84"
ID13568,21-Jan-2026,Transfer,0.00,613.59,"16,499.53"
ID13568,03-Feb-2026,Charge,0.00,25.73,"93,942.29"
ID13568,02-Apr-2026,Charge,0.00,443.78,"1,555.17"
ID13568,21-Mar-2026,Transfer,0.00,797.76,"80,126.58"
ID13568,05-Mar-2026,Charge,0.00,266.83,"7,407.75"
ID13568,20-Mar-2026,Reversal,0.00,"1,412.43","8,813.80"
ID13568,29-Jan-2026,Direct Deposit,"2,565.76",0.00,"98,712.21"
ID13568,19-Feb-2026,ATM Withdrawal,0.00,402.65,"72,452.80"
ID13568,16-Jan-2026,ATM Withdrawal,0.00,736.81,"18,216.80"
ID13568,17-Mar-2026,Debit Card,0.00,174.56,"6,040.53"
ID13568,28-Mar-2026,Direct Deposit,"3,698.76",0.00,"35,959.37"
ID13568,26-Jan-2026,Interest,365.20,0.00,"29,059.84"
ID13568,06-Feb-2026,Reversal,"1,195.92",0.00,"80,322.13"
ID13568,22-Feb-2026,Charge,0.00,598.84,"3,317.47"
ID13568,01-Feb-2026,Direct Deposit,"4,517.16",0.00,"51,856.85"
ID13568,02-Feb-2026,Transfer,0.00,468.31,"9,362.28"
ID13569,30-Mar-2026,Direct Deposit,651.18,0.00,"12,220.47"
ID13569,11-Feb-2026,ATM Withdrawal,0.00,555.53,"13,760.53"
ID13569,12-Mar-2026,Charge,0.00,862.01,"29,137.31"
ID13569,17-Mar-2026,Direct Deposit,"4,595.51",0.00,"83,344.32"
ID13569,04-Feb-2026,Direct Deposit,"1,947.40",0.00,"13,659.65"
ID13569,03-Apr-2026,ATM Withdrawal,0.00,582.09,"90,152.70"
ID13569,31-Jan-2026,Debit Card,0.00,189.78,"97,953.88"
ID13569,02-Feb-2026,Payment,"1,551.97",0.00,"26,982.67"
ID13569,29-Jan-2026,Charge,0.00,514.57,"95,799.45"
ID13569,06-Feb-2026,Transfer,0.00,315.63,"50,160.34"
ID13569,02-Feb-2026,Reversal,0.00,727.12,"31,453.87"
ID13569,27-Jan-2026,Transfer,789.50,0.00,"83,381.32"
ID13569,12-Feb-2026,Direct Deposit,"1,976.63",0.00,"61,353.48"
ID13569,17-Feb-2026,Reversal,648.85,0.00,"98,791.41"
ID13569,23-Mar-2026,Debit Card,0.00,528.01,"18,508.50"
ID13569,29-Jan-2026,Reversal,"1,553.00",0.00,"35,892.32"
ID13569,26-Jan-2026,Payment,0.00,"1,264.69","29,144.03"
ID13569,22-Jan-2026,Charge,0.00,604.97,"43,055.63"
ID13569,28-Jan-2026,Reversal,0.00,693.53,"4,642.06"
ID13569,13-Jan-2026,Debit Card,0.00,373.80,"80,174.74"
ID13570,09-Feb-2026,Reversal,673.41,0.00,"72,436.74"
ID13570,06-Feb-2026,Debit Card,0.00,238.14,"48,974.99"
ID13570,04-Feb-2026,ATM Withdrawal,0.00,301.52,"72,857.57"
ID13570,25-Jan-2026,Debit Card,0.00,290.26,"44,554.16"
ID13570,24-Feb-2026,Direct Deposit,771.67,0.00,"1,473.31"
ID13570,05-Jan-2026,Reversal,0.00,"1,458.91","76,324.99"
ID13570,06-Mar-2026,ATM Withdrawal,0.00,738.87,"68,110.82"
ID13570,19-Feb-2026,Direct Deposit,723.16,0.00,"36,701.10"
ID13570,18-Feb-2026,Debit Card,0.00,162.50,"13,585.46"
ID13570,03-Mar-2026,Interest,300.49,0.00,"18,686.20"
ID13570,05-Feb-2026,Payment,0.00,682.19,"55,990.51"
ID13570,23-Feb-2026,ATM Withdrawal,0.00,686.74,"67,820.60"
ID13570,10-Feb-2026,Payment,0.00,233.73,"87,049.67"
ID13570,11-Mar-2026,Direct Deposit,"1,701.49",0.00,"20,236.65"
ID13570,24-Jan-2026,Reversal,0.00,823.10,"93,696.80"
ID13570,20-Feb-2026,Reversal,0.00,216.59,"39,896.43"
ID13570,03-Feb-2026,ATM Withdrawal,0.00,377.69,"82,238.81"
ID13570,05-Mar-2026,ATM Withdrawal,0.00,996.91,"95,965.30"
ID13570,18-Jan-2026,ATM Withdrawal,0.00,372.61,"74,154.14"
ID13570,23-Mar-2026,Reversal,0.00,559.92,"39,106.28"
ID13571,04-Mar-2026,Charge,0.00,458.14,"76,157.46"
ID13571,23-Feb-2026,Interest,294.77,0.00,"65,430.56"
ID13571,12-Mar-2026,Debit Card,0.00,604.77,"52,897.02"
ID13571,16-Mar-2026,Transfer,0.00,"1,253.23","23,148.06"
ID13571,10-Mar-2026,Interest,166.89,0.00,"39,657.23"
ID13571,22-Mar-2026,Direct Deposit,"3,071.37",0.00,"47,907.37"
ID13571,13-Jan-2026,ATM Withdrawal,0.00,751.40,"65,207.54"
ID13571,14-Feb-2026,Interest,291.43,0.00,"17,796.32"
ID13571,28-Feb-2026,Charge,0.00,436.76,"28,030.01"
ID13571,09-Feb-2026,Charge,0.00,30.43,"25,288.50"
ID13571,27-Jan-2026,Transfer,"1,692.80",0.00,"15,256.38"
ID13571,05-Mar-2026,Interest,336.57,0.00,"85,887.82"
ID13571,20-Mar-2026,Interest,216.97,0.00,"99,518.21"
ID13571,28-Feb-2026,Reversal,0.00,261.79,"64,293.17"
ID13571,15-Jan-2026,Debit Card,0.00,632.05,"39,745.73"
ID13571,15-Jan-2026,Reversal,"1,692.29",0.00,"22,268.93"
ID13571,18-Mar-2026,Direct Deposit,"3,594.26",0.00,"70,513.66"
ID13571,16-Mar-2026,Interest,68.45,0.00,"43,440.91"
ID13571,10-Feb-2026,Direct Deposit,"1,564.33",0.00,"75,003.65"
ID13571,17-Jan-2026,ATM Withdrawal,0.00,239.12,"45,340.58"
ID13572,01-Mar-2026,Reversal,"1,796.06",0.00,"80,243.24"
ID13572,02-Feb-2026,Charge,0.00,864.84,"59,807.19"
ID13572,11-Jan-2026,Reversal,"1,411.75",0.00,"59,433.46"
ID13572,31-Mar-2026,Debit Card,0.00,364.20,"99,093.96"
ID13572,08-Feb-2026,Transfer,0.00,93.19,"52,675.97"
ID13572,09-Jan-2026,Direct Deposit,"2,877.98",0.00,"99,407.32"
ID13572,25-Mar-2026,ATM Withdrawal,0.00,19.70,"91,191.56"
ID13572,13-Feb-2026,Reversal,0.00,189.89,"35,679.47"
ID13572,18-Jan-2026,Reversal,0.00,"1,003.64","9,621.65"
ID13572,14-Feb-2026,ATM Withdrawal,0.00,771.62,"79,335.67"
ID13572,18-Jan-2026,Charge,0.00,622.03,"38,362.71"
ID13572,26-Feb-2026,Direct Deposit,829.32,0.00,"77,506.83"
ID13572,14-Feb-2026,Charge,0.00,589.87,"5,635.79"
ID13572,27-Mar-2026,Reversal,"1,763.39",0.00,"99,279.35"
ID13572,26-Jan-2026,Debit Card,0.00,527.19,"68,262.57"
ID13572,08-Feb-2026,Payment,0.00,"1,227.41","39,308.87"
ID13572,11-Feb-2026,Reversal,"1,148.41",0.00,"2,695.26"
ID13572,05-Mar-2026,Direct Deposit,"3,363.40",0.00,"66,553.18"
ID13572,08-Jan-2026,Payment,"1,165.88",0.00,"53,126.80"
ID13572,04-Feb-2026,Debit Card,0.00,411.06,"7,578.35"
ID13573,12-Feb-2026,Transfer,"1,193.61",0.00,"1,039.18"
ID13573,25-Mar-2026,Interest,399.60,0.00,"68,335.14"
ID13573,29-Mar-2026,Debit Card,0.00,980.72,"58,140.89"
ID13573,18-Mar-2026,Reversal,0.00,921.39,"36,820.29"
ID13573,09-Mar-2026,Debit Card,0.00,577.54,"44,190.97"
ID13573,03-Feb-2026,Direct Deposit,"3,738.59",0.00,"39,061.92"
ID13573,15-Mar-2026,ATM Withdrawal,0.00,575.17,"14,672.58"
ID13573,26-Feb-2026,Reversal,0.00,747.42,"52,196.84"
ID13573,15-Jan-2026,Payment,559.41,0.00,"79,385.86"
ID13573,03-Apr-2026,ATM Withdrawal,0.00,164.92,"32,858.13"
ID13573,10-Jan-2026,Reversal,0.00,944.41,"26,800.79"
ID13573,07-Feb-2026,ATM Withdrawal,0.00,809.26,"39,082.68"
ID13573,05-Feb-2026,Transfer,307.64,0.00,"40,913.82"
ID13573,27-Jan-2026,Interest,80.90,0.00,"15,953.84"
ID13573,15-Jan-2026,Interest,362.04,0.00,"97,422.07"
ID13573,11-Mar-2026,Reversal,"1,324.92",0.00,"12,099.65"
ID13573,04-Feb-2026,Debit Card,0.00,162.09,"96,013.88"
ID13573,12-Feb-2026,Debit Card,0.00,182.37,"68,237.90"
ID13573,21-Feb-2026,Transfer,"1,849.65",0.00,"7,592.39"
ID13573,15-Feb-2026,Interest,316.46,0.00,"60,144.54"
ID13574,16-Jan-2026,Transfer,582.03,0.00,"28,671.66"
ID13574,10-Jan-2026,Charge,0.00,343.81,"36,065.88"
ID13574,13-Feb-2026,Reversal,0.00,656.78,"59,021.04"
ID13574,04-Mar-2026,Interest,301.16,0.00,"98,510.44"
ID13574,14-Feb-2026,Payment,0.00,211.33,"1,579.81"
ID13574,10-Mar-2026,Interest,430.17,0.00,"50,465.11"
ID13574,14-Feb-2026,Interest,168.31,0.00,"2,117.69"
ID13574,05-Jan-2026,ATM Withdrawal,0.00,617.60,"53,595.27"
ID13574,02-Mar-2026,Charge,0.00,774.45,"6,149.01"
ID13574,11-Jan-2026,Payment,0.00,653.30,"91,165.88"
ID13574,03-Apr-2026,ATM Withdrawal,0.00,439.99,"44,247.98"
ID13574,27-Jan-2026,Interest,123.55,0.00,"37,381.46"
ID13574,19-Feb-2026,Charge,0.00,789.89,"99,242.59"
ID13574,04-Mar-2026,Direct Deposit,"3,322.86",0.00,"26,979.83"
ID13574,23-Feb-2026,Direct Deposit,"3,609.98",0.00,"86,821.75"
ID13574,25-Jan-2026,Direct Deposit,"2,329.65",0.00,"25,050.82"
ID13574,13-Jan-2026,ATM Withdrawal,0.00,696.82,"54,658.27"
ID13574,07-Feb-2026,ATM Withdrawal,0.00,22.13,"24,090.44"
ID13574,29-Mar-2026,Direct Deposit,"4,533.52",0.00,"11,439.78"
ID13574,01-Feb-2026,Charge,0.00,223.88,"73,987.12"
ID13575,21-Feb-2026,Debit Card,0.00,423.41,"82,918.40"
ID13575,04-Jan-2026,Charge,0.00,471.02,"72,034.96"
ID13575,27-Feb-2026,Direct Deposit,"1,834.65",0.00,"35,059.45"
ID13575,02-Apr-2026,ATM Withdrawal,0.00,531.37,"91,982.87"
ID13575,18-Jan-2026,Debit Card,0.00,224.33,"53,372.38"
ID13575,07-Mar-2026,Transfer,0.00,"1,176.63","7,362.72"
ID13575,07-Feb-2026,Debit Card,0.00,510.65,"13,150.02"
ID13575,14-Mar-2026,Transfer,"1,564.20",0.00,"22,193.56"
ID13575,24-Jan-2026,Direct Deposit,"4,408.00",0.00,"2,778.66"
ID13575,05-Mar-2026,Interest,64.96,0.00,"86,091.26"
ID13575,30-Mar-2026,Payment,"1,349.75",0.00,"43,046.41"
ID13575,17-Feb-2026,Reversal,721.77,0.00,"31,744.10"
ID13575,09-Mar-2026,Interest,124.68,0.00,"19,500.23"
ID13575,25-Mar-2026,Transfer,"1,403.01",0.00,"39,284.08"
ID13575,06-Jan-2026,Transfer,0.00,320.96,"81,833.10"
ID13575,17-Jan-2026,Charge,0.00,651.00,"48,611.18"
ID13575,13-Mar-2026,Transfer,162.13,0.00,"39,646.14"
ID13575,30-Mar-2026,Reversal,"1,198.44",0.00,"42,987.84"
ID13575,16-Mar-2026,Transfer,472.87,0.00,"27,755.96"
ID13575,19-Feb-2026,Direct Deposit,"4,100.35",0.00,"91,058.12"
ID13576,21-Mar-2026,Reversal,0.00,825.21,"87,704.24"
ID13576,15-Feb-2026,Interest,436.18,0.00,"96,435.84"
ID13576,11-Feb-2026,ATM Withdrawal,0.00,860.75,"94,596.82"
ID13576,09-Jan-2026,Debit Card,0.00,608.78,"4,700.45"
ID13576,20-Jan-2026,ATM Withdrawal,0.00,998.14,"6,483.24"
ID13576,31-Mar-2026,ATM Withdrawal,0.00,222.68,"30,788.40"
ID13576,30-Jan-2026,Payment,"1,696.20",0.00,"34,167.65"
ID13576,23-Mar-2026,Reversal,789.75,0.00,"36,983.35"
ID13576,17-Feb-2026,Reversal,0.00,589.42,"76,560.09"
ID13576,03-Apr-2026,Charge,0.00,667.37,"72,418.32"
ID13576,02-Mar-2026,Payment,"1,387.14",0.00,"83,086.14"
ID13576,19-Jan-2026,Reversal,0.00,864.85,"51,257.48"
ID13576,31-Mar-2026,Transfer,"1,329.44",0.00,"33,355.76"
ID13576,05-Mar-2026,Charge,0.00,603.91,"90,513.09"
ID13576,10-Jan-2026,Transfer,"1,402.69",0.00,"75,358.01"
ID13576,18-Jan-2026,Payment,0.00,"1,329.52","71,314.29"
ID13576,04-Jan-2026,ATM Withdrawal,0.00,265.89,"4,451.11"
ID13576,30-Mar-2026,Payment,676.17,0.00,"28,406.53"
ID13576,26-Jan-2026,Payment,"1,869.44",0.00,"60,301.57"
ID13576,29-Jan-2026,Debit Card,0.00,607.85,"38,378.86"
ID13577,13-Mar-2026,Direct Deposit,"1,999.63",0.00,"5,267.95"
ID13577,20-Jan-2026,Reversal,0.00,989.11,"40,263.41"
ID13577,15-Jan-2026,Reversal,861.22,0.00,"13,299.88"
ID13577,16-Feb-2026,Interest,255.46,0.00,"61,520.84"
ID13577,07-Feb-2026,Direct Deposit,"3,252.38",0.00,"95,494.30"
ID13577,28-Feb-2026,Payment,0.00,"1,110.57","51,764.23"
ID13577,20-Feb-2026,Direct Deposit,"1,005.10",0.00,"67,749.49"
ID13577,24-Feb-2026,Charge,0.00,641.17,"84,714.38"
ID13577,03-Mar-2026,Interest,138.60,0.00,"36,757.94"
ID13577,19-Jan-2026,Reversal,156.85,0.00,"34,714.75"
ID13577,01-Apr-2026,Transfer,0.00,373.84,"70,946.23"
ID13577,31-Jan-2026,Charge,0.00,862.86,"32,478.07"
ID13577,02-Feb-2026,Charge,0.00,53.85,"83,301.43"
ID13577,29-Jan-2026,Charge,0.00,834.34,"61,967.94"
ID13577,28-Jan-2026,ATM Withdrawal,0.00,741.02,"27,483.08"
ID13577,24-Mar-2026,Payment,660.85,0.00,"91,904.58"
ID13577,17-Feb-2026,Transfer,495.57,0.00,"49,425.32"
ID13577,03-Feb-2026,Charge,0.00,961.31,"23,060.06"
ID13577,17-Jan-2026,Reversal,"1,519.25",0.00,"68,988.38"
ID13577,04-Mar-2026,Direct Deposit,"2,170.06",0.00,"53,919.79"
ID13578,28-Mar-2026,Payment,"1,930.34",0.00,"83,733.68"
ID13578,29-Mar-2026,ATM Withdrawal,0.00,815.97,"11,192.13"
ID13578,14-Jan-2026,Transfer,0.00,432.20,"9,049.50"
ID13578,21-Feb-2026,Payment,0.00,582.11,"16,679.47"
ID13578,01-Apr-2026,Debit Card,0.00,724.53,"29,640.82"
ID13578,10-Mar-2026,Reversal,"1,070.75",0.00,"86,625.31"
ID13578,11-Mar-2026,Interest,113.97,0.00,"95,254.53"
ID13578,16-Mar-2026,Debit Card,0.00,485.11,"59,563.31"
ID13578,19-Jan-2026,Transfer,0.00,"1,022.56","1,583.60"
ID13578,11-Mar-2026,Transfer,"1,928.97",0.00,"29,144.71"
ID13578,20-Jan-2026,Direct Deposit,"4,968.78",0.00,"97,077.25"
ID13578,25-Jan-2026,Reversal,0.00,337.15,"96,455.50"
ID13578,09-Feb-2026,Payment,0.00,114.15,"45,214.15"
ID13578,04-Feb-2026,Direct Deposit,"3,553.92",0.00,"25,849.17"
ID13578,10-Mar-2026,Interest,275.22,0.00,"35,228.77"
ID13578,06-Jan-2026,Reversal,724.69,0.00,"75,384.89"
ID13578,25-Mar-2026,Debit Card,0.00,539.10,"84,627.00"
ID13578,03-Apr-2026,ATM Withdrawal,0.00,818.11,"43,138.47"
ID13578,02-Apr-2026,Debit Card,0.00,524.27,"8,770.33"
ID13578,01-Feb-2026,Reversal,0.00,201.36,"23,820.14"
ID13579,31-Jan-2026,Interest,10.55,0.00,"83,100.43"
ID13579,16-Jan-2026,Reversal,"1,502.00",0.00,"25,632.65"
ID13579,21-Jan-2026,Debit Card,0.00,876.91,"62,484.80"
ID13579,10-Mar-2026,Reversal,907.26,0.00,"6,943.09"
ID13579,10-Jan-2026,Transfer,0.00,306.34,"85,404.63"
ID13579,04-Mar-2026,Payment,"1,266.37",0.00,"72,827.73"
ID13579,03-Jan-2026,Reversal,"1,568.68",0.00,"44,218.47"
ID13579,03-Apr-2026,Charge,0.00,213.42,"26,511.70"
ID13579,30-Jan-2026,ATM Withdrawal,0.00,807.61,"2,296.80"
ID13579,19-Mar-2026,Reversal,0.00,"1,426.47","60,295.26"
ID13579,28-Mar-2026,Interest,384.63,0.00,"51,114.15"
ID13579,18-Feb-2026,Payment,"1,254.94",0.00,"25,439.63"
ID13579,02-Mar-2026,Debit Card,0.00,813.56,"2,383.69"
ID13579,25-Jan-2026,Transfer,173.98,0.00,"71,440.58"
ID13579,04-Mar-2026,Payment,0.00,630.18,"12,236.49"
ID13579,19-Mar-2026,Charge,0.00,389.77,"92,951.66"
ID13579,19-Jan-2026,ATM Withdrawal,0.00,358.94,"79,411.91"
ID13579,25-Feb-2026,Charge,0.00,699.96,"57,347.47"
ID13579,22-Jan-2026,Debit Card,0.00,135.51,"65,167.37"
ID13579,29-Mar-2026,Direct Deposit,"1,006.22",0.00,"93,897.75"
ID13580,19-Feb-2026,Reversal,527.18,0.00,"32,699.75"
ID13580,04-Jan-2026,Payment,"1,664.93",0.00,"67,155.87"
ID13580,08-Feb-2026,Direct Deposit,"1,175.42",0.00,"27,636.89"
ID13580,29-Mar-2026,Reversal,"1,985.80",0.00,"50,708.75"
ID13580,24-Feb-2026,Charge,0.00,450.38,"18,886.48"
ID13580,21-Jan-2026,Direct Deposit,997.30,0.00,"93,594.52"
ID13580,08-Jan-2026,Direct Deposit,"4,875.64",0.00,"85,330.21"
ID13580,24-Jan-2026,Charge,0.00,137.54,"51,148.38"
ID13580,31-Jan-2026,Direct Deposit,"1,481.91",0.00,"31,180.67"
ID13580,26-Mar-2026,Debit Card,0.00,383.44,"30,963.46"
ID13580,04-Feb-2026,ATM Withdrawal,0.00,264.54,"18,867.64"
ID13580,20-Jan-2026,ATM Withdrawal,0.00,786.07,"9,893.17"
ID13580,15-Feb-2026,Interest,402.80,0.00,"90,583.15"
ID13580,06-Mar-2026,Charge,0.00,847.87,"43,654.59"
ID13580,25-Feb-2026,Payment,0.00,"1,073.05","89,542.52"
ID13580,28-Mar-2026,Transfer,"1,360.43",0.00,"44,009.88"
ID13580,22-Feb-2026,Direct Deposit,968.69,0.00,"43,208.64"
ID13580,11-Mar-2026,Transfer,408.82,0.00,"92,196.39"
ID13580,28-Feb-2026,Transfer,0.00,433.88,"4,325.85"
ID13580,09-Jan-2026,Payment,0.00,"1,147.49","27,783.97"
ID13581,03-Apr-2026,Payment,230.48,0.00,"12,143.30"
ID13581,04-Mar-2026,Interest,146.91,0.00,"18,152.21"
ID13581,04-Mar-2026,Debit Card,0.00,82.32,"43,694.74"
ID13581,10-Jan-2026,Direct Deposit,"2,658.40",0.00,"59,514.63"
ID13581,20-Jan-2026,Payment,132.86,0.00,"95,383.26"
ID13581,14-Feb-2026,Interest,197.81,0.00,"34,638.89"
ID13581,17-Mar-2026,Charge,0.00,187.04,"34,366.30"
ID13581,10-Feb-2026,Reversal,964.99,0.00,"19,522.01"
ID13581,03-Apr-2026,Interest,195.16,0.00,"73,360.75"
ID13581,08-Feb-2026,Payment,"1,894.59",0.00,"31,264.07"
ID13581,08-Mar-2026,Direct Deposit,"2,288.56",0.00,"17,199.15"
ID13581,21-Mar-2026,Reversal,0.00,572.05,"55,770.97"
ID13581,14-Jan-2026,Debit Card,0.00,316.98,"84,900.36"
ID13581,01-Feb-2026,Direct Deposit,849.77,0.00,"61,909.35"
ID13581,17-Feb-2026,Direct Deposit,"4,268.28",0.00,"95,177.06"
ID13581,22-Jan-2026,Payment,605.99,0.00,"20,773.47"
ID13581,01-Apr-2026,ATM Withdrawal,0.00,325.32,"44,477.16"
ID13581,01-Mar-2026,Reversal,"1,098.90",0.00,"70,843.68"
ID13581,11-Feb-2026,Payment,798.19,0.00,"15,553.41"
ID13581,30-Jan-2026,Debit Card,0.00,886.47,"67,830.66"
ID13582,15-Mar-2026,Interest,209.98,0.00,"67,646.64"
ID13582,10-Mar-2026,Transfer,340.14,0.00,"33,140.57"
ID13582,19-Mar-2026,Payment,668.90,0.00,"38,874.34"
ID13582,02-Feb-2026,Direct Deposit,"4,190.91",0.00,"83,425.45"
ID13582,09-Mar-2026,Transfer,400.32,0.00,"71,903.88"
ID13582,26-Feb-2026,Direct Deposit,"2,180.00",0.00,"81,527.69"
ID13582,31-Jan-2026,Debit Card,0.00,814.59,"86,799.90"
ID13582,28-Jan-2026,Interest,84.35,0.00,"38,509.95"
ID13582,08-Mar-2026,Debit Card,0.00,388.86,"23,631.92"
ID13582,11-Feb-2026,Transfer,129.18,0.00,"90,750.62"
ID13582,01-Feb-2026,Charge,0.00,251.34,"32,159.13"
ID13582,27-Jan-2026,Transfer,0.00,390.45,"5,615.61"
ID13582,13-Mar-2026,Interest,374.36,0.00,"38,143.36"
ID13582,30-Mar-2026,Interest,314.05,0.00,"31,824.77"
ID13582,08-Jan-2026,Interest,144.97,0.00,"43,248.25"
ID13582,30-Jan-2026,ATM Withdrawal,0.00,160.71,"78,958.97"
ID13582,26-Jan-2026,Reversal,121.26,0.00,"34,158.42"
ID13582,12-Jan-2026,Reversal,0.00,"1,199.00","85,262.81"
ID13582,28-Feb-2026,Payment,"1,432.50",0.00,"17,154.40"
ID13582,28-Mar-2026,Interest,209.36,0.00,"96,224.70"
ID13583,22-Mar-2026,Reversal,492.77,0.00,"91,415.59"
ID13583,26-Jan-2026,Reversal,0.00,"1,465.12","24,320.95"
ID13583,08-Feb-2026,Debit Card,0.00,946.71,"42,622.18"
ID13583,16-Feb-2026,Direct Deposit,"4,001.33",0.00,"63,722.01"
ID13583,06-Mar-2026,Transfer,0.00,121.27,"60,291.07"
ID13583,20-Jan-2026,ATM Withdrawal,0.00,402.16,"79,687.81"
ID13583,15-Feb-2026,Reversal,0.00,167.89,"71,074.66"
ID13583,02-Mar-2026,Transfer,0.00,405.34,"2,481.08"
ID13583,27-Jan-2026,Reversal,620.60,0.00,"79,249.00"
ID13583,03-Feb-2026,Charge,0.00,113.41,"42,381.41"
ID13583,18-Jan-2026,ATM Withdrawal,0.00,505.72,"50,751.31"
ID13583,01-Feb-2026,Reversal,0.00,"1,026.32","85,534.61"
ID13583,08-Feb-2026,Interest,259.23,0.00,"73,802.92"
ID13583,19-Mar-2026,Debit Card,0.00,34.26,"18,063.61"
ID13583,15-Mar-2026,Transfer,683.16,0.00,"1,057.52"
ID13583,19-Jan-2026,Debit Card,0.00,503.75,"31,687.76"
ID13583,25-Feb-2026,ATM Withdrawal,0.00,898.88,"5,812.56"
ID13583,05-Feb-2026,Direct Deposit,"1,788.92",0.00,"12,017.28"
ID13583,17-Mar-2026,Direct Deposit,"2,220.92",0.00,"61,653.00"
ID13583,17-Mar-2026,Transfer,0.00,911.15,"5,749.18"
ID13584,25-Mar-2026,Interest,68.42,0.00,"57,942.74"
ID13584,13-Jan-2026,Charge,0.00,800.52,"42,912.38"
ID13584,07-Jan-2026,Transfer,0.00,865.95,"3,730.91"
ID13584,29-Mar-2026,Debit Card,0.00,910.83,"73,256.86"
ID13584,28-Feb-2026,Direct Deposit,"3,877.21",0.00,"26,733.44"
ID13584,17-Feb-2026,Direct Deposit,502.92,0.00,"53,001.17"
ID13584,15-Mar-2026,Debit Card,0.00,284.77,"83,980.05"
ID13584,23-Jan-2026,ATM Withdrawal,0.00,818.86,"98,670.83"
ID13584,16-Jan-2026,Reversal,"1,607.31",0.00,"9,788.79"
ID13584,01-Apr-2026,Debit Card,0.00,446.23,"24,737.19"
ID13584,09-Feb-2026,Transfer,0.00,912.67,"62,337.23"
ID13584,09-Feb-2026,Direct Deposit,"3,160.71",0.00,"4,111.53"
ID13584,14-Jan-2026,ATM Withdrawal,0.00,994.06,"64,800.65"
ID13584,09-Jan-2026,Reversal,0.00,366.24,"7,601.78"
ID13584,26-Mar-2026,Direct Deposit,"3,789.16",0.00,"79,755.60"
ID13584,01-Feb-2026,Reversal,950.96,0.00,"10,351.97"
ID13584,17-Feb-2026,Interest,473.59,0.00,"17,549.17"
ID13584,13-Feb-2026,Transfer,218.46,0.00,"57,016.47"
ID13584,20-Jan-2026,Charge,0.00,813.67,"72,445.39"
ID13584,02-Apr-2026,Direct Deposit,"3,793.72",0.00,"83,219.52"
ID13585,31-Jan-2026,Charge,0.00,652.35,"58,731.77"
ID13585,04-Mar-2026,Reversal,0.00,"1,418.76","80,469.10"
ID13585,01-Feb-2026,Charge,0.00,463.06,"25,205.35"
ID13585,19-Mar-2026,Charge,0.00,298.12,"51,452.03"
ID13585,06-Jan-2026,Reversal,0.00,625.44,"56,023.20"
ID13585,24-Feb-2026,Interest,322.37,0.00,"11,687.96"
ID13585,14-Mar-2026,Debit Card,0.00,581.63,"25,848.29"
ID13585,07-Feb-2026,Interest,72.56,0.00,"81,962.04"
ID13585,21-Jan-2026,Transfer,0.00,"1,156.83","32,081.04"
ID13585,26-Feb-2026,Transfer,"1,293.44",0.00,"48,517.43"
ID13585,15-Mar-2026,Charge,0.00,169.53,"19,642.29"
ID13585,21-Mar-2026,Interest,455.07,0.00,"56,702.16"
ID13585,02-Apr-2026,ATM Withdrawal,0.00,847.87,"92,834.97"
ID13585,26-Feb-2026,Transfer,0.00,482.20,"60,492.52"
ID13585,28-Feb-2026,Transfer,"1,794.17",0.00,"44,352.92"
ID13585,24-Mar-2026,Charge,0.00,348.67,"2,080.55"
ID13585,16-Jan-2026,ATM Withdrawal,0.00,656.53,"3,378.69"
ID13585,05-Mar-2026,Debit Card,0.00,439.63,"57,696.68"
ID13585,06-Jan-2026,Reversal,595.64,0.00,"27,410.07"
ID13585,15-Mar-2026,Reversal,0.00,224.29,"47,193.52"
ID13586,22-Feb-2026,Transfer,0.00,962.48,"96,789.47"
ID13586,17-Mar-2026,Debit Card,0.00,414.24,"39,882.89"
ID13586,28-Feb-2026,Direct Deposit,743.24,0.00,"26,038.38"
ID13586,11-Jan-2026,Charge,0.00,237.94,"55,252.69"
ID13586,07-Feb-2026,Interest,440.90,0.00,"31,642.67"
ID13586,16-Mar-2026,ATM Withdrawal,0.00,817.24,"81,830.15"
ID13586,24-Feb-2026,Debit Card,0.00,129.20,"12,132.03"
ID13586,24-Feb-2026,ATM Withdrawal,0.00,501.57,"2,403.64"
ID13586,26-Mar-2026,Direct Deposit,"4,008.76",0.00,"38,170.36"
ID13586,29-Mar-2026,Direct Deposit,"4,668.24",0.00,"57,680.24"
ID13586,18-Jan-2026,Interest,165.53,0.00,"78,425.49"
ID13586,28-Jan-2026,Charge,0.00,981.68,"87,899.60"
ID13586,27-Jan-2026,Charge,0.00,913.29,"92,132.93"
ID13586,23-Jan-2026,Direct Deposit,"1,628.96",0.00,"76,383.28"
ID13586,12-Feb-2026,Payment,0.00,"1,282.40","46,976.64"
ID13586,06-Mar-2026,Transfer,461.97,0.00,"14,353.08"
ID13586,11-Feb-2026,Transfer,0.00,"1,209.01","35,646.67"
ID13586,06-Feb-2026,Interest,238.55,0.00,"95,557.80"
ID13586,19-Mar-2026,Charge,0.00,426.14,"51,437.60"
ID13586,08-Mar-2026,Transfer,0.00,640.21,"80,568.22"
ID13587,10-Jan-2026,Interest,371.47,0.00,"9,442.45"
ID13587,29-Mar-2026,Debit Card,0.00,220.25,"36,321.03"
ID13587,13-Feb-2026,Reversal,0.00,"1,337.23","57,189.50"
ID13587,23-Mar-2026,Reversal,564.88,0.00,"66,587.18"
ID13587,25-Feb-2026,Debit Card,0.00,417.60,"13,465.06"
ID13587,12-Jan-2026,Reversal,263.64,0.00,"62,543.82"
ID13587,09-Mar-2026,Transfer,0.00,404.50,"17,977.43"
ID13587,04-Feb-2026,Interest,310.65,0.00,"2,314.50"
ID13587,08-Mar-2026,Debit Card,0.00,72.13,"34,803.67"
ID13587,08-Feb-2026,Direct Deposit,"2,091.09",0.00,"91,821.88"
ID13587,28-Mar-2026,Direct Deposit,855.36,0.00,"90,427.66"
ID13587,10-Feb-2026,Interest,270.20,0.00,"12,047.25"
ID13587,13-Feb-2026,Transfer,"1,330.65",0.00,"48,399.93"
ID13587,08-Mar-2026,ATM Withdrawal,0.00,398.06,"14,059.44"
ID13587,28-Feb-2026,Charge,0.00,877.22,"44,246.02"
ID13587,02-Apr-2026,Direct Deposit,655.06,0.00,"64,233.59"
ID13587,01-Feb-2026,Payment,838.79,0.00,"74,648.19"
ID13587,11-Jan-2026,Debit Card,0.00,506.60,"54,215.71"
ID13587,14-Feb-2026,Charge,0.00,754.77,"63,282.95"
ID13587,03-Apr-2026,ATM Withdrawal,0.00,851.57,"26,903.74"
ID13588,21-Feb-2026,Direct Deposit,"2,743.55",0.00,"51,469.07"
ID13588,21-Jan-2026,ATM Withdrawal,0.00,936.25,"61,540.11"
ID13588,16-Mar-2026,Payment,0.00,631.37,"84,251.62"
ID13588,10-Jan-2026,Charge,0.00,701.83,"97,720.66"
ID13588,06-Feb-2026,Charge,0.00,573.86,"96,363.21"
ID13588,03-Jan-2026,Charge,0.00,307.90,"30,039.16"
ID13588,07-Jan-2026,Interest,109.56,0.00,"83,894.68"
ID13588,20-Jan-2026,ATM Withdrawal,0.00,426.13,"59,108.12"
ID13588,24-Feb-2026,Transfer,"1,814.48",0.00,"92,551.29"
ID13588,14-Mar-2026,Direct Deposit,"3,407.79",0.00,"89,097.76"
ID13588,16-Mar-2026,ATM Withdrawal,0.00,797.23,"24,804.54"
ID13588,15-Mar-2026,Direct Deposit,793.71,0.00,"3,514.54"
ID13588,24-Mar-2026,Payment,"1,920.21",0.00,"7,626.07"
ID13588,02-Mar-2026,Reversal,441.96,0.00,"89,965.26"
ID13588,05-Feb-2026,Charge,0.00,679.34,"48,500.85"
ID13588,11-Feb-2026,Debit Card,0.00,811.07,"87,426.85"
ID13588,16-Jan-2026,Direct Deposit,"2,142.22",0.00,"45,083.49"
ID13588,13-Mar-2026,Direct Deposit,"4,746.52",0.00,"2,076.78"
ID13588,30-Jan-2026,Charge,0.00,34.45,"70,836.77"
ID13588,28-Feb-2026,Payment,708.84,0.00,"90,118.72"
ID13589,12-Jan-2026,Interest,364.47,0.00,"94,324.91"
ID13589,12-Mar-2026,Charge,0.00,112.58,"78,951.02"
ID13589,28-Jan-2026,Debit Card,0.00,590.32,"49,423.92"
ID13589,23-Jan-2026,Payment,0.00,878.13,"76,347.18"
ID13589,08-Mar-2026,Payment,0.00,"1,389.37","78,844.53"
ID13589,13-Mar-2026,Payment,605.32,0.00,"23,680.24"
ID13589,17-Feb-2026,ATM Withdrawal,0.00,636.49,"71,546.89"
ID13589,06-Mar-2026,ATM Withdrawal,0.00,777.60,"57,018.28"
ID13589,10-Feb-2026,Payment,0.00,507.14,"84,476.52"
ID13589,02-Mar-2026,ATM Withdrawal,0.00,579.76,"64,436.98"
ID13589,16-Mar-2026,Debit Card,0.00,496.15,"45,788.89"
ID13589,03-Feb-2026,Direct Deposit,"2,096.44",0.00,"4,181.11"
ID13589,31-Mar-2026,Interest,487.34,0.00,"86,320.21"
ID13589,04-Jan-2026,Interest,141.76,0.00,"23,731.52"
ID13589,07-Feb-2026,Charge,0.00,708.40,"71,023.53"
ID13589,10-Mar-2026,Interest,340.96,0.00,"98,599.11"
ID13589,08-Feb-2026,Interest,327.72,0.00,"17,689.95"
ID13589,21-Jan-2026,Direct Deposit,"3,904.02",0.00,"25,727.48"
ID13589,14-Jan-2026,Charge,0.00,272.20,"2,333.55"
ID13589,26-Feb-2026,ATM Withdrawal,0.00,179.91,"27,720.80"
ID13590,15-Feb-2026,Reversal,0.00,82.03,"55,639.99"
ID13590,27-Mar-2026,Charge,0.00,80.13,"65,389.17"
ID13590,11-Feb-2026,Transfer,0.00,382.91,"11,046.01"
ID13590,13-Jan-2026,Charge,0.00,656.94,"70,202.43"
ID13590,10-Mar-2026,Interest,405.37,0.00,"25,940.61"
ID13590,25-Feb-2026,Debit Card,0.00,551.15,"79,590.09"
ID13590,30-Jan-2026,Reversal,"1,390.86",0.00,"35,946.98"
ID13590,20-Mar-2026,Reversal,0.00,225.20,"99,429.11"
ID13590,20-Feb-2026,Debit Card,0.00,641.11,"97,364.35"
ID13590,18-Mar-2026,Payment,"1,288.90",0.00,"86,952.61"
ID13590,05-Feb-2026,Debit Card,0.00,915.74,"64,029.70"
ID13590,10-Jan-2026,ATM Withdrawal,0.00,534.68,"87,058.67"
ID13590,11-Jan-2026,Interest,276.16,0.00,"55,633.25"
ID13590,04-Mar-2026,Reversal,"1,686.48",0.00,"64,787.94"
ID13590,13-Jan-2026,Direct Deposit,"2,596.40",0.00,"21,128.63"
ID13590,05-Feb-2026,Payment,0.00,"1,025.16","7,285.58"
ID13590,04-Jan-2026,Direct Deposit,"3,830.10",0.00,"56,503.21"
ID13590,07-Feb-2026,Charge,0.00,650.28,"45,930.75"
ID13590,27-Feb-2026,Direct Deposit,"4,350.04",0.00,"37,183.26"
ID13590,05-Mar-2026,Transfer,0.00,68.99,"19,969.25"
ID13591,24-Jan-2026,Reversal,"1,453.75",0.00,"20,979.57"
ID13591,07-Feb-2026,Charge,0.00,322.53,"96,035.58"
ID13591,13-Feb-2026,Interest,400.37,0.00,"51,652.38"
ID13591,22-Feb-2026,Reversal,681.91,0.00,"86,732.43"
ID13591,13-Jan-2026,Debit Card,0.00,991.14,"37,673.42"
ID13591,14-Mar-2026,Reversal,0.00,723.44,"6,691.35"
ID13591,06-Jan-2026,Charge,0.00,590.52,"46,949.71"
ID13591,09-Feb-2026,Debit Card,0.00,944.89,"23,540.83"
ID13591,15-Mar-2026,Direct Deposit,"3,737.56",0.00,"93,159.60"
ID13591,03-Mar-2026,Reversal,107.85,0.00,"29,825.14"
ID13591,15-Feb-2026,Transfer,0.00,129.99,"90,632.02"
ID13591,13-Mar-2026,Debit Card,0.00,610.54,"18,896.73"
ID13591,28-Feb-2026,Interest,169.44,0.00,"57,758.54"
ID13591,03-Jan-2026,Charge,0.00,284.29,"75,628.91"
ID13591,31-Mar-2026,ATM Withdrawal,0.00,640.38,"49,061.06"
ID13591,02-Feb-2026,Payment,"1,575.78",0.00,"5,253.55"
ID13591,05-Mar-2026,Interest,262.84,0.00,"65,273.62"
ID13591,18-Mar-2026,Interest,218.23,0.00,"73,600.93"
ID13591,23-Jan-2026,Interest,433.70,0.00,"69,161.51"
ID13591,10-Mar-2026,Interest,489.17,0.00,"74,825.65"
ID13592,10-Mar-2026,Payment,0.00,511.40,"59,370.14"
ID13592,22-Mar-2026,Debit Card,0.00,890.83,"71,575.65"
ID13592,15-Jan-2026,ATM Withdrawal,0.00,268.26,"62,834.46"
ID13592,27-Mar-2026,Debit Card,0.00,998.25,"73,885.26"
ID13592,13-Jan-2026,Debit Card,0.00,240.86,"65,480.80"
ID13592,18-Feb-2026,Direct Deposit,"3,003.55",0.00,"23,369.28"
ID13592,25-Jan-2026,Transfer,477.49,0.00,"1,513.87"
ID13592,21-Jan-2026,Debit Card,0.00,646.05,"48,225.88"
ID13592,11-Mar-2026,Reversal,706.34,0.00,"29,478.76"
ID13592,03-Jan-2026,Interest,112.83,0.00,"96,090.07"
ID13592,26-Feb-2026,Transfer,418.48,0.00,"48,976.74"
ID13592,10-Mar-2026,Transfer,"1,379.68",0.00,"51,471.26"
ID13592,23-Jan-2026,Transfer,"1,681.30",0.00,"22,841.89"
ID13592,22-Feb-2026,Debit Card,0.00,461.64,"61,686.95"
ID13592,11-Jan-2026,Debit Card,0.00,852.55,"82,837.30"
ID13592,21-Jan-2026,Payment,0.00,"1,278.45","39,124.01"
ID13592,08-Jan-2026,Transfer,0.00,313.58,"31,933.75"
ID13592,11-Mar-2026,Direct Deposit,"1,099.26",0.00,"36,748.21"
ID13592,09-Feb-2026,ATM Withdrawal,0.00,645.14,"75,137.02"
ID13592,12-Feb-2026,Reversal,"1,787.53",0.00,"23,803.57"
ID13593,23-Feb-2026,Payment,0.00,154.65,"28,549.38"
ID13593,04-Mar-2026,Interest,189.93,0.00,"32,729.27"
ID13593,27-Feb-2026,Debit Card,0.00,929.00,"62,768.58"
ID13593,29-Jan-2026,Transfer,"1,621.64",0.00,"47,910.50"
ID13593,20-Mar-2026,Charge,0.00,229.97,"67,417.29"
ID13593,13-Feb-2026,Payment,0.00,"1,488.86","30,171.24"
ID13593,31-Jan-2026,Reversal,"1,588.06",0.00,"91,555.60"
ID13593,28-Mar-2026,Payment,"1,963.48",0.00,"46,784.58"
ID13593,04-Mar-2026,Interest,23.35,0.00,"98,798.41"
ID13593,01-Mar-2026,Interest,133.97,0.00,"95,297.38"
ID13593,07-Mar-2026,Reversal,0.00,"1,388.64","29,068.00"
ID13593,23-Feb-2026,ATM Withdrawal,0.00,934.89,"23,976.00"
ID13593,29-Mar-2026,ATM Withdrawal,0.00,784.80,"30,827.59"
ID13593,23-Feb-2026,Charge,0.00,775.27,"97,443.88"
ID13593,20-Feb-2026,Transfer,0.00,713.96,"13,981.52"
ID13593,18-Jan-2026,Payment,"1,841.18",0.00,"97,105.97"
ID13593,30-Jan-2026,Debit Card,0.00,274.95,"42,946.04"
ID13593,12-Feb-2026,ATM Withdrawal,0.00,145.11,"76,550.98"
ID13593,31-Jan-2026,Interest,314.82,0.00,"41,460.59"
ID13593,22-Feb-2026,Transfer,334.53,0.00,"94,324.84"
ID13594,19-Jan-2026,ATM Withdrawal,0.00,987.82,"58,636.75"
ID13594,03-Feb-2026,Interest,345.97,0.00,"56,936.49"
ID13594,19-Mar-2026,Direct Deposit,"3,692.62",0.00,"82,369.53"
ID13594,07-Mar-2026,Interest,188.42,0.00,"76,936.54"
ID13594,01-Apr-2026,Debit Card,0.00,702.67,"61,465.27"
ID13594,05-Jan-2026,Direct Deposit,"4,943.79",0.00,"17,115.39"
ID13594,25-Feb-2026,Direct Deposit,"2,830.78",0.00,"19,374.70"
ID13594,14-Jan-2026,Direct Deposit,"1,246.90",0.00,"79,029.74"
ID13594,08-Feb-2026,ATM Withdrawal,0.00,299.12,"90,122.08"
ID13594,30-Jan-2026,Debit Card,0.00,730.09,"99,978.29"
ID13594,03-Apr-2026,Charge,0.00,364.10,"25,686.59"
ID13594,01-Mar-2026,Payment,0.00,535.76,"94,212.04"
ID13594,09-Jan-2026,Payment,"1,891.97",0.00,"53,911.88"
ID13594,20-Feb-2026,ATM Withdrawal,0.00,716.47,"29,579.39"
ID13594,11-Feb-2026,Debit Card,0.00,249.17,"93,080.51"
ID13594,03-Jan-2026,Charge,0.00,217.43,"76,077.79"
ID13594,21-Jan-2026,Debit Card,0.00,402.66,"43,313.60"
ID13594,11-Feb-2026,Direct Deposit,"3,007.95",0.00,"80,597.32"
ID13594,29-Jan-2026,Direct Deposit,"1,679.47",0.00,"81,515.35"
ID13594,30-Jan-2026,Charge,0.00,897.79,"62,245.86"
ID13595,01-Feb-2026,ATM Withdrawal,0.00,696.89,"71,504.80"
ID13595,03-Apr-2026,Transfer,0.00,"1,388.71","94,200.52"
ID13595,29-Mar-2026,Payment,0.00,81.60,"94,496.15"
ID13595,01-Feb-2026,Payment,0.00,377.84,"27,603.73"
ID13595,11-Feb-2026,Charge,0.00,779.67,"68,598.68"
ID13595,25-Mar-2026,Charge,0.00,985.06,"15,527.06"
ID13595,22-Mar-2026,Interest,18.61,0.00,"93,815.80"
ID13595,24-Jan-2026,Reversal,0.00,315.22,"53,770.14"
ID13595,09-Jan-2026,Direct Deposit,"3,367.64",0.00,"49,750.90"
ID13595,23-Feb-2026,Transfer,786.55,0.00,"22,258.84"
ID13595,30-Mar-2026,Debit Card,0.00,831.96,"16,820.84"
ID13595,30-Jan-2026,Debit Card,0.00,922.39,"77,215.63"
ID13595,02-Mar-2026,Debit Card,0.00,935.51,"60,299.41"
ID13595,14-Mar-2026,Debit Card,0.00,636.98,"99,573.34"
ID13595,16-Jan-2026,Debit Card,0.00,693.14,"77,647.39"
ID13595,12-Feb-2026,Debit Card,0.00,840.06,"58,470.29"
ID13595,15-Feb-2026,Payment,0.00,858.93,"92,075.17"
ID13595,17-Mar-2026,Payment,"1,806.50",0.00,"15,853.27"
ID13595,16-Feb-2026,ATM Withdrawal,0.00,691.15,"91,521.43"
ID13595,17-Feb-2026,Transfer,0.00,400.92,"52,123.84"
ID13596,11-Mar-2026,Charge,0.00,232.17,"15,662.70"
ID13596,09-Feb-2026,Interest,233.57,0.00,"42,442.42"
ID13596,14-Feb-2026,Debit Card,0.00,724.52,"64,108.78"
ID13596,08-Jan-2026,ATM Withdrawal,0.00,817.10,"36,260.82"
ID13596,16-Mar-2026,ATM Withdrawal,0.00,939.36,"55,723.99"
ID13596,16-Feb-2026,Payment,0.00,"1,217.46","5,124.89"
ID13596,08-Feb-2026,Transfer,175.43,0.00,"16,857.26"
ID13596,27-Mar-2026,Interest,199.49,0.00,"38,937.98"
ID13596,07-Jan-2026,Reversal,"1,073.33",0.00,"13,897.28"
ID13596,10-Jan-2026,Debit Card,0.00,946.87,"14,185.99"
ID13596,07-Mar-2026,Reversal,"1,639.57",0.00,"63,741.99"
ID13596,07-Mar-2026,Debit Card,0.00,496.32,"57,319.29"
ID13596,19-Feb-2026,Charge,0.00,338.19,"91,658.25"
ID13596,12-Jan-2026,Interest,258.18,0.00,"99,810.77"
ID13596,23-Mar-2026,Reversal,"1,773.80",0.00,"94,389.89"
ID13596,06-Feb-2026,Interest,82.32,0.00,"76,954.44"
ID13596,03-Jan-2026,ATM Withdrawal,0.00,635.43,"44,875.93"
ID13596,17-Mar-2026,Reversal,0.00,"1,203.50","25,101.31"
ID13596,23-Jan-2026,ATM Withdrawal,0.00,900.01,"34,391.19"
ID13596,17-Jan-2026,Debit Card,0.00,720.03,"54,424.82"
ID13597,01-Mar-2026,ATM Withdrawal,0.00,591.45,"80,406.18"
ID13597,07-Feb-2026,Payment,"1,491.10",0.00,"58,737.39"
ID13597,03-Mar-2026,Charge,0.00,420.26,"99,825.02"
ID13597,30-Jan-2026,Transfer,0.00,821.29,"84,885.36"
ID13597,04-Feb-2026,Debit Card,0.00,37.34,"91,369.07"
ID13597,11-Feb-2026,Interest,209.93,0.00,"27,959.30"
ID13597,26-Jan-2026,Transfer,"1,270.97",0.00,"3,786.56"
ID13597,06-Feb-2026,Debit Card,0.00,470.29,"93,469.98"
ID13597,18-Feb-2026,Transfer,0.00,"1,097.11","2,382.20"
ID13597,13-Mar-2026,Charge,0.00,917.82,"78,412.90"
ID13597,02-Apr-2026,Direct Deposit,"1,556.04",0.00,"98,613.83"
ID13597,27-Feb-2026,Transfer,0.00,"1,200.28","4,362.28"
ID13597,16-Feb-2026,Interest,459.20,0.00,"3,872.43"
ID13597,11-Feb-2026,Interest,265.93,0.00,"22,164.55"
ID13597,07-Feb-2026,Debit Card,0.00,853.08,"31,517.56"
ID13597,24-Mar-2026,ATM Withdrawal,0.00,44.25,"17,493.23"
ID13597,22-Jan-2026,ATM Withdrawal,0.00,195.35,"67,990.84"
ID13597,16-Jan-2026,Direct Deposit,"4,193.42",0.00,"79,364.70"
ID13597,22-Mar-2026,Transfer,"1,861.92",0.00,"44,347.03"
ID13597,09-Mar-2026,ATM Withdrawal,0.00,209.04,"73,363.92"
ID13598,29-Mar-2026,Reversal,479.74,0.00,"51,357.52"
ID13598,21-Feb-2026,Debit Card,0.00,269.14,"6,409.36"
ID13598,31-Jan-2026,Debit Card,0.00,594.00,"46,415.25"
ID13598,03-Apr-2026,ATM Withdrawal,0.00,399.78,"64,098.24"
ID13598,03-Jan-2026,Interest,495.07,0.00,"40,877.40"
ID13598,28-Jan-2026,Payment,636.61,0.00,"3,745.51"
ID13598,08-Feb-2026,Payment,0.00,537.06,"12,734.48"
ID13598,21-Mar-2026,Charge,0.00,838.15,"61,039.50"
ID13598,13-Feb-2026,Charge,0.00,807.69,"94,871.72"
ID13598,22-Mar-2026,Charge,0.00,185.34,"60,598.18"
ID13598,18-Feb-2026,Debit Card,0.00,942.14,"99,497.14"
ID13598,04-Feb-2026,Payment,0.00,"1,424.67","72,267.84"
ID13598,31-Jan-2026,Reversal,0.00,700.21,"16,269.54"
ID13598,23-Mar-2026,Payment,366.36,0.00,"72,141.59"
ID13598,11-Jan-2026,Interest,299.24,0.00,"87,462.11"
ID13598,08-Feb-2026,Interest,272.77,0.00,"5,095.34"
ID13598,14-Feb-2026,Transfer,0.00,756.73,"82,406.11"
ID13598,10-Feb-2026,Interest,454.08,0.00,"81,534.21"
ID13598,13-Mar-2026,Debit Card,0.00,968.87,"7,298.04"
ID13598,13-Feb-2026,Interest,72.02,0.00,"68,254.75"
ID13599,11-Jan-2026,Debit Card,0.00,256.96,"6,566.73"
ID13599,20-Jan-2026,Interest,485.97,0.00,"86,379.18"
ID13599,07-Feb-2026,Charge,0.00,772.98,"69,135.71"
ID13599,10-Feb-2026,Charge,0.00,750.83,"13,804.07"
ID13599,07-Jan-2026,Payment,572.62,0.00,"56,294.78"
ID13599,17-Jan-2026,Payment,0.00,"1,403.58","25,808.05"
ID13599,07-Mar-2026,Payment,0.00,75.52,"58,157.43"
ID13599,27-Feb-2026,Reversal,0.00,549.96,"9,680.36"
ID13599,18-Jan-2026,Direct Deposit,"3,384.46",0.00,"79,657.60"
ID13599,16-Jan-2026,Reversal,146.56,0.00,"57,245.39"
ID13599,13-Feb-2026,Interest,275.34,0.00,"58,022.87"
ID13599,24-Jan-2026,Payment,0.00,182.79,"17,051.18"
ID13599,01-Apr-2026,Interest,461.32,0.00,"46,737.37"
ID13599,30-Mar-2026,Debit Card,0.00,978.11,"97,666.24"
ID13599,15-Jan-2026,ATM Withdrawal,0.00,23.01,"57,840.65"
ID13599,30-Jan-2026,Direct Deposit,"2,627.10",0.00,"25,028.28"
ID13599,12-Mar-2026,Debit Card,0.00,580.19,"19,397.21"
ID13599,28-Jan-2026,Payment,0.00,263.17,"73,771.36"
ID13599,25-Mar-2026,Charge,0.00,790.91,"48,079.80"
ID13599,07-Jan-2026,Direct Deposit,"1,377.80",0.00,"90,782.87"
ID13600,24-Mar-2026,Interest,28.76,0.00,"91,797.16"
ID13600,13-Feb-2026,Direct Deposit,"1,544.25",0.00,"58,071.30"
ID13600,03-Feb-2026,Direct Deposit,"3,116.68",0.00,"37,317.58"
ID13600,16-Mar-2026,Direct Deposit,"2,957.59",0.00,"47,328.58"
ID13600,04-Jan-2026,Direct Deposit,"2,721.39",0.00,"19,466.38"
ID13600,13-Jan-2026,Charge,0.00,414.71,"77,272.81"
ID13600,07-Feb-2026,Debit Card,0.00,810.72,"88,770.81"
ID13600,13-Jan-2026,Charge,0.00,238.30,"82,890.23"
ID13600,03-Mar-2026,Debit Card,0.00,379.13,"99,282.13"
ID13600,01-Mar-2026,Interest,356.15,0.00,"91,367.19"
ID13600,13-Feb-2026,Reversal,0.00,304.94,"88,514.51"
ID13600,08-Feb-2026,Debit Card,0.00,164.15,"50,902.61"
ID13600,13-Feb-2026,Direct Deposit,"2,034.80",0.00,"81,605.34"
ID13600,28-Feb-2026,Charge,0.00,143.76,"72,574.46"
ID13600,03-Apr-2026,Direct Deposit,"3,321.55",0.00,"62,414.21"
ID13600,10-Jan-2026,Interest,273.54,0.00,"90,478.57"
ID13600,08-Feb-2026,Charge,0.00,639.55,"45,366.50"
ID13600,04-Mar-2026,Debit Card,0.00,82.82,"56,942.03"
ID13600,15-Jan-2026,Debit Card,0.00,326.60,"5,346.62"
ID13600,11-Mar-2026,Transfer,840.06,0.00,"28,991.04"
ID13601,10-Jan-2026,Direct Deposit,"4,789.15",0.00,"26,507.11"
ID13601,08-Jan-2026,Reversal,741.79,0.00,"36,390.45"
ID13601,06-Feb-2026,Transfer,0.00,"1,082.19","13,804.49"
ID13601,06-Mar-2026,ATM Withdrawal,0.00,263.41,"21,772.47"
ID13601,26-Mar-2026,Reversal,690.35,0.00,"28,976.55"
ID13601,03-Mar-2026,Direct Deposit,"2,073.82",0.00,"89,620.57"
ID13601,19-Mar-2026,Interest,110.56,0.00,"81,847.31"
ID13601,02-Apr-2026,Direct Deposit,"1,772.16",0.00,"89,321.70"
ID13601,20-Jan-2026,Interest,256.08,0.00,"1,395.16"
ID13601,07-Mar-2026,Debit Card,0.00,540.85,"82,300.33"
ID13601,26-Feb-2026,Debit Card,0.00,866.78,"39,094.13"
ID13601,28-Jan-2026,Charge,0.00,680.33,"36,385.14"
ID13601,06-Mar-2026,ATM Withdrawal,0.00,421.57,"15,397.44"
ID13601,14-Feb-2026,Transfer,"1,641.61",0.00,"25,296.70"
ID13601,22-Feb-2026,Reversal,0.00,255.92,"96,960.00"
ID13601,24-Feb-2026,Payment,"1,016.97",0.00,"92,976.33"
ID13601,24-Mar-2026,Debit Card,0.00,638.71,"64,931.47"
ID13601,29-Jan-2026,Reversal,0.00,623.51,"59,173.64"
ID13601,11-Jan-2026,Reversal,0.00,"1,465.77","56,088.92"
ID13601,04-Mar-2026,Direct Deposit,"2,780.46",0.00,"13,080.91"
ID13602,19-Feb-2026,Transfer,0.00,620.69,"46,155.47"
ID13602,08-Mar-2026,Charge,0.00,955.95,"38,238.46"
ID13602,10-Mar-2026,Payment,"1,445.29",0.00,"82,953.72"
ID13602,02-Feb-2026,ATM Withdrawal,0.00,994.86,"54,921.99"
ID13602,18-Jan-2026,Transfer,0.00,"1,465.15","22,657.45"
ID13602,02-Feb-2026,Direct Deposit,"3,597.54",0.00,"69,037.74"
ID13602,09-Feb-2026,Payment,"1,986.62",0.00,"62,476.07"
ID13602,22-Feb-2026,ATM Withdrawal,0.00,66.67,"49,099.86"
ID13602,19-Jan-2026,Interest,314.11,0.00,"3,043.43"
ID13602,05-Jan-2026,Reversal,0.00,848.27,"45,540.41"
ID13602,11-Jan-2026,Charge,0.00,933.55,"66,973.62"
ID13602,02-Feb-2026,Payment,"1,529.38",0.00,"70,189.50"
ID13602,12-Jan-2026,Payment,151.94,0.00,"80,035.95"
ID13602,02-Feb-2026,Transfer,0.00,218.38,"16,619.92"
ID13602,20-Feb-2026,Transfer,0.00,840.17,"60,065.30"
ID13602,22-Feb-2026,Debit Card,0.00,394.34,"71,035.34"
ID13602,29-Mar-2026,Direct Deposit,"1,509.26",0.00,"39,723.75"
ID13602,11-Jan-2026,Interest,43.07,0.00,"88,765.71"
ID13602,02-Apr-2026,Transfer,0.00,570.06,"30,258.67"
ID13602,21-Mar-2026,Charge,0.00,164.90,"49,529.03"
ID13603,19-Feb-2026,Charge,0.00,269.78,"55,518.59"
ID13603,03-Mar-2026,Transfer,700.88,0.00,"70,079.58"
ID13603,04-Jan-2026,ATM Withdrawal,0.00,885.60,"19,802.27"
ID13603,25-Jan-2026,Debit Card,0.00,808.00,"79,124.32"
ID13603,28-Mar-2026,Debit Card,0.00,530.04,"27,835.66"
ID13603,01-Apr-2026,Transfer,0.00,294.59,"73,921.87"
ID13603,18-Feb-2026,Debit Card,0.00,370.67,"73,112.63"
ID13603,05-Jan-2026,Charge,0.00,329.33,"24,553.57"
ID13603,24-Feb-2026,Transfer,673.37,0.00,"17,622.16"
ID13603,29-Jan-2026,Debit Card,0.00,219.58,"2,054.52"
ID13603,04-Mar-2026,Charge,0.00,751.57,"34,512.97"
ID13603,27-Mar-2026,Direct Deposit,858.02,0.00,"98,448.42"
ID13603,12-Feb-2026,Direct Deposit,500.91,0.00,"45,637.13"
ID13603,12-Feb-2026,Interest,214.60,0.00,"20,550.51"
ID13603,18-Feb-2026,Interest,335.54,0.00,"49,950.06"
ID13603,14-Jan-2026,ATM Withdrawal,0.00,611.98,"96,118.58"
ID13603,21-Mar-2026,Payment,0.00,76.19,"67,012.33"
ID13603,14-Mar-2026,Interest,468.47,0.00,"17,339.79"
ID13603,16-Jan-2026,Direct Deposit,"1,284.96",0.00,"40,432.26"
ID13603,02-Apr-2026,Transfer,0.00,61.48,"99,160.23"
ID13604,04-Feb-2026,ATM Withdrawal,0.00,716.06,"69,324.88"
ID13604,09-Mar-2026,Interest,96.96,0.00,"40,808.06"
ID13604,05-Mar-2026,Direct Deposit,"1,831.97",0.00,"46,190.02"
ID13604,02-Apr-2026,Debit Card,0.00,554.92,"86,889.88"
ID13604,02-Mar-2026,ATM Withdrawal,0.00,393.82,"59,348.28"
ID13604,19-Mar-2026,Debit Card,0.00,859.94,"47,404.41"
ID13604,16-Mar-2026,ATM Withdrawal,0.00,698.85,"1,987.98"
ID13604,03-Feb-2026,Payment,"1,512.31",0.00,"67,598.85"
ID13604,05-Jan-2026,Direct Deposit,"4,924.10",0.00,"56,059.69"
ID13604,25-Feb-2026,Transfer,406.67,0.00,"9,281.54"
ID13604,05-Jan-2026,ATM Withdrawal,0.00,25.00,"71,465.66"
ID13604,18-Mar-2026,Payment,951.24,0.00,"62,446.13"
ID13604,04-Mar-2026,Payment,0.00,"1,475.08","70,374.26"
ID13604,11-Feb-2026,Transfer,781.86,0.00,"12,343.65"
ID13604,02-Apr-2026,Payment,"1,651.57",0.00,"67,757.73"
ID13604,16-Mar-2026,Payment,0.00,457.01,"97,885.80"
ID13604,28-Feb-2026,Payment,377.47,0.00,"82,485.97"
ID13604,12-Feb-2026,Transfer,"1,795.51",0.00,"66,327.30"
ID13604,31-Jan-2026,Debit Card,0.00,180.81,"68,781.12"
ID13604,01-Apr-2026,Charge,0.00,914.93,"52,833.63"
ID13605,25-Feb-2026,Reversal,0.00,149.98,"89,551.95"
ID13605,15-Mar-2026,Payment,245.83,0.00,"28,003.54"
ID13605,03-Jan-2026,Charge,0.00,565.47,"21,494.76"
ID13605,17-Jan-2026,Reversal,"1,491.13",0.00,"57,325.83"
ID13605,03-Apr-2026,Charge,0.00,597.29,"1,055.58"
ID13605,24-Jan-2026,Charge,0.00,725.41,"6,367.84"
ID13605,07-Mar-2026,Charge,0.00,234.22,"86,153.38"
ID13605,10-Feb-2026,Charge,0.00,470.60,"87,021.02"
ID13605,03-Mar-2026,Payment,0.00,293.01,"32,165.67"
ID13605,02-Feb-2026,Interest,13.96,0.00,"10,193.13"
ID13605,11-Mar-2026,Interest,458.03,0.00,"77,355.96"
ID13605,01-Mar-2026,Payment,0.00,716.35,"50,940.12"
ID13605,03-Mar-2026,Reversal,0.00,798.63,"41,101.90"
ID13605,28-Feb-2026,Direct Deposit,"4,257.03",0.00,"93,282.82"
ID13605,10-Mar-2026,Reversal,0.00,787.15,"63,985.53"
ID13605,04-Jan-2026,Charge,0.00,517.64,"38,969.72"
ID13605,09-Mar-2026,Transfer,"1,669.95",0.00,"26,443.02"
ID13605,07-Mar-2026,Debit Card,0.00,649.83,"11,933.18"
ID13605,30-Jan-2026,Reversal,380.86,0.00,"26,896.65"
ID13605,02-Mar-2026,Payment,146.16,0.00,"14,402.24"
ID13606,22-Jan-2026,Reversal,"1,196.64",0.00,"95,477.82"
ID13606,16-Jan-2026,Direct Deposit,679.74,0.00,"40,412.73"
ID13606,02-Mar-2026,ATM Withdrawal,0.00,93.09,"40,508.60"
ID13606,19-Jan-2026,Payment,0.00,829.78,"48,626.06"
ID13606,28-Jan-2026,Payment,0.00,808.44,"69,685.51"
ID13606,19-Feb-2026,Debit Card,0.00,468.71,"75,355.09"
ID13606,28-Mar-2026,Debit Card,0.00,432.36,"86,456.87"
ID13606,25-Mar-2026,Reversal,"1,085.16",0.00,"19,622.20"
ID13606,07-Mar-2026,Transfer,"1,887.72",0.00,"93,518.36"
ID13606,02-Apr-2026,ATM Withdrawal,0.00,79.85,"9,828.45"
ID13606,28-Jan-2026,Reversal,0.00,370.32,"54,685.56"
ID13606,03-Jan-2026,Payment,0.00,"1,113.72","25,265.42"
ID13606,19-Mar-2026,ATM Withdrawal,0.00,601.64,"93,706.15"
ID13606,28-Feb-2026,Debit Card,0.00,322.41,"20,449.49"
ID13606,30-Mar-2026,Transfer,0.00,856.11,"12,344.00"
ID13606,08-Mar-2026,Payment,732.64,0.00,"99,460.91"
ID13606,18-Mar-2026,Charge,0.00,678.21,"22,569.12"
ID13606,09-Mar-2026,Transfer,"1,463.54",0.00,"44,186.39"
ID13606,22-Mar-2026,Transfer,0.00,376.40,"7,295.12"
ID13606,03-Jan-2026,Debit Card,0.00,710.79,"57,462.59"
ID13607,01-Apr-2026,Direct Deposit,"2,547.91",0.00,"3,330.31"
ID13607,11-Feb-2026,Transfer,"1,918.44",0.00,"47,773.97"
ID13607,27-Feb-2026,Charge,0.00,664.26,"53,776.34"
ID13607,19-Feb-2026,ATM Withdrawal,0.00,807.21,"2,967.17"
ID13607,26-Jan-2026,Payment,0.00,703.18,"47,895.44"
ID13607,11-Feb-2026,Direct Deposit,"2,051.18",0.00,"8,530.04"
ID13607,30-Mar-2026,Reversal,0.00,825.53,"29,398.55"
ID13607,17-Feb-2026,Charge,0.00,906.47,"44,784.16"
ID13607,17-Jan-2026,Direct Deposit,"4,017.93",0.00,"87,981.46"
ID13607,09-Feb-2026,Charge,0.00,533.63,"36,136.72"
ID13607,11-Feb-2026,ATM Withdrawal,0.00,638.77,"82,401.63"
ID13607,05-Jan-2026,Charge,0.00,193.50,"36,674.00"
ID13607,04-Mar-2026,Debit Card,0.00,438.45,"21,873.85"
ID13607,01-Feb-2026,Interest,159.91,0.00,"8,118.54"
ID13607,22-Feb-2026,Transfer,"1,707.62",0.00,"56,144.29"
ID13607,16-Jan-2026,Interest,243.61,0.00,"10,571.74"
ID13607,09-Feb-2026,Charge,0.00,430.60,"51,425.99"
ID13607,06-Jan-2026,ATM Withdrawal,0.00,910.94,"98,410.22"
ID13607,25-Feb-2026,Payment,575.28,0.00,"74,249.28"
ID13607,23-Jan-2026,ATM Withdrawal,0.00,814.42,"15,197.93"
ID13608,11-Jan-2026,Reversal,"1,457.41",0.00,"29,244.11"
ID13608,07-Feb-2026,Debit Card,0.00,657.03,"62,076.47"
ID13608,23-Jan-2026,Interest,361.25,0.00,"76,831.16"
ID13608,22-Feb-2026,Direct Deposit,"2,706.27",0.00,"40,129.65"
ID13608,06-Feb-2026,ATM Withdrawal,0.00,925.69,"69,647.11"
ID13608,28-Mar-2026,Charge,0.00,24.78,"21,709.49"
ID13608,20-Jan-2026,Debit Card,0.00,584.64,"85,468.32"
ID13608,03-Mar-2026,Debit Card,0.00,759.66,"76,470.87"
ID13608,13-Feb-2026,Payment,0.00,474.18,"53,536.43"
ID13608,21-Jan-2026,Transfer,0.00,177.13,"48,754.15"
ID13608,21-Feb-2026,Reversal,0.00,"1,417.63","55,145.70"
ID13608,27-Jan-2026,Payment,0.00,658.01,"84,512.52"
ID13608,02-Feb-2026,Reversal,"1,596.90",0.00,"46,235.45"
ID13608,07-Jan-2026,Reversal,0.00,"1,422.66","49,907.27"
ID13608,21-Jan-2026,Reversal,0.00,"1,417.40","50,594.02"
ID13608,13-Mar-2026,ATM Withdrawal,0.00,376.22,"16,901.11"
ID13608,15-Mar-2026,ATM Withdrawal,0.00,998.39,"2,012.23"
ID13608,31-Mar-2026,ATM Withdrawal,0.00,292.09,"36,823.32"
ID13608,21-Mar-2026,Reversal,385.07,0.00,"40,751.63"
ID13608,27-Feb-2026,Charge,0.00,783.36,"85,195.69"
ID13609,28-Jan-2026,Debit Card,0.00,243.19,"83,523.15"
ID13609,02-Mar-2026,Debit Card,0.00,824.04,"54,059.40"
ID13609,27-Jan-2026,Reversal,0.00,"1,480.43","44,276.87"
ID13609,29-Mar-2026,Payment,"1,188.28",0.00,"38,169.92"
ID13609,05-Mar-2026,Transfer,0.00,130.80,"13,099.54"
ID13609,05-Jan-2026,Transfer,"1,004.23",0.00,"59,360.09"
ID13609,01-Apr-2026,Charge,0.00,482.35,"53,742.30"
ID13609,26-Mar-2026,Payment,0.00,"1,254.16","65,005.40"
ID13609,01-Feb-2026,Transfer,"1,280.25",0.00,"29,392.11"
ID13609,18-Feb-2026,Interest,198.06,0.00,"21,803.78"
ID13609,02-Mar-2026,Direct Deposit,"4,528.22",0.00,"87,418.24"
ID13609,09-Jan-2026,Direct Deposit,"1,383.24",0.00,"45,364.00"
ID13609,10-Jan-2026,Interest,200.71,0.00,"88,752.31"
ID13609,20-Feb-2026,Reversal,0.00,655.43,"29,992.72"
ID13609,29-Jan-2026,Interest,370.33,0.00,"29,576.00"
ID13609,23-Feb-2026,ATM Withdrawal,0.00,828.11,"42,256.72"
ID13609,28-Feb-2026,Direct Deposit,"4,153.47",0.00,"48,394.15"
ID13609,09-Mar-2026,Reversal,0.00,559.47,"85,220.06"
ID13609,11-Mar-2026,ATM Withdrawal,0.00,454.11,"73,602.14"
ID13609,20-Jan-2026,Reversal,0.00,"1,269.75","80,787.35"
ID13610,20-Feb-2026,Interest,298.50,0.00,"80,655.49"
ID13610,31-Jan-2026,ATM Withdrawal,0.00,462.01,"18,462.58"
ID13610,23-Jan-2026,Payment,0.00,433.30,"13,625.17"
ID13610,21-Mar-2026,Reversal,714.56,0.00,"64,981.62"
ID13610,06-Feb-2026,Direct Deposit,574.12,0.00,"9,809.74"
ID13610,08-Feb-2026,Charge,0.00,687.90,"1,765.61"
ID13610,04-Jan-2026,Interest,271.64,0.00,"4,994.45"
ID13610,19-Feb-2026,Charge,0.00,938.97,"91,506.09"
ID13610,02-Mar-2026,Debit Card,0.00,401.56,"82,816.87"
ID13610,28-Feb-2026,Payment,"1,823.31",0.00,"56,666.81"
ID13610,24-Mar-2026,Debit Card,0.00,336.42,"24,437.08"
ID13610,22-Jan-2026,Debit Card,0.00,579.41,"23,458.24"
ID13610,14-Jan-2026,Reversal,924.82,0.00,"9,192.81"
ID13610,24-Mar-2026,Transfer,"1,522.96",0.00,"33,781.92"
ID13610,15-Jan-2026,Direct Deposit,"4,273.59",0.00,"26,879.12"
ID13610,14-Feb-2026,Reversal,0.00,378.61,"21,663.39"
ID13610,06-Jan-2026,Charge,0.00,735.18,"66,776.99"
ID13610,01-Feb-2026,Direct Deposit,"3,332.68",0.00,"11,715.69"
ID13610,14-Mar-2026,Reversal,198.13,0.00,"11,917.99"
ID13610,06-Feb-2026,Reversal,0.00,546.11,"90,075.00"
ID13611,03-Apr-2026,Charge,0.00,673.94,"14,911.64"
ID13611,18-Jan-2026,Interest,65.03,0.00,"58,052.57"
ID13611,12-Jan-2026,Charge,0.00,913.61,"69,491.33"
ID13611,27-Mar-2026,Reversal,"1,763.99",0.00,"60,304.54"
ID13611,18-Jan-2026,Charge,0.00,145.58,"47,899.73"
ID13611,24-Mar-2026,Reversal,538.85,0.00,"8,713.96"
ID13611,17-Mar-2026,Direct Deposit,"3,085.26",0.00,"38,827.36"
ID13611,02-Apr-2026,Reversal,"1,674.59",0.00,"61,270.76"
ID13611,23-Jan-2026,Reversal,0.00,911.73,"90,393.58"
ID13611,30-Jan-2026,ATM Withdrawal,0.00,995.44,"67,387.34"
ID13611,20-Mar-2026,Direct Deposit,"2,573.84",0.00,"92,932.43"
ID13611,19-Feb-2026,Reversal,0.00,766.69,"96,618.14"
ID13611,14-Mar-2026,Interest,379.72,0.00,"43,623.48"
ID13611,29-Mar-2026,Direct Deposit,"1,141.30",0.00,"98,427.70"
ID13611,10-Jan-2026,Debit Card,0.00,175.20,"18,369.64"
ID13611,07-Mar-2026,ATM Withdrawal,0.00,417.29,"54,178.66"
ID13611,23-Feb-2026,Transfer,752.53,0.00,"30,643.73"
ID13611,12-Feb-2026,Charge,0.00,305.36,"23,718.11"
ID13611,27-Jan-2026,Debit Card,0.00,202.26,"45,703.83"
ID13611,21-Jan-2026,Direct Deposit,"3,251.80",0.00,"91,216.67"
ID13612,15-Mar-2026,Transfer,347.33,0.00,"74,843.55"
ID13612,06-Mar-2026,Transfer,0.00,"1,239.41","4,608.78"
ID13612,18-Mar-2026,Interest,232.21,0.00,"65,190.55"
ID13612,22-Mar-2026,Direct Deposit,"2,336.05",0.00,"28,385.28"
ID13612,03-Feb-2026,Interest,143.74,0.00,"49,298.10"
ID13612,13-Mar-2026,Direct Deposit,"2,114.79",0.00,"53,757.20"
ID13612,12-Mar-2026,Direct Deposit,"3,569.81",0.00,"69,846.39"
ID13612,03-Apr-2026,Debit Card,0.00,946.81,"88,263.75"
ID13612,25-Mar-2026,Transfer,"1,661.14",0.00,"89,962.93"
ID13612,13-Feb-2026,ATM Withdrawal,0.00,11.58,"10,935.23"
ID13612,10-Mar-2026,Charge,0.00,271.19,"30,618.82"
ID13612,04-Mar-2026,Debit Card,0.00,617.94,"66,185.43"
ID13612,01-Mar-2026,Debit Card,0.00,517.84,"22,204.37"
ID13612,10-Jan-2026,Charge,0.00,144.84,"55,473.98"
ID13612,19-Feb-2026,Payment,0.00,731.88,"74,286.78"
ID13612,12-Jan-2026,Direct Deposit,"4,840.29",0.00,"18,775.44"
ID13612,09-Jan-2026,Direct Deposit,"3,586.50",0.00,"33,350.28"
ID13612,17-Feb-2026,Charge,0.00,631.35,"6,879.76"
ID13612,21-Jan-2026,Direct Deposit,"3,347.14",0.00,"26,058.59"
ID13612,08-Mar-2026,Transfer,644.28,0.00,"54,008.58"
ID13613,27-Mar-2026,Transfer,0.00,299.90,"98,372.49"
ID13613,20-Jan-2026,Transfer,"1,998.67",0.00,"24,472.81"
ID13613,12-Mar-2026,Debit Card,0.00,869.65,"28,877.10"
ID13613,29-Jan-2026,Debit Card,0.00,480.74,"17,142.93"
ID13613,03-Mar-2026,Charge,0.00,965.23,"92,312.23"
ID13613,23-Mar-2026,ATM Withdrawal,0.00,119.96,"69,396.73"
ID13613,25-Jan-2026,Debit Card,0.00,999.65,"47,868.17"
ID13613,10-Feb-2026,Payment,"1,011.93",0.00,"94,703.14"
ID13613,22-Feb-2026,Direct Deposit,"4,964.23",0.00,"17,645.09"
ID13613,03-Feb-2026,Direct Deposit,"1,390.08",0.00,"66,932.08"
ID13613,19-Jan-2026,Debit Card,0.00,738.80,"36,760.30"
ID13613,13-Jan-2026,Transfer,0.00,781.99,"4,603.83"
ID13613,24-Jan-2026,Payment,0.00,"1,187.47","82,659.11"
ID13613,03-Feb-2026,Reversal,252.09,0.00,"20,750.79"
ID13613,01-Mar-2026,Reversal,0.00,399.26,"64,452.06"
ID13613,15-Mar-2026,Charge,0.00,120.54,"10,778.53"
ID13613,05-Mar-2026,ATM Withdrawal,0.00,659.14,"43,919.94"
ID13613,03-Jan-2026,Direct Deposit,"1,595.05",0.00,"13,205.66"
ID13613,26-Feb-2026,Debit Card,0.00,381.78,"33,145.32"
ID13613,20-Mar-2026,Debit Card,0.00,508.67,"42,315.61"
ID13614,01-Apr-2026,ATM Withdrawal,0.00,680.39,"84,379.17"
ID13614,17-Feb-2026,Charge,0.00,306.62,"92,901.12"
ID13614,02-Mar-2026,Debit Card,0.00,658.10,"78,666.78"
ID13614,20-Feb-2026,Debit Card,0.00,420.54,"6,364.91"
ID13614,29-Jan-2026,Debit Card,0.00,209.45,"81,451.49"
ID13614,17-Jan-2026,Debit Card,0.00,33.22,"82,669.27"
ID13614,16-Mar-2026,Reversal,"1,731.40",0.00,"34,139.85"
ID13614,14-Jan-2026,Transfer,0.00,975.64,"98,987.94"
ID13614,10-Mar-2026,Reversal,"1,017.94",0.00,"3,105.35"
ID13614,15-Feb-2026,ATM Withdrawal,0.00,283.23,"43,940.46"
ID13614,16-Jan-2026,Debit Card,0.00,88.66,"5,823.59"
ID13614,05-Feb-2026,Reversal,0.00,516.70,"37,950.15"
ID13614,09-Jan-2026,Debit Card,0.00,649.17,"16,191.57"
ID13614,22-Jan-2026,Debit Card,0.00,354.36,"83,830.03"
ID13614,12-Feb-2026,Reversal,658.24,0.00,"52,512.88"
ID13614,05-Mar-2026,Reversal,0.00,789.29,"39,481.91"
ID13614,13-Feb-2026,Charge,0.00,868.16,"21,559.13"
ID13614,22-Jan-2026,Debit Card,0.00,144.30,"73,648.22"
ID13614,24-Jan-2026,Direct Deposit,"1,475.15",0.00,"38,377.19"
ID13614,09-Jan-2026,Transfer,0.00,984.06,"23,348.83"
ID13615,04-Feb-2026,Interest,403.49,0.00,"22,392.14"
ID13615,10-Feb-2026,Debit Card,0.00,52.67,"24,695.01"
ID13615,12-Feb-2026,Debit Card,0.00,470.52,"92,020.88"
ID13615,26-Mar-2026,Debit Card,0.00,880.72,"6,620.14"
ID13615,02-Feb-2026,Charge,0.00,867.25,"10,993.32"
ID13615,23-Mar-2026,Direct Deposit,"1,543.27",0.00,"53,125.82"
ID13615,24-Jan-2026,Payment,"1,609.34",0.00,"7,738.54"
ID13615,25-Jan-2026,Transfer,0.00,"1,244.77","94,959.45"
ID13615,09-Mar-2026,Debit Card,0.00,839.86,"33,935.80"
ID13615,19-Mar-2026,Debit Card,0.00,436.70,"3,532.13"
ID13615,17-Jan-2026,Direct Deposit,"1,342.85",0.00,"33,379.66"
ID13615,27-Jan-2026,Interest,194.67,0.00,"47,436.33"
ID13615,08-Mar-2026,Transfer,866.14,0.00,"90,144.91"
ID13615,03-Jan-2026,Charge,0.00,542.73,"65,309.66"
ID13615,21-Jan-2026,ATM Withdrawal,0.00,343.87,"12,870.89"
ID13615,24-Jan-2026,Payment,510.87,0.00,"17,175.01"
ID13615,14-Jan-2026,Transfer,0.00,308.57,"39,205.60"
ID13615,02-Feb-2026,Charge,0.00,538.78,"38,328.12"
ID13615,13-Mar-2026,Charge,0.00,54.51,"71,891.86"
ID13615,19-Mar-2026,ATM Withdrawal,0.00,819.00,"68,609.23"
ID13616,16-Feb-2026,Debit Card,0.00,566.65,"70,013.79"
ID13616,22-Mar-2026,Transfer,0.00,"1,286.14","80,149.52"
ID13616,18-Jan-2026,Reversal,732.29,0.00,"8,624.00"
ID13616,25-Jan-2026,Interest,227.59,0.00,"95,777.59"
ID13616,09-Feb-2026,Transfer,"1,914.14",0.00,"45,096.85"
ID13616,16-Feb-2026,Charge,0.00,510.41,"36,824.76"
ID13616,06-Jan-2026,Charge,0.00,98.60,"24,961.46"
ID13616,28-Feb-2026,Reversal,0.00,"1,490.76","40,396.82"
ID13616,02-Feb-2026,Direct Deposit,"3,379.98",0.00,"51,978.78"
ID13616,28-Jan-2026,Payment,0.00,846.78,"20,396.62"
ID13616,14-Mar-2026,Debit Card,0.00,811.04,"97,415.46"
ID13616,20-Jan-2026,Debit Card,0.00,650.23,"20,641.45"
ID13616,30-Jan-2026,Debit Card,0.00,342.66,"73,949.91"
ID13616,10-Feb-2026,Charge,0.00,971.72,"6,891.89"
ID13616,10-Feb-2026,Direct Deposit,"4,749.74",0.00,"58,663.74"
ID13616,08-Mar-2026,Interest,28.67,0.00,"62,783.05"
ID13616,08-Jan-2026,ATM Withdrawal,0.00,38.78,"94,768.97"
ID13616,13-Mar-2026,Reversal,631.07,0.00,"14,794.20"
ID13616,05-Feb-2026,Debit Card,0.00,759.33,"53,092.97"
ID13616,26-Jan-2026,Transfer,0.00,"1,148.01","15,890.59"
ID13617,03-Feb-2026,ATM Withdrawal,0.00,616.20,"26,661.80"
ID13617,13-Jan-2026,Debit Card,0.00,355.68,"80,219.59"
ID13617,04-Mar-2026,Interest,80.07,0.00,"40,018.74"
ID13617,02-Feb-2026,ATM Withdrawal,0.00,327.65,"78,136.32"
ID13617,15-Jan-2026,Charge,0.00,956.17,"93,934.84"
ID13617,28-Jan-2026,Direct Deposit,"4,999.20",0.00,"94,907.53"
ID13617,23-Feb-2026,ATM Withdrawal,0.00,39.04,"71,186.20"
ID13617,12-Mar-2026,Direct Deposit,"3,282.34",0.00,"22,588.64"
ID13617,17-Feb-2026,Payment,0.00,"1,353.42","73,910.70"
ID13617,27-Mar-2026,Direct Deposit,"2,087.17",0.00,"54,311.40"
ID13617,31-Mar-2026,ATM Withdrawal,0.00,75.75,"4,077.37"
ID13617,31-Mar-2026,Interest,414.57,0.00,"31,890.27"
ID13617,03-Mar-2026,ATM Withdrawal,0.00,609.15,"60,537.99"
ID13617,30-Mar-2026,ATM Withdrawal,0.00,306.32,"37,568.12"
ID13617,19-Feb-2026,Debit Card,0.00,375.19,"38,557.60"
ID13617,12-Mar-2026,Reversal,"1,293.47",0.00,"46,773.94"
ID13617,04-Feb-2026,Interest,183.21,0.00,"21,636.84"
ID13617,15-Jan-2026,Debit Card,0.00,765.18,"72,470.68"
ID13617,26-Feb-2026,Direct Deposit,802.30,0.00,"48,916.48"
ID13617,19-Jan-2026,ATM Withdrawal,0.00,174.27,"64,978.00"
ID13618,04-Jan-2026,Payment,991.96,0.00,"45,898.37"
ID13618,08-Jan-2026,ATM Withdrawal,0.00,35.15,"73,475.59"
ID13618,23-Jan-2026,Debit Card,0.00,610.95,"49,321.85"
ID13618,22-Jan-2026,Direct Deposit,"2,400.41",0.00,"71,722.47"
ID13618,02-Mar-2026,Reversal,"1,387.61",0.00,"51,529.82"
ID13618,20-Feb-2026,Transfer,690.51,0.00,"72,334.31"
ID13618,18-Feb-2026,Debit Card,0.00,53.62,"37,103.23"
ID13618,16-Feb-2026,Direct Deposit,"2,781.05",0.00,"85,601.27"
ID13618,04-Jan-2026,ATM Withdrawal,0.00,175.50,"93,035.80"
ID13618,14-Mar-2026,Transfer,0.00,535.72,"3,132.86"
ID13618,31-Jan-2026,ATM Withdrawal,0.00,581.71,"19,512.56"
ID13618,15-Feb-2026,Payment,395.09,0.00,"8,094.65"
ID13618,23-Feb-2026,Payment,0.00,102.08,"91,995.56"
ID13618,31-Jan-2026,Interest,104.99,0.00,"49,309.48"
ID13618,21-Jan-2026,ATM Withdrawal,0.00,253.41,"35,200.92"
ID13618,27-Mar-2026,Payment,0.00,141.90,"20,598.95"
ID13618,02-Feb-2026,Charge,0.00,603.98,"15,541.05"
ID13618,09-Feb-2026,Payment,0.00,593.66,"30,640.40"
ID13618,03-Apr-2026,Debit Card,0.00,829.56,"3,177.85"
ID13618,18-Jan-2026,Debit Card,0.00,763.76,"84,680.98"
ID13619,06-Jan-2026,Direct Deposit,"1,039.76",0.00,"53,790.96"
ID13619,19-Jan-2026,Debit Card,0.00,617.76,"13,221.17"
ID13619,28-Mar-2026,Payment,0.00,275.77,"96,153.30"
ID13619,23-Jan-2026,Reversal,621.73,0.00,"76,038.10"
ID13619,28-Jan-2026,Reversal,"1,106.98",0.00,"28,908.11"
ID13619,11-Jan-2026,Direct Deposit,"2,556.48",0.00,"58,498.30"
ID13619,19-Jan-2026,Charge,0.00,872.79,"80,183.83"
ID13619,24-Mar-2026,Direct Deposit,"1,245.97",0.00,"64,899.81"
ID13619,25-Feb-2026,ATM Withdrawal,0.00,773.85,"54,621.00"
ID13619,22-Feb-2026,Payment,595.09,0.00,"61,827.91"
ID13619,15-Mar-2026,Interest,212.74,0.00,"96,574.04"
ID13619,22-Mar-2026,Reversal,0.00,"1,244.63","38,890.29"
ID13619,20-Jan-2026,Debit Card,0.00,470.76,"32,858.62"
ID13619,03-Jan-2026,Debit Card,0.00,512.76,"40,177.82"
ID13619,07-Feb-2026,Direct Deposit,"1,023.62",0.00,"53,586.08"
ID13619,06-Jan-2026,ATM Withdrawal,0.00,743.28,"94,017.65"
ID13619,19-Mar-2026,Payment,990.94,0.00,"85,653.54"
ID13619,25-Mar-2026,Transfer,"1,622.49",0.00,"99,725.88"
ID13619,13-Mar-2026,Interest,427.84,0.00,"52,259.46"
ID13619,26-Feb-2026,Debit Card,0.00,930.11,"79,540.76"
ID13620,05-Mar-2026,Interest,430.25,0.00,"34,750.96"
ID13620,03-Jan-2026,ATM Withdrawal,0.00,106.31,"1,209.77"
ID13620,25-Mar-2026,Charge,0.00,553.05,"71,150.50"
ID13620,21-Mar-2026,Reversal,"1,757.12",0.00,"74,563.05"
ID13620,20-Mar-2026,Debit Card,0.00,342.99,"98,340.43"
ID13620,23-Mar-2026,Payment,416.65,0.00,"86,363.04"
ID13620,17-Jan-2026,Transfer,"1,057.63",0.00,"12,732.47"
ID13620,17-Jan-2026,ATM Withdrawal,0.00,28.92,"85,553.46"
ID13620,16-Jan-2026,Debit Card,0.00,591.05,"87,893.07"
ID13620,15-Feb-2026,Reversal,"1,302.34",0.00,"74,363.38"
ID13620,09-Feb-2026,Transfer,0.00,433.78,"87,352.69"
ID13620,09-Mar-2026,Transfer,0.00,"1,413.13","60,415.49"
ID13620,28-Feb-2026,Transfer,"1,622.67",0.00,"6,894.40"
ID13620,04-Mar-2026,Direct Deposit,837.50,0.00,"26,567.43"
ID13620,10-Jan-2026,ATM Withdrawal,0.00,513.97,"25,155.85"
ID13620,19-Mar-2026,ATM Withdrawal,0.00,319.14,"71,930.11"
ID13620,01-Feb-2026,Charge,0.00,795.61,"9,263.71"
ID13620,16-Jan-2026,Debit Card,0.00,622.76,"38,050.88"
ID13620,11-Jan-2026,Direct Deposit,"4,889.32",0.00,"1,150.89"
ID13620,15-Mar-2026,Direct Deposit,603.83,0.00,"20,058.43"
ID13621,01-Mar-2026,Charge,0.00,417.02,"39,742.97"
ID13621,20-Feb-2026,Charge,0.00,861.75,"66,551.94"
ID13621,10-Jan-2026,Direct Deposit,"2,711.07",0.00,"57,768.24"
ID13621,13-Jan-2026,ATM Withdrawal,0.00,937.98,"16,023.86"
ID13621,25-Mar-2026,Direct Deposit,"1,213.92",0.00,"33,430.85"
ID13621,07-Mar-2026,Interest,116.83,0.00,"15,070.35"
ID13621,27-Jan-2026,Charge,0.00,366.78,"44,284.88"
ID13621,19-Feb-2026,ATM Withdrawal,0.00,912.33,"86,547.30"
ID13621,17-Feb-2026,Debit Card,0.00,509.32,"72,680.44"
ID13621,11-Feb-2026,ATM Withdrawal,0.00,529.86,"39,900.11"
ID13621,21-Jan-2026,ATM Withdrawal,0.00,984.37,"33,628.90"
ID13621,01-Apr-2026,Debit Card,0.00,415.87,"96,786.38"
ID13621,11-Mar-2026,Debit Card,0.00,909.19,"33,444.32"
ID13621,22-Jan-2026,Reversal,"1,763.93",0.00,"50,459.90"
ID13621,13-Mar-2026,Payment,0.00,947.04,"64,928.78"
ID13621,08-Feb-2026,Interest,140.15,0.00,"3,108.16"
ID13621,07-Jan-2026,ATM Withdrawal,0.00,568.22,"15,085.38"
ID13621,24-Jan-2026,ATM Withdrawal,0.00,567.61,"84,901.89"
ID13621,08-Mar-2026,Reversal,565.80,0.00,"95,075.39"
ID13621,19-Jan-2026,Charge,0.00,587.97,"59,063.87"
ID13622,04-Jan-2026,ATM Withdrawal,0.00,465.58,"77,958.34"
ID13622,15-Mar-2026,Interest,492.23,0.00,"26,638.91"
ID13622,24-Feb-2026,Interest,453.06,0.00,"95,285.08"
ID13622,07-Mar-2026,Direct Deposit,"2,769.64",0.00,"2,261.85"
ID13622,05-Jan-2026,Payment,0.00,587.80,"62,875.98"
ID13622,03-Jan-2026,Charge,0.00,168.14,"64,938.17"
ID13622,30-Mar-2026,Transfer,0.00,"1,215.64","33,344.35"
ID13622,17-Feb-2026,ATM Withdrawal,0.00,278.93,"14,044.98"
ID13622,20-Feb-2026,Direct Deposit,"2,191.87",0.00,"48,863.42"
ID13622,07-Mar-2026,Charge,0.00,800.53,"88,679.05"
ID13622,26-Feb-2026,Reversal,0.00,452.10,"98,587.89"
ID13622,22-Jan-2026,Charge,0.00,296.66,"10,490.83"
ID13622,09-Mar-2026,Direct Deposit,"1,587.17",0.00,"17,791.33"
ID13622,29-Jan-2026,Transfer,"1,860.86",0.00,"14,424.21"
ID13622,08-Feb-2026,Charge,0.00,123.43,"46,351.27"
ID13622,13-Feb-2026,Interest,267.21,0.00,"3,987.22"
ID13622,10-Mar-2026,Direct Deposit,"2,443.54",0.00,"79,918.09"
ID13622,17-Jan-2026,Transfer,0.00,"1,373.34","14,742.03"
ID13622,11-Feb-2026,Charge,0.00,798.53,"17,782.45"
ID13622,16-Feb-2026,Payment,0.00,933.65,"29,922.97"
ID13623,12-Jan-2026,Reversal,0.00,621.63,"42,284.71"
ID13623,23-Feb-2026,Transfer,920.85,0.00,"53,299.51"
ID13623,24-Jan-2026,Interest,46.44,0.00,"95,377.85"
ID13623,18-Jan-2026,Reversal,0.00,149.23,"46,061.36"
ID13623,27-Jan-2026,Direct Deposit,"1,956.54",0.00,"55,945.90"
ID13623,21-Jan-2026,Charge,0.00,20.76,"81,045.29"
ID13623,29-Jan-2026,Charge,0.00,152.64,"24,805.97"
ID13623,26-Feb-2026,Interest,297.20,0.00,"19,569.32"
ID13623,11-Feb-2026,ATM Withdrawal,0.00,403.97,"17,276.87"
ID13623,19-Mar-2026,Reversal,"1,376.96",0.00,"86,408.46"
ID13623,04-Jan-2026,Reversal,0.00,"1,175.22","53,518.30"
ID13623,29-Jan-2026,Debit Card,0.00,122.21,"55,109.82"
ID13623,22-Mar-2026,Direct Deposit,"2,075.13",0.00,"90,764.40"
ID13623,16-Feb-2026,Direct Deposit,"3,384.11",0.00,"89,981.85"
ID13623,16-Mar-2026,Payment,0.00,"1,152.54","18,444.06"
ID13623,04-Mar-2026,Debit Card,0.00,431.35,"22,138.90"
ID13623,30-Mar-2026,Debit Card,0.00,133.68,"89,487.39"
ID13623,08-Mar-2026,Reversal,341.35,0.00,"72,295.38"
ID13623,22-Mar-2026,Charge,0.00,683.10,"69,176.07"
ID13623,17-Jan-2026,Charge,0.00,231.69,"38,412.03"
ID13624,16-Feb-2026,Direct Deposit,"2,126.78",0.00,"88,441.98"
ID13624,14-Feb-2026,Reversal,"1,312.17",0.00,"40,638.50"
ID13624,27-Feb-2026,Transfer,288.98,0.00,"33,944.61"
ID13624,31-Mar-2026,Direct Deposit,"1,738.82",0.00,"54,418.31"
ID13624,29-Mar-2026,Payment,968.61,0.00,"54,302.64"
ID13624,12-Jan-2026,Direct Deposit,"4,812.59",0.00,"16,002.04"
ID13624,16-Jan-2026,Charge,0.00,794.12,"73,999.90"
ID13624,06-Feb-2026,Charge,0.00,774.72,"28,562.80"
ID13624,13-Jan-2026,Reversal,0.00,324.69,"93,411.83"
ID13624,15-Jan-2026,Debit Card,0.00,684.04,"54,834.49"
ID13624,07-Jan-2026,Transfer,0.00,491.63,"22,367.67"
ID13624,31-Jan-2026,Direct Deposit,"2,024.70",0.00,"44,929.33"
ID13624,16-Feb-2026,Interest,454.53,0.00,"42,959.05"
ID13624,29-Mar-2026,Direct Deposit,"1,285.42",0.00,"91,683.95"
ID13624,27-Jan-2026,Debit Card,0.00,953.65,"45,381.27"
ID13624,26-Feb-2026,Debit Card,0.00,943.89,"24,518.34"
ID13624,22-Jan-2026,Transfer,0.00,754.45,"39,488.79"
ID13624,21-Mar-2026,Debit Card,0.00,371.73,"43,750.82"
ID13624,07-Feb-2026,ATM Withdrawal,0.00,735.41,"69,789.74"
ID13624,02-Feb-2026,Debit Card,0.00,415.62,"81,864.86"
ID13625,13-Mar-2026,Debit Card,0.00,912.02,"43,917.65"
ID13625,24-Jan-2026,Interest,108.13,0.00,"9,525.14"
ID13625,21-Mar-2026,Reversal,769.60,0.00,"34,259.52"
ID13625,25-Jan-2026,Reversal,0.00,"1,143.08","58,404.55"
ID13625,05-Feb-2026,Transfer,0.00,"1,404.55","7,357.15"
ID13625,16-Feb-2026,Interest,431.18,0.00,"40,693.32"
ID13625,11-Jan-2026,Charge,0.00,282.34,"77,943.23"
ID13625,14-Mar-2026,ATM Withdrawal,0.00,933.23,"43,904.81"
ID13625,15-Feb-2026,Payment,0.00,"1,147.07","55,909.56"
ID13625,27-Jan-2026,Charge,0.00,788.94,"88,781.14"
ID13625,13-Jan-2026,Transfer,0.00,293.23,"38,151.21"
ID13625,07-Jan-2026,Direct Deposit,"2,862.08",0.00,"47,807.72"
ID13625,23-Mar-2026,Charge,0.00,882.53,"51,527.30"
ID13625,23-Jan-2026,Debit Card,0.00,30.39,"19,937.75"
ID13625,26-Jan-2026,Transfer,"1,361.58",0.00,"92,268.78"
ID13625,08-Feb-2026,Payment,0.00,775.45,"99,665.43"
ID13625,08-Feb-2026,Direct Deposit,"2,503.01",0.00,"54,994.08"
ID13625,26-Mar-2026,Reversal,"1,139.98",0.00,"50,137.86"
ID13625,26-Mar-2026,Transfer,400.41,0.00,"90,505.94"
ID13625,12-Mar-2026,ATM Withdrawal,0.00,22.80,"51,806.91"
ID13626,27-Mar-2026,Charge,0.00,262.08,"60,659.04"
ID13626,25-Mar-2026,Transfer,644.90,0.00,"64,538.49"
ID13626,30-Mar-2026,Transfer,0.00,95.79,"48,584.62"
ID13626,06-Jan-2026,Debit Card,0.00,774.71,"7,420.34"
ID13626,01-Apr-2026,Transfer,0.00,467.81,"77,857.52"
ID13626,18-Feb-2026,Debit Card,0.00,189.30,"35,403.55"
ID13626,12-Feb-2026,Charge,0.00,862.60,"82,272.34"
ID13626,05-Mar-2026,Reversal,0.00,998.54,"79,574.62"
ID13626,21-Mar-2026,Debit Card,0.00,477.62,"46,190.20"
ID13626,21-Mar-2026,Payment,982.44,0.00,"65,218.49"
ID13626,11-Jan-2026,Interest,366.03,0.00,"67,748.86"
ID13626,05-Feb-2026,Reversal,0.00,85.33,"85,647.12"
ID13626,16-Feb-2026,Direct Deposit,506.15,0.00,"23,335.84"
ID13626,19-Feb-2026,Charge,0.00,783.35,"72,184.65"
ID13626,29-Mar-2026,Interest,36.10,0.00,"60,905.46"
ID13626,18-Jan-2026,Direct Deposit,"3,979.96",0.00,"71,245.81"
ID13626,02-Apr-2026,Transfer,0.00,785.64,"84,136.74"
ID13626,03-Apr-2026,Debit Card,0.00,623.72,"59,023.95"
ID13626,30-Jan-2026,Interest,407.80,0.00,"3,243.36"
ID13626,07-Feb-2026,ATM Withdrawal,0.00,387.34,"9,007.68"
ID13627,22-Mar-2026,ATM Withdrawal,0.00,142.74,"12,854.02"
ID13627,03-Mar-2026,Reversal,0.00,303.81,"65,007.56"
ID13627,17-Jan-2026,Reversal,0.00,506.52,"35,563.37"
ID13627,21-Mar-2026,Transfer,945.19,0.00,"15,292.04"
ID13627,29-Jan-2026,Transfer,"1,608.70",0.00,"4,244.68"
ID13627,29-Mar-2026,ATM Withdrawal,0.00,132.77,"70,492.83"
ID13627,03-Feb-2026,Payment,"1,241.32",0.00,"24,515.64"
ID13627,24-Feb-2026,Reversal,830.65,0.00,"19,302.53"
ID13627,13-Mar-2026,Debit Card,0.00,901.46,"98,304.02"
ID13627,15-Feb-2026,Charge,0.00,371.13,"25,990.60"
ID13627,06-Jan-2026,Debit Card,0.00,733.87,"31,153.90"
ID13627,18-Feb-2026,Reversal,"1,062.30",0.00,"27,601.40"
ID13627,02-Mar-2026,Interest,325.34,0.00,"31,916.95"
ID13627,16-Mar-2026,Transfer,0.00,"1,383.85","25,711.43"
ID13627,13-Mar-2026,Transfer,"1,262.04",0.00,"83,454.12"
ID13627,01-Mar-2026,Debit Card,0.00,212.50,"89,266.54"
ID13627,19-Feb-2026,ATM Withdrawal,0.00,337.15,"55,918.12"
ID13627,16-Jan-2026,Direct Deposit,"3,155.08",0.00,"80,085.17"
ID13627,09-Feb-2026,Interest,244.77,0.00,"26,344.02"
ID13627,13-Mar-2026,Debit Card,0.00,79.01,"88,377.84"
ID13628,26-Feb-2026,Charge,0.00,47.94,"52,222.48"
ID13628,16-Feb-2026,Reversal,0.00,499.86,"32,109.43"
ID13628,12-Jan-2026,Charge,0.00,787.16,"61,483.99"
ID13628,31-Jan-2026,Payment,0.00,"1,382.39","3,769.03"
ID13628,20-Feb-2026,Direct Deposit,"1,162.82",0.00,"15,292.59"
ID13628,01-Apr-2026,Debit Card,0.00,362.12,"25,590.21"
ID13628,26-Mar-2026,Direct Deposit,"3,578.84",0.00,"49,353.58"
ID13628,27-Jan-2026,Charge,0.00,743.11,"63,293.48"
ID13628,29-Jan-2026,Charge,0.00,776.91,"60,089.04"
ID13628,01-Mar-2026,Direct Deposit,"4,478.61",0.00,"98,123.51"
ID13628,10-Jan-2026,Charge,0.00,269.97,"2,012.25"
ID13628,15-Feb-2026,Direct Deposit,"4,770.31",0.00,"12,417.31"
ID13628,15-Feb-2026,Interest,148.89,0.00,"86,748.83"
ID13628,23-Mar-2026,Charge,0.00,145.16,"10,870.94"
ID13628,23-Feb-2026,Direct Deposit,"4,141.07",0.00,"13,878.52"
ID13628,23-Mar-2026,Reversal,0.00,988.41,"62,894.32"
ID13628,29-Jan-2026,ATM Withdrawal,0.00,232.11,"57,989.92"
ID13628,27-Jan-2026,Payment,0.00,"1,248.56","35,386.55"
ID13628,31-Mar-2026,ATM Withdrawal,0.00,670.87,"75,873.09"
ID13628,04-Mar-2026,Interest,32.56,0.00,"50,212.33"
ID13629,05-Mar-2026,Charge,0.00,291.88,"72,806.75"
ID13629,07-Feb-2026,Transfer,517.64,0.00,"16,589.15"
ID13629,08-Jan-2026,Interest,343.08,0.00,"86,374.51"
ID13629,02-Apr-2026,Charge,0.00,54.85,"47,609.54"
ID13629,18-Feb-2026,Interest,96.03,0.00,"82,591.82"
ID13629,30-Mar-2026,Transfer,"1,461.13",0.00,"53,008.73"
ID13629,18-Jan-2026,ATM Withdrawal,0.00,357.81,"47,010.37"
ID13629,22-Feb-2026,Reversal,"1,862.00",0.00,"40,506.02"
ID13629,12-Mar-2026,Charge,0.00,311.50,"72,060.83"
ID13629,10-Jan-2026,Charge,0.00,364.58,"17,441.16"
ID13629,07-Jan-2026,Charge,0.00,175.44,"63,761.70"
ID13629,07-Feb-2026,ATM Withdrawal,0.00,164.36,"69,342.68"
ID13629,15-Feb-2026,Transfer,802.72,0.00,"51,530.54"
ID13629,08-Feb-2026,ATM Withdrawal,0.00,629.25,"32,811.03"
ID13629,30-Mar-2026,ATM Withdrawal,0.00,131.06,"54,248.42"
ID13629,16-Jan-2026,ATM Withdrawal,0.00,269.17,"24,697.99"
ID13629,09-Jan-2026,ATM Withdrawal,0.00,481.44,"48,361.65"
ID13629,26-Jan-2026,Reversal,0.00,511.78,"73,378.85"
ID13629,05-Jan-2026,Debit Card,0.00,213.93,"89,049.07"
ID13629,14-Jan-2026,Payment,349.12,0.00,"49,417.85"
ID13630,11-Mar-2026,Debit Card,0.00,357.97,"81,174.92"
ID13630,20-Feb-2026,ATM Withdrawal,0.00,697.07,"59,383.02"
ID13630,14-Jan-2026,Debit Card,0.00,137.06,"54,570.21"
ID13630,01-Feb-2026,Interest,213.72,0.00,"1,958.43"
ID13630,22-Feb-2026,ATM Withdrawal,0.00,306.63,"23,501.15"
ID13630,14-Jan-2026,ATM Withdrawal,0.00,720.40,"79,126.96"
ID13630,27-Mar-2026,ATM Withdrawal,0.00,848.65,"81,305.12"
ID13630,14-Feb-2026,Transfer,311.52,0.00,"93,737.60"
ID13630,28-Mar-2026,Transfer,"1,824.59",0.00,"16,828.09"
ID13630,13-Feb-2026,Reversal,0.00,993.83,"23,892.75"
ID13630,06-Feb-2026,Payment,819.36,0.00,"30,262.65"
ID13630,10-Feb-2026,Transfer,0.00,697.86,"98,961.44"
ID13630,20-Mar-2026,Reversal,0.00,"1,026.05","51,177.96"
ID13630,08-Mar-2026,Transfer,0.00,690.78,"47,927.48"
ID13630,27-Jan-2026,Direct Deposit,656.61,0.00,"68,218.47"
ID13630,30-Jan-2026,Payment,0.00,"1,122.75","2,595.83"
ID13630,07-Mar-2026,Direct Deposit,"4,179.78",0.00,"96,266.18"
ID13630,25-Feb-2026,Transfer,624.67,0.00,"9,897.44"
ID13630,03-Feb-2026,Reversal,0.00,"1,370.44","45,264.66"
ID13630,22-Feb-2026,Payment,0.00,"1,162.82","90,626.70"
ID13631,21-Jan-2026,Debit Card,0.00,608.85,"43,389.84"
ID13631,26-Jan-2026,Debit Card,0.00,858.52,"84,883.90"
ID13631,04-Feb-2026,ATM Withdrawal,0.00,724.75,"84,713.26"
ID13631,18-Jan-2026,ATM Withdrawal,0.00,277.60,"14,839.09"
ID13631,30-Jan-2026,Charge,0.00,718.83,"44,628.46"
ID13631,02-Apr-2026,Interest,322.05,0.00,"26,147.31"
ID13631,25-Feb-2026,ATM Withdrawal,0.00,803.45,"86,854.29"
ID13631,07-Feb-2026,Direct Deposit,"1,185.24",0.00,"31,645.72"
ID13631,29-Mar-2026,Direct Deposit,"1,189.60",0.00,"78,607.75"
ID13631,19-Mar-2026,Transfer,0.00,"1,025.81","80,433.85"
ID13631,10-Mar-2026,Interest,126.37,0.00,"72,482.93"
ID13631,08-Jan-2026,ATM Withdrawal,0.00,426.09,"59,976.87"
ID13631,19-Feb-2026,Reversal,0.00,"1,260.96","51,454.60"
ID13631,24-Jan-2026,Reversal,0.00,"1,245.44","50,176.73"
ID13631,26-Jan-2026,Charge,0.00,958.15,"79,115.87"
ID13631,25-Jan-2026,Reversal,0.00,144.92,"63,173.44"
ID13631,22-Jan-2026,Debit Card,0.00,442.87,"13,450.42"
ID13631,12-Mar-2026,Charge,0.00,927.75,"50,050.77"
ID13631,19-Feb-2026,Interest,57.05,0.00,"9,612.60"
ID13631,09-Jan-2026,Debit Card,0.00,456.95,"60,874.56"
ID13632,18-Mar-2026,Payment,"1,153.75",0.00,"6,331.30"
ID13632,04-Feb-2026,Interest,442.91,0.00,"23,736.05"
ID13632,26-Feb-2026,Transfer,0.00,125.77,"28,878.09"
ID13632,11-Jan-2026,Payment,"1,166.84",0.00,"58,499.98"
ID13632,25-Mar-2026,Payment,963.65,0.00,"88,018.57"
ID13632,25-Jan-2026,Direct Deposit,"3,768.93",0.00,"40,183.59"
ID13632,31-Mar-2026,Direct Deposit,"2,780.22",0.00,"47,130.78"
ID13632,17-Mar-2026,Charge,0.00,114.48,"76,699.66"
ID13632,23-Mar-2026,Charge,0.00,255.19,"39,886.51"
ID13632,13-Feb-2026,Reversal,341.60,0.00,"99,921.25"
ID13632,11-Mar-2026,Payment,253.70,0.00,"27,853.08"
ID13632,13-Feb-2026,Direct Deposit,"2,006.43",0.00,"47,242.53"
ID13632,11-Mar-2026,Transfer,837.55,0.00,"63,490.63"
ID13632,14-Jan-2026,Debit Card,0.00,788.03,"64,892.65"
ID13632,21-Mar-2026,Debit Card,0.00,314.15,"62,983.68"
ID13632,28-Feb-2026,Debit Card,0.00,427.75,"44,371.39"
ID13632,11-Feb-2026,Debit Card,0.00,734.98,"64,875.67"
ID13632,02-Mar-2026,Charge,0.00,229.08,"39,656.60"
ID13632,01-Apr-2026,Charge,0.00,859.54,"1,979.86"
ID13632,26-Mar-2026,Payment,"1,569.41",0.00,"89,225.21"
ID13633,02-Feb-2026,Charge,0.00,260.27,"79,789.14"
ID13633,10-Feb-2026,Charge,0.00,958.03,"89,396.03"
ID13633,19-Jan-2026,Charge,0.00,277.72,"38,223.51"
ID13633,27-Jan-2026,ATM Withdrawal,0.00,698.48,"69,731.90"
ID13633,23-Mar-2026,Reversal,904.86,0.00,"9,620.49"
ID13633,26-Jan-2026,Interest,12.91,0.00,"55,030.88"
ID13633,18-Jan-2026,Transfer,0.00,993.48,"93,365.62"
ID13633,17-Jan-2026,Charge,0.00,705.88,"94,506.96"
ID13633,21-Feb-2026,ATM Withdrawal,0.00,391.66,"94,054.46"
ID13633,18-Feb-2026,Direct Deposit,"1,215.55",0.00,"89,102.89"
ID13633,05-Jan-2026,Transfer,"1,084.19",0.00,"44,132.17"
ID13633,26-Jan-2026,Payment,"1,885.54",0.00,"42,260.32"
ID13633,17-Jan-2026,Charge,0.00,470.92,"69,428.39"
ID13633,27-Mar-2026,Debit Card,0.00,814.70,"53,788.39"
ID13633,03-Feb-2026,Direct Deposit,"4,940.24",0.00,"2,104.65"
ID13633,28-Feb-2026,ATM Withdrawal,0.00,95.18,"40,889.52"
ID13633,27-Feb-2026,Reversal,"1,358.97",0.00,"36,884.76"
ID13633,12-Mar-2026,Interest,293.23,0.00,"19,440.22"
ID13633,04-Feb-2026,Payment,0.00,"1,223.98","31,890.79"
ID13633,07-Mar-2026,ATM Withdrawal,0.00,730.19,"78,331.38"
ID13634,13-Feb-2026,Transfer,0.00,776.20,"61,626.95"
ID13634,14-Jan-2026,Reversal,876.56,0.00,"47,336.41"
ID13634,11-Feb-2026,Reversal,0.00,"1,284.44","94,260.03"
ID13634,11-Mar-2026,Reversal,255.10,0.00,"56,707.55"
ID13634,13-Jan-2026,Debit Card,0.00,377.20,"98,965.07"
ID13634,07-Jan-2026,ATM Withdrawal,0.00,280.44,"56,573.16"
ID13634,05-Mar-2026,Interest,137.98,0.00,"5,774.67"
ID13634,10-Feb-2026,Direct Deposit,"4,423.93",0.00,"34,136.17"
ID13634,09-Jan-2026,Reversal,0.00,"1,312.95","83,802.61"
ID13634,12-Feb-2026,Reversal,"1,959.98",0.00,"43,522.36"
ID13634,15-Feb-2026,Charge,0.00,287.40,"4,869.32"
ID13634,10-Mar-2026,Direct Deposit,"4,048.22",0.00,"56,491.07"
ID13634,11-Jan-2026,Direct Deposit,"2,187.27",0.00,"35,259.97"
ID13634,20-Jan-2026,ATM Withdrawal,0.00,217.61,"68,035.77"
ID13634,05-Feb-2026,Transfer,"1,803.47",0.00,"47,274.10"
ID13634,04-Jan-2026,Transfer,0.00,"1,334.58","58,272.39"
ID13634,07-Mar-2026,Direct Deposit,"1,663.89",0.00,"82,732.66"
ID13634,24-Feb-2026,Transfer,409.26,0.00,"59,331.74"
ID13634,12-Mar-2026,Transfer,692.57,0.00,"22,067.70"
ID13634,20-Feb-2026,Payment,845.12,0.00,"85,065.79"
ID13635,08-Jan-2026,Payment,0.00,"1,472.31","53,237.87"
ID13635,22-Feb-2026,Direct Deposit,"2,400.46",0.00,"34,376.58"
ID13635,20-Feb-2026,Reversal,"1,631.82",0.00,"88,439.81"
ID13635,02-Mar-2026,Direct Deposit,"3,849.86",0.00,"62,095.77"
ID13635,21-Jan-2026,Charge,0.00,813.09,"74,365.18"
ID13635,03-Jan-2026,Transfer,"1,669.62",0.00,"7,647.70"
ID13635,23-Jan-2026,Debit Card,0.00,984.67,"94,485.35"
ID13635,10-Mar-2026,ATM Withdrawal,0.00,159.26,"32,554.09"
ID13635,21-Feb-2026,Charge,0.00,315.32,"82,495.44"
ID13635,04-Mar-2026,Payment,"1,918.82",0.00,"54,543.77"
ID13635,16-Jan-2026,ATM Withdrawal,0.00,68.68,"60,521.62"
ID13635,09-Mar-2026,Debit Card,0.00,600.68,"36,306.90"
ID13635,30-Jan-2026,Direct Deposit,"4,977.54",0.00,"19,971.63"
ID13635,06-Feb-2026,Debit Card,0.00,348.57,"12,922.69"
ID13635,10-Jan-2026,Charge,0.00,733.46,"55,571.00"
ID13635,12-Jan-2026,Interest,391.20,0.00,"3,751.38"
ID13635,11-Jan-2026,Debit Card,0.00,128.05,"46,564.60"
ID13635,14-Feb-2026,Reversal,"1,620.31",0.00,"31,973.76"
ID13635,29-Jan-2026,Debit Card,0.00,673.18,"15,914.76"
ID13635,17-Feb-2026,Payment,"1,019.27",0.00,"70,978.27"
ID13636,17-Jan-2026,ATM Withdrawal,0.00,613.27,"72,447.43"
ID13636,26-Jan-2026,Payment,"1,682.83",0.00,"90,920.98"
ID13636,25-Mar-2026,Transfer,"1,624.48",0.00,"91,231.11"
ID13636,01-Feb-2026,Reversal,258.70,0.00,"33,596.49"
ID13636,12-Mar-2026,ATM Withdrawal,0.00,769.98,"22,880.52"
ID13636,13-Jan-2026,Reversal,0.00,253.81,"67,412.27"
ID13636,19-Feb-2026,Payment,0.00,"1,415.42","67,774.74"
ID13636,29-Jan-2026,Charge,0.00,450.51,"66,100.49"
ID13636,30-Jan-2026,Direct Deposit,"4,326.88",0.00,"43,237.94"
ID13636,11-Mar-2026,Interest,412.21,0.00,"48,678.98"
ID13636,14-Feb-2026,ATM Withdrawal,0.00,808.48,"27,000.31"
ID13636,17-Mar-2026,Transfer,250.12,0.00,"7,891.33"
ID13636,22-Mar-2026,Direct Deposit,"3,939.86",0.00,"73,884.34"
ID13636,08-Feb-2026,Reversal,0.00,"1,487.74","27,668.93"
ID13636,23-Jan-2026,ATM Withdrawal,0.00,448.34,"97,937.77"
ID13636,09-Jan-2026,Direct Deposit,"3,957.50",0.00,"62,548.11"
ID13636,22-Mar-2026,Interest,411.47,0.00,"76,238.70"
ID13636,27-Jan-2026,Reversal,680.25,0.00,"28,951.38"
ID13636,06-Mar-2026,Charge,0.00,546.43,"82,511.80"
ID13636,31-Jan-2026,Interest,64.72,0.00,"76,266.68"
ID13637,03-Mar-2026,Interest,220.52,0.00,"23,498.68"
ID13637,04-Mar-2026,Charge,0.00,647.07,"83,964.18"
ID13637,08-Jan-2026,Direct Deposit,"2,584.00",0.00,"34,052.57"
ID13637,01-Apr-2026,Interest,185.85,0.00,"63,416.62"
ID13637,12-Jan-2026,Payment,"1,902.88",0.00,"81,478.96"
ID13637,07-Feb-2026,ATM Withdrawal,0.00,838.71,"57,642.63"
ID13637,12-Jan-2026,Transfer,0.00,511.97,"22,384.07"
ID13637,11-Mar-2026,Payment,0.00,"1,055.27","40,581.95"
ID13637,26-Feb-2026,ATM Withdrawal,0.00,246.60,"35,879.65"
ID13637,20-Mar-2026,Interest,472.07,0.00,"69,779.78"
ID13637,07-Jan-2026,Direct Deposit,"2,100.49",0.00,"6,826.17"
ID13637,30-Jan-2026,Transfer,0.00,447.88,"5,397.36"
ID13637,08-Feb-2026,Debit Card,0.00,675.23,"35,502.28"
ID13637,28-Feb-2026,ATM Withdrawal,0.00,530.33,"79,706.60"
ID13637,10-Mar-2026,Payment,0.00,574.69,"18,581.61"
ID13637,20-Mar-2026,Payment,"1,534.99",0.00,"39,187.96"
ID13637,13-Jan-2026,Interest,151.29,0.00,"6,207.98"
ID13637,19-Feb-2026,Debit Card,0.00,328.66,"83,568.26"
ID13637,11-Jan-2026,Direct Deposit,"3,917.43",0.00,"62,148.33"
ID13637,05-Jan-2026,Direct Deposit,"2,327.91",0.00,"85,577.47"
ID13638,13-Feb-2026,ATM Withdrawal,0.00,600.92,"75,675.26"
ID13638,02-Mar-2026,Direct Deposit,634.01,0.00,"30,118.97"
ID13638,11-Feb-2026,Interest,10.85,0.00,"51,621.65"
ID13638,24-Mar-2026,Transfer,0.00,"1,219.80","14,035.05"
ID13638,18-Jan-2026,Debit Card,0.00,647.69,"32,183.59"
ID13638,27-Mar-2026,Debit Card,0.00,282.31,"50,042.08"
ID13638,03-Jan-2026,Charge,0.00,87.94,"93,770.71"
ID13638,15-Feb-2026,Reversal,"1,128.74",0.00,"90,714.24"
ID13638,18-Mar-2026,Direct Deposit,"4,619.68",0.00,"11,748.43"
ID13638,31-Jan-2026,ATM Withdrawal,0.00,356.45,"64,998.41"
ID13638,06-Mar-2026,ATM Withdrawal,0.00,614.83,"17,335.83"
ID13638,29-Jan-2026,Payment,0.00,"1,446.18","95,611.37"
ID13638,04-Jan-2026,Interest,140.86,0.00,"66,842.64"
ID13638,28-Mar-2026,Payment,253.53,0.00,"31,300.52"
ID13638,22-Mar-2026,Reversal,0.00,288.02,"4,654.59"
ID13638,14-Mar-2026,Reversal,"1,973.92",0.00,"41,727.85"
ID13638,25-Feb-2026,Interest,470.80,0.00,"91,803.31"
ID13638,24-Mar-2026,ATM Withdrawal,0.00,174.94,"24,409.54"
ID13638,07-Feb-2026,Interest,188.03,0.00,"43,551.55"
ID13638,08-Feb-2026,Transfer,0.00,839.37,"53,576.95"
ID13639,10-Mar-2026,Interest,354.50,0.00,"11,603.28"
ID13639,16-Feb-2026,Debit Card,0.00,355.48,"32,746.45"
ID13639,31-Mar-2026,Debit Card,0.00,335.85,"28,810.63"
ID13639,15-Jan-2026,Reversal,"1,062.67",0.00,"95,188.02"
ID13639,13-Mar-2026,Payment,0.00,911.13,"44,578.00"
ID13639,10-Jan-2026,Interest,280.48,0.00,"34,634.14"
ID13639,18-Mar-2026,Charge,0.00,164.92,"85,853.53"
ID13639,26-Jan-2026,Reversal,0.00,516.08,"59,088.19"
ID13639,22-Mar-2026,Charge,0.00,90.55,"75,755.55"
ID13639,03-Mar-2026,Payment,"1,502.68",0.00,"60,737.79"
ID13639,20-Feb-2026,Direct Deposit,"3,255.67",0.00,"7,221.96"
ID13639,03-Feb-2026,Transfer,0.00,653.34,"10,094.40"
ID13639,01-Apr-2026,ATM Withdrawal,0.00,963.04,"57,441.31"
ID13639,08-Jan-2026,Reversal,160.12,0.00,"3,184.05"
ID13639,19-Feb-2026,Reversal,0.00,"1,491.69","7,650.81"
ID13639,27-Jan-2026,Transfer,"1,312.23",0.00,"33,796.30"
ID13639,23-Jan-2026,ATM Withdrawal,0.00,647.30,"81,266.00"
ID13639,04-Mar-2026,ATM Withdrawal,0.00,788.03,"4,804.60"
ID13639,03-Jan-2026,Interest,419.40,0.00,"51,743.30"
ID13639,20-Feb-2026,Charge,0.00,603.85,"87,924.07"
ID13640,05-Mar-2026,ATM Withdrawal,0.00,257.55,"97,202.50"
ID13640,20-Mar-2026,ATM Withdrawal,0.00,800.66,"29,641.58"
ID13640,16-Mar-2026,Interest,240.71,0.00,"2,995.65"
ID13640,03-Mar-2026,ATM Withdrawal,0.00,382.28,"10,677.50"
ID13640,20-Jan-2026,Direct Deposit,"3,169.48",0.00,"38,825.16"
ID13640,21-Mar-2026,Interest,239.42,0.00,"99,600.82"
ID13640,25-Mar-2026,Reversal,0.00,89.87,"56,592.12"
ID13640,19-Jan-2026,Charge,0.00,706.54,"12,988.99"
ID13640,28-Jan-2026,Reversal,"1,332.04",0.00,"10,018.97"
ID13640,25-Mar-2026,Debit Card,0.00,658.60,"86,245.84"
ID13640,17-Feb-2026,Reversal,647.16,0.00,"25,854.97"
ID13640,25-Feb-2026,Debit Card,0.00,898.56,"45,985.83"
ID13640,07-Feb-2026,Debit Card,0.00,642.07,"24,011.23"
ID13640,17-Mar-2026,Debit Card,0.00,902.00,"73,432.33"
ID13640,11-Mar-2026,Interest,179.70,0.00,"85,326.64"
ID13640,03-Jan-2026,Reversal,0.00,746.34,"63,537.30"
ID13640,06-Mar-2026,Transfer,0.00,979.42,"24,300.29"
ID13640,29-Jan-2026,ATM Withdrawal,0.00,792.59,"15,904.52"
ID13640,13-Jan-2026,Interest,69.41,0.00,"90,643.44"
ID13640,26-Jan-2026,Charge,0.00,259.81,"11,248.68"
ID13641,21-Mar-2026,Payment,0.00,51.55,"27,609.40"
ID13641,17-Jan-2026,Transfer,0.00,319.19,"37,233.29"
ID13641,28-Jan-2026,Reversal,0.00,986.94,"75,661.24"
ID13641,06-Feb-2026,Payment,"1,282.10",0.00,"86,625.19"
ID13641,30-Mar-2026,Reversal,368.39,0.00,"87,772.73"
ID13641,10-Mar-2026,Transfer,"1,862.20",0.00,"64,833.53"
ID13641,24-Jan-2026,Transfer,0.00,"1,236.75","25,026.69"
ID13641,02-Mar-2026,Transfer,"1,196.62",0.00,"92,588.84"
ID13641,06-Feb-2026,Charge,0.00,37.18,"41,871.13"
ID13641,08-Feb-2026,Transfer,0.00,"1,229.85","61,863.04"
ID13641,23-Mar-2026,Direct Deposit,"4,790.27",0.00,"19,546.38"
ID13641,23-Feb-2026,Transfer,0.00,275.68,"93,997.41"
ID13641,16-Jan-2026,Debit Card,0.00,668.97,"40,792.10"
ID13641,03-Feb-2026,Direct Deposit,"2,406.37",0.00,"37,334.38"
ID13641,09-Jan-2026,Direct Deposit,"2,908.98",0.00,"99,805.90"
ID13641,27-Feb-2026,Transfer,0.00,"1,369.57","30,766.87"
ID13641,03-Jan-2026,Payment,0.00,325.13,"55,419.70"
ID13641,07-Jan-2026,Reversal,0.00,130.66,"64,092.09"
ID13641,06-Feb-2026,Debit Card,0.00,352.78,"98,472.17"
ID13641,15-Jan-2026,Interest,323.91,0.00,"34,618.66"
ID13642,17-Feb-2026,Interest,62.23,0.00,"64,530.42"
ID13642,23-Feb-2026,Interest,196.18,0.00,"80,333.69"
ID13642,09-Feb-2026,Transfer,236.43,0.00,"70,758.62"
ID13642,25-Jan-2026,ATM Withdrawal,0.00,816.64,"70,307.20"
ID13642,04-Feb-2026,Charge,0.00,10.30,"23,057.32"
ID13642,28-Mar-2026,Charge,0.00,827.89,"46,715.84"
ID13642,03-Mar-2026,ATM Withdrawal,0.00,830.65,"8,932.47"
ID13642,19-Mar-2026,Transfer,"1,940.24",0.00,"63,476.11"
ID13642,28-Jan-2026,Transfer,0.00,"1,124.71","74,500.51"
ID13642,24-Mar-2026,Direct Deposit,"1,894.95",0.00,"64,531.86"
ID13642,12-Mar-2026,Debit Card,0.00,992.90,"39,859.37"
ID13642,23-Mar-2026,Charge,0.00,504.50,"92,776.85"
ID13642,19-Mar-2026,Interest,345.97,0.00,"68,149.56"
ID13642,11-Mar-2026,Charge,0.00,567.91,"32,090.84"
ID13642,19-Feb-2026,Direct Deposit,"3,624.91",0.00,"80,049.82"
ID13642,28-Mar-2026,ATM Withdrawal,0.00,909.94,"86,428.73"
ID13642,24-Feb-2026,Payment,0.00,108.85,"62,164.66"
ID13642,03-Apr-2026,Charge,0.00,99.02,"36,290.83"
ID13642,15-Mar-2026,Charge,0.00,441.08,"15,118.98"
ID13642,06-Jan-2026,Transfer,0.00,549.95,"58,441.75"
ID13643,07-Feb-2026,ATM Withdrawal,0.00,345.68,"15,650.76"
ID13643,03-Jan-2026,Interest,150.12,0.00,"76,865.78"
ID13643,12-Mar-2026,Transfer,"1,416.87",0.00,"1,933.65"
ID13643,19-Jan-2026,Reversal,626.04,0.00,"24,853.08"
ID13643,13-Feb-2026,Interest,69.31,0.00,"81,113.40"
ID13643,11-Mar-2026,Debit Card,0.00,905.96,"63,293.86"
ID13643,18-Feb-2026,Charge,0.00,518.41,"26,811.74"
ID13643,26-Jan-2026,Payment,0.00,"1,279.50","91,915.49"
ID13643,07-Feb-2026,Debit Card,0.00,922.22,"29,623.77"
ID13643,18-Mar-2026,Transfer,0.00,148.28,"47,779.15"
ID13643,01-Apr-2026,Charge,0.00,724.88,"26,187.58"
ID13643,18-Jan-2026,Charge,0.00,603.29,"37,075.18"
ID13643,12-Feb-2026,ATM Withdrawal,0.00,902.33,"35,328.22"
ID13643,05-Feb-2026,Reversal,0.00,"1,157.43","28,186.51"
ID13643,27-Feb-2026,Transfer,0.00,884.59,"2,983.47"
ID13643,21-Jan-2026,Direct Deposit,"4,588.78",0.00,"24,762.04"
ID13643,18-Mar-2026,Direct Deposit,"1,063.07",0.00,"87,478.63"
ID13643,13-Mar-2026,Payment,"1,941.57",0.00,"10,866.03"
ID13643,22-Jan-2026,Direct Deposit,"1,575.49",0.00,"12,226.55"
ID13643,20-Mar-2026,Debit Card,0.00,402.66,"81,493.63"
ID13644,01-Apr-2026,Transfer,0.00,"1,072.81","3,916.47"
ID13644,17-Jan-2026,Interest,71.03,0.00,"4,450.84"
ID13644,08-Mar-2026,Transfer,195.88,0.00,"58,135.07"
ID13644,26-Feb-2026,Charge,0.00,135.37,"77,342.41"
ID13644,14-Feb-2026,Transfer,0.00,929.85,"37,530.12"
ID13644,03-Apr-2026,Debit Card,0.00,244.57,"54,797.86"
ID13644,14-Jan-2026,Transfer,"1,028.58",0.00,"97,576.91"
ID13644,10-Feb-2026,Reversal,0.00,"1,408.48","59,344.27"
ID13644,22-Mar-2026,Direct Deposit,941.27,0.00,"84,458.95"
ID13644,25-Mar-2026,Reversal,628.40,0.00,"78,301.80"
ID13644,17-Jan-2026,Debit Card,0.00,752.11,"68,406.28"
ID13644,09-Mar-2026,Charge,0.00,717.35,"95,414.69"
ID13644,25-Jan-2026,ATM Withdrawal,0.00,459.22,"11,604.76"
ID13644,08-Mar-2026,Transfer,0.00,892.32,"53,199.31"
ID13644,29-Mar-2026,Transfer,0.00,539.76,"4,771.48"
ID13644,29-Jan-2026,Charge,0.00,862.21,"99,956.22"
ID13644,06-Jan-2026,Reversal,0.00,298.22,"69,279.78"
ID13644,11-Jan-2026,Transfer,"1,742.89",0.00,"40,558.75"
ID13644,19-Mar-2026,Direct Deposit,"3,611.44",0.00,"98,443.96"
ID13644,17-Mar-2026,Interest,67.13,0.00,"95,077.30"
ID13645,08-Mar-2026,Direct Deposit,"3,267.54",0.00,"82,693.40"
ID13645,13-Mar-2026,Direct Deposit,"2,557.26",0.00,"37,303.58"
ID13645,13-Feb-2026,Interest,89.64,0.00,"66,251.12"
ID13645,29-Jan-2026,Direct Deposit,"3,669.58",0.00,"63,362.82"
ID13645,21-Jan-2026,Interest,406.97,0.00,"50,088.94"
ID13645,11-Jan-2026,ATM Withdrawal,0.00,601.29,"59,431.50"
ID13645,05-Jan-2026,Reversal,0.00,129.64,"24,128.17"
ID13645,01-Apr-2026,Interest,144.32,0.00,"78,825.78"
ID13645,12-Jan-2026,Payment,0.00,561.57,"63,681.79"
ID13645,19-Jan-2026,Payment,0.00,238.70,"20,031.44"
ID13645,24-Jan-2026,Interest,138.72,0.00,"16,751.24"
ID13645,12-Jan-2026,Transfer,695.66,0.00,"96,959.50"
ID13645,18-Mar-2026,ATM Withdrawal,0.00,221.76,"58,178.18"
ID13645,04-Feb-2026,Debit Card,0.00,323.14,"28,634.61"
ID13645,09-Mar-2026,Direct Deposit,"4,412.61",0.00,"76,213.41"
ID13645,29-Jan-2026,Direct Deposit,"3,332.12",0.00,"26,938.91"
ID13645,24-Feb-2026,Debit Card,0.00,973.65,"80,713.93"
ID13645,09-Feb-2026,ATM Withdrawal,0.00,276.40,"14,210.52"
ID13645,21-Feb-2026,Direct Deposit,"1,965.69",0.00,"59,784.53"
ID13645,10-Mar-2026,Debit Card,0.00,620.02,"2,771.13"
ID13646,04-Jan-2026,Direct Deposit,"4,600.80",0.00,"34,282.39"
ID13646,22-Jan-2026,Payment,0.00,"1,139.20","2,188.79"
ID13646,02-Apr-2026,Transfer,0.00,351.10,"25,767.14"
ID13646,03-Jan-2026,Interest,77.69,0.00,"25,032.12"
ID13646,01-Feb-2026,Transfer,917.52,0.00,"61,898.33"
ID13646,12-Mar-2026,Direct Deposit,"2,690.13",0.00,"1,648.23"
ID13646,21-Jan-2026,Reversal,0.00,"1,217.80","36,618.08"
ID13646,26-Jan-2026,Transfer,0.00,542.35,"71,553.55"
ID13646,04-Jan-2026,ATM Withdrawal,0.00,572.02,"85,755.29"
ID13646,02-Feb-2026,Direct Deposit,"4,973.85",0.00,"89,426.59"
ID13646,20-Feb-2026,Payment,0.00,"1,340.61","93,135.55"
ID13646,01-Feb-2026,Debit Card,0.00,940.79,"61,982.37"
ID13646,25-Jan-2026,Interest,336.12,0.00,"98,638.60"
ID13646,05-Mar-2026,Direct Deposit,"4,239.63",0.00,"16,895.46"
ID13646,01-Feb-2026,Direct Deposit,"1,667.84",0.00,"90,536.94"
ID13646,20-Jan-2026,Transfer,"1,195.88",0.00,"43,537.46"
ID13646,26-Jan-2026,Charge,0.00,997.40,"56,209.12"
ID13646,20-Jan-2026,Debit Card,0.00,891.69,"67,667.49"
ID13646,26-Jan-2026,Interest,398.11,0.00,"41,339.53"
ID13646,24-Jan-2026,ATM Withdrawal,0.00,42.20,"44,298.50"
ID13647,02-Mar-2026,Payment,"1,302.06",0.00,"99,993.50"
ID13647,16-Mar-2026,Transfer,0.00,985.96,"52,077.62"
ID13647,13-Feb-2026,Debit Card,0.00,358.66,"28,052.72"
ID13647,18-Feb-2026,Reversal,"1,059.85",0.00,"27,674.70"
ID13647,07-Mar-2026,Transfer,0.00,361.75,"55,518.93"
ID13647,16-Feb-2026,Direct Deposit,"1,528.86",0.00,"97,185.08"
ID13647,22-Mar-2026,Interest,410.74,0.00,"68,090.71"
ID13647,20-Mar-2026,Direct Deposit,"3,983.58",0.00,"7,690.22"
ID13647,28-Mar-2026,Payment,0.00,"1,254.30","48,530.43"
ID13647,12-Feb-2026,Direct Deposit,"4,970.86",0.00,"27,835.26"
ID13647,24-Jan-2026,Debit Card,0.00,553.49,"23,229.35"
ID13647,04-Jan-2026,Direct Deposit,"2,880.15",0.00,"13,532.67"
ID13647,29-Jan-2026,Interest,264.01,0.00,"76,310.34"
ID13647,05-Feb-2026,Reversal,"1,922.88",0.00,"99,059.25"
ID13647,25-Mar-2026,Payment,0.00,340.33,"47,965.88"
ID13647,15-Jan-2026,Direct Deposit,"4,137.89",0.00,"85,158.07"
ID13647,07-Jan-2026,Transfer,0.00,282.08,"94,839.45"
ID13647,24-Jan-2026,ATM Withdrawal,0.00,898.55,"96,324.01"
ID13647,05-Jan-2026,Direct Deposit,"2,245.73",0.00,"71,341.17"
ID13647,08-Jan-2026,Payment,0.00,"1,384.58","17,602.42"
ID13648,09-Jan-2026,Debit Card,0.00,165.03,"37,178.72"
ID13648,21-Feb-2026,Transfer,0.00,"1,114.05","48,470.99"
ID13648,26-Mar-2026,ATM Withdrawal,0.00,529.97,"26,487.24"
ID13648,06-Jan-2026,Payment,"1,967.38",0.00,"9,418.42"
ID13648,26-Feb-2026,Direct Deposit,"3,140.08",0.00,"19,628.81"
ID13648,23-Mar-2026,Direct Deposit,538.16,0.00,"21,564.45"
ID13648,31-Mar-2026,Direct Deposit,"4,922.15",0.00,"1,059.32"
ID13648,08-Jan-2026,Charge,0.00,714.14,"17,063.37"
ID13648,15-Feb-2026,Payment,0.00,936.55,"17,115.60"
ID13648,23-Mar-2026,Transfer,0.00,704.06,"74,721.77"
ID13648,23-Jan-2026,ATM Withdrawal,0.00,525.11,"73,517.05"
ID13648,16-Jan-2026,Interest,317.35,0.00,"76,253.04"
ID13648,10-Feb-2026,Interest,494.92,0.00,"31,809.97"
ID13648,01-Apr-2026,Direct Deposit,"2,881.32",0.00,"49,499.92"
ID13648,02-Mar-2026,Interest,101.57,0.00,"51,835.25"
ID13648,30-Jan-2026,ATM Withdrawal,0.00,362.74,"46,351.64"
ID13648,07-Feb-2026,Reversal,0.00,624.78,"13,953.81"
ID13648,22-Mar-2026,Interest,208.33,0.00,"12,892.91"
ID13648,06-Mar-2026,Interest,301.24,0.00,"77,631.01"
ID13648,04-Jan-2026,ATM Withdrawal,0.00,460.53,"32,494.22"
ID13649,19-Feb-2026,Direct Deposit,"2,637.45",0.00,"68,708.73"
ID13649,19-Jan-2026,Payment,"1,890.51",0.00,"94,285.73"
ID13649,19-Jan-2026,Transfer,460.36,0.00,"31,591.25"
ID13649,21-Feb-2026,Payment,0.00,"1,190.36","72,104.96"
ID13649,09-Mar-2026,ATM Withdrawal,0.00,350.59,"68,170.74"
ID13649,10-Jan-2026,ATM Withdrawal,0.00,778.38,"73,890.08"
ID13649,13-Mar-2026,ATM Withdrawal,0.00,500.60,"52,440.56"
ID13649,02-Feb-2026,Debit Card,0.00,211.35,"22,472.18"
ID13649,26-Jan-2026,Debit Card,0.00,745.78,"80,484.00"
ID13649,21-Feb-2026,Reversal,"1,786.24",0.00,"46,034.26"
ID13649,09-Mar-2026,Debit Card,0.00,26.72,"47,169.33"
ID13649,25-Jan-2026,Reversal,0.00,"1,231.81","39,984.09"
ID13649,04-Feb-2026,Reversal,0.00,"1,458.75","28,786.91"
ID13649,30-Jan-2026,ATM Withdrawal,0.00,830.38,"63,759.72"
ID13649,15-Jan-2026,Payment,"1,371.86",0.00,"1,427.99"
ID13649,20-Jan-2026,Transfer,"1,324.49",0.00,"45,876.74"
ID13649,08-Jan-2026,Direct Deposit,"4,481.51",0.00,"25,439.93"
ID13649,15-Mar-2026,Transfer,"1,532.24",0.00,"91,300.06"
ID13649,18-Jan-2026,ATM Withdrawal,0.00,865.81,"35,357.49"
ID13649,05-Jan-2026,Direct Deposit,"2,722.18",0.00,"54,951.10"
ID13650,22-Jan-2026,ATM Withdrawal,0.00,534.62,"48,016.39"
ID13650,03-Apr-2026,Reversal,755.46,0.00,"76,173.82"
ID13650,23-Mar-2026,Transfer,885.21,0.00,"31,563.10"
ID13650,04-Mar-2026,Charge,0.00,762.35,"20,989.00"
ID13650,25-Mar-2026,Direct Deposit,"2,966.00",0.00,"58,043.99"
ID13650,04-Jan-2026,Direct Deposit,"2,828.16",0.00,"68,403.10"
ID13650,04-Mar-2026,Charge,0.00,119.52,"91,975.22"
ID13650,11-Feb-2026,ATM Withdrawal,0.00,954.86,"54,929.53"
ID13650,21-Mar-2026,Reversal,"1,491.71",0.00,"64,903.32"
ID13650,10-Jan-2026,Direct Deposit,"2,561.19",0.00,"30,898.81"
ID13650,16-Jan-2026,Debit Card,0.00,857.88,"94,163.15"
ID13650,29-Mar-2026,Payment,0.00,73.93,"77,153.66"
ID13650,27-Mar-2026,Debit Card,0.00,951.76,"46,123.01"
ID13650,16-Feb-2026,Reversal,0.00,667.89,"81,346.21"
ID13650,17-Mar-2026,Debit Card,0.00,931.30,"1,668.48"
ID13650,24-Mar-2026,Charge,0.00,227.18,"47,067.61"
ID13650,05-Jan-2026,Debit Card,0.00,666.47,"98,814.02"
ID13650,27-Mar-2026,Reversal,"1,583.02",0.00,"27,694.33"
ID13650,28-Jan-2026,ATM Withdrawal,0.00,437.88,"60,733.53"
ID13650,01-Apr-2026,Interest,218.43,0.00,"82,132.67"
ID13651,06-Jan-2026,Interest,355.80,0.00,"2,851.37"
ID13651,29-Mar-2026,Interest,93.66,0.00,"88,714.38"
ID13651,13-Jan-2026,Transfer,0.00,936.22,"89,766.05"
ID13651,14-Jan-2026,Debit Card,0.00,779.22,"39,327.73"
ID13651,30-Mar-2026,Transfer,0.00,168.47,"83,543.73"
ID13651,25-Jan-2026,Debit Card,0.00,760.03,"65,700.86"
ID13651,05-Mar-2026,Reversal,"1,528.98",0.00,"65,738.04"
ID13651,13-Mar-2026,Payment,558.52,0.00,"48,090.57"
ID13651,05-Feb-2026,Charge,0.00,124.29,"24,988.24"
ID13651,22-Feb-2026,Transfer,0.00,"1,497.49","26,683.17"
ID13651,22-Mar-2026,Payment,0.00,"1,025.92","80,094.77"
ID13651,09-Feb-2026,Payment,0.00,758.75,"12,018.89"
ID13651,18-Jan-2026,Reversal,"1,676.62",0.00,"5,762.33"
ID13651,27-Feb-2026,Debit Card,0.00,513.67,"60,983.46"
ID13651,23-Jan-2026,Payment,"1,657.63",0.00,"77,113.19"
ID13651,04-Jan-2026,Transfer,0.00,"1,358.69","19,066.20"
ID13651,16-Jan-2026,Debit Card,0.00,295.73,"72,144.31"
ID13651,02-Apr-2026,Charge,0.00,681.57,"79,977.55"
ID13651,17-Jan-2026,Interest,96.22,0.00,"41,556.25"
ID13651,01-Feb-2026,Transfer,0.00,786.82,"90,644.46"
ID13652,16-Feb-2026,Charge,0.00,459.51,"91,665.47"
ID13652,21-Jan-2026,Transfer,293.64,0.00,"66,583.88"
ID13652,15-Mar-2026,Payment,0.00,257.96,"63,482.36"
ID13652,28-Jan-2026,ATM Withdrawal,0.00,549.55,"70,596.01"
ID13652,07-Mar-2026,Debit Card,0.00,198.94,"47,480.14"
ID13652,25-Feb-2026,Transfer,"1,641.17",0.00,"46,722.24"
ID13652,03-Feb-2026,Debit Card,0.00,888.44,"88,687.27"
ID13652,30-Jan-2026,ATM Withdrawal,0.00,978.33,"59,782.21"
ID13652,15-Mar-2026,ATM Withdrawal,0.00,806.16,"76,446.71"
ID13652,30-Mar-2026,Transfer,0.00,537.54,"50,128.43"
ID13652,03-Jan-2026,Charge,0.00,849.80,"7,405.90"
ID13652,16-Feb-2026,Debit Card,0.00,335.50,"12,358.73"
ID13652,03-Mar-2026,Charge,0.00,692.81,"13,067.39"
ID13652,01-Apr-2026,Debit Card,0.00,557.26,"34,826.18"
ID13652,24-Feb-2026,Payment,0.00,714.68,"3,568.61"
ID13652,09-Mar-2026,ATM Withdrawal,0.00,171.15,"48,073.05"
ID13652,17-Jan-2026,Reversal,0.00,"1,489.14","24,449.62"
ID13652,28-Feb-2026,Interest,310.33,0.00,"19,980.69"
ID13652,20-Feb-2026,Reversal,"1,483.63",0.00,"16,759.88"
ID13652,02-Mar-2026,Reversal,0.00,885.06,"3,970.12"
ID13653,21-Mar-2026,Reversal,419.11,0.00,"54,913.23"
ID13653,20-Mar-2026,Interest,143.30,0.00,"30,407.23"
ID13653,11-Mar-2026,Direct Deposit,"1,382.06",0.00,"35,020.31"
ID13653,21-Jan-2026,ATM Withdrawal,0.00,347.41,"49,807.56"
ID13653,30-Jan-2026,Direct Deposit,"4,743.68",0.00,"58,356.49"
ID13653,06-Mar-2026,Direct Deposit,"4,995.56",0.00,"32,235.34"
ID13653,12-Mar-2026,Direct Deposit,"3,168.97",0.00,"36,964.79"
ID13653,03-Mar-2026,ATM Withdrawal,0.00,975.18,"15,337.17"
ID13653,12-Jan-2026,Debit Card,0.00,352.02,"59,547.86"
ID13653,08-Mar-2026,ATM Withdrawal,0.00,483.50,"26,703.66"
ID13653,10-Feb-2026,Reversal,"1,660.03",0.00,"4,447.85"
ID13653,11-Jan-2026,Transfer,0.00,386.19,"78,657.35"
ID13653,27-Jan-2026,Interest,156.95,0.00,"67,889.25"
ID13653,28-Jan-2026,Interest,116.50,0.00,"25,769.36"
ID13653,11-Jan-2026,Reversal,"1,925.52",0.00,"10,534.66"
ID13653,06-Feb-2026,Direct Deposit,"1,112.89",0.00,"90,431.24"
ID13653,16-Jan-2026,Payment,0.00,"1,029.26","54,958.88"
ID13653,05-Jan-2026,Transfer,0.00,819.04,"22,276.71"
ID13653,30-Mar-2026,Payment,"1,941.30",0.00,"43,002.43"
ID13653,07-Mar-2026,Direct Deposit,"1,543.76",0.00,"28,483.96"
ID13654,09-Jan-2026,Debit Card,0.00,492.67,"96,794.78"
ID13654,16-Jan-2026,Charge,0.00,468.85,"80,570.35"
ID13654,11-Mar-2026,Interest,43.14,0.00,"23,205.96"
ID13654,06-Jan-2026,Transfer,0.00,617.52,"13,078.89"
ID13654,13-Feb-2026,Payment,0.00,833.01,"20,478.16"
ID13654,07-Feb-2026,Interest,52.28,0.00,"88,300.25"
ID13654,13-Mar-2026,Charge,0.00,636.10,"66,645.01"
ID13654,09-Feb-2026,Interest,283.84,0.00,"90,327.49"
ID13654,11-Mar-2026,Interest,469.47,0.00,"16,849.53"
ID13654,10-Jan-2026,Charge,0.00,421.75,"58,510.36"
ID13654,12-Jan-2026,Payment,"1,238.56",0.00,"56,662.85"
ID13654,28-Mar-2026,Transfer,0.00,"1,357.94","44,209.32"
ID13654,18-Jan-2026,Charge,0.00,596.00,"36,580.55"
ID13654,24-Mar-2026,Direct Deposit,"2,974.05",0.00,"4,913.14"
ID13654,20-Feb-2026,Charge,0.00,575.04,"55,302.14"
ID13654,15-Jan-2026,ATM Withdrawal,0.00,270.42,"79,263.86"
ID13654,18-Feb-2026,ATM Withdrawal,0.00,219.55,"76,969.11"
ID13654,27-Feb-2026,Direct Deposit,"3,029.09",0.00,"18,328.53"
ID13654,31-Jan-2026,Charge,0.00,439.21,"5,716.69"
ID13654,23-Mar-2026,Debit Card,0.00,725.85,"33,935.83"
ID13655,20-Feb-2026,Interest,26.78,0.00,"3,202.74"
ID13655,29-Mar-2026,Direct Deposit,743.24,0.00,"94,438.11"
ID13655,17-Mar-2026,Reversal,733.82,0.00,"4,409.28"
ID13655,15-Mar-2026,Transfer,"1,380.97",0.00,"48,969.63"
ID13655,27-Feb-2026,Interest,324.48,0.00,"83,664.63"
ID13655,07-Jan-2026,Debit Card,0.00,608.89,"44,241.44"
ID13655,12-Mar-2026,Payment,0.00,729.49,"9,889.01"
ID13655,01-Apr-2026,Interest,374.33,0.00,"50,810.98"
ID13655,17-Feb-2026,Debit Card,0.00,102.64,"39,835.65"
ID13655,21-Feb-2026,Payment,0.00,827.96,"20,219.32"
ID13655,24-Jan-2026,Transfer,0.00,326.91,"84,876.34"
ID13655,30-Jan-2026,Interest,329.53,0.00,"87,395.58"
ID13655,23-Feb-2026,Debit Card,0.00,542.10,"97,866.56"
ID13655,09-Mar-2026,ATM Withdrawal,0.00,997.49,"14,575.56"
ID13655,01-Mar-2026,Direct Deposit,"1,709.96",0.00,"12,568.40"
ID13655,18-Feb-2026,Reversal,"1,290.73",0.00,"94,114.42"
ID13655,29-Jan-2026,Interest,210.30,0.00,"72,198.90"
ID13655,03-Jan-2026,Debit Card,0.00,728.42,"89,649.29"
ID13655,03-Mar-2026,Interest,316.55,0.00,"83,694.26"
ID13655,08-Mar-2026,ATM Withdrawal,0.00,388.16,"77,208.25"
ID13656,24-Mar-2026,Interest,55.54,0.00,"59,073.87"
ID13656,05-Feb-2026,Interest,233.88,0.00,"9,422.10"
ID13656,05-Mar-2026,Transfer,0.00,765.09,"3,476.47"
ID13656,28-Mar-2026,Interest,90.63,0.00,"48,799.84"
ID13656,11-Jan-2026,Debit Card,0.00,433.27,"14,505.47"
ID13656,25-Mar-2026,Payment,0.00,226.06,"59,574.78"
ID13656,10-Feb-2026,Direct Deposit,"1,725.69",0.00,"72,483.78"
ID13656,27-Mar-2026,ATM Withdrawal,0.00,217.15,"82,048.03"
ID13656,12-Mar-2026,ATM Withdrawal,0.00,297.94,"24,736.52"
ID13656,25-Jan-2026,Payment,691.87,0.00,"58,295.99"
ID13656,01-Mar-2026,Charge,0.00,866.06,"43,544.77"
ID13656,07-Mar-2026,Interest,161.78,0.00,"61,414.90"
ID13656,11-Feb-2026,Payment,680.83,0.00,"80,879.72"
ID13656,25-Feb-2026,Charge,0.00,115.64,"63,466.68"
ID13656,23-Jan-2026,Reversal,729.71,0.00,"62,613.73"
ID13656,05-Jan-2026,Debit Card,0.00,435.94,"46,551.00"
ID13656,26-Jan-2026,Direct Deposit,"3,958.61",0.00,"37,055.13"
ID13656,20-Jan-2026,Transfer,283.72,0.00,"69,078.07"
ID13656,13-Feb-2026,Reversal,265.28,0.00,"31,285.53"
ID13656,10-Feb-2026,Reversal,0.00,439.23,"84,824.13"
ID13657,19-Mar-2026,Reversal,0.00,226.35,"83,505.67"
ID13657,24-Jan-2026,Interest,313.84,0.00,"44,036.29"
ID13657,21-Mar-2026,ATM Withdrawal,0.00,444.85,"48,210.79"
ID13657,06-Mar-2026,Direct Deposit,"2,430.32",0.00,"47,313.69"
ID13657,22-Jan-2026,Direct Deposit,"2,786.09",0.00,"86,260.03"
ID13657,07-Feb-2026,Reversal,601.17,0.00,"22,612.30"
ID13657,28-Mar-2026,Charge,0.00,575.48,"94,739.41"
ID13657,15-Feb-2026,Transfer,"1,325.59",0.00,"35,668.85"
ID13657,14-Jan-2026,Debit Card,0.00,666.39,"29,589.44"
ID13657,22-Jan-2026,Transfer,0.00,593.74,"11,379.99"
ID13657,04-Jan-2026,Direct Deposit,"1,953.91",0.00,"50,170.12"
ID13657,14-Jan-2026,Reversal,"1,960.61",0.00,"76,453.45"
ID13657,16-Feb-2026,Debit Card,0.00,457.99,"8,253.95"
ID13657,11-Mar-2026,ATM Withdrawal,0.00,376.72,"16,945.58"
ID13657,08-Mar-2026,Interest,249.40,0.00,"25,985.14"
ID13657,15-Feb-2026,Debit Card,0.00,43.36,"49,703.98"
ID13657,05-Feb-2026,Interest,469.26,0.00,"39,138.78"
ID13657,21-Mar-2026,Reversal,0.00,714.26,"4,903.45"
ID13657,15-Mar-2026,Transfer,0.00,786.72,"79,426.10"
ID13657,17-Feb-2026,Reversal,274.08,0.00,"77,043.95"
ID13658,23-Jan-2026,Transfer,0.00,373.16,"79,705.25"
ID13658,08-Feb-2026,Reversal,0.00,"1,160.48","95,940.43"
ID13658,26-Mar-2026,Interest,340.41,0.00,"54,138.50"
ID13658,25-Feb-2026,Interest,410.30,0.00,"21,458.37"
ID13658,08-Mar-2026,ATM Withdrawal,0.00,427.04,"24,574.16"
ID13658,21-Feb-2026,Interest,227.60,0.00,"42,686.18"
ID13658,03-Apr-2026,Charge,0.00,598.51,"47,030.27"
ID13658,19-Feb-2026,Charge,0.00,364.05,"95,082.45"
ID13658,21-Feb-2026,Direct Deposit,"3,475.93",0.00,"80,215.26"
ID13658,10-Jan-2026,ATM Withdrawal,0.00,832.62,"25,019.14"
ID13658,15-Mar-2026,Interest,21.99,0.00,"56,437.00"
ID13658,13-Feb-2026,Charge,0.00,971.82,"8,932.21"
ID13658,28-Feb-2026,Payment,0.00,"1,256.62","32,362.69"
ID13658,04-Jan-2026,Debit Card,0.00,182.06,"11,450.85"
ID13658,21-Jan-2026,Payment,0.00,314.41,"83,765.36"
ID13658,10-Feb-2026,ATM Withdrawal,0.00,528.74,"74,809.14"
ID13658,13-Jan-2026,Charge,0.00,718.69,"24,322.35"
ID13658,07-Jan-2026,ATM Withdrawal,0.00,766.02,"35,878.69"
ID13658,08-Feb-2026,Reversal,0.00,"1,403.69","37,446.61"
ID13658,22-Jan-2026,Transfer,"1,173.97",0.00,"5,998.30"
ID13659,29-Mar-2026,Payment,0.00,475.00,"19,481.68"
ID13659,10-Jan-2026,Transfer,0.00,980.11,"75,125.91"
ID13659,08-Feb-2026,Payment,0.00,"1,351.00","54,529.67"
ID13659,14-Jan-2026,ATM Withdrawal,0.00,351.93,"46,968.51"
ID13659,11-Mar-2026,Payment,"1,271.75",0.00,"50,030.41"
ID13659,14-Feb-2026,Direct Deposit,"4,392.56",0.00,"40,936.41"
ID13659,25-Jan-2026,Payment,"1,961.59",0.00,"80,739.27"
ID13659,31-Jan-2026,Reversal,0.00,"1,005.08","8,749.33"
ID13659,08-Feb-2026,Transfer,0.00,156.36,"96,639.01"
ID13659,08-Mar-2026,Direct Deposit,"1,485.15",0.00,"96,309.85"
ID13659,29-Mar-2026,Direct Deposit,"1,667.43",0.00,"21,523.16"
ID13659,21-Mar-2026,Direct Deposit,"1,773.14",0.00,"44,450.92"
ID13659,20-Mar-2026,Interest,441.23,0.00,"52,488.05"
ID13659,15-Jan-2026,Payment,180.31,0.00,"55,562.03"
ID13659,17-Mar-2026,ATM Withdrawal,0.00,463.09,"61,642.11"
ID13659,27-Feb-2026,Transfer,0.00,418.75,"60,203.95"
ID13659,10-Jan-2026,Transfer,793.55,0.00,"51,602.53"
ID13659,10-Feb-2026,ATM Withdrawal,0.00,185.44,"89,150.31"
ID13659,06-Feb-2026,Interest,140.85,0.00,"72,134.36"
ID13659,09-Feb-2026,Transfer,0.00,382.75,"25,238.35"
ID13660,28-Jan-2026,Payment,0.00,479.41,"6,488.13"
ID13660,25-Feb-2026,Direct Deposit,"4,166.71",0.00,"47,375.60"
ID13660,13-Feb-2026,Transfer,0.00,148.11,"14,487.56"
ID13660,11-Jan-2026,Charge,0.00,490.81,"2,641.10"
ID13660,16-Feb-2026,Direct Deposit,"4,682.65",0.00,"13,587.35"
ID13660,09-Mar-2026,Interest,433.08,0.00,"30,995.89"
ID13660,13-Jan-2026,Transfer,0.00,73.51,"8,036.54"
ID13660,10-Mar-2026,Charge,0.00,214.89,"28,063.93"
ID13660,17-Mar-2026,Debit Card,0.00,468.48,"20,261.86"
ID13660,24-Mar-2026,Payment,0.00,"1,023.66","98,567.16"
ID13660,03-Jan-2026,Reversal,"1,556.97",0.00,"95,299.21"
ID13660,30-Mar-2026,Direct Deposit,"3,912.58",0.00,"7,646.16"
ID13660,15-Feb-2026,Transfer,0.00,"1,291.94","45,285.85"
ID13660,26-Feb-2026,Direct Deposit,"2,588.15",0.00,"19,285.73"
ID13660,08-Mar-2026,Reversal,"1,625.26",0.00,"8,242.81"
ID13660,28-Feb-2026,Charge,0.00,762.56,"74,488.15"
ID13660,14-Jan-2026,Payment,131.32,0.00,"40,721.72"
ID13660,23-Feb-2026,Reversal,"1,848.26",0.00,"46,661.22"
ID13660,21-Feb-2026,Charge,0.00,748.73,"37,470.60"
ID13660,17-Jan-2026,Reversal,"1,878.14",0.00,"31,888.78"
ID13661,20-Feb-2026,ATM Withdrawal,0.00,207.90,"31,023.96"
ID13661,15-Mar-2026,ATM Withdrawal,0.00,49.25,"81,146.33"
ID13661,31-Jan-2026,Payment,808.49,0.00,"87,109.58"
ID13661,13-Feb-2026,Payment,387.87,0.00,"33,839.78"
ID13661,23-Mar-2026,Direct Deposit,"2,066.15",0.00,"40,474.63"
ID13661,08-Feb-2026,ATM Withdrawal,0.00,472.07,"83,776.75"
ID13661,15-Jan-2026,Debit Card,0.00,449.42,"84,388.44"
ID13661,26-Jan-2026,Interest,444.13,0.00,"44,165.03"
ID13661,04-Feb-2026,ATM Withdrawal,0.00,649.70,"29,953.23"
ID13661,09-Mar-2026,Direct Deposit,"4,712.08",0.00,"8,679.43"
ID13661,09-Jan-2026,Payment,0.00,"1,401.78","3,056.27"
ID13661,23-Feb-2026,Payment,129.96,0.00,"36,119.30"
ID13661,08-Jan-2026,Transfer,"1,470.54",0.00,"94,207.09"
ID13661,31-Jan-2026,Payment,"1,245.74",0.00,"51,702.97"
ID13661,05-Mar-2026,Interest,449.77,0.00,"84,735.14"
ID13661,06-Jan-2026,Payment,0.00,"1,412.13","64,162.72"
ID13661,30-Jan-2026,Interest,23.37,0.00,"86,063.04"
ID13661,08-Mar-2026,Direct Deposit,"3,949.32",0.00,"72,087.28"
ID13661,30-Mar-2026,Charge,0.00,281.09,"56,348.59"
ID13661,08-Mar-2026,Reversal,0.00,817.42,"82,641.34"
ID13662,08-Mar-2026,Transfer,0.00,473.41,"10,988.43"
ID13662,25-Jan-2026,Charge,0.00,175.74,"41,329.84"
ID13662,01-Mar-2026,Payment,886.15,0.00,"65,874.67"
ID13662,06-Mar-2026,Direct Deposit,"4,104.02",0.00,"57,046.57"
ID13662,11-Feb-2026,Reversal,0.00,"1,488.54","37,390.52"
ID13662,19-Jan-2026,ATM Withdrawal,0.00,869.83,"66,014.01"
ID13662,29-Mar-2026,Debit Card,0.00,725.49,"77,785.95"
ID13662,24-Mar-2026,ATM Withdrawal,0.00,505.11,"18,819.10"
ID13662,24-Jan-2026,Reversal,0.00,245.38,"79,566.64"
ID13662,24-Feb-2026,Interest,91.72,0.00,"78,260.45"
ID13662,22-Feb-2026,Payment,627.45,0.00,"99,061.22"
ID13662,01-Apr-2026,Charge,0.00,810.03,"55,676.95"
ID13662,14-Jan-2026,Charge,0.00,976.55,"90,211.69"
ID13662,22-Feb-2026,Reversal,956.29,0.00,"23,684.91"
ID13662,19-Mar-2026,Payment,0.00,184.07,"77,906.47"
ID13662,20-Jan-2026,Direct Deposit,"3,505.40",0.00,"37,345.27"
ID13662,02-Apr-2026,Transfer,"1,173.65",0.00,"2,170.35"
ID13662,30-Jan-2026,ATM Withdrawal,0.00,140.44,"56,032.56"
ID13662,18-Jan-2026,ATM Withdrawal,0.00,792.64,"31,318.07"
ID13662,15-Feb-2026,Debit Card,0.00,88.45,"56,139.82"
ID13663,18-Jan-2026,ATM Withdrawal,0.00,122.15,"45,708.91"
ID13663,09-Mar-2026,ATM Withdrawal,0.00,694.06,"56,731.25"
ID13663,12-Feb-2026,ATM Withdrawal,0.00,379.39,"35,622.72"
ID13663,15-Jan-2026,Direct Deposit,"1,471.03",0.00,"70,782.69"
ID13663,12-Mar-2026,Interest,377.51,0.00,"58,056.07"
ID13663,22-Mar-2026,Interest,227.31,0.00,"2,953.98"
ID13663,06-Mar-2026,Direct Deposit,"2,822.88",0.00,"2,970.74"
ID13663,02-Apr-2026,Transfer,604.10,0.00,"81,771.31"
ID13663,04-Mar-2026,Charge,0.00,53.56,"5,878.00"
ID13663,17-Mar-2026,Direct Deposit,"3,490.71",0.00,"61,067.03"
ID13663,31-Jan-2026,Debit Card,0.00,262.21,"96,622.42"
ID13663,06-Feb-2026,Charge,0.00,194.50,"38,950.51"
ID13663,26-Mar-2026,Payment,0.00,282.94,"78,234.31"
ID13663,04-Feb-2026,ATM Withdrawal,0.00,489.84,"9,345.33"
ID13663,19-Feb-2026,Payment,0.00,623.96,"41,162.99"
ID13663,04-Feb-2026,ATM Withdrawal,0.00,609.32,"53,343.96"
ID13663,07-Feb-2026,Payment,0.00,593.81,"25,163.38"
ID13663,18-Mar-2026,Reversal,"1,839.15",0.00,"59,530.97"
ID13663,10-Feb-2026,Transfer,"1,509.97",0.00,"51,770.88"
ID13663,23-Mar-2026,Transfer,"1,586.44",0.00,"78,217.69"
ID13664,27-Jan-2026,ATM Withdrawal,0.00,371.45,"99,813.44"
ID13664,24-Feb-2026,Reversal,"1,924.46",0.00,"31,968.21"
ID13664,01-Feb-2026,Direct Deposit,"2,069.51",0.00,"90,737.55"
ID13664,24-Jan-2026,Transfer,595.46,0.00,"44,373.33"
ID13664,29-Jan-2026,Direct Deposit,"1,493.84",0.00,"10,308.12"
ID13664,02-Mar-2026,Payment,0.00,412.74,"51,599.52"
ID13664,22-Feb-2026,Interest,177.35,0.00,"28,625.96"
ID13664,09-Mar-2026,Transfer,112.65,0.00,"56,554.92"
ID13664,24-Mar-2026,Interest,177.81,0.00,"20,802.64"
ID13664,23-Feb-2026,ATM Withdrawal,0.00,67.43,"17,447.74"
ID13664,03-Jan-2026,Charge,0.00,772.33,"50,262.87"
ID13664,16-Feb-2026,Payment,0.00,374.40,"11,466.73"
ID13664,02-Mar-2026,Direct Deposit,"3,412.36",0.00,"68,354.05"
ID13664,24-Feb-2026,Reversal,0.00,349.99,"62,711.44"
ID13664,11-Mar-2026,Charge,0.00,41.06,"78,803.33"
ID13664,22-Jan-2026,ATM Withdrawal,0.00,137.17,"33,542.72"
ID13664,16-Jan-2026,Payment,0.00,"1,041.73","47,084.52"
ID13664,23-Feb-2026,Transfer,219.69,0.00,"74,852.10"
ID13664,14-Mar-2026,ATM Withdrawal,0.00,132.66,"43,843.81"
ID13664,16-Jan-2026,Payment,0.00,"1,041.12","23,187.08"
ID13665,03-Jan-2026,ATM Withdrawal,0.00,392.88,"57,967.46"
ID13665,02-Apr-2026,Charge,0.00,294.22,"43,530.77"
ID13665,03-Jan-2026,Direct Deposit,"3,294.76",0.00,"58,175.44"
ID13665,09-Jan-2026,Interest,371.36,0.00,"35,801.69"
ID13665,16-Mar-2026,Payment,0.00,412.29,"63,875.01"
ID13665,27-Jan-2026,Interest,470.76,0.00,"4,663.55"
ID13665,14-Jan-2026,ATM Withdrawal,0.00,406.67,"70,008.91"
ID13665,19-Mar-2026,Payment,0.00,891.81,"56,319.84"
ID13665,21-Mar-2026,Transfer,"1,113.42",0.00,"95,873.83"
ID13665,05-Feb-2026,Payment,632.35,0.00,"24,431.13"
ID13665,30-Jan-2026,Interest,378.57,0.00,"93,449.54"
ID13665,21-Feb-2026,Payment,802.01,0.00,"34,458.36"
ID13665,24-Feb-2026,Debit Card,0.00,439.68,"47,464.54"
ID13665,26-Jan-2026,Interest,403.15,0.00,"95,548.97"
ID13665,28-Feb-2026,Reversal,0.00,"1,244.30","50,639.92"
ID13665,24-Jan-2026,Reversal,"1,576.78",0.00,"91,881.61"
ID13665,18-Mar-2026,Direct Deposit,"3,874.54",0.00,"13,125.48"
ID13665,10-Jan-2026,Transfer,0.00,"1,004.32","30,555.41"
ID13665,01-Apr-2026,Debit Card,0.00,282.29,"38,951.46"
ID13665,07-Mar-2026,Charge,0.00,862.99,"55,995.71"
ID13666,28-Jan-2026,Direct Deposit,"2,324.38",0.00,"40,808.47"
ID13666,30-Jan-2026,Direct Deposit,"3,180.76",0.00,"63,271.69"
ID13666,26-Mar-2026,Charge,0.00,595.10,"4,852.12"
ID13666,06-Feb-2026,Payment,"1,387.55",0.00,"97,099.29"
ID13666,02-Mar-2026,Payment,0.00,"1,205.00","85,091.55"
ID13666,08-Jan-2026,Charge,0.00,184.80,"11,362.86"
ID13666,20-Jan-2026,Transfer,0.00,790.72,"35,876.22"
ID13666,05-Mar-2026,Reversal,0.00,603.16,"16,710.18"
ID13666,16-Mar-2026,Transfer,0.00,909.10,"79,735.95"
ID13666,18-Mar-2026,Interest,269.19,0.00,"6,182.52"
ID13666,12-Feb-2026,Reversal,0.00,"1,049.68","85,227.03"
ID13666,24-Feb-2026,Payment,694.17,0.00,"50,148.79"
ID13666,18-Jan-2026,ATM Withdrawal,0.00,468.51,"44,383.62"
ID13666,08-Mar-2026,Reversal,0.00,700.80,"87,665.06"
ID13666,29-Jan-2026,Reversal,799.05,0.00,"15,457.95"
ID13666,11-Mar-2026,Transfer,0.00,"1,391.91","83,919.22"
ID13666,21-Feb-2026,Interest,144.75,0.00,"11,347.29"
ID13666,31-Jan-2026,Payment,"1,220.37",0.00,"39,306.20"
ID13666,08-Mar-2026,ATM Withdrawal,0.00,322.05,"13,339.07"
ID13666,18-Feb-2026,ATM Withdrawal,0.00,723.52,"81,035.27"
ID13667,22-Jan-2026,Payment,"1,879.48",0.00,"67,778.25"
ID13667,02-Feb-2026,Direct Deposit,"4,207.24",0.00,"82,123.16"
ID13667,10-Feb-2026,ATM Withdrawal,0.00,193.32,"98,307.15"
ID13667,21-Feb-2026,Payment,0.00,"1,326.98","17,153.51"
ID13667,03-Apr-2026,ATM Withdrawal,0.00,702.21,"64,536.27"
ID13667,27-Mar-2026,Debit Card,0.00,158.07,"94,725.28"
ID13667,10-Jan-2026,Interest,76.88,0.00,"53,947.48"
ID13667,07-Jan-2026,Transfer,0.00,241.23,"42,832.98"
ID13667,25-Mar-2026,Direct Deposit,"1,305.19",0.00,"58,704.91"
ID13667,01-Apr-2026,Debit Card,0.00,375.75,"36,116.69"
ID13667,27-Mar-2026,Transfer,600.89,0.00,"31,455.20"
ID13667,03-Jan-2026,Payment,764.40,0.00,"2,152.59"
ID13667,10-Feb-2026,Direct Deposit,"1,389.87",0.00,"89,338.69"
ID13667,28-Jan-2026,Reversal,"1,445.34",0.00,"54,117.42"
ID13667,28-Mar-2026,Reversal,183.94,0.00,"35,971.35"
ID13667,11-Mar-2026,Charge,0.00,179.45,"38,508.45"
ID13667,18-Mar-2026,Interest,223.98,0.00,"50,840.37"
ID13667,07-Jan-2026,Reversal,0.00,61.31,"69,083.88"
ID13667,31-Mar-2026,Reversal,"1,965.45",0.00,"87,629.14"
ID13667,29-Jan-2026,Payment,0.00,"1,190.17","57,324.92"
ID13668,13-Jan-2026,Reversal,217.46,0.00,"12,685.34"
ID13668,26-Jan-2026,Direct Deposit,"3,473.79",0.00,"8,099.18"
ID13668,03-Mar-2026,ATM Withdrawal,0.00,531.87,"24,748.52"
ID13668,04-Feb-2026,ATM Withdrawal,0.00,126.22,"88,134.50"
ID13668,25-Jan-2026,Transfer,"1,763.19",0.00,"99,089.49"
ID13668,09-Mar-2026,Debit Card,0.00,272.70,"30,897.25"
ID13668,09-Mar-2026,Debit Card,0.00,373.71,"8,371.12"
ID13668,23-Feb-2026,Charge,0.00,165.92,"10,862.43"
ID13668,29-Jan-2026,Charge,0.00,450.54,"4,035.79"
ID13668,11-Feb-2026,Reversal,0.00,260.64,"4,569.39"
ID13668,22-Feb-2026,Transfer,0.00,771.11,"87,199.53"
ID13668,05-Jan-2026,Charge,0.00,620.68,"90,134.31"
ID13668,04-Mar-2026,Interest,370.68,0.00,"18,492.11"
ID13668,09-Mar-2026,Reversal,0.00,305.64,"14,747.32"
ID13668,08-Feb-2026,Debit Card,0.00,994.01,"82,879.67"
ID13668,02-Feb-2026,Debit Card,0.00,16.51,"34,332.01"
ID13668,10-Mar-2026,Charge,0.00,554.98,"17,885.97"
ID13668,25-Feb-2026,Payment,0.00,598.70,"24,931.54"
ID13668,06-Feb-2026,ATM Withdrawal,0.00,971.72,"5,460.62"
ID13668,12-Feb-2026,Interest,330.20,0.00,"41,635.31"
ID13669,13-Jan-2026,Payment,0.00,427.57,"17,665.41"
ID13669,03-Feb-2026,Direct Deposit,"1,941.92",0.00,"5,918.21"
ID13669,15-Feb-2026,Direct Deposit,"1,401.14",0.00,"98,915.14"
ID13669,27-Mar-2026,Reversal,453.33,0.00,"85,927.97"
ID13669,04-Mar-2026,Charge,0.00,249.22,"41,584.97"
ID13669,27-Mar-2026,Direct Deposit,"2,595.74",0.00,"86,235.96"
ID13669,28-Jan-2026,Reversal,0.00,922.16,"43,620.23"
ID13669,08-Feb-2026,Direct Deposit,"1,881.20",0.00,"42,284.17"
ID13669,08-Mar-2026,ATM Withdrawal,0.00,448.16,"58,584.52"
ID13669,19-Jan-2026,Direct Deposit,603.31,0.00,"93,674.91"
ID13669,16-Jan-2026,Charge,0.00,188.33,"16,779.23"
ID13669,04-Feb-2026,ATM Withdrawal,0.00,475.92,"59,859.04"
ID13669,13-Feb-2026,ATM Withdrawal,0.00,235.53,"57,225.77"
ID13669,20-Mar-2026,Interest,196.53,0.00,"69,573.26"
ID13669,26-Feb-2026,Payment,938.74,0.00,"14,499.92"
ID13669,27-Feb-2026,Debit Card,0.00,151.85,"5,263.47"
ID13669,18-Jan-2026,Direct Deposit,"4,265.85",0.00,"58,059.07"
ID13669,11-Mar-2026,Debit Card,0.00,351.52,"18,829.52"
ID13669,06-Mar-2026,Reversal,0.00,421.15,"70,729.10"
ID13669,22-Mar-2026,Transfer,0.00,"1,418.43","62,781.29"
ID13670,05-Jan-2026,ATM Withdrawal,0.00,189.94,"67,307.40"
ID13670,01-Apr-2026,Charge,0.00,376.16,"74,932.16"
ID13670,10-Feb-2026,Interest,409.87,0.00,"22,173.30"
ID13670,31-Mar-2026,Payment,0.00,329.68,"40,756.66"
ID13670,30-Mar-2026,Reversal,905.25,0.00,"83,297.14"
ID13670,03-Feb-2026,Reversal,0.00,709.91,"20,617.94"
ID13670,29-Mar-2026,Debit Card,0.00,282.75,"43,873.54"
ID13670,14-Mar-2026,Interest,180.93,0.00,"94,614.95"
ID13670,08-Feb-2026,Direct Deposit,"2,214.72",0.00,"76,799.60"
ID13670,27-Mar-2026,ATM Withdrawal,0.00,588.59,"42,247.90"
ID13670,27-Mar-2026,Charge,0.00,794.96,"41,986.58"
ID13670,06-Feb-2026,Charge,0.00,257.25,"28,550.03"
ID13670,03-Apr-2026,Interest,445.38,0.00,"66,156.91"
ID13670,10-Jan-2026,Debit Card,0.00,566.64,"38,811.85"
ID13670,29-Mar-2026,Debit Card,0.00,737.05,"34,981.98"
ID13670,14-Jan-2026,ATM Withdrawal,0.00,450.43,"99,858.99"
ID13670,31-Jan-2026,Transfer,0.00,893.12,"98,400.61"
ID13670,01-Apr-2026,Direct Deposit,"4,441.99",0.00,"75,871.41"
ID13670,12-Feb-2026,Debit Card,0.00,60.70,"16,977.75"
ID13670,26-Mar-2026,Interest,447.28,0.00,"8,952.49"
ID13671,17-Mar-2026,Interest,218.77,0.00,"1,182.81"
ID13671,04-Jan-2026,Reversal,0.00,"1,187.54","19,810.94"
ID13671,09-Jan-2026,Interest,243.62,0.00,"74,899.26"
ID13671,11-Feb-2026,Reversal,515.23,0.00,"58,413.99"
ID13671,15-Feb-2026,ATM Withdrawal,0.00,487.69,"55,536.80"
ID13671,03-Apr-2026,Payment,0.00,183.56,"96,409.39"
ID13671,23-Feb-2026,Direct Deposit,"4,340.32",0.00,"5,236.89"
ID13671,01-Mar-2026,Reversal,0.00,503.14,"46,203.45"
ID13671,15-Jan-2026,Debit Card,0.00,812.51,"4,548.74"
ID13671,06-Mar-2026,Direct Deposit,"1,509.09",0.00,"74,295.79"
ID13671,15-Jan-2026,Debit Card,0.00,168.83,"51,531.85"
ID13671,15-Jan-2026,Interest,270.77,0.00,"61,261.82"
ID13671,31-Mar-2026,Direct Deposit,"2,233.78",0.00,"1,152.89"
ID13671,13-Feb-2026,Direct Deposit,"1,610.10",0.00,"73,796.61"
ID13671,07-Feb-2026,ATM Withdrawal,0.00,514.46,"39,171.43"
ID13671,31-Mar-2026,Reversal,0.00,"1,216.36","4,919.50"
ID13671,14-Mar-2026,Debit Card,0.00,528.32,"30,972.21"
ID13671,02-Feb-2026,Reversal,158.27,0.00,"54,601.43"
ID13671,13-Mar-2026,Charge,0.00,850.24,"17,234.11"
ID13671,22-Feb-2026,Transfer,"1,600.56",0.00,"40,767.05"
ID13672,19-Feb-2026,Transfer,978.98,0.00,"96,746.86"
ID13672,30-Jan-2026,Transfer,0.00,161.97,"23,526.62"
ID13672,08-Mar-2026,ATM Withdrawal,0.00,764.68,"45,633.26"
ID13672,10-Feb-2026,Transfer,"1,805.77",0.00,"5,418.58"
ID13672,26-Feb-2026,Transfer,0.00,531.73,"68,332.28"
ID13672,23-Mar-2026,Debit Card,0.00,934.13,"19,561.40"
ID13672,06-Mar-2026,Direct Deposit,"3,570.28",0.00,"24,430.18"
ID13672,15-Jan-2026,Debit Card,0.00,506.55,"91,476.61"
ID13672,12-Jan-2026,Charge,0.00,960.73,"16,422.55"
ID13672,22-Feb-2026,Charge,0.00,334.79,"86,343.34"
ID13672,11-Jan-2026,ATM Withdrawal,0.00,996.93,"94,183.61"
ID13672,02-Apr-2026,Reversal,0.00,995.05,"10,646.80"
ID13672,04-Feb-2026,Debit Card,0.00,527.24,"19,572.00"
ID13672,11-Jan-2026,Transfer,0.00,244.33,"42,274.80"
ID13672,23-Jan-2026,Debit Card,0.00,840.07,"37,582.60"
ID13672,03-Feb-2026,Transfer,"1,135.38",0.00,"16,703.13"
ID13672,16-Mar-2026,Reversal,0.00,756.19,"48,106.48"
ID13672,19-Mar-2026,Interest,57.57,0.00,"75,365.20"
ID13672,02-Feb-2026,Debit Card,0.00,685.47,"60,453.68"
ID13672,12-Jan-2026,ATM Withdrawal,0.00,860.37,"23,281.70"
ID13673,03-Mar-2026,ATM Withdrawal,0.00,590.78,"38,225.80"
ID13673,21-Jan-2026,ATM Withdrawal,0.00,535.52,"53,134.24"
ID13673,13-Feb-2026,ATM Withdrawal,0.00,261.79,"40,684.03"
ID13673,07-Jan-2026,Reversal,"1,955.18",0.00,"66,205.93"
ID13673,23-Jan-2026,Debit Card,0.00,859.17,"16,991.11"
ID13673,06-Mar-2026,Interest,62.28,0.00,"54,742.55"
ID13673,02-Feb-2026,ATM Withdrawal,0.00,869.92,"9,421.43"
ID13673,15-Feb-2026,Direct Deposit,"3,510.55",0.00,"39,428.17"
ID13673,29-Jan-2026,Interest,190.06,0.00,"70,332.25"
ID13673,05-Feb-2026,Debit Card,0.00,295.19,"38,251.61"
ID13673,11-Jan-2026,Charge,0.00,546.42,"82,062.89"
ID13673,05-Jan-2026,Payment,"1,524.19",0.00,"61,102.21"
ID13673,28-Jan-2026,ATM Withdrawal,0.00,100.82,"98,325.72"
ID13673,31-Jan-2026,Debit Card,0.00,207.05,"2,085.46"
ID13673,29-Mar-2026,Debit Card,0.00,974.68,"9,885.84"
ID13673,23-Feb-2026,Charge,0.00,385.54,"71,996.67"
ID13673,24-Mar-2026,Reversal,0.00,826.77,"75,168.08"
ID13673,07-Feb-2026,ATM Withdrawal,0.00,775.80,"83,193.30"
ID13673,02-Feb-2026,Debit Card,0.00,64.31,"26,905.57"
ID13673,24-Jan-2026,Transfer,0.00,"1,261.88","38,501.36"
ID13674,03-Mar-2026,Charge,0.00,593.88,"25,979.55"
ID13674,17-Feb-2026,ATM Withdrawal,0.00,432.79,"75,520.12"
ID13674,10-Jan-2026,Transfer,307.31,0.00,"28,156.52"
ID13674,15-Mar-2026,ATM Withdrawal,0.00,318.20,"13,541.19"
ID13674,25-Jan-2026,Payment,"1,227.63",0.00,"87,471.38"
ID13674,30-Jan-2026,Payment,0.00,966.55,"47,639.82"
ID13674,07-Mar-2026,Charge,0.00,453.19,"56,815.33"
ID13674,24-Feb-2026,Transfer,510.84,0.00,"13,359.72"
ID13674,05-Mar-2026,ATM Withdrawal,0.00,420.15,"21,809.80"
ID13674,21-Feb-2026,Debit Card,0.00,451.63,"73,772.14"
ID13674,28-Jan-2026,Direct Deposit,955.25,0.00,"28,179.53"
ID13674,11-Jan-2026,ATM Withdrawal,0.00,268.91,"7,072.60"
ID13674,30-Mar-2026,ATM Withdrawal,0.00,337.53,"81,337.11"
ID13674,28-Feb-2026,Transfer,368.14,0.00,"1,515.56"
ID13674,03-Apr-2026,Reversal,0.00,281.46,"50,086.18"
ID13674,11-Mar-2026,Reversal,0.00,"1,009.84","70,287.44"
ID13674,26-Jan-2026,Interest,64.62,0.00,"51,073.72"
ID13674,05-Mar-2026,ATM Withdrawal,0.00,690.41,"69,926.91"
ID13674,29-Jan-2026,Charge,0.00,72.73,"40,481.54"
ID13674,21-Jan-2026,Reversal,0.00,294.32,"78,412.90"
ID13675,18-Feb-2026,Interest,215.44,0.00,"37,851.59"
ID13675,31-Mar-2026,ATM Withdrawal,0.00,730.49,"28,802.85"
ID13675,24-Mar-2026,Direct Deposit,"3,775.17",0.00,"30,496.39"
ID13675,05-Jan-2026,Interest,456.41,0.00,"85,477.38"
ID13675,17-Mar-2026,Reversal,557.76,0.00,"76,419.62"
ID13675,21-Mar-2026,Transfer,674.26,0.00,"91,005.86"
ID13675,04-Feb-2026,Charge,0.00,952.85,"87,971.18"
ID13675,06-Mar-2026,Charge,0.00,438.79,"12,368.66"
ID13675,01-Feb-2026,Reversal,0.00,"1,455.64","83,817.77"
ID13675,10-Jan-2026,Payment,"1,381.91",0.00,"50,043.93"
ID13675,06-Feb-2026,Payment,0.00,377.51,"69,421.47"
ID13675,26-Feb-2026,Debit Card,0.00,700.06,"61,477.89"
ID13675,26-Jan-2026,Interest,130.93,0.00,"81,419.94"
ID13675,08-Jan-2026,ATM Withdrawal,0.00,674.46,"65,242.55"
ID13675,23-Feb-2026,Interest,182.49,0.00,"84,944.95"
ID13675,09-Jan-2026,Charge,0.00,456.79,"57,241.18"
ID13675,28-Mar-2026,Reversal,475.78,0.00,"99,796.07"
ID13675,11-Mar-2026,Transfer,0.00,"1,191.78","53,790.02"
ID13675,06-Mar-2026,ATM Withdrawal,0.00,438.72,"46,398.59"
ID13675,28-Mar-2026,ATM Withdrawal,0.00,229.26,"47,664.80"
ID13676,10-Mar-2026,Debit Card,0.00,818.80,"48,317.69"
ID13676,23-Jan-2026,Debit Card,0.00,457.99,"95,679.97"
ID13676,27-Feb-2026,Charge,0.00,836.41,"96,065.03"
ID13676,20-Mar-2026,Transfer,"1,080.24",0.00,"20,311.05"
ID13676,18-Feb-2026,Reversal,0.00,"1,113.16","84,593.13"
ID13676,19-Feb-2026,Transfer,983.92,0.00,"41,903.92"
ID13676,22-Feb-2026,Reversal,0.00,416.96,"23,176.32"
ID13676,17-Mar-2026,Debit Card,0.00,464.20,"88,499.87"
ID13676,03-Apr-2026,Charge,0.00,810.73,"80,801.40"
ID13676,03-Apr-2026,Payment,"1,696.57",0.00,"92,290.76"
ID13676,15-Mar-2026,Payment,0.00,98.84,"71,039.49"
ID13676,29-Mar-2026,Direct Deposit,"4,500.10",0.00,"1,806.24"
ID13676,18-Mar-2026,Transfer,"1,050.68",0.00,"85,300.39"
ID13676,22-Feb-2026,Transfer,0.00,803.26,"99,944.14"
ID13676,08-Feb-2026,Payment,"1,248.06",0.00,"9,754.31"
ID13676,10-Jan-2026,Payment,316.46,0.00,"19,294.38"
ID13676,30-Jan-2026,Debit Card,0.00,621.30,"35,702.77"
ID13676,03-Feb-2026,Direct Deposit,"3,267.11",0.00,"98,317.45"
ID13676,26-Jan-2026,Direct Deposit,"4,735.41",0.00,"42,460.10"
ID13676,04-Feb-2026,Interest,356.43,0.00,"81,792.80"
ID13677,08-Jan-2026,Reversal,0.00,957.42,"70,768.14"
ID13677,08-Jan-2026,Debit Card,0.00,782.54,"4,633.71"
ID13677,08-Mar-2026,Payment,242.40,0.00,"41,039.07"
ID13677,13-Mar-2026,Transfer,0.00,"1,139.27","38,613.95"
ID13677,19-Jan-2026,ATM Withdrawal,0.00,898.99,"89,268.35"
ID13677,22-Mar-2026,ATM Withdrawal,0.00,181.06,"46,435.52"
ID13677,09-Feb-2026,Direct Deposit,"1,426.65",0.00,"25,914.98"
ID13677,17-Jan-2026,Charge,0.00,19.48,"3,954.04"
ID13677,23-Jan-2026,ATM Withdrawal,0.00,683.70,"96,191.69"
ID13677,22-Jan-2026,Direct Deposit,"4,528.67",0.00,"56,389.06"
ID13677,10-Feb-2026,ATM Withdrawal,0.00,130.64,"21,373.59"
ID13677,06-Mar-2026,Charge,0.00,67.17,"79,849.76"
ID13677,14-Feb-2026,Transfer,0.00,712.17,"84,798.89"
ID13677,02-Mar-2026,Charge,0.00,413.56,"57,439.54"
ID13677,21-Feb-2026,Reversal,108.15,0.00,"68,632.19"
ID13677,02-Apr-2026,Interest,58.78,0.00,"22,349.87"
ID13677,17-Feb-2026,ATM Withdrawal,0.00,27.88,"36,760.47"
ID13677,21-Jan-2026,Interest,276.57,0.00,"93,790.71"
ID13677,30-Jan-2026,Transfer,"1,129.87",0.00,"71,487.94"
ID13677,03-Jan-2026,ATM Withdrawal,0.00,308.02,"22,869.51"
ID13678,06-Mar-2026,ATM Withdrawal,0.00,741.98,"22,505.08"
ID13678,21-Mar-2026,Reversal,"1,681.06",0.00,"54,022.40"
ID13678,28-Mar-2026,Debit Card,0.00,686.10,"58,677.55"
ID13678,08-Feb-2026,Charge,0.00,625.01,"15,728.14"
ID13678,01-Mar-2026,ATM Withdrawal,0.00,805.11,"32,440.33"
ID13678,03-Feb-2026,Debit Card,0.00,126.15,"14,490.07"
ID13678,06-Feb-2026,Charge,0.00,264.78,"97,634.75"
ID13678,31-Mar-2026,Reversal,0.00,668.18,"15,631.88"
ID13678,07-Mar-2026,ATM Withdrawal,0.00,339.45,"98,230.23"
ID13678,01-Feb-2026,Charge,0.00,660.50,"26,651.01"
ID13678,06-Jan-2026,Interest,367.16,0.00,"92,900.53"
ID13678,13-Jan-2026,ATM Withdrawal,0.00,61.88,"91,050.88"
ID13678,27-Mar-2026,Charge,0.00,174.55,"89,414.52"
ID13678,24-Mar-2026,Charge,0.00,561.97,"8,254.82"
ID13678,14-Feb-2026,ATM Withdrawal,0.00,177.00,"94,690.04"
ID13678,01-Apr-2026,Charge,0.00,564.89,"49,184.77"
ID13678,18-Mar-2026,ATM Withdrawal,0.00,321.49,"48,128.32"
ID13678,12-Feb-2026,Interest,274.33,0.00,"59,451.19"
ID13678,14-Feb-2026,Direct Deposit,"4,823.99",0.00,"36,604.80"
ID13678,23-Feb-2026,Transfer,0.00,"1,276.15","20,779.13"
ID13679,30-Mar-2026,Reversal,"1,897.90",0.00,"35,059.94"
ID13679,20-Jan-2026,ATM Withdrawal,0.00,624.34,"33,222.67"
ID13679,06-Feb-2026,Reversal,460.98,0.00,"9,480.48"
ID13679,28-Mar-2026,Debit Card,0.00,272.01,"5,041.36"
ID13679,01-Mar-2026,Transfer,0.00,832.17,"29,151.67"
ID13679,04-Feb-2026,Reversal,0.00,"1,277.61","43,997.17"
ID13679,28-Feb-2026,Direct Deposit,"2,461.92",0.00,"8,907.30"
ID13679,19-Jan-2026,Reversal,"1,770.72",0.00,"82,891.48"
ID13679,30-Mar-2026,Direct Deposit,"2,807.47",0.00,"7,940.25"
ID13679,09-Feb-2026,Reversal,389.81,0.00,"13,576.46"
ID13679,07-Jan-2026,Charge,0.00,346.91,"66,092.20"
ID13679,25-Jan-2026,ATM Withdrawal,0.00,703.08,"81,014.80"
ID13679,08-Mar-2026,Debit Card,0.00,702.41,"28,882.91"
ID13679,17-Mar-2026,Transfer,"1,341.54",0.00,"13,721.58"
ID13679,14-Feb-2026,Payment,376.45,0.00,"65,091.49"
ID13679,11-Jan-2026,Direct Deposit,"3,935.30",0.00,"3,906.90"
ID13679,26-Mar-2026,Reversal,329.85,0.00,"45,773.51"
ID13679,05-Feb-2026,Debit Card,0.00,573.09,"36,892.99"
ID13679,25-Mar-2026,Reversal,0.00,"1,331.27","1,766.78"
ID13679,20-Jan-2026,ATM Withdrawal,0.00,155.56,"3,608.94"
ID13680,22-Feb-2026,ATM Withdrawal,0.00,498.58,"25,692.71"
ID13680,27-Feb-2026,Debit Card,0.00,153.65,"51,336.31"
ID13680,04-Feb-2026,Direct Deposit,"1,744.95",0.00,"60,949.85"
ID13680,05-Jan-2026,Direct Deposit,"3,589.14",0.00,"5,933.05"
ID13680,24-Mar-2026,Transfer,0.00,264.40,"23,164.82"
ID13680,18-Feb-2026,Debit Card,0.00,814.07,"67,185.29"
ID13680,09-Feb-2026,Reversal,"1,751.53",0.00,"64,111.28"
ID13680,20-Jan-2026,Reversal,"1,093.42",0.00,"75,695.01"
ID13680,17-Jan-2026,ATM Withdrawal,0.00,237.36,"74,048.32"
ID13680,13-Feb-2026,ATM Withdrawal,0.00,787.35,"48,325.20"
ID13680,03-Feb-2026,Transfer,158.91,0.00,"23,845.76"
ID13680,09-Feb-2026,Debit Card,0.00,599.66,"45,849.67"
ID13680,06-Feb-2026,ATM Withdrawal,0.00,474.64,"62,794.37"
ID13680,19-Jan-2026,Direct Deposit,"3,502.65",0.00,"20,049.64"
ID13680,12-Jan-2026,ATM Withdrawal,0.00,238.16,"69,440.97"
ID13680,27-Mar-2026,ATM Withdrawal,0.00,494.01,"68,409.77"
ID13680,14-Jan-2026,Reversal,"1,131.52",0.00,"9,295.72"
ID13680,31-Mar-2026,Interest,460.44,0.00,"45,546.32"
ID13680,27-Jan-2026,Charge,0.00,824.64,"93,224.92"
ID13680,23-Mar-2026,Charge,0.00,24.52,"10,161.30"
ID13681,28-Feb-2026,Interest,281.18,0.00,"26,306.23"
ID13681,11-Mar-2026,Interest,183.32,0.00,"87,903.54"
ID13681,31-Jan-2026,Debit Card,0.00,502.80,"86,454.50"
ID13681,21-Mar-2026,Payment,0.00,716.88,"68,173.30"
ID13681,11-Feb-2026,Interest,216.33,0.00,"91,300.17"
ID13681,24-Feb-2026,Transfer,0.00,116.14,"6,662.57"
ID13681,17-Mar-2026,Reversal,0.00,"1,250.24","75,627.03"
ID13681,28-Mar-2026,Direct Deposit,"2,681.37",0.00,"70,176.39"
ID13681,17-Mar-2026,Payment,0.00,"1,018.13","65,266.99"
ID13681,22-Jan-2026,Transfer,0.00,"1,048.26","49,201.79"
ID13681,26-Feb-2026,Payment,0.00,"1,059.56","82,349.96"
ID13681,09-Jan-2026,Debit Card,0.00,973.38,"20,787.92"
ID13681,23-Jan-2026,Direct Deposit,"3,490.98",0.00,"88,342.02"
ID13681,08-Mar-2026,Interest,455.70,0.00,"6,473.89"
ID13681,10-Jan-2026,Charge,0.00,741.37,"72,244.77"
ID13681,05-Feb-2026,Payment,0.00,"1,432.06","26,656.55"
ID13681,27-Mar-2026,Charge,0.00,143.49,"90,873.79"
ID13681,13-Feb-2026,Debit Card,0.00,560.84,"25,708.24"
ID13681,23-Mar-2026,ATM Withdrawal,0.00,399.46,"52,962.66"
ID13681,28-Jan-2026,Charge,0.00,360.31,"80,280.09"
ID13682,31-Jan-2026,Transfer,192.79,0.00,"44,277.69"
ID13682,16-Jan-2026,Debit Card,0.00,529.79,"11,656.33"
ID13682,29-Mar-2026,Transfer,0.00,379.97,"79,125.86"
ID13682,08-Feb-2026,Charge,0.00,244.82,"18,015.36"
ID13682,11-Mar-2026,ATM Withdrawal,0.00,609.28,"6,282.81"
ID13682,19-Mar-2026,Payment,405.37,0.00,"23,696.91"
ID13682,15-Mar-2026,Debit Card,0.00,604.07,"17,579.09"
ID13682,18-Jan-2026,Payment,0.00,912.37,"27,515.98"
ID13682,10-Jan-2026,Payment,739.81,0.00,"20,757.15"
ID13682,22-Mar-2026,Transfer,0.00,294.30,"96,896.52"
ID13682,18-Jan-2026,Transfer,848.39,0.00,"46,097.30"
ID13682,19-Jan-2026,Interest,94.75,0.00,"52,572.25"
ID13682,17-Feb-2026,Reversal,0.00,170.15,"91,110.76"
ID13682,31-Mar-2026,Payment,0.00,75.32,"65,162.36"
ID13682,19-Feb-2026,Interest,332.86,0.00,"87,577.60"
ID13682,11-Feb-2026,ATM Withdrawal,0.00,382.74,"8,461.82"
ID13682,11-Feb-2026,Interest,406.58,0.00,"79,499.78"
ID13682,16-Feb-2026,Reversal,"1,049.16",0.00,"77,157.66"
ID13682,20-Feb-2026,Reversal,0.00,287.28,"52,073.29"
ID13682,03-Jan-2026,Direct Deposit,760.38,0.00,"78,469.06"
ID13683,06-Feb-2026,Direct Deposit,891.74,0.00,"34,993.13"
ID13683,06-Mar-2026,Charge,0.00,197.59,"18,644.83"
ID13683,15-Jan-2026,Charge,0.00,104.38,"79,113.23"
ID13683,07-Mar-2026,Transfer,0.00,382.70,"98,018.61"
ID13683,18-Mar-2026,Reversal,0.00,223.53,"8,467.98"
ID13683,18-Mar-2026,Reversal,0.00,"1,204.48","20,233.73"
ID13683,05-Mar-2026,ATM Withdrawal,0.00,60.08,"59,811.93"
ID13683,08-Jan-2026,Payment,0.00,609.25,"93,874.65"
ID13683,30-Mar-2026,Payment,0.00,"1,223.25","91,916.32"
ID13683,12-Feb-2026,Charge,0.00,738.81,"74,891.29"
ID13683,18-Jan-2026,Transfer,0.00,"1,062.41","42,395.17"
ID13683,09-Feb-2026,Charge,0.00,291.38,"50,537.55"
ID13683,05-Mar-2026,ATM Withdrawal,0.00,442.98,"8,342.85"
ID13683,13-Jan-2026,ATM Withdrawal,0.00,545.39,"3,912.58"
ID13683,25-Mar-2026,Interest,76.91,0.00,"46,161.96"
ID13683,02-Mar-2026,Direct Deposit,"1,982.52",0.00,"22,275.47"
ID13683,13-Feb-2026,ATM Withdrawal,0.00,771.53,"57,006.82"
ID13683,01-Feb-2026,Reversal,0.00,270.72,"74,958.53"
ID13683,06-Mar-2026,Charge,0.00,567.69,"29,302.89"
ID13683,27-Mar-2026,Reversal,0.00,"1,240.99","39,899.98"
ID13684,12-Feb-2026,ATM Withdrawal,0.00,975.33,"93,598.02"
ID13684,17-Mar-2026,Debit Card,0.00,129.19,"96,980.67"
ID13684,02-Apr-2026,Payment,0.00,"1,476.64","93,393.29"
ID13684,07-Feb-2026,Debit Card,0.00,699.39,"51,175.20"
ID13684,16-Jan-2026,ATM Withdrawal,0.00,632.03,"3,722.82"
ID13684,28-Jan-2026,Charge,0.00,631.15,"72,766.09"
ID13684,26-Feb-2026,Charge,0.00,638.56,"19,870.75"
ID13684,05-Jan-2026,Reversal,833.54,0.00,"57,462.15"
ID13684,21-Mar-2026,Payment,541.29,0.00,"23,957.26"
ID13684,21-Feb-2026,Debit Card,0.00,486.52,"28,978.29"
ID13684,06-Jan-2026,Debit Card,0.00,204.33,"76,041.64"
ID13684,25-Mar-2026,Interest,202.25,0.00,"21,701.05"
ID13684,18-Mar-2026,Interest,25.48,0.00,"30,101.50"
ID13684,29-Jan-2026,Direct Deposit,"2,854.06",0.00,"87,738.66"
ID13684,07-Mar-2026,Reversal,541.79,0.00,"92,063.83"
ID13684,04-Mar-2026,Reversal,308.61,0.00,"46,278.96"
ID13684,19-Mar-2026,Direct Deposit,"3,059.66",0.00,"50,555.89"
ID13684,09-Mar-2026,Interest,466.78,0.00,"95,504.44"
ID13684,15-Jan-2026,Charge,0.00,848.45,"16,005.31"
ID13684,12-Jan-2026,Charge,0.00,608.12,"59,251.62"
ID13685,07-Jan-2026,Direct Deposit,"2,472.74",0.00,"32,662.51"
ID13685,23-Feb-2026,Transfer,0.00,"1,407.58","40,267.93"
ID13685,14-Feb-2026,Debit Card,0.00,516.23,"45,263.18"
ID13685,06-Jan-2026,Interest,157.70,0.00,"72,636.51"
ID13685,15-Jan-2026,Charge,0.00,363.87,"62,257.69"
ID13685,14-Jan-2026,Transfer,672.40,0.00,"15,898.00"
ID13685,25-Feb-2026,Debit Card,0.00,81.37,"95,696.85"
ID13685,16-Mar-2026,Interest,410.71,0.00,"1,872.83"
ID13685,22-Mar-2026,Payment,0.00,877.56,"34,451.20"
ID13685,07-Feb-2026,Reversal,270.19,0.00,"94,377.85"
ID13685,15-Feb-2026,Debit Card,0.00,961.94,"15,824.16"
ID13685,04-Mar-2026,Payment,0.00,976.27,"87,724.18"
ID13685,14-Feb-2026,Interest,106.18,0.00,"21,548.99"
ID13685,26-Mar-2026,Charge,0.00,558.53,"23,794.76"
ID13685,20-Feb-2026,ATM Withdrawal,0.00,927.60,"60,101.36"
ID13685,06-Jan-2026,ATM Withdrawal,0.00,536.27,"10,267.11"
ID13685,12-Feb-2026,Debit Card,0.00,666.79,"4,448.21"
ID13685,29-Mar-2026,Reversal,766.11,0.00,"82,447.90"
ID13685,28-Feb-2026,Payment,306.40,0.00,"61,572.03"
ID13685,31-Mar-2026,Charge,0.00,434.29,"7,255.35"
ID13686,21-Mar-2026,Interest,93.45,0.00,"26,633.48"
ID13686,26-Feb-2026,Debit Card,0.00,593.73,"22,555.13"
ID13686,03-Mar-2026,Direct Deposit,"1,247.79",0.00,"79,613.43"
ID13686,08-Jan-2026,Interest,414.96,0.00,"65,900.07"
ID13686,02-Feb-2026,Payment,826.93,0.00,"24,340.02"
ID13686,08-Feb-2026,Interest,438.62,0.00,"69,373.44"
ID13686,28-Mar-2026,Debit Card,0.00,640.04,"87,874.29"
ID13686,31-Jan-2026,Payment,779.93,0.00,"41,493.37"
ID13686,12-Jan-2026,Payment,"1,489.63",0.00,"12,243.12"
ID13686,02-Feb-2026,Payment,0.00,"1,177.93","52,584.39"
ID13686,30-Mar-2026,Payment,356.78,0.00,"7,887.41"
ID13686,14-Feb-2026,Reversal,0.00,824.97,"29,992.82"
ID13686,03-Apr-2026,Interest,73.91,0.00,"64,810.10"
ID13686,17-Feb-2026,Reversal,0.00,"1,426.48","58,006.82"
ID13686,25-Jan-2026,Payment,"1,429.57",0.00,"92,514.80"
ID13686,07-Mar-2026,Transfer,0.00,955.49,"85,499.53"
ID13686,26-Mar-2026,Debit Card,0.00,237.26,"14,648.20"
ID13686,13-Mar-2026,Debit Card,0.00,160.25,"71,267.92"
ID13686,27-Mar-2026,Reversal,"1,171.66",0.00,"46,509.32"
ID13686,20-Feb-2026,Payment,0.00,"1,087.02","39,002.88"
ID13687,18-Feb-2026,Interest,288.12,0.00,"13,978.74"
ID13687,30-Jan-2026,Direct Deposit,"1,585.45",0.00,"9,838.56"
ID13687,25-Mar-2026,Charge,0.00,859.18,"73,131.24"
ID13687,09-Feb-2026,ATM Withdrawal,0.00,784.40,"61,052.83"
ID13687,31-Mar-2026,Payment,0.00,238.63,"51,200.60"
ID13687,25-Jan-2026,Charge,0.00,353.54,"99,898.51"
ID13687,21-Mar-2026,Payment,518.98,0.00,"24,514.62"
ID13687,10-Jan-2026,Payment,0.00,"1,382.42","89,686.16"
ID13687,27-Jan-2026,Interest,427.22,0.00,"1,800.25"
ID13687,05-Jan-2026,Charge,0.00,148.97,"88,953.90"
ID13687,03-Mar-2026,ATM Withdrawal,0.00,979.40,"84,929.08"
ID13687,06-Jan-2026,Charge,0.00,359.15,"93,495.16"
ID13687,01-Mar-2026,Transfer,144.97,0.00,"31,069.81"
ID13687,22-Jan-2026,ATM Withdrawal,0.00,676.90,"37,233.80"
ID13687,04-Mar-2026,Debit Card,0.00,381.50,"92,789.29"
ID13687,31-Jan-2026,Payment,"1,204.62",0.00,"61,545.47"
ID13687,03-Feb-2026,Reversal,"1,138.43",0.00,"76,851.19"
ID13687,20-Feb-2026,Direct Deposit,522.58,0.00,"74,903.58"
ID13687,17-Mar-2026,Transfer,322.02,0.00,"15,999.52"
ID13687,15-Feb-2026,Direct Deposit,535.56,0.00,"56,737.37"
ID13688,19-Mar-2026,Transfer,0.00,"1,089.20","96,601.03"
ID13688,10-Mar-2026,Charge,0.00,622.74,"59,974.16"
ID13688,20-Feb-2026,Direct Deposit,"3,180.57",0.00,"23,675.01"
ID13688,07-Mar-2026,Charge,0.00,511.46,"51,775.29"
ID13688,17-Jan-2026,Charge,0.00,846.68,"54,881.61"
ID13688,28-Mar-2026,Direct Deposit,"2,553.58",0.00,"43,694.06"
ID13688,17-Jan-2026,Direct Deposit,"1,068.52",0.00,"31,935.05"
ID13688,25-Feb-2026,Debit Card,0.00,477.84,"61,297.68"
ID13688,27-Feb-2026,Reversal,0.00,942.25,"49,053.98"
ID13688,14-Mar-2026,Payment,514.08,0.00,"85,830.87"
ID13688,07-Mar-2026,Interest,301.07,0.00,"50,248.27"
ID13688,15-Feb-2026,Reversal,"1,156.80",0.00,"33,356.11"
ID13688,11-Mar-2026,Charge,0.00,391.29,"93,510.90"
ID13688,13-Feb-2026,Payment,0.00,679.95,"39,471.42"
ID13688,11-Mar-2026,ATM Withdrawal,0.00,519.40,"9,893.25"
ID13688,09-Feb-2026,Interest,333.25,0.00,"4,398.95"
ID13688,20-Feb-2026,Debit Card,0.00,146.50,"98,964.07"
ID13688,03-Jan-2026,ATM Withdrawal,0.00,764.07,"62,352.49"
ID13688,18-Feb-2026,Payment,283.68,0.00,"70,523.34"
ID13688,01-Feb-2026,Direct Deposit,"3,450.63",0.00,"30,149.49"
ID13689,22-Jan-2026,Charge,0.00,389.07,"46,373.94"
ID13689,18-Feb-2026,Direct Deposit,"1,683.02",0.00,"49,431.48"
ID13689,22-Mar-2026,Debit Card,0.00,935.32,"59,662.31"
ID13689,15-Jan-2026,Interest,24.68,0.00,"36,298.17"
ID13689,06-Feb-2026,Reversal,0.00,"1,135.70","43,674.11"
ID13689,13-Feb-2026,Debit Card,0.00,572.15,"32,143.64"
ID13689,26-Mar-2026,Payment,126.48,0.00,"95,612.79"
ID13689,23-Jan-2026,Charge,0.00,365.56,"53,988.32"
ID13689,27-Jan-2026,ATM Withdrawal,0.00,432.93,"25,675.95"
ID13689,30-Mar-2026,Direct Deposit,"3,935.13",0.00,"64,478.68"
ID13689,24-Feb-2026,Payment,0.00,"1,148.18","13,601.07"
ID13689,24-Jan-2026,Debit Card,0.00,958.03,"25,929.26"
ID13689,03-Feb-2026,Direct Deposit,"3,715.53",0.00,"96,304.27"
ID13689,25-Feb-2026,Debit Card,0.00,813.43,"62,514.00"
ID13689,05-Jan-2026,Interest,140.56,0.00,"79,808.65"
ID13689,15-Feb-2026,Payment,"1,087.19",0.00,"54,893.90"
ID13689,22-Feb-2026,Debit Card,0.00,838.86,"4,079.68"
ID13689,13-Feb-2026,Reversal,"1,401.74",0.00,"96,775.95"
ID13689,22-Mar-2026,ATM Withdrawal,0.00,206.22,"87,284.01"
ID13689,19-Jan-2026,Charge,0.00,193.82,"85,661.39"
ID13690,06-Feb-2026,Transfer,"1,255.98",0.00,"97,202.38"
ID13690,11-Feb-2026,Transfer,0.00,882.89,"85,470.33"
ID13690,18-Mar-2026,Payment,"1,288.42",0.00,"12,570.05"
ID13690,01-Mar-2026,Transfer,785.33,0.00,"53,403.42"
ID13690,30-Mar-2026,Reversal,371.41,0.00,"18,479.09"
ID13690,21-Feb-2026,Reversal,"1,398.24",0.00,"68,679.30"
ID13690,23-Feb-2026,Payment,0.00,796.53,"4,295.03"
ID13690,26-Mar-2026,Payment,0.00,698.23,"92,715.07"
ID13690,17-Jan-2026,Interest,151.74,0.00,"92,652.23"
ID13690,10-Jan-2026,Transfer,0.00,456.53,"47,810.76"
ID13690,13-Mar-2026,Direct Deposit,"4,645.61",0.00,"72,292.35"
ID13690,19-Jan-2026,Charge,0.00,528.57,"59,486.14"
ID13690,07-Mar-2026,Charge,0.00,108.42,"38,242.96"
ID13690,19-Mar-2026,Interest,491.37,0.00,"32,310.59"
ID13690,30-Jan-2026,Transfer,0.00,"1,059.65","13,614.62"
ID13690,03-Jan-2026,Transfer,"1,546.12",0.00,"2,194.37"
ID13690,10-Mar-2026,Charge,0.00,625.87,"11,657.17"
ID13690,03-Mar-2026,Reversal,0.00,"1,098.84","4,560.17"
ID13690,10-Mar-2026,Debit Card,0.00,248.73,"50,583.83"
ID13690,02-Feb-2026,Reversal,284.66,0.00,"98,462.23"
ID13691,05-Jan-2026,Transfer,0.00,853.73,"4,830.75"
ID13691,09-Mar-2026,Charge,0.00,509.43,"91,269.76"
ID13691,14-Mar-2026,Direct Deposit,"3,052.46",0.00,"25,732.90"
ID13691,13-Feb-2026,ATM Withdrawal,0.00,729.77,"95,104.33"
ID13691,07-Mar-2026,Interest,413.05,0.00,"19,425.76"
ID13691,28-Feb-2026,Direct Deposit,"1,788.82",0.00,"37,598.92"
ID13691,20-Feb-2026,Charge,0.00,550.09,"32,443.11"
ID13691,19-Mar-2026,Reversal,841.56,0.00,"39,380.53"
ID13691,11-Mar-2026,ATM Withdrawal,0.00,834.79,"75,164.59"
ID13691,21-Feb-2026,Debit Card,0.00,620.59,"10,404.48"
ID13691,29-Mar-2026,Transfer,0.00,518.29,"24,464.65"
ID13691,23-Mar-2026,Direct Deposit,"1,672.64",0.00,"37,768.10"
ID13691,01-Feb-2026,Transfer,"1,741.34",0.00,"79,922.00"
ID13691,13-Feb-2026,Debit Card,0.00,841.31,"62,142.50"
ID13691,12-Mar-2026,ATM Withdrawal,0.00,323.35,"84,859.46"
ID13691,19-Mar-2026,ATM Withdrawal,0.00,111.05,"32,236.87"
ID13691,08-Jan-2026,ATM Withdrawal,0.00,348.78,"16,971.67"
ID13691,26-Jan-2026,ATM Withdrawal,0.00,449.45,"15,926.00"
ID13691,03-Feb-2026,Reversal,0.00,"1,430.15","35,865.90"
ID13691,29-Jan-2026,Payment,"1,086.00",0.00,"54,175.10"
ID13692,10-Mar-2026,Charge,0.00,562.01,"3,718.86"
ID13692,21-Jan-2026,Payment,172.28,0.00,"26,521.87"
ID13692,02-Feb-2026,Interest,49.84,0.00,"95,580.75"
ID13692,22-Jan-2026,Charge,0.00,772.65,"14,175.05"
ID13692,17-Mar-2026,ATM Withdrawal,0.00,616.37,"73,924.09"
ID13692,11-Mar-2026,Charge,0.00,624.91,"41,603.97"
ID13692,27-Jan-2026,Transfer,630.85,0.00,"5,298.54"
ID13692,06-Feb-2026,Debit Card,0.00,58.44,"89,350.81"
ID13692,11-Mar-2026,Payment,674.02,0.00,"7,553.69"
ID13692,18-Feb-2026,Reversal,0.00,"1,433.87","14,454.41"
ID13692,10-Mar-2026,Transfer,584.52,0.00,"52,875.66"
ID13692,01-Apr-2026,ATM Withdrawal,0.00,355.83,"49,981.02"
ID13692,28-Mar-2026,Debit Card,0.00,119.35,"45,191.71"
ID13692,03-Apr-2026,Charge,0.00,639.55,"16,904.14"
ID13692,02-Apr-2026,Reversal,0.00,815.37,"85,254.66"
ID13692,18-Jan-2026,Transfer,827.63,0.00,"49,772.06"
ID13692,12-Mar-2026,Interest,345.18,0.00,"93,340.07"
ID13692,21-Jan-2026,Reversal,816.82,0.00,"62,890.97"
ID13692,08-Mar-2026,Payment,0.00,398.54,"49,939.25"
ID13692,29-Jan-2026,Direct Deposit,686.20,0.00,"1,183.70"
ID13693,09-Feb-2026,Transfer,0.00,428.56,"85,342.03"
ID13693,13-Jan-2026,Reversal,"1,224.83",0.00,"34,143.03"
ID13693,05-Jan-2026,Transfer,0.00,"1,217.71","7,003.17"
ID13693,04-Jan-2026,Debit Card,0.00,362.17,"62,652.23"
ID13693,19-Jan-2026,Interest,183.41,0.00,"41,513.69"
ID13693,03-Apr-2026,Payment,595.36,0.00,"6,126.67"
ID13693,28-Mar-2026,Reversal,0.00,999.76,"37,801.38"
ID13693,21-Feb-2026,Payment,0.00,"1,450.85","5,012.47"
ID13693,15-Mar-2026,Charge,0.00,915.68,"39,416.29"
ID13693,26-Jan-2026,Interest,195.94,0.00,"91,109.52"
ID13693,25-Mar-2026,Charge,0.00,440.37,"14,549.60"
ID13693,04-Feb-2026,Direct Deposit,"2,102.00",0.00,"3,956.35"
ID13693,06-Jan-2026,Interest,64.53,0.00,"14,758.29"
ID13693,11-Mar-2026,Charge,0.00,669.67,"16,035.83"
ID13693,07-Feb-2026,Transfer,0.00,"1,038.25","50,026.39"
ID13693,23-Feb-2026,Charge,0.00,447.73,"51,117.23"
ID13693,27-Mar-2026,Direct Deposit,"2,653.95",0.00,"49,835.91"
ID13693,08-Feb-2026,Transfer,0.00,452.23,"83,098.67"
ID13693,21-Mar-2026,Debit Card,0.00,252.29,"46,545.08"
ID13693,28-Feb-2026,Transfer,734.97,0.00,"39,690.65"
ID13694,19-Feb-2026,Transfer,"1,226.50",0.00,"54,171.18"
ID13694,18-Mar-2026,Payment,0.00,925.60,"47,806.07"
ID13694,06-Jan-2026,Direct Deposit,965.12,0.00,"5,851.94"
ID13694,21-Mar-2026,Debit Card,0.00,865.61,"99,384.72"
ID13694,10-Feb-2026,Payment,0.00,"1,132.08","50,001.65"
ID13694,19-Mar-2026,Debit Card,0.00,763.85,"57,081.85"
ID13694,22-Feb-2026,Reversal,"1,760.63",0.00,"67,326.45"
ID13694,29-Jan-2026,Reversal,"1,278.45",0.00,"94,433.40"
ID13694,02-Apr-2026,Reversal,0.00,98.62,"22,587.39"
ID13694,21-Mar-2026,Debit Card,0.00,817.54,"11,700.61"
ID13694,21-Feb-2026,Direct Deposit,"2,333.72",0.00,"93,723.31"
ID13694,16-Feb-2026,Reversal,894.42,0.00,"87,425.66"
ID13694,25-Jan-2026,Payment,0.00,"1,272.14","31,095.90"
ID13694,01-Feb-2026,Transfer,828.26,0.00,"67,797.64"
ID13694,27-Mar-2026,Reversal,0.00,418.73,"5,280.37"
ID13694,23-Mar-2026,Transfer,0.00,948.63,"50,364.80"
ID13694,20-Mar-2026,Reversal,0.00,706.64,"38,821.13"
ID13694,15-Feb-2026,ATM Withdrawal,0.00,984.24,"74,461.90"
ID13694,16-Jan-2026,ATM Withdrawal,0.00,181.80,"23,495.11"
ID13694,12-Jan-2026,Direct Deposit,784.43,0.00,"7,097.52"
ID13695,26-Mar-2026,Reversal,"1,273.47",0.00,"95,823.37"
ID13695,15-Jan-2026,Reversal,0.00,"1,397.91","30,862.75"
ID13695,20-Jan-2026,Interest,456.02,0.00,"81,540.07"
ID13695,05-Feb-2026,Interest,304.51,0.00,"48,134.37"
ID13695,09-Feb-2026,Transfer,0.00,582.27,"67,373.46"
ID13695,26-Mar-2026,Transfer,0.00,374.07,"70,204.82"
ID13695,03-Jan-2026,Debit Card,0.00,292.34,"27,555.51"
ID13695,17-Jan-2026,Charge,0.00,100.62,"21,094.07"
ID13695,19-Mar-2026,ATM Withdrawal,0.00,703.64,"38,235.31"
ID13695,10-Jan-2026,Charge,0.00,346.98,"48,010.79"
ID13695,14-Jan-2026,Payment,"1,662.31",0.00,"19,861.33"
ID13695,25-Jan-2026,Direct Deposit,"3,409.85",0.00,"85,071.40"
ID13695,30-Mar-2026,Reversal,0.00,114.12,"80,312.61"
ID13695,09-Mar-2026,Reversal,0.00,"1,305.38","20,999.84"
ID13695,27-Feb-2026,Transfer,0.00,599.98,"24,012.96"
ID13695,04-Feb-2026,Payment,399.68,0.00,"45,215.62"
ID13695,12-Mar-2026,Interest,348.13,0.00,"18,805.70"
ID13695,26-Feb-2026,Payment,0.00,866.56,"47,673.70"
ID13695,24-Mar-2026,Reversal,177.47,0.00,"91,064.66"
ID13695,19-Mar-2026,Direct Deposit,"3,756.84",0.00,"3,342.36"
ID13696,29-Mar-2026,Debit Card,0.00,118.61,"6,604.32"
ID13696,10-Jan-2026,Debit Card,0.00,962.58,"43,143.05"
ID13696,05-Jan-2026,Charge,0.00,748.21,"63,655.58"
ID13696,02-Feb-2026,Charge,0.00,317.01,"44,673.77"
ID13696,05-Feb-2026,ATM Withdrawal,0.00,879.70,"66,619.07"
ID13696,25-Jan-2026,Direct Deposit,"4,491.31",0.00,"70,641.15"
ID13696,12-Feb-2026,Charge,0.00,663.82,"13,836.41"
ID13696,14-Jan-2026,ATM Withdrawal,0.00,457.24,"30,537.71"
ID13696,28-Jan-2026,Payment,"1,785.04",0.00,"71,916.12"
ID13696,15-Jan-2026,Reversal,0.00,377.23,"62,241.09"
ID13696,16-Mar-2026,Transfer,0.00,"1,290.28","22,858.77"
ID13696,27-Mar-2026,Charge,0.00,546.93,"4,289.28"
ID13696,25-Mar-2026,ATM Withdrawal,0.00,124.40,"33,621.43"
ID13696,15-Mar-2026,Charge,0.00,482.62,"92,512.92"
ID13696,12-Mar-2026,Payment,222.28,0.00,"9,699.43"
ID13696,17-Mar-2026,Payment,0.00,193.82,"39,232.85"
ID13696,27-Mar-2026,Transfer,"1,362.60",0.00,"78,366.26"
ID13696,30-Mar-2026,Reversal,0.00,"1,368.22","42,462.39"
ID13696,22-Jan-2026,Reversal,"1,657.18",0.00,"58,929.10"
ID13696,14-Feb-2026,Payment,0.00,610.94,"48,888.10"
ID13697,05-Feb-2026,Debit Card,0.00,757.48,"34,749.26"
ID13697,31-Mar-2026,Debit Card,0.00,198.23,"3,874.88"
ID13697,11-Feb-2026,Charge,0.00,123.74,"65,957.22"
ID13697,14-Mar-2026,ATM Withdrawal,0.00,384.28,"11,022.63"
ID13697,04-Mar-2026,Charge,0.00,108.10,"35,672.77"
ID13697,11-Mar-2026,Interest,161.97,0.00,"3,934.35"
ID13697,19-Feb-2026,Payment,"1,115.16",0.00,"88,397.16"
ID13697,23-Jan-2026,Reversal,0.00,"1,276.63","58,899.00"
ID13697,02-Feb-2026,Debit Card,0.00,553.30,"17,085.23"
ID13697,05-Feb-2026,Interest,427.78,0.00,"60,288.86"
ID13697,25-Feb-2026,Interest,184.95,0.00,"92,940.56"
ID13697,06-Jan-2026,Payment,848.80,0.00,"42,383.99"
ID13697,22-Mar-2026,Reversal,0.00,417.73,"65,894.27"
ID13697,14-Jan-2026,Payment,0.00,"1,106.44","20,886.18"
ID13697,19-Jan-2026,Reversal,0.00,986.50,"1,128.83"
ID13697,13-Feb-2026,ATM Withdrawal,0.00,739.11,"71,505.56"
ID13697,24-Feb-2026,Payment,0.00,"1,154.87","30,580.17"
ID13697,26-Jan-2026,Transfer,"1,725.18",0.00,"52,898.28"
ID13697,21-Mar-2026,Transfer,540.33,0.00,"80,006.70"
ID13697,19-Jan-2026,Charge,0.00,798.81,"79,825.11"
ID13698,08-Jan-2026,Debit Card,0.00,448.75,"78,022.62"
ID13698,18-Mar-2026,Transfer,0.00,978.23,"53,297.29"
ID13698,10-Jan-2026,Interest,150.54,0.00,"3,837.11"
ID13698,15-Feb-2026,Interest,83.80,0.00,"27,792.11"
ID13698,27-Mar-2026,Direct Deposit,"4,727.79",0.00,"64,341.71"
ID13698,31-Jan-2026,Interest,47.45,0.00,"79,882.74"
ID13698,26-Feb-2026,Charge,0.00,118.23,"55,458.02"
ID13698,24-Jan-2026,Reversal,0.00,"1,176.51","33,145.33"
ID13698,23-Mar-2026,Payment,352.95,0.00,"61,038.54"
ID13698,03-Mar-2026,Reversal,0.00,"1,121.26","59,562.45"
ID13698,01-Apr-2026,Debit Card,0.00,152.64,"19,716.20"
ID13698,07-Feb-2026,Interest,251.63,0.00,"67,762.26"
ID13698,05-Jan-2026,Interest,201.67,0.00,"56,330.70"
ID13698,25-Mar-2026,Payment,269.85,0.00,"58,132.37"
ID13698,12-Feb-2026,Reversal,0.00,138.60,"53,367.70"
ID13698,21-Feb-2026,Direct Deposit,"2,144.51",0.00,"32,173.64"
ID13698,15-Jan-2026,Charge,0.00,126.18,"17,961.14"
ID13698,27-Jan-2026,Debit Card,0.00,117.19,"62,036.07"
ID13698,01-Feb-2026,Debit Card,0.00,452.33,"25,559.43"
ID13698,16-Feb-2026,Direct Deposit,"4,089.66",0.00,"17,516.27"
ID13699,12-Feb-2026,Payment,"1,273.13",0.00,"91,299.13"
ID13699,11-Jan-2026,Transfer,610.96,0.00,"31,816.07"
ID13699,31-Mar-2026,Reversal,0.00,"1,190.50","98,467.91"
ID13699,10-Jan-2026,Charge,0.00,940.15,"33,340.71"
ID13699,29-Jan-2026,Interest,369.76,0.00,"60,252.28"
ID13699,16-Feb-2026,Interest,138.49,0.00,"90,797.68"
ID13699,13-Feb-2026,Charge,0.00,757.73,"83,460.93"
ID13699,19-Jan-2026,Transfer,0.00,713.16,"58,512.48"
ID13699,21-Jan-2026,Direct Deposit,895.11,0.00,"45,012.93"
ID13699,02-Apr-2026,Transfer,"1,422.19",0.00,"22,818.27"
ID13699,04-Jan-2026,Debit Card,0.00,634.66,"22,052.69"
ID13699,19-Feb-2026,ATM Withdrawal,0.00,13.13,"64,751.69"
ID13699,29-Mar-2026,Debit Card,0.00,635.08,"77,670.83"
ID13699,27-Feb-2026,Charge,0.00,294.17,"21,273.28"
ID13699,17-Jan-2026,Interest,379.82,0.00,"26,283.81"
ID13699,25-Jan-2026,ATM Withdrawal,0.00,446.83,"85,364.16"
ID13699,25-Mar-2026,Direct Deposit,924.49,0.00,"8,117.12"
ID13699,15-Mar-2026,Interest,115.98,0.00,"95,042.34"
ID13699,19-Mar-2026,Charge,0.00,179.84,"54,467.51"
ID13699,10-Mar-2026,Transfer,0.00,51.96,"90,683.34"
