customer_id,Date,Description,Deposits,Withdrawls,Balance
ID16000,17-Jan-2026,Direct Deposit,"3,300.70",0.00,"79,018.75"
ID16000,31-Jan-2026,Direct Deposit,"2,843.31",0.00,"47,791.46"
ID16000,15-Jan-2026,ATM Withdrawal,0.00,47.82,"44,479.81"
ID16000,05-Jan-2026,ATM Withdrawal,0.00,229.76,"64,166.49"
ID16000,03-Apr-2026,ATM Withdrawal,0.00,778.24,"65,034.83"
ID16000,26-Jan-2026,Payment,"1,894.49",0.00,"2,675.70"
ID16000,07-Mar-2026,ATM Withdrawal,0.00,149.53,"88,402.18"
ID16000,31-Jan-2026,Transfer,0.00,914.10,"92,917.86"
ID16000,06-Mar-2026,Transfer,0.00,577.64,"26,191.20"
ID16000,23-Jan-2026,Debit Card,0.00,247.93,"97,146.08"
ID16000,01-Mar-2026,Interest,132.24,0.00,"21,103.62"
ID16000,15-Mar-2026,Payment,0.00,"1,360.26","35,083.37"
ID16000,31-Mar-2026,Debit Card,0.00,348.74,"79,768.76"
ID16000,19-Jan-2026,Direct Deposit,"3,491.81",0.00,"57,091.79"
ID16000,30-Mar-2026,ATM Withdrawal,0.00,566.75,"97,422.50"
ID16000,07-Feb-2026,Interest,144.05,0.00,"9,009.02"
ID16000,17-Feb-2026,Payment,"1,520.06",0.00,"58,946.98"
ID16000,24-Jan-2026,Reversal,0.00,735.47,"10,016.53"
ID16000,28-Jan-2026,ATM Withdrawal,0.00,624.66,"54,614.83"
ID16000,24-Mar-2026,Charge,0.00,249.98,"92,789.37"
ID16001,29-Mar-2026,Reversal,0.00,574.03,"67,909.34"
ID16001,09-Mar-2026,Charge,0.00,229.65,"80,417.96"
ID16001,15-Feb-2026,Charge,0.00,578.99,"46,477.92"
ID16001,19-Feb-2026,Interest,310.39,0.00,"66,690.40"
ID16001,17-Mar-2026,Payment,"1,666.76",0.00,"62,844.79"
ID16001,17-Mar-2026,Transfer,"1,430.21",0.00,"36,456.22"
ID16001,29-Jan-2026,Debit Card,0.00,405.29,"41,899.09"
ID16001,02-Mar-2026,ATM Withdrawal,0.00,941.81,"28,298.24"
ID16001,01-Mar-2026,Interest,283.20,0.00,"50,852.34"
ID16001,06-Feb-2026,Payment,0.00,825.24,"19,661.89"
ID16001,03-Apr-2026,Direct Deposit,"2,514.25",0.00,"31,998.45"
ID16001,17-Jan-2026,Interest,202.70,0.00,"21,433.55"
ID16001,18-Feb-2026,Charge,0.00,626.84,"17,573.38"
ID16001,14-Mar-2026,Reversal,747.18,0.00,"70,079.10"
ID16001,01-Apr-2026,Reversal,331.31,0.00,"36,306.30"
ID16001,12-Feb-2026,Charge,0.00,859.26,"31,505.53"
ID16001,22-Jan-2026,ATM Withdrawal,0.00,639.83,"51,415.65"
ID16001,21-Feb-2026,Transfer,0.00,"1,052.95","53,309.78"
ID16001,12-Jan-2026,Interest,495.95,0.00,"96,230.57"
ID16001,22-Feb-2026,Reversal,0.00,808.54,"81,531.11"
ID16002,28-Feb-2026,Interest,39.13,0.00,"14,775.99"
ID16002,04-Mar-2026,Charge,0.00,119.46,"96,726.19"
ID16002,17-Feb-2026,Reversal,0.00,316.23,"10,732.40"
ID16002,16-Feb-2026,ATM Withdrawal,0.00,390.89,"68,040.82"
ID16002,06-Jan-2026,Reversal,0.00,"1,259.75","12,643.76"
ID16002,24-Mar-2026,ATM Withdrawal,0.00,122.79,"20,346.54"
ID16002,01-Apr-2026,ATM Withdrawal,0.00,438.12,"69,772.84"
ID16002,07-Jan-2026,Debit Card,0.00,841.29,"45,514.75"
ID16002,02-Feb-2026,Charge,0.00,27.76,"26,050.83"
ID16002,10-Feb-2026,Transfer,0.00,130.92,"15,560.71"
ID16002,10-Feb-2026,Reversal,0.00,"1,148.89","69,097.10"
ID16002,04-Feb-2026,Payment,0.00,954.87,"14,303.43"
ID16002,04-Feb-2026,Charge,0.00,430.96,"62,940.10"
ID16002,25-Jan-2026,Reversal,460.44,0.00,"44,705.86"
ID16002,27-Jan-2026,Interest,138.74,0.00,"58,441.34"
ID16002,15-Feb-2026,Direct Deposit,"4,269.48",0.00,"48,551.45"
ID16002,25-Mar-2026,Debit Card,0.00,531.24,"94,564.84"
ID16002,21-Mar-2026,Reversal,0.00,350.47,"98,152.84"
ID16002,25-Feb-2026,ATM Withdrawal,0.00,32.11,"93,608.26"
ID16002,02-Apr-2026,Interest,70.20,0.00,"74,889.65"
ID16003,08-Jan-2026,Transfer,0.00,"1,435.68","79,631.83"
ID16003,21-Feb-2026,Direct Deposit,"1,341.34",0.00,"23,085.28"
ID16003,28-Mar-2026,Interest,236.86,0.00,"88,977.34"
ID16003,19-Feb-2026,Direct Deposit,"2,343.01",0.00,"78,101.37"
ID16003,22-Jan-2026,Debit Card,0.00,985.22,"64,386.74"
ID16003,23-Mar-2026,Charge,0.00,619.77,"3,144.12"
ID16003,11-Jan-2026,Direct Deposit,"3,471.26",0.00,"22,427.73"
ID16003,02-Apr-2026,Transfer,0.00,444.96,"60,864.29"
ID16003,28-Jan-2026,Transfer,0.00,265.80,"31,318.62"
ID16003,16-Jan-2026,Payment,0.00,"1,249.34","31,158.01"
ID16003,27-Mar-2026,Reversal,"1,905.88",0.00,"36,010.06"
ID16003,21-Feb-2026,Direct Deposit,"2,335.18",0.00,"89,070.52"
ID16003,01-Mar-2026,Charge,0.00,290.11,"20,848.57"
ID16003,29-Jan-2026,Charge,0.00,538.84,"83,534.13"
ID16003,13-Feb-2026,Charge,0.00,854.85,"24,059.40"
ID16003,25-Feb-2026,Transfer,"1,062.16",0.00,"70,738.52"
ID16003,21-Feb-2026,Interest,348.19,0.00,"9,519.31"
ID16003,31-Mar-2026,Charge,0.00,636.56,"6,922.46"
ID16003,12-Jan-2026,Charge,0.00,183.57,"47,882.30"
ID16003,16-Jan-2026,Direct Deposit,"1,695.71",0.00,"51,665.64"
ID16004,29-Jan-2026,Charge,0.00,118.81,"84,533.00"
ID16004,17-Feb-2026,Payment,0.00,255.41,"25,961.13"
ID16004,25-Jan-2026,Transfer,251.59,0.00,"13,965.93"
ID16004,19-Mar-2026,Direct Deposit,"2,670.44",0.00,"28,440.69"
ID16004,03-Feb-2026,Reversal,"1,834.92",0.00,"51,906.45"
ID16004,20-Feb-2026,Transfer,0.00,489.81,"22,594.29"
ID16004,12-Mar-2026,ATM Withdrawal,0.00,922.04,"65,469.54"
ID16004,26-Mar-2026,ATM Withdrawal,0.00,223.34,"37,310.13"
ID16004,27-Jan-2026,Reversal,0.00,318.17,"32,600.83"
ID16004,28-Jan-2026,Charge,0.00,141.60,"91,665.61"
ID16004,02-Apr-2026,Payment,827.78,0.00,"46,462.75"
ID16004,26-Feb-2026,Reversal,0.00,377.97,"36,653.73"
ID16004,11-Jan-2026,Transfer,"1,855.33",0.00,"20,876.36"
ID16004,03-Apr-2026,Charge,0.00,774.08,"37,653.30"
ID16004,20-Mar-2026,Interest,34.07,0.00,"99,020.17"
ID16004,25-Mar-2026,ATM Withdrawal,0.00,492.03,"72,991.70"
ID16004,24-Feb-2026,Interest,245.15,0.00,"26,364.85"
ID16004,22-Feb-2026,Debit Card,0.00,72.89,"28,338.42"
ID16004,14-Jan-2026,Direct Deposit,"1,853.17",0.00,"47,341.17"
ID16004,27-Mar-2026,Interest,409.76,0.00,"4,941.38"
ID16005,14-Jan-2026,Transfer,"1,166.06",0.00,"46,097.09"
ID16005,22-Mar-2026,Transfer,0.00,"1,083.99","82,660.56"
ID16005,28-Jan-2026,Reversal,"1,761.18",0.00,"57,168.66"
ID16005,15-Mar-2026,Interest,478.04,0.00,"9,081.68"
ID16005,17-Jan-2026,ATM Withdrawal,0.00,441.07,"80,647.26"
ID16005,07-Feb-2026,Transfer,0.00,439.33,"57,024.89"
ID16005,27-Feb-2026,Payment,0.00,"1,052.45","27,726.37"
ID16005,21-Mar-2026,Charge,0.00,10.83,"97,326.33"
ID16005,04-Mar-2026,Direct Deposit,"3,619.72",0.00,"51,039.86"
ID16005,20-Jan-2026,Transfer,0.00,54.77,"87,614.26"
ID16005,07-Mar-2026,Interest,94.10,0.00,"6,468.03"
ID16005,21-Jan-2026,Reversal,0.00,"1,062.79","96,656.66"
ID16005,23-Mar-2026,ATM Withdrawal,0.00,983.72,"80,699.22"
ID16005,15-Mar-2026,Interest,364.30,0.00,"46,123.64"
ID16005,01-Feb-2026,ATM Withdrawal,0.00,733.35,"45,399.35"
ID16005,14-Mar-2026,Interest,348.85,0.00,"58,154.05"
ID16005,18-Feb-2026,Transfer,0.00,922.03,"74,042.24"
ID16005,24-Mar-2026,Charge,0.00,903.80,"62,426.52"
ID16005,17-Feb-2026,Payment,784.02,0.00,"84,471.98"
ID16005,28-Feb-2026,Debit Card,0.00,934.49,"54,476.34"
ID16006,17-Jan-2026,Transfer,"1,942.24",0.00,"52,942.94"
ID16006,21-Mar-2026,Direct Deposit,"2,601.14",0.00,"47,340.25"
ID16006,16-Feb-2026,Interest,145.05,0.00,"62,230.19"
ID16006,10-Feb-2026,Charge,0.00,912.34,"88,690.89"
ID16006,04-Jan-2026,Direct Deposit,"4,499.44",0.00,"76,599.97"
ID16006,27-Jan-2026,Direct Deposit,"3,536.39",0.00,"92,619.59"
ID16006,25-Feb-2026,Charge,0.00,575.58,"55,532.67"
ID16006,01-Mar-2026,Interest,156.70,0.00,"98,248.44"
ID16006,03-Feb-2026,Payment,528.88,0.00,"74,889.70"
ID16006,16-Jan-2026,Payment,0.00,104.11,"79,117.35"
ID16006,23-Mar-2026,Interest,39.33,0.00,"77,916.86"
ID16006,23-Jan-2026,Debit Card,0.00,557.02,"66,429.35"
ID16006,30-Jan-2026,Interest,117.32,0.00,"1,125.20"
ID16006,08-Mar-2026,Direct Deposit,"3,827.39",0.00,"79,845.55"
ID16006,26-Jan-2026,Transfer,0.00,873.38,"26,190.20"
ID16006,29-Jan-2026,Reversal,"1,181.73",0.00,"37,854.29"
ID16006,06-Feb-2026,Direct Deposit,"3,601.49",0.00,"21,183.61"
ID16006,26-Jan-2026,ATM Withdrawal,0.00,628.18,"23,239.44"
ID16006,01-Feb-2026,Transfer,448.77,0.00,"55,096.75"
ID16006,24-Feb-2026,Debit Card,0.00,233.24,"30,361.77"
ID16007,24-Mar-2026,Payment,0.00,"1,241.98","3,774.37"
ID16007,19-Mar-2026,Payment,0.00,"1,195.25","82,230.69"
ID16007,06-Mar-2026,ATM Withdrawal,0.00,584.73,"55,400.10"
ID16007,11-Jan-2026,Payment,0.00,207.72,"33,391.34"
ID16007,04-Mar-2026,Direct Deposit,"2,656.05",0.00,"93,717.00"
ID16007,10-Mar-2026,Payment,"1,365.91",0.00,"43,294.62"
ID16007,12-Jan-2026,Reversal,117.03,0.00,"51,345.13"
ID16007,01-Mar-2026,Debit Card,0.00,414.72,"26,112.16"
ID16007,20-Mar-2026,Payment,"1,892.13",0.00,"37,824.86"
ID16007,03-Feb-2026,Reversal,0.00,"1,026.02","38,925.67"
ID16007,17-Jan-2026,Debit Card,0.00,824.55,"95,531.70"
ID16007,23-Jan-2026,Reversal,"1,239.74",0.00,"87,673.32"
ID16007,23-Mar-2026,Reversal,759.98,0.00,"4,861.67"
ID16007,07-Feb-2026,Interest,254.43,0.00,"26,694.91"
ID16007,27-Mar-2026,ATM Withdrawal,0.00,666.41,"3,525.83"
ID16007,30-Jan-2026,ATM Withdrawal,0.00,502.53,"57,991.55"
ID16007,06-Mar-2026,Charge,0.00,709.23,"74,027.85"
ID16007,23-Jan-2026,Debit Card,0.00,852.96,"25,044.36"
ID16007,21-Mar-2026,Payment,0.00,608.21,"28,567.49"
ID16007,03-Mar-2026,Direct Deposit,"2,712.74",0.00,"8,030.06"
ID16008,26-Jan-2026,Debit Card,0.00,96.68,"76,227.94"
ID16008,02-Mar-2026,Payment,0.00,920.11,"82,262.55"
ID16008,20-Mar-2026,Interest,216.45,0.00,"22,565.82"
ID16008,20-Feb-2026,Transfer,"1,168.95",0.00,"62,333.93"
ID16008,20-Feb-2026,Debit Card,0.00,753.82,"81,799.76"
ID16008,25-Feb-2026,Reversal,513.04,0.00,"26,948.78"
ID16008,25-Feb-2026,Debit Card,0.00,431.13,"94,499.45"
ID16008,22-Mar-2026,Direct Deposit,"2,810.71",0.00,"52,291.68"
ID16008,08-Mar-2026,Charge,0.00,706.97,"45,170.92"
ID16008,21-Mar-2026,Interest,424.54,0.00,"76,259.31"
ID16008,13-Feb-2026,Reversal,0.00,"1,283.74","11,369.73"
ID16008,07-Mar-2026,Reversal,697.51,0.00,"98,905.95"
ID16008,19-Feb-2026,Direct Deposit,"3,540.19",0.00,"60,990.84"
ID16008,20-Feb-2026,Debit Card,0.00,401.32,"95,101.43"
ID16008,20-Feb-2026,Charge,0.00,648.06,"20,973.70"
ID16008,25-Feb-2026,ATM Withdrawal,0.00,20.56,"72,413.18"
ID16008,06-Mar-2026,Reversal,205.86,0.00,"44,361.82"
ID16008,23-Feb-2026,Direct Deposit,"4,532.29",0.00,"74,820.73"
ID16008,31-Jan-2026,Charge,0.00,551.06,"83,573.80"
ID16008,01-Mar-2026,Debit Card,0.00,166.91,"11,907.04"
ID16009,19-Jan-2026,Interest,102.11,0.00,"61,808.23"
ID16009,22-Feb-2026,Interest,435.50,0.00,"59,122.97"
ID16009,31-Mar-2026,Interest,416.38,0.00,"43,236.69"
ID16009,15-Mar-2026,Direct Deposit,"3,350.98",0.00,"85,071.53"
ID16009,10-Mar-2026,Payment,"1,513.07",0.00,"91,071.53"
ID16009,22-Feb-2026,Reversal,639.74,0.00,"43,370.27"
ID16009,14-Mar-2026,Reversal,584.67,0.00,"1,696.98"
ID16009,14-Feb-2026,Charge,0.00,198.09,"80,498.77"
ID16009,13-Feb-2026,Interest,151.90,0.00,"26,823.64"
ID16009,01-Apr-2026,Transfer,0.00,"1,488.49","41,381.20"
ID16009,14-Feb-2026,Direct Deposit,"2,503.40",0.00,"20,249.61"
ID16009,21-Mar-2026,Charge,0.00,572.42,"79,992.83"
ID16009,06-Feb-2026,Direct Deposit,"4,346.99",0.00,"36,318.10"
ID16009,11-Jan-2026,Reversal,838.87,0.00,"49,890.50"
ID16009,22-Feb-2026,Transfer,"1,883.36",0.00,"96,177.00"
ID16009,12-Jan-2026,Direct Deposit,"4,383.51",0.00,"76,432.13"
ID16009,21-Mar-2026,ATM Withdrawal,0.00,767.59,"22,596.15"
ID16009,06-Jan-2026,Interest,220.33,0.00,"25,139.36"
ID16009,31-Mar-2026,Interest,245.43,0.00,"46,945.77"
ID16009,30-Jan-2026,Charge,0.00,604.15,"26,575.17"
ID16010,18-Feb-2026,Direct Deposit,544.11,0.00,"78,426.59"
ID16010,07-Mar-2026,Payment,0.00,"1,054.19","61,621.98"
ID16010,18-Mar-2026,Reversal,"1,999.73",0.00,"14,015.00"
ID16010,22-Jan-2026,ATM Withdrawal,0.00,247.65,"94,505.54"
ID16010,16-Feb-2026,Transfer,0.00,"1,329.76","24,027.34"
ID16010,19-Jan-2026,ATM Withdrawal,0.00,933.02,"80,252.89"
ID16010,28-Feb-2026,Direct Deposit,"3,256.75",0.00,"38,334.63"
ID16010,31-Mar-2026,Debit Card,0.00,168.87,"84,108.54"
ID16010,25-Jan-2026,Debit Card,0.00,645.88,"94,174.49"
ID16010,28-Jan-2026,Direct Deposit,"3,503.32",0.00,"64,472.50"
ID16010,03-Feb-2026,ATM Withdrawal,0.00,818.65,"22,290.53"
ID16010,18-Feb-2026,Debit Card,0.00,106.91,"53,359.29"
ID16010,11-Mar-2026,Payment,"1,677.29",0.00,"89,011.27"
ID16010,14-Jan-2026,Debit Card,0.00,177.57,"46,614.48"
ID16010,15-Feb-2026,ATM Withdrawal,0.00,134.09,"88,662.24"
ID16010,17-Feb-2026,Interest,90.27,0.00,"86,590.56"
ID16010,07-Mar-2026,Transfer,847.29,0.00,"95,202.54"
ID16010,28-Mar-2026,Debit Card,0.00,211.44,"24,564.47"
ID16010,13-Mar-2026,Reversal,"1,351.91",0.00,"63,049.07"
ID16010,16-Jan-2026,Payment,972.04,0.00,"80,394.69"
ID16011,09-Mar-2026,Transfer,0.00,123.41,"95,144.16"
ID16011,20-Mar-2026,Interest,249.88,0.00,"59,680.20"
ID16011,09-Feb-2026,Reversal,309.50,0.00,"26,669.47"
ID16011,29-Mar-2026,ATM Withdrawal,0.00,389.47,"93,788.76"
ID16011,03-Jan-2026,ATM Withdrawal,0.00,242.22,"93,480.59"
ID16011,21-Jan-2026,Transfer,400.64,0.00,"77,461.84"
ID16011,26-Jan-2026,Direct Deposit,"3,528.25",0.00,"33,865.17"
ID16011,19-Mar-2026,Payment,"1,076.70",0.00,"86,999.41"
ID16011,14-Feb-2026,Charge,0.00,314.29,"94,802.24"
ID16011,08-Feb-2026,Debit Card,0.00,140.65,"41,592.64"
ID16011,26-Feb-2026,Direct Deposit,"1,636.55",0.00,"38,284.93"
ID16011,22-Feb-2026,ATM Withdrawal,0.00,752.15,"89,524.53"
ID16011,03-Jan-2026,Debit Card,0.00,155.11,"14,199.89"
ID16011,02-Feb-2026,Debit Card,0.00,793.85,"69,706.28"
ID16011,18-Mar-2026,Interest,343.50,0.00,"88,440.00"
ID16011,04-Mar-2026,Charge,0.00,72.51,"5,839.01"
ID16011,20-Mar-2026,Reversal,0.00,998.62,"90,909.72"
ID16011,26-Feb-2026,Direct Deposit,"4,607.03",0.00,"9,263.46"
ID16011,22-Mar-2026,ATM Withdrawal,0.00,239.19,"21,848.86"
ID16011,11-Feb-2026,Charge,0.00,597.59,"76,901.98"
ID16012,26-Feb-2026,Transfer,"1,136.50",0.00,"82,240.17"
ID16012,04-Feb-2026,Direct Deposit,"4,738.80",0.00,"16,194.98"
ID16012,11-Mar-2026,Interest,26.51,0.00,"70,073.23"
ID16012,07-Jan-2026,Debit Card,0.00,243.71,"39,582.67"
ID16012,26-Jan-2026,ATM Withdrawal,0.00,31.18,"77,641.53"
ID16012,30-Jan-2026,Interest,247.57,0.00,"65,918.53"
ID16012,31-Jan-2026,Direct Deposit,"1,087.66",0.00,"3,652.72"
ID16012,30-Mar-2026,Direct Deposit,"2,306.37",0.00,"37,103.97"
ID16012,03-Apr-2026,Payment,0.00,127.05,"93,593.99"
ID16012,23-Jan-2026,Transfer,0.00,639.42,"11,913.42"
ID16012,20-Mar-2026,Transfer,829.00,0.00,"16,682.22"
ID16012,11-Jan-2026,Interest,193.28,0.00,"56,773.13"
ID16012,03-Feb-2026,ATM Withdrawal,0.00,927.60,"26,617.78"
ID16012,09-Mar-2026,ATM Withdrawal,0.00,394.57,"13,243.43"
ID16012,01-Feb-2026,Payment,728.67,0.00,"65,318.46"
ID16012,16-Feb-2026,Direct Deposit,"4,209.01",0.00,"90,367.26"
ID16012,14-Feb-2026,ATM Withdrawal,0.00,581.14,"48,263.69"
ID16012,20-Mar-2026,Charge,0.00,747.63,"57,049.24"
ID16012,01-Mar-2026,Debit Card,0.00,632.72,"10,614.34"
ID16012,08-Mar-2026,Direct Deposit,"3,295.59",0.00,"91,034.23"
ID16013,19-Jan-2026,Payment,0.00,"1,104.48","39,492.48"
ID16013,11-Feb-2026,Reversal,0.00,940.92,"54,480.14"
ID16013,26-Jan-2026,Charge,0.00,302.88,"1,200.25"
ID16013,19-Feb-2026,Payment,0.00,512.15,"39,904.34"
ID16013,13-Feb-2026,Charge,0.00,472.45,"76,593.80"
ID16013,21-Jan-2026,Interest,287.95,0.00,"20,183.11"
ID16013,21-Feb-2026,Debit Card,0.00,957.20,"15,962.11"
ID16013,10-Feb-2026,Direct Deposit,572.95,0.00,"45,234.72"
ID16013,27-Jan-2026,Direct Deposit,"4,457.86",0.00,"19,075.92"
ID16013,09-Jan-2026,Direct Deposit,"1,507.20",0.00,"26,761.34"
ID16013,28-Feb-2026,ATM Withdrawal,0.00,580.95,"83,641.37"
ID16013,16-Jan-2026,Payment,0.00,"1,077.82","59,397.07"
ID16013,19-Jan-2026,Transfer,"1,499.24",0.00,"65,815.27"
ID16013,04-Feb-2026,Reversal,754.22,0.00,"70,204.33"
ID16013,06-Feb-2026,Direct Deposit,"1,850.33",0.00,"76,560.84"
ID16013,01-Feb-2026,Reversal,0.00,362.23,"18,663.97"
ID16013,24-Feb-2026,Charge,0.00,757.90,"32,492.29"
ID16013,27-Feb-2026,Reversal,0.00,"1,119.56","31,556.99"
ID16013,18-Mar-2026,Charge,0.00,157.01,"69,752.11"
ID16013,22-Jan-2026,Charge,0.00,477.10,"75,099.13"
ID16014,30-Jan-2026,Transfer,"1,380.98",0.00,"86,029.66"
ID16014,12-Mar-2026,Interest,465.09,0.00,"60,580.81"
ID16014,06-Mar-2026,Charge,0.00,772.18,"20,989.27"
ID16014,28-Jan-2026,ATM Withdrawal,0.00,377.90,"23,545.30"
ID16014,07-Mar-2026,Interest,298.93,0.00,"45,404.77"
ID16014,15-Mar-2026,Debit Card,0.00,55.14,"60,458.17"
ID16014,17-Mar-2026,Reversal,"1,391.37",0.00,"6,227.36"
ID16014,17-Jan-2026,Charge,0.00,493.86,"51,073.59"
ID16014,25-Jan-2026,Transfer,0.00,254.81,"16,347.49"
ID16014,07-Mar-2026,Debit Card,0.00,78.99,"75,907.08"
ID16014,23-Jan-2026,Charge,0.00,538.18,"58,403.07"
ID16014,05-Mar-2026,ATM Withdrawal,0.00,752.55,"28,066.67"
ID16014,22-Feb-2026,Payment,852.71,0.00,"60,360.41"
ID16014,29-Mar-2026,Debit Card,0.00,257.70,"31,640.64"
ID16014,21-Feb-2026,Direct Deposit,509.77,0.00,"13,014.72"
ID16014,26-Mar-2026,Payment,617.21,0.00,"26,762.06"
ID16014,23-Mar-2026,Debit Card,0.00,312.66,"14,726.31"
ID16014,14-Feb-2026,Direct Deposit,"3,179.16",0.00,"39,180.15"
ID16014,06-Mar-2026,Charge,0.00,577.97,"5,319.43"
ID16014,06-Feb-2026,Reversal,0.00,277.49,"43,299.15"
ID16015,10-Jan-2026,ATM Withdrawal,0.00,432.74,"41,246.35"
ID16015,10-Mar-2026,Transfer,0.00,867.80,"26,360.91"
ID16015,20-Feb-2026,ATM Withdrawal,0.00,152.84,"76,404.22"
ID16015,05-Feb-2026,Direct Deposit,"3,862.66",0.00,"41,665.93"
ID16015,06-Mar-2026,Reversal,0.00,555.97,"51,251.67"
ID16015,10-Mar-2026,Transfer,0.00,183.30,"23,921.49"
ID16015,09-Mar-2026,Debit Card,0.00,142.98,"58,681.37"
ID16015,23-Jan-2026,Charge,0.00,877.65,"89,859.09"
ID16015,18-Feb-2026,ATM Withdrawal,0.00,674.84,"62,383.73"
ID16015,20-Jan-2026,Payment,850.42,0.00,"14,605.23"
ID16015,12-Feb-2026,ATM Withdrawal,0.00,193.38,"96,192.04"
ID16015,19-Mar-2026,Interest,342.43,0.00,"96,271.91"
ID16015,29-Jan-2026,Interest,460.59,0.00,"93,919.23"
ID16015,15-Jan-2026,Direct Deposit,"3,510.31",0.00,"54,383.23"
ID16015,06-Feb-2026,Debit Card,0.00,753.31,"57,192.06"
ID16015,02-Feb-2026,Reversal,0.00,699.80,"68,738.52"
ID16015,11-Jan-2026,Payment,"1,089.42",0.00,"91,859.27"
ID16015,09-Jan-2026,Debit Card,0.00,814.84,"24,255.16"
ID16015,26-Feb-2026,Transfer,786.73,0.00,"78,756.27"
ID16015,23-Feb-2026,Charge,0.00,320.21,"3,760.54"
ID16016,12-Feb-2026,ATM Withdrawal,0.00,76.20,"2,907.69"
ID16016,18-Jan-2026,ATM Withdrawal,0.00,358.78,"71,138.40"
ID16016,30-Jan-2026,Charge,0.00,150.79,"64,554.60"
ID16016,31-Jan-2026,Interest,341.02,0.00,"76,711.05"
ID16016,26-Mar-2026,Charge,0.00,167.08,"50,837.46"
ID16016,14-Feb-2026,Interest,335.07,0.00,"10,008.31"
ID16016,05-Mar-2026,ATM Withdrawal,0.00,19.51,"55,347.48"
ID16016,11-Jan-2026,Transfer,0.00,671.30,"49,500.66"
ID16016,23-Jan-2026,Reversal,0.00,"1,266.28","79,400.02"
ID16016,04-Mar-2026,ATM Withdrawal,0.00,340.19,"48,375.66"
ID16016,14-Feb-2026,Debit Card,0.00,396.05,"65,057.14"
ID16016,03-Feb-2026,Transfer,0.00,"1,020.71","48,227.75"
ID16016,22-Jan-2026,Reversal,0.00,602.36,"43,882.12"
ID16016,05-Jan-2026,Reversal,0.00,743.07,"20,566.10"
ID16016,25-Jan-2026,Debit Card,0.00,152.55,"77,132.80"
ID16016,17-Feb-2026,Payment,0.00,363.86,"64,629.98"
ID16016,19-Mar-2026,Payment,0.00,922.14,"60,508.23"
ID16016,16-Mar-2026,Reversal,"1,906.55",0.00,"22,176.17"
ID16016,30-Mar-2026,Debit Card,0.00,923.66,"9,610.86"
ID16016,31-Mar-2026,Payment,347.18,0.00,"67,108.31"
ID16017,07-Feb-2026,ATM Withdrawal,0.00,544.09,"10,829.70"
ID16017,22-Mar-2026,Payment,0.00,713.33,"92,514.20"
ID16017,16-Feb-2026,Payment,"1,255.49",0.00,"49,531.29"
ID16017,03-Jan-2026,Interest,189.17,0.00,"69,989.32"
ID16017,06-Mar-2026,Payment,"1,543.51",0.00,"5,326.58"
ID16017,28-Jan-2026,Interest,75.90,0.00,"54,728.46"
ID16017,30-Jan-2026,Direct Deposit,"4,522.57",0.00,"32,141.70"
ID16017,25-Feb-2026,Payment,0.00,"1,138.20","3,068.49"
ID16017,17-Feb-2026,Transfer,121.69,0.00,"58,007.57"
ID16017,25-Mar-2026,ATM Withdrawal,0.00,821.44,"65,989.40"
ID16017,31-Mar-2026,ATM Withdrawal,0.00,427.20,"80,329.77"
ID16017,07-Jan-2026,Reversal,0.00,228.68,"72,035.64"
ID16017,07-Feb-2026,Transfer,778.31,0.00,"44,239.90"
ID16017,18-Jan-2026,Charge,0.00,203.52,"10,214.65"
ID16017,26-Feb-2026,Payment,0.00,374.51,"26,957.62"
ID16017,29-Jan-2026,Payment,0.00,644.02,"58,948.66"
ID16017,13-Mar-2026,Direct Deposit,"3,331.21",0.00,"52,664.26"
ID16017,10-Feb-2026,Reversal,"1,644.78",0.00,"88,487.26"
ID16017,19-Jan-2026,Interest,213.24,0.00,"62,154.45"
ID16017,05-Feb-2026,Charge,0.00,128.51,"13,936.97"
ID16018,09-Mar-2026,Direct Deposit,"3,000.33",0.00,"48,799.96"
ID16018,21-Mar-2026,Direct Deposit,"3,882.80",0.00,"81,106.12"
ID16018,31-Jan-2026,Direct Deposit,"3,171.56",0.00,"6,126.96"
ID16018,09-Feb-2026,Debit Card,0.00,612.65,"39,732.30"
ID16018,14-Jan-2026,Reversal,812.31,0.00,"21,168.59"
ID16018,28-Mar-2026,Reversal,"1,158.87",0.00,"27,478.36"
ID16018,18-Feb-2026,Transfer,"1,239.51",0.00,"60,418.86"
ID16018,19-Jan-2026,Transfer,0.00,"1,463.15","4,796.63"
ID16018,21-Mar-2026,Reversal,0.00,553.00,"75,822.09"
ID16018,22-Jan-2026,Interest,446.76,0.00,"70,411.20"
ID16018,02-Apr-2026,Transfer,0.00,"1,496.73","99,531.41"
ID16018,22-Feb-2026,Debit Card,0.00,118.31,"24,170.76"
ID16018,03-Apr-2026,Reversal,"1,106.43",0.00,"4,641.65"
ID16018,18-Jan-2026,Reversal,0.00,"1,329.81","35,202.11"
ID16018,29-Mar-2026,Transfer,413.04,0.00,"93,768.22"
ID16018,02-Apr-2026,Transfer,0.00,"1,101.95","61,215.41"
ID16018,28-Mar-2026,Direct Deposit,"3,494.81",0.00,"5,936.01"
ID16018,15-Mar-2026,Transfer,0.00,633.19,"96,570.81"
ID16018,26-Feb-2026,Transfer,0.00,"1,179.95","94,583.32"
ID16018,24-Feb-2026,Debit Card,0.00,608.72,"20,505.46"
ID16019,09-Mar-2026,Debit Card,0.00,220.28,"54,645.02"
ID16019,16-Feb-2026,Reversal,"1,325.87",0.00,"68,722.85"
ID16019,12-Jan-2026,ATM Withdrawal,0.00,770.10,"36,610.98"
ID16019,22-Feb-2026,ATM Withdrawal,0.00,568.48,"25,002.38"
ID16019,27-Jan-2026,Charge,0.00,946.77,"64,067.55"
ID16019,25-Mar-2026,ATM Withdrawal,0.00,176.62,"30,949.87"
ID16019,13-Feb-2026,Direct Deposit,"2,143.04",0.00,"87,540.86"
ID16019,06-Mar-2026,Direct Deposit,629.77,0.00,"78,876.94"
ID16019,29-Jan-2026,ATM Withdrawal,0.00,623.38,"51,826.05"
ID16019,05-Jan-2026,Debit Card,0.00,362.51,"35,289.98"
ID16019,25-Jan-2026,Interest,336.86,0.00,"70,002.04"
ID16019,04-Feb-2026,Charge,0.00,715.12,"23,540.41"
ID16019,18-Feb-2026,Payment,686.42,0.00,"72,393.50"
ID16019,15-Jan-2026,Transfer,"1,474.55",0.00,"85,981.95"
ID16019,16-Feb-2026,Direct Deposit,874.01,0.00,"51,825.93"
ID16019,31-Jan-2026,Direct Deposit,"1,586.83",0.00,"59,333.96"
ID16019,03-Mar-2026,Direct Deposit,"3,471.40",0.00,"50,449.17"
ID16019,07-Jan-2026,Payment,0.00,"1,175.59","51,875.19"
ID16019,12-Mar-2026,Payment,0.00,744.43,"82,726.67"
ID16019,18-Jan-2026,ATM Withdrawal,0.00,235.68,"32,928.83"
ID16020,23-Jan-2026,ATM Withdrawal,0.00,110.23,"75,952.69"
ID16020,17-Mar-2026,Charge,0.00,237.48,"83,872.32"
ID16020,23-Feb-2026,ATM Withdrawal,0.00,38.03,"21,292.51"
ID16020,11-Mar-2026,Charge,0.00,266.72,"1,662.46"
ID16020,22-Feb-2026,Charge,0.00,719.62,"5,655.16"
ID16020,24-Jan-2026,Debit Card,0.00,813.40,"60,318.92"
ID16020,24-Feb-2026,Interest,98.25,0.00,"96,865.03"
ID16020,15-Feb-2026,Payment,0.00,"1,413.00","81,369.00"
ID16020,04-Mar-2026,ATM Withdrawal,0.00,899.25,"37,923.32"
ID16020,29-Jan-2026,Reversal,0.00,"1,417.10","93,573.26"
ID16020,24-Mar-2026,ATM Withdrawal,0.00,797.56,"52,373.74"
ID16020,04-Mar-2026,ATM Withdrawal,0.00,937.89,"17,673.43"
ID16020,10-Mar-2026,ATM Withdrawal,0.00,478.38,"65,932.99"
ID16020,01-Mar-2026,Transfer,0.00,"1,177.90","79,616.46"
ID16020,04-Jan-2026,Direct Deposit,"2,587.49",0.00,"83,687.90"
ID16020,11-Jan-2026,Payment,0.00,220.92,"51,770.48"
ID16020,14-Jan-2026,ATM Withdrawal,0.00,174.46,"35,730.24"
ID16020,07-Feb-2026,Interest,33.79,0.00,"42,351.24"
ID16020,07-Jan-2026,Transfer,529.08,0.00,"5,124.17"
ID16020,23-Jan-2026,Payment,0.00,"1,158.26","69,977.45"
ID16021,21-Jan-2026,Direct Deposit,"3,072.78",0.00,"32,042.97"
ID16021,28-Feb-2026,Debit Card,0.00,421.73,"59,595.49"
ID16021,14-Jan-2026,Reversal,0.00,249.51,"56,395.70"
ID16021,10-Jan-2026,Reversal,983.82,0.00,"29,060.35"
ID16021,13-Feb-2026,Payment,823.93,0.00,"53,884.96"
ID16021,24-Feb-2026,Direct Deposit,"2,787.14",0.00,"85,403.40"
ID16021,18-Jan-2026,Direct Deposit,"4,459.91",0.00,"66,934.06"
ID16021,03-Feb-2026,Charge,0.00,757.28,"66,650.05"
ID16021,20-Jan-2026,Transfer,"1,186.05",0.00,"72,893.83"
ID16021,04-Mar-2026,Payment,0.00,549.94,"12,428.29"
ID16021,10-Jan-2026,Direct Deposit,"2,113.40",0.00,"35,844.40"
ID16021,07-Feb-2026,Transfer,0.00,518.60,"58,599.60"
ID16021,26-Feb-2026,ATM Withdrawal,0.00,204.97,"18,986.78"
ID16021,19-Feb-2026,Reversal,"1,677.97",0.00,"89,050.75"
ID16021,03-Jan-2026,Debit Card,0.00,190.75,"51,682.60"
ID16021,28-Mar-2026,ATM Withdrawal,0.00,206.55,"98,565.92"
ID16021,21-Feb-2026,ATM Withdrawal,0.00,28.95,"1,659.97"
ID16021,02-Mar-2026,ATM Withdrawal,0.00,623.60,"98,710.56"
ID16021,11-Feb-2026,Payment,"1,171.90",0.00,"17,592.18"
ID16021,15-Feb-2026,Direct Deposit,514.26,0.00,"57,894.70"
ID16022,31-Jan-2026,Transfer,"1,310.86",0.00,"61,602.72"
ID16022,15-Jan-2026,Reversal,0.00,384.67,"27,960.18"
ID16022,04-Feb-2026,Payment,571.35,0.00,"91,946.95"
ID16022,26-Feb-2026,Reversal,0.00,857.97,"10,488.00"
ID16022,08-Mar-2026,Debit Card,0.00,442.05,"59,855.77"
ID16022,16-Feb-2026,Charge,0.00,594.56,"9,086.36"
ID16022,19-Feb-2026,Charge,0.00,565.30,"78,403.97"
ID16022,19-Feb-2026,Debit Card,0.00,252.37,"30,476.24"
ID16022,08-Feb-2026,Payment,0.00,793.64,"77,239.58"
ID16022,13-Mar-2026,Payment,309.35,0.00,"88,560.78"
ID16022,07-Feb-2026,Reversal,0.00,997.11,"12,688.28"
ID16022,26-Jan-2026,Interest,284.22,0.00,"30,859.41"
ID16022,15-Jan-2026,Debit Card,0.00,881.35,"36,509.48"
ID16022,30-Jan-2026,Reversal,0.00,959.72,"76,941.04"
ID16022,07-Jan-2026,Payment,230.56,0.00,"47,389.08"
ID16022,21-Jan-2026,ATM Withdrawal,0.00,772.64,"15,939.74"
ID16022,14-Mar-2026,Debit Card,0.00,368.20,"39,308.76"
ID16022,04-Mar-2026,Payment,"1,996.78",0.00,"9,781.15"
ID16022,12-Feb-2026,Charge,0.00,30.86,"35,163.18"
ID16022,24-Jan-2026,Interest,105.87,0.00,"35,475.26"
ID16023,12-Mar-2026,Interest,135.05,0.00,"37,262.29"
ID16023,30-Jan-2026,Debit Card,0.00,759.86,"36,348.10"
ID16023,07-Mar-2026,Interest,167.36,0.00,"21,207.54"
ID16023,27-Mar-2026,Interest,342.40,0.00,"67,006.83"
ID16023,14-Feb-2026,Charge,0.00,153.88,"66,886.66"
ID16023,31-Jan-2026,Charge,0.00,711.52,"69,729.27"
ID16023,18-Mar-2026,Interest,57.02,0.00,"78,489.67"
ID16023,09-Mar-2026,Charge,0.00,892.76,"28,604.77"
ID16023,05-Jan-2026,Transfer,509.91,0.00,"57,331.80"
ID16023,17-Jan-2026,Payment,"1,573.55",0.00,"53,291.43"
ID16023,03-Jan-2026,Payment,0.00,72.90,"96,554.78"
ID16023,09-Feb-2026,Interest,186.87,0.00,"83,389.88"
ID16023,06-Mar-2026,Transfer,534.06,0.00,"13,686.40"
ID16023,06-Jan-2026,Payment,240.41,0.00,"28,082.74"
ID16023,12-Mar-2026,Debit Card,0.00,561.36,"84,645.59"
ID16023,19-Mar-2026,Reversal,517.63,0.00,"35,073.18"
ID16023,14-Mar-2026,Direct Deposit,"1,522.79",0.00,"47,570.75"
ID16023,13-Mar-2026,Payment,675.52,0.00,"46,841.30"
ID16023,07-Feb-2026,ATM Withdrawal,0.00,292.01,"15,231.87"
ID16023,28-Feb-2026,Debit Card,0.00,204.02,"12,156.22"
ID16024,10-Feb-2026,Debit Card,0.00,183.47,"73,112.40"
ID16024,11-Mar-2026,Direct Deposit,"2,031.65",0.00,"33,231.08"
ID16024,23-Feb-2026,Payment,0.00,538.84,"80,070.97"
ID16024,18-Jan-2026,Reversal,986.57,0.00,"74,915.78"
ID16024,03-Jan-2026,Debit Card,0.00,313.71,"34,620.37"
ID16024,20-Jan-2026,Reversal,0.00,390.88,"38,250.00"
ID16024,08-Feb-2026,Reversal,0.00,233.55,"46,468.02"
ID16024,05-Jan-2026,Charge,0.00,911.59,"54,951.30"
ID16024,16-Feb-2026,ATM Withdrawal,0.00,448.85,"63,971.62"
ID16024,13-Feb-2026,Payment,"1,893.13",0.00,"22,271.68"
ID16024,14-Feb-2026,Debit Card,0.00,182.13,"65,316.49"
ID16024,17-Mar-2026,Transfer,0.00,"1,441.53","21,101.71"
ID16024,15-Feb-2026,Direct Deposit,"1,318.54",0.00,"94,106.06"
ID16024,11-Mar-2026,Direct Deposit,"3,218.86",0.00,"99,454.67"
ID16024,18-Feb-2026,Transfer,0.00,"1,220.81","92,677.18"
ID16024,04-Mar-2026,Debit Card,0.00,559.83,"41,563.57"
ID16024,30-Jan-2026,Transfer,275.95,0.00,"74,829.70"
ID16024,27-Jan-2026,Transfer,0.00,796.73,"32,244.53"
ID16024,13-Feb-2026,Interest,127.45,0.00,"5,089.47"
ID16024,13-Jan-2026,Direct Deposit,"2,963.74",0.00,"55,036.47"
ID16025,04-Feb-2026,Direct Deposit,"2,689.28",0.00,"52,769.30"
ID16025,28-Mar-2026,Charge,0.00,77.72,"21,989.93"
ID16025,23-Mar-2026,Payment,0.00,158.67,"83,150.06"
ID16025,05-Feb-2026,Charge,0.00,150.06,"44,971.79"
ID16025,14-Feb-2026,Interest,127.76,0.00,"14,240.43"
ID16025,06-Jan-2026,ATM Withdrawal,0.00,812.82,"82,688.01"
ID16025,12-Mar-2026,Transfer,997.61,0.00,"24,432.94"
ID16025,27-Jan-2026,Direct Deposit,"4,446.15",0.00,"16,061.29"
ID16025,03-Feb-2026,Reversal,522.96,0.00,"76,425.71"
ID16025,01-Mar-2026,Direct Deposit,"3,082.19",0.00,"35,363.61"
ID16025,01-Feb-2026,Debit Card,0.00,180.93,"36,510.65"
ID16025,20-Feb-2026,Payment,"1,241.67",0.00,"40,650.62"
ID16025,29-Mar-2026,Debit Card,0.00,794.02,"59,082.31"
ID16025,19-Feb-2026,Debit Card,0.00,980.68,"99,705.12"
ID16025,14-Feb-2026,Charge,0.00,268.63,"86,512.82"
ID16025,24-Feb-2026,Charge,0.00,857.69,"47,503.21"
ID16025,10-Mar-2026,Payment,"1,080.70",0.00,"17,340.02"
ID16025,19-Mar-2026,Interest,396.22,0.00,"24,386.61"
ID16025,12-Mar-2026,Reversal,539.21,0.00,"86,096.79"
ID16025,01-Apr-2026,Payment,"1,535.80",0.00,"40,674.81"
ID16026,12-Jan-2026,Interest,324.13,0.00,"17,974.25"
ID16026,27-Jan-2026,Payment,0.00,689.75,"46,106.04"
ID16026,22-Mar-2026,Interest,109.99,0.00,"44,253.37"
ID16026,15-Feb-2026,Reversal,0.00,"1,302.60","30,238.33"
ID16026,24-Feb-2026,Transfer,0.00,309.25,"67,407.18"
ID16026,05-Jan-2026,Direct Deposit,"2,881.18",0.00,"43,152.17"
ID16026,17-Mar-2026,Interest,387.18,0.00,"64,910.67"
ID16026,02-Mar-2026,Payment,0.00,550.45,"46,489.94"
ID16026,18-Mar-2026,Direct Deposit,"2,038.93",0.00,"24,565.12"
ID16026,26-Feb-2026,Direct Deposit,"2,610.19",0.00,"23,946.79"
ID16026,02-Feb-2026,ATM Withdrawal,0.00,219.16,"51,735.15"
ID16026,08-Feb-2026,Direct Deposit,"3,377.43",0.00,"20,644.91"
ID16026,06-Feb-2026,Transfer,380.29,0.00,"8,994.06"
ID16026,12-Jan-2026,Reversal,"1,676.34",0.00,"39,919.30"
ID16026,21-Feb-2026,ATM Withdrawal,0.00,953.75,"44,911.78"
ID16026,18-Mar-2026,ATM Withdrawal,0.00,855.06,"8,917.73"
ID16026,16-Feb-2026,Transfer,0.00,"1,392.80","37,143.72"
ID16026,08-Jan-2026,Transfer,"1,597.39",0.00,"46,392.55"
ID16026,29-Jan-2026,Charge,0.00,402.22,"30,487.79"
ID16026,06-Jan-2026,Payment,"1,287.71",0.00,"21,009.15"
ID16027,28-Feb-2026,ATM Withdrawal,0.00,34.18,"22,051.20"
ID16027,22-Mar-2026,Charge,0.00,922.43,"1,023.33"
ID16027,04-Mar-2026,Direct Deposit,"3,820.82",0.00,"15,188.06"
ID16027,08-Mar-2026,Reversal,0.00,529.07,"78,853.92"
ID16027,04-Mar-2026,Charge,0.00,285.40,"73,323.79"
ID16027,23-Jan-2026,Debit Card,0.00,524.12,"60,422.59"
ID16027,15-Jan-2026,Payment,0.00,945.22,"35,178.11"
ID16027,18-Jan-2026,Debit Card,0.00,689.00,"79,163.65"
ID16027,15-Feb-2026,Transfer,0.00,102.33,"65,162.14"
ID16027,19-Feb-2026,Interest,496.84,0.00,"93,027.64"
ID16027,12-Feb-2026,Interest,279.21,0.00,"28,283.18"
ID16027,19-Feb-2026,Debit Card,0.00,407.69,"36,537.38"
ID16027,16-Jan-2026,ATM Withdrawal,0.00,387.75,"4,320.14"
ID16027,20-Jan-2026,Debit Card,0.00,966.25,"26,457.66"
ID16027,29-Mar-2026,Transfer,0.00,557.66,"93,527.49"
ID16027,15-Mar-2026,Charge,0.00,716.18,"28,425.53"
ID16027,14-Feb-2026,Debit Card,0.00,124.87,"29,926.56"
ID16027,19-Feb-2026,Transfer,"1,093.68",0.00,"56,528.82"
ID16027,16-Jan-2026,ATM Withdrawal,0.00,754.52,"43,013.92"
ID16027,22-Feb-2026,Charge,0.00,30.05,"43,325.85"
ID16028,11-Feb-2026,Transfer,0.00,"1,008.55","61,473.59"
ID16028,14-Jan-2026,Debit Card,0.00,176.22,"6,214.42"
ID16028,19-Mar-2026,Direct Deposit,"1,332.21",0.00,"66,733.33"
ID16028,11-Jan-2026,Interest,387.82,0.00,"99,125.25"
ID16028,10-Feb-2026,Payment,0.00,54.19,"24,318.48"
ID16028,11-Mar-2026,Transfer,"1,892.50",0.00,"67,690.52"
ID16028,05-Mar-2026,Charge,0.00,993.24,"30,627.78"
ID16028,11-Feb-2026,Reversal,"1,007.72",0.00,"80,728.80"
ID16028,19-Mar-2026,Direct Deposit,"2,074.37",0.00,"93,322.61"
ID16028,06-Jan-2026,Reversal,0.00,999.44,"59,604.01"
ID16028,15-Feb-2026,Payment,0.00,862.02,"35,850.01"
ID16028,08-Jan-2026,ATM Withdrawal,0.00,214.52,"2,863.11"
ID16028,14-Jan-2026,Interest,28.53,0.00,"5,363.93"
ID16028,06-Jan-2026,Payment,284.82,0.00,"56,053.45"
ID16028,01-Mar-2026,Debit Card,0.00,758.14,"80,249.30"
ID16028,16-Jan-2026,Direct Deposit,"3,694.72",0.00,"24,570.21"
ID16028,23-Feb-2026,Direct Deposit,"4,236.58",0.00,"56,138.37"
ID16028,07-Mar-2026,Transfer,0.00,"1,227.07","46,854.66"
ID16028,20-Mar-2026,Direct Deposit,"3,657.57",0.00,"64,461.98"
ID16028,03-Apr-2026,Debit Card,0.00,218.66,"26,826.04"
ID16029,13-Jan-2026,ATM Withdrawal,0.00,752.80,"49,394.89"
ID16029,13-Jan-2026,Payment,0.00,384.95,"25,631.56"
ID16029,08-Jan-2026,Charge,0.00,399.09,"6,453.80"
ID16029,29-Mar-2026,Reversal,"1,100.34",0.00,"67,591.10"
ID16029,15-Feb-2026,Debit Card,0.00,620.57,"74,464.39"
ID16029,03-Jan-2026,Reversal,342.56,0.00,"3,085.06"
ID16029,11-Feb-2026,Transfer,849.38,0.00,"70,963.99"
ID16029,04-Jan-2026,ATM Withdrawal,0.00,991.58,"3,735.05"
ID16029,26-Jan-2026,Debit Card,0.00,93.60,"61,734.22"
ID16029,31-Mar-2026,Debit Card,0.00,367.71,"60,940.47"
ID16029,26-Jan-2026,Payment,0.00,388.99,"17,375.90"
ID16029,01-Mar-2026,Reversal,261.63,0.00,"88,054.30"
ID16029,13-Jan-2026,Payment,0.00,747.59,"17,096.69"
ID16029,12-Jan-2026,Payment,0.00,477.47,"42,819.33"
ID16029,25-Mar-2026,Transfer,0.00,"1,019.83","71,260.34"
ID16029,11-Jan-2026,Transfer,182.53,0.00,"99,071.77"
ID16029,22-Feb-2026,ATM Withdrawal,0.00,767.46,"2,153.56"
ID16029,04-Feb-2026,Direct Deposit,"1,403.12",0.00,"62,981.36"
ID16029,08-Jan-2026,Interest,381.15,0.00,"56,824.31"
ID16029,04-Feb-2026,Transfer,0.00,909.01,"1,301.64"
ID16030,05-Jan-2026,Debit Card,0.00,926.22,"44,625.38"
ID16030,29-Mar-2026,Reversal,0.00,66.61,"58,872.54"
ID16030,16-Jan-2026,Direct Deposit,566.48,0.00,"40,732.37"
ID16030,26-Feb-2026,Debit Card,0.00,889.63,"85,646.04"
ID16030,19-Mar-2026,Interest,102.45,0.00,"94,792.73"
ID16030,30-Mar-2026,Charge,0.00,49.06,"30,184.27"
ID16030,30-Jan-2026,Debit Card,0.00,227.69,"12,010.23"
ID16030,29-Mar-2026,Payment,490.31,0.00,"61,280.52"
ID16030,19-Jan-2026,Transfer,0.00,497.81,"69,091.55"
ID16030,09-Feb-2026,Transfer,0.00,"1,060.69","82,244.86"
ID16030,21-Feb-2026,ATM Withdrawal,0.00,963.22,"77,530.00"
ID16030,24-Jan-2026,Direct Deposit,"1,176.59",0.00,"93,980.98"
ID16030,20-Mar-2026,Direct Deposit,532.05,0.00,"38,841.45"
ID16030,11-Mar-2026,Direct Deposit,"4,393.79",0.00,"60,378.55"
ID16030,17-Feb-2026,Interest,209.77,0.00,"29,142.00"
ID16030,18-Feb-2026,Charge,0.00,975.42,"55,853.17"
ID16030,18-Jan-2026,Debit Card,0.00,538.76,"14,262.56"
ID16030,09-Feb-2026,Debit Card,0.00,684.97,"41,891.46"
ID16030,02-Mar-2026,Payment,0.00,469.65,"74,350.80"
ID16030,24-Mar-2026,Debit Card,0.00,450.87,"43,410.13"
ID16031,29-Jan-2026,Charge,0.00,223.24,"75,542.13"
ID16031,06-Feb-2026,Payment,"1,460.20",0.00,"48,879.78"
ID16031,26-Feb-2026,Interest,379.69,0.00,"53,114.46"
ID16031,30-Mar-2026,Debit Card,0.00,894.26,"55,655.84"
ID16031,14-Jan-2026,Transfer,585.66,0.00,"24,791.87"
ID16031,01-Feb-2026,Transfer,"1,710.59",0.00,"75,349.78"
ID16031,11-Jan-2026,Debit Card,0.00,962.64,"1,480.63"
ID16031,12-Mar-2026,Direct Deposit,907.28,0.00,"54,227.69"
ID16031,23-Feb-2026,Charge,0.00,113.14,"19,747.37"
ID16031,03-Mar-2026,Reversal,438.14,0.00,"95,159.90"
ID16031,04-Mar-2026,ATM Withdrawal,0.00,542.29,"18,175.59"
ID16031,15-Mar-2026,Reversal,"1,642.40",0.00,"19,493.46"
ID16031,20-Feb-2026,Reversal,0.00,785.40,"3,078.92"
ID16031,27-Jan-2026,Reversal,0.00,200.61,"52,551.99"
ID16031,14-Jan-2026,Payment,"1,999.71",0.00,"57,241.95"
ID16031,04-Mar-2026,Payment,0.00,489.76,"96,995.53"
ID16031,05-Feb-2026,Interest,345.34,0.00,"27,694.77"
ID16031,07-Feb-2026,Payment,0.00,757.81,"26,285.67"
ID16031,18-Mar-2026,Charge,0.00,619.81,"64,147.59"
ID16031,14-Feb-2026,Interest,262.62,0.00,"26,299.34"
ID16032,14-Mar-2026,Debit Card,0.00,22.57,"40,735.31"
ID16032,09-Jan-2026,ATM Withdrawal,0.00,626.94,"93,589.52"
ID16032,19-Feb-2026,Transfer,"1,354.63",0.00,"83,589.85"
ID16032,03-Mar-2026,Direct Deposit,"3,162.45",0.00,"1,458.32"
ID16032,17-Jan-2026,Interest,117.30,0.00,"53,864.81"
ID16032,22-Jan-2026,Charge,0.00,310.41,"96,834.44"
ID16032,06-Feb-2026,Debit Card,0.00,545.69,"9,722.42"
ID16032,11-Jan-2026,Interest,78.59,0.00,"82,414.02"
ID16032,22-Feb-2026,Reversal,774.89,0.00,"69,574.75"
ID16032,31-Jan-2026,Debit Card,0.00,312.63,"36,570.70"
ID16032,07-Mar-2026,Reversal,0.00,881.96,"64,867.81"
ID16032,17-Feb-2026,Debit Card,0.00,673.69,"4,842.17"
ID16032,03-Mar-2026,Payment,0.00,936.10,"94,287.66"
ID16032,11-Jan-2026,Reversal,0.00,673.56,"32,085.73"
ID16032,01-Mar-2026,Payment,0.00,"1,362.70","28,026.73"
ID16032,03-Mar-2026,Interest,77.42,0.00,"2,704.99"
ID16032,28-Mar-2026,Interest,278.21,0.00,"9,508.64"
ID16032,02-Apr-2026,Charge,0.00,107.33,"41,376.94"
ID16032,03-Feb-2026,Transfer,"1,972.54",0.00,"24,705.65"
ID16032,18-Jan-2026,Reversal,796.28,0.00,"9,794.64"
ID16033,11-Mar-2026,Direct Deposit,"2,623.00",0.00,"55,696.84"
ID16033,18-Mar-2026,Charge,0.00,162.92,"49,562.04"
ID16033,16-Feb-2026,Transfer,0.00,"1,062.77","49,588.52"
ID16033,03-Jan-2026,Payment,"1,253.58",0.00,"4,739.32"
ID16033,03-Apr-2026,Direct Deposit,509.53,0.00,"9,577.14"
ID16033,06-Jan-2026,Interest,105.24,0.00,"30,138.72"
ID16033,31-Mar-2026,Reversal,0.00,"1,032.31","88,821.19"
ID16033,20-Feb-2026,Interest,388.43,0.00,"31,648.47"
ID16033,11-Jan-2026,Direct Deposit,"1,696.60",0.00,"78,397.61"
ID16033,15-Mar-2026,Transfer,250.92,0.00,"40,719.02"
ID16033,25-Jan-2026,ATM Withdrawal,0.00,994.90,"26,615.06"
ID16033,14-Jan-2026,Direct Deposit,"2,338.61",0.00,"70,421.88"
ID16033,25-Feb-2026,Payment,"1,059.88",0.00,"98,189.85"
ID16033,02-Apr-2026,ATM Withdrawal,0.00,550.75,"63,210.55"
ID16033,22-Mar-2026,Payment,661.69,0.00,"68,586.91"
ID16033,02-Apr-2026,Payment,729.87,0.00,"61,159.19"
ID16033,22-Mar-2026,Payment,0.00,83.96,"89,141.37"
ID16033,23-Mar-2026,Reversal,"1,638.82",0.00,"29,995.20"
ID16033,03-Feb-2026,Direct Deposit,"4,734.75",0.00,"94,025.42"
ID16033,25-Mar-2026,ATM Withdrawal,0.00,708.43,"37,178.29"
ID16034,24-Jan-2026,Reversal,"1,054.23",0.00,"54,299.34"
ID16034,29-Mar-2026,ATM Withdrawal,0.00,183.89,"70,576.92"
ID16034,15-Feb-2026,Reversal,0.00,670.28,"30,050.76"
ID16034,24-Feb-2026,ATM Withdrawal,0.00,986.41,"66,800.71"
ID16034,15-Feb-2026,Debit Card,0.00,66.66,"61,280.87"
ID16034,02-Apr-2026,Transfer,0.00,"1,351.64","73,674.54"
ID16034,01-Feb-2026,Debit Card,0.00,499.97,"61,193.96"
ID16034,26-Jan-2026,Direct Deposit,"3,649.02",0.00,"98,619.78"
ID16034,19-Feb-2026,Charge,0.00,508.04,"36,219.08"
ID16034,05-Mar-2026,Charge,0.00,544.23,"84,721.17"
ID16034,29-Jan-2026,Charge,0.00,110.35,"21,599.32"
ID16034,21-Feb-2026,ATM Withdrawal,0.00,27.53,"29,797.32"
ID16034,22-Feb-2026,Payment,"1,458.13",0.00,"89,407.94"
ID16034,21-Mar-2026,Direct Deposit,"4,715.53",0.00,"65,260.49"
ID16034,23-Mar-2026,Direct Deposit,"3,026.88",0.00,"32,769.97"
ID16034,03-Jan-2026,Reversal,380.99,0.00,"7,166.72"
ID16034,24-Jan-2026,Transfer,691.05,0.00,"96,065.10"
ID16034,29-Mar-2026,Charge,0.00,36.20,"55,205.99"
ID16034,04-Feb-2026,Interest,390.29,0.00,"88,795.19"
ID16034,02-Mar-2026,Direct Deposit,"2,069.13",0.00,"90,412.47"
ID16035,25-Feb-2026,Reversal,"1,939.12",0.00,"39,797.62"
ID16035,06-Mar-2026,Transfer,0.00,163.23,"23,242.73"
ID16035,04-Mar-2026,Transfer,0.00,972.72,"92,922.00"
ID16035,11-Mar-2026,Charge,0.00,214.81,"5,001.25"
ID16035,06-Mar-2026,Debit Card,0.00,62.46,"3,582.18"
ID16035,16-Jan-2026,Charge,0.00,330.19,"44,787.88"
ID16035,21-Jan-2026,Payment,"1,998.05",0.00,"45,015.53"
ID16035,31-Mar-2026,Direct Deposit,"4,802.45",0.00,"85,575.03"
ID16035,15-Mar-2026,Charge,0.00,634.79,"47,113.43"
ID16035,18-Jan-2026,Direct Deposit,"2,609.71",0.00,"51,932.74"
ID16035,13-Jan-2026,Payment,"1,847.45",0.00,"92,600.29"
ID16035,10-Feb-2026,Interest,45.57,0.00,"17,731.34"
ID16035,19-Mar-2026,Direct Deposit,"1,752.63",0.00,"9,407.17"
ID16035,28-Mar-2026,Interest,375.89,0.00,"34,679.51"
ID16035,09-Feb-2026,Transfer,559.12,0.00,"45,523.44"
ID16035,11-Jan-2026,Transfer,0.00,"1,115.24","64,206.03"
ID16035,20-Jan-2026,Interest,147.35,0.00,"46,959.16"
ID16035,12-Mar-2026,Debit Card,0.00,321.92,"61,281.60"
ID16035,02-Feb-2026,Direct Deposit,"1,979.96",0.00,"78,278.46"
ID16035,07-Jan-2026,Debit Card,0.00,229.99,"75,863.96"
ID16036,06-Feb-2026,Payment,"1,435.16",0.00,"3,210.04"
ID16036,19-Feb-2026,Interest,143.46,0.00,"9,725.49"
ID16036,20-Feb-2026,Debit Card,0.00,533.10,"97,105.75"
ID16036,27-Mar-2026,Charge,0.00,980.03,"61,041.50"
ID16036,03-Apr-2026,Direct Deposit,"4,329.11",0.00,"14,378.59"
ID16036,26-Mar-2026,Reversal,0.00,"1,197.84","23,474.50"
ID16036,23-Jan-2026,Reversal,"1,600.29",0.00,"45,260.45"
ID16036,06-Feb-2026,Payment,0.00,356.94,"51,558.77"
ID16036,28-Jan-2026,Reversal,359.60,0.00,"13,921.11"
ID16036,13-Mar-2026,Interest,266.66,0.00,"17,051.72"
ID16036,23-Mar-2026,ATM Withdrawal,0.00,227.12,"44,701.00"
ID16036,25-Feb-2026,Transfer,0.00,201.80,"4,686.13"
ID16036,26-Mar-2026,Debit Card,0.00,875.35,"16,804.45"
ID16036,27-Feb-2026,Interest,44.17,0.00,"21,679.49"
ID16036,05-Mar-2026,Charge,0.00,214.99,"55,033.33"
ID16036,08-Jan-2026,ATM Withdrawal,0.00,752.91,"53,111.29"
ID16036,08-Feb-2026,Debit Card,0.00,988.56,"64,595.30"
ID16036,30-Mar-2026,Transfer,0.00,936.36,"38,837.32"
ID16036,08-Feb-2026,Reversal,652.03,0.00,"76,850.94"
ID16036,08-Feb-2026,Interest,278.88,0.00,"64,462.75"
ID16037,05-Mar-2026,Reversal,0.00,782.18,"31,790.07"
ID16037,06-Mar-2026,Debit Card,0.00,573.20,"32,160.46"
ID16037,03-Mar-2026,Payment,598.26,0.00,"67,784.67"
ID16037,26-Jan-2026,Interest,307.30,0.00,"37,483.85"
ID16037,25-Feb-2026,Debit Card,0.00,378.62,"19,939.47"
ID16037,22-Jan-2026,Reversal,0.00,612.63,"18,146.91"
ID16037,02-Apr-2026,Debit Card,0.00,335.85,"32,079.08"
ID16037,25-Feb-2026,Transfer,0.00,655.16,"31,683.19"
ID16037,09-Feb-2026,Debit Card,0.00,733.03,"97,453.12"
ID16037,17-Feb-2026,Debit Card,0.00,940.22,"1,254.57"
ID16037,01-Feb-2026,Reversal,0.00,763.55,"47,947.84"
ID16037,02-Apr-2026,Payment,0.00,739.45,"50,983.06"
ID16037,02-Feb-2026,Debit Card,0.00,67.07,"19,372.66"
ID16037,03-Apr-2026,Transfer,0.00,"1,161.47","6,539.79"
ID16037,27-Feb-2026,Charge,0.00,634.18,"4,382.65"
ID16037,04-Feb-2026,Direct Deposit,"2,669.03",0.00,"47,927.90"
ID16037,16-Feb-2026,Transfer,878.41,0.00,"28,145.21"
ID16037,25-Jan-2026,Debit Card,0.00,380.34,"41,402.42"
ID16037,13-Feb-2026,ATM Withdrawal,0.00,647.14,"12,196.38"
ID16037,04-Jan-2026,Direct Deposit,"4,164.37",0.00,"6,976.80"
ID16038,02-Mar-2026,Payment,0.00,"1,393.37","20,328.05"
ID16038,22-Mar-2026,Transfer,0.00,356.52,"82,528.92"
ID16038,28-Mar-2026,Debit Card,0.00,778.14,"44,112.73"
ID16038,17-Feb-2026,Transfer,355.17,0.00,"44,132.90"
ID16038,11-Jan-2026,Reversal,0.00,178.30,"10,489.06"
ID16038,28-Mar-2026,Transfer,0.00,"1,116.39","24,525.42"
ID16038,08-Mar-2026,Charge,0.00,208.29,"53,193.49"
ID16038,06-Feb-2026,Reversal,0.00,527.29,"4,753.31"
ID16038,19-Jan-2026,Direct Deposit,"1,660.04",0.00,"27,116.38"
ID16038,15-Mar-2026,Reversal,0.00,"1,166.00","19,056.01"
ID16038,19-Jan-2026,Debit Card,0.00,644.65,"24,869.07"
ID16038,31-Mar-2026,Interest,145.88,0.00,"1,534.04"
ID16038,28-Feb-2026,Transfer,433.24,0.00,"44,900.83"
ID16038,17-Mar-2026,Transfer,0.00,718.40,"37,217.97"
ID16038,12-Jan-2026,Transfer,0.00,"1,357.85","29,951.69"
ID16038,28-Mar-2026,Debit Card,0.00,306.69,"48,542.04"
ID16038,29-Mar-2026,Direct Deposit,"2,291.93",0.00,"37,688.78"
ID16038,26-Jan-2026,Reversal,0.00,648.57,"71,080.83"
ID16038,24-Jan-2026,Debit Card,0.00,138.96,"37,610.83"
ID16038,04-Mar-2026,Reversal,0.00,"1,339.81","12,970.82"
ID16039,20-Jan-2026,Charge,0.00,538.71,"93,361.04"
ID16039,11-Jan-2026,Transfer,0.00,"1,378.26","96,070.61"
ID16039,24-Jan-2026,Payment,0.00,"1,036.68","64,339.90"
ID16039,27-Feb-2026,Transfer,"1,034.61",0.00,"73,095.85"
ID16039,11-Mar-2026,ATM Withdrawal,0.00,238.48,"32,061.71"
ID16039,24-Feb-2026,Direct Deposit,"3,330.73",0.00,"30,116.72"
ID16039,13-Feb-2026,Payment,"1,700.24",0.00,"76,601.47"
ID16039,25-Jan-2026,Transfer,0.00,708.33,"95,351.89"
ID16039,15-Jan-2026,Payment,0.00,926.50,"57,376.18"
ID16039,24-Mar-2026,Reversal,"1,824.15",0.00,"91,785.59"
ID16039,17-Feb-2026,Debit Card,0.00,665.98,"18,074.48"
ID16039,31-Mar-2026,Charge,0.00,660.08,"87,061.23"
ID16039,01-Mar-2026,Direct Deposit,"3,222.88",0.00,"67,727.85"
ID16039,12-Feb-2026,Charge,0.00,617.32,"40,185.15"
ID16039,22-Mar-2026,Direct Deposit,"3,271.68",0.00,"26,131.95"
ID16039,11-Mar-2026,Reversal,"1,054.97",0.00,"21,672.83"
ID16039,25-Mar-2026,Debit Card,0.00,973.36,"83,201.15"
ID16039,06-Feb-2026,Interest,332.75,0.00,"98,507.80"
ID16039,04-Jan-2026,Interest,114.34,0.00,"19,244.40"
ID16039,17-Jan-2026,Charge,0.00,607.14,"76,881.24"
ID16040,11-Jan-2026,Direct Deposit,"3,117.35",0.00,"57,063.30"
ID16040,15-Mar-2026,Direct Deposit,"2,503.59",0.00,"56,769.33"
ID16040,27-Jan-2026,Charge,0.00,273.93,"2,993.18"
ID16040,04-Mar-2026,ATM Withdrawal,0.00,480.80,"68,920.16"
ID16040,31-Mar-2026,Charge,0.00,228.50,"70,122.57"
ID16040,25-Mar-2026,Debit Card,0.00,946.12,"12,464.11"
ID16040,05-Jan-2026,Payment,0.00,293.45,"75,533.04"
ID16040,09-Feb-2026,Debit Card,0.00,788.74,"24,812.62"
ID16040,06-Mar-2026,Payment,434.03,0.00,"77,633.14"
ID16040,17-Mar-2026,Charge,0.00,87.53,"64,772.11"
ID16040,05-Mar-2026,Charge,0.00,174.40,"40,763.55"
ID16040,05-Feb-2026,Payment,0.00,843.36,"36,034.32"
ID16040,14-Feb-2026,Transfer,"1,809.34",0.00,"10,873.29"
ID16040,17-Jan-2026,Charge,0.00,133.96,"15,327.93"
ID16040,27-Feb-2026,Reversal,184.53,0.00,"10,884.81"
ID16040,26-Mar-2026,Charge,0.00,55.59,"13,005.74"
ID16040,17-Feb-2026,Direct Deposit,"3,613.18",0.00,"82,430.54"
ID16040,27-Jan-2026,Debit Card,0.00,86.92,"19,885.65"
ID16040,13-Feb-2026,ATM Withdrawal,0.00,182.63,"73,490.84"
ID16040,21-Mar-2026,Debit Card,0.00,397.11,"98,586.93"
ID16041,11-Feb-2026,Reversal,0.00,776.55,"36,363.36"
ID16041,07-Jan-2026,Transfer,"1,642.55",0.00,"70,831.50"
ID16041,14-Mar-2026,Debit Card,0.00,675.02,"9,600.06"
ID16041,08-Mar-2026,Payment,0.00,"1,072.57","32,790.82"
ID16041,27-Mar-2026,ATM Withdrawal,0.00,894.23,"50,551.55"
ID16041,26-Mar-2026,Debit Card,0.00,212.77,"58,689.14"
ID16041,03-Apr-2026,Transfer,630.85,0.00,"22,688.58"
ID16041,15-Jan-2026,Reversal,"1,279.20",0.00,"27,163.01"
ID16041,03-Mar-2026,Reversal,470.99,0.00,"32,414.40"
ID16041,25-Mar-2026,Transfer,262.20,0.00,"25,734.04"
ID16041,21-Jan-2026,ATM Withdrawal,0.00,522.52,"67,254.74"
ID16041,04-Jan-2026,Payment,0.00,"1,412.82","73,188.88"
ID16041,04-Feb-2026,Reversal,0.00,"1,087.35","40,911.49"
ID16041,22-Feb-2026,Interest,95.71,0.00,"40,064.28"
ID16041,07-Mar-2026,Reversal,0.00,"1,464.07","48,909.28"
ID16041,20-Jan-2026,ATM Withdrawal,0.00,996.74,"40,823.75"
ID16041,06-Jan-2026,ATM Withdrawal,0.00,548.16,"12,353.51"
ID16041,24-Mar-2026,Transfer,322.20,0.00,"33,117.21"
ID16041,04-Jan-2026,Reversal,0.00,"1,487.07","3,384.63"
ID16041,30-Mar-2026,Debit Card,0.00,381.83,"35,430.08"
ID16042,31-Mar-2026,Debit Card,0.00,259.37,"67,031.63"
ID16042,18-Feb-2026,Debit Card,0.00,34.55,"88,922.39"
ID16042,26-Feb-2026,Direct Deposit,"4,291.64",0.00,"81,713.35"
ID16042,21-Mar-2026,Reversal,0.00,563.10,"30,593.78"
ID16042,13-Feb-2026,Payment,0.00,"1,175.50","63,856.25"
ID16042,10-Feb-2026,Direct Deposit,"4,434.40",0.00,"2,913.62"
ID16042,18-Feb-2026,Debit Card,0.00,977.37,"58,571.54"
ID16042,24-Feb-2026,Debit Card,0.00,836.46,"59,976.61"
ID16042,22-Mar-2026,Interest,132.96,0.00,"87,804.96"
ID16042,21-Feb-2026,Payment,0.00,468.66,"50,671.31"
ID16042,05-Jan-2026,ATM Withdrawal,0.00,378.29,"95,953.71"
ID16042,14-Jan-2026,Interest,84.64,0.00,"33,905.72"
ID16042,06-Mar-2026,ATM Withdrawal,0.00,707.81,"93,116.52"
ID16042,30-Mar-2026,Charge,0.00,890.14,"13,811.86"
ID16042,03-Apr-2026,Interest,485.34,0.00,"5,383.69"
ID16042,30-Mar-2026,Reversal,0.00,491.84,"46,335.48"
ID16042,02-Apr-2026,Reversal,630.66,0.00,"46,692.71"
ID16042,02-Apr-2026,ATM Withdrawal,0.00,782.26,"27,852.33"
ID16042,16-Mar-2026,Interest,244.52,0.00,"45,989.05"
ID16042,12-Feb-2026,Payment,540.98,0.00,"70,380.97"
ID16043,01-Apr-2026,Payment,584.30,0.00,"33,161.38"
ID16043,03-Mar-2026,ATM Withdrawal,0.00,158.39,"54,629.78"
ID16043,29-Mar-2026,Reversal,0.00,"1,339.85","44,354.82"
ID16043,20-Jan-2026,Charge,0.00,813.60,"16,131.88"
ID16043,31-Mar-2026,Transfer,0.00,"1,335.58","18,658.42"
ID16043,27-Jan-2026,Interest,481.18,0.00,"73,883.01"
ID16043,04-Feb-2026,Transfer,0.00,171.75,"49,407.86"
ID16043,28-Mar-2026,Charge,0.00,380.61,"41,372.08"
ID16043,10-Mar-2026,Reversal,239.13,0.00,"66,893.26"
ID16043,23-Feb-2026,Reversal,257.71,0.00,"71,435.44"
ID16043,10-Jan-2026,Charge,0.00,185.48,"9,861.00"
ID16043,03-Jan-2026,Reversal,0.00,472.09,"52,255.27"
ID16043,22-Feb-2026,Transfer,0.00,"1,432.90","49,709.95"
ID16043,11-Jan-2026,Payment,0.00,616.93,"58,561.20"
ID16043,17-Feb-2026,Direct Deposit,"3,702.87",0.00,"71,698.96"
ID16043,04-Feb-2026,Charge,0.00,944.52,"23,281.33"
ID16043,03-Jan-2026,Transfer,652.84,0.00,"87,186.69"
ID16043,25-Jan-2026,Payment,0.00,612.56,"23,155.10"
ID16043,06-Mar-2026,Charge,0.00,811.46,"66,009.94"
ID16043,07-Mar-2026,Payment,"1,687.50",0.00,"89,990.46"
ID16044,03-Feb-2026,Interest,343.17,0.00,"65,319.95"
ID16044,22-Jan-2026,Charge,0.00,609.81,"26,635.14"
ID16044,24-Jan-2026,Reversal,0.00,"1,262.95","1,144.53"
ID16044,11-Feb-2026,Direct Deposit,"2,916.69",0.00,"11,465.51"
ID16044,28-Mar-2026,ATM Withdrawal,0.00,358.83,"46,477.89"
ID16044,01-Apr-2026,Direct Deposit,809.99,0.00,"70,360.04"
ID16044,05-Jan-2026,Debit Card,0.00,450.74,"83,816.89"
ID16044,30-Mar-2026,Charge,0.00,103.71,"50,453.43"
ID16044,21-Jan-2026,Interest,437.59,0.00,"9,485.38"
ID16044,21-Mar-2026,Reversal,791.87,0.00,"64,403.73"
ID16044,20-Feb-2026,Interest,190.73,0.00,"47,418.04"
ID16044,04-Feb-2026,Payment,784.17,0.00,"47,802.53"
ID16044,20-Jan-2026,Reversal,503.45,0.00,"8,798.89"
ID16044,01-Apr-2026,Charge,0.00,65.79,"98,320.09"
ID16044,31-Mar-2026,Debit Card,0.00,636.63,"50,827.77"
ID16044,27-Mar-2026,Debit Card,0.00,134.52,"25,040.15"
ID16044,20-Jan-2026,Transfer,0.00,"1,442.40","75,022.54"
ID16044,19-Mar-2026,Reversal,0.00,225.82,"29,370.64"
ID16044,20-Mar-2026,Debit Card,0.00,672.18,"96,593.59"
ID16044,13-Jan-2026,Transfer,505.61,0.00,"38,376.58"
ID16045,04-Mar-2026,Direct Deposit,"4,828.22",0.00,"8,583.76"
ID16045,12-Jan-2026,Charge,0.00,121.75,"50,884.98"
ID16045,09-Jan-2026,Payment,123.90,0.00,"7,600.80"
ID16045,02-Feb-2026,ATM Withdrawal,0.00,393.39,"24,308.99"
ID16045,19-Jan-2026,Debit Card,0.00,905.51,"13,540.12"
ID16045,02-Feb-2026,Transfer,0.00,"1,320.10","20,822.47"
ID16045,26-Mar-2026,Direct Deposit,"3,101.96",0.00,"52,321.20"
ID16045,29-Jan-2026,Charge,0.00,392.50,"55,212.74"
ID16045,10-Feb-2026,Reversal,0.00,210.92,"13,499.30"
ID16045,27-Jan-2026,ATM Withdrawal,0.00,923.98,"47,284.87"
ID16045,07-Mar-2026,Interest,139.71,0.00,"48,151.88"
ID16045,14-Jan-2026,Payment,"1,036.69",0.00,"70,911.64"
ID16045,22-Mar-2026,Interest,478.08,0.00,"59,289.43"
ID16045,29-Jan-2026,Debit Card,0.00,871.31,"13,236.99"
ID16045,08-Mar-2026,Charge,0.00,582.48,"27,241.66"
ID16045,04-Mar-2026,Direct Deposit,"2,992.15",0.00,"65,576.79"
ID16045,31-Mar-2026,Payment,979.00,0.00,"4,075.43"
ID16045,10-Mar-2026,Charge,0.00,24.91,"43,211.64"
ID16045,20-Jan-2026,Transfer,"1,444.35",0.00,"97,959.73"
ID16045,16-Mar-2026,Debit Card,0.00,558.52,"31,958.49"
ID16046,15-Mar-2026,Reversal,0.00,"1,477.37","24,584.26"
ID16046,13-Mar-2026,Transfer,220.37,0.00,"36,752.60"
ID16046,23-Feb-2026,Direct Deposit,"4,228.08",0.00,"53,312.24"
ID16046,13-Mar-2026,Direct Deposit,657.91,0.00,"98,729.05"
ID16046,02-Feb-2026,ATM Withdrawal,0.00,436.18,"46,480.93"
ID16046,31-Jan-2026,Reversal,"1,134.90",0.00,"82,926.96"
ID16046,08-Mar-2026,Direct Deposit,"1,145.39",0.00,"49,835.40"
ID16046,03-Apr-2026,Interest,176.16,0.00,"53,264.90"
ID16046,05-Jan-2026,Direct Deposit,650.97,0.00,"9,514.34"
ID16046,23-Mar-2026,Charge,0.00,843.16,"13,173.49"
ID16046,21-Mar-2026,Debit Card,0.00,889.17,"4,226.42"
ID16046,17-Feb-2026,Reversal,0.00,"1,119.01","72,209.55"
ID16046,06-Mar-2026,Charge,0.00,527.36,"9,157.55"
ID16046,07-Feb-2026,Direct Deposit,"1,296.89",0.00,"72,054.24"
ID16046,29-Jan-2026,Debit Card,0.00,772.38,"19,450.64"
ID16046,05-Feb-2026,Interest,52.63,0.00,"17,626.11"
ID16046,09-Mar-2026,Payment,964.09,0.00,"38,888.47"
ID16046,30-Mar-2026,Interest,48.37,0.00,"60,164.43"
ID16046,11-Jan-2026,Direct Deposit,884.70,0.00,"27,318.77"
ID16046,09-Feb-2026,Transfer,"1,102.86",0.00,"66,178.87"
ID16047,03-Mar-2026,Transfer,452.78,0.00,"11,557.01"
ID16047,08-Jan-2026,Reversal,454.72,0.00,"29,393.95"
ID16047,07-Feb-2026,Direct Deposit,"1,790.40",0.00,"89,204.16"
ID16047,04-Feb-2026,Debit Card,0.00,230.64,"21,530.25"
ID16047,31-Jan-2026,Payment,0.00,917.69,"59,867.19"
ID16047,26-Mar-2026,Debit Card,0.00,465.31,"88,237.66"
ID16047,05-Jan-2026,Charge,0.00,719.13,"37,607.89"
ID16047,26-Jan-2026,Direct Deposit,"3,256.82",0.00,"62,007.88"
ID16047,20-Mar-2026,Transfer,0.00,513.18,"10,978.45"
ID16047,28-Mar-2026,Reversal,0.00,382.59,"39,208.61"
ID16047,20-Feb-2026,Payment,0.00,812.04,"90,555.97"
ID16047,19-Jan-2026,Interest,326.51,0.00,"10,387.63"
ID16047,08-Jan-2026,Charge,0.00,348.98,"93,736.18"
ID16047,05-Mar-2026,Reversal,"1,348.71",0.00,"61,579.83"
ID16047,20-Mar-2026,Transfer,0.00,875.22,"49,883.75"
ID16047,05-Mar-2026,Transfer,"1,953.89",0.00,"29,422.43"
ID16047,12-Mar-2026,Charge,0.00,417.67,"51,622.95"
ID16047,23-Mar-2026,ATM Withdrawal,0.00,67.72,"55,582.99"
ID16047,28-Mar-2026,Charge,0.00,826.86,"46,223.74"
ID16047,24-Feb-2026,Transfer,154.25,0.00,"51,046.61"
ID16048,07-Jan-2026,ATM Withdrawal,0.00,710.81,"60,128.17"
ID16048,24-Mar-2026,Direct Deposit,"4,080.68",0.00,"75,682.86"
ID16048,31-Mar-2026,Debit Card,0.00,375.76,"43,146.32"
ID16048,24-Jan-2026,Reversal,0.00,"1,381.74","96,144.21"
ID16048,26-Jan-2026,ATM Withdrawal,0.00,323.73,"20,511.74"
ID16048,25-Feb-2026,Transfer,"1,387.05",0.00,"47,139.74"
ID16048,14-Feb-2026,Debit Card,0.00,600.97,"98,178.21"
ID16048,03-Feb-2026,Direct Deposit,"4,319.18",0.00,"94,749.74"
ID16048,26-Jan-2026,ATM Withdrawal,0.00,190.46,"97,675.27"
ID16048,22-Jan-2026,Transfer,0.00,889.88,"78,869.95"
ID16048,10-Feb-2026,Transfer,"1,311.45",0.00,"2,042.63"
ID16048,24-Mar-2026,Interest,85.92,0.00,"58,256.97"
ID16048,18-Feb-2026,Transfer,0.00,418.62,"3,364.33"
ID16048,02-Feb-2026,Payment,0.00,"1,010.07","64,540.90"
ID16048,07-Jan-2026,ATM Withdrawal,0.00,695.01,"22,911.66"
ID16048,15-Mar-2026,Direct Deposit,"3,250.91",0.00,"50,344.47"
ID16048,20-Feb-2026,Payment,191.36,0.00,"82,051.88"
ID16048,10-Feb-2026,Payment,0.00,491.15,"57,356.90"
ID16048,16-Jan-2026,Payment,0.00,515.00,"15,565.33"
ID16048,02-Apr-2026,Payment,0.00,817.22,"66,140.85"
ID16049,12-Jan-2026,ATM Withdrawal,0.00,213.03,"89,120.65"
ID16049,13-Mar-2026,Transfer,274.91,0.00,"49,003.74"
ID16049,02-Feb-2026,Charge,0.00,32.33,"95,884.44"
ID16049,03-Feb-2026,Debit Card,0.00,51.29,"71,494.39"
ID16049,17-Feb-2026,Charge,0.00,924.91,"41,396.24"
ID16049,10-Jan-2026,Payment,"1,989.52",0.00,"1,877.86"
ID16049,14-Feb-2026,Payment,"1,541.41",0.00,"84,982.86"
ID16049,11-Feb-2026,ATM Withdrawal,0.00,740.01,"84,680.22"
ID16049,19-Feb-2026,Interest,123.75,0.00,"88,385.31"
ID16049,10-Feb-2026,Direct Deposit,667.87,0.00,"7,196.07"
ID16049,24-Jan-2026,Transfer,"1,080.14",0.00,"4,782.41"
ID16049,05-Feb-2026,Interest,169.27,0.00,"78,621.25"
ID16049,23-Jan-2026,ATM Withdrawal,0.00,623.83,"94,802.08"
ID16049,01-Apr-2026,ATM Withdrawal,0.00,86.65,"37,290.13"
ID16049,13-Jan-2026,Charge,0.00,821.28,"63,313.22"
ID16049,03-Mar-2026,ATM Withdrawal,0.00,240.68,"38,310.77"
ID16049,03-Feb-2026,Payment,0.00,842.54,"44,987.15"
ID16049,11-Mar-2026,Charge,0.00,816.09,"91,732.49"
ID16049,19-Mar-2026,Interest,205.98,0.00,"35,787.64"
ID16049,29-Jan-2026,Direct Deposit,"4,991.27",0.00,"49,170.73"
ID16050,09-Feb-2026,Reversal,0.00,181.91,"16,978.07"
ID16050,20-Jan-2026,Direct Deposit,"1,756.61",0.00,"27,008.52"
ID16050,31-Mar-2026,Debit Card,0.00,454.80,"5,061.80"
ID16050,17-Jan-2026,Reversal,0.00,227.94,"87,955.57"
ID16050,14-Jan-2026,Direct Deposit,"4,259.21",0.00,"74,311.45"
ID16050,07-Jan-2026,Payment,"1,874.27",0.00,"80,864.90"
ID16050,07-Mar-2026,Interest,169.53,0.00,"84,430.16"
ID16050,21-Feb-2026,Payment,"1,695.81",0.00,"58,795.57"
ID16050,27-Mar-2026,Direct Deposit,"2,928.30",0.00,"5,149.63"
ID16050,17-Mar-2026,ATM Withdrawal,0.00,354.82,"77,067.15"
ID16050,15-Mar-2026,Interest,372.23,0.00,"63,388.95"
ID16050,03-Mar-2026,Charge,0.00,966.38,"28,636.82"
ID16050,25-Feb-2026,Charge,0.00,615.25,"78,718.84"
ID16050,03-Feb-2026,Transfer,0.00,863.07,"25,988.39"
ID16050,14-Jan-2026,Interest,37.19,0.00,"28,331.62"
ID16050,27-Jan-2026,Payment,0.00,413.75,"99,472.43"
ID16050,04-Feb-2026,Interest,101.37,0.00,"31,504.82"
ID16050,24-Mar-2026,Interest,198.79,0.00,"2,983.58"
ID16050,31-Mar-2026,Interest,14.82,0.00,"50,074.72"
ID16050,15-Mar-2026,ATM Withdrawal,0.00,412.52,"48,466.56"
ID16051,21-Jan-2026,Debit Card,0.00,400.07,"79,991.97"
ID16051,06-Feb-2026,Direct Deposit,"2,709.58",0.00,"82,749.20"
ID16051,31-Mar-2026,Reversal,0.00,872.49,"35,887.41"
ID16051,14-Mar-2026,Charge,0.00,760.56,"28,312.74"
ID16051,11-Mar-2026,Direct Deposit,"4,772.09",0.00,"45,304.80"
ID16051,20-Jan-2026,Reversal,0.00,"1,257.86","32,051.74"
ID16051,11-Mar-2026,Reversal,0.00,263.00,"98,586.34"
ID16051,27-Mar-2026,Direct Deposit,564.82,0.00,"33,461.49"
ID16051,03-Jan-2026,Direct Deposit,"2,671.48",0.00,"80,601.09"
ID16051,25-Feb-2026,Transfer,849.50,0.00,"20,323.31"
ID16051,20-Jan-2026,Interest,93.15,0.00,"11,669.67"
ID16051,10-Mar-2026,Debit Card,0.00,26.70,"4,835.71"
ID16051,05-Jan-2026,Reversal,0.00,"1,054.34","78,163.44"
ID16051,24-Feb-2026,Interest,103.19,0.00,"5,588.08"
ID16051,12-Mar-2026,Transfer,"1,490.33",0.00,"51,872.16"
ID16051,06-Feb-2026,Reversal,672.15,0.00,"98,190.91"
ID16051,18-Jan-2026,Debit Card,0.00,981.97,"78,563.86"
ID16051,01-Feb-2026,ATM Withdrawal,0.00,515.41,"97,021.78"
ID16051,24-Jan-2026,Reversal,0.00,"1,052.05","45,570.93"
ID16051,10-Jan-2026,ATM Withdrawal,0.00,352.42,"61,051.33"
ID16052,03-Apr-2026,Direct Deposit,"2,989.53",0.00,"29,140.35"
ID16052,18-Jan-2026,Direct Deposit,"1,641.30",0.00,"5,046.03"
ID16052,03-Mar-2026,Interest,18.96,0.00,"81,542.98"
ID16052,08-Jan-2026,ATM Withdrawal,0.00,550.91,"96,325.79"
ID16052,15-Jan-2026,Reversal,"1,843.08",0.00,"27,840.33"
ID16052,24-Feb-2026,Interest,143.49,0.00,"10,276.20"
ID16052,15-Mar-2026,Payment,0.00,"1,465.44","43,019.80"
ID16052,06-Mar-2026,Payment,0.00,"1,412.67","86,506.67"
ID16052,28-Feb-2026,Direct Deposit,"4,974.01",0.00,"34,970.12"
ID16052,21-Feb-2026,Reversal,0.00,68.07,"27,012.67"
ID16052,06-Feb-2026,Payment,0.00,"1,255.59","45,745.29"
ID16052,18-Feb-2026,Charge,0.00,722.20,"82,557.15"
ID16052,08-Jan-2026,Payment,0.00,156.30,"40,419.65"
ID16052,28-Jan-2026,Direct Deposit,653.92,0.00,"12,458.01"
ID16052,17-Jan-2026,ATM Withdrawal,0.00,751.84,"48,980.81"
ID16052,05-Mar-2026,Debit Card,0.00,265.68,"87,484.65"
ID16052,26-Jan-2026,ATM Withdrawal,0.00,335.14,"20,129.25"
ID16052,03-Apr-2026,Debit Card,0.00,501.20,"80,800.25"
ID16052,10-Mar-2026,Reversal,0.00,"1,253.27","61,993.11"
ID16052,14-Jan-2026,Direct Deposit,"3,378.34",0.00,"60,492.56"
ID16053,19-Jan-2026,Charge,0.00,71.17,"43,712.45"
ID16053,21-Jan-2026,Debit Card,0.00,532.81,"37,707.96"
ID16053,17-Mar-2026,Interest,454.82,0.00,"44,178.22"
ID16053,27-Feb-2026,Payment,"1,252.44",0.00,"53,189.65"
ID16053,05-Jan-2026,ATM Withdrawal,0.00,459.48,"34,272.89"
ID16053,03-Apr-2026,Transfer,0.00,229.24,"24,046.08"
ID16053,08-Feb-2026,Payment,"1,470.16",0.00,"13,832.65"
ID16053,29-Jan-2026,Debit Card,0.00,936.03,"88,583.01"
ID16053,10-Mar-2026,Direct Deposit,"1,536.05",0.00,"2,848.23"
ID16053,20-Mar-2026,Debit Card,0.00,219.23,"17,690.90"
ID16053,20-Jan-2026,ATM Withdrawal,0.00,290.72,"83,769.44"
ID16053,02-Feb-2026,Debit Card,0.00,568.32,"48,703.71"
ID16053,23-Mar-2026,Reversal,0.00,450.45,"95,513.92"
ID16053,22-Mar-2026,ATM Withdrawal,0.00,887.35,"44,972.36"
ID16053,02-Mar-2026,ATM Withdrawal,0.00,118.84,"18,206.23"
ID16053,21-Jan-2026,ATM Withdrawal,0.00,607.29,"58,615.64"
ID16053,02-Apr-2026,Interest,108.11,0.00,"49,489.24"
ID16053,18-Mar-2026,Debit Card,0.00,785.40,"18,842.40"
ID16053,27-Jan-2026,Payment,314.99,0.00,"6,326.72"
ID16053,17-Feb-2026,ATM Withdrawal,0.00,829.68,"3,356.68"
ID16054,01-Mar-2026,Charge,0.00,344.87,"91,195.08"
ID16054,17-Jan-2026,Payment,0.00,"1,426.74","14,277.31"
ID16054,03-Mar-2026,Charge,0.00,291.79,"54,540.84"
ID16054,19-Jan-2026,Charge,0.00,795.23,"40,528.52"
ID16054,09-Mar-2026,Interest,479.88,0.00,"95,625.45"
ID16054,21-Mar-2026,Debit Card,0.00,468.09,"46,358.69"
ID16054,03-Mar-2026,Interest,50.61,0.00,"2,278.31"
ID16054,09-Feb-2026,Direct Deposit,"4,737.49",0.00,"76,033.19"
ID16054,13-Jan-2026,Interest,58.14,0.00,"59,175.54"
ID16054,30-Mar-2026,Reversal,"1,727.61",0.00,"96,704.80"
ID16054,19-Jan-2026,Interest,220.16,0.00,"32,590.96"
ID16054,13-Feb-2026,Direct Deposit,"2,323.38",0.00,"20,286.00"
ID16054,30-Jan-2026,Debit Card,0.00,554.63,"55,973.82"
ID16054,24-Jan-2026,Transfer,"1,065.09",0.00,"91,596.35"
ID16054,20-Jan-2026,Transfer,"1,875.32",0.00,"40,523.93"
ID16054,05-Feb-2026,Reversal,0.00,325.41,"13,590.01"
ID16054,14-Jan-2026,Reversal,"1,011.25",0.00,"3,716.74"
ID16054,02-Feb-2026,Debit Card,0.00,122.01,"97,078.83"
ID16054,06-Feb-2026,ATM Withdrawal,0.00,858.37,"83,468.74"
ID16054,15-Jan-2026,ATM Withdrawal,0.00,368.51,"66,484.88"
ID16055,01-Feb-2026,Interest,497.62,0.00,"55,850.53"
ID16055,26-Feb-2026,Interest,79.86,0.00,"8,151.56"
ID16055,21-Feb-2026,Payment,0.00,"1,002.44","4,544.70"
ID16055,14-Jan-2026,Reversal,0.00,342.00,"83,483.89"
ID16055,31-Mar-2026,Direct Deposit,"3,279.19",0.00,"67,030.57"
ID16055,21-Feb-2026,ATM Withdrawal,0.00,641.55,"13,957.80"
ID16055,18-Jan-2026,Interest,404.60,0.00,"74,752.51"
ID16055,30-Mar-2026,Interest,30.30,0.00,"95,926.15"
ID16055,17-Jan-2026,Charge,0.00,861.38,"97,418.99"
ID16055,18-Jan-2026,Transfer,882.52,0.00,"54,081.16"
ID16055,23-Jan-2026,Transfer,317.60,0.00,"73,867.32"
ID16055,18-Feb-2026,Payment,0.00,54.39,"6,482.62"
ID16055,19-Mar-2026,Payment,"1,569.88",0.00,"51,782.98"
ID16055,05-Mar-2026,Reversal,701.93,0.00,"45,492.86"
ID16055,29-Jan-2026,Interest,202.13,0.00,"40,160.69"
ID16055,17-Jan-2026,Direct Deposit,"1,090.39",0.00,"98,070.88"
ID16055,12-Mar-2026,Debit Card,0.00,121.81,"46,181.14"
ID16055,03-Apr-2026,Reversal,0.00,"1,497.74","36,878.20"
ID16055,01-Mar-2026,Reversal,0.00,"1,101.92","82,056.90"
ID16055,03-Jan-2026,ATM Withdrawal,0.00,421.87,"91,756.44"
ID16056,21-Mar-2026,Debit Card,0.00,840.84,"39,158.69"
ID16056,19-Jan-2026,Interest,29.92,0.00,"86,379.55"
ID16056,27-Feb-2026,Interest,202.41,0.00,"86,607.15"
ID16056,14-Jan-2026,Charge,0.00,289.39,"22,417.12"
ID16056,02-Mar-2026,Direct Deposit,"4,312.37",0.00,"3,369.05"
ID16056,05-Mar-2026,Transfer,0.00,"1,420.64","76,950.28"
ID16056,14-Feb-2026,Reversal,210.51,0.00,"75,661.50"
ID16056,19-Jan-2026,Direct Deposit,"4,014.62",0.00,"39,860.34"
ID16056,13-Mar-2026,Reversal,608.10,0.00,"60,237.05"
ID16056,28-Jan-2026,ATM Withdrawal,0.00,54.00,"68,732.54"
ID16056,08-Jan-2026,Reversal,0.00,661.49,"26,923.82"
ID16056,09-Mar-2026,ATM Withdrawal,0.00,485.21,"62,378.93"
ID16056,07-Jan-2026,Charge,0.00,572.72,"52,582.00"
ID16056,20-Jan-2026,Transfer,"1,033.44",0.00,"1,141.57"
ID16056,17-Jan-2026,Payment,753.54,0.00,"85,319.90"
ID16056,11-Feb-2026,Charge,0.00,78.97,"11,669.27"
ID16056,09-Jan-2026,Reversal,"1,640.71",0.00,"12,915.53"
ID16056,28-Feb-2026,Interest,228.36,0.00,"95,050.38"
ID16056,06-Mar-2026,ATM Withdrawal,0.00,492.75,"34,481.76"
ID16056,11-Feb-2026,Interest,458.75,0.00,"83,442.94"
ID16057,29-Jan-2026,Interest,77.80,0.00,"81,146.66"
ID16057,15-Feb-2026,Charge,0.00,525.64,"74,885.48"
ID16057,31-Mar-2026,Reversal,378.28,0.00,"89,682.62"
ID16057,27-Jan-2026,Reversal,0.00,908.68,"11,055.53"
ID16057,02-Mar-2026,Payment,"1,774.63",0.00,"31,284.64"
ID16057,03-Jan-2026,Charge,0.00,360.91,"34,600.87"
ID16057,01-Mar-2026,Interest,174.60,0.00,"10,050.95"
ID16057,30-Jan-2026,Transfer,940.46,0.00,"15,438.08"
ID16057,05-Mar-2026,Charge,0.00,69.40,"20,000.70"
ID16057,01-Mar-2026,Payment,0.00,564.35,"30,128.33"
ID16057,19-Jan-2026,Direct Deposit,"3,654.89",0.00,"11,404.25"
ID16057,13-Jan-2026,ATM Withdrawal,0.00,207.42,"51,607.58"
ID16057,22-Jan-2026,Interest,191.98,0.00,"9,485.26"
ID16057,02-Apr-2026,Interest,466.72,0.00,"36,411.99"
ID16057,20-Mar-2026,ATM Withdrawal,0.00,21.53,"59,685.71"
ID16057,07-Jan-2026,Charge,0.00,232.26,"88,583.90"
ID16057,16-Mar-2026,Reversal,0.00,192.43,"15,882.38"
ID16057,26-Jan-2026,Reversal,"1,678.77",0.00,"59,919.16"
ID16057,11-Mar-2026,Direct Deposit,"2,548.32",0.00,"30,932.27"
ID16057,02-Mar-2026,Interest,55.95,0.00,"45,526.61"
ID16058,11-Jan-2026,Payment,0.00,"1,095.82","69,362.20"
ID16058,07-Feb-2026,ATM Withdrawal,0.00,234.58,"13,245.05"
ID16058,17-Jan-2026,Debit Card,0.00,485.19,"24,977.50"
ID16058,25-Mar-2026,Debit Card,0.00,827.64,"77,233.98"
ID16058,07-Jan-2026,Interest,425.61,0.00,"47,533.67"
ID16058,13-Mar-2026,Transfer,0.00,602.25,"78,752.34"
ID16058,28-Mar-2026,Direct Deposit,860.01,0.00,"6,204.13"
ID16058,25-Jan-2026,ATM Withdrawal,0.00,719.73,"34,596.95"
ID16058,13-Jan-2026,ATM Withdrawal,0.00,510.68,"11,003.93"
ID16058,06-Feb-2026,Reversal,0.00,375.61,"68,078.26"
ID16058,20-Jan-2026,Direct Deposit,"3,420.74",0.00,"16,783.71"
ID16058,24-Jan-2026,Debit Card,0.00,13.13,"87,700.14"
ID16058,15-Mar-2026,Debit Card,0.00,392.77,"90,321.39"
ID16058,18-Mar-2026,Reversal,242.58,0.00,"94,637.74"
ID16058,16-Mar-2026,Transfer,0.00,916.06,"82,848.35"
ID16058,19-Jan-2026,Reversal,0.00,953.58,"9,551.85"
ID16058,18-Feb-2026,Charge,0.00,380.08,"85,990.51"
ID16058,05-Feb-2026,Reversal,0.00,"1,490.79","53,544.99"
ID16058,22-Jan-2026,Reversal,"1,353.28",0.00,"19,503.96"
ID16058,26-Feb-2026,Payment,"1,412.23",0.00,"92,103.16"
ID16059,25-Feb-2026,Payment,"1,256.61",0.00,"63,351.34"
ID16059,22-Mar-2026,Debit Card,0.00,868.55,"91,426.35"
ID16059,11-Mar-2026,Reversal,429.61,0.00,"10,451.90"
ID16059,07-Mar-2026,Charge,0.00,397.70,"55,891.83"
ID16059,09-Jan-2026,ATM Withdrawal,0.00,969.99,"29,915.15"
ID16059,15-Feb-2026,Direct Deposit,"2,927.36",0.00,"95,220.98"
ID16059,23-Jan-2026,Charge,0.00,12.68,"1,207.75"
ID16059,08-Mar-2026,Payment,"1,944.31",0.00,"27,746.76"
ID16059,10-Jan-2026,Interest,249.86,0.00,"85,838.58"
ID16059,19-Feb-2026,Charge,0.00,458.50,"18,812.19"
ID16059,05-Mar-2026,Transfer,0.00,316.93,"15,902.29"
ID16059,01-Mar-2026,Transfer,0.00,728.00,"88,651.49"
ID16059,13-Mar-2026,Debit Card,0.00,953.77,"96,315.36"
ID16059,08-Feb-2026,Transfer,553.85,0.00,"46,722.56"
ID16059,28-Feb-2026,Reversal,331.23,0.00,"62,970.73"
ID16059,14-Feb-2026,Direct Deposit,"4,117.03",0.00,"43,801.28"
ID16059,09-Mar-2026,Charge,0.00,768.87,"96,212.69"
ID16059,23-Jan-2026,Payment,0.00,322.35,"4,843.92"
ID16059,21-Feb-2026,Reversal,"1,715.86",0.00,"39,453.68"
ID16059,18-Mar-2026,Direct Deposit,"3,633.34",0.00,"87,010.30"
ID16060,10-Feb-2026,ATM Withdrawal,0.00,696.49,"45,324.54"
ID16060,11-Jan-2026,Interest,479.83,0.00,"2,692.63"
ID16060,18-Jan-2026,Payment,0.00,367.15,"43,850.12"
ID16060,23-Feb-2026,ATM Withdrawal,0.00,243.63,"88,075.57"
ID16060,19-Jan-2026,Transfer,0.00,114.75,"4,664.29"
ID16060,17-Feb-2026,Reversal,0.00,"1,389.89","12,959.05"
ID16060,01-Feb-2026,Payment,"1,564.42",0.00,"27,717.84"
ID16060,25-Mar-2026,Interest,440.45,0.00,"9,198.21"
ID16060,08-Feb-2026,ATM Withdrawal,0.00,755.30,"90,145.20"
ID16060,26-Jan-2026,Debit Card,0.00,986.32,"65,347.96"
ID16060,14-Feb-2026,Reversal,"1,773.86",0.00,"2,049.65"
ID16060,11-Feb-2026,Interest,243.78,0.00,"96,686.57"
ID16060,15-Feb-2026,Transfer,0.00,642.82,"38,918.81"
ID16060,22-Mar-2026,Payment,"1,173.52",0.00,"78,569.27"
ID16060,23-Feb-2026,ATM Withdrawal,0.00,114.50,"32,775.88"
ID16060,27-Feb-2026,Reversal,0.00,363.00,"36,903.79"
ID16060,02-Feb-2026,Charge,0.00,624.60,"20,751.87"
ID16060,27-Feb-2026,ATM Withdrawal,0.00,204.85,"60,221.43"
ID16060,03-Feb-2026,Reversal,0.00,"1,187.90","33,030.51"
ID16060,06-Feb-2026,Debit Card,0.00,804.95,"61,652.21"
ID16061,03-Jan-2026,Transfer,0.00,433.95,"89,742.83"
ID16061,18-Jan-2026,Interest,469.05,0.00,"61,504.54"
ID16061,01-Apr-2026,Debit Card,0.00,641.60,"88,864.34"
ID16061,01-Mar-2026,Reversal,0.00,"1,063.71","55,202.62"
ID16061,02-Feb-2026,Charge,0.00,125.62,"37,226.45"
ID16061,04-Feb-2026,Transfer,"1,540.01",0.00,"77,161.47"
ID16061,07-Jan-2026,Direct Deposit,"2,671.96",0.00,"34,823.86"
ID16061,05-Jan-2026,Debit Card,0.00,532.49,"67,106.97"
ID16061,15-Feb-2026,Transfer,0.00,"1,155.51","97,889.95"
ID16061,09-Jan-2026,Interest,12.92,0.00,"37,249.89"
ID16061,25-Feb-2026,Payment,0.00,832.71,"15,239.77"
ID16061,05-Jan-2026,Interest,337.83,0.00,"94,435.76"
ID16061,14-Mar-2026,Interest,317.13,0.00,"82,994.12"
ID16061,03-Apr-2026,Interest,361.67,0.00,"84,576.34"
ID16061,22-Feb-2026,Reversal,"1,316.42",0.00,"17,442.56"
ID16061,23-Mar-2026,Reversal,0.00,100.68,"69,306.19"
ID16061,31-Jan-2026,Reversal,607.40,0.00,"14,195.68"
ID16061,12-Jan-2026,Transfer,"1,125.55",0.00,"11,251.58"
ID16061,10-Jan-2026,Debit Card,0.00,400.23,"57,575.76"
ID16061,10-Feb-2026,Interest,230.49,0.00,"59,702.03"
ID16062,18-Feb-2026,Direct Deposit,"2,505.46",0.00,"52,210.44"
ID16062,17-Feb-2026,Reversal,830.48,0.00,"60,261.78"
ID16062,30-Mar-2026,Direct Deposit,"1,558.40",0.00,"51,285.19"
ID16062,09-Jan-2026,Interest,70.35,0.00,"12,094.79"
ID16062,07-Jan-2026,Payment,0.00,759.53,"59,600.62"
ID16062,05-Feb-2026,Charge,0.00,995.76,"49,406.24"
ID16062,14-Mar-2026,Transfer,0.00,229.95,"73,467.92"
ID16062,05-Feb-2026,Direct Deposit,"2,870.31",0.00,"24,712.10"
ID16062,08-Feb-2026,Direct Deposit,"1,409.31",0.00,"58,669.78"
ID16062,21-Jan-2026,Transfer,872.07,0.00,"20,347.80"
ID16062,25-Jan-2026,Debit Card,0.00,529.90,"88,669.37"
ID16062,03-Jan-2026,Reversal,0.00,160.30,"39,023.08"
ID16062,09-Mar-2026,Direct Deposit,"2,358.58",0.00,"25,811.25"
ID16062,14-Mar-2026,Reversal,0.00,250.02,"76,747.95"
ID16062,20-Mar-2026,ATM Withdrawal,0.00,101.96,"41,075.21"
ID16062,24-Feb-2026,Interest,10.12,0.00,"4,564.25"
ID16062,07-Jan-2026,Charge,0.00,680.60,"60,261.05"
ID16062,22-Mar-2026,Reversal,"1,023.56",0.00,"85,438.86"
ID16062,04-Feb-2026,Payment,0.00,767.79,"30,910.20"
ID16062,03-Jan-2026,Reversal,0.00,631.49,"52,910.80"
ID16063,24-Feb-2026,Debit Card,0.00,871.37,"67,552.34"
ID16063,03-Jan-2026,Direct Deposit,"2,109.67",0.00,"78,265.12"
ID16063,02-Feb-2026,Payment,332.01,0.00,"7,003.12"
ID16063,15-Mar-2026,Charge,0.00,680.29,"58,551.20"
ID16063,20-Jan-2026,Debit Card,0.00,684.19,"93,656.20"
ID16063,26-Jan-2026,ATM Withdrawal,0.00,169.92,"27,822.34"
ID16063,22-Mar-2026,Transfer,779.52,0.00,"87,691.99"
ID16063,18-Mar-2026,ATM Withdrawal,0.00,449.18,"94,323.42"
ID16063,15-Mar-2026,Reversal,326.89,0.00,"2,239.04"
ID16063,09-Mar-2026,ATM Withdrawal,0.00,674.15,"87,356.40"
ID16063,03-Mar-2026,Transfer,0.00,72.78,"75,389.02"
ID16063,10-Jan-2026,Direct Deposit,"2,337.26",0.00,"56,332.43"
ID16063,01-Apr-2026,Charge,0.00,836.36,"62,059.21"
ID16063,17-Feb-2026,Direct Deposit,"4,390.20",0.00,"8,872.58"
ID16063,14-Jan-2026,Interest,169.98,0.00,"34,044.70"
ID16063,19-Feb-2026,Transfer,0.00,952.26,"40,172.09"
ID16063,21-Jan-2026,Debit Card,0.00,584.75,"52,336.08"
ID16063,15-Feb-2026,ATM Withdrawal,0.00,48.35,"2,513.25"
ID16063,27-Feb-2026,Debit Card,0.00,458.42,"45,626.60"
ID16063,17-Mar-2026,ATM Withdrawal,0.00,16.81,"59,242.60"
ID16064,29-Jan-2026,ATM Withdrawal,0.00,445.70,"57,169.35"
ID16064,10-Jan-2026,Charge,0.00,52.60,"27,419.61"
ID16064,11-Feb-2026,Transfer,"1,368.64",0.00,"7,362.17"
ID16064,23-Jan-2026,Interest,207.12,0.00,"93,507.21"
ID16064,08-Jan-2026,Direct Deposit,"3,109.38",0.00,"26,224.26"
ID16064,07-Mar-2026,Transfer,"1,841.95",0.00,"88,572.38"
ID16064,25-Jan-2026,Reversal,0.00,"1,448.83","53,720.20"
ID16064,14-Jan-2026,Reversal,0.00,"1,169.22","47,603.80"
ID16064,24-Jan-2026,Debit Card,0.00,676.49,"31,868.05"
ID16064,12-Mar-2026,Reversal,0.00,409.46,"20,820.32"
ID16064,28-Feb-2026,Debit Card,0.00,437.26,"69,344.01"
ID16064,27-Mar-2026,Charge,0.00,299.04,"92,895.30"
ID16064,03-Jan-2026,Interest,184.32,0.00,"96,292.46"
ID16064,26-Jan-2026,Reversal,0.00,858.40,"59,911.86"
ID16064,15-Jan-2026,Debit Card,0.00,280.41,"12,531.16"
ID16064,03-Jan-2026,Debit Card,0.00,92.74,"24,456.92"
ID16064,30-Jan-2026,ATM Withdrawal,0.00,805.75,"59,699.55"
ID16064,31-Mar-2026,Debit Card,0.00,109.32,"14,846.16"
ID16064,28-Mar-2026,Charge,0.00,506.58,"50,949.14"
ID16064,10-Feb-2026,Direct Deposit,"3,539.75",0.00,"30,238.78"
ID16065,07-Feb-2026,Transfer,0.00,500.21,"76,732.71"
ID16065,08-Mar-2026,Payment,"1,170.93",0.00,"58,754.59"
ID16065,27-Feb-2026,Charge,0.00,130.37,"25,478.02"
ID16065,15-Mar-2026,Payment,"1,665.24",0.00,"79,831.92"
ID16065,31-Jan-2026,Debit Card,0.00,612.49,"67,622.74"
ID16065,25-Mar-2026,Charge,0.00,417.58,"85,650.49"
ID16065,22-Feb-2026,Charge,0.00,195.13,"92,592.47"
ID16065,05-Mar-2026,ATM Withdrawal,0.00,628.02,"17,638.50"
ID16065,21-Feb-2026,Charge,0.00,399.34,"29,478.45"
ID16065,10-Feb-2026,Interest,248.79,0.00,"71,750.37"
ID16065,04-Feb-2026,Charge,0.00,614.08,"3,293.99"
ID16065,05-Jan-2026,Charge,0.00,50.95,"28,918.35"
ID16065,30-Jan-2026,Reversal,"1,976.99",0.00,"34,344.94"
ID16065,10-Feb-2026,Reversal,0.00,58.93,"82,613.76"
ID16065,28-Mar-2026,Charge,0.00,318.51,"27,282.09"
ID16065,07-Mar-2026,Debit Card,0.00,500.09,"57,041.37"
ID16065,03-Feb-2026,Interest,322.36,0.00,"33,071.04"
ID16065,27-Jan-2026,Payment,0.00,108.85,"52,567.88"
ID16065,02-Apr-2026,ATM Withdrawal,0.00,316.35,"53,346.87"
ID16065,30-Jan-2026,Debit Card,0.00,148.06,"3,003.76"
ID16066,03-Mar-2026,Reversal,180.00,0.00,"54,253.83"
ID16066,17-Feb-2026,Interest,17.97,0.00,"33,402.32"
ID16066,25-Feb-2026,Transfer,"1,305.81",0.00,"7,125.28"
ID16066,11-Feb-2026,Charge,0.00,455.89,"43,850.60"
ID16066,10-Feb-2026,ATM Withdrawal,0.00,735.61,"91,005.11"
ID16066,04-Mar-2026,Transfer,0.00,"1,119.62","62,602.68"
ID16066,26-Mar-2026,ATM Withdrawal,0.00,744.06,"32,746.21"
ID16066,21-Feb-2026,ATM Withdrawal,0.00,508.29,"68,242.70"
ID16066,06-Feb-2026,Reversal,0.00,665.81,"97,573.79"
ID16066,14-Jan-2026,Charge,0.00,836.81,"43,476.39"
ID16066,08-Mar-2026,ATM Withdrawal,0.00,15.77,"45,759.68"
ID16066,19-Feb-2026,Direct Deposit,"2,053.44",0.00,"48,131.98"
ID16066,21-Jan-2026,Direct Deposit,"4,344.68",0.00,"80,963.91"
ID16066,20-Mar-2026,Charge,0.00,750.55,"17,671.02"
ID16066,12-Jan-2026,Direct Deposit,"4,631.78",0.00,"37,678.53"
ID16066,27-Mar-2026,Transfer,0.00,122.26,"65,416.09"
ID16066,21-Mar-2026,Transfer,"1,729.26",0.00,"17,408.24"
ID16066,27-Feb-2026,Charge,0.00,211.98,"64,270.50"
ID16066,07-Feb-2026,Payment,828.02,0.00,"13,247.95"
ID16066,05-Jan-2026,Debit Card,0.00,110.60,"44,899.54"
ID16067,29-Jan-2026,Transfer,0.00,376.82,"95,167.84"
ID16067,08-Feb-2026,ATM Withdrawal,0.00,226.17,"66,138.58"
ID16067,24-Feb-2026,Reversal,"1,599.35",0.00,"81,024.54"
ID16067,06-Jan-2026,Charge,0.00,277.92,"15,855.47"
ID16067,01-Mar-2026,Payment,"1,487.89",0.00,"90,817.93"
ID16067,12-Jan-2026,Payment,733.21,0.00,"73,206.59"
ID16067,21-Mar-2026,Interest,413.71,0.00,"59,846.32"
ID16067,30-Jan-2026,Transfer,0.00,"1,427.23","49,989.36"
ID16067,20-Jan-2026,Reversal,968.45,0.00,"24,614.18"
ID16067,14-Feb-2026,Transfer,0.00,"1,478.57","60,550.60"
ID16067,31-Mar-2026,Transfer,998.51,0.00,"95,167.81"
ID16067,23-Feb-2026,Transfer,0.00,"1,273.42","40,454.61"
ID16067,26-Jan-2026,ATM Withdrawal,0.00,117.72,"63,275.64"
ID16067,23-Jan-2026,Interest,153.98,0.00,"24,030.67"
ID16067,15-Feb-2026,Interest,168.99,0.00,"70,456.45"
ID16067,25-Feb-2026,Transfer,"1,100.67",0.00,"91,680.67"
ID16067,02-Mar-2026,Charge,0.00,566.70,"27,732.66"
ID16067,25-Jan-2026,ATM Withdrawal,0.00,634.13,"30,085.30"
ID16067,13-Jan-2026,Charge,0.00,566.01,"9,854.21"
ID16067,24-Jan-2026,ATM Withdrawal,0.00,864.43,"60,151.69"
ID16068,21-Feb-2026,Charge,0.00,149.87,"72,696.30"
ID16068,13-Feb-2026,ATM Withdrawal,0.00,464.74,"63,532.79"
ID16068,29-Jan-2026,Transfer,570.03,0.00,"59,481.50"
ID16068,16-Feb-2026,Direct Deposit,"3,705.93",0.00,"96,896.54"
ID16068,16-Feb-2026,Debit Card,0.00,619.58,"63,692.79"
ID16068,28-Jan-2026,Debit Card,0.00,75.35,"82,295.24"
ID16068,29-Jan-2026,Direct Deposit,"3,634.60",0.00,"98,248.07"
ID16068,22-Mar-2026,Debit Card,0.00,984.48,"11,544.83"
ID16068,06-Feb-2026,Debit Card,0.00,545.35,"42,255.67"
ID16068,08-Jan-2026,Transfer,620.82,0.00,"65,637.01"
ID16068,24-Feb-2026,Interest,370.87,0.00,"90,081.87"
ID16068,02-Mar-2026,Debit Card,0.00,770.98,"98,837.71"
ID16068,30-Mar-2026,ATM Withdrawal,0.00,274.55,"79,822.04"
ID16068,15-Mar-2026,Direct Deposit,"2,200.63",0.00,"20,402.39"
ID16068,14-Feb-2026,Interest,271.67,0.00,"69,639.71"
ID16068,07-Jan-2026,Debit Card,0.00,408.31,"60,138.07"
ID16068,25-Feb-2026,Payment,"1,796.93",0.00,"17,175.74"
ID16068,18-Feb-2026,Transfer,0.00,571.84,"59,955.66"
ID16068,23-Jan-2026,Reversal,0.00,322.15,"27,026.55"
ID16068,08-Jan-2026,Direct Deposit,784.62,0.00,"56,298.67"
ID16069,10-Feb-2026,ATM Withdrawal,0.00,154.03,"27,679.75"
ID16069,27-Feb-2026,Payment,0.00,979.06,"60,340.36"
ID16069,19-Mar-2026,Payment,567.92,0.00,"29,217.95"
ID16069,17-Feb-2026,Charge,0.00,446.47,"38,831.08"
ID16069,14-Feb-2026,Direct Deposit,"4,722.46",0.00,"85,656.91"
ID16069,25-Jan-2026,Direct Deposit,"4,270.44",0.00,"71,162.50"
ID16069,22-Feb-2026,Interest,230.73,0.00,"9,539.81"
ID16069,17-Jan-2026,ATM Withdrawal,0.00,556.07,"29,222.81"
ID16069,08-Mar-2026,Direct Deposit,"2,487.96",0.00,"32,867.40"
ID16069,21-Feb-2026,Payment,370.07,0.00,"99,555.53"
ID16069,03-Feb-2026,Interest,402.72,0.00,"87,220.50"
ID16069,28-Jan-2026,Transfer,0.00,"1,473.88","45,603.00"
ID16069,25-Feb-2026,Interest,349.88,0.00,"42,933.81"
ID16069,05-Feb-2026,Debit Card,0.00,815.05,"4,183.61"
ID16069,05-Mar-2026,Interest,186.95,0.00,"1,285.51"
ID16069,09-Feb-2026,Transfer,"1,532.55",0.00,"24,653.28"
ID16069,25-Mar-2026,Reversal,"1,649.23",0.00,"51,195.84"
ID16069,12-Feb-2026,Transfer,"1,865.94",0.00,"44,646.69"
ID16069,15-Jan-2026,Charge,0.00,56.52,"59,841.06"
ID16069,06-Jan-2026,Interest,297.19,0.00,"61,251.26"
ID16070,27-Mar-2026,Payment,"1,607.21",0.00,"49,941.75"
ID16070,14-Jan-2026,Interest,103.49,0.00,"95,021.88"
ID16070,20-Mar-2026,Interest,259.45,0.00,"5,560.38"
ID16070,29-Jan-2026,Reversal,"1,939.70",0.00,"23,164.28"
ID16070,03-Jan-2026,ATM Withdrawal,0.00,901.03,"40,767.77"
ID16070,14-Jan-2026,Interest,353.89,0.00,"72,839.36"
ID16070,25-Mar-2026,Interest,21.97,0.00,"24,070.43"
ID16070,08-Feb-2026,ATM Withdrawal,0.00,542.04,"76,952.10"
ID16070,21-Mar-2026,Debit Card,0.00,302.49,"65,944.56"
ID16070,06-Feb-2026,Reversal,162.30,0.00,"52,382.35"
ID16070,27-Feb-2026,Payment,0.00,795.25,"55,612.28"
ID16070,04-Mar-2026,Payment,"1,877.10",0.00,"9,436.74"
ID16070,28-Feb-2026,Payment,486.73,0.00,"82,985.42"
ID16070,20-Jan-2026,Debit Card,0.00,473.12,"78,782.65"
ID16070,12-Feb-2026,Reversal,"1,073.45",0.00,"64,219.79"
ID16070,05-Jan-2026,Charge,0.00,634.71,"87,167.45"
ID16070,20-Jan-2026,ATM Withdrawal,0.00,111.82,"63,111.37"
ID16070,03-Mar-2026,Transfer,0.00,245.82,"58,631.83"
ID16070,17-Jan-2026,ATM Withdrawal,0.00,243.87,"59,754.98"
ID16070,02-Feb-2026,Debit Card,0.00,511.94,"91,785.02"
ID16071,21-Jan-2026,Interest,153.89,0.00,"37,394.22"
ID16071,28-Feb-2026,Payment,765.83,0.00,"89,413.00"
ID16071,14-Feb-2026,Direct Deposit,"4,626.87",0.00,"6,147.86"
ID16071,16-Mar-2026,Direct Deposit,"4,093.19",0.00,"88,271.00"
ID16071,09-Jan-2026,Reversal,0.00,"1,445.12","76,675.47"
ID16071,30-Mar-2026,Charge,0.00,983.84,"93,031.36"
ID16071,31-Mar-2026,ATM Withdrawal,0.00,950.46,"3,397.58"
ID16071,07-Feb-2026,Transfer,0.00,987.08,"14,432.85"
ID16071,18-Mar-2026,Debit Card,0.00,356.67,"46,890.26"
ID16071,31-Jan-2026,Charge,0.00,578.08,"58,143.16"
ID16071,31-Mar-2026,Transfer,0.00,454.79,"92,549.61"
ID16071,08-Feb-2026,Payment,0.00,191.30,"37,113.88"
ID16071,05-Mar-2026,ATM Withdrawal,0.00,496.54,"99,199.23"
ID16071,28-Feb-2026,Interest,84.76,0.00,"11,385.78"
ID16071,28-Mar-2026,Transfer,0.00,585.05,"75,355.57"
ID16071,01-Apr-2026,ATM Withdrawal,0.00,882.27,"74,584.60"
ID16071,27-Jan-2026,Direct Deposit,"3,782.80",0.00,"34,222.22"
ID16071,10-Jan-2026,ATM Withdrawal,0.00,283.04,"33,837.93"
ID16071,11-Mar-2026,Charge,0.00,845.19,"95,869.41"
ID16071,14-Jan-2026,Transfer,0.00,320.54,"1,997.99"
ID16072,14-Feb-2026,ATM Withdrawal,0.00,824.73,"85,053.99"
ID16072,04-Feb-2026,Debit Card,0.00,900.56,"65,128.16"
ID16072,05-Mar-2026,Charge,0.00,237.07,"58,717.07"
ID16072,18-Mar-2026,Direct Deposit,"4,394.06",0.00,"85,630.69"
ID16072,06-Jan-2026,Transfer,"1,900.21",0.00,"46,539.34"
ID16072,13-Feb-2026,Reversal,0.00,471.05,"90,366.12"
ID16072,30-Jan-2026,ATM Withdrawal,0.00,604.26,"94,657.72"
ID16072,23-Jan-2026,Reversal,0.00,"1,136.13","92,251.65"
ID16072,04-Jan-2026,Reversal,122.90,0.00,"68,368.29"
ID16072,06-Mar-2026,Interest,97.94,0.00,"98,876.63"
ID16072,20-Jan-2026,Reversal,0.00,349.23,"99,385.54"
ID16072,10-Feb-2026,ATM Withdrawal,0.00,218.92,"67,486.93"
ID16072,25-Feb-2026,Transfer,0.00,445.49,"66,386.36"
ID16072,06-Jan-2026,Charge,0.00,961.13,"7,587.82"
ID16072,22-Jan-2026,ATM Withdrawal,0.00,426.53,"81,096.36"
ID16072,12-Feb-2026,Reversal,987.56,0.00,"26,904.12"
ID16072,01-Mar-2026,Debit Card,0.00,668.47,"56,557.47"
ID16072,11-Feb-2026,Charge,0.00,281.50,"70,510.88"
ID16072,02-Feb-2026,Payment,0.00,900.11,"93,154.62"
ID16072,14-Mar-2026,Direct Deposit,"1,189.70",0.00,"23,639.02"
ID16073,28-Mar-2026,Payment,"1,296.92",0.00,"31,424.28"
ID16073,22-Mar-2026,Charge,0.00,948.01,"76,164.85"
ID16073,16-Mar-2026,Interest,325.10,0.00,"88,529.16"
ID16073,13-Feb-2026,Payment,"1,691.62",0.00,"15,165.52"
ID16073,26-Jan-2026,Direct Deposit,"2,495.93",0.00,"94,885.05"
ID16073,18-Jan-2026,Interest,168.71,0.00,"35,664.51"
ID16073,26-Jan-2026,Reversal,"1,024.46",0.00,"87,646.73"
ID16073,13-Feb-2026,Direct Deposit,"2,467.17",0.00,"2,992.71"
ID16073,07-Feb-2026,Direct Deposit,"2,727.71",0.00,"11,034.79"
ID16073,17-Mar-2026,Direct Deposit,"1,902.63",0.00,"61,260.16"
ID16073,05-Jan-2026,Payment,0.00,94.17,"46,465.12"
ID16073,13-Mar-2026,Debit Card,0.00,471.66,"32,298.29"
ID16073,07-Mar-2026,Debit Card,0.00,563.20,"58,679.66"
ID16073,08-Jan-2026,Payment,375.86,0.00,"74,622.37"
ID16073,07-Mar-2026,Transfer,0.00,346.25,"86,435.34"
ID16073,02-Feb-2026,Direct Deposit,"2,518.21",0.00,"18,560.83"
ID16073,03-Jan-2026,Charge,0.00,410.81,"43,212.06"
ID16073,25-Mar-2026,ATM Withdrawal,0.00,727.25,"53,563.77"
ID16073,16-Feb-2026,ATM Withdrawal,0.00,148.95,"25,795.02"
ID16073,15-Jan-2026,Charge,0.00,984.38,"48,897.74"
ID16074,06-Jan-2026,ATM Withdrawal,0.00,305.94,"99,007.55"
ID16074,16-Mar-2026,Charge,0.00,255.70,"26,983.45"
ID16074,22-Jan-2026,Debit Card,0.00,627.81,"89,250.31"
ID16074,21-Mar-2026,Charge,0.00,914.31,"99,390.28"
ID16074,09-Feb-2026,Interest,197.81,0.00,"84,805.96"
ID16074,05-Mar-2026,ATM Withdrawal,0.00,433.78,"56,058.62"
ID16074,18-Jan-2026,Debit Card,0.00,973.06,"1,803.28"
ID16074,15-Mar-2026,Payment,"1,018.64",0.00,"70,046.85"
ID16074,26-Feb-2026,Payment,"1,947.74",0.00,"30,533.92"
ID16074,21-Mar-2026,Charge,0.00,752.84,"39,126.50"
ID16074,11-Jan-2026,Charge,0.00,114.85,"23,428.50"
ID16074,19-Feb-2026,Transfer,757.75,0.00,"41,660.48"
ID16074,16-Jan-2026,Direct Deposit,"4,677.40",0.00,"20,386.07"
ID16074,30-Jan-2026,Interest,451.58,0.00,"84,629.75"
ID16074,19-Mar-2026,Charge,0.00,211.33,"58,321.99"
ID16074,26-Jan-2026,Charge,0.00,789.32,"24,519.48"
ID16074,23-Feb-2026,Direct Deposit,960.06,0.00,"24,025.22"
ID16074,19-Feb-2026,Direct Deposit,"2,110.93",0.00,"56,373.67"
ID16074,05-Jan-2026,Interest,159.29,0.00,"85,751.91"
ID16074,07-Mar-2026,Debit Card,0.00,682.17,"53,210.53"
ID16075,16-Feb-2026,Transfer,0.00,604.59,"77,659.17"
ID16075,09-Feb-2026,Debit Card,0.00,329.29,"46,418.78"
ID16075,19-Jan-2026,ATM Withdrawal,0.00,911.43,"32,410.35"
ID16075,18-Feb-2026,Interest,216.65,0.00,"72,633.41"
ID16075,28-Feb-2026,Charge,0.00,541.77,"28,398.29"
ID16075,09-Feb-2026,Direct Deposit,"3,877.74",0.00,"13,384.28"
ID16075,14-Mar-2026,Charge,0.00,841.20,"61,368.62"
ID16075,10-Mar-2026,Direct Deposit,"2,409.08",0.00,"60,624.84"
ID16075,14-Jan-2026,Debit Card,0.00,493.24,"18,104.63"
ID16075,25-Mar-2026,Direct Deposit,"1,018.37",0.00,"29,190.56"
ID16075,16-Mar-2026,Reversal,0.00,471.33,"40,406.41"
ID16075,17-Mar-2026,Direct Deposit,"2,722.25",0.00,"7,742.92"
ID16075,18-Jan-2026,Debit Card,0.00,968.98,"9,976.38"
ID16075,16-Feb-2026,Payment,0.00,"1,364.35","62,535.74"
ID16075,29-Jan-2026,Payment,840.37,0.00,"84,402.03"
ID16075,26-Feb-2026,Transfer,843.95,0.00,"56,719.66"
ID16075,27-Jan-2026,Direct Deposit,"1,567.23",0.00,"44,471.51"
ID16075,05-Jan-2026,Payment,844.16,0.00,"77,671.61"
ID16075,22-Feb-2026,Reversal,"1,727.62",0.00,"93,509.89"
ID16075,01-Apr-2026,Interest,268.40,0.00,"26,327.89"
ID16076,25-Mar-2026,Charge,0.00,414.67,"3,457.28"
ID16076,05-Mar-2026,Payment,"1,232.04",0.00,"72,192.68"
ID16076,07-Jan-2026,Reversal,"1,830.10",0.00,"51,246.21"
ID16076,28-Feb-2026,Debit Card,0.00,486.99,"63,633.71"
ID16076,14-Jan-2026,Debit Card,0.00,761.59,"57,246.41"
ID16076,11-Jan-2026,Charge,0.00,67.08,"53,348.88"
ID16076,20-Feb-2026,Transfer,0.00,"1,024.07","89,999.59"
ID16076,04-Jan-2026,Direct Deposit,"3,745.36",0.00,"24,487.09"
ID16076,30-Jan-2026,Direct Deposit,"1,842.93",0.00,"7,042.83"
ID16076,10-Feb-2026,Payment,0.00,"1,480.87","71,404.47"
ID16076,21-Jan-2026,ATM Withdrawal,0.00,785.98,"40,510.29"
ID16076,24-Feb-2026,Interest,103.97,0.00,"69,971.85"
ID16076,12-Jan-2026,ATM Withdrawal,0.00,325.49,"31,549.76"
ID16076,23-Mar-2026,Debit Card,0.00,738.98,"25,501.55"
ID16076,12-Jan-2026,Transfer,0.00,365.20,"87,260.02"
ID16076,23-Jan-2026,Direct Deposit,563.69,0.00,"12,508.96"
ID16076,26-Feb-2026,Charge,0.00,804.17,"26,114.74"
ID16076,14-Jan-2026,Transfer,"1,938.44",0.00,"12,656.66"
ID16076,06-Mar-2026,Transfer,215.20,0.00,"62,367.19"
ID16076,28-Mar-2026,Payment,"1,336.89",0.00,"36,370.23"
ID16077,04-Feb-2026,Charge,0.00,513.45,"9,184.19"
ID16077,27-Feb-2026,Reversal,0.00,"1,340.68","69,279.81"
ID16077,06-Mar-2026,Transfer,"1,137.41",0.00,"42,306.09"
ID16077,22-Feb-2026,ATM Withdrawal,0.00,565.60,"81,280.20"
ID16077,19-Mar-2026,Debit Card,0.00,792.78,"5,199.30"
ID16077,10-Feb-2026,Debit Card,0.00,766.98,"73,873.64"
ID16077,09-Mar-2026,Transfer,0.00,529.62,"64,428.21"
ID16077,20-Jan-2026,ATM Withdrawal,0.00,626.08,"92,141.54"
ID16077,11-Jan-2026,Debit Card,0.00,961.71,"87,896.99"
ID16077,27-Mar-2026,Payment,0.00,"1,094.98","68,637.45"
ID16077,30-Mar-2026,Interest,315.95,0.00,"77,236.09"
ID16077,24-Jan-2026,Direct Deposit,"1,665.98",0.00,"20,455.99"
ID16077,18-Jan-2026,Debit Card,0.00,253.96,"69,555.46"
ID16077,05-Jan-2026,Reversal,777.05,0.00,"54,864.53"
ID16077,10-Jan-2026,Transfer,0.00,587.78,"53,164.68"
ID16077,25-Feb-2026,ATM Withdrawal,0.00,86.20,"24,875.98"
ID16077,15-Feb-2026,Transfer,"1,953.82",0.00,"33,523.73"
ID16077,26-Mar-2026,Payment,332.02,0.00,"66,584.60"
ID16077,07-Mar-2026,Charge,0.00,271.26,"44,485.82"
ID16077,13-Jan-2026,Direct Deposit,749.84,0.00,"62,801.12"
ID16078,26-Jan-2026,Transfer,0.00,187.01,"8,319.70"
ID16078,03-Apr-2026,ATM Withdrawal,0.00,333.10,"3,310.19"
ID16078,27-Jan-2026,Direct Deposit,"2,849.96",0.00,"24,543.27"
ID16078,04-Mar-2026,Direct Deposit,"2,557.86",0.00,"39,531.67"
ID16078,11-Feb-2026,Transfer,"1,848.09",0.00,"30,115.53"
ID16078,10-Jan-2026,Charge,0.00,506.96,"30,561.19"
ID16078,18-Mar-2026,ATM Withdrawal,0.00,664.35,"65,321.83"
ID16078,17-Jan-2026,Direct Deposit,"4,251.09",0.00,"89,504.84"
ID16078,09-Feb-2026,Charge,0.00,247.25,"12,797.13"
ID16078,08-Jan-2026,Interest,456.50,0.00,"77,946.89"
ID16078,28-Jan-2026,Charge,0.00,174.06,"63,867.96"
ID16078,05-Feb-2026,Direct Deposit,621.99,0.00,"52,841.49"
ID16078,07-Jan-2026,Interest,110.43,0.00,"78,355.05"
ID16078,25-Feb-2026,ATM Withdrawal,0.00,17.39,"44,823.51"
ID16078,17-Feb-2026,Debit Card,0.00,634.97,"16,699.47"
ID16078,06-Jan-2026,Reversal,0.00,916.67,"70,926.85"
ID16078,26-Feb-2026,ATM Withdrawal,0.00,952.68,"35,941.18"
ID16078,18-Feb-2026,Charge,0.00,232.00,"21,940.26"
ID16078,10-Mar-2026,Transfer,0.00,197.82,"68,795.20"
ID16078,27-Jan-2026,Reversal,"1,503.72",0.00,"77,460.68"
ID16079,25-Feb-2026,Charge,0.00,47.01,"89,257.57"
ID16079,23-Jan-2026,Charge,0.00,83.11,"74,010.82"
ID16079,17-Jan-2026,ATM Withdrawal,0.00,841.47,"70,752.41"
ID16079,02-Mar-2026,ATM Withdrawal,0.00,323.25,"87,253.15"
ID16079,16-Feb-2026,ATM Withdrawal,0.00,88.68,"54,427.97"
ID16079,07-Jan-2026,Transfer,0.00,772.64,"25,946.96"
ID16079,01-Mar-2026,Payment,"1,772.17",0.00,"26,911.11"
ID16079,24-Feb-2026,Interest,190.85,0.00,"40,626.18"
ID16079,02-Feb-2026,Transfer,0.00,57.19,"67,017.65"
ID16079,29-Mar-2026,Direct Deposit,"2,383.82",0.00,"19,350.56"
ID16079,24-Jan-2026,Interest,359.93,0.00,"62,177.94"
ID16079,27-Mar-2026,Transfer,0.00,314.34,"31,869.67"
ID16079,03-Apr-2026,Payment,0.00,939.74,"65,561.06"
ID16079,25-Feb-2026,Transfer,0.00,558.24,"17,338.65"
ID16079,06-Mar-2026,Reversal,0.00,"1,044.03","59,858.19"
ID16079,15-Mar-2026,Reversal,676.44,0.00,"88,714.96"
ID16079,24-Feb-2026,ATM Withdrawal,0.00,609.29,"15,787.87"
ID16079,02-Feb-2026,Charge,0.00,179.11,"60,578.90"
ID16079,26-Jan-2026,Direct Deposit,"2,012.94",0.00,"7,969.32"
ID16079,26-Jan-2026,Payment,"1,123.83",0.00,"68,851.07"
ID16080,11-Feb-2026,Charge,0.00,144.19,"80,869.71"
ID16080,04-Jan-2026,Reversal,0.00,276.86,"5,924.19"
ID16080,25-Mar-2026,Debit Card,0.00,631.95,"50,778.48"
ID16080,22-Jan-2026,ATM Withdrawal,0.00,890.26,"26,301.68"
ID16080,21-Mar-2026,Interest,335.67,0.00,"2,009.32"
ID16080,26-Feb-2026,Payment,"1,162.24",0.00,"18,047.10"
ID16080,20-Mar-2026,Debit Card,0.00,560.22,"41,777.85"
ID16080,21-Jan-2026,Reversal,"1,757.03",0.00,"82,282.44"
ID16080,30-Jan-2026,ATM Withdrawal,0.00,54.19,"56,251.17"
ID16080,21-Feb-2026,Transfer,115.89,0.00,"6,623.93"
ID16080,21-Feb-2026,Charge,0.00,510.56,"97,092.49"
ID16080,02-Mar-2026,Interest,356.85,0.00,"9,211.94"
ID16080,10-Mar-2026,Interest,52.34,0.00,"67,515.65"
ID16080,09-Jan-2026,Direct Deposit,546.46,0.00,"40,032.42"
ID16080,19-Feb-2026,Direct Deposit,"1,626.35",0.00,"70,971.00"
ID16080,07-Mar-2026,Transfer,0.00,458.08,"48,128.34"
ID16080,11-Mar-2026,Reversal,0.00,"1,362.53","72,211.65"
ID16080,15-Mar-2026,Interest,25.47,0.00,"76,328.27"
ID16080,19-Mar-2026,Interest,191.49,0.00,"27,062.31"
ID16080,12-Mar-2026,Interest,161.21,0.00,"45,541.37"
ID16081,19-Mar-2026,Direct Deposit,"4,467.34",0.00,"22,770.99"
ID16081,18-Mar-2026,Reversal,115.49,0.00,"25,138.67"
ID16081,05-Mar-2026,Charge,0.00,289.01,"98,576.60"
ID16081,15-Feb-2026,ATM Withdrawal,0.00,208.32,"83,308.69"
ID16081,23-Feb-2026,Reversal,"1,871.19",0.00,"67,882.73"
ID16081,10-Jan-2026,Transfer,"1,628.93",0.00,"44,628.57"
ID16081,03-Feb-2026,ATM Withdrawal,0.00,493.59,"78,675.27"
ID16081,15-Feb-2026,Payment,879.58,0.00,"36,219.00"
ID16081,04-Mar-2026,Interest,319.84,0.00,"80,522.93"
ID16081,13-Mar-2026,Transfer,0.00,"1,316.49","40,678.34"
ID16081,08-Jan-2026,Debit Card,0.00,256.23,"85,680.08"
ID16081,15-Jan-2026,Debit Card,0.00,401.43,"65,655.13"
ID16081,27-Feb-2026,Direct Deposit,"2,556.34",0.00,"3,968.85"
ID16081,24-Jan-2026,Reversal,0.00,581.48,"76,018.91"
ID16081,03-Feb-2026,Direct Deposit,714.27,0.00,"19,058.26"
ID16081,17-Feb-2026,Charge,0.00,845.04,"5,576.11"
ID16081,25-Feb-2026,Transfer,0.00,115.32,"61,246.21"
ID16081,27-Jan-2026,Debit Card,0.00,614.63,"44,292.45"
ID16081,20-Mar-2026,Charge,0.00,792.64,"60,585.60"
ID16081,24-Feb-2026,Charge,0.00,555.73,"74,681.47"
ID16082,28-Feb-2026,Debit Card,0.00,791.12,"5,915.67"
ID16082,05-Jan-2026,Reversal,0.00,"1,483.64","23,295.80"
ID16082,25-Jan-2026,Reversal,"1,818.22",0.00,"26,716.89"
ID16082,06-Jan-2026,Reversal,"1,143.81",0.00,"13,429.75"
ID16082,15-Mar-2026,ATM Withdrawal,0.00,851.28,"5,562.13"
ID16082,18-Mar-2026,Payment,"1,705.28",0.00,"49,692.94"
ID16082,16-Mar-2026,Direct Deposit,"3,758.85",0.00,"89,398.06"
ID16082,06-Feb-2026,Debit Card,0.00,64.19,"47,751.32"
ID16082,07-Mar-2026,Debit Card,0.00,321.40,"62,247.82"
ID16082,18-Feb-2026,Debit Card,0.00,348.31,"41,897.65"
ID16082,11-Feb-2026,Direct Deposit,935.38,0.00,"75,865.33"
ID16082,13-Jan-2026,Transfer,0.00,"1,091.43","74,331.74"
ID16082,23-Mar-2026,Transfer,265.13,0.00,"20,774.62"
ID16082,13-Jan-2026,Payment,357.90,0.00,"13,144.39"
ID16082,03-Mar-2026,Charge,0.00,138.56,"86,170.82"
ID16082,24-Jan-2026,Charge,0.00,382.12,"15,551.38"
ID16082,14-Mar-2026,ATM Withdrawal,0.00,204.02,"24,394.02"
ID16082,23-Jan-2026,Direct Deposit,"3,975.52",0.00,"56,619.34"
ID16082,09-Feb-2026,Direct Deposit,"2,181.74",0.00,"47,876.06"
ID16082,15-Jan-2026,Charge,0.00,27.31,"18,752.32"
ID16083,02-Apr-2026,Transfer,"1,047.79",0.00,"32,259.77"
ID16083,28-Feb-2026,Reversal,"1,178.12",0.00,"11,794.02"
ID16083,15-Jan-2026,Reversal,434.97,0.00,"37,672.53"
ID16083,19-Mar-2026,Debit Card,0.00,374.95,"45,869.11"
ID16083,04-Feb-2026,Debit Card,0.00,523.22,"30,296.34"
ID16083,26-Feb-2026,ATM Withdrawal,0.00,870.18,"50,864.55"
ID16083,04-Feb-2026,Transfer,"1,497.30",0.00,"42,442.61"
ID16083,31-Mar-2026,Debit Card,0.00,611.44,"1,000.71"
ID16083,12-Jan-2026,Interest,137.83,0.00,"88,255.15"
ID16083,03-Feb-2026,Reversal,671.27,0.00,"99,348.31"
ID16083,23-Jan-2026,Transfer,0.00,773.91,"51,020.85"
ID16083,06-Feb-2026,Debit Card,0.00,93.53,"1,053.38"
ID16083,16-Feb-2026,Charge,0.00,58.33,"14,527.87"
ID16083,10-Jan-2026,Direct Deposit,"1,475.05",0.00,"48,205.82"
ID16083,29-Mar-2026,Direct Deposit,"2,971.86",0.00,"44,486.65"
ID16083,24-Feb-2026,ATM Withdrawal,0.00,228.21,"81,569.36"
ID16083,02-Apr-2026,Direct Deposit,"2,592.15",0.00,"32,983.16"
ID16083,27-Feb-2026,Charge,0.00,838.49,"65,841.31"
ID16083,24-Mar-2026,Debit Card,0.00,510.43,"19,878.83"
ID16083,24-Jan-2026,Transfer,"1,398.26",0.00,"53,425.36"
ID16084,22-Jan-2026,Transfer,"1,021.19",0.00,"5,045.89"
ID16084,14-Feb-2026,Direct Deposit,585.67,0.00,"91,178.37"
ID16084,30-Mar-2026,Debit Card,0.00,861.01,"99,194.89"
ID16084,15-Feb-2026,Transfer,0.00,"1,295.39","41,480.03"
ID16084,28-Feb-2026,Transfer,767.24,0.00,"71,300.40"
ID16084,28-Mar-2026,ATM Withdrawal,0.00,436.98,"37,680.45"
ID16084,18-Feb-2026,Charge,0.00,862.83,"56,250.92"
ID16084,13-Feb-2026,Reversal,0.00,"1,390.83","43,255.11"
ID16084,27-Jan-2026,Interest,99.67,0.00,"21,584.49"
ID16084,27-Jan-2026,Transfer,658.13,0.00,"60,072.20"
ID16084,19-Feb-2026,Debit Card,0.00,795.32,"75,107.65"
ID16084,03-Feb-2026,Debit Card,0.00,126.61,"81,448.88"
ID16084,19-Mar-2026,Reversal,0.00,744.89,"17,026.50"
ID16084,18-Jan-2026,ATM Withdrawal,0.00,962.01,"7,115.47"
ID16084,14-Jan-2026,Debit Card,0.00,386.05,"35,497.83"
ID16084,03-Apr-2026,Interest,487.38,0.00,"43,390.28"
ID16084,22-Mar-2026,Debit Card,0.00,755.71,"23,797.40"
ID16084,21-Feb-2026,Debit Card,0.00,749.81,"58,293.64"
ID16084,11-Jan-2026,Transfer,392.07,0.00,"77,364.32"
ID16084,28-Feb-2026,Charge,0.00,76.28,"10,086.26"
ID16085,26-Mar-2026,Debit Card,0.00,708.12,"47,369.71"
ID16085,02-Apr-2026,Payment,0.00,504.18,"23,764.85"
ID16085,01-Feb-2026,Charge,0.00,542.31,"42,407.73"
ID16085,16-Jan-2026,Transfer,0.00,342.07,"72,766.39"
ID16085,31-Mar-2026,Interest,398.49,0.00,"70,265.28"
ID16085,21-Mar-2026,Reversal,765.75,0.00,"77,541.05"
ID16085,16-Jan-2026,Debit Card,0.00,986.13,"19,413.74"
ID16085,17-Feb-2026,Reversal,0.00,"1,105.29","80,397.65"
ID16085,01-Feb-2026,Debit Card,0.00,811.69,"12,839.71"
ID16085,15-Feb-2026,Reversal,0.00,851.63,"91,479.99"
ID16085,02-Feb-2026,Reversal,"1,289.98",0.00,"28,515.29"
ID16085,28-Jan-2026,Debit Card,0.00,467.78,"82,724.13"
ID16085,17-Jan-2026,Payment,0.00,556.87,"48,069.40"
ID16085,03-Apr-2026,Charge,0.00,928.38,"95,559.07"
ID16085,18-Jan-2026,Interest,239.71,0.00,"44,786.22"
ID16085,26-Jan-2026,Payment,0.00,275.34,"98,015.90"
ID16085,22-Mar-2026,Debit Card,0.00,161.46,"37,399.47"
ID16085,03-Jan-2026,Debit Card,0.00,742.84,"2,012.10"
ID16085,05-Feb-2026,Transfer,0.00,302.51,"10,358.08"
ID16085,15-Jan-2026,Debit Card,0.00,174.01,"50,555.10"
ID16086,23-Jan-2026,ATM Withdrawal,0.00,757.34,"85,126.67"
ID16086,24-Feb-2026,Payment,"1,713.29",0.00,"52,597.77"
ID16086,31-Jan-2026,ATM Withdrawal,0.00,174.67,"75,028.00"
ID16086,12-Jan-2026,Transfer,990.63,0.00,"59,510.78"
ID16086,15-Mar-2026,Reversal,0.00,"1,089.53","18,313.90"
ID16086,21-Mar-2026,Direct Deposit,"3,584.58",0.00,"87,644.53"
ID16086,22-Mar-2026,Payment,0.00,778.53,"71,987.01"
ID16086,11-Jan-2026,Direct Deposit,"1,480.64",0.00,"83,302.76"
ID16086,08-Jan-2026,Transfer,0.00,453.55,"15,224.47"
ID16086,06-Mar-2026,Reversal,0.00,"1,135.44","56,491.57"
ID16086,21-Feb-2026,Charge,0.00,303.57,"92,517.27"
ID16086,14-Mar-2026,Reversal,"1,247.07",0.00,"56,070.12"
ID16086,01-Mar-2026,ATM Withdrawal,0.00,490.20,"92,333.31"
ID16086,12-Jan-2026,Payment,0.00,"1,209.39","63,439.45"
ID16086,24-Feb-2026,Interest,268.62,0.00,"7,030.55"
ID16086,28-Mar-2026,Payment,"1,178.68",0.00,"29,323.58"
ID16086,01-Feb-2026,Transfer,0.00,"1,122.12","37,011.45"
ID16086,18-Feb-2026,Direct Deposit,"3,134.86",0.00,"36,668.23"
ID16086,24-Mar-2026,Transfer,0.00,"1,357.34","92,076.94"
ID16086,30-Jan-2026,Transfer,0.00,390.46,"81,362.48"
ID16087,25-Jan-2026,Interest,366.05,0.00,"98,452.96"
ID16087,26-Jan-2026,Reversal,0.00,114.94,"27,245.78"
ID16087,02-Mar-2026,Debit Card,0.00,649.04,"76,515.40"
ID16087,27-Feb-2026,ATM Withdrawal,0.00,136.37,"67,365.18"
ID16087,08-Feb-2026,Charge,0.00,604.11,"88,799.00"
ID16087,11-Feb-2026,Reversal,0.00,888.63,"2,917.03"
ID16087,27-Jan-2026,Charge,0.00,734.64,"64,716.53"
ID16087,10-Mar-2026,Charge,0.00,494.57,"47,837.32"
ID16087,20-Feb-2026,Debit Card,0.00,535.38,"46,202.02"
ID16087,16-Mar-2026,Debit Card,0.00,527.96,"2,845.01"
ID16087,12-Jan-2026,Direct Deposit,"4,163.19",0.00,"32,840.77"
ID16087,21-Feb-2026,Charge,0.00,396.04,"7,197.70"
ID16087,17-Jan-2026,Transfer,0.00,791.99,"94,617.70"
ID16087,01-Mar-2026,ATM Withdrawal,0.00,169.77,"60,181.38"
ID16087,10-Mar-2026,Debit Card,0.00,999.04,"94,933.41"
ID16087,09-Feb-2026,Interest,154.34,0.00,"22,809.20"
ID16087,16-Feb-2026,Transfer,889.75,0.00,"78,367.95"
ID16087,20-Feb-2026,Reversal,496.67,0.00,"91,415.88"
ID16087,16-Mar-2026,Debit Card,0.00,821.32,"14,529.52"
ID16087,09-Jan-2026,Transfer,717.05,0.00,"59,244.01"
ID16088,07-Feb-2026,Transfer,"1,476.47",0.00,"40,033.00"
ID16088,27-Mar-2026,Debit Card,0.00,235.71,"1,021.78"
ID16088,21-Feb-2026,Transfer,"1,707.23",0.00,"91,420.81"
ID16088,12-Jan-2026,Reversal,"1,609.53",0.00,"76,226.00"
ID16088,16-Jan-2026,ATM Withdrawal,0.00,425.03,"35,579.65"
ID16088,20-Mar-2026,ATM Withdrawal,0.00,574.30,"67,889.13"
ID16088,26-Feb-2026,Debit Card,0.00,399.94,"46,873.78"
ID16088,13-Mar-2026,Reversal,640.69,0.00,"17,911.57"
ID16088,09-Jan-2026,Debit Card,0.00,502.32,"73,805.40"
ID16088,10-Mar-2026,ATM Withdrawal,0.00,51.01,"43,232.03"
ID16088,25-Mar-2026,ATM Withdrawal,0.00,606.22,"87,195.73"
ID16088,05-Mar-2026,Charge,0.00,81.07,"7,126.64"
ID16088,08-Mar-2026,Reversal,"1,925.93",0.00,"66,788.45"
ID16088,22-Jan-2026,Debit Card,0.00,283.53,"60,074.62"
ID16088,15-Mar-2026,Transfer,0.00,327.30,"7,723.11"
ID16088,06-Mar-2026,Payment,0.00,923.36,"63,311.55"
ID16088,18-Jan-2026,ATM Withdrawal,0.00,688.95,"88,900.91"
ID16088,25-Mar-2026,Interest,274.77,0.00,"21,578.44"
ID16088,09-Mar-2026,Transfer,968.26,0.00,"83,961.58"
ID16088,28-Feb-2026,Payment,0.00,"1,125.29","6,897.43"
ID16089,22-Feb-2026,Payment,299.19,0.00,"97,522.49"
ID16089,04-Jan-2026,Payment,0.00,696.92,"4,637.64"
ID16089,23-Jan-2026,Reversal,0.00,76.63,"16,786.43"
ID16089,12-Feb-2026,ATM Withdrawal,0.00,354.30,"3,583.41"
ID16089,15-Feb-2026,Direct Deposit,"1,184.51",0.00,"39,816.03"
ID16089,25-Jan-2026,Payment,"1,268.03",0.00,"15,373.57"
ID16089,14-Feb-2026,Payment,"1,606.81",0.00,"38,269.75"
ID16089,04-Feb-2026,Charge,0.00,259.53,"81,630.58"
ID16089,02-Feb-2026,Reversal,0.00,"1,321.39","52,964.52"
ID16089,26-Jan-2026,Charge,0.00,401.80,"70,165.82"
ID16089,22-Feb-2026,ATM Withdrawal,0.00,513.55,"67,107.73"
ID16089,05-Feb-2026,Charge,0.00,779.14,"13,610.16"
ID16089,18-Jan-2026,ATM Withdrawal,0.00,143.36,"14,949.32"
ID16089,25-Feb-2026,Debit Card,0.00,301.58,"36,648.64"
ID16089,17-Feb-2026,Payment,"1,496.13",0.00,"34,659.94"
ID16089,01-Feb-2026,Transfer,0.00,"1,208.77","96,116.79"
ID16089,09-Feb-2026,Direct Deposit,"3,314.60",0.00,"97,087.61"
ID16089,30-Jan-2026,Reversal,860.22,0.00,"94,533.72"
ID16089,26-Jan-2026,Direct Deposit,998.26,0.00,"5,327.45"
ID16089,10-Jan-2026,Debit Card,0.00,353.61,"54,316.53"
ID16090,24-Mar-2026,Debit Card,0.00,224.09,"98,578.24"
ID16090,05-Feb-2026,Debit Card,0.00,502.70,"99,700.51"
ID16090,20-Jan-2026,Charge,0.00,214.74,"84,225.61"
ID16090,16-Jan-2026,Reversal,0.00,"1,311.71","46,794.20"
ID16090,05-Mar-2026,Charge,0.00,818.66,"11,886.78"
ID16090,30-Jan-2026,Direct Deposit,892.20,0.00,"50,171.65"
ID16090,19-Feb-2026,Reversal,"1,592.41",0.00,"2,766.84"
ID16090,20-Feb-2026,ATM Withdrawal,0.00,329.36,"31,661.18"
ID16090,08-Mar-2026,Charge,0.00,360.93,"55,588.98"
ID16090,23-Feb-2026,ATM Withdrawal,0.00,471.31,"32,911.21"
ID16090,14-Jan-2026,Interest,423.89,0.00,"49,159.94"
ID16090,23-Jan-2026,Reversal,981.60,0.00,"78,421.85"
ID16090,31-Mar-2026,Direct Deposit,"3,741.86",0.00,"27,418.62"
ID16090,16-Jan-2026,Charge,0.00,46.42,"21,192.03"
ID16090,17-Feb-2026,ATM Withdrawal,0.00,39.01,"49,748.32"
ID16090,15-Mar-2026,Charge,0.00,959.02,"35,287.21"
ID16090,25-Jan-2026,ATM Withdrawal,0.00,29.78,"25,387.51"
ID16090,14-Feb-2026,ATM Withdrawal,0.00,885.89,"82,524.35"
ID16090,21-Jan-2026,Payment,0.00,"1,446.55","84,651.46"
ID16090,03-Feb-2026,Reversal,0.00,"1,269.91","79,159.48"
ID16091,23-Jan-2026,Reversal,287.06,0.00,"34,465.14"
ID16091,13-Jan-2026,Direct Deposit,"4,315.81",0.00,"21,918.77"
ID16091,14-Mar-2026,Direct Deposit,"3,274.19",0.00,"71,743.42"
ID16091,27-Mar-2026,Transfer,0.00,"1,323.31","67,534.70"
ID16091,08-Jan-2026,Reversal,"1,950.19",0.00,"51,092.78"
ID16091,24-Jan-2026,Direct Deposit,"4,661.93",0.00,"8,578.27"
ID16091,24-Feb-2026,ATM Withdrawal,0.00,125.85,"62,471.94"
ID16091,09-Mar-2026,Debit Card,0.00,629.11,"46,533.54"
ID16091,16-Jan-2026,Interest,78.52,0.00,"25,684.35"
ID16091,15-Feb-2026,Transfer,0.00,996.49,"64,118.70"
ID16091,12-Feb-2026,Interest,469.87,0.00,"39,556.81"
ID16091,19-Feb-2026,Interest,367.72,0.00,"6,770.79"
ID16091,24-Jan-2026,Debit Card,0.00,419.97,"87,061.41"
ID16091,27-Mar-2026,Transfer,809.26,0.00,"94,747.95"
ID16091,02-Apr-2026,Reversal,0.00,418.27,"88,810.82"
ID16091,25-Feb-2026,Debit Card,0.00,385.79,"48,132.11"
ID16091,14-Mar-2026,ATM Withdrawal,0.00,840.81,"83,449.68"
ID16091,08-Jan-2026,Charge,0.00,636.35,"36,653.92"
ID16091,27-Mar-2026,Transfer,0.00,416.01,"73,107.01"
ID16091,10-Mar-2026,Reversal,0.00,597.64,"33,025.53"
ID16092,24-Mar-2026,Debit Card,0.00,644.24,"1,030.77"
ID16092,27-Jan-2026,Debit Card,0.00,643.78,"89,200.84"
ID16092,08-Mar-2026,Debit Card,0.00,902.24,"10,870.86"
ID16092,20-Jan-2026,ATM Withdrawal,0.00,640.73,"44,828.68"
ID16092,16-Jan-2026,Direct Deposit,"3,909.37",0.00,"2,052.97"
ID16092,07-Feb-2026,Interest,289.11,0.00,"87,326.56"
ID16092,09-Jan-2026,ATM Withdrawal,0.00,989.73,"2,519.34"
ID16092,21-Jan-2026,Interest,171.38,0.00,"90,518.69"
ID16092,04-Mar-2026,Reversal,"1,060.19",0.00,"89,177.93"
ID16092,18-Mar-2026,Payment,"1,356.60",0.00,"79,675.64"
ID16092,03-Jan-2026,Debit Card,0.00,157.08,"6,859.30"
ID16092,13-Jan-2026,Interest,333.91,0.00,"9,185.55"
ID16092,07-Jan-2026,Transfer,912.63,0.00,"42,443.38"
ID16092,17-Feb-2026,Direct Deposit,"4,669.17",0.00,"28,960.27"
ID16092,14-Feb-2026,ATM Withdrawal,0.00,834.76,"74,245.84"
ID16092,21-Feb-2026,Debit Card,0.00,785.17,"49,403.19"
ID16092,09-Feb-2026,Reversal,0.00,"1,205.77","26,562.58"
ID16092,03-Jan-2026,Transfer,0.00,227.16,"63,706.96"
ID16092,26-Feb-2026,Interest,391.01,0.00,"76,101.35"
ID16092,16-Mar-2026,Payment,0.00,60.01,"53,592.49"
ID16093,03-Feb-2026,Payment,"1,312.42",0.00,"67,805.90"
ID16093,14-Feb-2026,Debit Card,0.00,621.39,"92,861.34"
ID16093,15-Feb-2026,Debit Card,0.00,743.65,"71,232.44"
ID16093,23-Feb-2026,Transfer,"1,639.28",0.00,"37,121.17"
ID16093,19-Feb-2026,Interest,468.02,0.00,"86,467.25"
ID16093,10-Mar-2026,Interest,135.45,0.00,"98,084.49"
ID16093,07-Jan-2026,ATM Withdrawal,0.00,354.09,"85,967.41"
ID16093,10-Feb-2026,Reversal,0.00,249.73,"52,264.23"
ID16093,23-Feb-2026,Payment,917.84,0.00,"43,965.91"
ID16093,26-Feb-2026,Payment,678.18,0.00,"31,879.03"
ID16093,02-Apr-2026,Payment,0.00,432.93,"59,417.15"
ID16093,28-Mar-2026,Payment,0.00,465.06,"30,806.08"
ID16093,13-Mar-2026,Payment,"1,809.81",0.00,"73,852.61"
ID16093,11-Mar-2026,Interest,477.34,0.00,"74,787.83"
ID16093,19-Mar-2026,Transfer,0.00,199.80,"44,933.12"
ID16093,18-Feb-2026,Reversal,"1,950.30",0.00,"33,726.75"
ID16093,19-Mar-2026,Payment,780.87,0.00,"81,684.78"
ID16093,30-Mar-2026,Debit Card,0.00,175.98,"3,049.90"
ID16093,28-Mar-2026,Charge,0.00,595.09,"81,574.03"
ID16093,03-Mar-2026,Charge,0.00,467.37,"32,431.68"
ID16094,18-Jan-2026,ATM Withdrawal,0.00,293.34,"17,901.29"
ID16094,03-Mar-2026,Reversal,0.00,"1,088.04","54,901.30"
ID16094,24-Jan-2026,Interest,382.86,0.00,"10,416.26"
ID16094,04-Jan-2026,Debit Card,0.00,787.35,"68,844.42"
ID16094,13-Feb-2026,Payment,135.97,0.00,"38,780.99"
ID16094,28-Jan-2026,Reversal,0.00,"1,483.29","99,079.98"
ID16094,25-Mar-2026,Transfer,223.55,0.00,"54,664.85"
ID16094,25-Mar-2026,Debit Card,0.00,746.03,"64,082.81"
ID16094,12-Mar-2026,Reversal,0.00,"1,378.53","81,495.74"
ID16094,22-Mar-2026,Charge,0.00,994.80,"24,951.15"
ID16094,07-Mar-2026,Interest,42.32,0.00,"6,769.39"
ID16094,05-Feb-2026,Transfer,"1,332.22",0.00,"74,319.93"
ID16094,02-Apr-2026,Payment,0.00,994.25,"23,045.73"
ID16094,12-Feb-2026,Interest,349.33,0.00,"3,945.08"
ID16094,30-Mar-2026,Charge,0.00,59.22,"45,519.11"
ID16094,05-Mar-2026,Direct Deposit,"1,391.53",0.00,"90,718.84"
ID16094,28-Jan-2026,ATM Withdrawal,0.00,583.36,"73,373.71"
ID16094,14-Mar-2026,Charge,0.00,294.22,"38,997.71"
ID16094,26-Feb-2026,Direct Deposit,"4,875.43",0.00,"38,897.23"
ID16094,06-Mar-2026,Interest,347.50,0.00,"43,906.50"
ID16095,01-Feb-2026,Debit Card,0.00,264.21,"1,056.89"
ID16095,29-Jan-2026,Charge,0.00,167.17,"80,633.94"
ID16095,05-Feb-2026,Interest,45.10,0.00,"51,905.09"
ID16095,24-Mar-2026,Charge,0.00,837.70,"65,420.71"
ID16095,09-Mar-2026,Charge,0.00,919.32,"61,337.08"
ID16095,13-Feb-2026,Transfer,"1,130.56",0.00,"98,385.36"
ID16095,23-Jan-2026,Reversal,"1,570.65",0.00,"6,398.20"
ID16095,20-Mar-2026,Debit Card,0.00,987.61,"19,486.22"
ID16095,16-Mar-2026,Interest,317.89,0.00,"61,655.44"
ID16095,05-Mar-2026,Payment,409.35,0.00,"26,915.46"
ID16095,28-Feb-2026,Interest,469.72,0.00,"20,787.87"
ID16095,04-Jan-2026,Interest,67.75,0.00,"50,806.00"
ID16095,30-Mar-2026,Debit Card,0.00,366.78,"91,384.00"
ID16095,27-Feb-2026,Charge,0.00,632.88,"98,710.27"
ID16095,21-Feb-2026,Transfer,"1,979.61",0.00,"53,899.59"
ID16095,04-Mar-2026,Interest,446.77,0.00,"71,793.67"
ID16095,05-Jan-2026,Debit Card,0.00,706.71,"19,412.64"
ID16095,20-Feb-2026,Transfer,"1,012.33",0.00,"12,972.97"
ID16095,24-Jan-2026,Charge,0.00,202.23,"25,314.20"
ID16095,16-Feb-2026,Transfer,735.11,0.00,"15,382.24"
ID16096,27-Jan-2026,ATM Withdrawal,0.00,749.46,"31,376.57"
ID16096,06-Mar-2026,Debit Card,0.00,671.76,"33,509.46"
ID16096,28-Feb-2026,Interest,337.41,0.00,"47,548.41"
ID16096,11-Mar-2026,Reversal,"1,232.92",0.00,"35,935.23"
ID16096,24-Jan-2026,Transfer,607.61,0.00,"22,591.74"
ID16096,28-Feb-2026,Debit Card,0.00,524.05,"77,721.30"
ID16096,30-Jan-2026,ATM Withdrawal,0.00,798.45,"20,730.27"
ID16096,21-Feb-2026,ATM Withdrawal,0.00,259.49,"15,441.87"
ID16096,13-Feb-2026,Interest,175.82,0.00,"44,970.30"
ID16096,23-Mar-2026,Interest,204.92,0.00,"1,154.18"
ID16096,19-Mar-2026,Reversal,287.17,0.00,"53,145.34"
ID16096,09-Mar-2026,Interest,438.02,0.00,"77,724.51"
ID16096,23-Jan-2026,ATM Withdrawal,0.00,691.94,"14,253.07"
ID16096,24-Feb-2026,Reversal,0.00,527.79,"78,135.52"
ID16096,25-Feb-2026,Transfer,765.57,0.00,"33,353.66"
ID16096,06-Mar-2026,Charge,0.00,127.74,"60,794.99"
ID16096,31-Mar-2026,Interest,12.09,0.00,"84,890.17"
ID16096,17-Feb-2026,Direct Deposit,"3,110.39",0.00,"3,890.33"
ID16096,02-Mar-2026,Debit Card,0.00,930.31,"71,689.19"
ID16096,09-Feb-2026,Reversal,0.00,"1,052.16","69,803.21"
ID16097,07-Mar-2026,Interest,438.96,0.00,"49,524.11"
ID16097,25-Jan-2026,Charge,0.00,704.94,"38,968.83"
ID16097,05-Mar-2026,Debit Card,0.00,552.64,"42,538.87"
ID16097,22-Mar-2026,Transfer,0.00,"1,205.48","33,443.91"
ID16097,07-Feb-2026,Reversal,0.00,781.69,"56,306.83"
ID16097,02-Feb-2026,Interest,62.15,0.00,"8,683.03"
ID16097,09-Mar-2026,Payment,"1,142.03",0.00,"38,795.46"
ID16097,22-Feb-2026,ATM Withdrawal,0.00,55.37,"49,394.37"
ID16097,29-Mar-2026,Charge,0.00,696.56,"33,483.27"
ID16097,31-Jan-2026,Reversal,0.00,"1,146.12","29,575.86"
ID16097,23-Mar-2026,Transfer,"1,623.35",0.00,"32,803.27"
ID16097,30-Jan-2026,ATM Withdrawal,0.00,351.08,"43,302.84"
ID16097,02-Feb-2026,ATM Withdrawal,0.00,672.49,"11,245.83"
ID16097,29-Jan-2026,ATM Withdrawal,0.00,948.87,"92,863.13"
ID16097,05-Feb-2026,ATM Withdrawal,0.00,45.80,"64,899.88"
ID16097,09-Feb-2026,Charge,0.00,698.60,"85,740.83"
ID16097,03-Jan-2026,Direct Deposit,"4,678.21",0.00,"13,424.21"
ID16097,12-Mar-2026,Transfer,457.19,0.00,"92,580.09"
ID16097,27-Jan-2026,ATM Withdrawal,0.00,943.00,"32,902.77"
ID16097,14-Jan-2026,Interest,231.28,0.00,"63,456.12"
ID16098,18-Mar-2026,Interest,11.43,0.00,"70,864.12"
ID16098,08-Mar-2026,Reversal,"1,750.30",0.00,"74,826.96"
ID16098,18-Jan-2026,Direct Deposit,"2,751.25",0.00,"91,991.82"
ID16098,14-Mar-2026,Payment,0.00,832.57,"81,767.39"
ID16098,06-Mar-2026,Interest,92.65,0.00,"83,619.20"
ID16098,23-Mar-2026,Payment,0.00,595.01,"19,806.12"
ID16098,04-Feb-2026,Direct Deposit,"4,567.50",0.00,"45,331.87"
ID16098,13-Feb-2026,ATM Withdrawal,0.00,920.51,"41,105.05"
ID16098,10-Mar-2026,Direct Deposit,"1,595.45",0.00,"24,638.42"
ID16098,17-Feb-2026,Transfer,0.00,994.54,"56,895.47"
ID16098,27-Mar-2026,ATM Withdrawal,0.00,281.79,"45,900.97"
ID16098,07-Mar-2026,Payment,"1,965.13",0.00,"53,465.27"
ID16098,14-Feb-2026,Payment,679.75,0.00,"19,607.99"
ID16098,31-Mar-2026,Debit Card,0.00,825.10,"89,925.63"
ID16098,25-Mar-2026,Direct Deposit,"4,592.10",0.00,"84,771.03"
ID16098,22-Mar-2026,Transfer,"1,714.84",0.00,"86,171.23"
ID16098,19-Feb-2026,Charge,0.00,743.96,"76,721.32"
ID16098,13-Feb-2026,Payment,"1,103.07",0.00,"52,175.20"
ID16098,07-Feb-2026,Debit Card,0.00,622.46,"37,430.92"
ID16098,11-Feb-2026,Debit Card,0.00,800.54,"28,071.48"
ID16099,25-Jan-2026,Interest,278.19,0.00,"15,040.54"
ID16099,03-Jan-2026,Interest,167.43,0.00,"20,787.18"
ID16099,27-Feb-2026,ATM Withdrawal,0.00,663.15,"47,274.11"
ID16099,02-Mar-2026,Interest,106.95,0.00,"50,259.99"
ID16099,04-Jan-2026,Debit Card,0.00,750.76,"7,952.28"
ID16099,16-Jan-2026,Payment,0.00,346.05,"37,926.12"
ID16099,06-Feb-2026,ATM Withdrawal,0.00,606.16,"47,021.46"
ID16099,19-Jan-2026,Debit Card,0.00,531.41,"21,963.75"
ID16099,05-Jan-2026,Payment,220.69,0.00,"62,303.55"
ID16099,30-Mar-2026,ATM Withdrawal,0.00,703.94,"78,569.66"
ID16099,15-Jan-2026,Transfer,0.00,"1,276.31","11,476.12"
ID16099,30-Mar-2026,Debit Card,0.00,96.39,"52,668.79"
ID16099,13-Feb-2026,Payment,0.00,"1,005.74","47,713.61"
ID16099,20-Jan-2026,Direct Deposit,963.08,0.00,"92,063.39"
ID16099,12-Feb-2026,Debit Card,0.00,659.72,"8,179.82"
ID16099,10-Mar-2026,Direct Deposit,"1,087.05",0.00,"37,905.27"
ID16099,12-Mar-2026,ATM Withdrawal,0.00,861.11,"81,341.98"
ID16099,12-Jan-2026,Debit Card,0.00,776.01,"15,116.42"
ID16099,27-Feb-2026,Reversal,0.00,"1,112.37","44,760.67"
ID16099,08-Jan-2026,Transfer,"1,964.62",0.00,"68,976.44"
ID16100,20-Mar-2026,Payment,761.94,0.00,"31,203.65"
ID16100,08-Mar-2026,Charge,0.00,82.46,"98,781.94"
ID16100,10-Feb-2026,Transfer,693.32,0.00,"63,400.42"
ID16100,17-Mar-2026,Payment,0.00,809.75,"51,340.51"
ID16100,13-Feb-2026,Interest,403.31,0.00,"37,090.09"
ID16100,27-Jan-2026,ATM Withdrawal,0.00,748.09,"16,788.05"
ID16100,18-Feb-2026,Transfer,"1,864.13",0.00,"38,120.24"
ID16100,28-Jan-2026,Interest,133.33,0.00,"73,713.51"
ID16100,30-Jan-2026,Transfer,432.63,0.00,"74,802.67"
ID16100,11-Mar-2026,Reversal,0.00,867.99,"61,553.33"
ID16100,26-Feb-2026,Interest,315.80,0.00,"77,982.88"
ID16100,23-Feb-2026,Reversal,"1,285.22",0.00,"71,000.62"
ID16100,02-Mar-2026,Payment,"1,950.38",0.00,"51,139.06"
ID16100,06-Mar-2026,Debit Card,0.00,383.69,"65,727.25"
ID16100,18-Feb-2026,Charge,0.00,651.50,"51,431.98"
ID16100,22-Jan-2026,Payment,875.38,0.00,"87,498.15"
ID16100,01-Feb-2026,Interest,249.24,0.00,"34,119.21"
ID16100,24-Jan-2026,Direct Deposit,"2,936.79",0.00,"44,072.43"
ID16100,03-Mar-2026,Payment,743.16,0.00,"87,993.58"
ID16100,19-Feb-2026,Interest,351.57,0.00,"34,617.81"
ID16101,09-Jan-2026,Debit Card,0.00,742.46,"63,241.11"
ID16101,17-Feb-2026,Debit Card,0.00,446.59,"59,729.04"
ID16101,27-Mar-2026,Charge,0.00,127.65,"14,801.69"
ID16101,15-Mar-2026,Debit Card,0.00,426.79,"92,531.42"
ID16101,03-Feb-2026,Payment,"1,429.37",0.00,"51,424.57"
ID16101,03-Apr-2026,Debit Card,0.00,349.50,"8,327.83"
ID16101,27-Jan-2026,Payment,"1,694.88",0.00,"17,050.24"
ID16101,08-Jan-2026,Transfer,"1,437.18",0.00,"62,808.30"
ID16101,03-Mar-2026,Transfer,708.80,0.00,"31,927.12"
ID16101,19-Feb-2026,Reversal,"1,734.96",0.00,"70,016.92"
ID16101,05-Mar-2026,Charge,0.00,813.17,"14,052.71"
ID16101,03-Mar-2026,Interest,454.76,0.00,"64,696.55"
ID16101,27-Feb-2026,Charge,0.00,15.31,"12,573.47"
ID16101,05-Feb-2026,ATM Withdrawal,0.00,613.83,"65,270.03"
ID16101,01-Feb-2026,Direct Deposit,"4,675.29",0.00,"31,640.29"
ID16101,23-Mar-2026,Charge,0.00,462.39,"85,592.29"
ID16101,09-Mar-2026,Transfer,"1,447.58",0.00,"28,675.73"
ID16101,01-Feb-2026,Debit Card,0.00,861.20,"19,397.32"
ID16101,15-Feb-2026,Interest,16.18,0.00,"22,084.79"
ID16101,31-Jan-2026,Interest,374.91,0.00,"54,934.16"
ID16102,21-Feb-2026,Debit Card,0.00,918.21,"57,018.14"
ID16102,02-Apr-2026,Debit Card,0.00,456.98,"64,282.85"
ID16102,27-Mar-2026,Payment,0.00,411.80,"64,264.72"
ID16102,18-Feb-2026,Interest,235.29,0.00,"6,819.94"
ID16102,13-Feb-2026,ATM Withdrawal,0.00,137.27,"74,206.67"
ID16102,01-Apr-2026,Transfer,0.00,884.04,"92,567.97"
ID16102,17-Jan-2026,Debit Card,0.00,57.76,"43,788.81"
ID16102,02-Feb-2026,Payment,651.51,0.00,"45,837.09"
ID16102,09-Feb-2026,Direct Deposit,"4,706.94",0.00,"89,449.08"
ID16102,24-Mar-2026,Interest,266.60,0.00,"17,661.46"
ID16102,04-Jan-2026,Transfer,0.00,162.85,"22,234.05"
ID16102,20-Jan-2026,Payment,0.00,891.11,"31,595.87"
ID16102,21-Feb-2026,Direct Deposit,"1,122.29",0.00,"15,164.48"
ID16102,27-Feb-2026,Direct Deposit,916.63,0.00,"41,947.55"
ID16102,14-Mar-2026,Debit Card,0.00,650.92,"8,999.33"
ID16102,16-Jan-2026,Payment,"1,104.34",0.00,"90,643.93"
ID16102,16-Feb-2026,Debit Card,0.00,280.85,"34,950.30"
ID16102,01-Apr-2026,Transfer,552.53,0.00,"69,132.69"
ID16102,13-Jan-2026,Transfer,0.00,967.50,"96,406.81"
ID16102,07-Mar-2026,Reversal,0.00,"1,333.72","55,063.98"
ID16103,09-Jan-2026,Transfer,0.00,412.59,"58,726.72"
ID16103,15-Mar-2026,ATM Withdrawal,0.00,243.55,"98,056.28"
ID16103,20-Feb-2026,Interest,344.47,0.00,"3,127.61"
ID16103,09-Jan-2026,ATM Withdrawal,0.00,759.80,"70,572.01"
ID16103,09-Jan-2026,Payment,"1,534.05",0.00,"83,606.28"
ID16103,19-Mar-2026,Debit Card,0.00,61.30,"90,660.66"
ID16103,20-Jan-2026,Debit Card,0.00,439.64,"75,620.21"
ID16103,08-Mar-2026,Direct Deposit,"3,973.27",0.00,"83,009.26"
ID16103,25-Mar-2026,Payment,0.00,"1,116.81","49,617.34"
ID16103,29-Mar-2026,ATM Withdrawal,0.00,949.09,"33,666.11"
ID16103,18-Jan-2026,Transfer,0.00,"1,329.53","65,149.67"
ID16103,31-Mar-2026,Debit Card,0.00,18.24,"83,207.36"
ID16103,17-Mar-2026,Transfer,135.07,0.00,"15,763.02"
ID16103,23-Jan-2026,Reversal,"1,758.68",0.00,"34,298.17"
ID16103,07-Mar-2026,Interest,194.08,0.00,"47,376.93"
ID16103,04-Mar-2026,ATM Withdrawal,0.00,375.32,"95,972.20"
ID16103,08-Jan-2026,Transfer,0.00,"1,285.13","82,998.41"
ID16103,10-Feb-2026,Direct Deposit,"1,525.02",0.00,"71,091.10"
ID16103,14-Jan-2026,Transfer,"1,517.45",0.00,"63,962.99"
ID16103,28-Feb-2026,Direct Deposit,"4,362.49",0.00,"1,101.47"
ID16104,21-Feb-2026,ATM Withdrawal,0.00,229.04,"50,936.26"
ID16104,22-Jan-2026,Payment,0.00,361.24,"77,554.12"
ID16104,08-Jan-2026,Charge,0.00,759.26,"58,681.42"
ID16104,20-Jan-2026,Direct Deposit,"2,500.30",0.00,"97,794.22"
ID16104,29-Jan-2026,Interest,73.46,0.00,"88,024.15"
ID16104,26-Jan-2026,Charge,0.00,492.27,"8,350.13"
ID16104,28-Mar-2026,Debit Card,0.00,409.82,"85,072.16"
ID16104,02-Feb-2026,Transfer,420.02,0.00,"66,710.97"
ID16104,06-Feb-2026,Debit Card,0.00,574.47,"29,758.97"
ID16104,25-Mar-2026,Payment,"1,361.27",0.00,"41,180.93"
ID16104,24-Jan-2026,Interest,191.28,0.00,"37,342.54"
ID16104,11-Feb-2026,Interest,248.59,0.00,"50,295.78"
ID16104,17-Jan-2026,Reversal,"1,734.76",0.00,"46,899.69"
ID16104,19-Feb-2026,Charge,0.00,11.29,"81,360.84"
ID16104,07-Feb-2026,Debit Card,0.00,940.27,"23,824.93"
ID16104,03-Feb-2026,Payment,0.00,738.80,"22,044.23"
ID16104,11-Mar-2026,Reversal,794.10,0.00,"28,491.84"
ID16104,01-Apr-2026,Debit Card,0.00,209.96,"69,992.48"
ID16104,04-Feb-2026,ATM Withdrawal,0.00,414.53,"90,829.76"
ID16104,30-Jan-2026,Debit Card,0.00,239.55,"48,763.85"
ID16105,06-Jan-2026,Charge,0.00,156.76,"90,275.60"
ID16105,06-Jan-2026,Payment,0.00,433.88,"48,424.50"
ID16105,13-Mar-2026,Charge,0.00,396.80,"19,010.58"
ID16105,21-Jan-2026,Payment,259.20,0.00,"81,099.25"
ID16105,23-Jan-2026,Debit Card,0.00,773.92,"91,165.68"
ID16105,26-Mar-2026,Interest,436.43,0.00,"93,639.35"
ID16105,05-Feb-2026,Transfer,491.88,0.00,"69,927.04"
ID16105,30-Mar-2026,Debit Card,0.00,687.40,"77,871.03"
ID16105,26-Jan-2026,Charge,0.00,553.29,"20,550.05"
ID16105,04-Feb-2026,Transfer,223.87,0.00,"35,886.77"
ID16105,14-Feb-2026,Direct Deposit,619.70,0.00,"15,234.76"
ID16105,22-Mar-2026,Transfer,0.00,"1,263.68","28,208.16"
ID16105,13-Jan-2026,Direct Deposit,"2,708.38",0.00,"64,476.16"
ID16105,04-Jan-2026,Charge,0.00,547.55,"68,624.81"
ID16105,04-Feb-2026,Debit Card,0.00,296.24,"85,653.41"
ID16105,18-Jan-2026,Reversal,189.24,0.00,"48,815.85"
ID16105,24-Feb-2026,ATM Withdrawal,0.00,112.36,"43,294.45"
ID16105,12-Feb-2026,Transfer,0.00,140.63,"68,376.08"
ID16105,28-Feb-2026,Debit Card,0.00,186.10,"88,919.16"
ID16105,31-Mar-2026,Payment,667.96,0.00,"95,304.51"
ID16106,12-Mar-2026,ATM Withdrawal,0.00,612.89,"41,101.94"
ID16106,06-Mar-2026,Direct Deposit,"3,306.64",0.00,"69,285.92"
ID16106,06-Jan-2026,Charge,0.00,976.14,"15,126.66"
ID16106,21-Jan-2026,Interest,437.19,0.00,"69,854.36"
ID16106,31-Mar-2026,Payment,"1,890.97",0.00,"54,519.91"
ID16106,04-Mar-2026,Interest,77.70,0.00,"6,944.14"
ID16106,16-Jan-2026,Payment,494.12,0.00,"89,756.33"
ID16106,23-Jan-2026,Reversal,370.66,0.00,"22,686.19"
ID16106,09-Feb-2026,Transfer,"1,462.78",0.00,"92,008.44"
ID16106,15-Feb-2026,ATM Withdrawal,0.00,288.23,"51,893.70"
ID16106,07-Feb-2026,Payment,"1,370.82",0.00,"74,661.18"
ID16106,03-Jan-2026,Transfer,388.45,0.00,"53,194.44"
ID16106,01-Apr-2026,ATM Withdrawal,0.00,296.71,"16,293.68"
ID16106,02-Apr-2026,Reversal,"1,366.41",0.00,"96,376.60"
ID16106,02-Feb-2026,ATM Withdrawal,0.00,774.57,"24,643.59"
ID16106,11-Jan-2026,Reversal,"1,155.68",0.00,"6,909.71"
ID16106,17-Mar-2026,Reversal,618.65,0.00,"1,441.90"
ID16106,08-Feb-2026,Charge,0.00,779.52,"30,704.81"
ID16106,10-Jan-2026,Payment,"1,743.87",0.00,"13,763.78"
ID16106,19-Feb-2026,Payment,0.00,306.84,"24,831.06"
ID16107,24-Feb-2026,Transfer,0.00,"1,332.29","47,520.72"
ID16107,31-Mar-2026,Interest,237.98,0.00,"20,351.05"
ID16107,11-Mar-2026,Charge,0.00,812.22,"96,703.17"
ID16107,03-Jan-2026,Direct Deposit,"3,884.77",0.00,"26,740.82"
ID16107,11-Jan-2026,Direct Deposit,"1,739.58",0.00,"36,590.90"
ID16107,09-Jan-2026,Debit Card,0.00,662.74,"90,532.09"
ID16107,19-Feb-2026,ATM Withdrawal,0.00,364.29,"15,924.03"
ID16107,02-Apr-2026,Reversal,0.00,"1,298.98","16,007.36"
ID16107,09-Mar-2026,Debit Card,0.00,859.33,"61,105.01"
ID16107,13-Jan-2026,Reversal,0.00,"1,320.95","69,171.15"
ID16107,27-Feb-2026,Charge,0.00,736.07,"94,103.36"
ID16107,21-Mar-2026,Charge,0.00,983.91,"48,052.36"
ID16107,30-Jan-2026,Direct Deposit,"1,330.21",0.00,"14,649.96"
ID16107,28-Feb-2026,Reversal,0.00,"1,306.97","57,531.42"
ID16107,02-Apr-2026,Debit Card,0.00,985.68,"29,818.32"
ID16107,05-Jan-2026,Charge,0.00,573.16,"92,943.94"
ID16107,04-Mar-2026,Charge,0.00,79.49,"27,874.38"
ID16107,13-Mar-2026,Payment,"1,417.94",0.00,"82,225.07"
ID16107,13-Jan-2026,Interest,222.07,0.00,"40,817.84"
ID16107,16-Feb-2026,Payment,678.11,0.00,"84,445.99"
ID16108,17-Mar-2026,Interest,143.53,0.00,"24,491.71"
ID16108,18-Feb-2026,ATM Withdrawal,0.00,659.34,"53,916.36"
ID16108,16-Jan-2026,Direct Deposit,"2,731.85",0.00,"60,191.12"
ID16108,10-Mar-2026,Debit Card,0.00,423.01,"44,171.83"
ID16108,17-Mar-2026,ATM Withdrawal,0.00,108.92,"64,358.34"
ID16108,06-Jan-2026,Transfer,671.24,0.00,"36,336.79"
ID16108,03-Jan-2026,Reversal,0.00,585.87,"38,022.34"
ID16108,19-Feb-2026,Direct Deposit,989.51,0.00,"79,393.06"
ID16108,02-Apr-2026,Direct Deposit,"2,591.68",0.00,"52,634.01"
ID16108,24-Mar-2026,Transfer,648.71,0.00,"17,088.32"
ID16108,23-Feb-2026,Direct Deposit,"4,201.30",0.00,"51,047.39"
ID16108,28-Feb-2026,Charge,0.00,66.22,"17,948.36"
ID16108,19-Feb-2026,Debit Card,0.00,986.09,"36,801.51"
ID16108,27-Mar-2026,Transfer,0.00,854.77,"8,758.06"
ID16108,13-Jan-2026,Interest,253.94,0.00,"46,570.34"
ID16108,17-Feb-2026,Interest,285.02,0.00,"87,300.55"
ID16108,19-Mar-2026,Charge,0.00,663.51,"61,126.35"
ID16108,28-Mar-2026,Debit Card,0.00,620.24,"50,187.78"
ID16108,20-Jan-2026,ATM Withdrawal,0.00,539.77,"4,950.10"
ID16108,06-Feb-2026,Direct Deposit,"3,394.60",0.00,"40,499.10"
ID16109,20-Mar-2026,Interest,159.13,0.00,"71,680.33"
ID16109,08-Feb-2026,Payment,860.53,0.00,"20,526.77"
ID16109,14-Feb-2026,Interest,263.98,0.00,"3,356.57"
ID16109,03-Apr-2026,ATM Withdrawal,0.00,439.40,"82,971.54"
ID16109,21-Jan-2026,Charge,0.00,914.28,"83,743.62"
ID16109,19-Feb-2026,ATM Withdrawal,0.00,58.42,"38,353.82"
ID16109,07-Mar-2026,Reversal,"1,465.73",0.00,"66,230.28"
ID16109,23-Mar-2026,ATM Withdrawal,0.00,528.39,"40,351.77"
ID16109,09-Jan-2026,ATM Withdrawal,0.00,510.47,"73,153.99"
ID16109,10-Mar-2026,Charge,0.00,448.62,"73,228.28"
ID16109,31-Jan-2026,Transfer,0.00,960.17,"10,300.23"
ID16109,02-Apr-2026,ATM Withdrawal,0.00,432.13,"51,167.12"
ID16109,26-Jan-2026,Reversal,0.00,291.81,"23,325.28"
ID16109,30-Jan-2026,Interest,247.22,0.00,"11,000.33"
ID16109,09-Mar-2026,Direct Deposit,"4,944.09",0.00,"75,405.03"
ID16109,13-Feb-2026,ATM Withdrawal,0.00,285.42,"45,160.94"
ID16109,03-Feb-2026,Debit Card,0.00,627.56,"28,069.51"
ID16109,14-Feb-2026,Payment,"1,111.62",0.00,"35,856.16"
ID16109,11-Mar-2026,Reversal,"1,457.09",0.00,"60,252.26"
ID16109,13-Mar-2026,Direct Deposit,"1,850.01",0.00,"9,184.00"
ID16110,01-Apr-2026,Direct Deposit,"2,263.83",0.00,"36,454.54"
ID16110,28-Jan-2026,Direct Deposit,"4,229.03",0.00,"33,271.11"
ID16110,25-Jan-2026,Transfer,0.00,"1,118.07","98,271.19"
ID16110,03-Apr-2026,Direct Deposit,"1,833.54",0.00,"65,697.05"
ID16110,14-Mar-2026,Direct Deposit,695.50,0.00,"57,160.80"
ID16110,08-Jan-2026,Interest,297.48,0.00,"69,592.09"
ID16110,04-Feb-2026,Transfer,"1,765.84",0.00,"97,315.84"
ID16110,01-Mar-2026,Reversal,"1,495.82",0.00,"31,687.47"
ID16110,21-Mar-2026,Debit Card,0.00,506.65,"38,842.57"
ID16110,16-Mar-2026,Debit Card,0.00,905.08,"17,796.51"
ID16110,11-Feb-2026,Interest,450.73,0.00,"3,990.00"
ID16110,07-Mar-2026,Direct Deposit,"3,633.33",0.00,"46,561.34"
ID16110,20-Jan-2026,Debit Card,0.00,157.21,"72,327.82"
ID16110,28-Feb-2026,Reversal,0.00,705.93,"53,534.94"
ID16110,18-Feb-2026,Debit Card,0.00,346.74,"36,525.80"
ID16110,13-Jan-2026,Transfer,0.00,285.05,"97,848.88"
ID16110,13-Jan-2026,Direct Deposit,"3,575.86",0.00,"98,790.47"
ID16110,14-Feb-2026,Payment,0.00,543.67,"21,308.60"
ID16110,02-Apr-2026,ATM Withdrawal,0.00,675.84,"8,321.04"
ID16110,20-Mar-2026,Reversal,463.32,0.00,"27,177.65"
ID16111,02-Apr-2026,Transfer,"1,271.66",0.00,"35,413.08"
ID16111,27-Jan-2026,Transfer,206.39,0.00,"49,764.50"
ID16111,12-Mar-2026,Payment,"1,673.15",0.00,"50,290.75"
ID16111,01-Mar-2026,Direct Deposit,"3,160.48",0.00,"98,037.75"
ID16111,29-Mar-2026,Reversal,"1,799.25",0.00,"72,758.96"
ID16111,25-Feb-2026,Direct Deposit,"2,364.95",0.00,"81,534.07"
ID16111,29-Jan-2026,Interest,174.34,0.00,"2,838.68"
ID16111,24-Jan-2026,Debit Card,0.00,400.86,"68,896.19"
ID16111,27-Jan-2026,Direct Deposit,"3,986.45",0.00,"95,215.85"
ID16111,01-Feb-2026,Reversal,0.00,555.65,"98,025.40"
ID16111,05-Jan-2026,Payment,"1,498.96",0.00,"14,396.79"
ID16111,17-Mar-2026,Charge,0.00,748.96,"49,974.34"
ID16111,18-Mar-2026,Payment,328.57,0.00,"69,772.16"
ID16111,24-Feb-2026,Interest,301.87,0.00,"79,775.14"
ID16111,14-Jan-2026,Charge,0.00,567.95,"1,860.54"
ID16111,18-Feb-2026,Transfer,614.70,0.00,"61,800.01"
ID16111,12-Mar-2026,Direct Deposit,"4,550.73",0.00,"19,206.46"
ID16111,31-Jan-2026,Interest,44.20,0.00,"7,194.38"
ID16111,17-Feb-2026,Direct Deposit,"2,954.01",0.00,"22,573.20"
ID16111,03-Feb-2026,ATM Withdrawal,0.00,580.11,"37,411.78"
ID16112,09-Jan-2026,Direct Deposit,"2,286.91",0.00,"96,873.92"
ID16112,29-Jan-2026,Direct Deposit,"3,902.69",0.00,"80,192.35"
ID16112,18-Jan-2026,Direct Deposit,"4,377.91",0.00,"66,660.44"
ID16112,28-Jan-2026,Reversal,0.00,"1,323.25","65,546.86"
ID16112,14-Feb-2026,Charge,0.00,69.29,"25,469.13"
ID16112,25-Jan-2026,Transfer,0.00,988.72,"21,188.52"
ID16112,27-Feb-2026,Interest,239.56,0.00,"21,533.51"
ID16112,03-Apr-2026,Interest,190.15,0.00,"72,330.54"
ID16112,09-Mar-2026,Payment,497.06,0.00,"16,893.57"
ID16112,03-Mar-2026,Reversal,0.00,247.56,"61,529.22"
ID16112,17-Feb-2026,Debit Card,0.00,93.67,"26,784.90"
ID16112,16-Feb-2026,Transfer,0.00,"1,389.62","65,935.12"
ID16112,12-Mar-2026,Transfer,"1,486.40",0.00,"5,549.74"
ID16112,24-Mar-2026,Debit Card,0.00,689.03,"45,152.85"
ID16112,30-Jan-2026,Transfer,"1,010.64",0.00,"39,627.34"
ID16112,21-Jan-2026,Charge,0.00,329.11,"54,510.81"
ID16112,26-Feb-2026,Direct Deposit,"1,497.65",0.00,"60,530.66"
ID16112,20-Mar-2026,Reversal,239.83,0.00,"53,733.74"
ID16112,09-Jan-2026,Payment,344.73,0.00,"64,133.09"
ID16112,15-Feb-2026,Interest,118.08,0.00,"45,546.06"
ID16113,08-Jan-2026,Charge,0.00,310.32,"17,219.32"
ID16113,11-Mar-2026,Debit Card,0.00,61.51,"38,732.94"
ID16113,07-Feb-2026,Payment,370.63,0.00,"6,323.97"
ID16113,21-Feb-2026,Direct Deposit,"4,429.49",0.00,"17,369.95"
ID16113,09-Jan-2026,ATM Withdrawal,0.00,680.22,"31,070.94"
ID16113,12-Feb-2026,Payment,479.71,0.00,"4,376.88"
ID16113,01-Apr-2026,Interest,256.22,0.00,"33,264.24"
ID16113,04-Mar-2026,Debit Card,0.00,219.45,"73,155.32"
ID16113,07-Mar-2026,Interest,490.54,0.00,"63,583.62"
ID16113,18-Jan-2026,Reversal,"1,900.69",0.00,"61,084.05"
ID16113,27-Feb-2026,Debit Card,0.00,966.59,"68,539.67"
ID16113,06-Jan-2026,Reversal,0.00,"1,300.93","38,725.52"
ID16113,06-Mar-2026,Direct Deposit,"1,170.54",0.00,"5,228.93"
ID16113,12-Feb-2026,Payment,126.45,0.00,"17,560.08"
ID16113,22-Feb-2026,Reversal,0.00,765.96,"37,104.56"
ID16113,08-Mar-2026,Charge,0.00,787.89,"96,622.54"
ID16113,06-Feb-2026,Direct Deposit,905.78,0.00,"46,609.07"
ID16113,17-Feb-2026,Transfer,0.00,"1,028.16","82,953.25"
ID16113,05-Feb-2026,ATM Withdrawal,0.00,265.90,"56,803.26"
ID16113,14-Feb-2026,Payment,242.06,0.00,"43,932.57"
ID16114,07-Mar-2026,Payment,"1,448.01",0.00,"69,693.85"
ID16114,11-Feb-2026,Payment,0.00,231.03,"66,383.24"
ID16114,23-Feb-2026,Direct Deposit,"1,981.77",0.00,"68,223.00"
ID16114,03-Feb-2026,Charge,0.00,107.82,"93,955.14"
ID16114,03-Feb-2026,Interest,207.41,0.00,"38,336.83"
ID16114,23-Mar-2026,Interest,183.41,0.00,"14,823.25"
ID16114,17-Jan-2026,Interest,361.27,0.00,"49,707.32"
ID16114,30-Jan-2026,Interest,381.66,0.00,"86,200.86"
ID16114,19-Mar-2026,Direct Deposit,"3,041.12",0.00,"32,679.14"
ID16114,16-Jan-2026,Transfer,0.00,371.39,"47,468.34"
ID16114,09-Feb-2026,Charge,0.00,651.79,"12,621.33"
ID16114,26-Feb-2026,Debit Card,0.00,44.91,"71,206.10"
ID16114,05-Mar-2026,Interest,215.21,0.00,"19,174.74"
ID16114,03-Jan-2026,Transfer,498.34,0.00,"46,448.08"
ID16114,01-Feb-2026,Transfer,211.73,0.00,"60,997.19"
ID16114,08-Mar-2026,Direct Deposit,513.95,0.00,"94,764.64"
ID16114,30-Jan-2026,Direct Deposit,"2,788.68",0.00,"77,561.76"
ID16114,27-Jan-2026,Payment,995.31,0.00,"67,190.22"
ID16114,05-Feb-2026,Charge,0.00,393.11,"20,472.78"
ID16114,18-Jan-2026,Interest,318.88,0.00,"99,779.36"
ID16115,19-Jan-2026,Payment,0.00,"1,064.91","15,204.20"
ID16115,07-Feb-2026,Direct Deposit,"2,973.10",0.00,"17,507.48"
ID16115,02-Feb-2026,ATM Withdrawal,0.00,331.08,"90,673.10"
ID16115,30-Mar-2026,Charge,0.00,573.30,"51,127.50"
ID16115,10-Jan-2026,Debit Card,0.00,811.06,"47,118.07"
ID16115,08-Mar-2026,Interest,305.95,0.00,"36,657.33"
ID16115,28-Jan-2026,Payment,"1,875.28",0.00,"76,023.77"
ID16115,01-Apr-2026,Interest,100.90,0.00,"15,836.31"
ID16115,27-Jan-2026,Direct Deposit,"2,908.83",0.00,"65,293.51"
ID16115,13-Jan-2026,Direct Deposit,"1,864.32",0.00,"48,806.93"
ID16115,24-Feb-2026,ATM Withdrawal,0.00,528.77,"71,776.43"
ID16115,15-Mar-2026,Reversal,"1,174.67",0.00,"97,170.07"
ID16115,02-Apr-2026,Direct Deposit,"1,846.29",0.00,"8,007.33"
ID16115,15-Feb-2026,Transfer,0.00,731.98,"14,219.39"
ID16115,13-Mar-2026,Transfer,"1,853.23",0.00,"6,111.31"
ID16115,18-Mar-2026,Direct Deposit,"1,557.74",0.00,"24,854.09"
ID16115,30-Mar-2026,Interest,225.39,0.00,"13,928.33"
ID16115,30-Mar-2026,Charge,0.00,659.05,"69,966.22"
ID16115,19-Mar-2026,Interest,428.86,0.00,"75,835.96"
ID16115,06-Mar-2026,ATM Withdrawal,0.00,345.32,"90,511.82"
ID16116,16-Feb-2026,Interest,288.99,0.00,"49,954.16"
ID16116,14-Feb-2026,Transfer,130.03,0.00,"92,776.51"
ID16116,22-Mar-2026,Direct Deposit,"1,689.97",0.00,"56,490.51"
ID16116,10-Jan-2026,Charge,0.00,949.85,"24,296.01"
ID16116,23-Mar-2026,Reversal,896.21,0.00,"75,375.42"
ID16116,25-Jan-2026,ATM Withdrawal,0.00,281.13,"46,710.83"
ID16116,27-Jan-2026,Reversal,0.00,219.76,"46,901.98"
ID16116,11-Feb-2026,Transfer,"1,681.80",0.00,"89,708.69"
ID16116,17-Feb-2026,Payment,980.74,0.00,"47,641.37"
ID16116,21-Mar-2026,ATM Withdrawal,0.00,595.04,"26,109.17"
ID16116,08-Feb-2026,Reversal,881.59,0.00,"45,719.01"
ID16116,13-Mar-2026,Transfer,0.00,50.25,"55,569.16"
ID16116,05-Mar-2026,Transfer,"1,400.05",0.00,"85,559.57"
ID16116,28-Mar-2026,Transfer,0.00,323.30,"28,371.92"
ID16116,25-Mar-2026,Interest,271.53,0.00,"59,628.59"
ID16116,24-Jan-2026,Interest,399.22,0.00,"83,515.19"
ID16116,22-Jan-2026,ATM Withdrawal,0.00,402.57,"76,617.89"
ID16116,05-Feb-2026,Charge,0.00,37.46,"4,482.57"
ID16116,08-Mar-2026,ATM Withdrawal,0.00,950.77,"58,584.41"
ID16116,02-Feb-2026,Reversal,"1,863.69",0.00,"1,544.65"
ID16117,12-Mar-2026,Charge,0.00,832.65,"37,425.31"
ID16117,23-Mar-2026,Interest,242.19,0.00,"1,807.80"
ID16117,14-Mar-2026,Direct Deposit,"1,162.15",0.00,"94,755.81"
ID16117,23-Jan-2026,Interest,311.97,0.00,"76,689.07"
ID16117,11-Mar-2026,Direct Deposit,561.67,0.00,"82,126.73"
ID16117,30-Jan-2026,Payment,0.00,572.75,"38,305.40"
ID16117,26-Jan-2026,Interest,35.03,0.00,"17,990.25"
ID16117,26-Mar-2026,Reversal,0.00,"1,217.95","85,430.92"
ID16117,09-Mar-2026,Direct Deposit,"1,449.36",0.00,"15,001.12"
ID16117,16-Jan-2026,Transfer,"1,594.16",0.00,"99,467.15"
ID16117,16-Jan-2026,Interest,469.56,0.00,"79,778.74"
ID16117,21-Mar-2026,Charge,0.00,943.30,"50,124.77"
ID16117,31-Mar-2026,Direct Deposit,"2,677.81",0.00,"82,205.39"
ID16117,30-Mar-2026,Debit Card,0.00,369.79,"41,311.52"
ID16117,21-Jan-2026,Payment,"1,077.70",0.00,"38,217.85"
ID16117,16-Jan-2026,Charge,0.00,814.77,"90,425.33"
ID16117,31-Jan-2026,Reversal,0.00,"1,045.68","30,265.10"
ID16117,18-Jan-2026,Direct Deposit,"4,378.50",0.00,"67,158.69"
ID16117,05-Jan-2026,Reversal,0.00,"1,252.44","16,815.65"
ID16117,28-Feb-2026,Direct Deposit,836.23,0.00,"8,760.76"
ID16118,19-Mar-2026,Transfer,0.00,"1,176.63","3,592.79"
ID16118,19-Mar-2026,Payment,"1,276.98",0.00,"18,638.08"
ID16118,04-Jan-2026,Direct Deposit,"3,712.40",0.00,"46,190.76"
ID16118,21-Mar-2026,Reversal,"1,035.44",0.00,"63,795.29"
ID16118,01-Mar-2026,Charge,0.00,436.01,"15,062.09"
ID16118,25-Jan-2026,Interest,103.13,0.00,"65,244.58"
ID16118,03-Mar-2026,ATM Withdrawal,0.00,840.84,"37,561.23"
ID16118,01-Mar-2026,Reversal,0.00,206.49,"20,227.29"
ID16118,26-Jan-2026,Transfer,424.29,0.00,"33,122.94"
ID16118,13-Jan-2026,Payment,0.00,345.52,"47,934.58"
ID16118,06-Feb-2026,Transfer,0.00,"1,207.01","58,160.61"
ID16118,14-Mar-2026,Debit Card,0.00,82.76,"22,228.72"
ID16118,22-Jan-2026,Interest,219.52,0.00,"24,090.41"
ID16118,24-Mar-2026,Payment,"1,656.70",0.00,"8,117.39"
ID16118,31-Jan-2026,Interest,256.29,0.00,"9,901.66"
ID16118,13-Jan-2026,Payment,"1,921.24",0.00,"45,949.69"
ID16118,17-Mar-2026,Interest,252.05,0.00,"91,507.60"
ID16118,05-Feb-2026,Payment,"1,034.17",0.00,"99,696.84"
ID16118,21-Jan-2026,Reversal,0.00,907.57,"1,488.46"
ID16118,25-Feb-2026,Interest,270.83,0.00,"56,381.11"
ID16119,19-Mar-2026,Charge,0.00,589.23,"58,642.27"
ID16119,19-Mar-2026,Reversal,0.00,959.37,"39,724.24"
ID16119,07-Feb-2026,ATM Withdrawal,0.00,376.88,"50,345.39"
ID16119,12-Jan-2026,Transfer,644.18,0.00,"19,738.08"
ID16119,20-Feb-2026,ATM Withdrawal,0.00,189.96,"55,859.48"
ID16119,09-Mar-2026,Charge,0.00,870.07,"44,835.31"
ID16119,06-Jan-2026,Direct Deposit,"2,085.38",0.00,"29,113.69"
ID16119,28-Jan-2026,Direct Deposit,"2,759.77",0.00,"58,137.05"
ID16119,07-Jan-2026,Interest,279.25,0.00,"69,289.36"
ID16119,17-Feb-2026,Reversal,674.42,0.00,"4,482.56"
ID16119,23-Mar-2026,Reversal,"1,154.38",0.00,"59,741.35"
ID16119,03-Mar-2026,Charge,0.00,368.77,"29,030.54"
ID16119,12-Feb-2026,Reversal,"1,395.29",0.00,"46,203.93"
ID16119,12-Mar-2026,Transfer,"1,267.89",0.00,"36,858.69"
ID16119,13-Jan-2026,ATM Withdrawal,0.00,138.11,"80,240.53"
ID16119,03-Jan-2026,ATM Withdrawal,0.00,995.63,"84,552.23"
ID16119,17-Mar-2026,Charge,0.00,898.08,"80,451.06"
ID16119,26-Jan-2026,Payment,0.00,"1,399.71","50,644.64"
ID16119,30-Jan-2026,Payment,789.67,0.00,"97,601.89"
ID16119,05-Jan-2026,Payment,"1,419.30",0.00,"89,810.85"
ID16120,14-Mar-2026,Debit Card,0.00,686.68,"78,806.32"
ID16120,26-Jan-2026,Charge,0.00,673.88,"12,426.25"
ID16120,13-Feb-2026,Transfer,0.00,469.01,"53,001.19"
ID16120,07-Jan-2026,Interest,444.85,0.00,"7,707.87"
ID16120,23-Feb-2026,Charge,0.00,158.50,"25,546.04"
ID16120,13-Feb-2026,Transfer,0.00,708.61,"60,730.18"
ID16120,24-Jan-2026,Charge,0.00,832.32,"77,920.70"
ID16120,05-Jan-2026,Transfer,0.00,527.90,"93,510.91"
ID16120,10-Mar-2026,Transfer,0.00,274.89,"8,702.71"
ID16120,01-Mar-2026,ATM Withdrawal,0.00,156.02,"27,380.17"
ID16120,20-Jan-2026,Interest,427.98,0.00,"21,547.82"
ID16120,31-Jan-2026,Charge,0.00,281.03,"97,131.57"
ID16120,09-Mar-2026,Transfer,831.09,0.00,"47,130.58"
ID16120,13-Feb-2026,Charge,0.00,174.50,"76,158.53"
ID16120,05-Mar-2026,Reversal,438.96,0.00,"29,400.60"
ID16120,23-Jan-2026,Direct Deposit,"1,292.83",0.00,"58,249.28"
ID16120,08-Mar-2026,Debit Card,0.00,29.59,"29,311.94"
ID16120,17-Feb-2026,ATM Withdrawal,0.00,282.59,"62,461.04"
ID16120,13-Jan-2026,Charge,0.00,156.21,"3,328.62"
ID16120,23-Mar-2026,Debit Card,0.00,278.54,"79,346.26"
ID16121,18-Feb-2026,Debit Card,0.00,470.92,"76,560.82"
ID16121,20-Jan-2026,Charge,0.00,251.36,"90,193.88"
ID16121,15-Feb-2026,Payment,"1,922.61",0.00,"68,474.40"
ID16121,06-Jan-2026,Interest,125.65,0.00,"59,230.82"
ID16121,21-Feb-2026,ATM Withdrawal,0.00,543.75,"86,789.91"
ID16121,26-Feb-2026,Direct Deposit,691.91,0.00,"46,507.81"
ID16121,05-Feb-2026,Direct Deposit,"3,831.59",0.00,"98,632.10"
ID16121,12-Jan-2026,Transfer,184.96,0.00,"56,106.71"
ID16121,30-Mar-2026,ATM Withdrawal,0.00,238.85,"28,921.25"
ID16121,01-Apr-2026,Interest,45.64,0.00,"16,789.27"
ID16121,27-Feb-2026,ATM Withdrawal,0.00,99.22,"36,014.63"
ID16121,11-Jan-2026,Direct Deposit,"2,013.98",0.00,"35,300.11"
ID16121,03-Jan-2026,Transfer,0.00,691.51,"19,984.43"
ID16121,04-Jan-2026,Reversal,"1,270.49",0.00,"6,110.65"
ID16121,11-Jan-2026,Payment,0.00,853.82,"21,561.00"
ID16121,09-Mar-2026,Payment,130.92,0.00,"57,661.69"
ID16121,04-Feb-2026,Interest,81.67,0.00,"45,188.50"
ID16121,08-Mar-2026,Payment,143.34,0.00,"34,379.38"
ID16121,07-Mar-2026,Payment,742.33,0.00,"86,113.15"
ID16121,17-Mar-2026,ATM Withdrawal,0.00,391.36,"70,017.17"
ID16122,20-Feb-2026,ATM Withdrawal,0.00,743.32,"1,608.36"
ID16122,28-Mar-2026,Payment,"1,735.09",0.00,"17,589.12"
ID16122,22-Mar-2026,Direct Deposit,"1,671.87",0.00,"68,707.58"
ID16122,01-Feb-2026,Transfer,0.00,"1,470.45","83,927.03"
ID16122,13-Mar-2026,ATM Withdrawal,0.00,867.94,"2,894.69"
ID16122,11-Mar-2026,Transfer,0.00,702.00,"39,746.12"
ID16122,23-Jan-2026,Payment,0.00,666.06,"97,216.07"
ID16122,05-Jan-2026,Direct Deposit,"2,518.10",0.00,"27,476.75"
ID16122,07-Mar-2026,Reversal,0.00,391.34,"56,463.39"
ID16122,24-Mar-2026,Reversal,971.19,0.00,"76,965.69"
ID16122,19-Mar-2026,ATM Withdrawal,0.00,358.26,"43,296.24"
ID16122,01-Feb-2026,Debit Card,0.00,47.76,"2,378.54"
ID16122,23-Jan-2026,Transfer,0.00,943.15,"28,884.60"
ID16122,29-Mar-2026,Reversal,613.36,0.00,"59,019.76"
ID16122,10-Feb-2026,Debit Card,0.00,385.77,"89,220.17"
ID16122,06-Mar-2026,Charge,0.00,173.67,"72,743.20"
ID16122,25-Jan-2026,Charge,0.00,181.50,"17,789.95"
ID16122,22-Feb-2026,Interest,433.95,0.00,"38,819.61"
ID16122,15-Jan-2026,Payment,0.00,975.71,"5,813.34"
ID16122,18-Mar-2026,Interest,148.60,0.00,"17,697.05"
ID16123,30-Mar-2026,Debit Card,0.00,176.44,"74,681.84"
ID16123,18-Feb-2026,Payment,"1,951.08",0.00,"92,552.18"
ID16123,25-Mar-2026,Interest,108.60,0.00,"92,852.00"
ID16123,01-Mar-2026,Charge,0.00,410.41,"52,913.35"
ID16123,06-Jan-2026,Reversal,0.00,"1,236.81","19,440.36"
ID16123,28-Mar-2026,Transfer,336.53,0.00,"4,498.71"
ID16123,18-Jan-2026,Interest,191.23,0.00,"48,264.76"
ID16123,22-Feb-2026,ATM Withdrawal,0.00,99.61,"72,714.28"
ID16123,03-Apr-2026,Charge,0.00,192.01,"32,557.88"
ID16123,05-Mar-2026,Interest,443.01,0.00,"12,473.51"
ID16123,21-Feb-2026,Transfer,0.00,217.77,"35,982.54"
ID16123,28-Jan-2026,Payment,"1,778.16",0.00,"93,477.99"
ID16123,04-Mar-2026,Payment,0.00,519.67,"50,950.75"
ID16123,21-Mar-2026,Interest,498.60,0.00,"35,945.53"
ID16123,04-Feb-2026,ATM Withdrawal,0.00,585.44,"26,260.66"
ID16123,20-Mar-2026,Direct Deposit,"2,167.86",0.00,"41,891.51"
ID16123,24-Jan-2026,Payment,0.00,886.41,"81,652.19"
ID16123,17-Feb-2026,Reversal,390.77,0.00,"56,593.47"
ID16123,02-Apr-2026,Direct Deposit,"4,533.05",0.00,"81,837.86"
ID16123,26-Jan-2026,Payment,"1,481.66",0.00,"83,922.55"
ID16124,25-Feb-2026,Interest,160.51,0.00,"20,153.33"
ID16124,15-Mar-2026,Charge,0.00,667.64,"81,034.01"
ID16124,27-Jan-2026,Debit Card,0.00,440.26,"86,399.58"
ID16124,17-Mar-2026,Debit Card,0.00,332.55,"46,239.98"
ID16124,17-Jan-2026,Interest,130.11,0.00,"80,563.30"
ID16124,27-Mar-2026,Transfer,"1,641.54",0.00,"70,150.52"
ID16124,07-Feb-2026,Debit Card,0.00,350.48,"39,483.55"
ID16124,29-Jan-2026,Direct Deposit,686.31,0.00,"71,015.30"
ID16124,03-Jan-2026,ATM Withdrawal,0.00,833.15,"76,531.51"
ID16124,29-Mar-2026,Interest,391.11,0.00,"90,461.89"
ID16124,07-Mar-2026,Interest,37.97,0.00,"87,312.11"
ID16124,28-Feb-2026,Interest,84.10,0.00,"60,679.43"
ID16124,27-Jan-2026,Payment,0.00,"1,203.76","77,538.28"
ID16124,16-Jan-2026,Debit Card,0.00,765.48,"51,047.44"
ID16124,30-Mar-2026,Payment,424.29,0.00,"32,995.43"
ID16124,09-Jan-2026,Reversal,0.00,"1,446.03","12,422.16"
ID16124,02-Mar-2026,Debit Card,0.00,164.23,"42,804.39"
ID16124,14-Feb-2026,ATM Withdrawal,0.00,106.98,"23,469.39"
ID16124,06-Feb-2026,Reversal,0.00,187.53,"60,515.40"
ID16124,14-Feb-2026,Direct Deposit,"3,064.61",0.00,"6,854.13"
ID16125,10-Feb-2026,Direct Deposit,"4,833.63",0.00,"15,754.48"
ID16125,19-Mar-2026,Direct Deposit,"1,225.07",0.00,"2,476.34"
ID16125,20-Mar-2026,Transfer,0.00,"1,339.14","35,477.75"
ID16125,22-Jan-2026,Interest,298.87,0.00,"68,132.16"
ID16125,17-Jan-2026,ATM Withdrawal,0.00,331.51,"67,439.41"
ID16125,21-Feb-2026,Payment,0.00,270.91,"47,221.91"
ID16125,02-Feb-2026,Charge,0.00,748.54,"42,767.90"
ID16125,20-Feb-2026,ATM Withdrawal,0.00,421.43,"86,866.66"
ID16125,02-Feb-2026,Payment,740.44,0.00,"59,926.40"
ID16125,11-Mar-2026,Reversal,0.00,522.92,"58,980.09"
ID16125,21-Jan-2026,Charge,0.00,321.02,"38,163.77"
ID16125,23-Jan-2026,Debit Card,0.00,421.76,"81,700.75"
ID16125,28-Jan-2026,Debit Card,0.00,873.94,"55,274.29"
ID16125,04-Jan-2026,Interest,358.82,0.00,"55,014.60"
ID16125,22-Jan-2026,Reversal,0.00,"1,088.40","37,009.75"
ID16125,31-Jan-2026,Debit Card,0.00,342.45,"4,402.68"
ID16125,03-Feb-2026,Reversal,790.30,0.00,"49,675.82"
ID16125,28-Jan-2026,Transfer,0.00,431.94,"78,903.72"
ID16125,14-Jan-2026,Direct Deposit,"4,285.21",0.00,"1,323.90"
ID16125,08-Feb-2026,ATM Withdrawal,0.00,981.84,"66,340.20"
ID16126,05-Jan-2026,Transfer,"1,945.05",0.00,"20,144.24"
ID16126,23-Feb-2026,Transfer,0.00,"1,015.37","48,779.40"
ID16126,18-Feb-2026,Payment,0.00,910.44,"44,453.00"
ID16126,11-Jan-2026,Debit Card,0.00,630.29,"41,817.33"
ID16126,09-Mar-2026,Interest,431.62,0.00,"66,195.52"
ID16126,08-Jan-2026,Debit Card,0.00,466.94,"17,862.14"
ID16126,09-Jan-2026,Payment,212.26,0.00,"84,975.43"
ID16126,03-Feb-2026,Direct Deposit,677.29,0.00,"61,383.48"
ID16126,26-Feb-2026,Payment,"1,880.52",0.00,"26,795.93"
ID16126,27-Mar-2026,ATM Withdrawal,0.00,598.77,"81,989.70"
ID16126,15-Mar-2026,Interest,236.15,0.00,"54,999.38"
ID16126,03-Mar-2026,Debit Card,0.00,207.08,"13,909.83"
ID16126,05-Feb-2026,ATM Withdrawal,0.00,303.95,"2,697.62"
ID16126,13-Feb-2026,Debit Card,0.00,438.18,"79,393.90"
ID16126,10-Jan-2026,Payment,0.00,"1,319.44","40,986.77"
ID16126,28-Jan-2026,ATM Withdrawal,0.00,17.42,"95,680.91"
ID16126,15-Jan-2026,Transfer,637.78,0.00,"74,621.43"
ID16126,13-Mar-2026,Transfer,0.00,317.76,"9,158.50"
ID16126,04-Feb-2026,Payment,0.00,"1,111.53","76,395.87"
ID16126,23-Feb-2026,Reversal,0.00,399.57,"89,864.40"
ID16127,15-Mar-2026,Direct Deposit,"3,935.58",0.00,"45,740.71"
ID16127,13-Feb-2026,Debit Card,0.00,878.64,"66,856.01"
ID16127,04-Feb-2026,Interest,197.96,0.00,"94,337.00"
ID16127,29-Jan-2026,Direct Deposit,"1,275.33",0.00,"63,223.18"
ID16127,12-Mar-2026,Direct Deposit,"4,607.42",0.00,"52,824.62"
ID16127,04-Mar-2026,Direct Deposit,"1,947.43",0.00,"48,559.68"
ID16127,28-Mar-2026,Reversal,176.91,0.00,"60,858.47"
ID16127,03-Jan-2026,Interest,454.11,0.00,"5,377.66"
ID16127,18-Mar-2026,Transfer,"1,075.31",0.00,"87,847.18"
ID16127,01-Mar-2026,Payment,0.00,185.07,"3,398.63"
ID16127,03-Apr-2026,Direct Deposit,"4,268.13",0.00,"94,883.05"
ID16127,27-Feb-2026,Interest,135.15,0.00,"75,098.99"
ID16127,28-Jan-2026,Payment,232.91,0.00,"71,108.38"
ID16127,05-Feb-2026,Interest,369.53,0.00,"15,190.79"
ID16127,20-Feb-2026,Transfer,0.00,"1,068.24","19,249.60"
ID16127,10-Feb-2026,Direct Deposit,"3,120.36",0.00,"50,157.16"
ID16127,01-Mar-2026,Reversal,620.39,0.00,"53,223.17"
ID16127,28-Feb-2026,Debit Card,0.00,157.81,"86,201.99"
ID16127,25-Mar-2026,Transfer,"1,910.64",0.00,"59,812.78"
ID16127,12-Feb-2026,Debit Card,0.00,110.10,"51,635.26"
ID16128,25-Jan-2026,Interest,374.02,0.00,"27,338.94"
ID16128,11-Jan-2026,Interest,68.97,0.00,"49,805.64"
ID16128,02-Feb-2026,ATM Withdrawal,0.00,809.38,"42,961.33"
ID16128,07-Jan-2026,Interest,299.15,0.00,"57,952.16"
ID16128,13-Jan-2026,Reversal,"1,773.28",0.00,"11,218.44"
ID16128,04-Mar-2026,Charge,0.00,738.55,"54,223.63"
ID16128,18-Feb-2026,Payment,"1,351.00",0.00,"39,510.69"
ID16128,31-Jan-2026,Direct Deposit,"3,844.63",0.00,"25,960.19"
ID16128,07-Feb-2026,ATM Withdrawal,0.00,289.55,"84,458.97"
ID16128,08-Feb-2026,Transfer,859.64,0.00,"1,765.31"
ID16128,08-Jan-2026,Direct Deposit,"3,785.28",0.00,"53,087.31"
ID16128,28-Mar-2026,Charge,0.00,854.92,"67,157.24"
ID16128,24-Feb-2026,ATM Withdrawal,0.00,455.81,"96,573.94"
ID16128,17-Feb-2026,Interest,221.96,0.00,"26,858.91"
ID16128,17-Mar-2026,Payment,"1,367.08",0.00,"49,109.89"
ID16128,03-Feb-2026,Charge,0.00,849.31,"76,509.63"
ID16128,09-Mar-2026,Charge,0.00,296.15,"12,354.70"
ID16128,19-Feb-2026,Debit Card,0.00,598.74,"28,139.62"
ID16128,31-Mar-2026,Payment,"1,917.94",0.00,"27,538.97"
ID16128,03-Apr-2026,Charge,0.00,76.16,"89,476.42"
ID16129,25-Mar-2026,ATM Withdrawal,0.00,975.97,"99,781.79"
ID16129,12-Feb-2026,Debit Card,0.00,18.47,"32,043.30"
ID16129,03-Jan-2026,Direct Deposit,"4,552.51",0.00,"2,959.55"
ID16129,01-Feb-2026,ATM Withdrawal,0.00,69.62,"36,748.29"
ID16129,26-Jan-2026,Interest,24.20,0.00,"71,669.91"
ID16129,31-Mar-2026,Transfer,904.11,0.00,"54,965.29"
ID16129,23-Mar-2026,ATM Withdrawal,0.00,560.22,"93,902.99"
ID16129,12-Mar-2026,Interest,270.08,0.00,"48,155.10"
ID16129,24-Mar-2026,ATM Withdrawal,0.00,613.97,"76,281.63"
ID16129,08-Mar-2026,Reversal,0.00,360.30,"47,123.50"
ID16129,24-Jan-2026,Direct Deposit,"3,802.03",0.00,"16,852.51"
ID16129,03-Apr-2026,Transfer,0.00,"1,397.70","76,765.91"
ID16129,06-Mar-2026,Interest,104.44,0.00,"40,061.79"
ID16129,15-Jan-2026,Transfer,0.00,"1,422.05","27,109.67"
ID16129,26-Jan-2026,Debit Card,0.00,914.08,"65,297.76"
ID16129,09-Jan-2026,Transfer,"1,283.12",0.00,"44,623.18"
ID16129,08-Feb-2026,Reversal,"1,502.15",0.00,"55,113.78"
ID16129,27-Jan-2026,Direct Deposit,"4,220.57",0.00,"18,254.72"
ID16129,24-Jan-2026,Transfer,0.00,627.94,"93,263.87"
ID16129,02-Feb-2026,Debit Card,0.00,626.06,"50,044.39"
ID16130,29-Jan-2026,Payment,0.00,"1,346.83","42,416.78"
ID16130,26-Jan-2026,Payment,0.00,961.85,"83,652.92"
ID16130,01-Feb-2026,ATM Withdrawal,0.00,757.13,"4,202.14"
ID16130,24-Jan-2026,Charge,0.00,38.00,"89,676.28"
ID16130,03-Feb-2026,Direct Deposit,"3,528.07",0.00,"40,628.52"
ID16130,14-Mar-2026,Interest,448.64,0.00,"38,445.05"
ID16130,19-Mar-2026,Reversal,0.00,"1,372.28","76,774.68"
ID16130,27-Feb-2026,Direct Deposit,"4,992.17",0.00,"49,541.08"
ID16130,16-Jan-2026,Direct Deposit,"3,588.58",0.00,"19,711.10"
ID16130,05-Mar-2026,Charge,0.00,919.31,"25,047.12"
ID16130,26-Jan-2026,Transfer,0.00,"1,128.92","8,185.04"
ID16130,21-Jan-2026,Direct Deposit,"3,146.42",0.00,"27,730.85"
ID16130,07-Mar-2026,Direct Deposit,"1,136.46",0.00,"29,280.03"
ID16130,12-Mar-2026,Reversal,0.00,"1,022.19","92,079.82"
ID16130,16-Jan-2026,ATM Withdrawal,0.00,629.25,"68,417.92"
ID16130,21-Jan-2026,Reversal,0.00,505.44,"41,844.55"
ID16130,27-Jan-2026,Charge,0.00,565.30,"14,632.01"
ID16130,11-Jan-2026,Reversal,0.00,489.73,"60,045.96"
ID16130,27-Feb-2026,Charge,0.00,363.50,"88,777.78"
ID16130,04-Jan-2026,Reversal,981.09,0.00,"89,779.09"
ID16131,02-Mar-2026,Charge,0.00,280.10,"82,841.91"
ID16131,27-Feb-2026,Charge,0.00,258.12,"61,940.82"
ID16131,11-Mar-2026,ATM Withdrawal,0.00,992.01,"20,648.51"
ID16131,29-Mar-2026,Charge,0.00,776.91,"26,205.59"
ID16131,05-Mar-2026,Interest,207.83,0.00,"2,100.61"
ID16131,28-Jan-2026,Charge,0.00,74.68,"2,607.42"
ID16131,12-Mar-2026,Direct Deposit,"1,714.05",0.00,"65,275.79"
ID16131,30-Mar-2026,Payment,302.51,0.00,"56,176.36"
ID16131,15-Mar-2026,Direct Deposit,"2,581.34",0.00,"45,761.36"
ID16131,15-Feb-2026,ATM Withdrawal,0.00,228.64,"90,414.58"
ID16131,27-Mar-2026,Interest,337.53,0.00,"48,196.41"
ID16131,01-Mar-2026,Debit Card,0.00,683.60,"78,117.84"
ID16131,16-Feb-2026,Charge,0.00,965.02,"68,388.59"
ID16131,25-Mar-2026,ATM Withdrawal,0.00,185.30,"33,811.20"
ID16131,11-Feb-2026,Direct Deposit,"4,905.60",0.00,"14,938.95"
ID16131,25-Feb-2026,Interest,290.35,0.00,"56,165.21"
ID16131,22-Mar-2026,Reversal,247.82,0.00,"7,659.77"
ID16131,10-Jan-2026,Transfer,968.76,0.00,"37,869.13"
ID16131,11-Jan-2026,ATM Withdrawal,0.00,640.28,"28,021.86"
ID16131,07-Feb-2026,Payment,"1,906.91",0.00,"78,821.16"
ID16132,27-Jan-2026,Interest,434.96,0.00,"42,015.36"
ID16132,11-Mar-2026,Charge,0.00,22.62,"83,435.26"
ID16132,20-Jan-2026,Reversal,"1,935.34",0.00,"71,206.67"
ID16132,23-Feb-2026,Debit Card,0.00,644.47,"83,942.09"
ID16132,25-Jan-2026,Direct Deposit,"1,742.19",0.00,"94,028.77"
ID16132,11-Feb-2026,Debit Card,0.00,763.18,"57,083.59"
ID16132,06-Feb-2026,Transfer,0.00,778.97,"41,705.44"
ID16132,15-Feb-2026,Reversal,0.00,334.38,"9,676.98"
ID16132,17-Feb-2026,Direct Deposit,"3,666.69",0.00,"63,817.78"
ID16132,06-Feb-2026,Reversal,0.00,733.59,"90,895.74"
ID16132,14-Jan-2026,Transfer,0.00,"1,246.31","59,933.74"
ID16132,27-Jan-2026,Transfer,384.23,0.00,"55,477.42"
ID16132,07-Jan-2026,Debit Card,0.00,132.61,"54,720.63"
ID16132,13-Jan-2026,Reversal,"1,716.88",0.00,"3,835.85"
ID16132,10-Feb-2026,Transfer,189.11,0.00,"92,927.52"
ID16132,23-Jan-2026,Payment,"1,320.50",0.00,"38,381.48"
ID16132,31-Jan-2026,Payment,0.00,"1,451.82","83,713.45"
ID16132,14-Jan-2026,ATM Withdrawal,0.00,229.91,"40,189.84"
ID16132,06-Feb-2026,Interest,251.08,0.00,"80,208.98"
ID16132,07-Jan-2026,Direct Deposit,"3,711.25",0.00,"72,372.65"
ID16133,04-Jan-2026,ATM Withdrawal,0.00,943.66,"62,525.15"
ID16133,15-Jan-2026,Transfer,0.00,458.66,"31,430.66"
ID16133,28-Jan-2026,Interest,403.68,0.00,"8,223.29"
ID16133,18-Feb-2026,Debit Card,0.00,80.94,"53,450.14"
ID16133,08-Mar-2026,Debit Card,0.00,612.48,"75,786.94"
ID16133,24-Mar-2026,Direct Deposit,"4,321.99",0.00,"6,491.09"
ID16133,29-Jan-2026,Transfer,431.56,0.00,"11,991.60"
ID16133,14-Jan-2026,Transfer,0.00,"1,056.56","20,778.47"
ID16133,02-Mar-2026,Interest,181.49,0.00,"77,191.78"
ID16133,25-Mar-2026,Payment,"1,387.44",0.00,"55,186.23"
ID16133,19-Feb-2026,Debit Card,0.00,998.45,"93,679.69"
ID16133,24-Mar-2026,ATM Withdrawal,0.00,627.65,"10,951.11"
ID16133,24-Feb-2026,ATM Withdrawal,0.00,910.29,"31,752.74"
ID16133,14-Mar-2026,Payment,0.00,"1,185.25","19,164.27"
ID16133,03-Jan-2026,Debit Card,0.00,457.68,"6,302.59"
ID16133,25-Jan-2026,Payment,"1,970.83",0.00,"80,238.41"
ID16133,16-Feb-2026,Interest,148.77,0.00,"94,801.91"
ID16133,30-Mar-2026,Reversal,0.00,568.65,"76,395.16"
ID16133,14-Jan-2026,Debit Card,0.00,462.04,"78,103.02"
ID16133,08-Feb-2026,Interest,187.09,0.00,"70,213.26"
ID16134,03-Jan-2026,Transfer,474.36,0.00,"73,938.22"
ID16134,12-Feb-2026,Transfer,"1,388.74",0.00,"54,261.22"
ID16134,26-Jan-2026,Debit Card,0.00,838.93,"92,740.58"
ID16134,21-Feb-2026,Debit Card,0.00,941.60,"4,231.80"
ID16134,15-Mar-2026,Transfer,112.75,0.00,"79,870.32"
ID16134,14-Mar-2026,Reversal,0.00,"1,263.31","59,818.63"
ID16134,12-Feb-2026,Debit Card,0.00,76.75,"7,597.59"
ID16134,07-Jan-2026,Interest,421.92,0.00,"80,693.37"
ID16134,12-Jan-2026,Debit Card,0.00,32.45,"35,601.36"
ID16134,01-Apr-2026,Reversal,556.15,0.00,"81,750.91"
ID16134,10-Jan-2026,Interest,312.57,0.00,"51,164.97"
ID16134,20-Jan-2026,Transfer,500.94,0.00,"68,299.20"
ID16134,02-Apr-2026,Direct Deposit,"4,742.63",0.00,"73,554.34"
ID16134,13-Feb-2026,ATM Withdrawal,0.00,414.61,"69,253.61"
ID16134,20-Mar-2026,Debit Card,0.00,975.03,"8,046.94"
ID16134,21-Mar-2026,Reversal,"1,327.66",0.00,"60,899.95"
ID16134,09-Jan-2026,Interest,336.45,0.00,"97,129.92"
ID16134,08-Mar-2026,Charge,0.00,545.20,"91,205.75"
ID16134,20-Mar-2026,Payment,222.57,0.00,"29,907.87"
ID16134,06-Feb-2026,ATM Withdrawal,0.00,568.37,"21,696.01"
ID16135,22-Mar-2026,Direct Deposit,"3,630.42",0.00,"93,906.25"
ID16135,30-Mar-2026,Charge,0.00,64.38,"68,350.11"
ID16135,03-Feb-2026,Reversal,"1,250.51",0.00,"61,051.66"
ID16135,30-Jan-2026,Transfer,432.71,0.00,"87,840.04"
ID16135,18-Feb-2026,Direct Deposit,"1,937.25",0.00,"63,351.65"
ID16135,04-Mar-2026,Debit Card,0.00,812.48,"80,231.12"
ID16135,28-Feb-2026,Transfer,0.00,"1,282.36","58,125.29"
ID16135,10-Mar-2026,ATM Withdrawal,0.00,800.06,"61,815.52"
ID16135,05-Jan-2026,Payment,0.00,862.76,"88,957.12"
ID16135,19-Feb-2026,ATM Withdrawal,0.00,782.43,"61,396.92"
ID16135,12-Mar-2026,Reversal,"1,044.04",0.00,"63,576.82"
ID16135,06-Mar-2026,Charge,0.00,47.81,"76,137.64"
ID16135,26-Feb-2026,Payment,0.00,379.53,"64,669.50"
ID16135,07-Jan-2026,Reversal,"1,308.56",0.00,"20,711.19"
ID16135,13-Feb-2026,Debit Card,0.00,380.13,"50,656.43"
ID16135,25-Jan-2026,ATM Withdrawal,0.00,190.09,"66,887.65"
ID16135,30-Jan-2026,Debit Card,0.00,380.34,"50,008.36"
ID16135,02-Feb-2026,Direct Deposit,"1,290.26",0.00,"68,185.48"
ID16135,30-Jan-2026,Direct Deposit,"1,562.53",0.00,"66,776.75"
ID16135,11-Feb-2026,ATM Withdrawal,0.00,560.85,"47,730.91"
ID16136,06-Jan-2026,Debit Card,0.00,407.76,"71,514.14"
ID16136,23-Feb-2026,Direct Deposit,"1,248.41",0.00,"16,657.52"
ID16136,23-Feb-2026,Interest,77.85,0.00,"72,963.24"
ID16136,27-Jan-2026,Transfer,408.08,0.00,"38,436.83"
ID16136,02-Apr-2026,Charge,0.00,466.90,"76,739.62"
ID16136,06-Jan-2026,Payment,"1,088.57",0.00,"13,511.86"
ID16136,09-Feb-2026,Direct Deposit,"3,988.30",0.00,"91,257.94"
ID16136,04-Feb-2026,Charge,0.00,536.83,"51,409.38"
ID16136,31-Jan-2026,Charge,0.00,62.43,"85,121.07"
ID16136,05-Feb-2026,Reversal,355.68,0.00,"2,526.80"
ID16136,01-Apr-2026,Payment,0.00,"1,326.88","35,751.20"
ID16136,20-Mar-2026,Interest,68.97,0.00,"38,703.65"
ID16136,19-Jan-2026,Interest,56.72,0.00,"21,974.13"
ID16136,26-Mar-2026,Direct Deposit,"4,985.04",0.00,"43,462.35"
ID16136,12-Mar-2026,ATM Withdrawal,0.00,993.12,"26,480.98"
ID16136,06-Mar-2026,ATM Withdrawal,0.00,564.74,"80,833.60"
ID16136,25-Jan-2026,Transfer,626.00,0.00,"44,865.52"
ID16136,11-Jan-2026,Charge,0.00,170.14,"78,453.46"
ID16136,16-Feb-2026,Debit Card,0.00,194.90,"94,956.02"
ID16136,15-Mar-2026,Charge,0.00,500.71,"19,654.43"
ID16137,03-Mar-2026,ATM Withdrawal,0.00,653.31,"10,074.60"
ID16137,27-Jan-2026,Reversal,0.00,"1,229.04","21,974.05"
ID16137,03-Apr-2026,Reversal,657.48,0.00,"38,053.70"
ID16137,25-Jan-2026,ATM Withdrawal,0.00,296.99,"92,577.17"
ID16137,08-Mar-2026,Interest,401.41,0.00,"86,794.33"
ID16137,07-Jan-2026,Reversal,504.16,0.00,"46,251.18"
ID16137,13-Mar-2026,Interest,169.84,0.00,"66,166.29"
ID16137,06-Mar-2026,Charge,0.00,592.73,"79,898.49"
ID16137,09-Feb-2026,Debit Card,0.00,444.63,"79,949.41"
ID16137,19-Jan-2026,ATM Withdrawal,0.00,568.23,"5,829.59"
ID16137,25-Feb-2026,ATM Withdrawal,0.00,919.63,"12,940.69"
ID16137,29-Jan-2026,Interest,407.65,0.00,"16,653.56"
ID16137,25-Feb-2026,Debit Card,0.00,220.24,"37,099.00"
ID16137,04-Mar-2026,Charge,0.00,35.04,"18,504.04"
ID16137,23-Jan-2026,ATM Withdrawal,0.00,235.32,"63,578.89"
ID16137,06-Feb-2026,Debit Card,0.00,389.62,"17,144.96"
ID16137,19-Jan-2026,Interest,158.27,0.00,"20,983.88"
ID16137,27-Feb-2026,Transfer,0.00,"1,035.90","90,217.17"
ID16137,22-Jan-2026,Direct Deposit,"1,608.03",0.00,"42,761.11"
ID16137,24-Jan-2026,Debit Card,0.00,422.15,"65,035.19"
ID16138,22-Mar-2026,ATM Withdrawal,0.00,65.11,"51,313.09"
ID16138,09-Feb-2026,Transfer,0.00,595.59,"23,889.20"
ID16138,01-Feb-2026,Interest,192.81,0.00,"5,238.92"
ID16138,24-Mar-2026,Interest,258.12,0.00,"23,561.09"
ID16138,05-Jan-2026,ATM Withdrawal,0.00,794.84,"59,680.72"
ID16138,29-Jan-2026,Payment,"1,039.86",0.00,"27,835.57"
ID16138,01-Feb-2026,Direct Deposit,"3,786.95",0.00,"71,081.33"
ID16138,27-Jan-2026,Reversal,"1,310.45",0.00,"11,809.35"
ID16138,10-Mar-2026,Charge,0.00,421.13,"66,364.67"
ID16138,14-Jan-2026,Transfer,0.00,"1,085.87","88,220.66"
ID16138,21-Jan-2026,Payment,0.00,51.04,"1,633.88"
ID16138,17-Feb-2026,Payment,0.00,890.21,"75,319.48"
ID16138,11-Jan-2026,Charge,0.00,825.60,"94,141.24"
ID16138,22-Feb-2026,Interest,322.68,0.00,"27,513.80"
ID16138,24-Jan-2026,ATM Withdrawal,0.00,576.00,"98,987.42"
ID16138,07-Mar-2026,Reversal,0.00,"1,243.33","46,057.23"
ID16138,23-Mar-2026,Interest,164.64,0.00,"53,722.73"
ID16138,25-Jan-2026,Charge,0.00,434.38,"54,567.83"
ID16138,29-Jan-2026,Charge,0.00,483.20,"30,820.48"
ID16138,07-Mar-2026,Payment,0.00,638.20,"35,846.51"
ID16139,18-Jan-2026,ATM Withdrawal,0.00,230.58,"87,102.06"
ID16139,14-Jan-2026,Debit Card,0.00,943.74,"80,621.71"
ID16139,25-Jan-2026,Debit Card,0.00,51.91,"72,273.60"
ID16139,20-Mar-2026,Interest,369.83,0.00,"28,755.96"
ID16139,15-Mar-2026,Reversal,699.13,0.00,"68,718.66"
ID16139,24-Mar-2026,ATM Withdrawal,0.00,885.36,"29,572.56"
ID16139,02-Mar-2026,Payment,0.00,507.91,"15,428.12"
ID16139,11-Mar-2026,Transfer,0.00,"1,236.57","44,816.91"
ID16139,07-Jan-2026,Payment,890.47,0.00,"97,953.38"
ID16139,20-Mar-2026,Reversal,0.00,356.74,"85,198.06"
ID16139,19-Mar-2026,ATM Withdrawal,0.00,643.88,"93,984.51"
ID16139,04-Jan-2026,Payment,"1,584.74",0.00,"2,000.54"
ID16139,31-Jan-2026,Direct Deposit,"1,023.19",0.00,"70,383.83"
ID16139,12-Mar-2026,Direct Deposit,"2,525.92",0.00,"46,629.99"
ID16139,02-Feb-2026,Payment,0.00,837.86,"65,999.12"
ID16139,20-Mar-2026,Transfer,251.47,0.00,"30,875.16"
ID16139,06-Feb-2026,Direct Deposit,"2,445.71",0.00,"80,617.97"
ID16139,09-Mar-2026,Interest,87.56,0.00,"76,926.14"
ID16139,01-Apr-2026,Direct Deposit,"4,549.36",0.00,"46,923.99"
ID16139,02-Feb-2026,ATM Withdrawal,0.00,451.23,"38,723.81"
ID16140,05-Mar-2026,Payment,"1,756.97",0.00,"9,400.58"
ID16140,03-Apr-2026,Payment,775.30,0.00,"28,059.01"
ID16140,01-Feb-2026,Interest,275.96,0.00,"58,217.19"
ID16140,27-Mar-2026,Transfer,272.42,0.00,"14,613.74"
ID16140,24-Mar-2026,Debit Card,0.00,519.38,"43,316.79"
ID16140,10-Feb-2026,ATM Withdrawal,0.00,587.55,"1,563.72"
ID16140,31-Mar-2026,Payment,0.00,870.69,"94,511.62"
ID16140,10-Jan-2026,Interest,341.10,0.00,"70,626.59"
ID16140,03-Mar-2026,Debit Card,0.00,594.86,"27,038.76"
ID16140,21-Jan-2026,Reversal,0.00,756.15,"41,482.64"
ID16140,13-Feb-2026,Reversal,0.00,470.92,"23,372.57"
ID16140,20-Feb-2026,Charge,0.00,197.41,"81,771.30"
ID16140,26-Mar-2026,ATM Withdrawal,0.00,362.92,"33,103.87"
ID16140,27-Feb-2026,ATM Withdrawal,0.00,432.27,"16,585.83"
ID16140,15-Mar-2026,Charge,0.00,351.88,"64,674.72"
ID16140,10-Feb-2026,Direct Deposit,"3,636.92",0.00,"42,480.03"
ID16140,13-Feb-2026,Charge,0.00,505.47,"67,563.79"
ID16140,31-Mar-2026,Charge,0.00,251.36,"33,466.51"
ID16140,16-Feb-2026,Transfer,0.00,357.66,"65,114.91"
ID16140,27-Mar-2026,Transfer,647.11,0.00,"89,509.41"
ID16141,15-Mar-2026,Debit Card,0.00,655.95,"88,362.49"
ID16141,03-Mar-2026,Debit Card,0.00,150.29,"1,170.21"
ID16141,28-Feb-2026,Direct Deposit,"3,068.49",0.00,"2,623.52"
ID16141,04-Jan-2026,Debit Card,0.00,27.29,"86,386.58"
ID16141,17-Feb-2026,Interest,247.31,0.00,"48,582.59"
ID16141,12-Feb-2026,Direct Deposit,"4,070.99",0.00,"80,815.95"
ID16141,06-Feb-2026,Payment,"1,592.26",0.00,"46,947.10"
ID16141,06-Jan-2026,Interest,403.08,0.00,"24,383.68"
ID16141,03-Mar-2026,Payment,464.17,0.00,"2,645.23"
ID16141,08-Feb-2026,Transfer,0.00,483.85,"56,112.14"
ID16141,16-Feb-2026,ATM Withdrawal,0.00,979.32,"43,177.47"
ID16141,16-Feb-2026,Interest,85.85,0.00,"96,915.87"
ID16141,03-Feb-2026,Debit Card,0.00,609.97,"94,529.80"
ID16141,25-Mar-2026,Reversal,0.00,613.55,"51,913.90"
ID16141,21-Mar-2026,Reversal,860.80,0.00,"39,383.29"
ID16141,08-Mar-2026,Direct Deposit,"3,963.23",0.00,"53,397.33"
ID16141,25-Jan-2026,Transfer,0.00,571.65,"9,539.16"
ID16141,05-Jan-2026,Charge,0.00,252.49,"44,593.45"
ID16141,27-Jan-2026,Transfer,"1,403.53",0.00,"18,965.16"
ID16141,13-Feb-2026,Interest,454.91,0.00,"70,014.64"
ID16142,09-Feb-2026,Charge,0.00,627.73,"20,309.89"
ID16142,06-Mar-2026,Reversal,814.23,0.00,"41,764.04"
ID16142,20-Mar-2026,Charge,0.00,782.78,"92,106.58"
ID16142,14-Jan-2026,Interest,117.07,0.00,"1,590.09"
ID16142,05-Jan-2026,Interest,358.53,0.00,"60,977.11"
ID16142,08-Mar-2026,Payment,0.00,837.72,"5,771.22"
ID16142,13-Mar-2026,Charge,0.00,186.09,"47,405.52"
ID16142,23-Mar-2026,Reversal,"1,873.97",0.00,"70,539.73"
ID16142,01-Apr-2026,Transfer,"1,066.95",0.00,"49,564.39"
ID16142,02-Mar-2026,Charge,0.00,506.94,"29,256.72"
ID16142,26-Jan-2026,Debit Card,0.00,188.15,"76,458.96"
ID16142,03-Apr-2026,Transfer,0.00,"1,404.70","46,750.91"
ID16142,21-Jan-2026,Reversal,0.00,209.64,"32,580.07"
ID16142,05-Feb-2026,Debit Card,0.00,184.24,"12,685.13"
ID16142,02-Apr-2026,Transfer,0.00,"1,262.33","26,415.48"
ID16142,24-Jan-2026,Payment,0.00,435.19,"30,437.36"
ID16142,05-Feb-2026,Reversal,0.00,881.50,"12,152.45"
ID16142,12-Mar-2026,Debit Card,0.00,770.82,"92,953.82"
ID16142,07-Mar-2026,ATM Withdrawal,0.00,794.51,"19,564.09"
ID16142,15-Jan-2026,Interest,184.85,0.00,"19,165.49"
ID16143,22-Jan-2026,ATM Withdrawal,0.00,604.06,"38,221.52"
ID16143,19-Mar-2026,Direct Deposit,"4,681.83",0.00,"58,532.06"
ID16143,17-Mar-2026,Charge,0.00,347.92,"2,489.14"
ID16143,16-Feb-2026,Debit Card,0.00,359.99,"55,429.95"
ID16143,04-Feb-2026,ATM Withdrawal,0.00,412.31,"20,980.53"
ID16143,25-Mar-2026,Direct Deposit,"4,256.82",0.00,"9,525.65"
ID16143,30-Jan-2026,Transfer,"1,897.73",0.00,"88,993.64"
ID16143,24-Feb-2026,Interest,143.68,0.00,"60,110.98"
ID16143,16-Mar-2026,Interest,222.41,0.00,"61,413.17"
ID16143,19-Jan-2026,Direct Deposit,"4,752.02",0.00,"99,697.10"
ID16143,05-Mar-2026,Payment,0.00,666.83,"98,872.30"
ID16143,04-Feb-2026,Direct Deposit,759.51,0.00,"54,881.90"
ID16143,01-Feb-2026,Reversal,0.00,608.28,"80,610.05"
ID16143,16-Mar-2026,ATM Withdrawal,0.00,655.96,"18,344.14"
ID16143,18-Jan-2026,Payment,0.00,"1,244.10","68,504.94"
ID16143,28-Mar-2026,ATM Withdrawal,0.00,930.66,"69,777.59"
ID16143,10-Jan-2026,Payment,"1,279.10",0.00,"87,828.28"
ID16143,26-Jan-2026,Payment,0.00,96.82,"85,982.87"
ID16143,02-Feb-2026,Direct Deposit,"2,571.30",0.00,"75,541.02"
ID16143,03-Apr-2026,Transfer,0.00,871.46,"50,809.68"
ID16144,11-Mar-2026,Interest,256.04,0.00,"4,831.67"
ID16144,08-Feb-2026,Direct Deposit,"1,947.09",0.00,"97,399.58"
ID16144,06-Jan-2026,Payment,0.00,332.99,"54,082.92"
ID16144,13-Jan-2026,Direct Deposit,"3,433.49",0.00,"75,807.30"
ID16144,27-Jan-2026,Transfer,501.87,0.00,"34,522.95"
ID16144,15-Mar-2026,Transfer,492.96,0.00,"26,837.40"
ID16144,30-Jan-2026,Direct Deposit,"2,889.42",0.00,"49,538.35"
ID16144,18-Mar-2026,Payment,0.00,57.05,"58,252.04"
ID16144,11-Jan-2026,Transfer,0.00,"1,299.64","95,668.09"
ID16144,19-Feb-2026,Charge,0.00,297.09,"21,243.77"
ID16144,23-Mar-2026,Reversal,862.88,0.00,"78,830.10"
ID16144,28-Mar-2026,Reversal,777.13,0.00,"59,225.24"
ID16144,01-Mar-2026,Charge,0.00,44.18,"45,368.47"
ID16144,21-Mar-2026,Reversal,314.34,0.00,"54,348.75"
ID16144,18-Jan-2026,Debit Card,0.00,799.72,"71,509.37"
ID16144,19-Mar-2026,Transfer,"1,610.41",0.00,"36,674.58"
ID16144,22-Feb-2026,Interest,96.49,0.00,"37,495.37"
ID16144,04-Feb-2026,Interest,200.88,0.00,"43,197.11"
ID16144,05-Jan-2026,ATM Withdrawal,0.00,93.99,"85,821.24"
ID16144,30-Jan-2026,Payment,0.00,"1,343.87","4,231.17"
ID16145,24-Mar-2026,Reversal,0.00,989.12,"98,633.06"
ID16145,29-Jan-2026,Payment,0.00,"1,493.04","77,030.40"
ID16145,11-Feb-2026,Debit Card,0.00,489.08,"93,373.17"
ID16145,03-Mar-2026,Transfer,"1,122.55",0.00,"34,458.53"
ID16145,06-Feb-2026,Charge,0.00,814.63,"72,265.55"
ID16145,23-Jan-2026,Charge,0.00,98.68,"81,448.66"
ID16145,01-Apr-2026,Charge,0.00,653.82,"91,533.26"
ID16145,16-Jan-2026,Payment,"1,634.92",0.00,"81,752.44"
ID16145,07-Mar-2026,Debit Card,0.00,197.67,"79,697.04"
ID16145,07-Jan-2026,Debit Card,0.00,175.53,"71,556.76"
ID16145,14-Jan-2026,Transfer,0.00,"1,485.97","8,986.67"
ID16145,01-Apr-2026,Charge,0.00,94.37,"58,064.65"
ID16145,08-Mar-2026,Direct Deposit,"4,233.30",0.00,"56,907.90"
ID16145,09-Mar-2026,Interest,401.52,0.00,"14,764.20"
ID16145,02-Mar-2026,Charge,0.00,232.03,"83,715.62"
ID16145,09-Jan-2026,ATM Withdrawal,0.00,514.22,"99,860.47"
ID16145,19-Mar-2026,Payment,"1,837.62",0.00,"52,929.99"
ID16145,24-Feb-2026,Direct Deposit,"4,338.74",0.00,"17,211.17"
ID16145,02-Apr-2026,Payment,"1,631.32",0.00,"46,844.46"
ID16145,04-Feb-2026,Transfer,0.00,"1,491.59","87,894.73"
ID16146,22-Feb-2026,ATM Withdrawal,0.00,965.53,"34,909.63"
ID16146,09-Feb-2026,Charge,0.00,937.01,"93,325.49"
ID16146,28-Jan-2026,Direct Deposit,987.40,0.00,"1,906.24"
ID16146,17-Feb-2026,Debit Card,0.00,31.10,"82,194.95"
ID16146,24-Feb-2026,ATM Withdrawal,0.00,517.84,"24,664.81"
ID16146,10-Feb-2026,Debit Card,0.00,417.01,"98,970.31"
ID16146,28-Jan-2026,ATM Withdrawal,0.00,708.86,"16,066.61"
ID16146,28-Jan-2026,Direct Deposit,"1,823.62",0.00,"17,642.48"
ID16146,31-Mar-2026,Charge,0.00,773.25,"66,612.31"
ID16146,28-Mar-2026,Debit Card,0.00,390.28,"17,500.88"
ID16146,09-Jan-2026,Debit Card,0.00,462.08,"20,036.18"
ID16146,29-Mar-2026,Charge,0.00,843.64,"84,042.84"
ID16146,17-Jan-2026,Transfer,"1,488.06",0.00,"15,394.36"
ID16146,09-Jan-2026,Payment,0.00,"1,378.53","19,702.77"
ID16146,16-Jan-2026,Charge,0.00,649.25,"90,734.26"
ID16146,30-Jan-2026,Debit Card,0.00,850.67,"6,824.65"
ID16146,17-Mar-2026,Charge,0.00,842.40,"53,912.32"
ID16146,25-Jan-2026,ATM Withdrawal,0.00,328.83,"39,153.92"
ID16146,19-Feb-2026,Reversal,0.00,"1,266.82","3,482.48"
ID16146,11-Feb-2026,ATM Withdrawal,0.00,458.73,"65,566.67"
ID16147,01-Apr-2026,Reversal,0.00,"1,014.96","61,922.03"
ID16147,01-Feb-2026,Interest,67.89,0.00,"78,846.73"
ID16147,09-Jan-2026,Payment,0.00,"1,490.18","51,389.74"
ID16147,17-Mar-2026,Direct Deposit,"3,265.39",0.00,"21,171.61"
ID16147,18-Jan-2026,Payment,0.00,"1,284.79","81,787.05"
ID16147,07-Jan-2026,Direct Deposit,"3,838.76",0.00,"76,623.00"
ID16147,20-Jan-2026,Charge,0.00,588.00,"87,946.44"
ID16147,29-Jan-2026,Direct Deposit,"4,455.73",0.00,"39,065.57"
ID16147,16-Mar-2026,Transfer,0.00,"1,287.16","82,433.71"
ID16147,02-Apr-2026,Charge,0.00,201.43,"90,884.68"
ID16147,23-Feb-2026,Reversal,704.00,0.00,"14,814.16"
ID16147,16-Mar-2026,Interest,281.08,0.00,"54,472.20"
ID16147,20-Jan-2026,Transfer,"1,844.06",0.00,"14,986.91"
ID16147,27-Mar-2026,Interest,311.98,0.00,"3,509.20"
ID16147,15-Feb-2026,ATM Withdrawal,0.00,168.52,"30,198.68"
ID16147,27-Feb-2026,Charge,0.00,662.38,"95,629.73"
ID16147,19-Feb-2026,Payment,427.89,0.00,"89,444.46"
ID16147,23-Jan-2026,Debit Card,0.00,945.65,"51,252.79"
ID16147,03-Mar-2026,Debit Card,0.00,670.95,"55,020.06"
ID16147,02-Mar-2026,Direct Deposit,"1,960.87",0.00,"83,036.71"
ID16148,15-Jan-2026,Payment,131.69,0.00,"69,434.77"
ID16148,22-Feb-2026,Direct Deposit,"2,803.96",0.00,"55,042.12"
ID16148,23-Mar-2026,Payment,369.00,0.00,"88,182.70"
ID16148,10-Jan-2026,Payment,0.00,262.74,"94,109.18"
ID16148,24-Feb-2026,Direct Deposit,"3,717.30",0.00,"6,428.63"
ID16148,28-Feb-2026,Direct Deposit,"4,963.63",0.00,"80,674.54"
ID16148,01-Feb-2026,Charge,0.00,359.28,"60,457.37"
ID16148,05-Feb-2026,Transfer,164.45,0.00,"75,615.74"
ID16148,16-Jan-2026,Interest,306.23,0.00,"86,609.45"
ID16148,19-Mar-2026,Interest,415.23,0.00,"82,576.17"
ID16148,23-Feb-2026,Charge,0.00,202.54,"14,693.05"
ID16148,12-Jan-2026,Charge,0.00,297.00,"76,757.38"
ID16148,31-Jan-2026,Charge,0.00,671.45,"85,118.94"
ID16148,03-Apr-2026,Charge,0.00,676.84,"90,467.02"
ID16148,22-Jan-2026,Debit Card,0.00,598.22,"26,463.69"
ID16148,20-Feb-2026,Direct Deposit,"1,921.62",0.00,"53,947.36"
ID16148,06-Feb-2026,Charge,0.00,425.22,"40,820.09"
ID16148,14-Feb-2026,Debit Card,0.00,948.15,"72,153.43"
ID16148,19-Mar-2026,ATM Withdrawal,0.00,102.45,"64,977.47"
ID16148,14-Feb-2026,Interest,37.22,0.00,"95,733.63"
ID16149,09-Jan-2026,Interest,452.48,0.00,"20,767.05"
ID16149,12-Feb-2026,Transfer,"1,554.89",0.00,"83,901.61"
ID16149,19-Mar-2026,Debit Card,0.00,839.94,"43,491.75"
ID16149,24-Mar-2026,Reversal,0.00,142.05,"32,117.48"
ID16149,10-Jan-2026,Transfer,"1,315.47",0.00,"75,586.41"
ID16149,16-Jan-2026,ATM Withdrawal,0.00,39.78,"22,009.65"
ID16149,25-Feb-2026,Interest,187.71,0.00,"33,984.85"
ID16149,05-Mar-2026,Reversal,788.35,0.00,"46,525.02"
ID16149,07-Feb-2026,Interest,151.93,0.00,"87,642.13"
ID16149,27-Jan-2026,ATM Withdrawal,0.00,562.25,"4,875.17"
ID16149,27-Mar-2026,Transfer,127.92,0.00,"63,506.48"
ID16149,05-Feb-2026,Transfer,"1,056.53",0.00,"26,622.56"
ID16149,25-Jan-2026,Reversal,0.00,765.46,"26,251.46"
ID16149,27-Jan-2026,ATM Withdrawal,0.00,902.88,"9,927.85"
ID16149,19-Jan-2026,Charge,0.00,268.66,"33,029.12"
ID16149,11-Feb-2026,Payment,0.00,569.23,"35,010.74"
ID16149,17-Jan-2026,Interest,33.64,0.00,"99,157.39"
ID16149,04-Mar-2026,Debit Card,0.00,815.72,"3,552.77"
ID16149,25-Jan-2026,ATM Withdrawal,0.00,520.35,"6,595.26"
ID16149,27-Jan-2026,Interest,208.47,0.00,"83,514.19"
ID16150,14-Feb-2026,Payment,0.00,981.62,"86,771.41"
ID16150,06-Jan-2026,Reversal,342.72,0.00,"21,237.69"
ID16150,13-Mar-2026,Direct Deposit,"3,949.56",0.00,"89,243.35"
ID16150,08-Mar-2026,Debit Card,0.00,57.54,"26,797.17"
ID16150,31-Jan-2026,ATM Withdrawal,0.00,142.49,"65,312.94"
ID16150,28-Feb-2026,Payment,0.00,948.52,"15,237.44"
ID16150,06-Jan-2026,Payment,0.00,217.39,"66,099.34"
ID16150,31-Mar-2026,Direct Deposit,742.58,0.00,"42,048.94"
ID16150,07-Mar-2026,ATM Withdrawal,0.00,165.00,"22,538.51"
ID16150,14-Jan-2026,ATM Withdrawal,0.00,98.32,"15,219.18"
ID16150,28-Jan-2026,Payment,0.00,"1,383.53","70,006.51"
ID16150,04-Feb-2026,Transfer,0.00,"1,249.89","81,282.25"
ID16150,07-Jan-2026,Charge,0.00,237.67,"1,999.26"
ID16150,25-Mar-2026,Direct Deposit,"3,010.11",0.00,"16,036.07"
ID16150,16-Feb-2026,Transfer,0.00,439.05,"68,401.73"
ID16150,08-Mar-2026,Debit Card,0.00,689.68,"5,443.55"
ID16150,26-Mar-2026,Direct Deposit,"1,887.22",0.00,"98,477.74"
ID16150,10-Mar-2026,Direct Deposit,"4,330.01",0.00,"27,193.02"
ID16150,16-Mar-2026,Reversal,"1,460.90",0.00,"64,778.75"
ID16150,27-Jan-2026,Charge,0.00,558.35,"30,655.67"
ID16151,22-Mar-2026,Payment,330.38,0.00,"71,878.36"
ID16151,17-Feb-2026,Interest,191.18,0.00,"52,826.39"
ID16151,30-Mar-2026,Interest,275.12,0.00,"41,969.14"
ID16151,20-Jan-2026,Direct Deposit,"1,922.00",0.00,"46,124.76"
ID16151,26-Jan-2026,Direct Deposit,"1,397.79",0.00,"18,721.10"
ID16151,15-Jan-2026,ATM Withdrawal,0.00,24.92,"63,195.51"
ID16151,23-Mar-2026,Charge,0.00,161.66,"76,165.71"
ID16151,08-Mar-2026,Interest,105.16,0.00,"11,619.49"
ID16151,10-Jan-2026,Interest,94.34,0.00,"43,612.33"
ID16151,10-Mar-2026,Direct Deposit,"2,031.18",0.00,"92,482.27"
ID16151,31-Jan-2026,Debit Card,0.00,872.81,"36,315.18"
ID16151,28-Mar-2026,Direct Deposit,"2,440.41",0.00,"22,583.40"
ID16151,21-Feb-2026,Charge,0.00,870.74,"22,452.40"
ID16151,01-Mar-2026,Transfer,0.00,"1,128.39","39,145.98"
ID16151,13-Feb-2026,Direct Deposit,"2,910.44",0.00,"39,514.62"
ID16151,04-Mar-2026,Debit Card,0.00,852.22,"36,116.28"
ID16151,13-Feb-2026,Debit Card,0.00,211.52,"71,201.99"
ID16151,09-Jan-2026,Interest,415.97,0.00,"65,473.59"
ID16151,18-Mar-2026,Payment,621.45,0.00,"63,814.18"
ID16151,29-Mar-2026,Direct Deposit,"4,414.08",0.00,"61,792.53"
ID16152,04-Jan-2026,ATM Withdrawal,0.00,870.50,"94,705.87"
ID16152,19-Feb-2026,ATM Withdrawal,0.00,601.97,"69,563.87"
ID16152,29-Jan-2026,Debit Card,0.00,767.55,"1,103.25"
ID16152,16-Mar-2026,Transfer,"1,006.33",0.00,"42,681.43"
ID16152,16-Jan-2026,Direct Deposit,"4,302.32",0.00,"18,984.50"
ID16152,02-Feb-2026,Direct Deposit,"3,019.65",0.00,"77,369.03"
ID16152,19-Mar-2026,ATM Withdrawal,0.00,984.43,"90,509.89"
ID16152,09-Mar-2026,Payment,0.00,619.64,"25,293.46"
ID16152,14-Mar-2026,ATM Withdrawal,0.00,822.20,"17,901.13"
ID16152,02-Apr-2026,Payment,377.82,0.00,"31,557.06"
ID16152,22-Mar-2026,Debit Card,0.00,952.56,"51,987.38"
ID16152,22-Mar-2026,Direct Deposit,"4,587.79",0.00,"65,024.39"
ID16152,06-Jan-2026,Debit Card,0.00,616.32,"75,046.95"
ID16152,18-Jan-2026,Payment,821.77,0.00,"76,827.01"
ID16152,13-Feb-2026,Charge,0.00,573.04,"23,467.96"
ID16152,13-Feb-2026,Transfer,0.00,"1,142.06","30,715.10"
ID16152,15-Feb-2026,Direct Deposit,"4,224.44",0.00,"63,581.80"
ID16152,07-Mar-2026,Direct Deposit,"1,624.56",0.00,"5,658.64"
ID16152,10-Feb-2026,Payment,"1,478.20",0.00,"39,845.06"
ID16152,23-Jan-2026,Reversal,348.49,0.00,"23,362.06"
ID16153,26-Feb-2026,ATM Withdrawal,0.00,881.36,"7,902.24"
ID16153,29-Mar-2026,Direct Deposit,"2,942.44",0.00,"77,790.19"
ID16153,30-Mar-2026,Debit Card,0.00,182.86,"23,446.16"
ID16153,11-Mar-2026,Charge,0.00,371.86,"35,545.02"
ID16153,13-Mar-2026,Reversal,0.00,900.26,"20,929.24"
ID16153,03-Mar-2026,Payment,0.00,163.76,"79,540.67"
ID16153,04-Mar-2026,Debit Card,0.00,858.95,"68,677.92"
ID16153,16-Mar-2026,Reversal,860.65,0.00,"78,196.94"
ID16153,27-Mar-2026,Reversal,813.51,0.00,"45,273.98"
ID16153,10-Feb-2026,Debit Card,0.00,778.38,"78,791.87"
ID16153,17-Jan-2026,Direct Deposit,"1,400.33",0.00,"42,037.78"
ID16153,14-Mar-2026,Interest,256.55,0.00,"10,783.22"
ID16153,02-Feb-2026,Charge,0.00,779.43,"73,415.86"
ID16153,29-Jan-2026,ATM Withdrawal,0.00,415.16,"89,961.94"
ID16153,09-Mar-2026,Interest,229.43,0.00,"19,957.19"
ID16153,28-Jan-2026,Transfer,0.00,432.90,"66,388.47"
ID16153,05-Mar-2026,Charge,0.00,146.01,"67,049.51"
ID16153,10-Feb-2026,Interest,303.44,0.00,"65,847.31"
ID16153,01-Feb-2026,Transfer,586.50,0.00,"74,606.45"
ID16153,12-Jan-2026,Charge,0.00,888.27,"81,853.22"
ID16154,27-Mar-2026,Interest,342.24,0.00,"23,991.32"
ID16154,14-Mar-2026,Reversal,"1,295.34",0.00,"45,298.55"
ID16154,10-Jan-2026,Interest,180.69,0.00,"42,934.29"
ID16154,08-Jan-2026,ATM Withdrawal,0.00,511.53,"11,912.78"
ID16154,13-Jan-2026,Transfer,0.00,318.26,"67,063.35"
ID16154,12-Mar-2026,Transfer,0.00,640.77,"73,178.24"
ID16154,10-Jan-2026,ATM Withdrawal,0.00,807.85,"37,508.03"
ID16154,18-Jan-2026,Payment,0.00,623.86,"80,838.36"
ID16154,30-Jan-2026,Direct Deposit,"3,571.67",0.00,"98,698.08"
ID16154,10-Mar-2026,Transfer,782.58,0.00,"88,183.31"
ID16154,16-Mar-2026,Interest,498.65,0.00,"25,926.13"
ID16154,28-Mar-2026,Direct Deposit,"4,305.09",0.00,"62,043.34"
ID16154,28-Mar-2026,Debit Card,0.00,136.51,"30,769.60"
ID16154,01-Apr-2026,Transfer,"1,009.78",0.00,"27,168.54"
ID16154,01-Apr-2026,Debit Card,0.00,207.10,"42,993.90"
ID16154,04-Mar-2026,Interest,402.03,0.00,"20,669.57"
ID16154,22-Mar-2026,Direct Deposit,999.68,0.00,"73,685.14"
ID16154,15-Jan-2026,Payment,690.79,0.00,"86,475.19"
ID16154,04-Mar-2026,Charge,0.00,115.45,"20,506.84"
ID16154,29-Mar-2026,Reversal,519.31,0.00,"27,870.92"
ID16155,24-Mar-2026,Transfer,0.00,"1,187.71","9,194.98"
ID16155,19-Jan-2026,Transfer,0.00,"1,030.57","56,984.56"
ID16155,28-Feb-2026,Direct Deposit,"1,786.76",0.00,"53,902.75"
ID16155,30-Jan-2026,Payment,874.68,0.00,"29,364.74"
ID16155,24-Mar-2026,Debit Card,0.00,470.64,"7,250.78"
ID16155,09-Mar-2026,Charge,0.00,700.44,"8,690.20"
ID16155,03-Feb-2026,Reversal,"1,861.46",0.00,"23,465.84"
ID16155,11-Mar-2026,Debit Card,0.00,24.53,"81,180.69"
ID16155,11-Mar-2026,ATM Withdrawal,0.00,288.20,"26,132.02"
ID16155,11-Feb-2026,Debit Card,0.00,120.06,"68,635.36"
ID16155,31-Mar-2026,Payment,937.73,0.00,"16,896.88"
ID16155,20-Feb-2026,Debit Card,0.00,566.61,"61,189.21"
ID16155,18-Feb-2026,Direct Deposit,"2,394.78",0.00,"46,251.17"
ID16155,02-Mar-2026,ATM Withdrawal,0.00,916.05,"83,716.48"
ID16155,04-Feb-2026,Payment,0.00,987.48,"34,539.42"
ID16155,15-Jan-2026,Transfer,0.00,147.16,"45,760.06"
ID16155,03-Apr-2026,Debit Card,0.00,511.84,"77,716.09"
ID16155,24-Mar-2026,Direct Deposit,"4,739.63",0.00,"47,415.54"
ID16155,16-Mar-2026,Transfer,671.32,0.00,"18,691.83"
ID16155,20-Mar-2026,Debit Card,0.00,585.55,"61,388.02"
ID16156,14-Jan-2026,Transfer,0.00,663.12,"76,895.48"
ID16156,22-Mar-2026,ATM Withdrawal,0.00,598.60,"97,897.10"
ID16156,17-Mar-2026,Interest,212.62,0.00,"98,098.13"
ID16156,10-Feb-2026,ATM Withdrawal,0.00,148.80,"37,074.51"
ID16156,06-Jan-2026,Interest,270.98,0.00,"11,015.19"
ID16156,27-Jan-2026,Transfer,0.00,86.07,"53,247.11"
ID16156,03-Jan-2026,Interest,356.58,0.00,"67,677.34"
ID16156,22-Mar-2026,ATM Withdrawal,0.00,458.37,"86,608.82"
ID16156,26-Jan-2026,Interest,277.02,0.00,"99,809.91"
ID16156,17-Mar-2026,Payment,380.25,0.00,"72,377.24"
ID16156,04-Feb-2026,Direct Deposit,"1,398.69",0.00,"31,005.47"
ID16156,15-Feb-2026,Charge,0.00,573.89,"93,653.80"
ID16156,13-Feb-2026,Transfer,"1,656.57",0.00,"75,892.26"
ID16156,22-Mar-2026,Charge,0.00,170.52,"76,002.22"
ID16156,25-Mar-2026,Direct Deposit,"3,955.95",0.00,"73,489.95"
ID16156,12-Feb-2026,Charge,0.00,894.55,"48,336.12"
ID16156,01-Apr-2026,Transfer,0.00,463.75,"38,329.50"
ID16156,12-Feb-2026,ATM Withdrawal,0.00,382.82,"11,805.44"
ID16156,15-Mar-2026,Charge,0.00,903.15,"12,888.93"
ID16156,23-Jan-2026,Transfer,0.00,806.23,"42,147.11"
ID16157,18-Mar-2026,Direct Deposit,"1,921.11",0.00,"50,762.32"
ID16157,26-Feb-2026,Payment,0.00,"1,031.75","11,243.92"
ID16157,28-Mar-2026,Charge,0.00,757.33,"83,954.72"
ID16157,05-Jan-2026,Direct Deposit,"3,139.19",0.00,"18,385.04"
ID16157,30-Jan-2026,Debit Card,0.00,967.91,"30,187.46"
ID16157,07-Jan-2026,Interest,238.30,0.00,"78,572.28"
ID16157,04-Feb-2026,Interest,199.08,0.00,"82,852.33"
ID16157,08-Feb-2026,Debit Card,0.00,116.04,"5,431.29"
ID16157,15-Jan-2026,Transfer,0.00,"1,123.63","73,908.38"
ID16157,18-Jan-2026,Direct Deposit,"1,752.63",0.00,"23,111.30"
ID16157,07-Feb-2026,ATM Withdrawal,0.00,804.29,"48,901.45"
ID16157,12-Mar-2026,Reversal,"1,663.13",0.00,"4,039.07"
ID16157,12-Feb-2026,Debit Card,0.00,964.58,"22,256.54"
ID16157,25-Feb-2026,Charge,0.00,352.12,"32,543.01"
ID16157,31-Mar-2026,Transfer,813.64,0.00,"57,628.75"
ID16157,03-Feb-2026,Interest,453.06,0.00,"49,704.88"
ID16157,02-Mar-2026,Direct Deposit,"1,665.03",0.00,"34,549.95"
ID16157,05-Jan-2026,Transfer,"1,620.99",0.00,"80,077.54"
ID16157,27-Feb-2026,Direct Deposit,"4,493.95",0.00,"53,841.59"
ID16157,14-Jan-2026,Debit Card,0.00,855.86,"53,598.53"
ID16158,06-Mar-2026,Direct Deposit,"3,737.08",0.00,"61,658.36"
ID16158,06-Jan-2026,Interest,16.07,0.00,"39,417.31"
ID16158,04-Mar-2026,Transfer,"1,864.72",0.00,"34,856.25"
ID16158,06-Feb-2026,Payment,0.00,503.68,"78,197.67"
ID16158,22-Jan-2026,Transfer,0.00,"1,052.76","66,157.46"
ID16158,18-Feb-2026,ATM Withdrawal,0.00,992.79,"57,217.92"
ID16158,22-Feb-2026,Charge,0.00,123.34,"84,800.40"
ID16158,07-Jan-2026,Charge,0.00,647.48,"91,495.46"
ID16158,24-Mar-2026,Interest,472.23,0.00,"22,951.96"
ID16158,10-Mar-2026,ATM Withdrawal,0.00,140.15,"9,433.11"
ID16158,05-Jan-2026,Reversal,0.00,423.70,"72,939.32"
ID16158,04-Mar-2026,Reversal,900.01,0.00,"69,680.59"
ID16158,07-Mar-2026,Debit Card,0.00,260.62,"29,608.71"
ID16158,16-Mar-2026,Interest,17.15,0.00,"48,054.62"
ID16158,22-Feb-2026,Debit Card,0.00,646.10,"14,559.36"
ID16158,11-Feb-2026,Transfer,0.00,487.84,"65,814.23"
ID16158,09-Jan-2026,Reversal,802.43,0.00,"90,790.37"
ID16158,24-Jan-2026,Direct Deposit,"4,395.04",0.00,"57,770.31"
ID16158,15-Feb-2026,Direct Deposit,"2,454.65",0.00,"89,324.66"
ID16158,24-Jan-2026,Direct Deposit,"2,921.54",0.00,"97,061.12"
ID16159,08-Feb-2026,Payment,0.00,"1,190.54","83,925.59"
ID16159,06-Jan-2026,Direct Deposit,"4,796.72",0.00,"85,726.22"
ID16159,05-Mar-2026,Direct Deposit,"4,874.27",0.00,"41,597.61"
ID16159,26-Mar-2026,Debit Card,0.00,612.12,"9,016.65"
ID16159,30-Jan-2026,Direct Deposit,"2,894.27",0.00,"4,892.65"
ID16159,01-Feb-2026,Debit Card,0.00,289.99,"51,435.01"
ID16159,08-Jan-2026,Reversal,306.69,0.00,"77,758.65"
ID16159,19-Feb-2026,ATM Withdrawal,0.00,411.40,"40,767.78"
ID16159,07-Jan-2026,Direct Deposit,"3,863.77",0.00,"28,725.28"
ID16159,08-Feb-2026,Debit Card,0.00,525.18,"39,490.70"
ID16159,17-Feb-2026,Charge,0.00,456.59,"31,760.30"
ID16159,18-Feb-2026,Interest,230.19,0.00,"66,263.07"
ID16159,07-Jan-2026,Charge,0.00,834.95,"12,710.78"
ID16159,04-Feb-2026,Charge,0.00,113.28,"53,041.57"
ID16159,06-Mar-2026,Interest,124.02,0.00,"21,911.66"
ID16159,18-Feb-2026,Interest,277.36,0.00,"45,279.31"
ID16159,06-Feb-2026,ATM Withdrawal,0.00,502.97,"13,591.90"
ID16159,23-Jan-2026,Charge,0.00,490.39,"55,502.05"
ID16159,13-Jan-2026,Interest,194.82,0.00,"28,255.98"
ID16159,25-Feb-2026,Direct Deposit,"1,812.37",0.00,"7,612.46"
ID16160,31-Jan-2026,Direct Deposit,833.56,0.00,"91,346.75"
ID16160,26-Mar-2026,Interest,85.20,0.00,"45,878.43"
ID16160,05-Jan-2026,Transfer,141.66,0.00,"57,478.09"
ID16160,22-Mar-2026,Direct Deposit,"1,619.33",0.00,"34,391.60"
ID16160,27-Feb-2026,Charge,0.00,761.17,"45,472.21"
ID16160,04-Feb-2026,Transfer,"1,306.40",0.00,"40,613.08"
ID16160,23-Feb-2026,Transfer,"1,823.30",0.00,"35,565.06"
ID16160,11-Feb-2026,Transfer,0.00,481.99,"95,155.05"
ID16160,24-Jan-2026,Direct Deposit,"1,594.08",0.00,"45,947.21"
ID16160,13-Mar-2026,Reversal,0.00,546.89,"86,722.01"
ID16160,05-Feb-2026,Direct Deposit,"1,809.66",0.00,"41,782.10"
ID16160,18-Mar-2026,Interest,475.90,0.00,"82,108.67"
ID16160,10-Feb-2026,Charge,0.00,551.61,"94,114.82"
ID16160,26-Feb-2026,Direct Deposit,"4,180.26",0.00,"53,097.51"
ID16160,06-Jan-2026,Charge,0.00,274.82,"58,822.77"
ID16160,10-Feb-2026,Reversal,188.02,0.00,"87,413.31"
ID16160,15-Mar-2026,Charge,0.00,513.75,"75,792.59"
ID16160,03-Apr-2026,ATM Withdrawal,0.00,600.48,"77,921.60"
ID16160,05-Mar-2026,Payment,872.47,0.00,"10,099.49"
ID16160,04-Jan-2026,Charge,0.00,234.87,"64,726.40"
ID16161,08-Mar-2026,ATM Withdrawal,0.00,514.00,"32,155.39"
ID16161,11-Mar-2026,ATM Withdrawal,0.00,524.74,"74,388.69"
ID16161,01-Mar-2026,Charge,0.00,185.10,"97,309.90"
ID16161,20-Mar-2026,Transfer,0.00,371.32,"35,441.99"
ID16161,15-Jan-2026,Payment,"1,501.67",0.00,"86,896.95"
ID16161,04-Jan-2026,Interest,69.91,0.00,"69,407.80"
ID16161,05-Feb-2026,Debit Card,0.00,710.93,"88,303.46"
ID16161,29-Mar-2026,ATM Withdrawal,0.00,886.71,"21,314.82"
ID16161,05-Feb-2026,Direct Deposit,"1,614.46",0.00,"4,500.53"
ID16161,10-Feb-2026,Payment,828.18,0.00,"56,955.52"
ID16161,22-Feb-2026,ATM Withdrawal,0.00,341.79,"82,933.96"
ID16161,14-Feb-2026,Debit Card,0.00,844.61,"6,040.24"
ID16161,19-Mar-2026,Interest,346.68,0.00,"52,904.56"
ID16161,10-Mar-2026,Payment,"1,249.59",0.00,"3,731.00"
ID16161,28-Jan-2026,Direct Deposit,"4,303.52",0.00,"26,635.58"
ID16161,28-Feb-2026,Payment,0.00,115.15,"39,487.09"
ID16161,18-Jan-2026,Reversal,634.95,0.00,"65,488.19"
ID16161,28-Mar-2026,ATM Withdrawal,0.00,311.11,"54,442.93"
ID16161,25-Mar-2026,Transfer,0.00,359.11,"44,699.66"
ID16161,08-Mar-2026,Payment,"1,514.22",0.00,"38,637.99"
ID16162,23-Jan-2026,Charge,0.00,631.03,"51,339.16"
ID16162,08-Feb-2026,ATM Withdrawal,0.00,878.08,"52,427.00"
ID16162,21-Jan-2026,Transfer,"1,753.09",0.00,"9,355.90"
ID16162,29-Jan-2026,ATM Withdrawal,0.00,748.30,"4,419.06"
ID16162,24-Jan-2026,Transfer,0.00,896.70,"39,346.42"
ID16162,23-Mar-2026,Debit Card,0.00,558.02,"45,722.51"
ID16162,16-Jan-2026,Direct Deposit,"1,498.29",0.00,"81,144.03"
ID16162,11-Feb-2026,Payment,0.00,"1,020.79","97,761.19"
ID16162,07-Jan-2026,ATM Withdrawal,0.00,908.48,"55,702.57"
ID16162,21-Jan-2026,Payment,0.00,691.56,"26,558.70"
ID16162,03-Feb-2026,Interest,494.82,0.00,"16,159.71"
ID16162,28-Feb-2026,Transfer,0.00,"1,029.56","27,639.98"
ID16162,04-Feb-2026,Direct Deposit,"1,939.71",0.00,"2,148.12"
ID16162,04-Feb-2026,Interest,459.68,0.00,"88,377.47"
ID16162,17-Jan-2026,Charge,0.00,619.25,"82,107.46"
ID16162,09-Jan-2026,ATM Withdrawal,0.00,952.57,"57,939.28"
ID16162,14-Jan-2026,Payment,"1,398.19",0.00,"27,714.13"
ID16162,07-Mar-2026,Transfer,832.14,0.00,"11,475.62"
ID16162,01-Apr-2026,Interest,414.67,0.00,"13,134.69"
ID16162,23-Jan-2026,Reversal,351.54,0.00,"55,356.28"
ID16163,11-Feb-2026,Debit Card,0.00,443.64,"56,614.44"
ID16163,09-Feb-2026,Debit Card,0.00,563.31,"38,986.28"
ID16163,20-Jan-2026,ATM Withdrawal,0.00,913.86,"50,849.35"
ID16163,24-Feb-2026,Direct Deposit,"4,287.21",0.00,"24,224.11"
ID16163,06-Mar-2026,Transfer,"1,713.52",0.00,"89,345.67"
ID16163,30-Jan-2026,Payment,"1,382.68",0.00,"63,061.78"
ID16163,03-Feb-2026,Debit Card,0.00,392.76,"87,666.31"
ID16163,01-Apr-2026,Interest,262.70,0.00,"13,288.57"
ID16163,20-Feb-2026,Reversal,"1,440.19",0.00,"73,989.42"
ID16163,13-Mar-2026,Charge,0.00,212.83,"25,976.51"
ID16163,01-Feb-2026,Charge,0.00,465.90,"69,805.48"
ID16163,08-Feb-2026,Payment,"1,652.26",0.00,"41,887.88"
ID16163,13-Jan-2026,Charge,0.00,698.49,"36,694.44"
ID16163,22-Mar-2026,Charge,0.00,148.61,"8,735.57"
ID16163,14-Jan-2026,Interest,244.08,0.00,"13,942.93"
ID16163,20-Feb-2026,Payment,"1,470.56",0.00,"50,741.25"
ID16163,02-Feb-2026,Debit Card,0.00,131.32,"10,635.36"
ID16163,29-Jan-2026,Direct Deposit,"3,564.44",0.00,"76,382.44"
ID16163,04-Jan-2026,Transfer,0.00,541.91,"76,153.74"
ID16163,04-Feb-2026,Debit Card,0.00,685.90,"29,312.48"
ID16164,12-Mar-2026,ATM Withdrawal,0.00,833.48,"7,196.92"
ID16164,30-Mar-2026,Debit Card,0.00,953.05,"24,334.68"
ID16164,03-Jan-2026,Reversal,910.99,0.00,"66,887.57"
ID16164,05-Mar-2026,Debit Card,0.00,812.21,"40,768.71"
ID16164,03-Jan-2026,Charge,0.00,351.62,"57,491.53"
ID16164,19-Jan-2026,Debit Card,0.00,567.72,"63,739.82"
ID16164,23-Jan-2026,Payment,"1,171.29",0.00,"71,214.00"
ID16164,27-Feb-2026,Interest,308.09,0.00,"43,845.33"
ID16164,16-Jan-2026,Charge,0.00,743.04,"24,791.03"
ID16164,16-Feb-2026,Direct Deposit,"3,489.18",0.00,"40,693.40"
ID16164,06-Feb-2026,Interest,453.82,0.00,"81,831.41"
ID16164,13-Mar-2026,Interest,283.04,0.00,"19,328.70"
ID16164,25-Mar-2026,Transfer,0.00,154.30,"73,566.92"
ID16164,12-Feb-2026,Debit Card,0.00,179.19,"14,239.08"
ID16164,01-Feb-2026,Direct Deposit,"4,550.54",0.00,"71,880.51"
ID16164,29-Mar-2026,Interest,232.91,0.00,"97,591.01"
ID16164,01-Apr-2026,Charge,0.00,618.16,"5,154.25"
ID16164,17-Mar-2026,Debit Card,0.00,252.38,"62,689.98"
ID16164,12-Feb-2026,Reversal,"1,594.28",0.00,"63,985.27"
ID16164,05-Jan-2026,Debit Card,0.00,642.31,"77,706.72"
ID16165,08-Mar-2026,ATM Withdrawal,0.00,761.71,"77,592.41"
ID16165,03-Mar-2026,Payment,"1,838.57",0.00,"48,289.92"
ID16165,17-Feb-2026,Reversal,901.03,0.00,"32,002.96"
ID16165,08-Mar-2026,Payment,"1,152.08",0.00,"73,237.33"
ID16165,18-Jan-2026,Transfer,0.00,418.61,"42,861.78"
ID16165,17-Feb-2026,Transfer,"1,884.84",0.00,"5,823.61"
ID16165,14-Feb-2026,Reversal,217.11,0.00,"42,920.65"
ID16165,24-Mar-2026,Reversal,0.00,"1,329.96","81,595.15"
ID16165,26-Mar-2026,Debit Card,0.00,727.23,"6,249.44"
ID16165,11-Mar-2026,Reversal,"1,179.82",0.00,"39,532.62"
ID16165,19-Mar-2026,Transfer,0.00,"1,380.75","1,761.28"
ID16165,17-Feb-2026,Direct Deposit,"1,993.80",0.00,"91,103.48"
ID16165,20-Mar-2026,Debit Card,0.00,914.73,"32,586.23"
ID16165,18-Jan-2026,Reversal,0.00,"1,083.04","48,133.50"
ID16165,03-Apr-2026,Direct Deposit,"2,618.48",0.00,"82,451.43"
ID16165,12-Feb-2026,Debit Card,0.00,537.02,"24,717.44"
ID16165,20-Mar-2026,Transfer,"1,888.43",0.00,"89,082.52"
ID16165,23-Mar-2026,Debit Card,0.00,353.81,"9,662.08"
ID16165,22-Jan-2026,ATM Withdrawal,0.00,159.82,"33,283.56"
ID16165,17-Jan-2026,Payment,238.16,0.00,"66,484.51"
ID16166,22-Jan-2026,Payment,0.00,182.42,"7,758.91"
ID16166,13-Feb-2026,ATM Withdrawal,0.00,777.79,"99,536.33"
ID16166,31-Mar-2026,ATM Withdrawal,0.00,346.35,"70,819.12"
ID16166,17-Mar-2026,ATM Withdrawal,0.00,380.88,"88,015.46"
ID16166,12-Jan-2026,Reversal,"1,933.32",0.00,"78,439.61"
ID16166,07-Mar-2026,Debit Card,0.00,511.82,"29,176.27"
ID16166,08-Mar-2026,Debit Card,0.00,312.30,"71,794.72"
ID16166,07-Feb-2026,Payment,363.60,0.00,"10,542.71"
ID16166,26-Jan-2026,Debit Card,0.00,589.87,"36,309.05"
ID16166,19-Feb-2026,Reversal,0.00,"1,144.13","15,500.51"
ID16166,20-Feb-2026,Transfer,0.00,97.34,"7,380.68"
ID16166,22-Mar-2026,Charge,0.00,958.19,"21,679.49"
ID16166,05-Mar-2026,Direct Deposit,"2,295.70",0.00,"6,578.90"
ID16166,13-Jan-2026,Direct Deposit,"2,839.80",0.00,"18,496.32"
ID16166,21-Jan-2026,Direct Deposit,"3,728.72",0.00,"6,431.67"
ID16166,15-Feb-2026,Direct Deposit,"1,266.94",0.00,"3,885.49"
ID16166,20-Jan-2026,Charge,0.00,481.92,"46,892.11"
ID16166,22-Feb-2026,Transfer,"1,317.07",0.00,"44,244.91"
ID16166,16-Mar-2026,Payment,967.90,0.00,"45,192.33"
ID16166,08-Feb-2026,Debit Card,0.00,44.24,"53,181.73"
ID16167,14-Jan-2026,ATM Withdrawal,0.00,679.71,"28,114.47"
ID16167,29-Mar-2026,Direct Deposit,"1,034.37",0.00,"86,984.75"
ID16167,24-Feb-2026,Direct Deposit,"2,191.83",0.00,"30,301.73"
ID16167,21-Jan-2026,Interest,351.70,0.00,"27,601.70"
ID16167,13-Mar-2026,ATM Withdrawal,0.00,882.88,"36,551.26"
ID16167,12-Jan-2026,Debit Card,0.00,939.77,"63,887.67"
ID16167,17-Jan-2026,Charge,0.00,229.77,"30,663.63"
ID16167,19-Mar-2026,Reversal,0.00,"1,348.57","8,015.06"
ID16167,07-Jan-2026,Payment,0.00,387.63,"97,212.59"
ID16167,19-Jan-2026,Payment,"1,979.20",0.00,"52,917.84"
ID16167,02-Mar-2026,Debit Card,0.00,882.91,"51,458.14"
ID16167,24-Jan-2026,Direct Deposit,"1,680.44",0.00,"86,312.72"
ID16167,08-Mar-2026,Direct Deposit,"1,011.89",0.00,"45,721.95"
ID16167,22-Feb-2026,Reversal,0.00,"1,325.86","9,223.56"
ID16167,01-Apr-2026,Direct Deposit,"4,670.48",0.00,"25,372.90"
ID16167,07-Feb-2026,ATM Withdrawal,0.00,196.15,"94,984.28"
ID16167,22-Jan-2026,Transfer,0.00,590.00,"57,350.51"
ID16167,16-Mar-2026,Payment,"1,040.03",0.00,"45,203.34"
ID16167,14-Feb-2026,Debit Card,0.00,106.26,"45,121.11"
ID16167,21-Mar-2026,Interest,325.76,0.00,"78,188.13"
ID16168,19-Mar-2026,Payment,0.00,285.99,"68,157.32"
ID16168,14-Jan-2026,Charge,0.00,324.68,"35,107.54"
ID16168,02-Mar-2026,Transfer,"1,702.66",0.00,"11,985.84"
ID16168,11-Mar-2026,Charge,0.00,756.12,"65,986.45"
ID16168,16-Mar-2026,Charge,0.00,73.45,"53,283.14"
ID16168,16-Mar-2026,Interest,303.96,0.00,"46,672.62"
ID16168,27-Feb-2026,Payment,756.20,0.00,"13,324.71"
ID16168,20-Feb-2026,Payment,"1,574.56",0.00,"21,650.71"
ID16168,18-Jan-2026,Transfer,0.00,195.70,"75,434.90"
ID16168,17-Feb-2026,Payment,0.00,633.98,"2,531.91"
ID16168,12-Feb-2026,Reversal,907.76,0.00,"94,790.21"
ID16168,23-Feb-2026,Payment,507.18,0.00,"95,481.91"
ID16168,16-Jan-2026,Transfer,0.00,"1,313.24","59,625.73"
ID16168,14-Mar-2026,Interest,321.91,0.00,"83,258.97"
ID16168,20-Mar-2026,Interest,13.69,0.00,"76,016.07"
ID16168,13-Feb-2026,Charge,0.00,138.34,"94,481.25"
ID16168,24-Feb-2026,Debit Card,0.00,771.03,"22,658.30"
ID16168,27-Jan-2026,Reversal,378.49,0.00,"23,346.94"
ID16168,12-Feb-2026,Charge,0.00,318.66,"38,331.45"
ID16168,14-Feb-2026,Charge,0.00,631.56,"37,657.13"
ID16169,21-Mar-2026,Charge,0.00,609.34,"96,984.48"
ID16169,06-Jan-2026,Charge,0.00,244.26,"13,585.72"
ID16169,06-Jan-2026,Transfer,354.43,0.00,"53,802.45"
ID16169,24-Mar-2026,Direct Deposit,"4,923.10",0.00,"16,401.09"
ID16169,19-Jan-2026,Payment,0.00,897.85,"61,038.58"
ID16169,23-Mar-2026,Debit Card,0.00,749.69,"84,862.05"
ID16169,23-Feb-2026,Debit Card,0.00,182.98,"69,852.24"
ID16169,15-Feb-2026,Payment,528.66,0.00,"50,397.31"
ID16169,06-Mar-2026,Debit Card,0.00,404.47,"65,618.34"
ID16169,15-Jan-2026,Direct Deposit,"1,605.38",0.00,"2,449.03"
ID16169,14-Jan-2026,ATM Withdrawal,0.00,752.11,"69,313.98"
ID16169,21-Jan-2026,Payment,0.00,594.72,"26,889.45"
ID16169,05-Feb-2026,Transfer,"1,789.58",0.00,"27,492.95"
ID16169,28-Mar-2026,ATM Withdrawal,0.00,724.29,"52,216.24"
ID16169,06-Feb-2026,Payment,0.00,371.70,"86,034.87"
ID16169,11-Jan-2026,Debit Card,0.00,745.83,"86,555.80"
ID16169,28-Feb-2026,Payment,0.00,"1,277.28","22,661.61"
ID16169,22-Feb-2026,Debit Card,0.00,480.88,"88,508.55"
ID16169,29-Mar-2026,Charge,0.00,440.51,"4,848.56"
ID16169,08-Jan-2026,Payment,0.00,437.94,"72,470.32"
ID16170,11-Mar-2026,Reversal,0.00,998.31,"68,519.69"
ID16170,01-Mar-2026,Direct Deposit,"4,244.98",0.00,"48,558.46"
ID16170,02-Apr-2026,Payment,0.00,"1,241.63","71,761.18"
ID16170,11-Feb-2026,Debit Card,0.00,274.39,"52,912.29"
ID16170,01-Apr-2026,Charge,0.00,887.67,"35,660.15"
ID16170,01-Apr-2026,Interest,379.92,0.00,"21,037.73"
ID16170,08-Feb-2026,Debit Card,0.00,485.13,"11,220.80"
ID16170,23-Mar-2026,Direct Deposit,"2,376.05",0.00,"52,633.83"
ID16170,14-Mar-2026,Direct Deposit,"4,768.84",0.00,"92,522.75"
ID16170,30-Jan-2026,Charge,0.00,897.31,"76,198.06"
ID16170,07-Feb-2026,Reversal,0.00,"1,307.44","8,442.43"
ID16170,05-Jan-2026,Direct Deposit,"4,596.99",0.00,"92,060.06"
ID16170,15-Feb-2026,Reversal,0.00,468.99,"32,422.35"
ID16170,03-Feb-2026,Charge,0.00,88.54,"80,738.55"
ID16170,17-Mar-2026,ATM Withdrawal,0.00,259.66,"89,330.14"
ID16170,30-Jan-2026,Payment,0.00,654.37,"79,887.67"
ID16170,12-Jan-2026,Reversal,"1,679.75",0.00,"75,089.45"
ID16170,08-Feb-2026,Payment,550.75,0.00,"68,910.67"
ID16170,28-Mar-2026,Payment,0.00,549.90,"6,590.56"
ID16170,28-Jan-2026,ATM Withdrawal,0.00,740.76,"39,083.07"
ID16171,11-Jan-2026,Transfer,158.14,0.00,"3,893.08"
ID16171,26-Jan-2026,Payment,0.00,"1,480.55","81,467.94"
ID16171,14-Mar-2026,Direct Deposit,"4,465.80",0.00,"20,609.51"
ID16171,04-Feb-2026,Debit Card,0.00,425.21,"49,300.26"
ID16171,21-Feb-2026,Reversal,0.00,758.02,"86,012.39"
ID16171,03-Apr-2026,Debit Card,0.00,266.65,"84,088.89"
ID16171,02-Feb-2026,Reversal,675.37,0.00,"52,100.47"
ID16171,24-Jan-2026,ATM Withdrawal,0.00,770.43,"84,115.48"
ID16171,03-Apr-2026,Debit Card,0.00,336.67,"18,020.24"
ID16171,25-Mar-2026,Interest,400.77,0.00,"3,267.02"
ID16171,03-Feb-2026,Debit Card,0.00,354.30,"58,131.53"
ID16171,12-Feb-2026,Debit Card,0.00,879.28,"2,255.09"
ID16171,23-Feb-2026,Direct Deposit,"4,371.76",0.00,"82,887.12"
ID16171,28-Feb-2026,Interest,153.92,0.00,"27,989.05"
ID16171,11-Feb-2026,Debit Card,0.00,740.27,"67,959.75"
ID16171,15-Jan-2026,Charge,0.00,947.01,"78,402.53"
ID16171,02-Feb-2026,Interest,27.38,0.00,"32,150.91"
ID16171,18-Jan-2026,Direct Deposit,702.81,0.00,"40,142.95"
ID16171,26-Feb-2026,Direct Deposit,"4,135.01",0.00,"90,212.39"
ID16171,20-Mar-2026,Payment,0.00,101.48,"55,781.62"
ID16172,09-Feb-2026,Payment,0.00,243.14,"48,659.12"
ID16172,05-Mar-2026,Debit Card,0.00,766.14,"11,883.39"
ID16172,16-Jan-2026,Debit Card,0.00,595.18,"82,634.57"
ID16172,29-Jan-2026,Charge,0.00,326.37,"81,962.24"
ID16172,19-Feb-2026,Payment,"1,569.08",0.00,"80,607.72"
ID16172,16-Mar-2026,ATM Withdrawal,0.00,792.22,"69,547.39"
ID16172,23-Feb-2026,ATM Withdrawal,0.00,629.40,"88,590.70"
ID16172,30-Mar-2026,Debit Card,0.00,537.22,"24,437.38"
ID16172,07-Jan-2026,Direct Deposit,"4,091.76",0.00,"61,567.36"
ID16172,29-Mar-2026,Direct Deposit,"3,368.08",0.00,"93,027.38"
ID16172,11-Feb-2026,Direct Deposit,"3,086.12",0.00,"85,018.47"
ID16172,01-Apr-2026,Reversal,878.49,0.00,"36,261.24"
ID16172,14-Jan-2026,Payment,0.00,95.69,"43,549.01"
ID16172,15-Feb-2026,Charge,0.00,49.16,"75,986.47"
ID16172,10-Feb-2026,ATM Withdrawal,0.00,340.17,"20,850.93"
ID16172,30-Jan-2026,Debit Card,0.00,584.47,"39,184.80"
ID16172,08-Mar-2026,Transfer,0.00,553.01,"52,973.09"
ID16172,14-Jan-2026,Payment,0.00,945.90,"95,826.14"
ID16172,12-Jan-2026,Transfer,0.00,"1,389.44","7,367.22"
ID16172,26-Feb-2026,Transfer,0.00,164.53,"91,541.26"
ID16173,18-Jan-2026,Direct Deposit,"1,531.14",0.00,"16,817.11"
ID16173,05-Feb-2026,Charge,0.00,766.76,"76,415.65"
ID16173,21-Jan-2026,Charge,0.00,361.78,"21,058.55"
ID16173,31-Mar-2026,Debit Card,0.00,953.70,"14,253.78"
ID16173,24-Feb-2026,Charge,0.00,771.36,"52,996.49"
ID16173,07-Mar-2026,Direct Deposit,"1,679.63",0.00,"35,515.47"
ID16173,25-Jan-2026,Transfer,"1,229.60",0.00,"90,436.83"
ID16173,23-Jan-2026,Direct Deposit,517.59,0.00,"1,911.28"
ID16173,21-Feb-2026,Direct Deposit,"1,862.93",0.00,"16,005.51"
ID16173,02-Mar-2026,Debit Card,0.00,401.85,"2,155.99"
ID16173,24-Mar-2026,Reversal,142.30,0.00,"70,534.84"
ID16173,13-Feb-2026,Interest,122.11,0.00,"88,162.62"
ID16173,24-Jan-2026,Direct Deposit,690.69,0.00,"52,662.81"
ID16173,02-Apr-2026,Reversal,631.43,0.00,"89,573.92"
ID16173,08-Jan-2026,Transfer,"1,136.48",0.00,"80,924.88"
ID16173,30-Mar-2026,ATM Withdrawal,0.00,357.39,"99,162.00"
ID16173,12-Feb-2026,Interest,195.73,0.00,"35,023.02"
ID16173,14-Mar-2026,Reversal,712.50,0.00,"27,412.21"
ID16173,31-Mar-2026,Reversal,0.00,871.38,"17,883.93"
ID16173,13-Mar-2026,Transfer,"1,199.54",0.00,"48,153.57"
ID16174,23-Mar-2026,Payment,697.77,0.00,"84,994.97"
ID16174,17-Feb-2026,Charge,0.00,631.44,"7,059.80"
ID16174,30-Jan-2026,Debit Card,0.00,42.26,"99,024.19"
ID16174,13-Jan-2026,Direct Deposit,"2,586.67",0.00,"60,878.34"
ID16174,25-Mar-2026,Charge,0.00,340.31,"95,895.56"
ID16174,18-Mar-2026,Charge,0.00,993.26,"7,467.91"
ID16174,01-Feb-2026,ATM Withdrawal,0.00,735.68,"58,224.36"
ID16174,25-Feb-2026,Reversal,0.00,"1,064.00","1,155.67"
ID16174,01-Feb-2026,Debit Card,0.00,316.72,"42,638.93"
ID16174,13-Jan-2026,Direct Deposit,"3,512.87",0.00,"60,010.76"
ID16174,29-Jan-2026,Interest,481.07,0.00,"97,127.06"
ID16174,29-Mar-2026,Payment,305.34,0.00,"13,693.64"
ID16174,10-Feb-2026,Transfer,583.31,0.00,"84,076.48"
ID16174,23-Feb-2026,ATM Withdrawal,0.00,109.79,"80,793.73"
ID16174,26-Feb-2026,Charge,0.00,223.70,"44,189.06"
ID16174,15-Jan-2026,Reversal,569.93,0.00,"75,279.90"
ID16174,31-Mar-2026,Transfer,"1,717.12",0.00,"70,485.17"
ID16174,31-Mar-2026,Interest,493.98,0.00,"80,148.78"
ID16174,24-Mar-2026,Interest,403.77,0.00,"14,113.64"
ID16174,21-Mar-2026,Debit Card,0.00,639.85,"12,672.21"
ID16175,08-Mar-2026,Direct Deposit,"4,284.05",0.00,"56,981.40"
ID16175,19-Jan-2026,ATM Withdrawal,0.00,755.31,"4,287.19"
ID16175,16-Feb-2026,Charge,0.00,843.90,"51,899.15"
ID16175,03-Apr-2026,Reversal,883.01,0.00,"75,010.00"
ID16175,18-Mar-2026,Direct Deposit,"2,229.43",0.00,"24,137.71"
ID16175,17-Mar-2026,Charge,0.00,898.55,"58,108.71"
ID16175,07-Jan-2026,Direct Deposit,"3,325.75",0.00,"67,875.61"
ID16175,16-Jan-2026,Interest,199.75,0.00,"68,613.51"
ID16175,29-Jan-2026,Direct Deposit,"1,749.65",0.00,"89,027.48"
ID16175,01-Apr-2026,ATM Withdrawal,0.00,837.23,"96,166.73"
ID16175,16-Mar-2026,Charge,0.00,73.40,"98,198.48"
ID16175,03-Mar-2026,Interest,32.68,0.00,"85,309.63"
ID16175,21-Feb-2026,Payment,0.00,217.65,"50,110.02"
ID16175,22-Mar-2026,Debit Card,0.00,917.31,"81,809.00"
ID16175,06-Jan-2026,Debit Card,0.00,381.81,"50,663.50"
ID16175,08-Mar-2026,Transfer,156.30,0.00,"55,188.93"
ID16175,20-Jan-2026,Payment,"1,140.32",0.00,"64,608.18"
ID16175,17-Mar-2026,ATM Withdrawal,0.00,178.85,"69,476.67"
ID16175,12-Mar-2026,Payment,441.97,0.00,"49,020.80"
ID16175,27-Mar-2026,Charge,0.00,605.48,"40,442.75"
ID16176,24-Jan-2026,Interest,336.83,0.00,"41,912.31"
ID16176,27-Feb-2026,Reversal,0.00,928.07,"12,547.49"
ID16176,29-Mar-2026,Transfer,"1,198.57",0.00,"91,489.38"
ID16176,22-Feb-2026,Charge,0.00,171.48,"44,175.54"
ID16176,04-Feb-2026,Interest,253.78,0.00,"60,926.05"
ID16176,06-Jan-2026,Payment,0.00,561.47,"90,780.34"
ID16176,12-Feb-2026,Debit Card,0.00,963.02,"26,172.92"
ID16176,03-Apr-2026,Direct Deposit,"4,240.95",0.00,"11,653.00"
ID16176,16-Jan-2026,Direct Deposit,"2,368.16",0.00,"39,232.52"
ID16176,19-Feb-2026,Charge,0.00,769.06,"48,635.23"
ID16176,14-Jan-2026,Interest,101.54,0.00,"92,748.60"
ID16176,24-Jan-2026,Payment,"1,088.11",0.00,"66,665.10"
ID16176,06-Mar-2026,Payment,478.84,0.00,"18,238.29"
ID16176,13-Jan-2026,Interest,114.44,0.00,"37,277.73"
ID16176,03-Mar-2026,Transfer,0.00,995.49,"45,566.60"
ID16176,06-Feb-2026,Payment,0.00,226.79,"86,858.22"
ID16176,20-Mar-2026,Debit Card,0.00,828.91,"34,766.85"
ID16176,30-Mar-2026,ATM Withdrawal,0.00,424.99,"9,764.42"
ID16176,14-Mar-2026,Transfer,0.00,613.87,"66,460.91"
ID16176,14-Mar-2026,Direct Deposit,"3,752.75",0.00,"40,895.22"
ID16177,26-Jan-2026,Reversal,0.00,350.52,"86,961.83"
ID16177,06-Feb-2026,Transfer,"1,170.68",0.00,"77,959.09"
ID16177,13-Jan-2026,Charge,0.00,322.81,"18,490.42"
ID16177,20-Feb-2026,ATM Withdrawal,0.00,239.84,"25,466.17"
ID16177,22-Mar-2026,Direct Deposit,"2,068.24",0.00,"57,700.09"
ID16177,08-Jan-2026,Charge,0.00,14.04,"81,963.94"
ID16177,10-Feb-2026,Direct Deposit,"2,723.75",0.00,"9,090.09"
ID16177,13-Mar-2026,Charge,0.00,867.59,"75,566.35"
ID16177,10-Mar-2026,ATM Withdrawal,0.00,687.24,"24,685.38"
ID16177,19-Jan-2026,Interest,129.95,0.00,"91,539.53"
ID16177,05-Feb-2026,Reversal,"1,806.58",0.00,"3,575.90"
ID16177,28-Jan-2026,Reversal,0.00,"1,463.10","59,251.13"
ID16177,07-Mar-2026,Reversal,"1,930.15",0.00,"56,546.14"
ID16177,18-Feb-2026,Transfer,0.00,533.94,"1,207.07"
ID16177,22-Feb-2026,Payment,0.00,"1,150.46","39,203.74"
ID16177,28-Feb-2026,ATM Withdrawal,0.00,432.62,"50,889.62"
ID16177,22-Feb-2026,Direct Deposit,"2,872.01",0.00,"12,014.29"
ID16177,30-Mar-2026,Payment,0.00,163.13,"52,390.05"
ID16177,15-Mar-2026,Payment,"1,485.90",0.00,"72,245.84"
ID16177,25-Mar-2026,ATM Withdrawal,0.00,808.30,"25,560.29"
ID16178,09-Jan-2026,Transfer,0.00,828.83,"40,136.84"
ID16178,04-Jan-2026,Transfer,747.00,0.00,"6,592.06"
ID16178,26-Jan-2026,Interest,344.45,0.00,"51,497.60"
ID16178,02-Apr-2026,Debit Card,0.00,335.37,"74,830.59"
ID16178,23-Jan-2026,Payment,"1,307.60",0.00,"54,268.32"
ID16178,09-Jan-2026,Interest,74.88,0.00,"6,231.36"
ID16178,07-Mar-2026,Payment,0.00,245.87,"2,997.77"
ID16178,23-Jan-2026,Reversal,0.00,903.16,"85,645.49"
ID16178,30-Jan-2026,Transfer,0.00,"1,183.12","71,240.81"
ID16178,12-Feb-2026,Payment,0.00,"1,135.81","10,925.69"
ID16178,25-Mar-2026,Transfer,0.00,269.86,"47,306.19"
ID16178,14-Jan-2026,Interest,309.63,0.00,"7,479.05"
ID16178,09-Jan-2026,Interest,273.87,0.00,"49,425.62"
ID16178,03-Apr-2026,Charge,0.00,435.28,"82,938.41"
ID16178,31-Jan-2026,Interest,34.14,0.00,"51,494.53"
ID16178,05-Jan-2026,Payment,0.00,"1,107.08","29,568.48"
ID16178,13-Feb-2026,Reversal,"1,990.49",0.00,"37,681.45"
ID16178,22-Feb-2026,Payment,492.77,0.00,"71,621.47"
ID16178,08-Mar-2026,Debit Card,0.00,658.75,"28,691.50"
ID16178,18-Feb-2026,Debit Card,0.00,202.39,"56,234.63"
ID16179,21-Mar-2026,Payment,0.00,819.83,"57,938.16"
ID16179,25-Feb-2026,Interest,423.15,0.00,"39,590.83"
ID16179,17-Feb-2026,Interest,382.81,0.00,"25,035.09"
ID16179,30-Jan-2026,Payment,"1,903.32",0.00,"77,252.62"
ID16179,24-Feb-2026,Interest,72.74,0.00,"3,714.62"
ID16179,19-Jan-2026,Charge,0.00,188.04,"83,492.08"
ID16179,11-Jan-2026,Charge,0.00,486.21,"63,450.15"
ID16179,20-Feb-2026,ATM Withdrawal,0.00,881.22,"18,032.00"
ID16179,24-Feb-2026,Interest,486.69,0.00,"73,028.24"
ID16179,27-Mar-2026,Direct Deposit,"1,001.97",0.00,"83,268.80"
ID16179,22-Feb-2026,Payment,"1,848.46",0.00,"1,367.86"
ID16179,03-Jan-2026,Transfer,665.72,0.00,"53,645.13"
ID16179,16-Jan-2026,Debit Card,0.00,594.47,"10,598.75"
ID16179,03-Feb-2026,Reversal,312.13,0.00,"50,193.65"
ID16179,24-Mar-2026,Reversal,"1,328.77",0.00,"62,757.92"
ID16179,26-Jan-2026,ATM Withdrawal,0.00,653.31,"52,270.03"
ID16179,10-Feb-2026,Interest,127.25,0.00,"4,237.27"
ID16179,26-Jan-2026,Direct Deposit,"3,072.76",0.00,"46,331.32"
ID16179,13-Jan-2026,Charge,0.00,344.57,"18,545.35"
ID16179,15-Feb-2026,Charge,0.00,713.47,"39,165.32"
ID16180,23-Feb-2026,Charge,0.00,145.88,"80,514.82"
ID16180,25-Feb-2026,Transfer,"1,904.45",0.00,"85,569.81"
ID16180,14-Mar-2026,Charge,0.00,255.79,"9,862.93"
ID16180,24-Jan-2026,Charge,0.00,512.19,"19,793.80"
ID16180,16-Jan-2026,Direct Deposit,500.64,0.00,"82,172.76"
ID16180,03-Mar-2026,Direct Deposit,"3,714.46",0.00,"1,668.75"
ID16180,25-Jan-2026,Payment,688.53,0.00,"29,051.66"
ID16180,29-Mar-2026,ATM Withdrawal,0.00,738.36,"4,192.79"
ID16180,31-Mar-2026,ATM Withdrawal,0.00,653.18,"93,308.96"
ID16180,10-Jan-2026,Transfer,0.00,"1,025.32","75,731.66"
ID16180,22-Jan-2026,Charge,0.00,906.27,"76,387.75"
ID16180,28-Jan-2026,Payment,207.69,0.00,"83,223.02"
ID16180,22-Jan-2026,Payment,"1,630.59",0.00,"13,606.21"
ID16180,15-Mar-2026,ATM Withdrawal,0.00,402.44,"18,596.11"
ID16180,04-Feb-2026,Reversal,"1,136.11",0.00,"88,806.33"
ID16180,11-Mar-2026,Interest,113.06,0.00,"71,088.60"
ID16180,21-Feb-2026,Charge,0.00,405.77,"64,279.24"
ID16180,01-Apr-2026,Interest,328.86,0.00,"4,833.28"
ID16180,02-Mar-2026,Payment,0.00,"1,272.81","29,877.31"
ID16180,25-Feb-2026,Direct Deposit,"3,508.74",0.00,"91,169.31"
ID16181,26-Feb-2026,Direct Deposit,"1,257.33",0.00,"98,743.86"
ID16181,09-Feb-2026,Transfer,"1,912.04",0.00,"63,483.22"
ID16181,19-Feb-2026,ATM Withdrawal,0.00,980.94,"75,557.22"
ID16181,05-Mar-2026,Transfer,"1,621.33",0.00,"76,983.81"
ID16181,16-Mar-2026,Payment,219.36,0.00,"91,515.97"
ID16181,13-Mar-2026,Interest,250.42,0.00,"91,669.09"
ID16181,23-Jan-2026,Reversal,926.36,0.00,"2,151.49"
ID16181,22-Feb-2026,Payment,0.00,"1,214.19","13,982.91"
ID16181,07-Mar-2026,ATM Withdrawal,0.00,87.61,"48,228.13"
ID16181,05-Feb-2026,Direct Deposit,"2,744.23",0.00,"25,070.74"
ID16181,24-Mar-2026,Charge,0.00,511.71,"66,619.93"
ID16181,02-Feb-2026,Debit Card,0.00,438.20,"64,772.16"
ID16181,30-Mar-2026,Interest,221.12,0.00,"13,587.02"
ID16181,27-Feb-2026,ATM Withdrawal,0.00,514.77,"62,171.14"
ID16181,05-Feb-2026,Payment,0.00,926.96,"8,881.46"
ID16181,13-Feb-2026,Charge,0.00,96.90,"80,005.69"
ID16181,01-Apr-2026,Interest,453.91,0.00,"21,192.84"
ID16181,29-Jan-2026,Charge,0.00,461.16,"35,704.46"
ID16181,16-Mar-2026,Interest,326.80,0.00,"91,690.49"
ID16181,07-Mar-2026,Reversal,761.33,0.00,"62,439.56"
ID16182,10-Mar-2026,Transfer,0.00,279.67,"46,712.23"
ID16182,15-Jan-2026,Payment,"1,756.76",0.00,"87,887.16"
ID16182,16-Feb-2026,Direct Deposit,"4,652.24",0.00,"27,474.53"
ID16182,08-Mar-2026,Interest,261.41,0.00,"86,455.87"
ID16182,12-Jan-2026,Transfer,306.25,0.00,"62,733.73"
ID16182,16-Jan-2026,Transfer,0.00,763.59,"53,931.95"
ID16182,23-Feb-2026,ATM Withdrawal,0.00,171.24,"88,080.23"
ID16182,25-Feb-2026,ATM Withdrawal,0.00,869.57,"65,840.53"
ID16182,24-Feb-2026,ATM Withdrawal,0.00,671.90,"87,151.65"
ID16182,12-Jan-2026,Reversal,"1,582.14",0.00,"58,724.50"
ID16182,10-Mar-2026,Reversal,0.00,542.69,"98,488.94"
ID16182,23-Jan-2026,Debit Card,0.00,782.23,"86,764.03"
ID16182,10-Jan-2026,Direct Deposit,"1,422.22",0.00,"51,078.93"
ID16182,27-Jan-2026,Transfer,0.00,309.50,"56,284.19"
ID16182,27-Mar-2026,Reversal,0.00,"1,024.00","55,079.50"
ID16182,18-Mar-2026,Reversal,337.14,0.00,"32,740.23"
ID16182,02-Mar-2026,Direct Deposit,"1,312.88",0.00,"67,835.75"
ID16182,24-Jan-2026,Debit Card,0.00,132.69,"54,974.38"
ID16182,13-Mar-2026,Interest,117.16,0.00,"88,888.46"
ID16182,14-Feb-2026,Debit Card,0.00,516.74,"94,242.01"
ID16183,10-Feb-2026,ATM Withdrawal,0.00,329.57,"38,804.68"
ID16183,26-Mar-2026,Charge,0.00,695.99,"42,029.97"
ID16183,16-Jan-2026,Debit Card,0.00,352.16,"37,978.28"
ID16183,23-Jan-2026,Transfer,0.00,946.43,"90,460.15"
ID16183,24-Mar-2026,Transfer,297.71,0.00,"10,133.13"
ID16183,21-Jan-2026,Reversal,0.00,232.40,"85,197.46"
ID16183,18-Jan-2026,Reversal,0.00,"1,487.46","78,476.65"
ID16183,10-Jan-2026,Payment,0.00,678.47,"61,766.59"
ID16183,15-Mar-2026,Charge,0.00,22.43,"14,954.88"
ID16183,07-Mar-2026,Transfer,"1,027.39",0.00,"83,626.82"
ID16183,13-Jan-2026,Reversal,612.03,0.00,"32,990.79"
ID16183,23-Mar-2026,Reversal,"1,900.07",0.00,"93,925.98"
ID16183,05-Feb-2026,Charge,0.00,620.32,"62,240.94"
ID16183,02-Apr-2026,Interest,444.19,0.00,"47,233.90"
ID16183,04-Jan-2026,Transfer,"1,051.55",0.00,"53,168.26"
ID16183,18-Mar-2026,Reversal,0.00,886.95,"27,122.71"
ID16183,09-Feb-2026,Interest,286.94,0.00,"88,685.26"
ID16183,08-Feb-2026,Interest,194.35,0.00,"81,990.91"
ID16183,02-Feb-2026,Transfer,"1,421.85",0.00,"8,756.67"
ID16183,19-Mar-2026,Charge,0.00,882.38,"50,979.47"
ID16184,21-Jan-2026,ATM Withdrawal,0.00,230.27,"54,736.56"
ID16184,05-Feb-2026,Reversal,231.13,0.00,"37,554.70"
ID16184,04-Jan-2026,Interest,207.34,0.00,"30,356.37"
ID16184,03-Mar-2026,Interest,54.00,0.00,"44,762.11"
ID16184,06-Jan-2026,Reversal,0.00,"1,297.18","84,247.04"
ID16184,21-Feb-2026,Charge,0.00,747.61,"38,590.16"
ID16184,15-Feb-2026,Interest,175.85,0.00,"16,098.47"
ID16184,06-Mar-2026,Debit Card,0.00,183.16,"57,886.81"
ID16184,06-Feb-2026,ATM Withdrawal,0.00,824.92,"9,262.61"
ID16184,24-Jan-2026,Direct Deposit,"1,545.48",0.00,"66,355.51"
ID16184,25-Feb-2026,Payment,0.00,679.51,"5,138.67"
ID16184,21-Jan-2026,Transfer,314.77,0.00,"92,958.86"
ID16184,12-Mar-2026,Transfer,"1,821.35",0.00,"94,845.22"
ID16184,09-Feb-2026,Direct Deposit,"2,070.83",0.00,"54,557.40"
ID16184,16-Jan-2026,Interest,49.09,0.00,"90,657.37"
ID16184,13-Mar-2026,Direct Deposit,"1,705.55",0.00,"2,615.46"
ID16184,05-Mar-2026,Payment,793.38,0.00,"82,048.29"
ID16184,12-Jan-2026,Reversal,263.61,0.00,"27,070.57"
ID16184,08-Mar-2026,Payment,0.00,489.27,"47,263.20"
ID16184,18-Jan-2026,Reversal,0.00,"1,055.48","6,691.62"
ID16185,18-Mar-2026,Interest,60.89,0.00,"3,220.22"
ID16185,21-Jan-2026,Transfer,"1,367.70",0.00,"78,703.18"
ID16185,14-Mar-2026,Direct Deposit,"4,062.21",0.00,"82,853.31"
ID16185,14-Feb-2026,Charge,0.00,518.30,"32,453.60"
ID16185,25-Mar-2026,Transfer,"1,119.84",0.00,"89,063.24"
ID16185,05-Feb-2026,Charge,0.00,907.14,"14,991.36"
ID16185,12-Mar-2026,Direct Deposit,"2,518.84",0.00,"31,200.22"
ID16185,08-Mar-2026,Reversal,430.20,0.00,"80,975.57"
ID16185,21-Mar-2026,Charge,0.00,590.09,"63,868.57"
ID16185,31-Jan-2026,ATM Withdrawal,0.00,524.14,"61,832.45"
ID16185,24-Feb-2026,Charge,0.00,819.85,"80,906.92"
ID16185,10-Feb-2026,Reversal,"1,094.56",0.00,"21,249.33"
ID16185,24-Mar-2026,Interest,314.79,0.00,"60,027.97"
ID16185,16-Feb-2026,Debit Card,0.00,594.98,"30,765.40"
ID16185,26-Jan-2026,Interest,332.15,0.00,"51,363.22"
ID16185,12-Feb-2026,Direct Deposit,"3,437.72",0.00,"36,880.32"
ID16185,20-Jan-2026,Transfer,0.00,621.56,"1,388.77"
ID16185,21-Feb-2026,Charge,0.00,57.46,"42,650.02"
ID16185,29-Mar-2026,Reversal,257.09,0.00,"82,549.22"
ID16185,22-Feb-2026,Charge,0.00,718.83,"21,144.51"
ID16186,25-Jan-2026,Direct Deposit,"3,121.77",0.00,"56,316.75"
ID16186,17-Mar-2026,Reversal,468.12,0.00,"62,848.06"
ID16186,13-Mar-2026,Transfer,0.00,"1,406.76","78,663.26"
ID16186,29-Mar-2026,Charge,0.00,18.57,"90,616.59"
ID16186,02-Apr-2026,ATM Withdrawal,0.00,810.90,"98,509.42"
ID16186,07-Jan-2026,Interest,438.42,0.00,"85,488.50"
ID16186,26-Jan-2026,Direct Deposit,"2,955.27",0.00,"30,532.88"
ID16186,06-Feb-2026,Charge,0.00,769.79,"47,441.40"
ID16186,17-Jan-2026,Payment,0.00,592.96,"86,163.00"
ID16186,01-Feb-2026,Reversal,0.00,405.72,"72,427.02"
ID16186,26-Feb-2026,Payment,0.00,903.05,"24,141.54"
ID16186,19-Mar-2026,Charge,0.00,133.02,"26,822.62"
ID16186,23-Feb-2026,Transfer,654.01,0.00,"53,211.74"
ID16186,08-Jan-2026,ATM Withdrawal,0.00,21.42,"3,737.72"
ID16186,03-Mar-2026,Payment,"1,993.71",0.00,"39,394.91"
ID16186,25-Mar-2026,Transfer,0.00,695.11,"54,830.73"
ID16186,31-Mar-2026,Payment,710.68,0.00,"21,143.58"
ID16186,08-Jan-2026,ATM Withdrawal,0.00,919.85,"47,436.09"
ID16186,12-Feb-2026,Transfer,0.00,896.54,"96,090.31"
ID16186,14-Feb-2026,Debit Card,0.00,191.56,"38,891.73"
ID16187,12-Mar-2026,Debit Card,0.00,175.36,"10,909.49"
ID16187,21-Jan-2026,Reversal,653.04,0.00,"77,197.95"
ID16187,15-Mar-2026,Direct Deposit,"1,050.85",0.00,"15,739.47"
ID16187,29-Jan-2026,Transfer,229.98,0.00,"82,101.67"
ID16187,25-Mar-2026,Interest,278.17,0.00,"58,610.78"
ID16187,23-Jan-2026,Payment,"1,587.90",0.00,"46,738.08"
ID16187,03-Apr-2026,Debit Card,0.00,855.55,"19,437.43"
ID16187,11-Jan-2026,Direct Deposit,"2,081.05",0.00,"39,889.94"
ID16187,29-Jan-2026,Debit Card,0.00,830.74,"98,516.59"
ID16187,13-Mar-2026,Reversal,"1,782.46",0.00,"86,644.18"
ID16187,08-Feb-2026,Debit Card,0.00,923.98,"40,682.56"
ID16187,13-Jan-2026,Reversal,0.00,912.48,"83,090.68"
ID16187,03-Apr-2026,Interest,156.15,0.00,"47,675.11"
ID16187,15-Jan-2026,Charge,0.00,985.63,"21,363.27"
ID16187,13-Jan-2026,ATM Withdrawal,0.00,906.96,"7,722.69"
ID16187,31-Mar-2026,Charge,0.00,88.14,"55,869.04"
ID16187,15-Feb-2026,Debit Card,0.00,87.25,"41,684.86"
ID16187,31-Jan-2026,Interest,140.34,0.00,"69,880.62"
ID16187,21-Feb-2026,Interest,127.11,0.00,"71,708.60"
ID16187,19-Mar-2026,ATM Withdrawal,0.00,372.54,"11,370.84"
ID16188,09-Feb-2026,ATM Withdrawal,0.00,514.09,"71,088.62"
ID16188,04-Feb-2026,Transfer,0.00,858.77,"20,504.73"
ID16188,04-Feb-2026,Interest,196.97,0.00,"45,006.89"
ID16188,11-Feb-2026,Direct Deposit,"1,297.84",0.00,"78,370.59"
ID16188,25-Mar-2026,Payment,143.79,0.00,"18,320.56"
ID16188,07-Mar-2026,Reversal,465.87,0.00,"42,700.89"
ID16188,20-Mar-2026,Payment,771.93,0.00,"24,287.49"
ID16188,29-Mar-2026,ATM Withdrawal,0.00,120.51,"30,559.17"
ID16188,27-Jan-2026,Charge,0.00,716.95,"66,920.55"
ID16188,06-Jan-2026,Payment,"1,821.53",0.00,"31,238.60"
ID16188,27-Feb-2026,ATM Withdrawal,0.00,343.76,"94,984.69"
ID16188,05-Feb-2026,Direct Deposit,"3,060.63",0.00,"29,416.99"
ID16188,23-Mar-2026,Reversal,"1,430.40",0.00,"12,651.26"
ID16188,16-Jan-2026,ATM Withdrawal,0.00,279.05,"66,037.29"
ID16188,09-Jan-2026,ATM Withdrawal,0.00,801.55,"85,131.45"
ID16188,17-Mar-2026,Direct Deposit,"2,268.42",0.00,"72,298.44"
ID16188,12-Jan-2026,ATM Withdrawal,0.00,698.11,"97,686.17"
ID16188,08-Mar-2026,Transfer,0.00,"1,356.00","58,688.13"
ID16188,03-Feb-2026,Interest,174.42,0.00,"73,739.08"
ID16188,10-Feb-2026,Payment,0.00,922.59,"13,059.60"
ID16189,23-Jan-2026,Payment,0.00,284.30,"71,325.54"
ID16189,26-Jan-2026,Payment,"1,554.32",0.00,"76,392.97"
ID16189,12-Jan-2026,Charge,0.00,685.69,"89,906.62"
ID16189,27-Mar-2026,Debit Card,0.00,60.86,"33,552.76"
ID16189,24-Mar-2026,Charge,0.00,253.54,"40,802.74"
ID16189,09-Mar-2026,Charge,0.00,411.00,"43,100.03"
ID16189,23-Feb-2026,Direct Deposit,"2,699.12",0.00,"22,337.02"
ID16189,14-Jan-2026,Direct Deposit,"1,984.21",0.00,"23,909.52"
ID16189,06-Feb-2026,ATM Withdrawal,0.00,443.16,"68,748.31"
ID16189,28-Jan-2026,Reversal,"1,801.84",0.00,"75,297.04"
ID16189,27-Mar-2026,Reversal,991.02,0.00,"8,205.65"
ID16189,13-Jan-2026,Charge,0.00,566.39,"72,496.47"
ID16189,21-Jan-2026,Transfer,"1,935.26",0.00,"57,739.45"
ID16189,24-Mar-2026,ATM Withdrawal,0.00,933.25,"53,847.10"
ID16189,20-Jan-2026,ATM Withdrawal,0.00,40.50,"22,714.38"
ID16189,17-Feb-2026,Transfer,"1,997.84",0.00,"77,136.11"
ID16189,14-Mar-2026,Debit Card,0.00,39.76,"74,993.46"
ID16189,19-Feb-2026,Payment,0.00,"1,419.28","22,600.28"
ID16189,04-Mar-2026,Transfer,0.00,645.66,"78,236.48"
ID16189,31-Jan-2026,Interest,387.75,0.00,"86,492.63"
ID16190,10-Jan-2026,Payment,0.00,"1,412.52","3,858.86"
ID16190,01-Mar-2026,Charge,0.00,665.27,"25,357.83"
ID16190,08-Mar-2026,Interest,127.75,0.00,"28,496.67"
ID16190,13-Mar-2026,Reversal,0.00,559.67,"6,515.35"
ID16190,22-Feb-2026,Reversal,0.00,80.24,"74,875.19"
ID16190,04-Feb-2026,Interest,495.49,0.00,"50,239.70"
ID16190,28-Jan-2026,Direct Deposit,"2,228.99",0.00,"32,808.82"
ID16190,27-Mar-2026,Charge,0.00,969.36,"96,967.80"
ID16190,07-Mar-2026,Direct Deposit,"4,586.35",0.00,"64,604.65"
ID16190,19-Feb-2026,Transfer,0.00,"1,255.27","60,753.91"
ID16190,19-Feb-2026,Transfer,0.00,58.19,"2,039.09"
ID16190,14-Jan-2026,Payment,"1,176.24",0.00,"75,825.05"
ID16190,23-Mar-2026,Direct Deposit,888.44,0.00,"64,137.50"
ID16190,26-Jan-2026,Reversal,"1,060.60",0.00,"26,519.95"
ID16190,12-Mar-2026,Charge,0.00,136.42,"40,318.48"
ID16190,10-Mar-2026,ATM Withdrawal,0.00,146.12,"34,732.95"
ID16190,27-Mar-2026,Charge,0.00,166.77,"86,632.96"
ID16190,09-Jan-2026,ATM Withdrawal,0.00,17.26,"7,427.53"
ID16190,25-Jan-2026,Payment,0.00,"1,471.58","14,926.24"
ID16190,07-Jan-2026,Direct Deposit,"3,564.21",0.00,"65,722.08"
ID16191,11-Jan-2026,Payment,858.19,0.00,"79,679.80"
ID16191,15-Mar-2026,Transfer,964.58,0.00,"57,312.40"
ID16191,18-Mar-2026,ATM Withdrawal,0.00,135.08,"43,036.04"
ID16191,06-Mar-2026,Direct Deposit,"1,975.37",0.00,"42,163.28"
ID16191,04-Jan-2026,ATM Withdrawal,0.00,266.34,"73,464.95"
ID16191,26-Jan-2026,Transfer,"1,886.97",0.00,"50,334.43"
ID16191,16-Jan-2026,Reversal,0.00,411.60,"60,025.88"
ID16191,26-Feb-2026,Transfer,"1,515.36",0.00,"94,471.67"
ID16191,17-Jan-2026,Debit Card,0.00,738.79,"51,655.64"
ID16191,24-Jan-2026,Reversal,"1,653.92",0.00,"63,824.37"
ID16191,20-Feb-2026,Direct Deposit,960.73,0.00,"54,861.39"
ID16191,14-Feb-2026,Payment,"1,113.34",0.00,"81,133.10"
ID16191,23-Jan-2026,Payment,"1,451.21",0.00,"16,410.60"
ID16191,13-Feb-2026,Debit Card,0.00,618.16,"49,629.58"
ID16191,17-Mar-2026,ATM Withdrawal,0.00,364.24,"80,087.44"
ID16191,11-Mar-2026,Reversal,0.00,"1,092.41","68,158.46"
ID16191,31-Jan-2026,Reversal,0.00,"1,494.41","70,034.79"
ID16191,08-Mar-2026,Transfer,"1,489.54",0.00,"2,858.53"
ID16191,20-Jan-2026,Interest,227.81,0.00,"47,101.21"
ID16191,11-Feb-2026,Debit Card,0.00,628.83,"24,709.75"
ID16192,15-Jan-2026,Interest,363.17,0.00,"68,772.95"
ID16192,25-Feb-2026,Payment,"1,311.84",0.00,"21,003.77"
ID16192,24-Mar-2026,Transfer,0.00,254.51,"8,412.56"
ID16192,21-Mar-2026,Debit Card,0.00,385.13,"60,751.83"
ID16192,16-Feb-2026,Charge,0.00,612.48,"7,319.59"
ID16192,03-Jan-2026,Interest,72.52,0.00,"3,613.95"
ID16192,08-Mar-2026,Direct Deposit,"1,470.52",0.00,"68,704.34"
ID16192,11-Mar-2026,Reversal,821.94,0.00,"50,160.27"
ID16192,04-Jan-2026,Interest,146.73,0.00,"3,295.48"
ID16192,15-Feb-2026,Direct Deposit,"1,881.23",0.00,"89,456.82"
ID16192,20-Jan-2026,Interest,426.38,0.00,"29,540.03"
ID16192,26-Mar-2026,ATM Withdrawal,0.00,656.46,"38,646.14"
ID16192,10-Feb-2026,Charge,0.00,771.55,"65,503.92"
ID16192,16-Jan-2026,Debit Card,0.00,698.60,"61,143.96"
ID16192,28-Jan-2026,Charge,0.00,236.35,"51,962.22"
ID16192,02-Mar-2026,Payment,214.02,0.00,"88,300.40"
ID16192,21-Jan-2026,ATM Withdrawal,0.00,236.27,"5,539.07"
ID16192,07-Feb-2026,Direct Deposit,"3,069.18",0.00,"78,090.15"
ID16192,05-Feb-2026,Reversal,0.00,306.12,"98,672.84"
ID16192,23-Feb-2026,Transfer,788.95,0.00,"64,781.72"
ID16193,28-Feb-2026,Debit Card,0.00,225.06,"87,313.69"
ID16193,03-Feb-2026,ATM Withdrawal,0.00,572.96,"46,025.61"
ID16193,09-Jan-2026,Debit Card,0.00,531.01,"22,145.32"
ID16193,11-Mar-2026,Debit Card,0.00,908.52,"37,138.12"
ID16193,02-Apr-2026,ATM Withdrawal,0.00,960.13,"85,134.98"
ID16193,16-Feb-2026,Debit Card,0.00,694.14,"28,183.12"
ID16193,29-Jan-2026,Direct Deposit,"3,424.84",0.00,"81,974.54"
ID16193,08-Jan-2026,Charge,0.00,121.24,"77,815.51"
ID16193,18-Mar-2026,Transfer,0.00,419.72,"19,882.25"
ID16193,12-Feb-2026,ATM Withdrawal,0.00,86.78,"83,320.40"
ID16193,11-Jan-2026,Debit Card,0.00,514.77,"36,873.20"
ID16193,10-Mar-2026,Reversal,0.00,"1,356.53","39,077.24"
ID16193,03-Apr-2026,Direct Deposit,"3,601.98",0.00,"87,992.17"
ID16193,29-Jan-2026,Payment,0.00,955.45,"7,993.69"
ID16193,04-Jan-2026,Direct Deposit,"3,919.30",0.00,"55,843.14"
ID16193,13-Feb-2026,ATM Withdrawal,0.00,357.80,"62,263.18"
ID16193,23-Jan-2026,Payment,"1,765.68",0.00,"30,325.98"
ID16193,12-Mar-2026,Reversal,295.42,0.00,"58,936.07"
ID16193,10-Mar-2026,Transfer,527.83,0.00,"98,394.43"
ID16193,20-Feb-2026,Interest,53.48,0.00,"23,858.77"
ID16194,26-Mar-2026,Interest,91.47,0.00,"31,367.26"
ID16194,12-Mar-2026,Transfer,0.00,897.63,"95,091.15"
ID16194,25-Jan-2026,Direct Deposit,950.43,0.00,"20,854.69"
ID16194,12-Mar-2026,Transfer,906.53,0.00,"34,533.59"
ID16194,05-Jan-2026,ATM Withdrawal,0.00,533.51,"65,394.70"
ID16194,24-Mar-2026,Charge,0.00,956.62,"82,085.66"
ID16194,22-Feb-2026,ATM Withdrawal,0.00,61.68,"96,403.63"
ID16194,27-Feb-2026,Reversal,"1,718.87",0.00,"80,454.69"
ID16194,16-Feb-2026,Payment,857.99,0.00,"49,484.54"
ID16194,01-Feb-2026,Transfer,731.90,0.00,"56,163.59"
ID16194,05-Mar-2026,Reversal,"1,955.36",0.00,"77,871.74"
ID16194,23-Mar-2026,Interest,314.57,0.00,"54,316.98"
ID16194,27-Jan-2026,Direct Deposit,"1,938.88",0.00,"47,577.73"
ID16194,26-Mar-2026,Payment,"1,305.60",0.00,"82,001.46"
ID16194,01-Apr-2026,Charge,0.00,462.95,"13,724.38"
ID16194,17-Mar-2026,Payment,252.60,0.00,"17,644.02"
ID16194,23-Mar-2026,Reversal,0.00,821.36,"46,234.95"
ID16194,04-Jan-2026,Reversal,"1,102.85",0.00,"63,725.79"
ID16194,10-Mar-2026,Direct Deposit,"4,106.08",0.00,"4,280.68"
ID16194,03-Mar-2026,Reversal,0.00,527.03,"36,179.29"
ID16195,15-Jan-2026,Reversal,0.00,"1,203.26","17,508.32"
ID16195,22-Feb-2026,Payment,"1,460.75",0.00,"21,656.79"
ID16195,08-Jan-2026,Charge,0.00,95.09,"37,086.34"
ID16195,04-Mar-2026,Reversal,0.00,373.44,"31,794.10"
ID16195,14-Feb-2026,ATM Withdrawal,0.00,659.97,"47,856.07"
ID16195,08-Jan-2026,Debit Card,0.00,968.28,"75,506.23"
ID16195,04-Jan-2026,Charge,0.00,903.72,"56,489.95"
ID16195,10-Feb-2026,Charge,0.00,517.07,"44,784.06"
ID16195,03-Apr-2026,ATM Withdrawal,0.00,241.69,"28,183.36"
ID16195,06-Jan-2026,Direct Deposit,"1,994.52",0.00,"8,267.44"
ID16195,07-Mar-2026,ATM Withdrawal,0.00,500.26,"42,555.72"
ID16195,15-Jan-2026,Reversal,0.00,"1,322.10","90,200.11"
ID16195,04-Feb-2026,Transfer,"1,448.64",0.00,"43,159.75"
ID16195,03-Apr-2026,Direct Deposit,"4,774.98",0.00,"77,317.75"
ID16195,24-Feb-2026,Interest,421.97,0.00,"78,839.44"
ID16195,04-Mar-2026,Debit Card,0.00,660.48,"42,413.73"
ID16195,16-Jan-2026,Charge,0.00,202.70,"73,426.80"
ID16195,03-Feb-2026,Charge,0.00,23.00,"66,630.06"
ID16195,18-Jan-2026,Charge,0.00,796.51,"36,293.47"
ID16195,24-Mar-2026,ATM Withdrawal,0.00,781.89,"10,294.74"
ID16196,12-Jan-2026,Debit Card,0.00,443.36,"73,000.60"
ID16196,12-Feb-2026,Reversal,0.00,660.00,"21,529.23"
ID16196,07-Mar-2026,Charge,0.00,942.57,"17,663.46"
ID16196,11-Mar-2026,Transfer,0.00,"1,360.77","4,689.30"
ID16196,17-Feb-2026,Charge,0.00,399.47,"16,326.41"
ID16196,10-Jan-2026,ATM Withdrawal,0.00,174.04,"35,419.85"
ID16196,18-Jan-2026,Debit Card,0.00,437.71,"91,501.00"
ID16196,18-Feb-2026,ATM Withdrawal,0.00,626.44,"93,386.57"
ID16196,17-Feb-2026,ATM Withdrawal,0.00,957.79,"48,489.47"
ID16196,05-Jan-2026,Direct Deposit,751.06,0.00,"80,322.09"
ID16196,19-Mar-2026,Reversal,"1,353.34",0.00,"24,337.74"
ID16196,22-Mar-2026,Transfer,"1,925.92",0.00,"64,776.81"
ID16196,23-Jan-2026,Interest,216.81,0.00,"78,951.54"
ID16196,11-Mar-2026,Payment,"1,507.07",0.00,"1,962.42"
ID16196,21-Feb-2026,Direct Deposit,"1,249.21",0.00,"86,805.39"
ID16196,27-Jan-2026,Reversal,0.00,486.86,"99,322.70"
ID16196,22-Jan-2026,Debit Card,0.00,310.47,"71,825.68"
ID16196,21-Feb-2026,Reversal,471.80,0.00,"70,972.99"
ID16196,28-Mar-2026,Direct Deposit,"2,452.29",0.00,"81,276.60"
ID16196,20-Mar-2026,Payment,0.00,391.39,"28,052.65"
ID16197,03-Feb-2026,Charge,0.00,768.97,"10,488.81"
ID16197,09-Feb-2026,Direct Deposit,"3,082.15",0.00,"78,835.09"
ID16197,26-Jan-2026,Transfer,0.00,693.66,"78,176.34"
ID16197,16-Jan-2026,ATM Withdrawal,0.00,356.20,"18,253.38"
ID16197,01-Mar-2026,Debit Card,0.00,24.85,"8,319.78"
ID16197,27-Feb-2026,Direct Deposit,"2,503.76",0.00,"44,703.74"
ID16197,13-Mar-2026,Interest,288.53,0.00,"35,094.90"
ID16197,27-Mar-2026,Transfer,0.00,315.16,"30,259.63"
ID16197,04-Jan-2026,Interest,112.11,0.00,"18,074.70"
ID16197,22-Mar-2026,Debit Card,0.00,205.76,"23,996.56"
ID16197,03-Feb-2026,Transfer,0.00,176.29,"90,887.60"
ID16197,26-Jan-2026,Payment,0.00,352.79,"79,215.54"
ID16197,14-Jan-2026,Reversal,0.00,"1,461.64","28,243.02"
ID16197,11-Mar-2026,Direct Deposit,"1,770.64",0.00,"25,739.17"
ID16197,17-Jan-2026,Debit Card,0.00,835.36,"42,401.72"
ID16197,25-Mar-2026,Direct Deposit,"4,068.34",0.00,"77,996.94"
ID16197,22-Mar-2026,Reversal,"1,761.68",0.00,"50,681.23"
ID16197,03-Apr-2026,Interest,286.18,0.00,"30,911.39"
ID16197,11-Feb-2026,Payment,763.21,0.00,"41,055.62"
ID16197,15-Feb-2026,Payment,0.00,"1,107.20","11,389.88"
ID16198,29-Mar-2026,Direct Deposit,"3,278.55",0.00,"11,117.25"
ID16198,03-Feb-2026,ATM Withdrawal,0.00,622.22,"76,110.14"
ID16198,04-Mar-2026,Charge,0.00,94.34,"30,834.34"
ID16198,30-Jan-2026,Debit Card,0.00,796.06,"48,481.76"
ID16198,16-Jan-2026,Direct Deposit,"1,089.02",0.00,"3,427.69"
ID16198,12-Mar-2026,ATM Withdrawal,0.00,777.16,"97,735.69"
ID16198,19-Jan-2026,Debit Card,0.00,596.03,"51,063.94"
ID16198,20-Feb-2026,Charge,0.00,41.42,"89,067.02"
ID16198,08-Mar-2026,Payment,0.00,"1,403.67","35,377.05"
ID16198,18-Feb-2026,Transfer,0.00,"1,025.99","1,294.51"
ID16198,08-Jan-2026,Interest,156.09,0.00,"6,045.81"
ID16198,10-Feb-2026,Reversal,"1,428.73",0.00,"55,092.33"
ID16198,11-Feb-2026,ATM Withdrawal,0.00,504.24,"92,582.17"
ID16198,09-Feb-2026,Payment,0.00,798.74,"53,189.54"
ID16198,06-Mar-2026,Payment,0.00,138.01,"65,783.63"
ID16198,15-Jan-2026,Direct Deposit,"2,764.70",0.00,"29,200.60"
ID16198,27-Jan-2026,Transfer,0.00,"1,063.42","96,072.63"
ID16198,07-Jan-2026,Transfer,"1,414.46",0.00,"56,330.97"
ID16198,18-Feb-2026,Charge,0.00,619.96,"69,845.58"
ID16198,23-Mar-2026,Charge,0.00,944.20,"46,672.75"
ID16199,24-Mar-2026,Charge,0.00,552.33,"15,219.41"
ID16199,14-Jan-2026,Payment,0.00,"1,175.99","25,886.81"
ID16199,29-Jan-2026,Direct Deposit,"1,948.25",0.00,"10,469.02"
ID16199,20-Feb-2026,Charge,0.00,485.52,"86,050.72"
ID16199,07-Feb-2026,Direct Deposit,"2,582.08",0.00,"35,466.78"
ID16199,19-Jan-2026,Payment,0.00,569.61,"35,330.42"
ID16199,12-Jan-2026,Debit Card,0.00,824.11,"78,772.09"
ID16199,13-Jan-2026,Debit Card,0.00,882.54,"20,171.18"
ID16199,25-Jan-2026,Transfer,0.00,462.48,"16,309.51"
ID16199,09-Mar-2026,Direct Deposit,"4,320.85",0.00,"93,434.94"
ID16199,30-Jan-2026,Charge,0.00,828.75,"98,383.42"
ID16199,22-Feb-2026,Transfer,696.09,0.00,"49,951.29"
ID16199,09-Jan-2026,Reversal,0.00,516.27,"99,897.66"
ID16199,23-Feb-2026,Transfer,0.00,"1,440.03","89,739.90"
ID16199,01-Apr-2026,Transfer,124.80,0.00,"10,230.40"
ID16199,26-Jan-2026,Reversal,0.00,715.21,"35,304.20"
ID16199,05-Mar-2026,Payment,0.00,812.68,"55,997.93"
ID16199,13-Feb-2026,Charge,0.00,46.01,"44,721.69"
ID16199,25-Jan-2026,Direct Deposit,822.18,0.00,"84,434.62"
ID16199,16-Mar-2026,Debit Card,0.00,42.16,"2,942.12"
