customer_id,Date,Description,Deposits,Withdrawls,Balance
ID13500,05-Mar-2026,Payment,"1,873.65",0.00,"6,762.65"
ID13500,02-Apr-2026,Direct Deposit,"3,366.31",0.00,"51,260.53"
ID13500,19-Jan-2026,Payment,0.00,70.81,"78,472.23"
ID13500,20-Feb-2026,Debit Card,0.00,990.61,"59,156.31"
ID13500,25-Mar-2026,ATM Withdrawal,0.00,305.42,"41,653.34"
ID13500,02-Apr-2026,Payment,"1,380.62",0.00,"36,883.18"
ID13500,12-Mar-2026,Debit Card,0.00,591.15,"71,649.82"
ID13500,20-Mar-2026,Reversal,543.06,0.00,"26,760.54"
ID13500,27-Mar-2026,Charge,0.00,462.50,"55,374.59"
ID13500,03-Feb-2026,Direct Deposit,"1,836.46",0.00,"93,759.78"
ID13500,04-Mar-2026,Direct Deposit,"1,253.21",0.00,"43,495.47"
ID13500,06-Jan-2026,Direct Deposit,"3,854.87",0.00,"75,989.58"
ID13500,03-Mar-2026,Transfer,0.00,943.86,"39,494.24"
ID13500,28-Mar-2026,Debit Card,0.00,697.40,"38,047.02"
ID13500,09-Feb-2026,Reversal,"1,324.07",0.00,"75,502.44"
ID13500,11-Mar-2026,Charge,0.00,487.94,"23,976.23"
ID13500,13-Feb-2026,ATM Withdrawal,0.00,834.28,"39,419.88"
ID13500,29-Jan-2026,Charge,0.00,672.44,"13,726.39"
ID13500,13-Jan-2026,Reversal,0.00,704.04,"43,900.39"
ID13500,18-Feb-2026,Transfer,888.02,0.00,"26,900.42"
ID13501,21-Feb-2026,Transfer,952.57,0.00,"74,376.09"
ID13501,11-Feb-2026,Transfer,"1,726.32",0.00,"66,247.35"
ID13501,18-Jan-2026,ATM Withdrawal,0.00,324.03,"86,892.17"
ID13501,11-Jan-2026,Reversal,"1,184.94",0.00,"64,396.39"
ID13501,21-Mar-2026,Debit Card,0.00,984.83,"42,450.75"
ID13501,14-Mar-2026,Payment,200.85,0.00,"78,939.22"
ID13501,06-Jan-2026,ATM Withdrawal,0.00,214.92,"56,586.37"
ID13501,05-Jan-2026,Charge,0.00,692.26,"41,581.87"
ID13501,06-Mar-2026,Charge,0.00,118.06,"18,238.86"
ID13501,02-Feb-2026,Payment,643.35,0.00,"72,206.64"
ID13501,13-Feb-2026,Payment,0.00,869.42,"92,148.59"
ID13501,21-Feb-2026,Transfer,0.00,"1,324.72","73,605.60"
ID13501,07-Mar-2026,Direct Deposit,"4,061.12",0.00,"72,903.29"
ID13501,15-Mar-2026,Reversal,549.52,0.00,"89,621.49"
ID13501,13-Feb-2026,Interest,333.56,0.00,"32,989.46"
ID13501,30-Mar-2026,Debit Card,0.00,901.83,"32,084.08"
ID13501,11-Jan-2026,ATM Withdrawal,0.00,227.76,"39,590.21"
ID13501,08-Feb-2026,Payment,"1,592.62",0.00,"32,017.65"
ID13501,16-Mar-2026,ATM Withdrawal,0.00,682.83,"35,015.37"
ID13501,21-Feb-2026,Charge,0.00,77.26,"29,054.14"
ID13502,23-Mar-2026,Transfer,508.81,0.00,"76,350.71"
ID13502,18-Feb-2026,Interest,362.20,0.00,"98,000.56"
ID13502,09-Jan-2026,Charge,0.00,744.71,"4,575.57"
ID13502,03-Jan-2026,Debit Card,0.00,814.67,"48,201.40"
ID13502,17-Feb-2026,Reversal,0.00,192.67,"52,804.77"
ID13502,13-Jan-2026,ATM Withdrawal,0.00,681.25,"32,074.15"
ID13502,07-Feb-2026,Reversal,356.49,0.00,"31,844.53"
ID13502,03-Feb-2026,Reversal,0.00,429.57,"51,144.91"
ID13502,18-Mar-2026,Charge,0.00,403.54,"84,070.75"
ID13502,13-Jan-2026,ATM Withdrawal,0.00,359.51,"17,549.18"
ID13502,20-Jan-2026,Interest,80.99,0.00,"36,594.24"
ID13502,28-Feb-2026,Reversal,0.00,612.29,"94,074.58"
ID13502,06-Mar-2026,Interest,353.27,0.00,"40,713.79"
ID13502,12-Mar-2026,Interest,457.95,0.00,"31,669.21"
ID13502,18-Mar-2026,ATM Withdrawal,0.00,948.10,"15,833.78"
ID13502,21-Mar-2026,Charge,0.00,991.78,"45,810.97"
ID13502,17-Jan-2026,ATM Withdrawal,0.00,872.13,"30,392.28"
ID13502,13-Mar-2026,Interest,498.21,0.00,"50,084.05"
ID13502,25-Jan-2026,Charge,0.00,164.69,"36,287.27"
ID13502,24-Feb-2026,Payment,0.00,328.85,"70,061.12"
ID13503,30-Mar-2026,Charge,0.00,487.70,"89,216.40"
ID13503,20-Jan-2026,Payment,"1,377.92",0.00,"23,785.84"
ID13503,07-Mar-2026,ATM Withdrawal,0.00,69.37,"2,843.12"
ID13503,04-Jan-2026,Reversal,0.00,386.75,"45,837.28"
ID13503,02-Feb-2026,Direct Deposit,"1,233.31",0.00,"20,812.45"
ID13503,11-Feb-2026,Payment,0.00,896.84,"18,697.71"
ID13503,14-Mar-2026,Debit Card,0.00,467.21,"76,518.32"
ID13503,04-Feb-2026,Transfer,0.00,553.18,"77,514.69"
ID13503,11-Mar-2026,Direct Deposit,"3,297.95",0.00,"12,259.38"
ID13503,05-Jan-2026,ATM Withdrawal,0.00,990.38,"51,106.62"
ID13503,21-Feb-2026,Debit Card,0.00,787.31,"95,857.93"
ID13503,05-Jan-2026,ATM Withdrawal,0.00,28.52,"35,121.57"
ID13503,10-Feb-2026,Charge,0.00,361.33,"75,674.50"
ID13503,27-Mar-2026,Direct Deposit,"4,449.44",0.00,"84,527.50"
ID13503,16-Feb-2026,Charge,0.00,860.63,"67,921.26"
ID13503,23-Feb-2026,Transfer,0.00,698.93,"44,821.41"
ID13503,29-Mar-2026,Direct Deposit,941.47,0.00,"83,723.84"
ID13503,26-Feb-2026,Reversal,0.00,487.13,"26,347.52"
ID13503,11-Feb-2026,Debit Card,0.00,86.48,"53,388.44"
ID13503,09-Mar-2026,Interest,397.10,0.00,"60,008.54"
ID13504,02-Mar-2026,Reversal,"1,511.19",0.00,"41,331.64"
ID13504,09-Mar-2026,Transfer,"1,689.56",0.00,"12,204.24"
ID13504,17-Jan-2026,Reversal,0.00,304.43,"39,986.42"
ID13504,08-Mar-2026,Charge,0.00,287.35,"48,301.43"
ID13504,02-Feb-2026,Interest,109.42,0.00,"61,885.80"
ID13504,26-Feb-2026,Transfer,538.54,0.00,"91,277.45"
ID13504,22-Feb-2026,Interest,254.92,0.00,"61,716.81"
ID13504,10-Mar-2026,Reversal,930.48,0.00,"19,153.28"
ID13504,19-Feb-2026,Payment,"1,658.02",0.00,"31,499.69"
ID13504,02-Mar-2026,Debit Card,0.00,689.19,"58,327.94"
ID13504,31-Jan-2026,Reversal,0.00,250.28,"88,469.89"
ID13504,27-Feb-2026,ATM Withdrawal,0.00,945.79,"61,165.46"
ID13504,03-Feb-2026,Direct Deposit,"2,059.31",0.00,"6,051.54"
ID13504,20-Jan-2026,ATM Withdrawal,0.00,578.43,"38,256.21"
ID13504,28-Jan-2026,Direct Deposit,"3,265.23",0.00,"49,709.58"
ID13504,26-Feb-2026,ATM Withdrawal,0.00,512.91,"35,604.42"
ID13504,01-Mar-2026,Debit Card,0.00,558.29,"65,578.97"
ID13504,21-Mar-2026,Direct Deposit,"3,031.00",0.00,"72,405.14"
ID13504,02-Mar-2026,Payment,0.00,435.13,"99,503.52"
ID13504,03-Apr-2026,Reversal,"1,470.78",0.00,"52,284.92"
ID13505,11-Mar-2026,Reversal,"1,086.06",0.00,"69,581.08"
ID13505,12-Mar-2026,Payment,0.00,"1,469.17","44,786.60"
ID13505,04-Feb-2026,Transfer,0.00,148.36,"89,616.83"
ID13505,11-Jan-2026,Interest,197.77,0.00,"56,045.53"
ID13505,18-Feb-2026,Charge,0.00,504.27,"14,808.91"
ID13505,01-Feb-2026,ATM Withdrawal,0.00,131.76,"34,252.10"
ID13505,04-Jan-2026,Payment,"1,824.68",0.00,"16,125.76"
ID13505,12-Feb-2026,Interest,198.34,0.00,"75,751.97"
ID13505,25-Feb-2026,ATM Withdrawal,0.00,251.95,"83,758.49"
ID13505,25-Jan-2026,Transfer,0.00,420.53,"99,929.48"
ID13505,09-Mar-2026,ATM Withdrawal,0.00,354.96,"42,147.59"
ID13505,03-Jan-2026,Charge,0.00,175.58,"40,523.38"
ID13505,15-Feb-2026,Interest,324.62,0.00,"60,526.76"
ID13505,10-Mar-2026,Direct Deposit,637.22,0.00,"46,505.98"
ID13505,04-Jan-2026,Payment,"1,999.98",0.00,"1,747.62"
ID13505,17-Mar-2026,Transfer,801.23,0.00,"15,718.69"
ID13505,17-Jan-2026,ATM Withdrawal,0.00,399.82,"72,023.94"
ID13505,28-Feb-2026,Interest,384.44,0.00,"5,476.23"
ID13505,17-Feb-2026,ATM Withdrawal,0.00,303.15,"56,173.17"
ID13505,30-Jan-2026,Payment,0.00,"1,016.55","38,625.41"
ID13506,21-Mar-2026,Debit Card,0.00,686.79,"52,289.24"
ID13506,28-Jan-2026,Charge,0.00,548.52,"32,542.06"
ID13506,14-Mar-2026,Reversal,0.00,420.66,"96,161.76"
ID13506,18-Jan-2026,Charge,0.00,981.16,"30,565.14"
ID13506,21-Mar-2026,Interest,314.08,0.00,"31,899.28"
ID13506,20-Mar-2026,Payment,0.00,923.81,"69,071.13"
ID13506,31-Jan-2026,Debit Card,0.00,901.27,"4,927.76"
ID13506,30-Mar-2026,Charge,0.00,544.50,"98,736.58"
ID13506,16-Mar-2026,Payment,0.00,632.73,"16,626.34"
ID13506,28-Mar-2026,Charge,0.00,315.12,"91,441.96"
ID13506,03-Feb-2026,ATM Withdrawal,0.00,771.12,"33,439.04"
ID13506,25-Jan-2026,Charge,0.00,150.51,"79,127.71"
ID13506,17-Feb-2026,ATM Withdrawal,0.00,755.80,"6,995.74"
ID13506,03-Apr-2026,Charge,0.00,355.58,"7,842.41"
ID13506,11-Mar-2026,Transfer,289.05,0.00,"37,458.37"
ID13506,03-Feb-2026,Transfer,0.00,603.01,"68,889.41"
ID13506,20-Jan-2026,Reversal,"1,276.27",0.00,"63,223.40"
ID13506,19-Feb-2026,Charge,0.00,882.03,"92,165.30"
ID13506,06-Feb-2026,Debit Card,0.00,14.18,"44,885.18"
ID13506,23-Jan-2026,Debit Card,0.00,587.33,"40,882.64"
ID13507,13-Feb-2026,Debit Card,0.00,364.11,"82,138.84"
ID13507,08-Feb-2026,ATM Withdrawal,0.00,320.02,"65,192.45"
ID13507,21-Jan-2026,Interest,174.94,0.00,"39,823.72"
ID13507,21-Mar-2026,Charge,0.00,914.70,"67,693.85"
ID13507,24-Feb-2026,Debit Card,0.00,863.95,"36,295.86"
ID13507,25-Mar-2026,Reversal,115.52,0.00,"80,178.32"
ID13507,02-Feb-2026,Interest,164.42,0.00,"83,148.15"
ID13507,09-Mar-2026,Transfer,0.00,269.70,"89,235.49"
ID13507,10-Feb-2026,Payment,0.00,862.49,"75,709.88"
ID13507,15-Jan-2026,Direct Deposit,"2,050.46",0.00,"76,081.57"
ID13507,22-Mar-2026,ATM Withdrawal,0.00,58.62,"73,014.48"
ID13507,28-Jan-2026,Transfer,"1,384.13",0.00,"54,140.79"
ID13507,23-Feb-2026,Payment,0.00,903.59,"32,086.29"
ID13507,07-Jan-2026,Direct Deposit,"4,385.21",0.00,"2,920.34"
ID13507,09-Mar-2026,Reversal,237.87,0.00,"44,537.72"
ID13507,17-Feb-2026,Transfer,"1,324.04",0.00,"17,433.39"
ID13507,24-Mar-2026,Transfer,0.00,"1,421.66","29,766.90"
ID13507,31-Mar-2026,Payment,"1,441.03",0.00,"32,873.83"
ID13507,18-Feb-2026,Reversal,0.00,192.27,"33,133.56"
ID13507,22-Mar-2026,Transfer,0.00,615.72,"76,059.15"
ID13508,04-Jan-2026,Transfer,"1,945.29",0.00,"46,463.90"
ID13508,06-Feb-2026,Payment,"1,203.64",0.00,"79,661.86"
ID13508,19-Mar-2026,Interest,89.18,0.00,"70,738.97"
ID13508,20-Mar-2026,Transfer,"1,781.15",0.00,"3,153.50"
ID13508,03-Jan-2026,Payment,"1,233.49",0.00,"45,665.02"
ID13508,26-Jan-2026,Charge,0.00,466.71,"72,481.16"
ID13508,27-Jan-2026,Interest,318.47,0.00,"67,104.90"
ID13508,21-Jan-2026,Direct Deposit,"1,464.44",0.00,"39,561.35"
ID13508,01-Feb-2026,Charge,0.00,677.48,"76,537.10"
ID13508,28-Mar-2026,Interest,474.81,0.00,"94,227.17"
ID13508,05-Feb-2026,Reversal,0.00,696.99,"62,366.20"
ID13508,15-Mar-2026,Charge,0.00,299.59,"57,252.37"
ID13508,31-Jan-2026,Interest,295.65,0.00,"95,006.86"
ID13508,31-Jan-2026,ATM Withdrawal,0.00,85.12,"35,531.83"
ID13508,20-Jan-2026,Interest,105.81,0.00,"18,809.00"
ID13508,05-Jan-2026,Interest,409.39,0.00,"19,560.60"
ID13508,15-Mar-2026,ATM Withdrawal,0.00,255.44,"96,075.37"
ID13508,15-Mar-2026,Interest,283.90,0.00,"40,075.10"
ID13508,01-Mar-2026,Interest,221.92,0.00,"88,345.81"
ID13508,24-Feb-2026,Transfer,"1,435.64",0.00,"17,274.00"
ID13509,26-Jan-2026,Charge,0.00,540.17,"29,274.51"
ID13509,22-Feb-2026,Direct Deposit,"3,464.10",0.00,"64,996.10"
ID13509,06-Mar-2026,Debit Card,0.00,212.52,"76,187.33"
ID13509,07-Jan-2026,Interest,258.07,0.00,"83,621.02"
ID13509,07-Feb-2026,Debit Card,0.00,493.94,"9,228.74"
ID13509,03-Apr-2026,Charge,0.00,688.00,"87,786.96"
ID13509,11-Jan-2026,Debit Card,0.00,770.60,"71,012.56"
ID13509,01-Apr-2026,ATM Withdrawal,0.00,79.73,"38,476.09"
ID13509,20-Mar-2026,ATM Withdrawal,0.00,515.31,"36,726.82"
ID13509,02-Mar-2026,ATM Withdrawal,0.00,812.66,"60,844.20"
ID13509,05-Mar-2026,Direct Deposit,"4,941.44",0.00,"72,525.85"
ID13509,22-Feb-2026,ATM Withdrawal,0.00,619.62,"82,980.18"
ID13509,06-Mar-2026,Debit Card,0.00,819.35,"70,386.06"
ID13509,08-Mar-2026,ATM Withdrawal,0.00,182.00,"45,597.63"
ID13509,15-Jan-2026,ATM Withdrawal,0.00,278.81,"77,961.61"
ID13509,01-Apr-2026,Transfer,"1,768.37",0.00,"67,347.53"
ID13509,29-Jan-2026,Transfer,0.00,411.61,"33,950.82"
ID13509,20-Jan-2026,Direct Deposit,"4,341.10",0.00,"7,495.27"
ID13509,06-Jan-2026,Direct Deposit,"1,256.12",0.00,"10,331.37"
ID13509,08-Jan-2026,Direct Deposit,"2,011.75",0.00,"92,660.12"
ID13510,28-Mar-2026,Debit Card,0.00,660.04,"6,252.00"
ID13510,25-Feb-2026,Charge,0.00,504.94,"13,708.33"
ID13510,20-Jan-2026,Direct Deposit,"3,307.02",0.00,"62,759.10"
ID13510,12-Mar-2026,Reversal,0.00,923.11,"77,213.97"
ID13510,28-Feb-2026,Direct Deposit,"2,786.60",0.00,"90,111.89"
ID13510,06-Jan-2026,Reversal,"1,388.55",0.00,"60,773.08"
ID13510,17-Jan-2026,Debit Card,0.00,293.78,"94,806.85"
ID13510,04-Mar-2026,Transfer,0.00,727.55,"78,496.45"
ID13510,06-Mar-2026,Reversal,0.00,456.74,"15,873.09"
ID13510,13-Jan-2026,Direct Deposit,"4,151.84",0.00,"36,762.88"
ID13510,08-Mar-2026,ATM Withdrawal,0.00,596.27,"79,199.24"
ID13510,24-Mar-2026,Debit Card,0.00,543.98,"85,598.11"
ID13510,18-Feb-2026,Transfer,0.00,953.08,"88,317.15"
ID13510,29-Mar-2026,Interest,485.17,0.00,"85,202.54"
ID13510,01-Feb-2026,Direct Deposit,788.91,0.00,"7,209.37"
ID13510,31-Mar-2026,Direct Deposit,"2,321.28",0.00,"96,447.18"
ID13510,23-Mar-2026,Reversal,0.00,553.02,"87,054.29"
ID13510,22-Mar-2026,Transfer,0.00,654.57,"80,284.26"
ID13510,03-Feb-2026,Transfer,0.00,578.20,"97,762.44"
ID13510,25-Feb-2026,ATM Withdrawal,0.00,935.59,"85,591.18"
ID13511,05-Mar-2026,Interest,461.11,0.00,"74,657.74"
ID13511,14-Mar-2026,Debit Card,0.00,129.32,"97,445.11"
ID13511,30-Mar-2026,Direct Deposit,"1,548.26",0.00,"87,085.66"
ID13511,05-Jan-2026,Transfer,0.00,281.14,"28,479.13"
ID13511,12-Feb-2026,Charge,0.00,150.86,"62,805.46"
ID13511,11-Jan-2026,Interest,67.86,0.00,"95,732.09"
ID13511,11-Jan-2026,Transfer,0.00,905.64,"61,459.61"
ID13511,26-Mar-2026,Direct Deposit,"1,632.93",0.00,"88,932.91"
ID13511,17-Mar-2026,Direct Deposit,606.83,0.00,"17,904.39"
ID13511,15-Mar-2026,Charge,0.00,199.73,"5,764.31"
ID13511,07-Feb-2026,Debit Card,0.00,702.22,"41,402.16"
ID13511,03-Jan-2026,Reversal,576.76,0.00,"5,830.15"
ID13511,28-Feb-2026,ATM Withdrawal,0.00,445.77,"18,624.70"
ID13511,25-Mar-2026,Payment,0.00,171.67,"42,390.15"
ID13511,12-Jan-2026,Interest,284.85,0.00,"5,976.43"
ID13511,17-Feb-2026,Debit Card,0.00,658.03,"87,049.11"
ID13511,17-Mar-2026,Interest,311.82,0.00,"71,465.74"
ID13511,30-Jan-2026,Debit Card,0.00,989.18,"97,539.79"
ID13511,02-Mar-2026,Charge,0.00,622.17,"75,587.32"
ID13511,15-Jan-2026,Direct Deposit,"4,534.01",0.00,"84,589.38"
ID13512,26-Feb-2026,Transfer,0.00,465.69,"28,419.09"
ID13512,01-Feb-2026,Payment,0.00,489.69,"86,639.92"
ID13512,05-Mar-2026,Charge,0.00,537.47,"76,849.63"
ID13512,08-Jan-2026,Charge,0.00,744.62,"68,988.66"
ID13512,29-Jan-2026,Reversal,0.00,144.25,"87,984.75"
ID13512,16-Feb-2026,Transfer,0.00,"1,140.01","66,787.48"
ID13512,23-Jan-2026,Transfer,0.00,729.93,"84,532.37"
ID13512,26-Mar-2026,Reversal,0.00,"1,347.27","69,301.51"
ID13512,07-Feb-2026,Charge,0.00,332.35,"64,941.53"
ID13512,05-Feb-2026,Direct Deposit,"4,713.46",0.00,"15,018.73"
ID13512,09-Mar-2026,Interest,370.27,0.00,"42,638.04"
ID13512,18-Mar-2026,Payment,0.00,326.52,"34,322.56"
ID13512,12-Mar-2026,Interest,75.37,0.00,"72,274.30"
ID13512,01-Feb-2026,Charge,0.00,758.07,"18,770.90"
ID13512,19-Jan-2026,ATM Withdrawal,0.00,832.71,"45,542.82"
ID13512,24-Mar-2026,Reversal,"1,340.34",0.00,"53,489.44"
ID13512,04-Feb-2026,Direct Deposit,"1,674.98",0.00,"81,518.36"
ID13512,16-Feb-2026,Direct Deposit,"4,735.43",0.00,"88,149.53"
ID13512,14-Mar-2026,Charge,0.00,475.75,"72,661.09"
ID13512,11-Feb-2026,Direct Deposit,"1,765.93",0.00,"98,465.99"
ID13513,17-Jan-2026,Interest,490.83,0.00,"83,246.95"
ID13513,14-Jan-2026,Charge,0.00,825.48,"66,041.71"
ID13513,17-Mar-2026,Charge,0.00,914.57,"89,519.96"
ID13513,27-Feb-2026,Reversal,0.00,676.57,"77,761.68"
ID13513,14-Feb-2026,ATM Withdrawal,0.00,872.76,"34,623.83"
ID13513,11-Jan-2026,Payment,0.00,614.93,"49,754.52"
ID13513,08-Mar-2026,Interest,307.67,0.00,"17,787.36"
ID13513,22-Feb-2026,Payment,"1,461.74",0.00,"3,586.67"
ID13513,08-Jan-2026,Interest,411.18,0.00,"42,486.78"
ID13513,22-Feb-2026,Payment,"1,845.43",0.00,"1,124.34"
ID13513,02-Apr-2026,Direct Deposit,"4,599.06",0.00,"43,515.01"
ID13513,05-Mar-2026,Reversal,"1,792.08",0.00,"43,413.66"
ID13513,21-Mar-2026,Interest,333.42,0.00,"57,465.22"
ID13513,16-Feb-2026,Interest,386.67,0.00,"66,355.99"
ID13513,26-Mar-2026,Reversal,"1,271.55",0.00,"39,648.35"
ID13513,28-Feb-2026,Direct Deposit,926.54,0.00,"96,228.25"
ID13513,07-Jan-2026,Interest,370.39,0.00,"28,954.19"
ID13513,15-Feb-2026,Direct Deposit,963.39,0.00,"85,410.73"
ID13513,21-Mar-2026,Direct Deposit,"3,660.79",0.00,"33,728.71"
ID13513,25-Mar-2026,Reversal,"1,101.02",0.00,"49,361.20"
ID13514,06-Jan-2026,Payment,"1,249.11",0.00,"27,249.63"
ID13514,20-Feb-2026,Payment,0.00,"1,417.48","5,960.11"
ID13514,12-Feb-2026,Transfer,0.00,735.26,"61,093.53"
ID13514,05-Mar-2026,Payment,0.00,242.29,"66,670.19"
ID13514,17-Mar-2026,Transfer,0.00,627.19,"25,359.34"
ID13514,27-Feb-2026,Charge,0.00,982.95,"24,408.18"
ID13514,27-Jan-2026,Transfer,0.00,787.70,"98,566.22"
ID13514,14-Feb-2026,ATM Withdrawal,0.00,809.50,"80,146.33"
ID13514,01-Mar-2026,Debit Card,0.00,886.17,"86,669.34"
ID13514,20-Jan-2026,Reversal,"1,327.77",0.00,"16,165.08"
ID13514,22-Jan-2026,Debit Card,0.00,901.04,"34,036.71"
ID13514,14-Jan-2026,Reversal,167.65,0.00,"83,360.27"
ID13514,01-Feb-2026,Charge,0.00,497.83,"78,333.56"
ID13514,20-Jan-2026,Debit Card,0.00,304.10,"4,943.94"
ID13514,08-Mar-2026,Reversal,"1,679.77",0.00,"16,434.49"
ID13514,10-Mar-2026,Payment,0.00,"1,330.62","82,598.29"
ID13514,03-Apr-2026,Debit Card,0.00,394.79,"11,060.02"
ID13514,19-Feb-2026,Transfer,467.77,0.00,"70,021.20"
ID13514,08-Mar-2026,Direct Deposit,883.52,0.00,"34,765.17"
ID13514,21-Mar-2026,Reversal,0.00,240.38,"40,539.97"
ID13515,27-Jan-2026,Transfer,"1,302.86",0.00,"35,617.23"
ID13515,08-Mar-2026,Direct Deposit,"4,494.21",0.00,"19,138.75"
ID13515,11-Jan-2026,Interest,314.87,0.00,"61,141.52"
ID13515,21-Mar-2026,Direct Deposit,"3,187.18",0.00,"55,740.91"
ID13515,27-Feb-2026,Debit Card,0.00,274.55,"7,508.06"
ID13515,29-Mar-2026,Reversal,0.00,631.20,"86,048.35"
ID13515,04-Feb-2026,Interest,386.22,0.00,"23,947.26"
ID13515,07-Jan-2026,Direct Deposit,"3,101.13",0.00,"58,980.81"
ID13515,19-Mar-2026,Payment,0.00,762.97,"30,123.76"
ID13515,08-Jan-2026,Debit Card,0.00,319.39,"88,268.62"
ID13515,10-Jan-2026,Direct Deposit,"1,493.68",0.00,"18,142.51"
ID13515,11-Feb-2026,Reversal,0.00,"1,041.56","73,199.73"
ID13515,29-Mar-2026,Reversal,"1,990.99",0.00,"67,613.09"
ID13515,02-Apr-2026,ATM Withdrawal,0.00,212.31,"81,432.76"
ID13515,22-Feb-2026,Interest,326.02,0.00,"98,380.87"
ID13515,02-Mar-2026,Transfer,118.03,0.00,"80,399.64"
ID13515,22-Mar-2026,ATM Withdrawal,0.00,728.77,"37,214.97"
ID13515,29-Jan-2026,ATM Withdrawal,0.00,327.14,"17,206.67"
ID13515,28-Jan-2026,Interest,148.65,0.00,"39,075.76"
ID13515,16-Feb-2026,Charge,0.00,945.68,"38,260.68"
ID13516,08-Mar-2026,Transfer,0.00,"1,360.65","4,534.78"
ID13516,24-Jan-2026,Interest,89.41,0.00,"46,195.07"
ID13516,21-Jan-2026,Reversal,"1,799.53",0.00,"85,396.98"
ID13516,15-Jan-2026,Direct Deposit,"1,840.29",0.00,"72,879.68"
ID13516,22-Mar-2026,Interest,488.54,0.00,"85,803.46"
ID13516,07-Mar-2026,Payment,"1,191.64",0.00,"37,781.65"
ID13516,06-Feb-2026,Transfer,0.00,716.08,"61,366.49"
ID13516,10-Jan-2026,Charge,0.00,241.27,"42,323.68"
ID13516,05-Jan-2026,Direct Deposit,"4,725.03",0.00,"32,772.95"
ID13516,18-Feb-2026,Transfer,0.00,385.61,"99,427.87"
ID13516,26-Feb-2026,Direct Deposit,"3,615.39",0.00,"40,597.86"
ID13516,03-Apr-2026,Reversal,0.00,680.06,"70,178.75"
ID13516,18-Feb-2026,Payment,0.00,"1,174.02","57,718.82"
ID13516,28-Jan-2026,Transfer,"1,752.16",0.00,"33,996.70"
ID13516,22-Mar-2026,Debit Card,0.00,429.21,"1,028.70"
ID13516,21-Mar-2026,Reversal,0.00,997.92,"14,521.78"
ID13516,12-Mar-2026,Debit Card,0.00,736.93,"63,967.45"
ID13516,31-Mar-2026,Interest,95.48,0.00,"29,079.76"
ID13516,13-Jan-2026,Direct Deposit,"3,782.55",0.00,"61,487.66"
ID13516,04-Mar-2026,Interest,291.18,0.00,"20,551.07"
ID13517,25-Jan-2026,Debit Card,0.00,93.08,"46,502.12"
ID13517,19-Jan-2026,Charge,0.00,437.18,"41,661.33"
ID13517,08-Mar-2026,ATM Withdrawal,0.00,663.91,"46,206.77"
ID13517,26-Feb-2026,Interest,275.06,0.00,"35,546.76"
ID13517,17-Mar-2026,ATM Withdrawal,0.00,753.76,"71,136.19"
ID13517,25-Mar-2026,Interest,483.24,0.00,"26,664.57"
ID13517,12-Feb-2026,Payment,521.61,0.00,"97,192.23"
ID13517,20-Mar-2026,Reversal,362.07,0.00,"51,733.18"
ID13517,09-Feb-2026,Payment,0.00,"1,156.02","20,442.98"
ID13517,14-Jan-2026,Charge,0.00,580.28,"86,729.06"
ID13517,01-Mar-2026,Reversal,354.60,0.00,"5,373.25"
ID13517,06-Jan-2026,Interest,388.77,0.00,"73,697.89"
ID13517,26-Mar-2026,Direct Deposit,"2,089.53",0.00,"76,382.85"
ID13517,05-Feb-2026,ATM Withdrawal,0.00,544.22,"84,074.38"
ID13517,11-Mar-2026,ATM Withdrawal,0.00,377.11,"33,345.07"
ID13517,03-Feb-2026,Direct Deposit,"2,752.46",0.00,"16,128.03"
ID13517,22-Mar-2026,ATM Withdrawal,0.00,467.11,"91,344.05"
ID13517,02-Feb-2026,Transfer,850.91,0.00,"8,870.98"
ID13517,16-Jan-2026,Direct Deposit,"4,360.04",0.00,"35,319.40"
ID13517,29-Mar-2026,ATM Withdrawal,0.00,397.46,"1,051.47"
ID13518,09-Mar-2026,Direct Deposit,"4,415.28",0.00,"74,618.43"
ID13518,23-Mar-2026,Reversal,0.00,639.49,"16,324.32"
ID13518,24-Mar-2026,Direct Deposit,"2,820.01",0.00,"38,317.80"
ID13518,18-Feb-2026,Debit Card,0.00,873.20,"62,862.37"
ID13518,22-Mar-2026,Interest,424.76,0.00,"45,165.05"
ID13518,23-Jan-2026,ATM Withdrawal,0.00,909.86,"93,415.83"
ID13518,19-Mar-2026,Transfer,"1,613.20",0.00,"9,682.66"
ID13518,22-Jan-2026,ATM Withdrawal,0.00,36.52,"82,084.15"
ID13518,10-Mar-2026,Direct Deposit,"1,713.84",0.00,"78,327.10"
ID13518,03-Mar-2026,Transfer,0.00,"1,417.71","24,925.23"
ID13518,20-Feb-2026,Payment,0.00,437.66,"67,025.22"
ID13518,07-Feb-2026,Payment,473.86,0.00,"52,774.24"
ID13518,10-Jan-2026,Reversal,0.00,"1,434.44","60,370.24"
ID13518,15-Jan-2026,Charge,0.00,552.88,"69,609.78"
ID13518,25-Jan-2026,Charge,0.00,627.18,"83,324.21"
ID13518,09-Mar-2026,Reversal,972.66,0.00,"74,018.57"
ID13518,10-Jan-2026,Direct Deposit,"1,011.31",0.00,"7,841.57"
ID13518,08-Mar-2026,ATM Withdrawal,0.00,753.56,"43,413.71"
ID13518,20-Jan-2026,Interest,288.76,0.00,"95,639.37"
ID13518,31-Jan-2026,Direct Deposit,"2,840.10",0.00,"82,225.41"
ID13519,18-Feb-2026,Charge,0.00,389.99,"9,346.64"
ID13519,21-Jan-2026,Direct Deposit,"2,054.80",0.00,"30,044.03"
ID13519,13-Feb-2026,Debit Card,0.00,293.53,"17,186.28"
ID13519,27-Mar-2026,ATM Withdrawal,0.00,469.15,"29,521.73"
ID13519,17-Mar-2026,Reversal,555.43,0.00,"83,030.17"
ID13519,20-Mar-2026,Direct Deposit,"1,245.46",0.00,"75,393.05"
ID13519,14-Mar-2026,Debit Card,0.00,394.28,"98,374.78"
ID13519,15-Feb-2026,Transfer,622.97,0.00,"38,263.65"
ID13519,29-Jan-2026,Reversal,482.88,0.00,"13,287.42"
ID13519,29-Mar-2026,Debit Card,0.00,816.74,"1,298.49"
ID13519,06-Jan-2026,Debit Card,0.00,137.47,"2,687.42"
ID13519,30-Mar-2026,Direct Deposit,"1,929.38",0.00,"57,299.98"
ID13519,25-Feb-2026,Interest,390.17,0.00,"56,645.71"
ID13519,06-Jan-2026,Transfer,"1,538.83",0.00,"47,601.86"
ID13519,30-Jan-2026,Transfer,"1,722.26",0.00,"95,953.64"
ID13519,25-Mar-2026,ATM Withdrawal,0.00,576.21,"7,087.45"
ID13519,15-Feb-2026,Reversal,0.00,913.56,"85,529.60"
ID13519,31-Jan-2026,ATM Withdrawal,0.00,398.57,"23,472.17"
ID13519,10-Mar-2026,Interest,346.41,0.00,"76,403.96"
ID13519,15-Mar-2026,Debit Card,0.00,49.54,"57,044.10"
ID13520,05-Feb-2026,ATM Withdrawal,0.00,999.42,"85,356.81"
ID13520,03-Feb-2026,ATM Withdrawal,0.00,453.96,"8,814.44"
ID13520,02-Mar-2026,Transfer,"1,886.49",0.00,"17,197.46"
ID13520,20-Jan-2026,Charge,0.00,945.16,"1,073.76"
ID13520,11-Mar-2026,Reversal,0.00,"1,140.49","93,702.01"
ID13520,10-Feb-2026,Transfer,237.07,0.00,"16,304.45"
ID13520,17-Jan-2026,Direct Deposit,"4,369.73",0.00,"97,803.67"
ID13520,16-Feb-2026,Charge,0.00,383.61,"84,024.40"
ID13520,08-Feb-2026,Payment,0.00,230.20,"77,124.18"
ID13520,26-Feb-2026,Direct Deposit,"4,890.29",0.00,"21,981.90"
ID13520,12-Jan-2026,Reversal,"1,524.24",0.00,"35,526.78"
ID13520,02-Mar-2026,Payment,0.00,"1,379.51","97,540.73"
ID13520,03-Jan-2026,Interest,139.39,0.00,"6,072.09"
ID13520,08-Feb-2026,Direct Deposit,"4,458.16",0.00,"53,849.80"
ID13520,23-Feb-2026,Interest,498.69,0.00,"35,511.49"
ID13520,24-Feb-2026,Payment,0.00,206.79,"38,235.23"
ID13520,27-Jan-2026,Transfer,897.02,0.00,"10,169.91"
ID13520,19-Feb-2026,Interest,301.70,0.00,"41,422.25"
ID13520,03-Mar-2026,ATM Withdrawal,0.00,157.64,"55,659.55"
ID13520,15-Feb-2026,ATM Withdrawal,0.00,430.93,"49,388.18"
ID13521,15-Mar-2026,Payment,"1,136.66",0.00,"26,075.77"
ID13521,13-Jan-2026,Reversal,608.60,0.00,"52,837.38"
ID13521,04-Feb-2026,Debit Card,0.00,269.27,"87,937.94"
ID13521,14-Mar-2026,ATM Withdrawal,0.00,151.06,"75,501.54"
ID13521,26-Feb-2026,Reversal,0.00,"1,002.25","22,331.64"
ID13521,31-Mar-2026,Interest,446.14,0.00,"17,964.14"
ID13521,20-Feb-2026,Direct Deposit,964.52,0.00,"74,349.54"
ID13521,30-Mar-2026,Charge,0.00,895.46,"21,054.78"
ID13521,09-Mar-2026,Direct Deposit,"2,287.31",0.00,"54,708.31"
ID13521,10-Mar-2026,Interest,236.38,0.00,"61,419.10"
ID13521,04-Jan-2026,Transfer,0.00,348.48,"27,376.80"
ID13521,11-Jan-2026,Debit Card,0.00,976.75,"66,324.95"
ID13521,14-Feb-2026,Payment,214.49,0.00,"47,452.98"
ID13521,17-Mar-2026,Reversal,0.00,689.71,"95,077.30"
ID13521,07-Feb-2026,ATM Withdrawal,0.00,73.99,"54,489.04"
ID13521,20-Feb-2026,Reversal,0.00,"1,298.24","98,141.12"
ID13521,17-Mar-2026,Transfer,0.00,756.95,"13,766.52"
ID13521,10-Feb-2026,ATM Withdrawal,0.00,719.22,"47,722.98"
ID13521,17-Jan-2026,Payment,0.00,"1,357.32","12,650.63"
ID13521,20-Mar-2026,Charge,0.00,421.57,"24,548.53"
ID13522,18-Jan-2026,Charge,0.00,620.76,"92,347.47"
ID13522,16-Feb-2026,Reversal,"1,485.21",0.00,"95,667.14"
ID13522,26-Mar-2026,Direct Deposit,"4,421.71",0.00,"84,528.80"
ID13522,08-Jan-2026,Debit Card,0.00,272.67,"63,971.20"
ID13522,21-Feb-2026,Debit Card,0.00,564.71,"49,438.43"
ID13522,26-Feb-2026,Charge,0.00,107.34,"35,839.61"
ID13522,27-Feb-2026,Charge,0.00,698.16,"18,668.98"
ID13522,29-Mar-2026,Direct Deposit,"2,614.61",0.00,"75,783.72"
ID13522,26-Mar-2026,Direct Deposit,"4,325.43",0.00,"15,005.18"
ID13522,04-Jan-2026,Interest,161.59,0.00,"60,395.90"
ID13522,22-Feb-2026,Interest,50.78,0.00,"54,755.44"
ID13522,04-Mar-2026,Direct Deposit,"4,790.46",0.00,"45,530.95"
ID13522,24-Jan-2026,Transfer,0.00,305.29,"58,385.88"
ID13522,15-Mar-2026,Reversal,0.00,405.06,"78,286.42"
ID13522,29-Jan-2026,ATM Withdrawal,0.00,827.11,"99,384.72"
ID13522,25-Mar-2026,ATM Withdrawal,0.00,205.42,"59,897.65"
ID13522,26-Feb-2026,Reversal,0.00,"1,410.63","14,544.27"
ID13522,19-Feb-2026,Reversal,"1,328.69",0.00,"30,458.51"
ID13522,05-Jan-2026,Debit Card,0.00,976.80,"37,099.28"
ID13522,22-Feb-2026,Interest,202.56,0.00,"31,359.10"
ID13523,27-Jan-2026,Reversal,742.98,0.00,"22,046.93"
ID13523,17-Mar-2026,Direct Deposit,915.65,0.00,"86,711.57"
ID13523,01-Mar-2026,Direct Deposit,"2,344.52",0.00,"47,807.50"
ID13523,24-Mar-2026,Debit Card,0.00,854.08,"25,263.94"
ID13523,03-Apr-2026,ATM Withdrawal,0.00,867.17,"42,067.49"
ID13523,23-Jan-2026,Charge,0.00,142.05,"99,590.81"
ID13523,26-Feb-2026,Direct Deposit,"3,573.77",0.00,"82,122.22"
ID13523,27-Mar-2026,Transfer,"1,925.47",0.00,"7,450.15"
ID13523,26-Jan-2026,Debit Card,0.00,38.14,"36,540.33"
ID13523,07-Mar-2026,Transfer,0.00,127.79,"34,508.37"
ID13523,16-Jan-2026,Payment,0.00,972.08,"76,541.72"
ID13523,23-Mar-2026,Payment,366.54,0.00,"25,046.36"
ID13523,07-Feb-2026,Direct Deposit,"2,768.09",0.00,"12,651.19"
ID13523,22-Mar-2026,Charge,0.00,406.66,"98,306.90"
ID13523,21-Mar-2026,ATM Withdrawal,0.00,681.02,"95,447.47"
ID13523,18-Mar-2026,ATM Withdrawal,0.00,759.24,"48,311.24"
ID13523,28-Mar-2026,Direct Deposit,"2,671.81",0.00,"20,699.68"
ID13523,09-Mar-2026,ATM Withdrawal,0.00,522.87,"64,538.45"
ID13523,17-Jan-2026,Interest,363.20,0.00,"47,093.83"
ID13523,17-Jan-2026,ATM Withdrawal,0.00,251.66,"19,135.96"
ID13524,11-Feb-2026,Direct Deposit,"3,441.94",0.00,"84,422.52"
ID13524,15-Mar-2026,Payment,124.93,0.00,"19,676.13"
ID13524,21-Feb-2026,Direct Deposit,"3,546.38",0.00,"65,352.46"
ID13524,03-Apr-2026,Debit Card,0.00,325.83,"21,352.19"
ID13524,02-Feb-2026,Payment,410.21,0.00,"26,170.72"
ID13524,10-Feb-2026,Payment,374.04,0.00,"53,754.69"
ID13524,17-Mar-2026,Interest,326.88,0.00,"23,701.24"
ID13524,24-Mar-2026,Charge,0.00,384.72,"5,926.10"
ID13524,06-Mar-2026,Debit Card,0.00,515.75,"92,094.81"
ID13524,26-Jan-2026,Payment,0.00,672.72,"52,030.71"
ID13524,14-Jan-2026,Reversal,0.00,"1,213.91","17,862.42"
ID13524,06-Feb-2026,Reversal,0.00,"1,364.02","41,054.60"
ID13524,01-Apr-2026,Debit Card,0.00,431.41,"97,858.80"
ID13524,12-Feb-2026,Charge,0.00,614.81,"5,819.63"
ID13524,21-Feb-2026,Payment,0.00,"1,315.00","26,805.08"
ID13524,12-Mar-2026,Transfer,0.00,541.79,"91,935.51"
ID13524,02-Feb-2026,Direct Deposit,"3,362.46",0.00,"23,610.61"
ID13524,02-Feb-2026,Interest,106.12,0.00,"22,202.89"
ID13524,23-Feb-2026,Interest,389.75,0.00,"70,863.61"
ID13524,19-Mar-2026,ATM Withdrawal,0.00,698.88,"34,414.41"
ID13525,31-Mar-2026,Interest,19.61,0.00,"69,590.51"
ID13525,25-Mar-2026,Direct Deposit,"2,691.11",0.00,"8,277.18"
ID13525,05-Feb-2026,Charge,0.00,689.84,"23,469.46"
ID13525,12-Mar-2026,Charge,0.00,857.51,"59,978.49"
ID13525,17-Mar-2026,Charge,0.00,83.77,"61,276.26"
ID13525,12-Feb-2026,Interest,104.37,0.00,"11,245.81"
ID13525,30-Jan-2026,ATM Withdrawal,0.00,521.34,"24,809.70"
ID13525,20-Feb-2026,Interest,245.82,0.00,"18,926.52"
ID13525,21-Mar-2026,Transfer,"1,668.14",0.00,"64,110.36"
ID13525,17-Jan-2026,Debit Card,0.00,639.31,"33,647.39"
ID13525,04-Feb-2026,Interest,369.19,0.00,"15,145.59"
ID13525,17-Jan-2026,ATM Withdrawal,0.00,916.34,"26,223.35"
ID13525,02-Feb-2026,Transfer,0.00,156.24,"89,158.98"
ID13525,27-Feb-2026,Reversal,573.10,0.00,"83,173.49"
ID13525,19-Jan-2026,Direct Deposit,766.72,0.00,"41,134.84"
ID13525,10-Feb-2026,ATM Withdrawal,0.00,632.51,"87,995.71"
ID13525,23-Feb-2026,Interest,338.73,0.00,"79,671.64"
ID13525,15-Mar-2026,Direct Deposit,"3,437.96",0.00,"71,989.40"
ID13525,13-Mar-2026,Transfer,"1,214.16",0.00,"94,133.50"
ID13525,15-Jan-2026,Direct Deposit,"4,854.38",0.00,"33,032.28"
ID13526,17-Jan-2026,Transfer,0.00,843.96,"1,439.77"
ID13526,11-Feb-2026,Interest,81.00,0.00,"66,364.65"
ID13526,15-Feb-2026,Direct Deposit,990.24,0.00,"57,025.07"
ID13526,06-Mar-2026,Charge,0.00,106.59,"76,672.76"
ID13526,26-Feb-2026,Payment,"1,204.74",0.00,"39,788.99"
ID13526,29-Jan-2026,Transfer,"1,400.59",0.00,"51,133.42"
ID13526,22-Jan-2026,Transfer,514.27,0.00,"10,111.67"
ID13526,21-Mar-2026,Direct Deposit,"2,000.49",0.00,"73,926.91"
ID13526,01-Mar-2026,Payment,0.00,652.13,"37,143.39"
ID13526,29-Mar-2026,Transfer,"1,625.41",0.00,"17,939.95"
ID13526,15-Feb-2026,ATM Withdrawal,0.00,431.94,"80,146.87"
ID13526,05-Jan-2026,Direct Deposit,"2,087.57",0.00,"13,444.11"
ID13526,26-Jan-2026,Charge,0.00,808.58,"79,872.11"
ID13526,19-Jan-2026,Debit Card,0.00,356.92,"74,790.41"
ID13526,24-Mar-2026,Direct Deposit,757.51,0.00,"65,237.70"
ID13526,21-Feb-2026,Payment,0.00,"1,248.42","83,254.01"
ID13526,08-Feb-2026,Direct Deposit,718.22,0.00,"65,362.00"
ID13526,30-Mar-2026,Debit Card,0.00,806.49,"1,653.83"
ID13526,28-Mar-2026,Reversal,544.43,0.00,"53,289.84"
ID13526,23-Feb-2026,ATM Withdrawal,0.00,678.69,"3,717.95"
ID13527,11-Feb-2026,Transfer,0.00,462.21,"42,857.61"
ID13527,24-Feb-2026,Debit Card,0.00,107.62,"63,111.68"
ID13527,01-Apr-2026,Payment,615.93,0.00,"1,454.75"
ID13527,22-Feb-2026,Reversal,234.13,0.00,"2,697.18"
ID13527,19-Jan-2026,Debit Card,0.00,674.52,"29,156.61"
ID13527,17-Jan-2026,Charge,0.00,178.53,"29,121.42"
ID13527,06-Mar-2026,Payment,750.34,0.00,"78,536.37"
ID13527,17-Mar-2026,Reversal,346.93,0.00,"35,103.22"
ID13527,08-Feb-2026,Debit Card,0.00,241.90,"43,633.94"
ID13527,26-Mar-2026,Reversal,"1,180.53",0.00,"16,775.37"
ID13527,04-Mar-2026,Payment,0.00,"1,470.47","32,812.83"
ID13527,10-Mar-2026,Transfer,"1,887.04",0.00,"3,547.52"
ID13527,14-Mar-2026,Charge,0.00,584.53,"98,735.14"
ID13527,02-Apr-2026,Debit Card,0.00,429.04,"12,339.46"
ID13527,02-Apr-2026,Debit Card,0.00,680.36,"25,741.06"
ID13527,16-Jan-2026,Reversal,"1,165.27",0.00,"9,614.56"
ID13527,24-Jan-2026,Debit Card,0.00,892.76,"3,786.47"
ID13527,23-Feb-2026,Transfer,0.00,731.69,"11,924.00"
ID13527,07-Feb-2026,Charge,0.00,519.48,"23,948.38"
ID13527,06-Feb-2026,Charge,0.00,113.13,"95,795.48"
ID13528,02-Feb-2026,Charge,0.00,338.94,"24,741.16"
ID13528,05-Mar-2026,Transfer,0.00,"1,200.06","60,216.26"
ID13528,17-Mar-2026,Payment,486.52,0.00,"51,394.64"
ID13528,25-Feb-2026,Reversal,"1,820.39",0.00,"74,475.22"
ID13528,15-Feb-2026,ATM Withdrawal,0.00,678.14,"16,053.40"
ID13528,22-Mar-2026,Debit Card,0.00,652.54,"93,234.59"
ID13528,12-Jan-2026,Reversal,0.00,803.10,"60,330.43"
ID13528,09-Jan-2026,Reversal,0.00,474.57,"72,692.38"
ID13528,03-Mar-2026,Debit Card,0.00,758.00,"58,958.97"
ID13528,08-Feb-2026,Payment,"1,994.49",0.00,"85,555.75"
ID13528,31-Jan-2026,Payment,"1,887.60",0.00,"63,515.68"
ID13528,21-Mar-2026,Interest,167.47,0.00,"84,665.20"
ID13528,27-Mar-2026,Charge,0.00,528.54,"24,387.67"
ID13528,23-Mar-2026,ATM Withdrawal,0.00,27.79,"47,471.14"
ID13528,08-Feb-2026,ATM Withdrawal,0.00,498.72,"51,866.34"
ID13528,14-Feb-2026,Transfer,"1,069.68",0.00,"66,374.57"
ID13528,06-Jan-2026,Debit Card,0.00,315.44,"44,672.05"
ID13528,26-Mar-2026,Debit Card,0.00,65.60,"93,828.86"
ID13528,21-Jan-2026,ATM Withdrawal,0.00,273.45,"88,818.84"
ID13528,22-Feb-2026,ATM Withdrawal,0.00,865.89,"96,931.23"
ID13529,18-Mar-2026,Reversal,0.00,"1,250.84","53,305.98"
ID13529,28-Mar-2026,Direct Deposit,"4,263.82",0.00,"79,592.42"
ID13529,25-Jan-2026,ATM Withdrawal,0.00,684.27,"85,467.84"
ID13529,26-Feb-2026,Reversal,"1,450.14",0.00,"52,213.51"
ID13529,06-Jan-2026,Charge,0.00,692.44,"20,188.37"
ID13529,24-Feb-2026,Reversal,144.78,0.00,"3,853.37"
ID13529,26-Mar-2026,Direct Deposit,"2,067.89",0.00,"14,062.74"
ID13529,16-Feb-2026,Debit Card,0.00,959.19,"1,454.18"
ID13529,11-Jan-2026,Transfer,0.00,"1,433.75","59,924.27"
ID13529,30-Jan-2026,Payment,0.00,"1,412.39","59,030.02"
ID13529,14-Jan-2026,Payment,229.70,0.00,"11,211.06"
ID13529,03-Jan-2026,Charge,0.00,981.72,"49,957.23"
ID13529,27-Jan-2026,Interest,421.40,0.00,"65,977.70"
ID13529,23-Feb-2026,Interest,139.83,0.00,"68,552.10"
ID13529,24-Feb-2026,Charge,0.00,100.63,"93,930.91"
ID13529,26-Jan-2026,Interest,448.29,0.00,"5,675.76"
ID13529,27-Feb-2026,ATM Withdrawal,0.00,640.38,"99,536.82"
ID13529,02-Feb-2026,Payment,694.58,0.00,"42,543.97"
ID13529,07-Jan-2026,Interest,380.60,0.00,"35,964.23"
ID13529,22-Mar-2026,ATM Withdrawal,0.00,505.54,"27,292.42"
ID13530,19-Mar-2026,Transfer,"1,129.18",0.00,"56,251.83"
ID13530,23-Feb-2026,ATM Withdrawal,0.00,839.88,"91,643.87"
ID13530,29-Jan-2026,Direct Deposit,"3,096.46",0.00,"17,060.47"
ID13530,11-Feb-2026,Transfer,"1,366.99",0.00,"52,516.20"
ID13530,11-Mar-2026,Debit Card,0.00,530.73,"32,690.22"
ID13530,30-Jan-2026,Transfer,0.00,822.78,"73,421.57"
ID13530,24-Jan-2026,ATM Withdrawal,0.00,934.80,"96,311.09"
ID13530,25-Feb-2026,Payment,0.00,224.51,"71,475.33"
ID13530,08-Jan-2026,ATM Withdrawal,0.00,366.23,"56,203.58"
ID13530,09-Feb-2026,Interest,462.47,0.00,"82,087.26"
ID13530,25-Mar-2026,Interest,334.84,0.00,"5,839.77"
ID13530,12-Jan-2026,Direct Deposit,"3,040.72",0.00,"90,550.96"
ID13530,03-Apr-2026,Direct Deposit,"2,355.81",0.00,"20,669.97"
ID13530,12-Feb-2026,Debit Card,0.00,649.86,"10,530.54"
ID13530,22-Mar-2026,Interest,389.67,0.00,"37,525.52"
ID13530,27-Jan-2026,Payment,0.00,204.15,"28,917.76"
ID13530,04-Jan-2026,Reversal,"1,522.20",0.00,"64,905.20"
ID13530,03-Feb-2026,Interest,445.58,0.00,"96,217.17"
ID13530,07-Mar-2026,Direct Deposit,"3,654.67",0.00,"36,684.45"
ID13530,03-Apr-2026,Interest,246.95,0.00,"15,658.20"
ID13531,13-Jan-2026,Transfer,0.00,"1,496.43","6,716.77"
ID13531,05-Mar-2026,Debit Card,0.00,65.42,"85,063.24"
ID13531,01-Apr-2026,Interest,67.05,0.00,"55,455.07"
ID13531,21-Feb-2026,Transfer,0.00,"1,412.07","85,748.51"
ID13531,12-Jan-2026,Interest,40.96,0.00,"24,068.14"
ID13531,30-Jan-2026,Charge,0.00,589.58,"60,833.76"
ID13531,28-Jan-2026,Interest,409.61,0.00,"10,526.38"
ID13531,13-Feb-2026,Debit Card,0.00,791.89,"58,688.12"
ID13531,10-Mar-2026,Reversal,"1,372.20",0.00,"20,117.30"
ID13531,21-Mar-2026,Direct Deposit,"4,693.35",0.00,"6,707.16"
ID13531,23-Mar-2026,Debit Card,0.00,337.87,"2,017.73"
ID13531,17-Mar-2026,Reversal,0.00,"1,102.11","24,147.63"
ID13531,29-Jan-2026,Interest,112.93,0.00,"44,544.17"
ID13531,03-Apr-2026,Transfer,576.85,0.00,"49,410.48"
ID13531,26-Feb-2026,Transfer,0.00,"1,290.79","16,394.55"
ID13531,27-Feb-2026,Interest,305.53,0.00,"96,406.97"
ID13531,28-Mar-2026,Reversal,0.00,414.62,"42,484.88"
ID13531,16-Mar-2026,Charge,0.00,713.81,"72,544.81"
ID13531,02-Mar-2026,Interest,396.05,0.00,"85,939.65"
ID13531,11-Mar-2026,Direct Deposit,"3,549.68",0.00,"59,752.96"
ID13532,03-Jan-2026,Transfer,"1,835.22",0.00,"48,618.65"
ID13532,07-Feb-2026,Reversal,428.06,0.00,"51,203.19"
ID13532,28-Feb-2026,Interest,64.24,0.00,"44,102.79"
ID13532,07-Feb-2026,ATM Withdrawal,0.00,48.95,"5,741.10"
ID13532,30-Jan-2026,Reversal,0.00,99.63,"79,459.23"
ID13532,30-Jan-2026,Direct Deposit,"2,230.30",0.00,"80,624.15"
ID13532,02-Feb-2026,Debit Card,0.00,515.53,"57,986.41"
ID13532,17-Mar-2026,Payment,869.83,0.00,"47,145.64"
ID13532,04-Feb-2026,Interest,10.98,0.00,"1,694.09"
ID13532,22-Feb-2026,Charge,0.00,901.27,"26,908.91"
ID13532,30-Jan-2026,Debit Card,0.00,960.36,"28,785.72"
ID13532,21-Feb-2026,Reversal,0.00,755.51,"92,961.14"
ID13532,17-Mar-2026,Direct Deposit,749.94,0.00,"58,695.51"
ID13532,23-Mar-2026,Debit Card,0.00,375.68,"19,707.48"
ID13532,08-Jan-2026,Reversal,107.11,0.00,"30,485.70"
ID13532,07-Feb-2026,Debit Card,0.00,341.03,"48,416.81"
ID13532,30-Mar-2026,Reversal,0.00,"1,039.71","37,473.10"
ID13532,11-Jan-2026,Direct Deposit,"2,085.05",0.00,"52,349.95"
ID13532,28-Feb-2026,Debit Card,0.00,84.03,"44,470.50"
ID13532,31-Mar-2026,Payment,"1,514.85",0.00,"51,121.75"
ID13533,19-Jan-2026,Interest,393.42,0.00,"86,750.29"
ID13533,13-Jan-2026,Reversal,0.00,990.02,"19,157.52"
ID13533,16-Mar-2026,Reversal,0.00,"1,070.51","55,242.22"
ID13533,04-Jan-2026,Direct Deposit,"1,413.75",0.00,"13,042.84"
ID13533,08-Jan-2026,Payment,"1,070.16",0.00,"68,882.09"
ID13533,19-Feb-2026,Transfer,184.96,0.00,"13,632.74"
ID13533,20-Feb-2026,Interest,314.92,0.00,"98,753.03"
ID13533,22-Jan-2026,Debit Card,0.00,139.01,"76,807.69"
ID13533,24-Mar-2026,Payment,185.89,0.00,"73,867.15"
ID13533,18-Mar-2026,Direct Deposit,"2,276.41",0.00,"10,699.62"
ID13533,17-Feb-2026,Debit Card,0.00,43.50,"9,481.54"
ID13533,29-Mar-2026,Debit Card,0.00,164.57,"19,016.15"
ID13533,18-Mar-2026,ATM Withdrawal,0.00,411.62,"13,597.63"
ID13533,19-Jan-2026,Reversal,0.00,391.17,"73,720.98"
ID13533,27-Mar-2026,Reversal,0.00,"1,370.46","81,105.84"
ID13533,05-Jan-2026,Debit Card,0.00,313.68,"36,559.28"
ID13533,29-Mar-2026,Direct Deposit,"4,093.37",0.00,"26,060.36"
ID13533,03-Feb-2026,ATM Withdrawal,0.00,128.55,"80,428.27"
ID13533,28-Jan-2026,Charge,0.00,516.81,"33,909.78"
ID13533,28-Jan-2026,ATM Withdrawal,0.00,457.85,"52,256.26"
ID13534,06-Jan-2026,Transfer,0.00,"1,229.96","3,982.08"
ID13534,26-Mar-2026,Payment,0.00,405.91,"13,134.07"
ID13534,05-Feb-2026,Transfer,0.00,650.99,"36,294.05"
ID13534,02-Apr-2026,Direct Deposit,"1,288.57",0.00,"41,982.48"
ID13534,05-Mar-2026,Charge,0.00,304.67,"99,287.69"
ID13534,05-Mar-2026,Transfer,140.38,0.00,"71,950.36"
ID13534,12-Mar-2026,Interest,359.15,0.00,"38,152.81"
ID13534,30-Jan-2026,Interest,284.89,0.00,"36,733.02"
ID13534,18-Jan-2026,Transfer,129.78,0.00,"26,832.96"
ID13534,20-Feb-2026,Debit Card,0.00,105.82,"64,830.08"
ID13534,20-Jan-2026,Transfer,0.00,"1,263.64","68,114.07"
ID13534,11-Feb-2026,Transfer,"1,361.48",0.00,"4,480.96"
ID13534,19-Feb-2026,Direct Deposit,"1,686.88",0.00,"7,344.40"
ID13534,02-Apr-2026,Debit Card,0.00,467.87,"88,756.40"
ID13534,17-Feb-2026,Debit Card,0.00,431.88,"78,839.45"
ID13534,24-Jan-2026,Payment,0.00,"1,408.03","19,345.63"
ID13534,31-Mar-2026,Reversal,0.00,509.38,"33,666.55"
ID13534,11-Jan-2026,Payment,0.00,"1,247.29","52,297.14"
ID13534,26-Jan-2026,Payment,0.00,167.84,"77,653.92"
ID13534,26-Feb-2026,Direct Deposit,"2,829.88",0.00,"83,888.85"
ID13535,04-Feb-2026,Payment,396.34,0.00,"30,685.97"
ID13535,20-Mar-2026,ATM Withdrawal,0.00,627.67,"92,607.96"
ID13535,03-Apr-2026,Payment,706.08,0.00,"24,752.42"
ID13535,21-Mar-2026,Direct Deposit,"2,779.73",0.00,"71,415.04"
ID13535,26-Mar-2026,Interest,197.18,0.00,"59,622.74"
ID13535,15-Feb-2026,Direct Deposit,"1,745.78",0.00,"55,022.68"
ID13535,18-Mar-2026,Debit Card,0.00,138.75,"77,424.12"
ID13535,06-Jan-2026,ATM Withdrawal,0.00,894.53,"99,794.18"
ID13535,05-Feb-2026,Debit Card,0.00,181.18,"50,609.19"
ID13535,10-Jan-2026,Reversal,0.00,"1,198.10","40,126.90"
ID13535,02-Mar-2026,Charge,0.00,858.53,"76,386.85"
ID13535,03-Apr-2026,Reversal,"1,068.19",0.00,"13,198.73"
ID13535,01-Mar-2026,Reversal,0.00,161.38,"52,095.54"
ID13535,20-Jan-2026,Charge,0.00,932.01,"13,293.83"
ID13535,14-Feb-2026,Reversal,"1,451.52",0.00,"75,142.54"
ID13535,09-Mar-2026,Interest,241.50,0.00,"32,246.57"
ID13535,15-Mar-2026,Debit Card,0.00,340.57,"59,240.34"
ID13535,13-Feb-2026,Charge,0.00,379.77,"8,672.70"
ID13535,07-Feb-2026,Direct Deposit,"2,566.57",0.00,"46,123.77"
ID13535,12-Mar-2026,Interest,180.00,0.00,"93,847.02"
ID13536,20-Jan-2026,Direct Deposit,"1,523.26",0.00,"51,737.40"
ID13536,15-Mar-2026,Debit Card,0.00,934.41,"44,587.58"
ID13536,08-Jan-2026,Direct Deposit,"3,255.10",0.00,"42,599.67"
ID13536,19-Feb-2026,Reversal,"1,213.63",0.00,"13,566.25"
ID13536,19-Mar-2026,Debit Card,0.00,665.72,"16,031.41"
ID13536,20-Jan-2026,Interest,330.15,0.00,"97,931.77"
ID13536,10-Mar-2026,Payment,0.00,"1,077.37","6,583.10"
ID13536,23-Mar-2026,Direct Deposit,"4,288.88",0.00,"12,135.84"
ID13536,22-Mar-2026,Transfer,378.44,0.00,"47,365.11"
ID13536,14-Mar-2026,Interest,281.59,0.00,"89,825.49"
ID13536,10-Feb-2026,Debit Card,0.00,208.97,"41,529.94"
ID13536,09-Feb-2026,Payment,"1,485.98",0.00,"1,218.67"
ID13536,08-Jan-2026,ATM Withdrawal,0.00,972.36,"54,853.24"
ID13536,02-Feb-2026,ATM Withdrawal,0.00,62.27,"15,490.36"
ID13536,10-Feb-2026,Debit Card,0.00,722.68,"77,208.20"
ID13536,27-Jan-2026,Debit Card,0.00,836.85,"53,155.75"
ID13536,28-Feb-2026,Interest,233.02,0.00,"6,716.08"
ID13536,17-Feb-2026,Debit Card,0.00,626.11,"62,272.61"
ID13536,07-Feb-2026,Direct Deposit,"2,923.08",0.00,"64,021.96"
ID13536,12-Jan-2026,Payment,"1,510.15",0.00,"17,060.94"
ID13537,27-Mar-2026,Charge,0.00,281.54,"27,224.98"
ID13537,14-Mar-2026,Transfer,0.00,"1,202.32","31,116.46"
ID13537,12-Feb-2026,Charge,0.00,158.50,"50,312.78"
ID13537,04-Jan-2026,Payment,0.00,888.77,"10,331.49"
ID13537,16-Jan-2026,Reversal,0.00,459.14,"85,868.50"
ID13537,04-Feb-2026,Payment,687.42,0.00,"20,686.21"
ID13537,28-Mar-2026,Payment,0.00,297.59,"49,418.47"
ID13537,06-Mar-2026,Direct Deposit,"2,358.92",0.00,"90,224.97"
ID13537,02-Feb-2026,Interest,289.67,0.00,"12,300.81"
ID13537,10-Jan-2026,ATM Withdrawal,0.00,362.18,"9,431.26"
ID13537,02-Mar-2026,Charge,0.00,668.37,"23,214.44"
ID13537,22-Mar-2026,Transfer,"1,497.54",0.00,"51,633.17"
ID13537,02-Apr-2026,Payment,"1,248.97",0.00,"99,092.39"
ID13537,05-Mar-2026,Debit Card,0.00,709.94,"71,810.81"
ID13537,17-Jan-2026,Charge,0.00,929.78,"1,951.60"
ID13537,29-Jan-2026,Interest,454.79,0.00,"6,458.77"
ID13537,27-Mar-2026,Direct Deposit,"4,587.69",0.00,"68,398.32"
ID13537,31-Mar-2026,Reversal,678.43,0.00,"99,655.31"
ID13537,11-Mar-2026,ATM Withdrawal,0.00,62.30,"54,860.07"
ID13537,15-Mar-2026,Charge,0.00,145.95,"42,765.83"
ID13538,29-Mar-2026,Debit Card,0.00,799.94,"10,066.37"
ID13538,24-Jan-2026,Charge,0.00,685.52,"73,322.60"
ID13538,31-Jan-2026,Direct Deposit,"3,946.44",0.00,"62,687.45"
ID13538,13-Feb-2026,Payment,0.00,415.02,"37,759.39"
ID13538,11-Jan-2026,Interest,439.29,0.00,"48,470.17"
ID13538,07-Jan-2026,Debit Card,0.00,470.14,"51,510.87"
ID13538,26-Mar-2026,Payment,0.00,"1,149.54","83,630.38"
ID13538,01-Mar-2026,Transfer,"1,929.13",0.00,"1,805.18"
ID13538,05-Jan-2026,Charge,0.00,220.28,"5,694.60"
ID13538,04-Feb-2026,Payment,0.00,"1,043.96","31,351.10"
ID13538,08-Jan-2026,Interest,247.19,0.00,"1,369.16"
ID13538,24-Mar-2026,Debit Card,0.00,961.86,"76,940.95"
ID13538,18-Feb-2026,ATM Withdrawal,0.00,181.82,"34,138.58"
ID13538,23-Jan-2026,Transfer,0.00,298.92,"71,602.47"
ID13538,23-Feb-2026,Interest,399.23,0.00,"91,645.43"
ID13538,29-Jan-2026,Debit Card,0.00,533.21,"52,463.77"
ID13538,24-Mar-2026,Reversal,879.59,0.00,"62,206.53"
ID13538,31-Jan-2026,Interest,124.84,0.00,"9,029.01"
ID13538,20-Mar-2026,Reversal,0.00,"1,428.25","28,743.97"
ID13538,17-Jan-2026,Transfer,789.66,0.00,"85,867.23"
ID13539,23-Jan-2026,Charge,0.00,306.71,"40,564.55"
ID13539,11-Jan-2026,Debit Card,0.00,636.70,"10,762.60"
ID13539,13-Mar-2026,Debit Card,0.00,39.32,"47,872.48"
ID13539,07-Mar-2026,Transfer,0.00,435.84,"29,120.52"
ID13539,15-Feb-2026,ATM Withdrawal,0.00,757.91,"25,731.68"
ID13539,03-Jan-2026,Direct Deposit,"4,583.76",0.00,"22,098.85"
ID13539,25-Jan-2026,Payment,735.20,0.00,"45,813.54"
ID13539,15-Feb-2026,Charge,0.00,239.34,"17,706.40"
ID13539,23-Mar-2026,Payment,697.92,0.00,"26,014.98"
ID13539,07-Mar-2026,Interest,113.90,0.00,"28,522.77"
ID13539,27-Mar-2026,Reversal,0.00,362.83,"90,624.82"
ID13539,06-Jan-2026,Payment,0.00,691.29,"33,072.74"
ID13539,31-Jan-2026,ATM Withdrawal,0.00,734.58,"54,789.33"
ID13539,02-Feb-2026,Debit Card,0.00,405.73,"51,786.19"
ID13539,08-Jan-2026,ATM Withdrawal,0.00,341.83,"73,963.51"
ID13539,12-Mar-2026,ATM Withdrawal,0.00,729.15,"50,895.89"
ID13539,14-Jan-2026,Direct Deposit,"2,686.27",0.00,"38,350.67"
ID13539,13-Feb-2026,Debit Card,0.00,206.32,"86,011.45"
ID13539,28-Feb-2026,ATM Withdrawal,0.00,625.93,"41,744.27"
ID13539,13-Feb-2026,Debit Card,0.00,19.23,"3,862.85"
ID13540,22-Jan-2026,Charge,0.00,329.26,"40,173.96"
ID13540,21-Mar-2026,Transfer,"1,313.72",0.00,"5,519.84"
ID13540,29-Mar-2026,Reversal,0.00,918.00,"32,834.16"
ID13540,05-Mar-2026,Direct Deposit,"3,905.69",0.00,"45,281.75"
ID13540,13-Mar-2026,Direct Deposit,"3,486.30",0.00,"34,699.62"
ID13540,12-Mar-2026,Reversal,151.49,0.00,"23,513.16"
ID13540,14-Mar-2026,Reversal,0.00,451.04,"85,205.16"
ID13540,11-Jan-2026,ATM Withdrawal,0.00,464.09,"75,733.23"
ID13540,12-Jan-2026,Charge,0.00,680.27,"63,924.79"
ID13540,13-Mar-2026,Payment,0.00,285.20,"87,712.50"
ID13540,03-Feb-2026,Charge,0.00,415.73,"53,381.14"
ID13540,17-Jan-2026,Payment,"1,789.76",0.00,"55,886.21"
ID13540,06-Mar-2026,Reversal,0.00,926.29,"54,572.02"
ID13540,16-Jan-2026,Payment,498.23,0.00,"70,930.68"
ID13540,03-Jan-2026,Direct Deposit,"4,798.08",0.00,"22,091.67"
ID13540,29-Jan-2026,Reversal,0.00,815.79,"88,747.95"
ID13540,18-Mar-2026,Payment,0.00,425.18,"49,622.00"
ID13540,11-Jan-2026,Debit Card,0.00,219.93,"33,527.75"
ID13540,19-Feb-2026,Charge,0.00,361.24,"60,727.26"
ID13540,08-Jan-2026,Debit Card,0.00,635.91,"60,536.67"
ID13541,15-Mar-2026,ATM Withdrawal,0.00,361.72,"55,950.02"
ID13541,12-Mar-2026,Interest,124.35,0.00,"86,855.76"
ID13541,20-Mar-2026,Interest,121.77,0.00,"12,921.96"
ID13541,03-Apr-2026,ATM Withdrawal,0.00,46.90,"45,773.00"
ID13541,04-Mar-2026,Interest,492.43,0.00,"75,274.72"
ID13541,05-Feb-2026,ATM Withdrawal,0.00,668.15,"64,310.39"
ID13541,24-Feb-2026,ATM Withdrawal,0.00,844.46,"8,789.81"
ID13541,26-Mar-2026,ATM Withdrawal,0.00,188.55,"16,746.26"
ID13541,03-Mar-2026,Debit Card,0.00,907.57,"72,071.53"
ID13541,19-Mar-2026,Interest,151.73,0.00,"43,291.90"
ID13541,29-Jan-2026,Reversal,0.00,540.25,"35,583.57"
ID13541,22-Jan-2026,ATM Withdrawal,0.00,83.45,"30,536.74"
ID13541,10-Mar-2026,Direct Deposit,"3,816.32",0.00,"72,338.13"
ID13541,17-Feb-2026,ATM Withdrawal,0.00,590.12,"76,353.80"
ID13541,28-Jan-2026,Payment,"1,729.23",0.00,"93,065.41"
ID13541,26-Feb-2026,Charge,0.00,509.35,"24,294.12"
ID13541,01-Mar-2026,Charge,0.00,252.32,"31,328.95"
ID13541,07-Jan-2026,Direct Deposit,"2,989.38",0.00,"99,382.05"
ID13541,14-Jan-2026,Interest,92.13,0.00,"83,787.75"
ID13541,06-Mar-2026,Reversal,0.00,130.27,"63,510.64"
ID13542,05-Feb-2026,Debit Card,0.00,536.60,"28,512.97"
ID13542,04-Feb-2026,Reversal,799.58,0.00,"89,466.99"
ID13542,05-Jan-2026,Direct Deposit,872.24,0.00,"82,578.81"
ID13542,12-Jan-2026,Interest,294.49,0.00,"7,183.43"
ID13542,01-Mar-2026,Payment,0.00,"1,445.85","64,854.78"
ID13542,30-Jan-2026,Direct Deposit,"2,412.63",0.00,"67,527.31"
ID13542,20-Mar-2026,Debit Card,0.00,528.10,"65,653.81"
ID13542,25-Jan-2026,ATM Withdrawal,0.00,792.02,"76,728.16"
ID13542,04-Jan-2026,Payment,511.56,0.00,"61,002.02"
ID13542,23-Mar-2026,Reversal,"1,924.07",0.00,"71,286.87"
ID13542,28-Feb-2026,Direct Deposit,"2,010.09",0.00,"67,896.73"
ID13542,19-Mar-2026,Transfer,0.00,"1,190.00","20,613.48"
ID13542,31-Jan-2026,Charge,0.00,252.90,"54,889.57"
ID13542,18-Feb-2026,Payment,"1,605.96",0.00,"16,298.30"
ID13542,30-Jan-2026,Charge,0.00,948.98,"31,647.88"
ID13542,15-Jan-2026,Debit Card,0.00,365.94,"98,677.13"
ID13542,01-Apr-2026,Charge,0.00,376.41,"32,010.60"
ID13542,25-Feb-2026,Direct Deposit,"2,037.32",0.00,"65,002.64"
ID13542,11-Mar-2026,ATM Withdrawal,0.00,506.13,"37,023.64"
ID13542,17-Jan-2026,Transfer,0.00,207.13,"86,527.57"
ID13543,25-Mar-2026,ATM Withdrawal,0.00,654.53,"80,616.40"
ID13543,11-Feb-2026,Transfer,0.00,792.99,"96,882.85"
ID13543,20-Mar-2026,ATM Withdrawal,0.00,453.35,"31,581.09"
ID13543,10-Feb-2026,Direct Deposit,"3,893.08",0.00,"22,500.64"
ID13543,16-Mar-2026,Debit Card,0.00,794.36,"38,115.72"
ID13543,20-Mar-2026,Interest,151.73,0.00,"37,733.21"
ID13543,24-Feb-2026,Direct Deposit,"3,654.41",0.00,"67,128.48"
ID13543,22-Jan-2026,ATM Withdrawal,0.00,316.18,"91,056.20"
ID13543,14-Jan-2026,Interest,53.71,0.00,"66,166.17"
ID13543,04-Jan-2026,Charge,0.00,215.01,"57,957.56"
ID13543,06-Mar-2026,Debit Card,0.00,868.08,"24,559.50"
ID13543,27-Jan-2026,Interest,104.83,0.00,"98,645.10"
ID13543,02-Apr-2026,ATM Withdrawal,0.00,298.10,"78,978.13"
ID13543,23-Jan-2026,Payment,"1,716.08",0.00,"84,400.16"
ID13543,17-Mar-2026,ATM Withdrawal,0.00,122.86,"65,224.67"
ID13543,14-Mar-2026,Transfer,905.00,0.00,"13,945.39"
ID13543,23-Jan-2026,Direct Deposit,"4,085.90",0.00,"57,917.61"
ID13543,12-Mar-2026,Payment,0.00,139.90,"49,600.73"
ID13543,19-Mar-2026,Charge,0.00,992.93,"91,201.60"
ID13543,17-Jan-2026,Charge,0.00,150.14,"31,533.72"
ID13544,23-Jan-2026,Charge,0.00,278.02,"95,686.86"
ID13544,31-Mar-2026,Interest,178.20,0.00,"96,000.49"
ID13544,05-Jan-2026,Debit Card,0.00,819.18,"70,272.48"
ID13544,11-Mar-2026,Interest,484.06,0.00,"13,456.35"
ID13544,21-Feb-2026,Direct Deposit,"2,235.10",0.00,"32,551.58"
ID13544,04-Feb-2026,ATM Withdrawal,0.00,166.06,"90,095.34"
ID13544,20-Feb-2026,Charge,0.00,359.70,"29,206.46"
ID13544,29-Jan-2026,Direct Deposit,"2,003.54",0.00,"83,253.54"
ID13544,31-Jan-2026,Debit Card,0.00,530.35,"69,811.66"
ID13544,31-Jan-2026,Payment,"1,448.59",0.00,"85,269.40"
ID13544,13-Feb-2026,Debit Card,0.00,778.45,"9,403.63"
ID13544,08-Mar-2026,Charge,0.00,417.38,"8,742.59"
ID13544,03-Feb-2026,Interest,276.97,0.00,"97,013.74"
ID13544,29-Mar-2026,Direct Deposit,"3,305.75",0.00,"51,034.21"
ID13544,20-Mar-2026,Transfer,883.59,0.00,"52,044.54"
ID13544,28-Feb-2026,Transfer,0.00,"1,222.75","53,094.38"
ID13544,11-Feb-2026,Debit Card,0.00,266.19,"97,216.80"
ID13544,09-Mar-2026,Reversal,"1,206.37",0.00,"18,140.87"
ID13544,22-Feb-2026,Payment,"1,846.23",0.00,"85,769.20"
ID13544,22-Jan-2026,Transfer,501.39,0.00,"52,831.58"
ID13545,27-Jan-2026,Debit Card,0.00,162.41,"82,625.62"
ID13545,03-Jan-2026,Interest,248.91,0.00,"27,263.24"
ID13545,15-Mar-2026,Payment,840.98,0.00,"54,110.00"
ID13545,04-Feb-2026,Interest,361.84,0.00,"64,517.01"
ID13545,17-Mar-2026,Reversal,0.00,"1,350.50","54,893.10"
ID13545,02-Feb-2026,ATM Withdrawal,0.00,832.95,"63,163.17"
ID13545,11-Feb-2026,Debit Card,0.00,527.98,"5,443.33"
ID13545,26-Mar-2026,Transfer,0.00,676.30,"21,059.52"
ID13545,20-Jan-2026,Debit Card,0.00,813.03,"77,554.66"
ID13545,22-Mar-2026,ATM Withdrawal,0.00,43.26,"92,237.42"
ID13545,03-Jan-2026,ATM Withdrawal,0.00,576.34,"71,337.29"
ID13545,09-Jan-2026,Payment,0.00,"1,040.85","53,966.41"
ID13545,26-Jan-2026,Debit Card,0.00,464.70,"42,469.94"
ID13545,24-Jan-2026,Debit Card,0.00,444.90,"83,349.43"
ID13545,01-Mar-2026,Interest,22.06,0.00,"70,237.67"
ID13545,05-Feb-2026,ATM Withdrawal,0.00,509.66,"38,284.00"
ID13545,19-Feb-2026,Charge,0.00,986.19,"97,500.11"
ID13545,26-Feb-2026,Debit Card,0.00,587.95,"10,232.41"
ID13545,18-Mar-2026,Interest,182.00,0.00,"97,842.61"
ID13545,10-Mar-2026,Transfer,462.28,0.00,"17,241.18"
ID13546,13-Jan-2026,Debit Card,0.00,843.92,"28,219.87"
ID13546,25-Feb-2026,Direct Deposit,"2,811.57",0.00,"60,276.27"
ID13546,31-Jan-2026,Reversal,"1,176.46",0.00,"94,326.26"
ID13546,18-Jan-2026,Direct Deposit,"1,661.26",0.00,"59,261.37"
ID13546,02-Mar-2026,Payment,243.30,0.00,"57,477.81"
ID13546,18-Mar-2026,ATM Withdrawal,0.00,66.66,"90,535.20"
ID13546,11-Mar-2026,Interest,461.46,0.00,"4,225.21"
ID13546,31-Jan-2026,ATM Withdrawal,0.00,321.55,"1,644.11"
ID13546,26-Mar-2026,Direct Deposit,"1,131.92",0.00,"3,870.61"
ID13546,03-Feb-2026,Reversal,0.00,498.29,"87,389.96"
ID13546,01-Feb-2026,ATM Withdrawal,0.00,361.55,"65,568.48"
ID13546,11-Jan-2026,Interest,157.14,0.00,"97,840.24"
ID13546,28-Feb-2026,Reversal,300.90,0.00,"33,258.60"
ID13546,11-Jan-2026,Charge,0.00,871.36,"98,009.21"
ID13546,08-Mar-2026,ATM Withdrawal,0.00,848.21,"71,493.45"
ID13546,07-Feb-2026,Direct Deposit,"4,286.30",0.00,"83,335.01"
ID13546,09-Mar-2026,Interest,338.20,0.00,"93,625.82"
ID13546,15-Mar-2026,Charge,0.00,298.58,"59,870.98"
ID13546,24-Mar-2026,Charge,0.00,420.41,"67,629.13"
ID13546,03-Mar-2026,Payment,0.00,838.42,"31,646.71"
ID13547,18-Jan-2026,Payment,0.00,266.76,"56,726.12"
ID13547,23-Jan-2026,Payment,"1,199.64",0.00,"14,054.46"
ID13547,20-Feb-2026,ATM Withdrawal,0.00,735.89,"52,126.16"
ID13547,23-Mar-2026,Interest,122.62,0.00,"35,015.76"
ID13547,25-Mar-2026,Transfer,"1,812.05",0.00,"10,737.45"
ID13547,08-Mar-2026,Reversal,0.00,"1,267.82","7,298.59"
ID13547,21-Feb-2026,Payment,"1,602.84",0.00,"28,528.80"
ID13547,24-Mar-2026,Transfer,394.57,0.00,"39,438.08"
ID13547,06-Feb-2026,Debit Card,0.00,191.60,"60,230.72"
ID13547,14-Jan-2026,Debit Card,0.00,914.90,"19,370.05"
ID13547,22-Feb-2026,Interest,401.43,0.00,"62,381.57"
ID13547,07-Feb-2026,Transfer,768.46,0.00,"41,392.76"
ID13547,13-Feb-2026,Interest,66.90,0.00,"4,328.90"
ID13547,12-Mar-2026,Reversal,335.52,0.00,"56,451.34"
ID13547,07-Feb-2026,Direct Deposit,"1,439.60",0.00,"94,699.17"
ID13547,22-Mar-2026,Debit Card,0.00,25.55,"32,301.36"
ID13547,18-Jan-2026,Charge,0.00,362.60,"31,733.19"
ID13547,11-Feb-2026,Payment,0.00,121.99,"29,103.98"
ID13547,15-Jan-2026,Interest,293.95,0.00,"77,570.40"
ID13547,13-Mar-2026,Direct Deposit,"1,122.91",0.00,"40,355.69"
ID13548,13-Feb-2026,Reversal,0.00,"1,235.13","50,219.47"
ID13548,07-Feb-2026,Payment,576.69,0.00,"13,831.89"
ID13548,18-Mar-2026,Charge,0.00,164.00,"32,339.99"
ID13548,12-Jan-2026,Reversal,354.19,0.00,"55,895.95"
ID13548,14-Feb-2026,Direct Deposit,518.10,0.00,"78,556.08"
ID13548,25-Feb-2026,Payment,591.91,0.00,"5,969.70"
ID13548,01-Mar-2026,Direct Deposit,"3,332.97",0.00,"95,120.45"
ID13548,06-Mar-2026,Payment,"1,923.23",0.00,"1,689.20"
ID13548,14-Jan-2026,Charge,0.00,880.34,"37,264.93"
ID13548,01-Mar-2026,Payment,909.98,0.00,"89,368.34"
ID13548,20-Mar-2026,ATM Withdrawal,0.00,65.06,"54,201.82"
ID13548,01-Apr-2026,ATM Withdrawal,0.00,891.54,"80,783.07"
ID13548,15-Mar-2026,Interest,482.82,0.00,"40,386.07"
ID13548,02-Feb-2026,Debit Card,0.00,57.88,"22,562.41"
ID13548,06-Mar-2026,Interest,84.45,0.00,"84,860.80"
ID13548,11-Jan-2026,Charge,0.00,226.62,"29,059.56"
ID13548,09-Mar-2026,Direct Deposit,"4,950.97",0.00,"60,691.06"
ID13548,12-Feb-2026,Interest,495.41,0.00,"80,732.14"
ID13548,17-Jan-2026,Transfer,0.00,336.22,"28,468.17"
ID13548,31-Jan-2026,Reversal,0.00,395.77,"6,772.58"
ID13549,13-Jan-2026,Charge,0.00,123.53,"82,071.22"
ID13549,07-Mar-2026,Charge,0.00,898.09,"57,661.27"
ID13549,26-Jan-2026,Direct Deposit,"2,406.58",0.00,"89,948.08"
ID13549,12-Mar-2026,Debit Card,0.00,193.21,"18,004.83"
ID13549,26-Jan-2026,Payment,0.00,953.30,"30,601.97"
ID13549,22-Mar-2026,ATM Withdrawal,0.00,213.02,"96,032.76"
ID13549,10-Mar-2026,Transfer,"1,403.00",0.00,"6,122.28"
ID13549,25-Jan-2026,Debit Card,0.00,32.66,"66,081.28"
ID13549,17-Jan-2026,Direct Deposit,"4,432.01",0.00,"28,171.64"
ID13549,28-Feb-2026,Payment,0.00,725.58,"3,720.51"
ID13549,15-Jan-2026,ATM Withdrawal,0.00,158.29,"88,026.46"
ID13549,12-Feb-2026,Direct Deposit,"4,858.04",0.00,"67,857.89"
ID13549,24-Feb-2026,Transfer,0.00,354.91,"61,026.33"
ID13549,11-Feb-2026,Transfer,"1,927.80",0.00,"95,652.59"
ID13549,20-Jan-2026,Interest,133.37,0.00,"38,557.44"
ID13549,21-Feb-2026,Interest,479.09,0.00,"15,650.62"
ID13549,31-Jan-2026,ATM Withdrawal,0.00,689.13,"15,761.40"
ID13549,18-Jan-2026,Charge,0.00,697.12,"2,540.91"
ID13549,18-Feb-2026,Interest,303.41,0.00,"88,276.98"
ID13549,23-Feb-2026,Payment,0.00,"1,399.68","36,344.05"
ID13550,26-Feb-2026,Transfer,"1,355.74",0.00,"5,964.29"
ID13550,07-Feb-2026,Interest,24.51,0.00,"9,753.55"
ID13550,04-Mar-2026,Debit Card,0.00,737.54,"65,554.97"
ID13550,26-Feb-2026,Reversal,0.00,"1,399.87","60,663.99"
ID13550,12-Feb-2026,ATM Withdrawal,0.00,985.42,"83,483.48"
ID13550,17-Mar-2026,Reversal,0.00,206.42,"57,437.52"
ID13550,20-Mar-2026,ATM Withdrawal,0.00,649.43,"76,710.02"
ID13550,13-Jan-2026,ATM Withdrawal,0.00,855.35,"62,019.14"
ID13550,25-Mar-2026,ATM Withdrawal,0.00,589.34,"24,307.47"
ID13550,07-Jan-2026,ATM Withdrawal,0.00,945.46,"70,598.99"
ID13550,07-Jan-2026,Reversal,0.00,290.12,"6,699.80"
ID13550,11-Feb-2026,Payment,"1,898.31",0.00,"92,800.84"
ID13550,10-Mar-2026,Debit Card,0.00,563.51,"11,383.19"
ID13550,24-Jan-2026,Reversal,"1,860.31",0.00,"39,607.40"
ID13550,19-Mar-2026,Debit Card,0.00,83.33,"62,839.17"
ID13550,14-Feb-2026,Payment,"1,704.10",0.00,"13,142.11"
ID13550,07-Jan-2026,Debit Card,0.00,260.63,"16,588.81"
ID13550,07-Jan-2026,Interest,268.00,0.00,"83,594.29"
ID13550,20-Mar-2026,Transfer,"1,774.03",0.00,"91,895.89"
ID13550,13-Mar-2026,Interest,278.16,0.00,"22,381.95"
ID13551,12-Jan-2026,Debit Card,0.00,167.26,"52,245.21"
ID13551,28-Feb-2026,Charge,0.00,106.37,"97,717.66"
ID13551,27-Jan-2026,Debit Card,0.00,821.38,"55,337.95"
ID13551,10-Mar-2026,Direct Deposit,"2,468.77",0.00,"52,781.38"
ID13551,29-Mar-2026,Interest,137.71,0.00,"82,069.55"
ID13551,03-Apr-2026,Transfer,"1,626.14",0.00,"77,738.08"
ID13551,16-Feb-2026,Debit Card,0.00,409.78,"22,242.72"
ID13551,23-Feb-2026,Direct Deposit,"2,979.59",0.00,"10,390.85"
ID13551,17-Feb-2026,Charge,0.00,668.30,"66,600.69"
ID13551,18-Mar-2026,Payment,0.00,464.23,"64,655.89"
ID13551,03-Apr-2026,ATM Withdrawal,0.00,598.31,"25,821.12"
ID13551,16-Mar-2026,Interest,366.68,0.00,"25,058.27"
ID13551,06-Feb-2026,Interest,131.42,0.00,"56,101.53"
ID13551,21-Mar-2026,Direct Deposit,"1,749.22",0.00,"12,976.28"
ID13551,11-Mar-2026,Debit Card,0.00,622.18,"80,212.23"
ID13551,16-Mar-2026,Reversal,0.00,98.81,"91,644.54"
ID13551,04-Mar-2026,ATM Withdrawal,0.00,750.17,"26,366.00"
ID13551,03-Mar-2026,Interest,182.85,0.00,"45,569.04"
ID13551,14-Feb-2026,Debit Card,0.00,25.14,"22,753.61"
ID13551,05-Jan-2026,ATM Withdrawal,0.00,283.22,"64,012.56"
ID13552,27-Mar-2026,Debit Card,0.00,514.47,"57,372.33"
ID13552,21-Mar-2026,Payment,"1,155.55",0.00,"60,515.20"
ID13552,05-Jan-2026,Reversal,"1,090.97",0.00,"73,543.95"
ID13552,06-Mar-2026,ATM Withdrawal,0.00,203.75,"61,057.12"
ID13552,16-Mar-2026,Reversal,550.28,0.00,"69,138.48"
ID13552,24-Feb-2026,Payment,0.00,"1,294.72","70,437.13"
ID13552,23-Feb-2026,Transfer,"1,071.48",0.00,"52,291.74"
ID13552,19-Jan-2026,Payment,0.00,267.95,"94,716.13"
ID13552,03-Jan-2026,Payment,114.85,0.00,"64,898.86"
ID13552,26-Feb-2026,Direct Deposit,"4,780.74",0.00,"35,253.01"
ID13552,12-Mar-2026,Direct Deposit,"3,605.82",0.00,"63,455.36"
ID13552,16-Jan-2026,Interest,232.91,0.00,"69,464.99"
ID13552,18-Mar-2026,Payment,0.00,824.13,"39,147.92"
ID13552,07-Feb-2026,Transfer,0.00,444.01,"71,253.04"
ID13552,04-Mar-2026,Debit Card,0.00,868.48,"91,306.82"
ID13552,31-Mar-2026,ATM Withdrawal,0.00,284.73,"4,619.51"
ID13552,17-Mar-2026,ATM Withdrawal,0.00,451.02,"10,193.58"
ID13552,26-Mar-2026,Reversal,740.56,0.00,"58,387.02"
ID13552,08-Mar-2026,Payment,0.00,"1,110.93","68,737.98"
ID13552,11-Jan-2026,Direct Deposit,"1,954.69",0.00,"22,721.35"
ID13553,21-Feb-2026,Payment,"1,240.04",0.00,"50,087.31"
ID13553,03-Jan-2026,Direct Deposit,"1,024.72",0.00,"46,288.45"
ID13553,25-Mar-2026,Transfer,0.00,"1,414.65","85,465.05"
ID13553,14-Mar-2026,Debit Card,0.00,883.65,"9,427.03"
ID13553,18-Feb-2026,Transfer,"1,288.59",0.00,"67,529.89"
ID13553,03-Mar-2026,Charge,0.00,587.82,"76,538.36"
ID13553,25-Mar-2026,Debit Card,0.00,613.62,"57,292.10"
ID13553,23-Jan-2026,Direct Deposit,"2,737.66",0.00,"60,357.58"
ID13553,04-Feb-2026,Debit Card,0.00,352.15,"29,395.29"
ID13553,19-Mar-2026,Interest,297.00,0.00,"2,479.01"
ID13553,05-Feb-2026,Interest,498.81,0.00,"84,609.33"
ID13553,08-Feb-2026,Debit Card,0.00,209.23,"18,864.49"
ID13553,19-Jan-2026,Reversal,0.00,"1,441.99","87,570.14"
ID13553,21-Feb-2026,Charge,0.00,365.73,"17,322.07"
ID13553,30-Jan-2026,Charge,0.00,874.88,"96,881.08"
ID13553,22-Jan-2026,Interest,260.04,0.00,"50,919.42"
ID13553,04-Mar-2026,Direct Deposit,"3,334.54",0.00,"67,094.82"
ID13553,13-Feb-2026,Interest,222.28,0.00,"89,225.74"
ID13553,26-Mar-2026,Transfer,396.32,0.00,"7,094.15"
ID13553,08-Mar-2026,Payment,0.00,"1,136.15","26,637.38"
ID13554,31-Mar-2026,ATM Withdrawal,0.00,293.91,"91,868.36"
ID13554,14-Mar-2026,Payment,0.00,628.25,"73,692.73"
ID13554,06-Feb-2026,Reversal,0.00,575.13,"53,652.55"
ID13554,26-Feb-2026,Reversal,0.00,"1,038.31","4,339.69"
ID13554,31-Jan-2026,Charge,0.00,997.81,"53,188.82"
ID13554,24-Jan-2026,Direct Deposit,"4,042.90",0.00,"68,459.23"
ID13554,04-Feb-2026,Reversal,0.00,764.70,"10,088.02"
ID13554,21-Feb-2026,Interest,315.32,0.00,"11,181.23"
ID13554,05-Feb-2026,Charge,0.00,199.02,"21,548.98"
ID13554,31-Mar-2026,Debit Card,0.00,714.85,"22,583.43"
ID13554,11-Feb-2026,Charge,0.00,12.39,"26,995.24"
ID13554,26-Jan-2026,Direct Deposit,"2,095.07",0.00,"81,331.65"
ID13554,10-Mar-2026,ATM Withdrawal,0.00,145.93,"60,396.34"
ID13554,19-Mar-2026,Direct Deposit,"1,505.24",0.00,"5,844.12"
ID13554,14-Jan-2026,Payment,424.00,0.00,"62,295.99"
ID13554,01-Apr-2026,Transfer,991.28,0.00,"75,288.67"
ID13554,14-Feb-2026,Charge,0.00,36.03,"15,795.89"
ID13554,21-Jan-2026,Interest,265.82,0.00,"53,623.55"
ID13554,17-Mar-2026,Reversal,140.56,0.00,"41,947.52"
ID13554,08-Mar-2026,Debit Card,0.00,702.60,"86,101.22"
ID13555,11-Feb-2026,Transfer,"1,372.16",0.00,"32,982.86"
ID13555,15-Jan-2026,Transfer,0.00,"1,143.47","63,990.49"
ID13555,28-Mar-2026,Charge,0.00,307.55,"8,102.84"
ID13555,08-Jan-2026,Payment,0.00,74.32,"52,914.43"
ID13555,27-Mar-2026,Debit Card,0.00,561.80,"91,935.61"
ID13555,21-Jan-2026,Reversal,0.00,"1,032.00","56,210.89"
ID13555,13-Feb-2026,Payment,443.90,0.00,"29,957.55"
ID13555,08-Feb-2026,Charge,0.00,516.89,"89,722.20"
ID13555,14-Jan-2026,ATM Withdrawal,0.00,700.40,"39,302.47"
ID13555,19-Mar-2026,Interest,103.69,0.00,"86,955.54"
ID13555,18-Feb-2026,Charge,0.00,315.18,"21,154.17"
ID13555,02-Mar-2026,Transfer,0.00,"1,077.51","97,334.04"
ID13555,05-Jan-2026,Direct Deposit,"3,113.08",0.00,"13,688.04"
ID13555,20-Jan-2026,Payment,0.00,"1,458.16","95,480.46"
ID13555,19-Feb-2026,Debit Card,0.00,268.35,"84,996.06"
ID13555,27-Mar-2026,Payment,0.00,"1,272.93","40,343.45"
ID13555,26-Mar-2026,Debit Card,0.00,134.87,"91,405.59"
ID13555,17-Mar-2026,ATM Withdrawal,0.00,194.57,"44,557.43"
ID13555,05-Jan-2026,Debit Card,0.00,600.51,"22,957.73"
ID13555,18-Mar-2026,ATM Withdrawal,0.00,370.16,"4,083.43"
ID13556,08-Feb-2026,Payment,190.73,0.00,"20,600.45"
ID13556,18-Mar-2026,Direct Deposit,"3,685.12",0.00,"15,715.18"
ID13556,22-Jan-2026,ATM Withdrawal,0.00,902.56,"69,437.68"
ID13556,25-Jan-2026,Payment,773.67,0.00,"54,592.85"
ID13556,29-Mar-2026,Direct Deposit,"2,668.05",0.00,"42,198.37"
ID13556,25-Feb-2026,ATM Withdrawal,0.00,153.11,"26,002.24"
ID13556,03-Apr-2026,Reversal,178.89,0.00,"88,053.40"
ID13556,18-Feb-2026,Reversal,666.94,0.00,"28,298.55"
ID13556,26-Mar-2026,Reversal,0.00,316.65,"67,651.60"
ID13556,07-Mar-2026,Payment,0.00,886.59,"26,847.73"
ID13556,05-Jan-2026,Interest,436.17,0.00,"30,096.54"
ID13556,15-Mar-2026,Payment,210.37,0.00,"92,439.13"
ID13556,05-Feb-2026,Reversal,0.00,236.80,"18,456.59"
ID13556,19-Jan-2026,Direct Deposit,"2,640.44",0.00,"4,908.05"
ID13556,24-Jan-2026,Interest,490.33,0.00,"36,310.44"
ID13556,14-Feb-2026,Transfer,0.00,"1,350.93","25,455.14"
ID13556,24-Feb-2026,Payment,0.00,"1,221.83","5,000.95"
ID13556,27-Jan-2026,Transfer,0.00,385.83,"38,947.07"
ID13556,18-Feb-2026,Transfer,0.00,993.07,"90,161.17"
ID13556,23-Feb-2026,Transfer,0.00,174.84,"41,158.65"
ID13557,14-Mar-2026,Debit Card,0.00,373.07,"2,592.02"
ID13557,05-Mar-2026,Direct Deposit,"1,834.44",0.00,"33,128.61"
ID13557,07-Feb-2026,ATM Withdrawal,0.00,85.32,"98,110.08"
ID13557,03-Feb-2026,Debit Card,0.00,240.66,"13,349.66"
ID13557,16-Mar-2026,Direct Deposit,"3,834.10",0.00,"15,370.78"
ID13557,21-Jan-2026,Reversal,0.00,772.92,"62,079.27"
ID13557,22-Feb-2026,Transfer,939.20,0.00,"43,692.53"
ID13557,27-Jan-2026,Reversal,0.00,476.99,"48,598.47"
ID13557,28-Jan-2026,Payment,"1,298.61",0.00,"72,273.67"
ID13557,08-Mar-2026,Reversal,0.00,997.31,"46,168.67"
ID13557,27-Jan-2026,Charge,0.00,120.82,"56,580.45"
ID13557,09-Jan-2026,Direct Deposit,"4,838.66",0.00,"9,022.94"
ID13557,09-Mar-2026,Interest,121.73,0.00,"11,609.82"
ID13557,16-Mar-2026,Payment,0.00,611.14,"16,074.20"
ID13557,05-Mar-2026,ATM Withdrawal,0.00,805.53,"88,657.85"
ID13557,28-Mar-2026,ATM Withdrawal,0.00,283.69,"92,975.91"
ID13557,24-Mar-2026,Direct Deposit,"2,265.88",0.00,"12,565.54"
ID13557,10-Feb-2026,Debit Card,0.00,817.99,"59,283.79"
ID13557,30-Jan-2026,Transfer,0.00,819.49,"42,097.34"
ID13557,29-Jan-2026,Charge,0.00,336.31,"54,227.53"
ID13558,30-Mar-2026,Payment,0.00,"1,152.99","48,017.12"
ID13558,13-Jan-2026,Transfer,0.00,"1,287.73","6,491.69"
ID13558,07-Feb-2026,Interest,437.03,0.00,"36,273.85"
ID13558,10-Feb-2026,Transfer,0.00,946.56,"69,715.11"
ID13558,21-Feb-2026,Interest,298.40,0.00,"3,338.96"
ID13558,25-Feb-2026,Charge,0.00,495.37,"10,023.50"
ID13558,28-Feb-2026,Interest,80.90,0.00,"93,581.98"
ID13558,03-Mar-2026,Reversal,0.00,"1,416.75","53,461.04"
ID13558,19-Feb-2026,ATM Withdrawal,0.00,722.92,"32,400.10"
ID13558,03-Jan-2026,ATM Withdrawal,0.00,990.46,"92,457.11"
ID13558,09-Jan-2026,Transfer,0.00,"1,252.54","97,566.17"
ID13558,18-Jan-2026,Direct Deposit,"1,139.32",0.00,"53,832.87"
ID13558,13-Mar-2026,Debit Card,0.00,977.58,"88,314.92"
ID13558,03-Jan-2026,Debit Card,0.00,332.79,"41,764.09"
ID13558,07-Jan-2026,Interest,50.10,0.00,"37,368.62"
ID13558,20-Jan-2026,Reversal,0.00,"1,253.12","48,209.42"
ID13558,30-Jan-2026,Transfer,0.00,228.42,"6,060.42"
ID13558,06-Jan-2026,Reversal,0.00,"1,440.37","18,614.84"
ID13558,10-Feb-2026,Reversal,0.00,678.63,"71,563.43"
ID13558,17-Mar-2026,Charge,0.00,676.74,"2,632.33"
ID13559,19-Feb-2026,Direct Deposit,"2,705.96",0.00,"83,052.86"
ID13559,11-Mar-2026,Transfer,0.00,"1,089.96","78,226.79"
ID13559,14-Jan-2026,Interest,446.27,0.00,"91,955.83"
ID13559,03-Jan-2026,ATM Withdrawal,0.00,218.51,"35,948.12"
ID13559,11-Feb-2026,Charge,0.00,647.64,"92,321.00"
ID13559,29-Mar-2026,ATM Withdrawal,0.00,787.19,"76,544.53"
ID13559,30-Mar-2026,ATM Withdrawal,0.00,547.56,"10,263.84"
ID13559,25-Mar-2026,Charge,0.00,586.96,"53,370.31"
ID13559,20-Jan-2026,ATM Withdrawal,0.00,749.78,"88,191.52"
ID13559,04-Jan-2026,Payment,0.00,"1,180.65","33,559.87"
ID13559,21-Mar-2026,Payment,0.00,"1,266.22","13,652.20"
ID13559,18-Jan-2026,ATM Withdrawal,0.00,305.60,"8,755.59"
ID13559,07-Jan-2026,Debit Card,0.00,440.21,"10,507.47"
ID13559,03-Apr-2026,Reversal,"1,361.43",0.00,"25,819.68"
ID13559,17-Feb-2026,Payment,"1,205.67",0.00,"47,987.69"
ID13559,15-Jan-2026,Payment,"1,098.64",0.00,"5,467.36"
ID13559,29-Jan-2026,Payment,"1,320.92",0.00,"85,471.56"
ID13559,26-Jan-2026,Debit Card,0.00,214.65,"47,970.87"
ID13559,26-Feb-2026,Interest,271.11,0.00,"97,372.23"
ID13559,28-Mar-2026,Debit Card,0.00,931.37,"82,205.69"
ID13560,15-Jan-2026,ATM Withdrawal,0.00,563.97,"87,361.68"
ID13560,22-Jan-2026,Transfer,0.00,"1,421.45","87,371.07"
ID13560,28-Jan-2026,Debit Card,0.00,30.06,"47,242.86"
ID13560,29-Mar-2026,Charge,0.00,756.66,"20,893.90"
ID13560,01-Apr-2026,Charge,0.00,287.68,"28,206.23"
ID13560,21-Mar-2026,Reversal,0.00,149.99,"89,246.88"
ID13560,18-Jan-2026,Interest,231.46,0.00,"2,786.34"
ID13560,24-Mar-2026,Payment,"1,153.30",0.00,"93,292.76"
ID13560,25-Jan-2026,Direct Deposit,"3,114.46",0.00,"43,753.22"
ID13560,25-Jan-2026,Debit Card,0.00,942.59,"45,747.28"
ID13560,11-Mar-2026,ATM Withdrawal,0.00,917.71,"73,572.39"
ID13560,28-Jan-2026,Payment,0.00,57.36,"19,282.20"
ID13560,12-Jan-2026,Reversal,0.00,193.17,"58,452.20"
ID13560,11-Feb-2026,Charge,0.00,60.76,"9,361.98"
ID13560,18-Feb-2026,Transfer,0.00,596.01,"99,939.94"
ID13560,12-Jan-2026,Charge,0.00,57.46,"22,210.17"
ID13560,03-Feb-2026,Charge,0.00,692.52,"33,531.51"
ID13560,17-Jan-2026,Reversal,702.94,0.00,"55,345.96"
ID13560,06-Feb-2026,Direct Deposit,792.74,0.00,"54,664.88"
ID13560,18-Mar-2026,Reversal,"1,711.21",0.00,"66,319.23"
ID13561,27-Mar-2026,Debit Card,0.00,780.66,"33,362.36"
ID13561,13-Jan-2026,ATM Withdrawal,0.00,786.77,"53,184.20"
ID13561,15-Feb-2026,ATM Withdrawal,0.00,688.10,"60,006.86"
ID13561,19-Mar-2026,Transfer,968.40,0.00,"78,243.04"
ID13561,05-Jan-2026,Interest,20.49,0.00,"26,756.97"
ID13561,24-Jan-2026,Debit Card,0.00,356.00,"67,368.88"
ID13561,17-Jan-2026,Payment,518.14,0.00,"94,100.92"
ID13561,21-Jan-2026,Payment,0.00,72.53,"75,878.44"
ID13561,13-Feb-2026,Direct Deposit,"1,805.56",0.00,"14,033.91"
ID13561,03-Apr-2026,Payment,0.00,"1,346.90","47,414.29"
ID13561,22-Feb-2026,Transfer,0.00,183.73,"65,643.35"
ID13561,17-Mar-2026,Debit Card,0.00,377.04,"3,288.72"
ID13561,23-Feb-2026,Charge,0.00,377.64,"4,677.30"
ID13561,29-Jan-2026,Payment,0.00,"1,062.97","9,624.83"
ID13561,09-Jan-2026,Transfer,"1,712.78",0.00,"27,547.45"
ID13561,23-Mar-2026,Payment,0.00,458.71,"33,914.14"
ID13561,21-Feb-2026,Debit Card,0.00,463.14,"19,420.60"
ID13561,04-Jan-2026,Interest,51.36,0.00,"59,808.66"
ID13561,21-Feb-2026,Payment,611.27,0.00,"74,999.89"
ID13561,31-Jan-2026,Debit Card,0.00,460.06,"68,207.41"
ID13562,23-Jan-2026,ATM Withdrawal,0.00,396.93,"92,607.67"
ID13562,18-Feb-2026,Interest,57.85,0.00,"14,533.16"
ID13562,19-Feb-2026,Payment,"1,215.10",0.00,"35,656.13"
ID13562,16-Mar-2026,Transfer,0.00,103.07,"47,728.55"
ID13562,21-Feb-2026,Interest,237.58,0.00,"84,283.29"
ID13562,03-Feb-2026,Interest,386.81,0.00,"70,879.22"
ID13562,04-Feb-2026,Debit Card,0.00,863.51,"29,680.45"
ID13562,30-Mar-2026,Reversal,"1,601.68",0.00,"77,649.00"
ID13562,10-Jan-2026,ATM Withdrawal,0.00,192.34,"71,346.94"
ID13562,18-Mar-2026,Direct Deposit,"2,381.81",0.00,"73,788.40"
ID13562,17-Jan-2026,ATM Withdrawal,0.00,131.23,"21,766.67"
ID13562,20-Feb-2026,Transfer,0.00,822.89,"13,283.50"
ID13562,27-Feb-2026,Direct Deposit,"3,493.92",0.00,"84,882.95"
ID13562,08-Mar-2026,ATM Withdrawal,0.00,178.77,"80,660.49"
ID13562,02-Feb-2026,Payment,0.00,"1,076.22","30,810.62"
ID13562,22-Jan-2026,Reversal,"1,715.52",0.00,"72,635.45"
ID13562,02-Mar-2026,Charge,0.00,461.75,"38,957.06"
ID13562,04-Jan-2026,Charge,0.00,71.66,"72,755.02"
ID13562,01-Feb-2026,Direct Deposit,"2,517.24",0.00,"35,754.72"
ID13562,03-Feb-2026,Interest,12.68,0.00,"93,044.37"
ID13563,21-Feb-2026,Charge,0.00,126.44,"93,465.94"
ID13563,21-Jan-2026,Debit Card,0.00,170.25,"72,127.01"
ID13563,01-Apr-2026,Charge,0.00,977.10,"67,625.35"
ID13563,26-Mar-2026,Charge,0.00,836.35,"2,643.03"
ID13563,13-Jan-2026,Reversal,0.00,"1,201.68","40,590.38"
ID13563,05-Feb-2026,Transfer,321.78,0.00,"33,519.77"
ID13563,02-Mar-2026,ATM Withdrawal,0.00,927.91,"62,951.99"
ID13563,17-Mar-2026,Transfer,0.00,286.60,"61,897.94"
ID13563,01-Mar-2026,Charge,0.00,505.79,"15,116.89"
ID13563,17-Jan-2026,Direct Deposit,"4,794.44",0.00,"70,611.44"
ID13563,03-Mar-2026,Debit Card,0.00,380.21,"26,815.57"
ID13563,04-Feb-2026,Transfer,"1,543.21",0.00,"48,491.61"
ID13563,04-Jan-2026,Transfer,0.00,971.37,"26,687.96"
ID13563,19-Jan-2026,Direct Deposit,"1,845.37",0.00,"6,496.30"
ID13563,17-Jan-2026,Reversal,0.00,184.73,"45,787.08"
ID13563,22-Feb-2026,ATM Withdrawal,0.00,262.90,"59,414.41"
ID13563,13-Mar-2026,ATM Withdrawal,0.00,395.01,"40,971.82"
ID13563,07-Mar-2026,Charge,0.00,337.16,"68,913.83"
ID13563,08-Feb-2026,Charge,0.00,157.59,"90,316.59"
ID13563,19-Mar-2026,Reversal,"1,552.74",0.00,"54,516.87"
ID13564,21-Mar-2026,Reversal,0.00,539.30,"97,820.12"
ID13564,28-Feb-2026,Charge,0.00,456.68,"12,533.01"
ID13564,15-Feb-2026,Direct Deposit,"1,595.58",0.00,"32,711.61"
ID13564,28-Mar-2026,Charge,0.00,464.12,"11,713.49"
ID13564,11-Mar-2026,Payment,612.21,0.00,"60,302.41"
ID13564,31-Mar-2026,Debit Card,0.00,138.74,"38,234.91"
ID13564,12-Mar-2026,ATM Withdrawal,0.00,961.94,"82,040.97"
ID13564,13-Mar-2026,Debit Card,0.00,643.39,"77,820.25"
ID13564,20-Feb-2026,Interest,120.38,0.00,"63,518.07"
ID13564,13-Jan-2026,Direct Deposit,"3,972.26",0.00,"23,003.41"
ID13564,06-Jan-2026,Transfer,0.00,983.70,"72,828.39"
ID13564,25-Jan-2026,ATM Withdrawal,0.00,603.46,"41,100.53"
ID13564,22-Jan-2026,Debit Card,0.00,13.98,"75,394.27"
ID13564,26-Feb-2026,ATM Withdrawal,0.00,959.99,"75,777.70"
ID13564,21-Jan-2026,Transfer,0.00,411.63,"37,337.88"
ID13564,06-Feb-2026,Reversal,"1,929.18",0.00,"80,845.83"
ID13564,16-Jan-2026,Interest,241.61,0.00,"89,938.82"
ID13564,25-Mar-2026,Debit Card,0.00,650.29,"22,801.49"
ID13564,19-Mar-2026,Debit Card,0.00,645.25,"69,898.97"
ID13564,12-Jan-2026,Interest,231.07,0.00,"57,303.99"
ID13565,03-Feb-2026,Interest,384.92,0.00,"7,963.47"
ID13565,27-Feb-2026,Debit Card,0.00,108.79,"35,113.35"
ID13565,22-Jan-2026,Reversal,655.65,0.00,"92,130.89"
ID13565,25-Mar-2026,Interest,191.73,0.00,"11,015.30"
ID13565,09-Jan-2026,Transfer,"1,158.26",0.00,"87,484.12"
ID13565,09-Jan-2026,Direct Deposit,"1,752.12",0.00,"40,750.19"
ID13565,05-Mar-2026,Charge,0.00,931.61,"65,500.47"
ID13565,02-Mar-2026,Direct Deposit,"1,552.47",0.00,"67,955.90"
ID13565,06-Feb-2026,ATM Withdrawal,0.00,692.05,"54,037.87"
ID13565,30-Mar-2026,Reversal,744.49,0.00,"3,560.17"
ID13565,28-Jan-2026,Debit Card,0.00,904.37,"79,143.70"
ID13565,27-Mar-2026,Direct Deposit,"2,982.07",0.00,"76,687.52"
ID13565,14-Jan-2026,Debit Card,0.00,534.93,"91,363.83"
ID13565,09-Mar-2026,Payment,0.00,"1,292.66","25,769.23"
ID13565,28-Mar-2026,Interest,331.80,0.00,"12,078.67"
ID13565,25-Mar-2026,Charge,0.00,348.58,"4,413.12"
ID13565,09-Jan-2026,Debit Card,0.00,564.84,"39,783.80"
ID13565,24-Jan-2026,Debit Card,0.00,605.85,"43,036.77"
ID13565,20-Feb-2026,Debit Card,0.00,575.62,"89,260.15"
ID13565,20-Jan-2026,Reversal,"1,800.74",0.00,"31,119.52"
ID13566,09-Mar-2026,Direct Deposit,"4,399.63",0.00,"31,289.38"
ID13566,05-Feb-2026,Direct Deposit,"2,945.05",0.00,"94,723.68"
ID13566,14-Jan-2026,Transfer,"1,167.57",0.00,"59,732.77"
ID13566,10-Mar-2026,Direct Deposit,"3,237.46",0.00,"92,457.34"
ID13566,21-Feb-2026,Direct Deposit,"4,317.84",0.00,"2,201.83"
ID13566,09-Jan-2026,Payment,237.47,0.00,"46,388.55"
ID13566,09-Jan-2026,Charge,0.00,531.53,"2,590.09"
ID13566,21-Feb-2026,Payment,0.00,128.34,"88,192.32"
ID13566,06-Mar-2026,ATM Withdrawal,0.00,38.69,"53,076.92"
ID13566,26-Jan-2026,Direct Deposit,"4,240.96",0.00,"63,099.00"
ID13566,22-Jan-2026,Reversal,0.00,"1,364.98","58,287.20"
ID13566,21-Jan-2026,ATM Withdrawal,0.00,555.40,"62,438.13"
ID13566,12-Jan-2026,Charge,0.00,688.60,"45,463.04"
ID13566,23-Mar-2026,Charge,0.00,137.28,"43,858.26"
ID13566,19-Mar-2026,ATM Withdrawal,0.00,846.43,"18,932.91"
ID13566,30-Mar-2026,Reversal,"1,285.43",0.00,"52,011.60"
ID13566,21-Feb-2026,Reversal,0.00,162.02,"39,713.65"
ID13566,26-Feb-2026,Charge,0.00,994.41,"90,861.72"
ID13566,05-Jan-2026,Reversal,0.00,948.58,"1,630.36"
ID13566,16-Mar-2026,Charge,0.00,936.03,"95,288.81"
ID13567,03-Feb-2026,Reversal,"1,197.87",0.00,"97,680.62"
ID13567,30-Jan-2026,Debit Card,0.00,453.95,"41,357.10"
ID13567,08-Jan-2026,ATM Withdrawal,0.00,616.68,"87,559.32"
ID13567,27-Jan-2026,Interest,389.96,0.00,"54,661.36"
ID13567,25-Mar-2026,ATM Withdrawal,0.00,37.13,"99,342.77"
ID13567,07-Jan-2026,Reversal,"1,531.09",0.00,"14,171.55"
ID13567,22-Jan-2026,Interest,484.99,0.00,"20,604.60"
ID13567,11-Mar-2026,Transfer,0.00,"1,315.96","12,869.70"
ID13567,03-Mar-2026,Debit Card,0.00,852.11,"38,452.52"
ID13567,27-Mar-2026,Debit Card,0.00,649.97,"20,758.23"
ID13567,31-Jan-2026,Reversal,0.00,783.21,"51,650.11"
ID13567,02-Feb-2026,ATM Withdrawal,0.00,514.45,"49,533.96"
ID13567,09-Feb-2026,Charge,0.00,122.38,"18,946.59"
ID13567,10-Feb-2026,Interest,419.13,0.00,"37,580.92"
ID13567,21-Feb-2026,Payment,337.29,0.00,"96,766.41"
ID13567,19-Jan-2026,Reversal,0.00,679.20,"82,505.43"
ID13567,16-Feb-2026,Charge,0.00,494.75,"47,590.43"
ID13567,28-Mar-2026,Reversal,"1,626.21",0.00,"99,540.54"
ID13567,14-Mar-2026,Reversal,711.44,0.00,"11,499.14"
ID13567,09-Feb-2026,Transfer,0.00,523.35,"41,345.83"
ID13568,11-Feb-2026,Direct Deposit,"2,433.35",0.00,"17,853.47"
ID13568,20-Mar-2026,Reversal,"1,416.46",0.00,"90,497.62"
ID13568,08-Mar-2026,Charge,0.00,315.47,"3,353.26"
ID13568,17-Jan-2026,Debit Card,0.00,162.73,"60,742.27"
ID13568,09-Feb-2026,Charge,0.00,530.97,"16,517.79"
ID13568,06-Feb-2026,Charge,0.00,598.18,"93,721.65"
ID13568,07-Mar-2026,Reversal,0.00,"1,388.55","12,999.81"
ID13568,09-Jan-2026,Debit Card,0.00,237.82,"78,727.07"
ID13568,15-Mar-2026,ATM Withdrawal,0.00,888.35,"54,211.39"
ID13568,10-Jan-2026,Interest,119.44,0.00,"42,157.12"
ID13568,20-Mar-2026,ATM Withdrawal,0.00,153.44,"54,342.54"
ID13568,16-Jan-2026,Direct Deposit,"1,242.66",0.00,"88,232.69"
ID13568,22-Feb-2026,Debit Card,0.00,339.00,"63,315.07"
ID13568,14-Jan-2026,Reversal,0.00,544.65,"3,140.44"
ID13568,04-Jan-2026,Debit Card,0.00,411.93,"7,668.17"
ID13568,17-Jan-2026,Charge,0.00,631.90,"15,694.75"
ID13568,23-Mar-2026,Debit Card,0.00,227.48,"68,580.67"
ID13568,03-Apr-2026,ATM Withdrawal,0.00,54.98,"58,644.78"
ID13568,10-Jan-2026,Payment,0.00,"1,305.46","31,392.52"
ID13568,08-Jan-2026,Reversal,"1,548.42",0.00,"48,200.82"
ID13569,11-Jan-2026,Charge,0.00,66.69,"39,874.27"
ID13569,01-Apr-2026,Reversal,982.28,0.00,"22,322.93"
ID13569,05-Feb-2026,Direct Deposit,"3,266.14",0.00,"17,627.68"
ID13569,14-Mar-2026,Reversal,"1,844.09",0.00,"34,666.08"
ID13569,25-Mar-2026,Charge,0.00,177.43,"48,766.86"
ID13569,24-Jan-2026,Transfer,0.00,369.17,"28,853.25"
ID13569,12-Mar-2026,Payment,0.00,338.05,"67,640.30"
ID13569,06-Jan-2026,Interest,349.30,0.00,"24,858.10"
ID13569,26-Mar-2026,Direct Deposit,"4,396.75",0.00,"57,335.00"
ID13569,12-Jan-2026,ATM Withdrawal,0.00,621.04,"2,557.22"
ID13569,16-Feb-2026,Direct Deposit,"4,462.24",0.00,"16,943.78"
ID13569,28-Feb-2026,Debit Card,0.00,238.07,"48,516.23"
ID13569,03-Apr-2026,Direct Deposit,"4,503.34",0.00,"14,073.56"
ID13569,07-Jan-2026,Debit Card,0.00,543.81,"44,590.74"
ID13569,21-Jan-2026,ATM Withdrawal,0.00,489.35,"77,560.24"
ID13569,26-Feb-2026,ATM Withdrawal,0.00,98.99,"91,530.52"
ID13569,20-Jan-2026,Direct Deposit,"3,122.51",0.00,"68,785.31"
ID13569,15-Mar-2026,Interest,251.55,0.00,"64,032.37"
ID13569,03-Apr-2026,Reversal,0.00,96.05,"70,383.60"
ID13569,24-Mar-2026,Payment,0.00,427.84,"30,769.83"
ID13570,30-Jan-2026,Reversal,431.19,0.00,"72,133.15"
ID13570,21-Mar-2026,Charge,0.00,768.23,"45,617.34"
ID13570,27-Mar-2026,Interest,92.36,0.00,"35,335.20"
ID13570,04-Mar-2026,Direct Deposit,"4,058.46",0.00,"85,997.72"
ID13570,03-Apr-2026,Charge,0.00,951.40,"32,925.60"
ID13570,15-Jan-2026,Transfer,0.00,844.61,"68,328.56"
ID13570,16-Mar-2026,Payment,0.00,"1,476.68","5,750.77"
ID13570,19-Mar-2026,ATM Withdrawal,0.00,183.94,"64,765.17"
ID13570,31-Mar-2026,ATM Withdrawal,0.00,416.56,"77,120.72"
ID13570,03-Feb-2026,Charge,0.00,684.08,"49,136.73"
ID13570,13-Jan-2026,Transfer,0.00,"1,234.04","70,963.98"
ID13570,16-Feb-2026,Reversal,"1,240.79",0.00,"79,280.30"
ID13570,03-Mar-2026,Interest,45.27,0.00,"54,663.56"
ID13570,29-Mar-2026,Interest,29.30,0.00,"60,898.05"
ID13570,18-Feb-2026,Direct Deposit,"3,755.27",0.00,"94,475.52"
ID13570,30-Jan-2026,Reversal,0.00,435.66,"16,692.91"
ID13570,13-Jan-2026,Debit Card,0.00,781.49,"37,164.19"
ID13570,25-Mar-2026,Transfer,0.00,"1,069.14","93,378.03"
ID13570,14-Feb-2026,Interest,109.66,0.00,"45,728.61"
ID13570,15-Feb-2026,Interest,204.34,0.00,"35,883.91"
ID13571,10-Feb-2026,Direct Deposit,"4,134.66",0.00,"78,341.29"
ID13571,04-Jan-2026,Charge,0.00,475.13,"42,390.31"
ID13571,17-Jan-2026,Reversal,0.00,856.74,"71,015.05"
ID13571,03-Mar-2026,Direct Deposit,"3,897.08",0.00,"76,452.08"
ID13571,11-Jan-2026,Transfer,0.00,760.88,"15,639.53"
ID13571,16-Jan-2026,Interest,450.32,0.00,"20,435.32"
ID13571,25-Mar-2026,Interest,180.68,0.00,"4,609.88"
ID13571,24-Feb-2026,Interest,238.36,0.00,"84,143.33"
ID13571,27-Jan-2026,Debit Card,0.00,866.37,"33,352.42"
ID13571,22-Jan-2026,Transfer,"1,015.92",0.00,"83,680.20"
ID13571,02-Apr-2026,Debit Card,0.00,582.15,"22,977.88"
ID13571,27-Jan-2026,Transfer,492.44,0.00,"62,070.83"
ID13571,04-Feb-2026,Reversal,"1,711.69",0.00,"73,770.46"
ID13571,27-Mar-2026,Debit Card,0.00,268.99,"99,960.63"
ID13571,03-Feb-2026,Payment,547.21,0.00,"96,924.95"
ID13571,28-Feb-2026,Debit Card,0.00,910.15,"45,298.75"
ID13571,27-Mar-2026,Transfer,576.07,0.00,"76,723.31"
ID13571,11-Mar-2026,Interest,17.35,0.00,"87,540.99"
ID13571,09-Feb-2026,Interest,257.73,0.00,"56,106.82"
ID13571,02-Mar-2026,Payment,0.00,632.40,"7,835.94"
ID13572,01-Mar-2026,Direct Deposit,"4,235.93",0.00,"72,784.63"
ID13572,11-Jan-2026,Transfer,0.00,700.39,"21,301.98"
ID13572,16-Jan-2026,Reversal,0.00,"1,219.08","14,123.34"
ID13572,15-Feb-2026,Reversal,638.43,0.00,"19,341.50"
ID13572,05-Feb-2026,ATM Withdrawal,0.00,137.42,"22,122.03"
ID13572,09-Feb-2026,Direct Deposit,"3,994.69",0.00,"96,787.22"
ID13572,22-Feb-2026,Interest,108.24,0.00,"53,933.52"
ID13572,28-Jan-2026,Debit Card,0.00,915.53,"97,877.99"
ID13572,26-Jan-2026,Direct Deposit,768.36,0.00,"36,316.18"
ID13572,17-Jan-2026,Direct Deposit,"4,092.40",0.00,"82,967.04"
ID13572,28-Jan-2026,Direct Deposit,"4,206.00",0.00,"2,995.34"
ID13572,01-Mar-2026,Transfer,0.00,767.28,"95,666.71"
ID13572,13-Jan-2026,Charge,0.00,108.18,"18,992.65"
ID13572,12-Jan-2026,Payment,0.00,"1,055.39","84,866.85"
ID13572,14-Mar-2026,Interest,253.58,0.00,"78,872.76"
ID13572,05-Jan-2026,Debit Card,0.00,343.89,"17,664.77"
ID13572,18-Mar-2026,Interest,499.11,0.00,"22,395.86"
ID13572,05-Mar-2026,ATM Withdrawal,0.00,196.90,"13,011.18"
ID13572,19-Feb-2026,ATM Withdrawal,0.00,985.73,"8,992.46"
ID13572,08-Feb-2026,Direct Deposit,"2,810.52",0.00,"42,923.86"
ID13573,09-Feb-2026,ATM Withdrawal,0.00,357.83,"33,541.74"
ID13573,13-Feb-2026,ATM Withdrawal,0.00,669.58,"51,301.71"
ID13573,06-Mar-2026,Reversal,958.76,0.00,"55,331.76"
ID13573,13-Mar-2026,Direct Deposit,771.71,0.00,"56,810.42"
ID13573,31-Mar-2026,Transfer,0.00,274.47,"35,388.63"
ID13573,16-Jan-2026,Debit Card,0.00,752.27,"26,892.22"
ID13573,06-Jan-2026,Charge,0.00,194.04,"52,665.48"
ID13573,29-Jan-2026,Transfer,0.00,"1,227.93","71,789.43"
ID13573,07-Jan-2026,Transfer,0.00,"1,197.94","61,462.63"
ID13573,05-Jan-2026,Charge,0.00,244.95,"3,398.61"
ID13573,12-Feb-2026,Payment,0.00,402.50,"74,362.31"
ID13573,27-Feb-2026,Reversal,0.00,"1,036.11","69,506.01"
ID13573,03-Feb-2026,Charge,0.00,921.62,"17,495.44"
ID13573,25-Feb-2026,Interest,465.53,0.00,"61,646.80"
ID13573,24-Jan-2026,Payment,0.00,902.71,"77,206.62"
ID13573,23-Jan-2026,Charge,0.00,615.04,"43,775.67"
ID13573,15-Jan-2026,Transfer,0.00,707.03,"12,726.36"
ID13573,27-Jan-2026,Charge,0.00,18.59,"39,721.13"
ID13573,18-Jan-2026,Direct Deposit,"2,548.14",0.00,"46,899.94"
ID13573,11-Jan-2026,Direct Deposit,"3,518.25",0.00,"27,414.70"
ID13574,03-Mar-2026,Charge,0.00,940.10,"44,453.62"
ID13574,16-Mar-2026,Payment,0.00,301.10,"32,584.34"
ID13574,27-Jan-2026,Transfer,0.00,"1,160.02","36,520.72"
ID13574,07-Feb-2026,ATM Withdrawal,0.00,342.78,"60,774.77"
ID13574,15-Mar-2026,ATM Withdrawal,0.00,638.80,"54,661.61"
ID13574,24-Jan-2026,Interest,231.88,0.00,"58,546.57"
ID13574,20-Jan-2026,Charge,0.00,105.18,"8,008.80"
ID13574,03-Jan-2026,ATM Withdrawal,0.00,629.65,"56,704.91"
ID13574,13-Mar-2026,Payment,"1,849.97",0.00,"27,594.00"
ID13574,19-Feb-2026,Reversal,436.24,0.00,"40,040.42"
ID13574,09-Feb-2026,ATM Withdrawal,0.00,299.87,"32,856.48"
ID13574,21-Feb-2026,Payment,0.00,937.72,"7,942.64"
ID13574,18-Jan-2026,Direct Deposit,"2,463.36",0.00,"45,557.75"
ID13574,02-Apr-2026,Payment,0.00,796.26,"41,768.24"
ID13574,23-Jan-2026,Debit Card,0.00,639.85,"31,505.89"
ID13574,05-Feb-2026,Reversal,"1,160.10",0.00,"24,622.13"
ID13574,08-Feb-2026,Debit Card,0.00,559.69,"58,782.79"
ID13574,09-Mar-2026,Debit Card,0.00,832.77,"37,938.35"
ID13574,05-Mar-2026,Direct Deposit,871.04,0.00,"22,653.27"
ID13574,08-Mar-2026,Debit Card,0.00,863.32,"52,760.90"
ID13575,31-Jan-2026,Interest,447.38,0.00,"5,319.93"
ID13575,29-Jan-2026,Interest,388.16,0.00,"28,131.08"
ID13575,12-Mar-2026,Payment,0.00,"1,156.47","64,822.58"
ID13575,26-Mar-2026,Payment,988.72,0.00,"70,065.59"
ID13575,28-Mar-2026,Interest,363.58,0.00,"81,137.76"
ID13575,06-Jan-2026,Reversal,0.00,"1,442.70","32,089.00"
ID13575,01-Mar-2026,Charge,0.00,598.93,"58,054.11"
ID13575,01-Apr-2026,Payment,0.00,671.88,"91,473.12"
ID13575,08-Mar-2026,Interest,32.23,0.00,"7,784.09"
ID13575,04-Mar-2026,ATM Withdrawal,0.00,97.45,"71,216.55"
ID13575,30-Jan-2026,Payment,0.00,"1,185.94","76,309.90"
ID13575,29-Jan-2026,Reversal,100.22,0.00,"15,109.95"
ID13575,06-Feb-2026,Debit Card,0.00,639.82,"44,950.81"
ID13575,22-Jan-2026,Reversal,463.31,0.00,"58,267.15"
ID13575,15-Feb-2026,Transfer,"1,088.69",0.00,"5,108.08"
ID13575,07-Mar-2026,Debit Card,0.00,688.40,"89,365.54"
ID13575,25-Mar-2026,Interest,12.23,0.00,"68,777.41"
ID13575,26-Jan-2026,Debit Card,0.00,441.40,"25,447.95"
ID13575,09-Feb-2026,Interest,47.23,0.00,"63,070.22"
ID13575,08-Feb-2026,Reversal,"1,991.70",0.00,"91,079.22"
ID13576,21-Jan-2026,ATM Withdrawal,0.00,556.42,"8,824.99"
ID13576,18-Jan-2026,Charge,0.00,645.56,"95,668.29"
ID13576,18-Mar-2026,Direct Deposit,"3,340.52",0.00,"75,494.72"
ID13576,02-Mar-2026,Debit Card,0.00,636.03,"10,408.64"
ID13576,14-Feb-2026,Charge,0.00,921.01,"15,815.25"
ID13576,17-Feb-2026,Charge,0.00,624.22,"64,479.11"
ID13576,18-Feb-2026,Reversal,414.60,0.00,"37,576.10"
ID13576,16-Feb-2026,Charge,0.00,954.22,"14,916.63"
ID13576,04-Jan-2026,Debit Card,0.00,72.51,"9,143.72"
ID13576,23-Mar-2026,Transfer,520.30,0.00,"41,750.10"
ID13576,02-Mar-2026,Payment,0.00,288.77,"64,450.90"
ID13576,06-Feb-2026,Reversal,0.00,574.32,"36,058.58"
ID13576,12-Mar-2026,Direct Deposit,"1,436.42",0.00,"35,737.47"
ID13576,02-Feb-2026,Payment,0.00,742.99,"21,535.86"
ID13576,03-Feb-2026,Charge,0.00,650.39,"4,026.23"
ID13576,06-Mar-2026,Payment,0.00,"1,157.33","47,687.00"
ID13576,02-Mar-2026,Transfer,0.00,75.33,"38,214.30"
ID13576,12-Feb-2026,Payment,393.99,0.00,"97,875.66"
ID13576,23-Mar-2026,Interest,315.82,0.00,"55,205.84"
ID13576,08-Feb-2026,Interest,244.06,0.00,"81,279.80"
ID13577,26-Mar-2026,Reversal,0.00,666.13,"72,980.72"
ID13577,20-Feb-2026,Charge,0.00,121.82,"22,619.81"
ID13577,09-Jan-2026,Reversal,"1,773.62",0.00,"98,285.35"
ID13577,10-Feb-2026,Reversal,"1,194.39",0.00,"76,527.51"
ID13577,18-Jan-2026,Charge,0.00,430.08,"24,515.33"
ID13577,04-Feb-2026,Debit Card,0.00,463.74,"42,870.55"
ID13577,11-Mar-2026,ATM Withdrawal,0.00,866.87,"27,360.44"
ID13577,09-Feb-2026,Interest,380.00,0.00,"78,080.19"
ID13577,05-Jan-2026,Payment,0.00,272.17,"89,242.73"
ID13577,23-Mar-2026,Charge,0.00,947.83,"15,448.03"
ID13577,01-Apr-2026,Transfer,877.81,0.00,"58,671.40"
ID13577,27-Mar-2026,Transfer,791.34,0.00,"92,078.43"
ID13577,22-Jan-2026,Reversal,0.00,"1,421.65","36,656.95"
ID13577,02-Mar-2026,Payment,0.00,79.63,"38,226.80"
ID13577,11-Jan-2026,ATM Withdrawal,0.00,125.01,"72,190.66"
ID13577,17-Mar-2026,Debit Card,0.00,506.97,"98,510.47"
ID13577,12-Mar-2026,Payment,0.00,174.87,"29,919.62"
ID13577,09-Feb-2026,Direct Deposit,"2,966.57",0.00,"70,595.37"
ID13577,28-Feb-2026,Transfer,153.88,0.00,"35,151.74"
ID13577,11-Feb-2026,ATM Withdrawal,0.00,129.72,"10,111.81"
ID13578,28-Feb-2026,ATM Withdrawal,0.00,420.13,"6,060.82"
ID13578,05-Feb-2026,Direct Deposit,"1,735.77",0.00,"51,069.66"
ID13578,19-Feb-2026,Transfer,"1,727.83",0.00,"60,143.57"
ID13578,28-Mar-2026,Payment,0.00,937.60,"64,919.26"
ID13578,06-Feb-2026,Charge,0.00,814.50,"24,032.38"
ID13578,08-Mar-2026,Payment,0.00,487.81,"51,622.93"
ID13578,22-Feb-2026,ATM Withdrawal,0.00,238.66,"46,792.21"
ID13578,16-Mar-2026,Payment,"1,458.39",0.00,"84,555.68"
ID13578,05-Mar-2026,ATM Withdrawal,0.00,365.29,"72,508.18"
ID13578,03-Feb-2026,Direct Deposit,"4,136.49",0.00,"96,805.82"
ID13578,16-Jan-2026,ATM Withdrawal,0.00,199.22,"77,939.86"
ID13578,16-Mar-2026,Charge,0.00,506.73,"1,391.59"
ID13578,03-Jan-2026,ATM Withdrawal,0.00,82.30,"50,825.59"
ID13578,28-Mar-2026,Payment,"1,502.92",0.00,"6,538.70"
ID13578,13-Mar-2026,Direct Deposit,"1,615.10",0.00,"8,847.72"
ID13578,05-Feb-2026,ATM Withdrawal,0.00,444.02,"90,774.04"
ID13578,26-Mar-2026,Payment,0.00,487.78,"68,948.56"
ID13578,14-Mar-2026,Payment,"1,168.28",0.00,"79,490.92"
ID13578,27-Feb-2026,Transfer,0.00,"1,116.29","80,501.35"
ID13578,31-Mar-2026,Debit Card,0.00,511.44,"33,628.40"
ID13579,08-Mar-2026,Reversal,"1,774.59",0.00,"95,405.94"
ID13579,31-Jan-2026,Interest,191.29,0.00,"51,210.94"
ID13579,28-Mar-2026,Direct Deposit,"4,897.17",0.00,"50,378.30"
ID13579,03-Apr-2026,Charge,0.00,726.89,"21,403.29"
ID13579,01-Feb-2026,Interest,471.12,0.00,"89,264.52"
ID13579,23-Feb-2026,Reversal,713.00,0.00,"29,273.36"
ID13579,09-Feb-2026,Reversal,0.00,"1,415.99","62,655.58"
ID13579,12-Feb-2026,Direct Deposit,"3,402.83",0.00,"19,275.26"
ID13579,17-Mar-2026,Charge,0.00,246.69,"2,063.75"
ID13579,13-Mar-2026,Interest,208.55,0.00,"78,969.50"
ID13579,12-Jan-2026,Payment,389.38,0.00,"90,597.59"
ID13579,12-Jan-2026,Transfer,0.00,412.91,"21,648.41"
ID13579,28-Mar-2026,Payment,0.00,882.44,"80,953.18"
ID13579,10-Feb-2026,Interest,199.75,0.00,"55,370.82"
ID13579,26-Jan-2026,Debit Card,0.00,974.50,"26,234.68"
ID13579,26-Feb-2026,ATM Withdrawal,0.00,701.66,"10,681.02"
ID13579,25-Feb-2026,Direct Deposit,"2,532.87",0.00,"51,722.49"
ID13579,22-Mar-2026,Interest,250.03,0.00,"73,611.00"
ID13579,22-Mar-2026,Payment,0.00,550.60,"55,214.20"
ID13579,20-Feb-2026,Reversal,0.00,559.37,"79,394.88"
ID13580,17-Feb-2026,Reversal,737.23,0.00,"97,324.92"
ID13580,25-Jan-2026,Payment,"1,226.93",0.00,"17,497.74"
ID13580,09-Feb-2026,Payment,"1,099.17",0.00,"10,454.62"
ID13580,02-Mar-2026,Reversal,"1,345.98",0.00,"4,301.27"
ID13580,24-Jan-2026,Debit Card,0.00,748.83,"39,101.13"
ID13580,03-Jan-2026,Charge,0.00,270.56,"26,679.60"
ID13580,20-Feb-2026,Debit Card,0.00,364.21,"45,149.57"
ID13580,14-Feb-2026,Transfer,105.42,0.00,"11,893.97"
ID13580,04-Mar-2026,Debit Card,0.00,551.56,"12,570.09"
ID13580,13-Jan-2026,Transfer,0.00,"1,399.78","23,949.40"
ID13580,11-Feb-2026,Charge,0.00,188.41,"64,452.96"
ID13580,09-Jan-2026,Interest,40.35,0.00,"60,978.32"
ID13580,21-Jan-2026,Debit Card,0.00,592.68,"26,903.22"
ID13580,21-Jan-2026,Transfer,163.39,0.00,"46,184.91"
ID13580,15-Jan-2026,ATM Withdrawal,0.00,659.32,"73,321.14"
ID13580,24-Feb-2026,Debit Card,0.00,550.94,"84,684.13"
ID13580,03-Apr-2026,Charge,0.00,52.95,"50,315.24"
ID13580,03-Feb-2026,Reversal,0.00,"1,135.52","27,570.05"
ID13580,05-Mar-2026,Transfer,0.00,697.73,"10,873.22"
ID13580,15-Feb-2026,Charge,0.00,223.57,"36,791.48"
ID13581,31-Mar-2026,Debit Card,0.00,485.60,"32,491.17"
ID13581,31-Mar-2026,Debit Card,0.00,295.34,"67,245.85"
ID13581,30-Mar-2026,Payment,145.89,0.00,"20,853.04"
ID13581,19-Jan-2026,Payment,386.47,0.00,"7,060.04"
ID13581,24-Mar-2026,Direct Deposit,"3,056.15",0.00,"28,572.63"
ID13581,06-Mar-2026,Transfer,0.00,100.06,"67,216.06"
ID13581,21-Jan-2026,Debit Card,0.00,282.13,"21,647.67"
ID13581,04-Feb-2026,Direct Deposit,"2,689.04",0.00,"92,539.67"
ID13581,16-Feb-2026,Reversal,0.00,632.35,"38,958.32"
ID13581,10-Feb-2026,Direct Deposit,"1,860.32",0.00,"86,944.73"
ID13581,14-Mar-2026,Interest,194.78,0.00,"78,722.76"
ID13581,08-Feb-2026,Debit Card,0.00,313.11,"74,248.18"
ID13581,13-Jan-2026,Debit Card,0.00,375.44,"82,121.49"
ID13581,31-Mar-2026,ATM Withdrawal,0.00,375.76,"4,307.11"
ID13581,20-Mar-2026,Reversal,0.00,"1,425.51","26,533.51"
ID13581,18-Mar-2026,Payment,0.00,540.75,"7,514.46"
ID13581,09-Mar-2026,Debit Card,0.00,158.57,"29,400.60"
ID13581,24-Feb-2026,Reversal,0.00,147.94,"99,053.98"
ID13581,02-Mar-2026,Interest,470.83,0.00,"15,867.92"
ID13581,15-Mar-2026,Reversal,654.38,0.00,"33,636.84"
ID13582,25-Feb-2026,Debit Card,0.00,747.90,"79,152.52"
ID13582,25-Feb-2026,Debit Card,0.00,340.08,"66,186.81"
ID13582,20-Jan-2026,Interest,68.26,0.00,"82,950.81"
ID13582,12-Jan-2026,Direct Deposit,"1,288.04",0.00,"25,596.86"
ID13582,01-Feb-2026,Reversal,0.00,"1,391.80","68,058.78"
ID13582,16-Jan-2026,Debit Card,0.00,791.18,"74,307.06"
ID13582,10-Mar-2026,Interest,98.77,0.00,"73,523.31"
ID13582,19-Mar-2026,Direct Deposit,"2,879.74",0.00,"53,993.88"
ID13582,01-Mar-2026,Transfer,0.00,"1,421.46","1,875.82"
ID13582,30-Mar-2026,Direct Deposit,"4,077.02",0.00,"36,367.83"
ID13582,19-Feb-2026,Reversal,157.00,0.00,"68,085.32"
ID13582,03-Apr-2026,Interest,469.12,0.00,"36,356.04"
ID13582,24-Jan-2026,Charge,0.00,821.25,"82,024.94"
ID13582,30-Jan-2026,Payment,0.00,"1,189.59","32,948.37"
ID13582,23-Jan-2026,Transfer,"1,216.54",0.00,"46,600.86"
ID13582,03-Jan-2026,Reversal,0.00,559.08,"6,471.10"
ID13582,01-Feb-2026,Direct Deposit,"4,812.90",0.00,"26,975.79"
ID13582,15-Jan-2026,Payment,260.79,0.00,"42,337.93"
ID13582,19-Mar-2026,Payment,430.41,0.00,"1,717.99"
ID13582,20-Feb-2026,Direct Deposit,"4,086.27",0.00,"31,675.73"
ID13583,17-Feb-2026,ATM Withdrawal,0.00,284.03,"78,431.14"
ID13583,31-Mar-2026,Charge,0.00,134.24,"58,025.71"
ID13583,07-Jan-2026,Payment,"1,035.08",0.00,"55,417.14"
ID13583,14-Mar-2026,ATM Withdrawal,0.00,923.80,"43,959.73"
ID13583,02-Feb-2026,ATM Withdrawal,0.00,866.54,"16,440.40"
ID13583,01-Mar-2026,Charge,0.00,132.18,"42,446.40"
ID13583,13-Mar-2026,ATM Withdrawal,0.00,373.76,"63,236.94"
ID13583,11-Jan-2026,Reversal,0.00,377.14,"84,284.66"
ID13583,03-Mar-2026,Interest,254.82,0.00,"99,985.20"
ID13583,03-Apr-2026,Reversal,0.00,"1,116.88","34,669.42"
ID13583,03-Mar-2026,Direct Deposit,"4,852.53",0.00,"35,062.57"
ID13583,02-Feb-2026,Debit Card,0.00,389.81,"16,227.87"
ID13583,24-Jan-2026,Charge,0.00,876.59,"78,320.01"
ID13583,03-Jan-2026,Reversal,546.18,0.00,"7,383.12"
ID13583,07-Feb-2026,Interest,80.00,0.00,"67,992.27"
ID13583,11-Mar-2026,Debit Card,0.00,572.87,"28,514.46"
ID13583,15-Jan-2026,Interest,76.78,0.00,"12,066.92"
ID13583,05-Feb-2026,Payment,0.00,687.58,"53,970.80"
ID13583,02-Apr-2026,Direct Deposit,"2,220.86",0.00,"62,005.82"
ID13583,24-Feb-2026,Charge,0.00,812.62,"79,870.58"
ID13584,10-Mar-2026,ATM Withdrawal,0.00,295.31,"53,943.03"
ID13584,19-Mar-2026,Interest,328.80,0.00,"40,347.71"
ID13584,25-Feb-2026,Payment,865.95,0.00,"93,286.30"
ID13584,02-Feb-2026,Direct Deposit,"3,052.96",0.00,"29,261.35"
ID13584,10-Mar-2026,Interest,389.00,0.00,"31,117.57"
ID13584,07-Mar-2026,Interest,23.98,0.00,"13,818.43"
ID13584,09-Jan-2026,Debit Card,0.00,907.76,"12,613.41"
ID13584,02-Feb-2026,ATM Withdrawal,0.00,210.24,"77,829.29"
ID13584,17-Mar-2026,Payment,0.00,"1,298.49","19,370.60"
ID13584,07-Feb-2026,Transfer,0.00,404.35,"36,434.84"
ID13584,06-Jan-2026,ATM Withdrawal,0.00,668.38,"46,354.29"
ID13584,12-Mar-2026,Transfer,"1,450.55",0.00,"63,489.94"
ID13584,09-Feb-2026,Charge,0.00,943.35,"77,336.38"
ID13584,27-Feb-2026,Payment,0.00,917.11,"44,968.30"
ID13584,01-Feb-2026,Interest,118.17,0.00,"23,975.84"
ID13584,13-Mar-2026,Charge,0.00,940.28,"46,205.66"
ID13584,12-Feb-2026,ATM Withdrawal,0.00,151.55,"23,562.99"
ID13584,28-Mar-2026,Debit Card,0.00,613.46,"97,812.72"
ID13584,25-Jan-2026,Reversal,0.00,"1,355.37","73,165.47"
ID13584,12-Feb-2026,Interest,471.27,0.00,"95,991.19"
ID13585,12-Jan-2026,Charge,0.00,459.07,"70,290.59"
ID13585,30-Mar-2026,Transfer,0.00,"1,330.32","89,147.82"
ID13585,25-Mar-2026,ATM Withdrawal,0.00,724.61,"91,100.17"
ID13585,31-Mar-2026,Interest,381.47,0.00,"27,231.11"
ID13585,10-Mar-2026,Charge,0.00,864.05,"39,048.87"
ID13585,10-Mar-2026,ATM Withdrawal,0.00,388.02,"62,246.32"
ID13585,19-Feb-2026,Direct Deposit,"3,251.54",0.00,"8,331.83"
ID13585,08-Jan-2026,Interest,198.55,0.00,"64,477.02"
ID13585,06-Feb-2026,Transfer,"1,329.12",0.00,"86,879.09"
ID13585,07-Mar-2026,Payment,424.28,0.00,"71,096.88"
ID13585,28-Mar-2026,Payment,"1,127.73",0.00,"75,926.09"
ID13585,11-Feb-2026,Payment,0.00,"1,405.37","72,684.25"
ID13585,10-Mar-2026,Reversal,110.17,0.00,"25,028.13"
ID13585,12-Jan-2026,Charge,0.00,958.82,"59,466.71"
ID13585,28-Feb-2026,Charge,0.00,999.76,"76,761.96"
ID13585,30-Mar-2026,Transfer,0.00,799.52,"47,973.05"
ID13585,16-Mar-2026,Charge,0.00,791.10,"79,924.56"
ID13585,24-Mar-2026,Interest,252.40,0.00,"80,520.24"
ID13585,02-Feb-2026,Direct Deposit,"3,046.62",0.00,"82,387.56"
ID13585,16-Mar-2026,ATM Withdrawal,0.00,832.80,"84,693.83"
ID13586,01-Mar-2026,Direct Deposit,"1,959.81",0.00,"53,377.10"
ID13586,13-Jan-2026,Direct Deposit,698.69,0.00,"18,145.20"
ID13586,02-Mar-2026,Debit Card,0.00,312.84,"77,541.69"
ID13586,24-Mar-2026,Reversal,0.00,"1,263.72","22,297.43"
ID13586,30-Mar-2026,Debit Card,0.00,131.50,"8,113.36"
ID13586,28-Mar-2026,Reversal,0.00,712.00,"93,019.97"
ID13586,18-Mar-2026,Debit Card,0.00,134.85,"28,319.58"
ID13586,23-Jan-2026,Reversal,0.00,613.20,"27,070.71"
ID13586,09-Feb-2026,Transfer,0.00,923.99,"39,367.53"
ID13586,06-Jan-2026,Transfer,0.00,"1,263.95","86,748.17"
ID13586,27-Mar-2026,Interest,318.61,0.00,"28,970.02"
ID13586,25-Feb-2026,Debit Card,0.00,508.07,"51,643.32"
ID13586,19-Jan-2026,Payment,0.00,"1,084.50","41,834.49"
ID13586,08-Mar-2026,Debit Card,0.00,478.88,"41,965.33"
ID13586,09-Feb-2026,Interest,50.81,0.00,"20,167.44"
ID13586,11-Feb-2026,Reversal,110.98,0.00,"92,611.22"
ID13586,24-Jan-2026,Charge,0.00,111.89,"99,004.27"
ID13586,22-Feb-2026,Debit Card,0.00,63.73,"26,214.69"
ID13586,19-Jan-2026,Reversal,"1,824.20",0.00,"42,055.34"
ID13586,04-Feb-2026,Payment,0.00,299.85,"3,193.79"
ID13587,18-Jan-2026,Interest,244.13,0.00,"79,579.98"
ID13587,13-Feb-2026,ATM Withdrawal,0.00,681.63,"96,194.04"
ID13587,03-Apr-2026,Charge,0.00,787.37,"84,423.39"
ID13587,03-Jan-2026,ATM Withdrawal,0.00,614.89,"11,696.30"
ID13587,22-Feb-2026,Debit Card,0.00,428.72,"5,624.57"
ID13587,23-Mar-2026,Transfer,730.37,0.00,"98,419.58"
ID13587,02-Mar-2026,ATM Withdrawal,0.00,714.17,"96,190.20"
ID13587,23-Mar-2026,Direct Deposit,"1,682.70",0.00,"41,968.15"
ID13587,07-Jan-2026,Charge,0.00,599.88,"75,423.38"
ID13587,04-Mar-2026,Payment,106.37,0.00,"81,972.96"
ID13587,11-Feb-2026,Payment,"1,236.33",0.00,"9,409.69"
ID13587,02-Apr-2026,Payment,"1,796.68",0.00,"1,236.09"
ID13587,09-Jan-2026,Reversal,"1,502.18",0.00,"87,414.44"
ID13587,24-Feb-2026,Payment,268.55,0.00,"46,493.94"
ID13587,03-Feb-2026,Interest,113.38,0.00,"96,976.39"
ID13587,17-Feb-2026,ATM Withdrawal,0.00,655.13,"74,056.30"
ID13587,26-Mar-2026,Reversal,0.00,"1,188.29","60,039.71"
ID13587,02-Apr-2026,Reversal,0.00,270.55,"3,747.92"
ID13587,21-Jan-2026,Charge,0.00,200.82,"22,826.06"
ID13587,12-Jan-2026,Charge,0.00,883.64,"24,465.43"
ID13588,04-Feb-2026,Interest,23.81,0.00,"54,989.60"
ID13588,22-Feb-2026,Charge,0.00,875.14,"12,667.25"
ID13588,13-Feb-2026,Reversal,0.00,"1,146.06","35,545.20"
ID13588,20-Feb-2026,ATM Withdrawal,0.00,76.55,"49,038.66"
ID13588,21-Mar-2026,Debit Card,0.00,308.91,"43,011.56"
ID13588,08-Mar-2026,Reversal,"1,451.35",0.00,"12,857.30"
ID13588,11-Jan-2026,Debit Card,0.00,991.05,"86,160.20"
ID13588,24-Jan-2026,Reversal,"1,745.50",0.00,"39,499.04"
ID13588,27-Mar-2026,Charge,0.00,463.96,"46,643.06"
ID13588,09-Mar-2026,Transfer,"1,184.47",0.00,"89,916.65"
ID13588,10-Jan-2026,Payment,0.00,"1,293.81","84,492.09"
ID13588,19-Mar-2026,Debit Card,0.00,142.72,"71,123.27"
ID13588,05-Mar-2026,Interest,332.58,0.00,"16,824.71"
ID13588,16-Mar-2026,Interest,265.73,0.00,"70,073.27"
ID13588,01-Apr-2026,Reversal,0.00,376.58,"95,678.20"
ID13588,26-Mar-2026,Charge,0.00,413.58,"96,730.50"
ID13588,20-Jan-2026,Direct Deposit,"1,902.19",0.00,"1,634.08"
ID13588,29-Jan-2026,Transfer,0.00,"1,336.89","29,028.88"
ID13588,10-Mar-2026,Payment,0.00,178.24,"51,661.66"
ID13588,13-Jan-2026,Charge,0.00,113.57,"72,360.43"
ID13589,23-Mar-2026,Charge,0.00,962.74,"1,510.72"
ID13589,30-Mar-2026,Reversal,0.00,397.19,"73,020.92"
ID13589,03-Feb-2026,Debit Card,0.00,582.70,"64,397.93"
ID13589,18-Jan-2026,ATM Withdrawal,0.00,618.53,"98,511.53"
ID13589,20-Jan-2026,Charge,0.00,703.60,"84,346.07"
ID13589,23-Jan-2026,Direct Deposit,856.05,0.00,"37,078.65"
ID13589,15-Mar-2026,Charge,0.00,757.11,"81,358.20"
ID13589,31-Mar-2026,Charge,0.00,468.42,"10,686.62"
ID13589,17-Feb-2026,Interest,358.08,0.00,"10,063.76"
ID13589,19-Feb-2026,Payment,"1,143.16",0.00,"94,765.30"
ID13589,09-Feb-2026,Transfer,"1,107.99",0.00,"28,782.70"
ID13589,20-Mar-2026,Charge,0.00,886.62,"31,165.70"
ID13589,12-Mar-2026,ATM Withdrawal,0.00,656.19,"28,827.74"
ID13589,07-Mar-2026,Reversal,"1,430.17",0.00,"69,957.70"
ID13589,21-Feb-2026,Charge,0.00,72.08,"8,164.66"
ID13589,06-Feb-2026,Transfer,323.13,0.00,"40,414.33"
ID13589,27-Jan-2026,Debit Card,0.00,576.58,"53,356.80"
ID13589,17-Jan-2026,Direct Deposit,953.72,0.00,"65,294.82"
ID13589,18-Mar-2026,Charge,0.00,973.97,"42,447.38"
ID13589,28-Mar-2026,ATM Withdrawal,0.00,768.30,"99,543.05"
ID13590,20-Jan-2026,Charge,0.00,297.32,"43,883.85"
ID13590,28-Jan-2026,Debit Card,0.00,865.97,"46,936.20"
ID13590,04-Mar-2026,ATM Withdrawal,0.00,230.38,"12,022.08"
ID13590,21-Mar-2026,Reversal,0.00,219.02,"18,117.75"
ID13590,18-Jan-2026,ATM Withdrawal,0.00,47.48,"86,357.51"
ID13590,06-Jan-2026,Debit Card,0.00,20.95,"41,438.53"
ID13590,25-Feb-2026,ATM Withdrawal,0.00,252.69,"27,911.61"
ID13590,22-Mar-2026,ATM Withdrawal,0.00,204.89,"34,156.85"
ID13590,17-Feb-2026,Transfer,"1,987.32",0.00,"56,198.25"
ID13590,27-Jan-2026,Reversal,251.08,0.00,"19,534.38"
ID13590,14-Feb-2026,Direct Deposit,"1,339.54",0.00,"72,398.62"
ID13590,07-Mar-2026,Direct Deposit,"3,294.54",0.00,"48,418.49"
ID13590,07-Jan-2026,Charge,0.00,517.10,"7,801.35"
ID13590,20-Mar-2026,Transfer,907.75,0.00,"17,455.52"
ID13590,10-Jan-2026,Transfer,132.35,0.00,"33,815.05"
ID13590,27-Mar-2026,Reversal,"1,661.95",0.00,"67,727.04"
ID13590,31-Jan-2026,Interest,144.23,0.00,"63,037.28"
ID13590,11-Mar-2026,Charge,0.00,980.91,"17,311.86"
ID13590,07-Jan-2026,Direct Deposit,"3,489.17",0.00,"57,456.45"
ID13590,04-Jan-2026,Direct Deposit,"2,415.27",0.00,"2,541.68"
ID13591,20-Feb-2026,Interest,361.87,0.00,"56,797.48"
ID13591,13-Mar-2026,Interest,474.30,0.00,"49,233.40"
ID13591,21-Jan-2026,Direct Deposit,"3,235.19",0.00,"3,579.46"
ID13591,19-Mar-2026,Transfer,0.00,726.48,"14,601.39"
ID13591,15-Jan-2026,Reversal,307.10,0.00,"67,336.05"
ID13591,30-Jan-2026,Interest,46.62,0.00,"28,774.60"
ID13591,03-Apr-2026,Direct Deposit,"1,570.00",0.00,"42,388.57"
ID13591,13-Mar-2026,Transfer,372.68,0.00,"48,618.37"
ID13591,21-Jan-2026,Transfer,"1,496.49",0.00,"77,806.68"
ID13591,19-Feb-2026,Transfer,726.42,0.00,"4,074.88"
ID13591,18-Jan-2026,ATM Withdrawal,0.00,803.35,"57,486.51"
ID13591,20-Mar-2026,Reversal,"1,298.38",0.00,"33,105.40"
ID13591,24-Mar-2026,Debit Card,0.00,263.59,"77,723.62"
ID13591,03-Apr-2026,Direct Deposit,"4,585.92",0.00,"8,390.58"
ID13591,22-Mar-2026,Direct Deposit,"3,705.42",0.00,"3,391.58"
ID13591,13-Jan-2026,Charge,0.00,499.16,"41,201.11"
ID13591,24-Mar-2026,Interest,326.98,0.00,"12,925.40"
ID13591,14-Mar-2026,Transfer,0.00,"1,482.55","14,033.60"
ID13591,10-Jan-2026,Reversal,"1,247.23",0.00,"60,641.38"
ID13591,28-Jan-2026,Charge,0.00,788.78,"61,011.42"
ID13592,23-Jan-2026,Direct Deposit,"2,057.64",0.00,"71,226.20"
ID13592,02-Mar-2026,Transfer,0.00,382.61,"52,279.22"
ID13592,18-Jan-2026,Charge,0.00,238.28,"13,761.87"
ID13592,10-Mar-2026,Charge,0.00,888.52,"55,014.14"
ID13592,26-Feb-2026,Interest,498.00,0.00,"97,967.48"
ID13592,21-Mar-2026,Interest,75.56,0.00,"62,692.37"
ID13592,22-Feb-2026,Payment,"1,765.42",0.00,"2,443.24"
ID13592,17-Feb-2026,Charge,0.00,744.36,"22,275.45"
ID13592,15-Mar-2026,Transfer,0.00,"1,030.35","45,323.16"
ID13592,19-Feb-2026,Transfer,"1,008.70",0.00,"79,156.56"
ID13592,06-Jan-2026,Direct Deposit,"2,488.86",0.00,"38,777.76"
ID13592,04-Jan-2026,Reversal,0.00,"1,078.23","16,109.09"
ID13592,08-Feb-2026,Debit Card,0.00,873.79,"63,942.77"
ID13592,16-Jan-2026,Charge,0.00,664.87,"62,143.18"
ID13592,01-Mar-2026,ATM Withdrawal,0.00,538.71,"75,862.99"
ID13592,04-Jan-2026,Payment,618.47,0.00,"34,398.54"
ID13592,20-Feb-2026,Reversal,0.00,"1,265.87","14,298.48"
ID13592,03-Mar-2026,ATM Withdrawal,0.00,227.38,"38,298.56"
ID13592,21-Feb-2026,Charge,0.00,939.39,"75,347.02"
ID13592,17-Jan-2026,ATM Withdrawal,0.00,185.42,"53,115.40"
ID13593,21-Jan-2026,Debit Card,0.00,93.45,"10,100.15"
ID13593,20-Feb-2026,Payment,758.70,0.00,"31,604.91"
ID13593,10-Mar-2026,Reversal,0.00,734.75,"41,607.98"
ID13593,26-Feb-2026,Charge,0.00,815.14,"99,525.21"
ID13593,03-Feb-2026,Payment,0.00,925.60,"45,666.70"
ID13593,04-Mar-2026,Transfer,782.69,0.00,"72,272.65"
ID13593,09-Feb-2026,Direct Deposit,"2,047.74",0.00,"25,126.15"
ID13593,14-Feb-2026,Payment,0.00,"1,145.66","29,812.43"
ID13593,08-Feb-2026,Transfer,0.00,848.13,"90,854.08"
ID13593,13-Feb-2026,Debit Card,0.00,80.94,"23,967.45"
ID13593,19-Mar-2026,Debit Card,0.00,230.62,"45,023.26"
ID13593,05-Mar-2026,Reversal,0.00,83.14,"5,487.86"
ID13593,03-Feb-2026,Payment,703.62,0.00,"31,454.10"
ID13593,16-Mar-2026,Reversal,"1,532.83",0.00,"51,940.88"
ID13593,15-Mar-2026,Charge,0.00,989.61,"50,252.47"
ID13593,06-Jan-2026,Direct Deposit,"3,127.77",0.00,"28,840.23"
ID13593,10-Jan-2026,Charge,0.00,570.92,"88,561.33"
ID13593,11-Mar-2026,Debit Card,0.00,529.16,"96,373.51"
ID13593,10-Mar-2026,Interest,260.17,0.00,"31,270.91"
ID13593,15-Feb-2026,Reversal,0.00,776.55,"7,593.49"
ID13594,22-Feb-2026,Charge,0.00,760.85,"86,327.80"
ID13594,12-Feb-2026,Interest,192.11,0.00,"38,375.34"
ID13594,23-Jan-2026,Transfer,317.94,0.00,"13,242.45"
ID13594,09-Mar-2026,Charge,0.00,103.72,"32,075.02"
ID13594,06-Mar-2026,Charge,0.00,959.59,"16,001.35"
ID13594,30-Mar-2026,Charge,0.00,42.00,"67,037.75"
ID13594,21-Feb-2026,Direct Deposit,"4,354.72",0.00,"25,984.38"
ID13594,14-Mar-2026,Direct Deposit,821.67,0.00,"66,967.66"
ID13594,20-Feb-2026,Transfer,"1,391.55",0.00,"83,319.13"
ID13594,22-Jan-2026,Charge,0.00,902.58,"68,339.71"
ID13594,16-Mar-2026,ATM Withdrawal,0.00,660.37,"26,317.40"
ID13594,21-Feb-2026,Reversal,"1,369.62",0.00,"40,947.48"
ID13594,13-Jan-2026,Direct Deposit,997.18,0.00,"70,093.68"
ID13594,06-Jan-2026,Transfer,932.26,0.00,"53,449.48"
ID13594,03-Mar-2026,Direct Deposit,"1,362.11",0.00,"85,833.65"
ID13594,22-Feb-2026,Reversal,931.81,0.00,"73,759.43"
ID13594,23-Mar-2026,ATM Withdrawal,0.00,566.04,"66,857.18"
ID13594,11-Jan-2026,Debit Card,0.00,907.71,"55,552.52"
ID13594,09-Mar-2026,Debit Card,0.00,63.42,"45,389.76"
ID13594,22-Mar-2026,Charge,0.00,98.20,"49,223.89"
ID13595,20-Feb-2026,Debit Card,0.00,944.69,"95,909.81"
ID13595,21-Feb-2026,Payment,0.00,"1,275.65","43,830.81"
ID13595,05-Jan-2026,Interest,298.64,0.00,"49,165.92"
ID13595,01-Apr-2026,ATM Withdrawal,0.00,21.51,"80,413.77"
ID13595,09-Mar-2026,Reversal,607.95,0.00,"90,935.51"
ID13595,23-Mar-2026,Payment,"1,417.83",0.00,"25,758.00"
ID13595,22-Jan-2026,Payment,0.00,559.05,"74,827.64"
ID13595,21-Jan-2026,Transfer,0.00,"1,436.95","45,713.60"
ID13595,18-Jan-2026,Payment,780.68,0.00,"14,229.34"
ID13595,04-Feb-2026,Reversal,0.00,"1,322.12","4,723.68"
ID13595,04-Jan-2026,ATM Withdrawal,0.00,441.19,"92,843.75"
ID13595,24-Jan-2026,Reversal,0.00,778.07,"4,714.25"
ID13595,16-Feb-2026,Debit Card,0.00,125.69,"77,763.25"
ID13595,09-Feb-2026,Reversal,0.00,170.03,"60,457.14"
ID13595,17-Feb-2026,Transfer,0.00,"1,157.92","59,923.98"
ID13595,26-Jan-2026,Charge,0.00,562.46,"33,960.47"
ID13595,22-Feb-2026,Debit Card,0.00,881.91,"63,521.25"
ID13595,30-Mar-2026,Interest,338.59,0.00,"68,187.58"
ID13595,16-Jan-2026,Payment,0.00,"1,146.01","2,791.11"
ID13595,03-Jan-2026,Debit Card,0.00,759.70,"12,910.61"
ID13596,08-Jan-2026,Payment,123.40,0.00,"64,581.06"
ID13596,22-Feb-2026,Debit Card,0.00,232.71,"34,043.91"
ID13596,18-Jan-2026,Debit Card,0.00,997.73,"48,654.65"
ID13596,03-Jan-2026,Charge,0.00,595.08,"54,849.34"
ID13596,10-Feb-2026,Charge,0.00,688.85,"68,915.97"
ID13596,13-Feb-2026,Charge,0.00,564.63,"46,326.30"
ID13596,22-Jan-2026,Payment,0.00,895.79,"49,376.79"
ID13596,20-Jan-2026,ATM Withdrawal,0.00,299.03,"67,349.02"
ID13596,12-Mar-2026,Payment,0.00,315.46,"64,958.52"
ID13596,25-Mar-2026,Direct Deposit,"4,155.03",0.00,"16,149.91"
ID13596,31-Jan-2026,Reversal,0.00,"1,240.58","24,076.03"
ID13596,19-Mar-2026,Direct Deposit,"1,554.21",0.00,"84,591.65"
ID13596,17-Jan-2026,Interest,295.36,0.00,"55,203.50"
ID13596,19-Jan-2026,Transfer,"1,533.98",0.00,"3,121.05"
ID13596,25-Feb-2026,Debit Card,0.00,50.93,"83,291.18"
ID13596,07-Mar-2026,Interest,218.20,0.00,"23,936.05"
ID13596,17-Mar-2026,Payment,0.00,"1,067.40","26,990.13"
ID13596,04-Feb-2026,Transfer,0.00,525.28,"11,890.81"
ID13596,26-Feb-2026,Charge,0.00,356.75,"59,241.84"
ID13596,28-Feb-2026,Direct Deposit,"4,390.16",0.00,"91,969.90"
ID13597,13-Jan-2026,Debit Card,0.00,609.02,"76,055.83"
ID13597,04-Mar-2026,Interest,229.07,0.00,"64,559.80"
ID13597,21-Feb-2026,Transfer,"1,708.64",0.00,"85,144.68"
ID13597,17-Feb-2026,Payment,"1,849.10",0.00,"3,792.32"
ID13597,11-Jan-2026,Transfer,0.00,448.18,"19,292.69"
ID13597,08-Mar-2026,Transfer,"1,363.26",0.00,"95,786.21"
ID13597,06-Mar-2026,Transfer,0.00,759.83,"30,898.87"
ID13597,12-Jan-2026,Direct Deposit,"4,847.19",0.00,"58,418.57"
ID13597,01-Mar-2026,Interest,261.89,0.00,"99,190.15"
ID13597,13-Mar-2026,Charge,0.00,370.98,"47,142.67"
ID13597,13-Jan-2026,Payment,897.05,0.00,"56,895.20"
ID13597,26-Jan-2026,Reversal,0.00,"1,052.92","68,280.31"
ID13597,01-Apr-2026,ATM Withdrawal,0.00,814.16,"9,744.31"
ID13597,07-Feb-2026,Debit Card,0.00,656.81,"18,217.02"
ID13597,24-Mar-2026,Charge,0.00,75.54,"71,634.28"
ID13597,18-Feb-2026,Charge,0.00,865.03,"97,358.47"
ID13597,27-Mar-2026,Interest,83.51,0.00,"28,287.46"
ID13597,23-Mar-2026,Payment,"1,664.17",0.00,"2,340.34"
ID13597,25-Mar-2026,Direct Deposit,"3,930.76",0.00,"35,470.18"
ID13597,07-Jan-2026,Interest,147.99,0.00,"91,375.51"
ID13598,11-Mar-2026,ATM Withdrawal,0.00,274.90,"84,519.58"
ID13598,01-Apr-2026,ATM Withdrawal,0.00,982.02,"54,458.08"
ID13598,23-Mar-2026,Direct Deposit,"2,618.55",0.00,"27,545.15"
ID13598,10-Feb-2026,Interest,342.79,0.00,"18,661.25"
ID13598,02-Mar-2026,Direct Deposit,"3,058.02",0.00,"57,778.57"
ID13598,06-Jan-2026,Interest,76.30,0.00,"45,848.67"
ID13598,05-Jan-2026,Transfer,0.00,615.78,"14,120.87"
ID13598,06-Mar-2026,Transfer,"1,653.95",0.00,"9,671.74"
ID13598,15-Feb-2026,Transfer,136.60,0.00,"83,332.03"
ID13598,02-Mar-2026,Debit Card,0.00,992.49,"70,203.79"
ID13598,15-Jan-2026,Reversal,"1,940.86",0.00,"75,292.75"
ID13598,25-Jan-2026,Interest,470.78,0.00,"40,209.84"
ID13598,27-Mar-2026,Charge,0.00,100.01,"39,716.36"
ID13598,25-Jan-2026,Debit Card,0.00,85.93,"67,490.42"
ID13598,22-Jan-2026,ATM Withdrawal,0.00,503.08,"54,983.61"
ID13598,20-Mar-2026,Transfer,"1,229.43",0.00,"95,068.91"
ID13598,16-Jan-2026,Payment,413.97,0.00,"54,460.43"
ID13598,15-Feb-2026,Direct Deposit,"3,357.12",0.00,"22,360.63"
ID13598,12-Jan-2026,Reversal,0.00,"1,252.79","50,671.06"
ID13598,19-Mar-2026,Charge,0.00,865.75,"41,880.19"
ID13599,07-Feb-2026,Debit Card,0.00,695.94,"42,691.63"
ID13599,16-Mar-2026,Interest,198.13,0.00,"6,849.81"
ID13599,10-Feb-2026,Direct Deposit,"4,108.27",0.00,"49,474.67"
ID13599,01-Apr-2026,ATM Withdrawal,0.00,552.16,"55,724.58"
ID13599,07-Feb-2026,Transfer,0.00,197.79,"64,039.27"
ID13599,05-Jan-2026,ATM Withdrawal,0.00,264.25,"82,345.95"
ID13599,22-Mar-2026,Transfer,0.00,"1,009.92","64,275.35"
ID13599,08-Mar-2026,Payment,722.48,0.00,"91,983.46"
ID13599,30-Jan-2026,Payment,"1,923.22",0.00,"98,474.11"
ID13599,09-Jan-2026,Payment,0.00,567.17,"77,039.70"
ID13599,08-Feb-2026,Transfer,0.00,183.61,"66,853.72"
ID13599,07-Jan-2026,Transfer,0.00,760.43,"15,351.65"
ID13599,30-Jan-2026,Transfer,"1,487.30",0.00,"87,738.54"
ID13599,08-Mar-2026,Payment,980.99,0.00,"54,458.43"
ID13599,13-Mar-2026,Debit Card,0.00,451.15,"27,358.17"
ID13599,22-Feb-2026,Transfer,779.38,0.00,"77,648.25"
ID13599,02-Mar-2026,Charge,0.00,534.73,"36,967.13"
ID13599,31-Jan-2026,Debit Card,0.00,633.52,"14,374.76"
ID13599,20-Jan-2026,ATM Withdrawal,0.00,808.10,"49,927.41"
ID13599,02-Apr-2026,Debit Card,0.00,838.83,"85,259.67"
ID13600,02-Apr-2026,Charge,0.00,973.13,"93,486.99"
ID13600,16-Feb-2026,Interest,335.30,0.00,"80,209.45"
ID13600,21-Feb-2026,Reversal,552.51,0.00,"75,419.40"
ID13600,26-Mar-2026,Direct Deposit,"3,171.78",0.00,"43,383.94"
ID13600,08-Jan-2026,Reversal,0.00,"1,278.61","16,368.12"
ID13600,04-Mar-2026,Debit Card,0.00,201.72,"98,212.24"
ID13600,01-Feb-2026,Payment,315.62,0.00,"76,765.77"
ID13600,20-Mar-2026,ATM Withdrawal,0.00,947.30,"68,660.59"
ID13600,14-Mar-2026,Direct Deposit,"1,613.90",0.00,"85,722.56"
ID13600,31-Jan-2026,Charge,0.00,905.23,"35,651.60"
ID13600,08-Feb-2026,Debit Card,0.00,450.81,"45,058.91"
ID13600,14-Mar-2026,Interest,57.39,0.00,"4,136.95"
ID13600,29-Jan-2026,Transfer,861.96,0.00,"95,574.37"
ID13600,23-Feb-2026,Transfer,"1,638.52",0.00,"36,068.06"
ID13600,17-Jan-2026,Charge,0.00,569.35,"59,410.61"
ID13600,28-Feb-2026,Direct Deposit,903.81,0.00,"20,191.50"
ID13600,06-Mar-2026,Charge,0.00,935.11,"73,293.94"
ID13600,18-Feb-2026,Transfer,0.00,271.83,"67,360.92"
ID13600,20-Mar-2026,Payment,0.00,864.66,"28,933.39"
ID13600,26-Feb-2026,Reversal,"1,687.60",0.00,"94,017.52"
ID13601,25-Mar-2026,Interest,302.07,0.00,"17,087.35"
ID13601,16-Jan-2026,Transfer,260.56,0.00,"11,114.05"
ID13601,04-Mar-2026,ATM Withdrawal,0.00,298.07,"72,529.90"
ID13601,21-Jan-2026,Debit Card,0.00,684.50,"42,000.73"
ID13601,20-Mar-2026,Payment,944.14,0.00,"23,778.71"
ID13601,13-Mar-2026,Interest,163.58,0.00,"30,823.94"
ID13601,05-Jan-2026,Charge,0.00,493.87,"75,790.14"
ID13601,27-Jan-2026,Interest,69.60,0.00,"38,809.01"
ID13601,16-Feb-2026,Payment,0.00,"1,424.21","38,948.23"
ID13601,15-Mar-2026,Payment,0.00,185.12,"35,803.49"
ID13601,22-Jan-2026,Payment,540.73,0.00,"13,476.09"
ID13601,14-Mar-2026,Payment,699.69,0.00,"13,053.92"
ID13601,14-Mar-2026,ATM Withdrawal,0.00,259.16,"50,674.82"
ID13601,28-Feb-2026,Reversal,0.00,177.59,"7,059.90"
ID13601,12-Feb-2026,Debit Card,0.00,902.38,"39,726.08"
ID13601,30-Mar-2026,Transfer,0.00,157.50,"41,776.71"
ID13601,21-Jan-2026,Transfer,"1,587.60",0.00,"4,853.74"
ID13601,19-Mar-2026,Interest,441.75,0.00,"73,807.32"
ID13601,08-Feb-2026,Reversal,0.00,"1,365.86","4,678.64"
ID13601,13-Jan-2026,Reversal,382.90,0.00,"87,092.23"
ID13602,22-Mar-2026,Transfer,657.18,0.00,"66,442.31"
ID13602,16-Jan-2026,Debit Card,0.00,835.22,"20,399.60"
ID13602,16-Feb-2026,Charge,0.00,446.05,"15,856.83"
ID13602,11-Mar-2026,Direct Deposit,"3,413.90",0.00,"83,159.91"
ID13602,13-Feb-2026,Debit Card,0.00,606.25,"50,507.16"
ID13602,14-Mar-2026,Debit Card,0.00,808.75,"55,205.77"
ID13602,22-Jan-2026,Transfer,"1,649.22",0.00,"68,294.79"
ID13602,30-Mar-2026,Direct Deposit,"1,625.52",0.00,"46,536.32"
ID13602,03-Mar-2026,Payment,0.00,715.81,"47,181.32"
ID13602,18-Jan-2026,Debit Card,0.00,869.99,"24,336.69"
ID13602,11-Mar-2026,Interest,253.99,0.00,"77,811.52"
ID13602,07-Mar-2026,Reversal,0.00,287.67,"96,076.15"
ID13602,16-Jan-2026,Reversal,101.12,0.00,"3,377.26"
ID13602,29-Jan-2026,ATM Withdrawal,0.00,49.61,"6,844.53"
ID13602,30-Mar-2026,Direct Deposit,"4,362.22",0.00,"62,308.11"
ID13602,14-Mar-2026,Payment,0.00,129.17,"14,687.89"
ID13602,04-Feb-2026,Payment,0.00,504.86,"70,171.11"
ID13602,02-Apr-2026,Direct Deposit,"1,607.84",0.00,"78,192.40"
ID13602,27-Jan-2026,Reversal,318.83,0.00,"56,270.84"
ID13602,02-Feb-2026,Transfer,"1,631.15",0.00,"52,159.08"
ID13603,28-Feb-2026,ATM Withdrawal,0.00,276.53,"41,808.08"
ID13603,30-Jan-2026,Direct Deposit,"3,211.16",0.00,"45,951.55"
ID13603,12-Mar-2026,Reversal,0.00,"1,080.04","48,057.72"
ID13603,14-Feb-2026,Direct Deposit,"3,558.63",0.00,"99,553.14"
ID13603,03-Apr-2026,ATM Withdrawal,0.00,35.70,"24,654.08"
ID13603,06-Jan-2026,Debit Card,0.00,647.30,"58,792.42"
ID13603,31-Jan-2026,Reversal,0.00,212.93,"52,224.37"
ID13603,25-Jan-2026,Transfer,0.00,731.34,"31,926.85"
ID13603,14-Jan-2026,Payment,"1,109.00",0.00,"60,548.51"
ID13603,25-Jan-2026,Debit Card,0.00,629.24,"95,307.83"
ID13603,01-Mar-2026,Direct Deposit,"3,372.02",0.00,"32,236.45"
ID13603,06-Mar-2026,Interest,96.78,0.00,"46,065.82"
ID13603,01-Feb-2026,Charge,0.00,180.93,"84,748.73"
ID13603,09-Mar-2026,Interest,55.98,0.00,"90,990.87"
ID13603,24-Mar-2026,Direct Deposit,"2,489.69",0.00,"31,001.45"
ID13603,25-Mar-2026,Reversal,0.00,"1,317.64","87,054.96"
ID13603,25-Mar-2026,Charge,0.00,688.83,"25,638.47"
ID13603,17-Feb-2026,Direct Deposit,"2,028.00",0.00,"11,551.03"
ID13603,02-Feb-2026,Reversal,0.00,762.05,"99,228.19"
ID13603,05-Mar-2026,Interest,142.06,0.00,"22,137.39"
ID13604,01-Feb-2026,Interest,109.09,0.00,"87,322.04"
ID13604,04-Jan-2026,Transfer,0.00,956.42,"61,996.25"
ID13604,01-Mar-2026,Debit Card,0.00,149.33,"82,440.76"
ID13604,11-Feb-2026,Reversal,0.00,"1,236.94","90,558.90"
ID13604,05-Feb-2026,Reversal,"1,097.67",0.00,"1,955.05"
ID13604,30-Jan-2026,Charge,0.00,429.63,"38,517.21"
ID13604,26-Feb-2026,Direct Deposit,"1,213.79",0.00,"65,117.55"
ID13604,09-Feb-2026,Charge,0.00,518.13,"40,647.96"
ID13604,02-Mar-2026,Transfer,"1,697.19",0.00,"99,666.49"
ID13604,05-Mar-2026,Transfer,764.42,0.00,"99,879.48"
ID13604,22-Mar-2026,Transfer,0.00,322.88,"12,540.44"
ID13604,11-Jan-2026,ATM Withdrawal,0.00,726.05,"38,196.37"
ID13604,23-Feb-2026,Interest,408.85,0.00,"42,548.92"
ID13604,10-Feb-2026,Charge,0.00,483.14,"71,779.41"
ID13604,28-Jan-2026,Charge,0.00,837.52,"45,219.82"
ID13604,19-Feb-2026,Transfer,964.19,0.00,"30,768.41"
ID13604,07-Mar-2026,ATM Withdrawal,0.00,524.55,"95,812.55"
ID13604,10-Jan-2026,ATM Withdrawal,0.00,444.00,"87,909.21"
ID13604,24-Mar-2026,ATM Withdrawal,0.00,45.62,"53,612.01"
ID13604,28-Feb-2026,Transfer,0.00,630.29,"57,625.67"
ID13605,22-Mar-2026,Payment,0.00,"1,347.29","66,659.11"
ID13605,06-Mar-2026,Charge,0.00,870.71,"62,427.08"
ID13605,01-Feb-2026,Payment,0.00,54.81,"17,198.07"
ID13605,20-Feb-2026,Interest,490.13,0.00,"90,238.55"
ID13605,29-Jan-2026,Charge,0.00,462.59,"99,750.58"
ID13605,10-Mar-2026,Debit Card,0.00,597.71,"28,383.59"
ID13605,10-Feb-2026,ATM Withdrawal,0.00,595.85,"23,627.04"
ID13605,10-Feb-2026,Direct Deposit,"2,002.28",0.00,"92,498.13"
ID13605,07-Feb-2026,Interest,465.69,0.00,"98,758.51"
ID13605,25-Feb-2026,Transfer,0.00,59.54,"23,908.92"
ID13605,23-Mar-2026,Debit Card,0.00,405.43,"3,311.55"
ID13605,11-Jan-2026,ATM Withdrawal,0.00,547.01,"64,800.91"
ID13605,28-Mar-2026,Reversal,0.00,576.16,"41,926.63"
ID13605,16-Feb-2026,Direct Deposit,"4,090.27",0.00,"67,986.21"
ID13605,21-Mar-2026,Transfer,419.33,0.00,"73,454.92"
ID13605,07-Feb-2026,Debit Card,0.00,752.57,"85,092.49"
ID13605,25-Mar-2026,Direct Deposit,"3,268.83",0.00,"39,810.44"
ID13605,23-Feb-2026,Transfer,"1,634.46",0.00,"9,265.75"
ID13605,27-Jan-2026,Payment,"1,750.73",0.00,"23,292.75"
ID13605,02-Mar-2026,Direct Deposit,"3,789.91",0.00,"86,851.99"
ID13606,05-Mar-2026,Charge,0.00,278.62,"79,719.25"
ID13606,20-Jan-2026,Payment,0.00,"1,362.89","36,583.92"
ID13606,03-Feb-2026,Interest,441.77,0.00,"77,394.23"
ID13606,30-Jan-2026,Debit Card,0.00,368.35,"18,568.13"
ID13606,31-Jan-2026,Charge,0.00,399.14,"53,554.58"
ID13606,13-Feb-2026,Direct Deposit,"3,804.16",0.00,"32,126.27"
ID13606,11-Jan-2026,Transfer,0.00,"1,004.48","84,524.19"
ID13606,08-Mar-2026,Payment,146.64,0.00,"89,647.82"
ID13606,19-Mar-2026,Reversal,835.65,0.00,"62,473.34"
ID13606,25-Jan-2026,Transfer,0.00,"1,293.56","52,537.88"
ID13606,20-Feb-2026,Charge,0.00,483.06,"40,420.30"
ID13606,10-Mar-2026,Charge,0.00,61.94,"56,547.57"
ID13606,01-Apr-2026,Payment,"1,367.82",0.00,"81,667.81"
ID13606,14-Mar-2026,Payment,0.00,66.81,"46,738.74"
ID13606,19-Mar-2026,Reversal,"1,923.99",0.00,"40,380.25"
ID13606,30-Jan-2026,Transfer,0.00,879.00,"55,555.12"
ID13606,02-Apr-2026,Direct Deposit,"2,974.74",0.00,"24,427.75"
ID13606,28-Jan-2026,Direct Deposit,"4,780.08",0.00,"20,138.61"
ID13606,03-Mar-2026,ATM Withdrawal,0.00,277.74,"44,744.32"
ID13606,05-Jan-2026,Interest,215.68,0.00,"83,182.89"
ID13607,10-Feb-2026,Charge,0.00,766.78,"87,184.83"
ID13607,14-Mar-2026,Direct Deposit,"3,962.26",0.00,"68,631.03"
ID13607,21-Mar-2026,Reversal,673.73,0.00,"87,374.81"
ID13607,21-Mar-2026,Interest,394.93,0.00,"6,437.97"
ID13607,14-Mar-2026,Transfer,"1,252.63",0.00,"65,239.91"
ID13607,18-Feb-2026,Reversal,0.00,"1,223.60","62,812.44"
ID13607,19-Feb-2026,Interest,417.35,0.00,"7,997.72"
ID13607,09-Jan-2026,Interest,496.86,0.00,"23,978.89"
ID13607,21-Jan-2026,Interest,484.33,0.00,"97,628.83"
ID13607,09-Mar-2026,Direct Deposit,"2,555.56",0.00,"19,466.82"
ID13607,23-Mar-2026,Debit Card,0.00,960.13,"85,483.90"
ID13607,01-Mar-2026,Payment,0.00,"1,264.78","86,576.44"
ID13607,07-Jan-2026,ATM Withdrawal,0.00,446.89,"60,269.45"
ID13607,21-Feb-2026,Direct Deposit,"1,539.16",0.00,"44,408.72"
ID13607,11-Jan-2026,ATM Withdrawal,0.00,853.42,"58,049.67"
ID13607,26-Feb-2026,Charge,0.00,496.08,"92,428.00"
ID13607,19-Mar-2026,Reversal,0.00,700.80,"52,676.86"
ID13607,22-Jan-2026,Direct Deposit,"4,287.95",0.00,"85,434.11"
ID13607,19-Feb-2026,Transfer,"1,424.51",0.00,"1,774.64"
ID13607,22-Jan-2026,Transfer,"1,372.50",0.00,"7,607.69"
ID13608,20-Mar-2026,Debit Card,0.00,265.80,"22,447.82"
ID13608,03-Feb-2026,Payment,"1,956.86",0.00,"54,651.19"
ID13608,18-Jan-2026,Payment,473.44,0.00,"33,122.03"
ID13608,17-Feb-2026,ATM Withdrawal,0.00,90.62,"90,510.09"
ID13608,14-Mar-2026,Debit Card,0.00,864.44,"20,099.28"
ID13608,15-Mar-2026,Interest,216.84,0.00,"21,860.58"
ID13608,24-Jan-2026,Direct Deposit,"3,356.40",0.00,"64,385.51"
ID13608,11-Mar-2026,Direct Deposit,"2,146.23",0.00,"16,371.79"
ID13608,19-Feb-2026,Interest,41.31,0.00,"19,818.06"
ID13608,16-Feb-2026,Transfer,0.00,692.84,"54,936.44"
ID13608,04-Mar-2026,Payment,966.14,0.00,"43,698.67"
ID13608,02-Mar-2026,Charge,0.00,704.10,"29,614.75"
ID13608,14-Mar-2026,Interest,482.51,0.00,"92,090.03"
ID13608,23-Mar-2026,Reversal,0.00,"1,250.39","85,269.87"
ID13608,11-Mar-2026,Interest,169.45,0.00,"37,704.92"
ID13608,06-Jan-2026,Charge,0.00,291.35,"19,773.86"
ID13608,03-Apr-2026,Charge,0.00,322.65,"58,784.22"
ID13608,18-Jan-2026,Direct Deposit,"4,712.79",0.00,"2,025.48"
ID13608,23-Feb-2026,Interest,230.05,0.00,"96,802.02"
ID13608,01-Feb-2026,Interest,245.16,0.00,"36,582.84"
ID13609,17-Mar-2026,Debit Card,0.00,562.45,"18,381.39"
ID13609,30-Mar-2026,ATM Withdrawal,0.00,437.33,"45,707.67"
ID13609,11-Jan-2026,Interest,416.68,0.00,"57,447.16"
ID13609,25-Feb-2026,Charge,0.00,505.51,"57,030.84"
ID13609,12-Jan-2026,Transfer,829.60,0.00,"70,437.56"
ID13609,13-Feb-2026,Payment,0.00,"1,056.74","13,789.32"
ID13609,25-Jan-2026,Reversal,0.00,782.95,"73,490.29"
ID13609,19-Jan-2026,Debit Card,0.00,545.20,"72,216.29"
ID13609,27-Mar-2026,Interest,336.88,0.00,"65,267.28"
ID13609,09-Jan-2026,Charge,0.00,690.79,"66,364.66"
ID13609,08-Feb-2026,Reversal,243.57,0.00,"64,391.44"
ID13609,02-Mar-2026,Transfer,"1,279.62",0.00,"96,408.78"
ID13609,07-Mar-2026,Charge,0.00,215.36,"93,348.45"
ID13609,02-Apr-2026,Direct Deposit,"3,147.96",0.00,"2,359.56"
ID13609,12-Jan-2026,Reversal,0.00,858.90,"42,615.19"
ID13609,08-Jan-2026,Payment,"1,609.42",0.00,"7,155.71"
ID13609,04-Feb-2026,Payment,0.00,"1,351.29","69,948.82"
ID13609,15-Jan-2026,Interest,282.56,0.00,"42,915.96"
ID13609,04-Feb-2026,Reversal,0.00,"1,393.14","88,920.96"
ID13609,01-Apr-2026,Charge,0.00,40.48,"32,440.25"
ID13610,06-Jan-2026,Direct Deposit,"4,676.51",0.00,"62,414.72"
ID13610,16-Feb-2026,Payment,0.00,999.95,"13,237.39"
ID13610,30-Jan-2026,ATM Withdrawal,0.00,320.21,"42,678.72"
ID13610,09-Mar-2026,Payment,0.00,217.55,"83,319.87"
ID13610,17-Feb-2026,Direct Deposit,"2,745.06",0.00,"70,577.71"
ID13610,04-Jan-2026,Payment,"1,274.42",0.00,"77,867.56"
ID13610,27-Jan-2026,Direct Deposit,"2,529.54",0.00,"43,254.68"
ID13610,06-Feb-2026,Transfer,0.00,282.35,"56,718.91"
ID13610,12-Jan-2026,Transfer,"1,486.08",0.00,"61,083.63"
ID13610,17-Feb-2026,Payment,0.00,"1,051.67","94,275.59"
ID13610,13-Feb-2026,Transfer,0.00,771.12,"39,870.54"
ID13610,24-Feb-2026,Transfer,0.00,741.81,"39,523.18"
ID13610,15-Feb-2026,ATM Withdrawal,0.00,264.81,"93,103.52"
ID13610,26-Mar-2026,Interest,347.82,0.00,"98,675.18"
ID13610,19-Feb-2026,Charge,0.00,540.65,"99,917.89"
ID13610,15-Jan-2026,Charge,0.00,471.12,"18,472.59"
ID13610,14-Feb-2026,Interest,471.08,0.00,"28,449.76"
ID13610,16-Jan-2026,Debit Card,0.00,760.99,"15,843.72"
ID13610,18-Mar-2026,Payment,0.00,468.66,"48,198.57"
ID13610,16-Jan-2026,ATM Withdrawal,0.00,413.02,"13,552.42"
ID13611,03-Mar-2026,Interest,45.86,0.00,"4,525.28"
ID13611,25-Mar-2026,Direct Deposit,"2,120.76",0.00,"34,240.55"
ID13611,04-Mar-2026,Debit Card,0.00,505.15,"95,984.54"
ID13611,22-Feb-2026,Debit Card,0.00,762.27,"69,106.52"
ID13611,23-Jan-2026,Interest,280.41,0.00,"36,037.05"
ID13611,10-Jan-2026,ATM Withdrawal,0.00,989.05,"44,193.99"
ID13611,24-Mar-2026,Interest,280.20,0.00,"25,633.06"
ID13611,19-Jan-2026,Interest,133.17,0.00,"77,431.72"
ID13611,14-Mar-2026,Payment,586.54,0.00,"75,451.79"
ID13611,11-Mar-2026,Interest,493.66,0.00,"34,971.85"
ID13611,19-Feb-2026,Charge,0.00,182.57,"44,731.23"
ID13611,17-Feb-2026,Transfer,440.60,0.00,"65,389.02"
ID13611,28-Jan-2026,ATM Withdrawal,0.00,578.32,"70,312.49"
ID13611,15-Jan-2026,Payment,"1,014.71",0.00,"63,390.23"
ID13611,10-Feb-2026,ATM Withdrawal,0.00,300.31,"59,210.40"
ID13611,23-Mar-2026,Interest,313.70,0.00,"95,609.27"
ID13611,19-Feb-2026,Reversal,115.47,0.00,"66,614.63"
ID13611,23-Mar-2026,Debit Card,0.00,717.27,"1,266.46"
ID13611,01-Feb-2026,Reversal,"1,945.31",0.00,"90,578.90"
ID13611,04-Mar-2026,Charge,0.00,90.95,"83,118.94"
ID13612,10-Mar-2026,Direct Deposit,629.76,0.00,"67,381.78"
ID13612,03-Mar-2026,Payment,0.00,983.41,"33,191.35"
ID13612,03-Jan-2026,Transfer,0.00,"1,094.09","5,172.16"
ID13612,03-Apr-2026,Direct Deposit,"2,754.85",0.00,"73,381.89"
ID13612,10-Feb-2026,Transfer,"1,825.59",0.00,"91,693.43"
ID13612,06-Feb-2026,ATM Withdrawal,0.00,907.59,"64,763.57"
ID13612,01-Feb-2026,Debit Card,0.00,760.82,"41,077.14"
ID13612,13-Feb-2026,Interest,325.01,0.00,"59,391.47"
ID13612,06-Feb-2026,Reversal,"1,498.49",0.00,"76,168.13"
ID13612,30-Jan-2026,Payment,532.07,0.00,"26,587.61"
ID13612,21-Feb-2026,Direct Deposit,969.83,0.00,"72,730.99"
ID13612,17-Feb-2026,Reversal,0.00,692.10,"12,753.23"
ID13612,03-Jan-2026,Reversal,"1,828.83",0.00,"76,532.90"
ID13612,26-Mar-2026,Debit Card,0.00,105.44,"87,793.49"
ID13612,22-Feb-2026,Interest,450.89,0.00,"47,921.01"
ID13612,05-Feb-2026,Interest,312.96,0.00,"87,362.96"
ID13612,18-Jan-2026,Transfer,0.00,689.08,"84,715.21"
ID13612,10-Jan-2026,Direct Deposit,"2,632.78",0.00,"92,030.70"
ID13612,04-Feb-2026,Charge,0.00,634.78,"43,994.18"
ID13612,24-Feb-2026,Transfer,0.00,456.44,"36,450.53"
ID13613,10-Feb-2026,Payment,"1,264.80",0.00,"49,096.75"
ID13613,26-Mar-2026,Direct Deposit,"2,572.26",0.00,"76,352.63"
ID13613,24-Mar-2026,Direct Deposit,"2,940.92",0.00,"87,845.66"
ID13613,08-Jan-2026,Interest,365.90,0.00,"92,936.85"
ID13613,22-Jan-2026,Direct Deposit,"2,581.78",0.00,"39,478.76"
ID13613,02-Feb-2026,Charge,0.00,695.05,"73,874.52"
ID13613,03-Mar-2026,Charge,0.00,332.76,"4,715.93"
ID13613,02-Mar-2026,Interest,344.24,0.00,"18,549.20"
ID13613,20-Feb-2026,Payment,260.39,0.00,"67,450.62"
ID13613,06-Feb-2026,Interest,194.01,0.00,"18,060.04"
ID13613,28-Jan-2026,ATM Withdrawal,0.00,421.70,"66,568.15"
ID13613,01-Mar-2026,Reversal,"1,891.58",0.00,"37,065.62"
ID13613,23-Feb-2026,Transfer,0.00,312.76,"68,321.26"
ID13613,08-Feb-2026,Payment,736.44,0.00,"34,475.84"
ID13613,29-Mar-2026,Payment,0.00,436.69,"86,058.05"
ID13613,10-Jan-2026,Debit Card,0.00,477.95,"87,220.77"
ID13613,16-Jan-2026,Payment,"1,214.30",0.00,"86,243.71"
ID13613,30-Jan-2026,Reversal,0.00,"1,344.50","88,007.09"
ID13613,05-Feb-2026,Charge,0.00,136.28,"99,224.47"
ID13613,06-Mar-2026,ATM Withdrawal,0.00,168.97,"87,030.57"
ID13614,07-Jan-2026,Charge,0.00,927.03,"4,561.19"
ID13614,14-Mar-2026,ATM Withdrawal,0.00,92.24,"98,501.18"
ID13614,11-Mar-2026,Charge,0.00,601.82,"69,717.41"
ID13614,03-Jan-2026,Reversal,"1,921.54",0.00,"6,633.30"
ID13614,13-Jan-2026,Payment,0.00,"1,249.28","90,940.95"
ID13614,07-Mar-2026,Interest,199.43,0.00,"90,086.64"
ID13614,05-Feb-2026,Debit Card,0.00,531.67,"39,684.20"
ID13614,18-Mar-2026,Direct Deposit,"3,215.94",0.00,"4,210.71"
ID13614,24-Jan-2026,Direct Deposit,"4,832.98",0.00,"51,924.88"
ID13614,18-Feb-2026,Debit Card,0.00,941.91,"95,996.30"
ID13614,22-Feb-2026,Reversal,0.00,"1,379.44","93,639.39"
ID13614,07-Feb-2026,Payment,0.00,206.25,"29,328.96"
ID13614,24-Feb-2026,Direct Deposit,"2,458.09",0.00,"76,976.11"
ID13614,22-Feb-2026,Reversal,0.00,55.14,"56,695.79"
ID13614,15-Feb-2026,Payment,0.00,768.90,"59,216.69"
ID13614,18-Feb-2026,Payment,"1,560.40",0.00,"11,185.01"
ID13614,24-Jan-2026,ATM Withdrawal,0.00,609.78,"75,247.27"
ID13614,24-Mar-2026,Direct Deposit,"4,919.64",0.00,"19,086.83"
ID13614,19-Mar-2026,Direct Deposit,"4,384.32",0.00,"54,439.39"
ID13614,12-Feb-2026,Direct Deposit,"2,612.17",0.00,"59,605.08"
ID13615,03-Apr-2026,Reversal,163.31,0.00,"94,692.07"
ID13615,20-Jan-2026,Direct Deposit,"3,890.30",0.00,"67,491.69"
ID13615,26-Jan-2026,ATM Withdrawal,0.00,607.46,"90,011.88"
ID13615,11-Jan-2026,ATM Withdrawal,0.00,797.53,"96,062.83"
ID13615,24-Mar-2026,Direct Deposit,"3,162.22",0.00,"87,517.74"
ID13615,19-Feb-2026,Transfer,0.00,495.92,"31,666.68"
ID13615,05-Jan-2026,Transfer,0.00,"1,370.18","74,572.92"
ID13615,03-Jan-2026,ATM Withdrawal,0.00,110.84,"31,414.96"
ID13615,15-Jan-2026,Interest,108.94,0.00,"63,453.45"
ID13615,21-Mar-2026,Payment,"1,991.96",0.00,"7,977.20"
ID13615,31-Mar-2026,Reversal,768.74,0.00,"44,675.03"
ID13615,09-Feb-2026,ATM Withdrawal,0.00,686.84,"74,931.50"
ID13615,29-Jan-2026,ATM Withdrawal,0.00,318.72,"7,897.12"
ID13615,30-Mar-2026,Payment,737.37,0.00,"2,191.18"
ID13615,15-Feb-2026,Charge,0.00,404.24,"18,595.35"
ID13615,24-Mar-2026,ATM Withdrawal,0.00,399.29,"99,918.80"
ID13615,11-Mar-2026,Charge,0.00,81.52,"71,396.48"
ID13615,06-Mar-2026,Direct Deposit,671.13,0.00,"27,254.19"
ID13615,25-Jan-2026,Reversal,0.00,712.26,"29,965.29"
ID13615,11-Feb-2026,Interest,409.64,0.00,"3,738.67"
ID13616,15-Jan-2026,ATM Withdrawal,0.00,710.41,"34,655.57"
ID13616,11-Mar-2026,Transfer,"1,489.60",0.00,"48,494.94"
ID13616,02-Mar-2026,Debit Card,0.00,846.16,"40,553.79"
ID13616,09-Jan-2026,Payment,286.31,0.00,"80,038.33"
ID13616,22-Jan-2026,Reversal,"1,439.66",0.00,"86,815.64"
ID13616,03-Apr-2026,Interest,232.92,0.00,"28,480.70"
ID13616,27-Feb-2026,Charge,0.00,809.41,"78,465.52"
ID13616,18-Jan-2026,ATM Withdrawal,0.00,647.56,"67,654.26"
ID13616,04-Jan-2026,Payment,324.16,0.00,"53,350.11"
ID13616,07-Mar-2026,Interest,164.74,0.00,"28,108.09"
ID13616,24-Feb-2026,Debit Card,0.00,489.23,"88,611.81"
ID13616,18-Jan-2026,Charge,0.00,745.44,"54,747.29"
ID13616,13-Jan-2026,Transfer,"1,106.51",0.00,"38,908.89"
ID13616,08-Feb-2026,Transfer,0.00,"1,140.73","36,402.21"
ID13616,24-Mar-2026,Direct Deposit,"2,947.82",0.00,"4,317.92"
ID13616,04-Jan-2026,Direct Deposit,"2,381.92",0.00,"43,046.39"
ID13616,21-Feb-2026,Payment,153.51,0.00,"45,906.15"
ID13616,18-Feb-2026,ATM Withdrawal,0.00,653.71,"10,117.09"
ID13616,04-Jan-2026,ATM Withdrawal,0.00,91.54,"6,431.46"
ID13616,11-Feb-2026,Interest,18.42,0.00,"88,367.21"
ID13617,26-Feb-2026,Transfer,408.77,0.00,"75,910.33"
ID13617,13-Mar-2026,Reversal,0.00,273.61,"65,140.48"
ID13617,27-Jan-2026,Transfer,0.00,"1,255.00","20,523.55"
ID13617,04-Mar-2026,Transfer,"1,265.08",0.00,"52,802.57"
ID13617,12-Feb-2026,Debit Card,0.00,610.02,"60,137.63"
ID13617,12-Mar-2026,Charge,0.00,914.82,"58,471.67"
ID13617,07-Mar-2026,Reversal,0.00,"1,037.74","56,957.20"
ID13617,10-Feb-2026,Direct Deposit,851.54,0.00,"50,810.86"
ID13617,03-Apr-2026,Debit Card,0.00,756.50,"83,465.01"
ID13617,23-Mar-2026,Debit Card,0.00,242.96,"99,721.04"
ID13617,10-Feb-2026,ATM Withdrawal,0.00,307.31,"11,637.77"
ID13617,28-Feb-2026,Debit Card,0.00,881.18,"92,711.40"
ID13617,20-Mar-2026,Reversal,0.00,795.56,"5,471.14"
ID13617,11-Feb-2026,Charge,0.00,202.96,"62,246.68"
ID13617,04-Jan-2026,ATM Withdrawal,0.00,946.04,"40,343.60"
ID13617,12-Feb-2026,ATM Withdrawal,0.00,100.35,"43,402.37"
ID13617,02-Feb-2026,Payment,0.00,995.13,"58,397.11"
ID13617,30-Jan-2026,Direct Deposit,"1,541.88",0.00,"89,778.57"
ID13617,31-Jan-2026,Reversal,0.00,907.01,"29,806.49"
ID13617,07-Mar-2026,Reversal,"1,241.45",0.00,"81,809.47"
ID13618,28-Mar-2026,Debit Card,0.00,327.39,"1,279.94"
ID13618,09-Mar-2026,Reversal,0.00,904.35,"35,753.19"
ID13618,18-Feb-2026,Direct Deposit,763.41,0.00,"18,488.80"
ID13618,08-Jan-2026,Payment,"1,270.80",0.00,"95,880.80"
ID13618,10-Feb-2026,Interest,396.03,0.00,"20,455.56"
ID13618,24-Mar-2026,Charge,0.00,584.05,"59,734.27"
ID13618,12-Feb-2026,Charge,0.00,836.40,"2,143.50"
ID13618,15-Mar-2026,Charge,0.00,973.16,"64,333.22"
ID13618,28-Mar-2026,Interest,194.51,0.00,"84,733.04"
ID13618,08-Feb-2026,Reversal,0.00,953.65,"45,637.23"
ID13618,26-Jan-2026,Charge,0.00,888.25,"37,889.95"
ID13618,01-Feb-2026,Direct Deposit,"2,032.29",0.00,"21,528.35"
ID13618,22-Mar-2026,Transfer,0.00,857.03,"99,641.71"
ID13618,02-Apr-2026,Payment,0.00,"1,268.93","79,331.46"
ID13618,11-Feb-2026,Transfer,0.00,568.27,"42,661.28"
ID13618,03-Jan-2026,Payment,602.23,0.00,"47,092.72"
ID13618,22-Jan-2026,Reversal,217.20,0.00,"67,125.18"
ID13618,28-Jan-2026,Direct Deposit,"3,832.76",0.00,"22,717.44"
ID13618,24-Mar-2026,Payment,0.00,"1,187.75","29,848.94"
ID13618,31-Jan-2026,Interest,267.82,0.00,"5,243.41"
ID13619,09-Mar-2026,Debit Card,0.00,523.03,"97,280.66"
ID13619,03-Jan-2026,Transfer,0.00,"1,400.43","7,765.19"
ID13619,06-Mar-2026,Debit Card,0.00,729.77,"32,353.83"
ID13619,18-Feb-2026,Reversal,0.00,"1,421.27","37,472.77"
ID13619,12-Feb-2026,Payment,673.93,0.00,"81,645.66"
ID13619,12-Jan-2026,ATM Withdrawal,0.00,482.73,"76,420.49"
ID13619,12-Jan-2026,Direct Deposit,"2,118.87",0.00,"46,406.81"
ID13619,16-Jan-2026,ATM Withdrawal,0.00,577.15,"64,206.16"
ID13619,10-Jan-2026,Reversal,791.16,0.00,"7,719.30"
ID13619,17-Mar-2026,ATM Withdrawal,0.00,442.43,"34,275.83"
ID13619,05-Mar-2026,ATM Withdrawal,0.00,369.36,"75,075.21"
ID13619,23-Mar-2026,Payment,554.33,0.00,"21,131.98"
ID13619,21-Jan-2026,Debit Card,0.00,57.27,"11,076.58"
ID13619,17-Mar-2026,Debit Card,0.00,997.03,"94,707.96"
ID13619,04-Feb-2026,Interest,479.23,0.00,"74,383.20"
ID13619,12-Mar-2026,Transfer,165.02,0.00,"97,948.59"
ID13619,20-Mar-2026,Charge,0.00,346.75,"62,917.49"
ID13619,03-Jan-2026,Reversal,0.00,92.63,"47,978.74"
ID13619,09-Feb-2026,Debit Card,0.00,63.51,"83,317.21"
ID13619,12-Mar-2026,Reversal,887.14,0.00,"75,963.31"
ID13620,23-Jan-2026,ATM Withdrawal,0.00,959.29,"39,461.23"
ID13620,02-Mar-2026,Interest,444.00,0.00,"52,960.16"
ID13620,11-Feb-2026,Payment,"1,832.36",0.00,"46,546.70"
ID13620,22-Feb-2026,Charge,0.00,162.71,"36,674.03"
ID13620,27-Jan-2026,Transfer,0.00,"1,040.37","68,868.14"
ID13620,13-Mar-2026,Payment,0.00,507.11,"16,451.28"
ID13620,12-Feb-2026,Interest,367.11,0.00,"24,678.68"
ID13620,03-Apr-2026,Charge,0.00,572.60,"47,220.56"
ID13620,03-Mar-2026,Reversal,"1,708.43",0.00,"10,243.19"
ID13620,24-Feb-2026,Reversal,852.17,0.00,"8,135.49"
ID13620,02-Apr-2026,Debit Card,0.00,78.51,"37,588.99"
ID13620,11-Feb-2026,Transfer,0.00,622.29,"46,698.65"
ID13620,30-Jan-2026,Payment,468.20,0.00,"98,222.43"
ID13620,23-Mar-2026,Interest,477.50,0.00,"76,838.92"
ID13620,12-Jan-2026,Payment,0.00,"1,387.96","13,506.93"
ID13620,27-Mar-2026,Payment,0.00,"1,386.52","17,307.55"
ID13620,07-Feb-2026,Debit Card,0.00,735.59,"37,104.97"
ID13620,05-Feb-2026,Direct Deposit,"1,813.20",0.00,"8,075.00"
ID13620,20-Jan-2026,Reversal,"1,487.71",0.00,"12,907.05"
ID13620,20-Feb-2026,Interest,435.04,0.00,"12,078.47"
ID13621,27-Feb-2026,Debit Card,0.00,632.69,"5,264.11"
ID13621,04-Jan-2026,Interest,157.43,0.00,"74,645.48"
ID13621,03-Feb-2026,ATM Withdrawal,0.00,150.29,"94,033.72"
ID13621,03-Mar-2026,Interest,121.41,0.00,"26,370.75"
ID13621,02-Apr-2026,Transfer,0.00,270.68,"76,593.47"
ID13621,17-Jan-2026,Debit Card,0.00,396.94,"97,237.67"
ID13621,30-Jan-2026,Interest,339.63,0.00,"70,662.98"
ID13621,25-Feb-2026,Reversal,"1,146.47",0.00,"48,384.48"
ID13621,16-Jan-2026,Payment,0.00,191.72,"23,585.70"
ID13621,12-Mar-2026,Interest,222.15,0.00,"74,147.66"
ID13621,03-Apr-2026,Reversal,0.00,225.04,"86,718.37"
ID13621,31-Mar-2026,Reversal,0.00,930.74,"92,855.06"
ID13621,23-Jan-2026,Charge,0.00,726.09,"66,028.51"
ID13621,29-Mar-2026,Payment,0.00,479.33,"63,242.55"
ID13621,11-Jan-2026,Interest,205.40,0.00,"39,980.19"
ID13621,08-Jan-2026,Payment,408.14,0.00,"20,629.00"
ID13621,08-Mar-2026,Transfer,0.00,"1,394.86","69,284.96"
ID13621,01-Mar-2026,ATM Withdrawal,0.00,218.97,"59,672.94"
ID13621,03-Mar-2026,Interest,198.43,0.00,"23,239.94"
ID13621,03-Mar-2026,Interest,216.46,0.00,"36,310.38"
ID13622,26-Jan-2026,Payment,"1,614.82",0.00,"84,735.78"
ID13622,28-Mar-2026,Debit Card,0.00,692.17,"33,389.26"
ID13622,03-Feb-2026,Direct Deposit,580.81,0.00,"84,424.72"
ID13622,11-Feb-2026,Debit Card,0.00,540.63,"95,029.17"
ID13622,11-Jan-2026,Charge,0.00,776.50,"48,260.26"
ID13622,18-Feb-2026,Direct Deposit,"4,548.88",0.00,"37,043.56"
ID13622,12-Jan-2026,Transfer,"1,786.87",0.00,"4,488.60"
ID13622,11-Mar-2026,Debit Card,0.00,353.91,"97,907.73"
ID13622,28-Feb-2026,Charge,0.00,735.14,"9,303.62"
ID13622,09-Feb-2026,Payment,"1,852.52",0.00,"53,962.76"
ID13622,11-Jan-2026,Charge,0.00,846.31,"68,516.03"
ID13622,28-Mar-2026,Charge,0.00,392.80,"11,579.67"
ID13622,14-Mar-2026,Interest,369.03,0.00,"56,119.22"
ID13622,14-Jan-2026,ATM Withdrawal,0.00,73.29,"63,956.85"
ID13622,01-Apr-2026,ATM Withdrawal,0.00,155.91,"28,381.47"
ID13622,19-Feb-2026,ATM Withdrawal,0.00,237.22,"60,784.85"
ID13622,05-Mar-2026,Charge,0.00,134.92,"93,770.09"
ID13622,03-Apr-2026,Reversal,0.00,209.63,"59,894.42"
ID13622,27-Jan-2026,Reversal,118.00,0.00,"90,715.61"
ID13622,11-Mar-2026,ATM Withdrawal,0.00,500.37,"66,382.42"
ID13623,12-Jan-2026,Debit Card,0.00,517.37,"6,738.40"
ID13623,15-Feb-2026,Transfer,0.00,485.38,"67,221.51"
ID13623,24-Jan-2026,Payment,"1,521.29",0.00,"83,256.25"
ID13623,08-Feb-2026,Direct Deposit,"3,846.73",0.00,"72,208.22"
ID13623,15-Jan-2026,Transfer,0.00,"1,162.52","3,435.60"
ID13623,23-Mar-2026,Transfer,"1,336.04",0.00,"46,314.33"
ID13623,06-Feb-2026,Charge,0.00,46.94,"17,295.14"
ID13623,21-Feb-2026,Reversal,508.86,0.00,"1,881.80"
ID13623,10-Mar-2026,ATM Withdrawal,0.00,111.42,"15,655.35"
ID13623,06-Jan-2026,Charge,0.00,364.53,"50,023.77"
ID13623,28-Mar-2026,Debit Card,0.00,816.40,"27,033.19"
ID13623,24-Feb-2026,ATM Withdrawal,0.00,471.21,"14,202.01"
ID13623,07-Jan-2026,ATM Withdrawal,0.00,382.93,"5,191.25"
ID13623,17-Feb-2026,Debit Card,0.00,455.83,"6,043.77"
ID13623,12-Mar-2026,ATM Withdrawal,0.00,577.08,"89,506.82"
ID13623,06-Mar-2026,Reversal,0.00,58.83,"37,540.00"
ID13623,19-Feb-2026,Debit Card,0.00,79.13,"53,554.36"
ID13623,10-Jan-2026,Direct Deposit,"4,498.18",0.00,"62,128.96"
ID13623,03-Mar-2026,Debit Card,0.00,645.98,"98,072.58"
ID13623,21-Jan-2026,Transfer,0.00,"1,234.00","65,469.80"
ID13624,25-Mar-2026,Payment,0.00,"1,014.40","70,763.80"
ID13624,23-Jan-2026,Charge,0.00,159.63,"70,122.32"
ID13624,27-Mar-2026,Direct Deposit,"3,558.33",0.00,"59,453.10"
ID13624,06-Feb-2026,Reversal,0.00,588.35,"58,926.88"
ID13624,01-Apr-2026,ATM Withdrawal,0.00,930.64,"98,865.86"
ID13624,08-Mar-2026,Debit Card,0.00,564.54,"73,091.74"
ID13624,03-Apr-2026,Reversal,149.98,0.00,"88,762.98"
ID13624,24-Jan-2026,Transfer,0.00,692.91,"89,945.81"
ID13624,27-Mar-2026,Payment,0.00,"1,451.51","15,142.44"
ID13624,18-Jan-2026,Debit Card,0.00,735.82,"52,532.83"
ID13624,19-Mar-2026,Transfer,0.00,94.29,"83,749.99"
ID13624,28-Feb-2026,Direct Deposit,"3,803.55",0.00,"29,794.70"
ID13624,17-Jan-2026,Interest,314.19,0.00,"29,203.98"
ID13624,23-Mar-2026,Reversal,"1,334.75",0.00,"58,825.39"
ID13624,20-Jan-2026,Reversal,945.94,0.00,"33,175.20"
ID13624,03-Jan-2026,Charge,0.00,516.03,"52,627.77"
ID13624,28-Jan-2026,ATM Withdrawal,0.00,748.96,"18,633.01"
ID13624,10-Mar-2026,Charge,0.00,511.37,"83,181.07"
ID13624,27-Jan-2026,Interest,393.64,0.00,"62,350.19"
ID13624,28-Feb-2026,Direct Deposit,"4,671.61",0.00,"84,887.62"
ID13625,11-Mar-2026,Interest,305.77,0.00,"88,772.32"
ID13625,06-Jan-2026,Transfer,0.00,455.00,"46,082.64"
ID13625,03-Jan-2026,ATM Withdrawal,0.00,592.53,"22,368.64"
ID13625,07-Feb-2026,Reversal,0.00,514.08,"36,267.36"
ID13625,08-Jan-2026,Transfer,"1,674.40",0.00,"41,767.57"
ID13625,13-Mar-2026,Debit Card,0.00,474.15,"4,847.16"
ID13625,13-Mar-2026,Reversal,0.00,301.35,"32,427.19"
ID13625,03-Mar-2026,Debit Card,0.00,438.50,"48,188.23"
ID13625,02-Apr-2026,Interest,366.13,0.00,"35,584.99"
ID13625,27-Jan-2026,Direct Deposit,572.49,0.00,"68,223.47"
ID13625,23-Feb-2026,Reversal,514.23,0.00,"31,445.19"
ID13625,19-Feb-2026,Transfer,0.00,980.41,"49,079.68"
ID13625,27-Jan-2026,Reversal,219.33,0.00,"83,700.93"
ID13625,08-Jan-2026,Debit Card,0.00,155.81,"85,261.04"
ID13625,26-Feb-2026,Reversal,0.00,880.42,"17,783.27"
ID13625,06-Feb-2026,Direct Deposit,"1,105.17",0.00,"56,816.33"
ID13625,17-Feb-2026,Reversal,"1,709.92",0.00,"11,736.91"
ID13625,21-Feb-2026,Debit Card,0.00,641.83,"48,558.64"
ID13625,21-Feb-2026,Reversal,0.00,471.04,"23,318.70"
ID13625,03-Jan-2026,ATM Withdrawal,0.00,86.23,"57,647.84"
ID13626,20-Jan-2026,Direct Deposit,912.26,0.00,"48,885.24"
ID13626,29-Jan-2026,Transfer,"1,468.31",0.00,"94,128.49"
ID13626,15-Jan-2026,Direct Deposit,"3,997.36",0.00,"43,665.35"
ID13626,06-Jan-2026,Direct Deposit,"2,745.70",0.00,"2,777.89"
ID13626,24-Jan-2026,ATM Withdrawal,0.00,462.01,"43,475.84"
ID13626,18-Feb-2026,Direct Deposit,"3,023.66",0.00,"91,095.16"
ID13626,12-Feb-2026,Interest,33.49,0.00,"52,814.68"
ID13626,01-Apr-2026,Charge,0.00,37.08,"55,681.41"
ID13626,12-Jan-2026,Charge,0.00,863.23,"20,668.96"
ID13626,09-Mar-2026,Debit Card,0.00,250.73,"22,070.42"
ID13626,12-Mar-2026,Interest,202.46,0.00,"35,250.25"
ID13626,05-Jan-2026,Reversal,0.00,204.19,"38,929.91"
ID13626,14-Jan-2026,Charge,0.00,246.29,"83,956.22"
ID13626,15-Jan-2026,Direct Deposit,879.40,0.00,"27,199.13"
ID13626,27-Jan-2026,Interest,198.53,0.00,"29,387.44"
ID13626,07-Feb-2026,Debit Card,0.00,128.66,"15,630.73"
ID13626,14-Jan-2026,Direct Deposit,716.11,0.00,"97,416.55"
ID13626,25-Feb-2026,Interest,160.12,0.00,"76,100.96"
ID13626,07-Jan-2026,Direct Deposit,"3,810.19",0.00,"73,785.40"
ID13626,08-Feb-2026,Debit Card,0.00,709.84,"69,132.86"
ID13627,07-Feb-2026,Transfer,0.00,842.45,"3,377.05"
ID13627,11-Feb-2026,Direct Deposit,"4,130.45",0.00,"10,695.37"
ID13627,17-Jan-2026,Charge,0.00,113.10,"71,224.28"
ID13627,21-Feb-2026,Direct Deposit,"3,950.94",0.00,"90,432.48"
ID13627,19-Feb-2026,Charge,0.00,456.93,"25,296.15"
ID13627,09-Jan-2026,Payment,835.07,0.00,"87,846.37"
ID13627,17-Jan-2026,Charge,0.00,600.82,"44,228.24"
ID13627,10-Feb-2026,Debit Card,0.00,128.71,"84,552.46"
ID13627,07-Feb-2026,Transfer,"1,500.10",0.00,"93,638.05"
ID13627,18-Feb-2026,Direct Deposit,"2,864.56",0.00,"66,417.77"
ID13627,14-Mar-2026,Transfer,506.45,0.00,"53,893.79"
ID13627,18-Feb-2026,Payment,0.00,702.98,"78,891.02"
ID13627,20-Feb-2026,Transfer,198.73,0.00,"68,804.67"
ID13627,02-Mar-2026,Interest,498.12,0.00,"38,557.77"
ID13627,18-Jan-2026,ATM Withdrawal,0.00,948.08,"95,976.06"
ID13627,08-Mar-2026,Direct Deposit,"3,544.65",0.00,"78,572.01"
ID13627,18-Mar-2026,Debit Card,0.00,168.69,"12,035.36"
ID13627,11-Jan-2026,ATM Withdrawal,0.00,665.19,"96,200.53"
ID13627,23-Feb-2026,Transfer,0.00,107.75,"22,577.12"
ID13627,29-Jan-2026,Charge,0.00,768.89,"36,130.34"
ID13628,14-Feb-2026,Transfer,0.00,939.83,"3,904.78"
ID13628,27-Jan-2026,Payment,0.00,541.86,"82,982.32"
ID13628,31-Jan-2026,Debit Card,0.00,565.81,"15,311.40"
ID13628,27-Mar-2026,Reversal,807.71,0.00,"34,789.83"
ID13628,29-Mar-2026,ATM Withdrawal,0.00,843.12,"9,500.93"
ID13628,02-Feb-2026,Charge,0.00,597.91,"32,061.94"
ID13628,24-Feb-2026,Debit Card,0.00,911.78,"73,374.43"
ID13628,10-Feb-2026,ATM Withdrawal,0.00,771.20,"86,364.75"
ID13628,13-Feb-2026,Transfer,0.00,938.22,"51,045.11"
ID13628,27-Feb-2026,Direct Deposit,"4,349.72",0.00,"13,851.26"
ID13628,01-Apr-2026,Charge,0.00,298.46,"84,887.23"
ID13628,08-Jan-2026,Direct Deposit,"4,338.10",0.00,"75,268.62"
ID13628,07-Jan-2026,Transfer,0.00,"1,198.91","10,050.34"
ID13628,24-Feb-2026,Debit Card,0.00,467.36,"10,113.37"
ID13628,11-Feb-2026,ATM Withdrawal,0.00,632.08,"76,399.55"
ID13628,15-Jan-2026,Direct Deposit,"3,143.13",0.00,"75,011.10"
ID13628,18-Jan-2026,Payment,0.00,56.27,"13,610.57"
ID13628,20-Mar-2026,Transfer,0.00,"1,467.85","35,810.04"
ID13628,17-Feb-2026,Charge,0.00,506.00,"51,489.12"
ID13628,27-Jan-2026,Reversal,0.00,346.85,"60,131.46"
ID13629,13-Feb-2026,Interest,366.12,0.00,"44,406.82"
ID13629,22-Mar-2026,Reversal,0.00,"1,256.63","49,497.27"
ID13629,08-Mar-2026,Direct Deposit,978.45,0.00,"95,034.52"
ID13629,10-Jan-2026,ATM Withdrawal,0.00,383.05,"21,978.20"
ID13629,07-Jan-2026,Interest,470.89,0.00,"80,869.86"
ID13629,15-Feb-2026,Direct Deposit,"3,623.94",0.00,"34,586.96"
ID13629,25-Feb-2026,Charge,0.00,24.38,"15,960.16"
ID13629,24-Mar-2026,Payment,0.00,"1,049.20","84,871.44"
ID13629,15-Mar-2026,Payment,0.00,380.77,"62,671.03"
ID13629,15-Jan-2026,Transfer,"1,460.24",0.00,"25,083.26"
ID13629,25-Feb-2026,Charge,0.00,886.98,"17,827.72"
ID13629,03-Feb-2026,Charge,0.00,427.99,"12,721.90"
ID13629,02-Feb-2026,ATM Withdrawal,0.00,659.62,"33,500.72"
ID13629,18-Mar-2026,Direct Deposit,"1,200.48",0.00,"60,272.61"
ID13629,14-Mar-2026,Transfer,0.00,140.31,"71,101.20"
ID13629,03-Jan-2026,Direct Deposit,"2,497.24",0.00,"4,291.68"
ID13629,03-Apr-2026,Charge,0.00,729.79,"47,293.25"
ID13629,05-Mar-2026,Debit Card,0.00,279.32,"80,741.41"
ID13629,05-Feb-2026,Payment,973.36,0.00,"23,536.02"
ID13629,24-Feb-2026,Charge,0.00,843.90,"18,035.91"
ID13630,03-Mar-2026,Charge,0.00,742.95,"45,121.74"
ID13630,21-Jan-2026,Transfer,126.10,0.00,"24,977.45"
ID13630,19-Mar-2026,ATM Withdrawal,0.00,217.83,"84,711.08"
ID13630,20-Jan-2026,Transfer,0.00,"1,353.07","29,680.45"
ID13630,16-Feb-2026,Interest,69.75,0.00,"36,922.56"
ID13630,25-Mar-2026,ATM Withdrawal,0.00,518.97,"84,077.03"
ID13630,28-Mar-2026,Payment,0.00,"1,245.85","21,594.89"
ID13630,25-Jan-2026,Transfer,558.72,0.00,"19,007.63"
ID13630,17-Feb-2026,Direct Deposit,"2,379.72",0.00,"98,065.76"
ID13630,24-Jan-2026,Interest,211.06,0.00,"95,281.97"
ID13630,11-Mar-2026,Payment,"1,730.19",0.00,"7,728.82"
ID13630,19-Mar-2026,ATM Withdrawal,0.00,909.02,"78,919.70"
ID13630,07-Mar-2026,Direct Deposit,"4,757.79",0.00,"82,497.74"
ID13630,02-Apr-2026,ATM Withdrawal,0.00,770.48,"36,809.04"
ID13630,03-Apr-2026,Payment,"1,777.47",0.00,"99,838.62"
ID13630,13-Jan-2026,Direct Deposit,"3,852.73",0.00,"71,216.56"
ID13630,25-Feb-2026,Transfer,793.20,0.00,"21,041.93"
ID13630,06-Feb-2026,ATM Withdrawal,0.00,919.19,"47,275.36"
ID13630,20-Mar-2026,Debit Card,0.00,46.05,"31,062.25"
ID13630,01-Mar-2026,Reversal,0.00,744.06,"85,899.90"
ID13631,19-Feb-2026,Charge,0.00,133.60,"37,675.94"
ID13631,27-Jan-2026,ATM Withdrawal,0.00,94.55,"15,619.07"
ID13631,13-Mar-2026,Interest,304.79,0.00,"75,683.83"
ID13631,15-Feb-2026,ATM Withdrawal,0.00,901.49,"96,986.65"
ID13631,09-Jan-2026,Reversal,0.00,219.43,"85,510.08"
ID13631,21-Mar-2026,Reversal,0.00,269.46,"56,943.91"
ID13631,15-Jan-2026,Interest,100.66,0.00,"37,807.77"
ID13631,17-Jan-2026,Transfer,0.00,467.37,"7,780.01"
ID13631,14-Jan-2026,Interest,493.52,0.00,"1,071.70"
ID13631,21-Jan-2026,Reversal,0.00,809.49,"83,351.86"
ID13631,06-Mar-2026,ATM Withdrawal,0.00,576.15,"3,412.97"
ID13631,05-Mar-2026,Transfer,"1,188.75",0.00,"58,347.46"
ID13631,16-Feb-2026,Debit Card,0.00,289.66,"45,343.90"
ID13631,17-Jan-2026,Payment,0.00,512.70,"26,011.85"
ID13631,14-Mar-2026,Reversal,0.00,386.33,"35,563.35"
ID13631,04-Feb-2026,Charge,0.00,499.06,"62,024.57"
ID13631,16-Feb-2026,Direct Deposit,"3,811.04",0.00,"59,444.07"
ID13631,21-Jan-2026,Payment,0.00,82.97,"16,170.96"
ID13631,14-Jan-2026,Reversal,829.03,0.00,"58,614.08"
ID13631,21-Feb-2026,Transfer,"1,816.69",0.00,"87,901.14"
ID13632,22-Mar-2026,Payment,0.00,"1,206.75","36,812.68"
ID13632,08-Mar-2026,Transfer,551.15,0.00,"8,050.77"
ID13632,19-Feb-2026,Interest,126.88,0.00,"79,330.63"
ID13632,06-Feb-2026,ATM Withdrawal,0.00,927.25,"12,312.62"
ID13632,12-Feb-2026,ATM Withdrawal,0.00,511.77,"34,460.63"
ID13632,07-Mar-2026,Payment,"1,602.05",0.00,"33,011.18"
ID13632,22-Mar-2026,Direct Deposit,"1,685.96",0.00,"24,760.49"
ID13632,03-Jan-2026,Transfer,0.00,221.37,"73,184.62"
ID13632,14-Feb-2026,ATM Withdrawal,0.00,767.37,"89,609.17"
ID13632,15-Mar-2026,Direct Deposit,858.51,0.00,"96,401.26"
ID13632,13-Jan-2026,Payment,"1,138.28",0.00,"68,011.03"
ID13632,26-Feb-2026,Direct Deposit,"1,484.66",0.00,"33,423.34"
ID13632,08-Jan-2026,Interest,321.20,0.00,"85,524.86"
ID13632,02-Apr-2026,Transfer,0.00,693.20,"87,149.48"
ID13632,10-Jan-2026,Interest,437.83,0.00,"29,389.49"
ID13632,15-Feb-2026,Payment,0.00,426.01,"25,518.03"
ID13632,19-Mar-2026,Direct Deposit,"2,635.28",0.00,"69,694.87"
ID13632,13-Jan-2026,Debit Card,0.00,935.00,"55,002.52"
ID13632,07-Jan-2026,Debit Card,0.00,210.60,"78,702.21"
ID13632,19-Mar-2026,Debit Card,0.00,970.62,"86,277.33"
ID13633,06-Mar-2026,Debit Card,0.00,640.30,"90,903.45"
ID13633,11-Mar-2026,Debit Card,0.00,466.94,"70,257.53"
ID13633,31-Mar-2026,Interest,27.73,0.00,"17,405.11"
ID13633,17-Mar-2026,Payment,0.00,576.80,"58,732.43"
ID13633,13-Jan-2026,Charge,0.00,92.86,"56,448.20"
ID13633,10-Mar-2026,Reversal,0.00,"1,204.96","54,988.02"
ID13633,10-Jan-2026,Interest,377.23,0.00,"28,906.57"
ID13633,15-Jan-2026,Charge,0.00,88.09,"97,993.19"
ID13633,19-Mar-2026,Transfer,"1,484.92",0.00,"94,224.71"
ID13633,20-Mar-2026,Charge,0.00,359.25,"67,603.26"
ID13633,26-Mar-2026,Debit Card,0.00,99.77,"18,474.65"
ID13633,23-Mar-2026,Direct Deposit,"4,492.00",0.00,"34,696.37"
ID13633,12-Mar-2026,Payment,0.00,"1,447.64","17,009.35"
ID13633,07-Mar-2026,Payment,0.00,428.07,"50,059.45"
ID13633,22-Jan-2026,Charge,0.00,355.46,"77,389.96"
ID13633,04-Mar-2026,Interest,353.19,0.00,"70,708.79"
ID13633,21-Feb-2026,Direct Deposit,"1,595.84",0.00,"20,184.46"
ID13633,27-Jan-2026,Direct Deposit,"1,891.65",0.00,"14,930.10"
ID13633,21-Jan-2026,Reversal,357.99,0.00,"79,204.17"
ID13633,19-Jan-2026,Debit Card,0.00,388.71,"9,064.92"
ID13634,08-Mar-2026,Debit Card,0.00,750.44,"6,192.64"
ID13634,18-Jan-2026,Reversal,0.00,471.14,"83,993.99"
ID13634,13-Feb-2026,Payment,0.00,557.52,"1,491.20"
ID13634,25-Jan-2026,Debit Card,0.00,375.47,"83,467.97"
ID13634,23-Mar-2026,Direct Deposit,"4,376.21",0.00,"66,823.58"
ID13634,10-Jan-2026,Direct Deposit,"4,929.87",0.00,"22,394.89"
ID13634,03-Apr-2026,Transfer,0.00,"1,391.25","10,082.47"
ID13634,30-Mar-2026,Interest,472.65,0.00,"37,246.29"
ID13634,16-Feb-2026,Transfer,0.00,399.21,"91,264.25"
ID13634,28-Mar-2026,Payment,"1,300.13",0.00,"4,567.19"
ID13634,21-Jan-2026,Transfer,252.80,0.00,"41,881.74"
ID13634,21-Jan-2026,Interest,76.68,0.00,"96,673.74"
ID13634,30-Mar-2026,Interest,140.54,0.00,"80,919.70"
ID13634,12-Mar-2026,ATM Withdrawal,0.00,819.70,"40,056.53"
ID13634,14-Jan-2026,Interest,304.46,0.00,"33,086.21"
ID13634,02-Feb-2026,Reversal,0.00,"1,252.57","56,018.11"
ID13634,21-Mar-2026,Interest,429.58,0.00,"34,577.75"
ID13634,02-Feb-2026,Direct Deposit,"4,667.37",0.00,"25,691.37"
ID13634,15-Feb-2026,Interest,91.73,0.00,"8,688.60"
ID13634,27-Feb-2026,ATM Withdrawal,0.00,112.80,"14,758.86"
ID13635,10-Mar-2026,Direct Deposit,"4,134.85",0.00,"73,116.56"
ID13635,18-Jan-2026,Interest,389.48,0.00,"49,213.20"
ID13635,16-Jan-2026,Transfer,0.00,"1,245.50","74,630.48"
ID13635,31-Mar-2026,Charge,0.00,923.10,"12,808.29"
ID13635,16-Feb-2026,Transfer,0.00,792.79,"32,201.53"
ID13635,12-Mar-2026,Interest,152.58,0.00,"29,938.16"
ID13635,04-Feb-2026,Transfer,0.00,828.25,"24,458.15"
ID13635,12-Mar-2026,Reversal,0.00,"1,190.36","67,766.03"
ID13635,13-Mar-2026,Charge,0.00,387.52,"26,997.52"
ID13635,08-Jan-2026,Debit Card,0.00,933.54,"94,723.24"
ID13635,29-Mar-2026,Charge,0.00,507.34,"27,810.16"
ID13635,04-Mar-2026,Charge,0.00,700.15,"17,847.62"
ID13635,10-Feb-2026,Payment,616.68,0.00,"51,585.03"
ID13635,04-Mar-2026,Interest,134.17,0.00,"46,434.36"
ID13635,23-Mar-2026,Interest,72.64,0.00,"48,858.32"
ID13635,06-Mar-2026,Payment,0.00,772.20,"12,391.67"
ID13635,21-Jan-2026,ATM Withdrawal,0.00,278.45,"37,203.83"
ID13635,23-Feb-2026,Direct Deposit,"1,600.34",0.00,"37,864.61"
ID13635,15-Jan-2026,Debit Card,0.00,699.41,"5,516.58"
ID13635,08-Feb-2026,Debit Card,0.00,961.35,"22,674.06"
ID13636,09-Mar-2026,Direct Deposit,"3,318.67",0.00,"54,796.56"
ID13636,12-Feb-2026,Interest,404.31,0.00,"76,382.91"
ID13636,29-Mar-2026,Reversal,"1,705.80",0.00,"36,503.96"
ID13636,10-Jan-2026,Transfer,960.99,0.00,"87,208.46"
ID13636,07-Jan-2026,Reversal,0.00,"1,323.68","21,235.44"
ID13636,17-Feb-2026,Transfer,0.00,975.93,"46,108.17"
ID13636,03-Feb-2026,Direct Deposit,"1,439.59",0.00,"59,619.00"
ID13636,04-Feb-2026,Debit Card,0.00,415.58,"68,552.48"
ID13636,01-Feb-2026,Charge,0.00,41.29,"99,155.55"
ID13636,23-Jan-2026,Reversal,0.00,"1,059.11","51,424.98"
ID13636,03-Feb-2026,Payment,0.00,833.61,"9,652.91"
ID13636,16-Jan-2026,Direct Deposit,"4,534.81",0.00,"89,051.98"
ID13636,17-Feb-2026,Interest,46.78,0.00,"51,143.74"
ID13636,05-Jan-2026,ATM Withdrawal,0.00,350.63,"24,326.97"
ID13636,24-Feb-2026,Charge,0.00,575.71,"15,505.06"
ID13636,01-Mar-2026,Debit Card,0.00,801.92,"44,337.33"
ID13636,06-Feb-2026,Transfer,195.32,0.00,"38,047.42"
ID13636,03-Mar-2026,Direct Deposit,"3,890.01",0.00,"62,794.54"
ID13636,17-Feb-2026,ATM Withdrawal,0.00,409.50,"81,172.73"
ID13636,26-Feb-2026,Interest,10.84,0.00,"95,676.01"
ID13637,19-Mar-2026,Direct Deposit,686.46,0.00,"51,602.70"
ID13637,12-Feb-2026,Debit Card,0.00,830.28,"52,011.94"
ID13637,14-Jan-2026,Charge,0.00,677.19,"21,179.78"
ID13637,26-Mar-2026,ATM Withdrawal,0.00,820.86,"42,680.70"
ID13637,16-Feb-2026,Interest,256.90,0.00,"63,610.04"
ID13637,08-Mar-2026,Direct Deposit,"3,692.83",0.00,"98,982.35"
ID13637,26-Jan-2026,Reversal,"1,094.76",0.00,"47,008.64"
ID13637,16-Feb-2026,Charge,0.00,601.81,"23,014.31"
ID13637,01-Apr-2026,Payment,666.37,0.00,"23,976.93"
ID13637,19-Jan-2026,Direct Deposit,"1,337.97",0.00,"52,620.42"
ID13637,18-Feb-2026,ATM Withdrawal,0.00,906.76,"45,431.87"
ID13637,09-Jan-2026,Interest,472.56,0.00,"14,165.91"
ID13637,09-Jan-2026,Interest,391.69,0.00,"35,087.90"
ID13637,14-Jan-2026,ATM Withdrawal,0.00,266.34,"32,642.80"
ID13637,12-Feb-2026,Payment,503.77,0.00,"56,276.72"
ID13637,15-Mar-2026,Transfer,369.27,0.00,"67,912.19"
ID13637,05-Mar-2026,ATM Withdrawal,0.00,862.77,"92,493.40"
ID13637,14-Feb-2026,Transfer,861.08,0.00,"94,883.49"
ID13637,11-Feb-2026,Debit Card,0.00,372.14,"91,317.31"
ID13637,14-Jan-2026,Payment,"1,805.14",0.00,"6,448.40"
ID13638,07-Jan-2026,Payment,0.00,"1,343.10","15,153.94"
ID13638,31-Mar-2026,Reversal,999.37,0.00,"54,744.32"
ID13638,01-Feb-2026,Payment,0.00,"1,427.72","90,755.09"
ID13638,22-Feb-2026,ATM Withdrawal,0.00,515.55,"89,248.02"
ID13638,29-Mar-2026,Payment,"1,299.41",0.00,"68,450.07"
ID13638,26-Feb-2026,Interest,264.00,0.00,"42,872.13"
ID13638,21-Jan-2026,Direct Deposit,"1,727.20",0.00,"56,930.71"
ID13638,13-Feb-2026,ATM Withdrawal,0.00,43.23,"47,778.28"
ID13638,03-Apr-2026,Direct Deposit,"4,573.09",0.00,"10,617.99"
ID13638,15-Mar-2026,Reversal,"1,245.22",0.00,"62,802.08"
ID13638,25-Jan-2026,Direct Deposit,"4,157.68",0.00,"52,767.31"
ID13638,16-Mar-2026,Charge,0.00,408.79,"2,479.74"
ID13638,15-Jan-2026,Reversal,0.00,472.78,"37,401.44"
ID13638,16-Jan-2026,ATM Withdrawal,0.00,393.54,"81,136.25"
ID13638,02-Apr-2026,Debit Card,0.00,297.09,"36,477.25"
ID13638,22-Jan-2026,Charge,0.00,631.23,"56,266.19"
ID13638,23-Jan-2026,Interest,310.55,0.00,"71,117.41"
ID13638,05-Mar-2026,Charge,0.00,81.95,"84,511.41"
ID13638,02-Apr-2026,Debit Card,0.00,920.45,"22,660.81"
ID13638,25-Mar-2026,Interest,398.01,0.00,"87,673.89"
ID13639,07-Jan-2026,Charge,0.00,718.33,"16,680.56"
ID13639,09-Mar-2026,Debit Card,0.00,144.83,"65,173.91"
ID13639,19-Feb-2026,Debit Card,0.00,859.21,"95,922.81"
ID13639,09-Mar-2026,Charge,0.00,371.79,"18,491.69"
ID13639,13-Feb-2026,Payment,0.00,735.71,"76,695.65"
ID13639,03-Feb-2026,Payment,0.00,"1,295.42","69,038.80"
ID13639,18-Mar-2026,Direct Deposit,"2,944.04",0.00,"35,857.45"
ID13639,08-Mar-2026,Direct Deposit,552.29,0.00,"83,372.18"
ID13639,02-Feb-2026,Transfer,0.00,113.18,"36,981.08"
ID13639,06-Mar-2026,Transfer,"1,386.40",0.00,"35,454.06"
ID13639,21-Feb-2026,Charge,0.00,543.61,"11,665.78"
ID13639,17-Jan-2026,Reversal,932.88,0.00,"74,067.68"
ID13639,16-Feb-2026,Debit Card,0.00,324.85,"68,910.30"
ID13639,27-Mar-2026,Charge,0.00,900.58,"83,767.21"
ID13639,27-Mar-2026,Interest,231.80,0.00,"28,946.07"
ID13639,23-Feb-2026,ATM Withdrawal,0.00,284.89,"22,967.37"
ID13639,14-Feb-2026,Payment,0.00,"1,121.75","63,977.81"
ID13639,10-Mar-2026,Charge,0.00,806.22,"8,588.10"
ID13639,18-Mar-2026,Transfer,681.25,0.00,"43,353.49"
ID13639,18-Jan-2026,Charge,0.00,456.27,"52,760.66"
ID13640,01-Apr-2026,Direct Deposit,"3,825.81",0.00,"8,031.89"
ID13640,04-Jan-2026,Direct Deposit,"1,757.63",0.00,"96,715.33"
ID13640,28-Jan-2026,Interest,124.77,0.00,"50,669.86"
ID13640,16-Jan-2026,Reversal,"1,022.89",0.00,"79,979.25"
ID13640,06-Jan-2026,Reversal,0.00,991.59,"24,806.54"
ID13640,22-Mar-2026,Interest,108.14,0.00,"86,818.46"
ID13640,07-Jan-2026,Payment,817.82,0.00,"36,189.61"
ID13640,09-Feb-2026,Payment,279.90,0.00,"97,199.31"
ID13640,06-Mar-2026,Debit Card,0.00,286.29,"84,026.66"
ID13640,07-Jan-2026,Transfer,0.00,504.95,"85,578.47"
ID13640,14-Feb-2026,Charge,0.00,717.10,"44,442.39"
ID13640,11-Feb-2026,Charge,0.00,266.29,"46,914.81"
ID13640,09-Feb-2026,Transfer,977.20,0.00,"14,163.84"
ID13640,24-Feb-2026,Debit Card,0.00,457.76,"96,302.36"
ID13640,31-Mar-2026,Transfer,0.00,335.37,"49,497.10"
ID13640,15-Feb-2026,ATM Withdrawal,0.00,511.09,"56,695.00"
ID13640,06-Jan-2026,Charge,0.00,370.48,"60,498.70"
ID13640,14-Jan-2026,Reversal,0.00,"1,423.03","42,070.62"
ID13640,13-Jan-2026,ATM Withdrawal,0.00,193.87,"72,640.91"
ID13640,19-Feb-2026,Payment,0.00,"1,488.55","77,039.65"
ID13641,07-Mar-2026,Reversal,285.44,0.00,"84,131.97"
ID13641,05-Jan-2026,Charge,0.00,71.28,"13,968.03"
ID13641,31-Jan-2026,Payment,584.35,0.00,"59,576.25"
ID13641,18-Mar-2026,ATM Withdrawal,0.00,912.33,"19,162.02"
ID13641,26-Feb-2026,Reversal,"1,336.33",0.00,"12,828.77"
ID13641,13-Mar-2026,Transfer,0.00,631.69,"47,366.61"
ID13641,27-Mar-2026,ATM Withdrawal,0.00,588.01,"59,203.03"
ID13641,04-Mar-2026,Interest,276.01,0.00,"81,847.22"
ID13641,08-Feb-2026,Direct Deposit,854.92,0.00,"37,230.64"
ID13641,11-Mar-2026,Direct Deposit,"3,845.52",0.00,"2,479.64"
ID13641,04-Jan-2026,Payment,"1,623.78",0.00,"39,494.44"
ID13641,11-Mar-2026,Payment,0.00,466.29,"91,721.94"
ID13641,31-Jan-2026,Debit Card,0.00,415.06,"96,328.62"
ID13641,01-Mar-2026,Payment,"1,560.81",0.00,"62,041.07"
ID13641,26-Feb-2026,Payment,190.22,0.00,"33,537.69"
ID13641,30-Jan-2026,Charge,0.00,508.98,"90,368.16"
ID13641,02-Mar-2026,Transfer,0.00,521.56,"17,441.23"
ID13641,17-Mar-2026,Transfer,0.00,944.68,"13,366.44"
ID13641,26-Mar-2026,Interest,36.66,0.00,"13,396.63"
ID13641,19-Jan-2026,Charge,0.00,965.45,"49,622.23"
ID13642,14-Feb-2026,Charge,0.00,693.92,"71,735.83"
ID13642,16-Mar-2026,Transfer,630.91,0.00,"86,795.06"
ID13642,13-Feb-2026,Interest,128.71,0.00,"8,243.63"
ID13642,30-Mar-2026,Transfer,"1,475.83",0.00,"11,181.76"
ID13642,04-Feb-2026,Reversal,0.00,628.35,"72,486.03"
ID13642,08-Jan-2026,Reversal,721.17,0.00,"89,699.00"
ID13642,23-Feb-2026,Transfer,0.00,322.50,"94,460.35"
ID13642,03-Apr-2026,Charge,0.00,862.37,"23,822.97"
ID13642,21-Feb-2026,Direct Deposit,"3,337.25",0.00,"53,357.79"
ID13642,30-Mar-2026,Charge,0.00,796.29,"33,436.85"
ID13642,12-Jan-2026,ATM Withdrawal,0.00,698.02,"35,136.49"
ID13642,11-Jan-2026,Charge,0.00,893.91,"3,043.29"
ID13642,20-Feb-2026,Direct Deposit,806.48,0.00,"94,437.68"
ID13642,20-Mar-2026,Direct Deposit,776.27,0.00,"76,103.10"
ID13642,29-Jan-2026,Interest,39.48,0.00,"19,945.96"
ID13642,23-Mar-2026,ATM Withdrawal,0.00,850.06,"65,223.30"
ID13642,26-Feb-2026,Transfer,0.00,262.72,"2,252.98"
ID13642,20-Mar-2026,ATM Withdrawal,0.00,93.06,"14,293.60"
ID13642,10-Mar-2026,Direct Deposit,"4,113.90",0.00,"73,254.32"
ID13642,15-Feb-2026,Debit Card,0.00,184.14,"99,430.55"
ID13643,05-Jan-2026,Direct Deposit,"2,480.46",0.00,"70,291.00"
ID13643,21-Mar-2026,Direct Deposit,"1,864.91",0.00,"95,946.49"
ID13643,12-Jan-2026,ATM Withdrawal,0.00,798.42,"6,491.42"
ID13643,01-Apr-2026,Transfer,0.00,51.30,"18,178.07"
ID13643,02-Apr-2026,Direct Deposit,"4,730.43",0.00,"18,931.87"
ID13643,22-Mar-2026,ATM Withdrawal,0.00,46.84,"39,121.43"
ID13643,23-Jan-2026,ATM Withdrawal,0.00,587.77,"91,207.76"
ID13643,18-Feb-2026,Transfer,0.00,476.03,"6,188.08"
ID13643,01-Feb-2026,ATM Withdrawal,0.00,860.75,"34,845.60"
ID13643,20-Mar-2026,Payment,142.24,0.00,"9,114.98"
ID13643,23-Jan-2026,Payment,"1,391.92",0.00,"87,668.08"
ID13643,27-Feb-2026,Reversal,0.00,"1,497.84","11,124.33"
ID13643,15-Jan-2026,Payment,"1,692.62",0.00,"14,465.38"
ID13643,22-Feb-2026,Interest,185.90,0.00,"51,320.56"
ID13643,03-Jan-2026,Interest,403.27,0.00,"33,373.20"
ID13643,17-Mar-2026,Debit Card,0.00,842.80,"20,834.41"
ID13643,22-Jan-2026,Transfer,"1,362.51",0.00,"6,885.20"
ID13643,13-Jan-2026,Debit Card,0.00,210.98,"2,919.30"
ID13643,22-Mar-2026,Reversal,"1,817.19",0.00,"79,297.09"
ID13643,28-Mar-2026,Transfer,0.00,893.19,"28,500.69"
ID13644,05-Jan-2026,Transfer,"1,317.64",0.00,"21,577.25"
ID13644,03-Feb-2026,Interest,366.23,0.00,"23,611.03"
ID13644,28-Jan-2026,ATM Withdrawal,0.00,711.30,"14,100.75"
ID13644,06-Jan-2026,Reversal,0.00,960.47,"44,225.79"
ID13644,09-Mar-2026,Direct Deposit,"3,642.65",0.00,"48,617.82"
ID13644,09-Jan-2026,ATM Withdrawal,0.00,117.12,"17,664.79"
ID13644,01-Mar-2026,Charge,0.00,573.74,"25,507.11"
ID13644,10-Mar-2026,Direct Deposit,"1,202.78",0.00,"38,751.43"
ID13644,29-Jan-2026,Transfer,"1,659.97",0.00,"36,518.46"
ID13644,04-Jan-2026,Direct Deposit,513.19,0.00,"62,151.56"
ID13644,17-Mar-2026,Direct Deposit,"3,336.72",0.00,"8,822.44"
ID13644,18-Feb-2026,Reversal,"1,410.13",0.00,"79,584.49"
ID13644,30-Jan-2026,Transfer,801.51,0.00,"89,197.91"
ID13644,30-Jan-2026,Interest,241.13,0.00,"20,864.55"
ID13644,12-Jan-2026,Debit Card,0.00,995.74,"43,434.29"
ID13644,06-Jan-2026,Reversal,745.34,0.00,"99,877.26"
ID13644,04-Jan-2026,Direct Deposit,"2,408.01",0.00,"14,745.57"
ID13644,12-Feb-2026,Interest,77.72,0.00,"67,770.21"
ID13644,16-Mar-2026,Direct Deposit,"1,887.49",0.00,"59,314.72"
ID13644,18-Jan-2026,Interest,339.84,0.00,"99,423.27"
ID13645,24-Feb-2026,Payment,0.00,"1,155.92","46,639.02"
ID13645,22-Jan-2026,Charge,0.00,249.38,"16,848.17"
ID13645,07-Feb-2026,Charge,0.00,660.79,"3,650.96"
ID13645,05-Feb-2026,Debit Card,0.00,550.36,"98,135.84"
ID13645,27-Mar-2026,Reversal,"1,819.92",0.00,"64,656.17"
ID13645,13-Mar-2026,Debit Card,0.00,620.98,"64,732.30"
ID13645,24-Jan-2026,Payment,"1,863.38",0.00,"79,785.62"
ID13645,06-Mar-2026,Charge,0.00,703.06,"19,229.90"
ID13645,26-Jan-2026,Debit Card,0.00,47.12,"59,916.14"
ID13645,08-Feb-2026,Debit Card,0.00,663.50,"45,454.37"
ID13645,22-Jan-2026,Charge,0.00,162.04,"31,236.88"
ID13645,18-Feb-2026,Interest,10.41,0.00,"56,525.86"
ID13645,22-Feb-2026,Interest,249.79,0.00,"85,815.81"
ID13645,29-Mar-2026,Direct Deposit,"4,694.21",0.00,"15,295.67"
ID13645,31-Jan-2026,Debit Card,0.00,907.64,"70,356.00"
ID13645,19-Mar-2026,Payment,397.42,0.00,"55,772.69"
ID13645,29-Mar-2026,Reversal,942.24,0.00,"11,314.26"
ID13645,03-Jan-2026,Debit Card,0.00,413.65,"32,142.84"
ID13645,21-Feb-2026,Direct Deposit,"1,697.90",0.00,"77,824.12"
ID13645,22-Feb-2026,ATM Withdrawal,0.00,288.41,"78,434.38"
ID13646,13-Feb-2026,Charge,0.00,669.81,"90,633.44"
ID13646,22-Feb-2026,Charge,0.00,466.73,"95,347.76"
ID13646,07-Jan-2026,Direct Deposit,"4,362.17",0.00,"88,067.20"
ID13646,25-Feb-2026,Reversal,0.00,912.72,"48,814.81"
ID13646,11-Mar-2026,Interest,370.87,0.00,"86,538.03"
ID13646,01-Feb-2026,Debit Card,0.00,557.84,"28,034.77"
ID13646,19-Mar-2026,Charge,0.00,932.19,"34,581.84"
ID13646,18-Jan-2026,Transfer,"1,150.40",0.00,"92,493.09"
ID13646,04-Mar-2026,Direct Deposit,"2,335.88",0.00,"28,024.56"
ID13646,28-Mar-2026,Debit Card,0.00,884.38,"54,573.85"
ID13646,23-Jan-2026,Payment,0.00,82.21,"56,889.86"
ID13646,31-Mar-2026,Interest,403.43,0.00,"50,955.02"
ID13646,03-Jan-2026,ATM Withdrawal,0.00,806.66,"97,507.86"
ID13646,11-Mar-2026,Reversal,"1,773.12",0.00,"3,381.97"
ID13646,10-Feb-2026,Charge,0.00,816.71,"37,981.90"
ID13646,22-Mar-2026,ATM Withdrawal,0.00,951.42,"4,343.86"
ID13646,07-Feb-2026,ATM Withdrawal,0.00,48.25,"53,866.67"
ID13646,18-Jan-2026,Transfer,"1,507.33",0.00,"17,455.04"
ID13646,30-Jan-2026,Charge,0.00,491.68,"57,672.19"
ID13646,14-Jan-2026,ATM Withdrawal,0.00,320.38,"80,369.21"
ID13647,15-Mar-2026,Transfer,0.00,438.18,"56,724.85"
ID13647,08-Mar-2026,Charge,0.00,113.81,"85,872.96"
ID13647,10-Feb-2026,Transfer,"1,231.27",0.00,"81,206.69"
ID13647,04-Mar-2026,Debit Card,0.00,335.68,"19,337.88"
ID13647,26-Jan-2026,Charge,0.00,611.38,"7,949.34"
ID13647,24-Mar-2026,Reversal,172.02,0.00,"5,850.38"
ID13647,28-Jan-2026,Debit Card,0.00,617.30,"54,288.71"
ID13647,14-Mar-2026,Charge,0.00,934.54,"76,474.85"
ID13647,16-Jan-2026,Charge,0.00,941.12,"88,789.76"
ID13647,09-Jan-2026,Debit Card,0.00,439.00,"34,026.43"
ID13647,09-Feb-2026,Charge,0.00,62.14,"46,862.90"
ID13647,15-Feb-2026,Charge,0.00,33.10,"61,169.60"
ID13647,28-Mar-2026,Payment,"1,584.93",0.00,"11,023.32"
ID13647,23-Feb-2026,ATM Withdrawal,0.00,819.91,"88,894.35"
ID13647,06-Jan-2026,Reversal,696.60,0.00,"76,283.06"
ID13647,05-Jan-2026,Debit Card,0.00,322.06,"13,966.36"
ID13647,17-Jan-2026,Reversal,937.13,0.00,"95,946.92"
ID13647,02-Feb-2026,Direct Deposit,"2,408.95",0.00,"61,106.23"
ID13647,23-Mar-2026,Payment,"1,732.30",0.00,"93,081.65"
ID13647,12-Feb-2026,Charge,0.00,339.73,"13,924.83"
ID13648,17-Mar-2026,Payment,"1,804.44",0.00,"93,144.88"
ID13648,21-Mar-2026,Reversal,0.00,813.54,"74,502.66"
ID13648,26-Jan-2026,Payment,"1,234.05",0.00,"63,780.90"
ID13648,11-Jan-2026,Debit Card,0.00,914.33,"7,414.82"
ID13648,28-Mar-2026,Reversal,0.00,294.33,"21,751.69"
ID13648,18-Mar-2026,Charge,0.00,798.68,"63,720.08"
ID13648,28-Jan-2026,Debit Card,0.00,359.30,"57,839.95"
ID13648,12-Feb-2026,Debit Card,0.00,609.89,"14,154.23"
ID13648,03-Apr-2026,Payment,867.94,0.00,"35,231.87"
ID13648,14-Feb-2026,Debit Card,0.00,619.89,"74,317.24"
ID13648,21-Jan-2026,Payment,0.00,666.86,"41,779.26"
ID13648,10-Mar-2026,Transfer,0.00,561.65,"78,980.23"
ID13648,20-Jan-2026,Debit Card,0.00,342.25,"9,263.38"
ID13648,11-Jan-2026,Interest,72.62,0.00,"44,009.94"
ID13648,20-Jan-2026,Interest,268.70,0.00,"28,990.29"
ID13648,04-Feb-2026,Transfer,0.00,444.38,"60,543.42"
ID13648,27-Feb-2026,Payment,932.24,0.00,"14,005.53"
ID13648,18-Jan-2026,ATM Withdrawal,0.00,653.46,"43,852.35"
ID13648,02-Apr-2026,Debit Card,0.00,887.65,"91,594.67"
ID13648,17-Feb-2026,Debit Card,0.00,118.21,"5,693.43"
ID13649,06-Feb-2026,Debit Card,0.00,161.77,"47,343.63"
ID13649,26-Mar-2026,Transfer,0.00,179.63,"13,717.11"
ID13649,01-Apr-2026,Reversal,"1,981.75",0.00,"62,964.33"
ID13649,23-Feb-2026,Debit Card,0.00,786.78,"94,528.35"
ID13649,29-Jan-2026,Charge,0.00,373.53,"84,781.85"
ID13649,11-Feb-2026,Interest,267.99,0.00,"41,560.65"
ID13649,03-Mar-2026,Payment,0.00,"1,354.58","38,561.94"
ID13649,08-Mar-2026,Charge,0.00,643.53,"98,451.05"
ID13649,11-Feb-2026,Transfer,"1,034.03",0.00,"21,260.39"
ID13649,03-Feb-2026,Charge,0.00,383.14,"81,375.27"
ID13649,13-Mar-2026,Debit Card,0.00,633.25,"54,298.24"
ID13649,03-Mar-2026,Charge,0.00,401.30,"94,044.53"
ID13649,18-Jan-2026,ATM Withdrawal,0.00,367.12,"69,524.37"
ID13649,30-Jan-2026,Debit Card,0.00,115.28,"25,706.39"
ID13649,26-Mar-2026,Debit Card,0.00,406.36,"29,786.50"
ID13649,06-Mar-2026,Interest,168.63,0.00,"34,596.32"
ID13649,28-Feb-2026,Direct Deposit,"1,163.34",0.00,"93,064.53"
ID13649,03-Apr-2026,Interest,299.18,0.00,"69,252.36"
ID13649,01-Feb-2026,Interest,430.27,0.00,"3,115.42"
ID13649,06-Jan-2026,Reversal,0.00,"1,281.02","66,387.16"
ID13650,28-Mar-2026,Reversal,0.00,531.09,"47,491.57"
ID13650,13-Jan-2026,Payment,"1,840.80",0.00,"52,058.94"
ID13650,01-Apr-2026,Interest,478.62,0.00,"37,979.06"
ID13650,18-Feb-2026,Debit Card,0.00,733.25,"63,713.91"
ID13650,27-Jan-2026,Transfer,"1,502.52",0.00,"14,427.06"
ID13650,06-Mar-2026,Payment,0.00,"1,348.62","69,980.70"
ID13650,23-Feb-2026,Payment,"1,499.70",0.00,"22,056.29"
ID13650,18-Feb-2026,Direct Deposit,"2,273.93",0.00,"18,278.05"
ID13650,26-Mar-2026,Payment,0.00,889.01,"85,474.32"
ID13650,13-Feb-2026,Direct Deposit,"4,642.40",0.00,"52,691.84"
ID13650,26-Jan-2026,Direct Deposit,"2,532.57",0.00,"29,795.67"
ID13650,26-Mar-2026,Payment,"1,770.12",0.00,"48,695.20"
ID13650,02-Feb-2026,Transfer,0.00,"1,183.00","60,848.64"
ID13650,09-Feb-2026,Payment,0.00,"1,486.33","38,008.11"
ID13650,07-Mar-2026,Interest,313.89,0.00,"38,850.44"
ID13650,27-Feb-2026,Payment,"1,399.23",0.00,"61,051.74"
ID13650,18-Jan-2026,Interest,190.54,0.00,"20,126.44"
ID13650,16-Feb-2026,Debit Card,0.00,386.06,"71,797.64"
ID13650,24-Jan-2026,Charge,0.00,313.99,"1,952.46"
ID13650,02-Apr-2026,Reversal,640.39,0.00,"92,279.41"
ID13651,08-Mar-2026,Payment,780.75,0.00,"81,113.95"
ID13651,02-Mar-2026,Interest,413.10,0.00,"56,990.25"
ID13651,30-Jan-2026,Debit Card,0.00,897.58,"19,029.47"
ID13651,18-Jan-2026,Direct Deposit,"2,242.60",0.00,"21,885.41"
ID13651,26-Mar-2026,Transfer,0.00,"1,459.87","58,998.35"
ID13651,17-Jan-2026,Transfer,"1,260.67",0.00,"53,068.12"
ID13651,08-Feb-2026,Charge,0.00,897.75,"33,837.04"
ID13651,22-Mar-2026,Payment,"1,009.23",0.00,"91,130.93"
ID13651,10-Jan-2026,Reversal,561.79,0.00,"38,067.92"
ID13651,24-Jan-2026,Debit Card,0.00,643.65,"41,816.54"
ID13651,20-Feb-2026,Reversal,"1,789.33",0.00,"31,963.12"
ID13651,18-Jan-2026,Reversal,0.00,339.00,"56,315.24"
ID13651,23-Feb-2026,Transfer,"1,609.51",0.00,"97,762.64"
ID13651,06-Feb-2026,Reversal,"1,268.41",0.00,"30,928.81"
ID13651,26-Jan-2026,Debit Card,0.00,275.28,"96,606.71"
ID13651,25-Jan-2026,ATM Withdrawal,0.00,243.60,"69,697.91"
ID13651,30-Mar-2026,Transfer,468.68,0.00,"4,004.24"
ID13651,22-Mar-2026,Debit Card,0.00,526.65,"1,311.17"
ID13651,24-Jan-2026,ATM Withdrawal,0.00,562.48,"70,736.64"
ID13651,15-Jan-2026,Payment,0.00,747.18,"37,119.94"
ID13652,11-Jan-2026,ATM Withdrawal,0.00,381.47,"12,916.80"
ID13652,02-Apr-2026,Debit Card,0.00,42.24,"62,685.89"
ID13652,19-Mar-2026,Direct Deposit,"2,793.90",0.00,"59,563.17"
ID13652,09-Feb-2026,ATM Withdrawal,0.00,529.91,"61,615.13"
ID13652,22-Feb-2026,Direct Deposit,"4,764.95",0.00,"46,369.96"
ID13652,25-Feb-2026,Reversal,0.00,638.79,"39,820.47"
ID13652,15-Jan-2026,Transfer,0.00,"1,010.82","15,619.90"
ID13652,20-Jan-2026,Transfer,0.00,"1,486.81","10,319.87"
ID13652,15-Jan-2026,Direct Deposit,"2,928.29",0.00,"63,043.26"
ID13652,28-Mar-2026,ATM Withdrawal,0.00,892.74,"67,920.57"
ID13652,06-Jan-2026,Debit Card,0.00,28.32,"79,606.71"
ID13652,09-Jan-2026,Payment,0.00,"1,456.10","42,812.70"
ID13652,22-Mar-2026,ATM Withdrawal,0.00,759.33,"87,370.28"
ID13652,08-Mar-2026,Payment,236.22,0.00,"96,631.96"
ID13652,28-Feb-2026,Transfer,0.00,"1,362.94","20,976.29"
ID13652,24-Mar-2026,Charge,0.00,283.35,"49,247.65"
ID13652,08-Jan-2026,ATM Withdrawal,0.00,553.66,"30,608.31"
ID13652,09-Mar-2026,Direct Deposit,600.73,0.00,"8,334.77"
ID13652,25-Jan-2026,Debit Card,0.00,362.02,"29,102.79"
ID13652,05-Mar-2026,Transfer,0.00,99.18,"24,510.94"
ID13653,25-Feb-2026,Reversal,468.83,0.00,"14,868.84"
ID13653,10-Jan-2026,Reversal,0.00,"1,466.94","64,710.16"
ID13653,22-Feb-2026,Charge,0.00,13.52,"10,376.44"
ID13653,12-Jan-2026,Charge,0.00,798.87,"3,155.78"
ID13653,05-Feb-2026,Transfer,0.00,110.27,"20,447.43"
ID13653,10-Jan-2026,Payment,500.82,0.00,"67,786.65"
ID13653,03-Feb-2026,Direct Deposit,"1,465.68",0.00,"45,730.37"
ID13653,21-Jan-2026,Transfer,0.00,"1,495.61","4,462.00"
ID13653,26-Mar-2026,ATM Withdrawal,0.00,558.33,"34,199.46"
ID13653,17-Feb-2026,Debit Card,0.00,561.26,"47,902.15"
ID13653,17-Mar-2026,Direct Deposit,"1,777.10",0.00,"24,868.68"
ID13653,12-Jan-2026,Charge,0.00,667.14,"6,058.04"
ID13653,20-Mar-2026,Debit Card,0.00,319.14,"40,044.13"
ID13653,02-Mar-2026,Charge,0.00,121.91,"39,204.92"
ID13653,04-Jan-2026,Direct Deposit,"2,892.79",0.00,"99,074.01"
ID13653,21-Feb-2026,Debit Card,0.00,220.78,"80,711.42"
ID13653,01-Feb-2026,Reversal,0.00,476.03,"69,262.24"
ID13653,15-Jan-2026,ATM Withdrawal,0.00,681.50,"16,161.94"
ID13653,22-Mar-2026,Debit Card,0.00,435.98,"5,166.66"
ID13653,12-Feb-2026,Charge,0.00,94.10,"51,699.51"
ID13654,10-Jan-2026,Transfer,413.87,0.00,"28,492.60"
ID13654,01-Mar-2026,Reversal,945.70,0.00,"11,081.84"
ID13654,15-Jan-2026,Interest,257.12,0.00,"85,591.46"
ID13654,06-Jan-2026,Reversal,"1,313.76",0.00,"57,544.53"
ID13654,01-Mar-2026,Debit Card,0.00,784.54,"97,223.59"
ID13654,04-Jan-2026,ATM Withdrawal,0.00,100.63,"4,768.95"
ID13654,05-Jan-2026,Transfer,0.00,105.96,"4,168.20"
ID13654,26-Feb-2026,Debit Card,0.00,615.31,"86,672.23"
ID13654,23-Mar-2026,Payment,"1,379.24",0.00,"52,943.48"
ID13654,24-Feb-2026,Debit Card,0.00,704.39,"79,950.59"
ID13654,18-Feb-2026,Direct Deposit,619.48,0.00,"50,375.63"
ID13654,14-Mar-2026,Charge,0.00,896.95,"74,950.92"
ID13654,06-Jan-2026,Reversal,0.00,"1,233.85","32,256.85"
ID13654,14-Feb-2026,Debit Card,0.00,682.88,"14,858.06"
ID13654,03-Mar-2026,ATM Withdrawal,0.00,431.67,"29,557.41"
ID13654,14-Jan-2026,Reversal,0.00,"1,496.55","73,546.97"
ID13654,24-Feb-2026,Payment,"1,644.47",0.00,"64,047.68"
ID13654,26-Jan-2026,ATM Withdrawal,0.00,519.32,"66,417.90"
ID13654,26-Feb-2026,Reversal,"1,282.78",0.00,"51,064.95"
ID13654,20-Mar-2026,Reversal,0.00,198.94,"6,736.32"
ID13655,07-Jan-2026,Debit Card,0.00,522.26,"98,918.68"
ID13655,24-Mar-2026,ATM Withdrawal,0.00,920.42,"93,890.68"
ID13655,18-Feb-2026,Transfer,"1,266.63",0.00,"30,704.88"
ID13655,30-Jan-2026,Payment,0.00,670.28,"59,415.02"
ID13655,16-Jan-2026,Reversal,254.81,0.00,"82,391.48"
ID13655,13-Jan-2026,Transfer,"1,591.12",0.00,"83,520.44"
ID13655,23-Jan-2026,Transfer,"1,218.12",0.00,"64,987.64"
ID13655,16-Jan-2026,Direct Deposit,"1,606.78",0.00,"42,038.85"
ID13655,06-Mar-2026,ATM Withdrawal,0.00,354.04,"99,580.36"
ID13655,31-Jan-2026,Reversal,"1,665.54",0.00,"40,179.12"
ID13655,01-Apr-2026,Direct Deposit,"4,653.25",0.00,"74,633.49"
ID13655,14-Jan-2026,Direct Deposit,"3,347.08",0.00,"93,227.65"
ID13655,05-Mar-2026,Transfer,"1,047.62",0.00,"83,705.86"
ID13655,06-Feb-2026,Debit Card,0.00,163.91,"60,811.57"
ID13655,22-Mar-2026,Reversal,0.00,"1,174.06","21,144.13"
ID13655,20-Jan-2026,Interest,436.79,0.00,"89,284.56"
ID13655,29-Jan-2026,Reversal,"1,357.86",0.00,"50,238.20"
ID13655,17-Feb-2026,Debit Card,0.00,834.12,"89,314.29"
ID13655,26-Jan-2026,Debit Card,0.00,415.18,"15,231.61"
ID13655,23-Mar-2026,Transfer,"1,262.94",0.00,"42,092.13"
ID13656,31-Mar-2026,Payment,0.00,151.74,"87,886.03"
ID13656,01-Mar-2026,Direct Deposit,"4,490.67",0.00,"53,708.85"
ID13656,22-Jan-2026,Debit Card,0.00,235.90,"12,218.47"
ID13656,22-Mar-2026,Payment,"1,942.15",0.00,"77,872.18"
ID13656,14-Mar-2026,Debit Card,0.00,176.28,"43,865.95"
ID13656,15-Feb-2026,Transfer,"1,307.92",0.00,"1,030.58"
ID13656,13-Mar-2026,Charge,0.00,959.13,"8,985.00"
ID13656,06-Mar-2026,Transfer,0.00,221.56,"98,807.04"
ID13656,11-Jan-2026,Debit Card,0.00,498.32,"24,129.98"
ID13656,20-Mar-2026,Payment,691.19,0.00,"66,496.05"
ID13656,14-Feb-2026,Reversal,"1,611.49",0.00,"51,009.04"
ID13656,15-Jan-2026,Charge,0.00,557.05,"62,781.46"
ID13656,23-Feb-2026,Charge,0.00,657.12,"20,810.12"
ID13656,17-Feb-2026,Payment,"1,872.33",0.00,"42,989.93"
ID13656,14-Feb-2026,ATM Withdrawal,0.00,823.89,"41,686.79"
ID13656,17-Jan-2026,Interest,186.75,0.00,"33,898.70"
ID13656,09-Jan-2026,Transfer,0.00,"1,021.02","5,057.07"
ID13656,17-Feb-2026,Charge,0.00,468.35,"2,306.63"
ID13656,05-Mar-2026,ATM Withdrawal,0.00,978.02,"93,852.92"
ID13656,28-Mar-2026,Reversal,0.00,"1,368.10","93,407.80"
ID13657,12-Mar-2026,Reversal,"1,782.98",0.00,"64,671.40"
ID13657,31-Jan-2026,ATM Withdrawal,0.00,178.37,"3,982.13"
ID13657,23-Mar-2026,Interest,489.67,0.00,"49,065.23"
ID13657,15-Jan-2026,Direct Deposit,"2,431.12",0.00,"35,146.58"
ID13657,27-Feb-2026,Charge,0.00,225.45,"8,771.52"
ID13657,18-Jan-2026,Payment,0.00,754.60,"47,683.28"
ID13657,09-Feb-2026,Debit Card,0.00,86.96,"7,631.33"
ID13657,13-Feb-2026,Charge,0.00,489.22,"27,517.06"
ID13657,21-Mar-2026,Debit Card,0.00,755.56,"38,216.85"
ID13657,08-Feb-2026,Transfer,211.12,0.00,"56,295.57"
ID13657,04-Jan-2026,Reversal,906.62,0.00,"49,446.06"
ID13657,04-Mar-2026,Reversal,0.00,459.73,"41,998.32"
ID13657,19-Feb-2026,Transfer,470.32,0.00,"59,201.50"
ID13657,23-Feb-2026,Interest,426.81,0.00,"18,060.91"
ID13657,23-Mar-2026,Reversal,"1,389.23",0.00,"70,049.55"
ID13657,25-Jan-2026,Debit Card,0.00,753.78,"85,397.99"
ID13657,12-Mar-2026,Transfer,"1,407.40",0.00,"96,407.30"
ID13657,03-Apr-2026,Reversal,"1,390.66",0.00,"38,911.91"
ID13657,27-Jan-2026,Direct Deposit,"4,832.08",0.00,"10,334.46"
ID13657,18-Feb-2026,Interest,310.51,0.00,"8,013.32"
ID13658,01-Feb-2026,ATM Withdrawal,0.00,878.64,"36,091.00"
ID13658,12-Jan-2026,Transfer,0.00,904.07,"57,352.03"
ID13658,19-Mar-2026,ATM Withdrawal,0.00,608.03,"67,116.11"
ID13658,24-Mar-2026,Direct Deposit,"1,261.97",0.00,"39,140.56"
ID13658,13-Mar-2026,Direct Deposit,"1,196.01",0.00,"23,891.26"
ID13658,24-Mar-2026,Transfer,"1,129.83",0.00,"14,223.73"
ID13658,12-Feb-2026,Transfer,"1,447.62",0.00,"5,682.62"
ID13658,18-Feb-2026,Interest,373.85,0.00,"37,520.03"
ID13658,22-Jan-2026,Reversal,"1,231.12",0.00,"25,554.05"
ID13658,28-Feb-2026,Charge,0.00,236.83,"48,253.04"
ID13658,13-Feb-2026,ATM Withdrawal,0.00,620.45,"17,868.18"
ID13658,20-Mar-2026,Debit Card,0.00,594.59,"27,752.66"
ID13658,17-Jan-2026,Transfer,0.00,"1,437.44","4,507.34"
ID13658,16-Mar-2026,Transfer,"1,870.86",0.00,"27,190.29"
ID13658,27-Feb-2026,Payment,0.00,683.62,"47,171.48"
ID13658,16-Feb-2026,ATM Withdrawal,0.00,475.46,"14,843.58"
ID13658,03-Apr-2026,Interest,458.41,0.00,"79,998.72"
ID13658,03-Apr-2026,ATM Withdrawal,0.00,230.07,"12,517.41"
ID13658,02-Mar-2026,Interest,451.31,0.00,"45,548.71"
ID13658,27-Mar-2026,Debit Card,0.00,567.14,"3,608.98"
ID13659,03-Apr-2026,Interest,45.48,0.00,"77,690.63"
ID13659,08-Mar-2026,Reversal,"1,597.46",0.00,"63,929.72"
ID13659,30-Jan-2026,Debit Card,0.00,136.22,"95,287.16"
ID13659,12-Jan-2026,Debit Card,0.00,106.84,"38,776.58"
ID13659,13-Feb-2026,Charge,0.00,152.82,"35,976.38"
ID13659,12-Jan-2026,Debit Card,0.00,26.97,"79,343.21"
ID13659,12-Jan-2026,ATM Withdrawal,0.00,929.97,"4,483.13"
ID13659,15-Mar-2026,Reversal,532.27,0.00,"10,851.08"
ID13659,23-Mar-2026,Payment,394.11,0.00,"5,617.25"
ID13659,11-Jan-2026,Interest,172.16,0.00,"48,841.22"
ID13659,10-Feb-2026,ATM Withdrawal,0.00,607.84,"92,161.74"
ID13659,11-Jan-2026,Payment,0.00,113.45,"68,341.84"
ID13659,25-Mar-2026,Transfer,0.00,675.60,"39,665.09"
ID13659,25-Feb-2026,ATM Withdrawal,0.00,82.13,"4,985.89"
ID13659,01-Feb-2026,Payment,0.00,"1,343.08","20,898.64"
ID13659,16-Jan-2026,Charge,0.00,82.83,"28,657.10"
ID13659,10-Jan-2026,ATM Withdrawal,0.00,250.00,"96,056.16"
ID13659,06-Jan-2026,Charge,0.00,611.87,"56,450.90"
ID13659,24-Jan-2026,Payment,0.00,723.32,"6,413.86"
ID13659,07-Feb-2026,Payment,"1,493.01",0.00,"28,335.81"
ID13660,02-Mar-2026,Debit Card,0.00,577.81,"9,373.53"
ID13660,11-Feb-2026,Direct Deposit,"3,164.86",0.00,"90,352.14"
ID13660,04-Jan-2026,Reversal,"1,078.25",0.00,"78,507.74"
ID13660,06-Jan-2026,Reversal,0.00,625.78,"13,987.47"
ID13660,27-Jan-2026,Payment,551.36,0.00,"37,598.04"
ID13660,28-Mar-2026,Debit Card,0.00,135.45,"90,965.08"
ID13660,26-Feb-2026,Interest,268.17,0.00,"34,905.06"
ID13660,05-Mar-2026,Transfer,"1,550.27",0.00,"88,426.90"
ID13660,17-Feb-2026,Reversal,0.00,139.37,"21,132.52"
ID13660,28-Jan-2026,Debit Card,0.00,581.08,"98,553.10"
ID13660,05-Mar-2026,Transfer,0.00,906.39,"78,603.08"
ID13660,26-Mar-2026,Payment,0.00,788.00,"88,054.06"
ID13660,22-Mar-2026,Debit Card,0.00,757.70,"42,934.15"
ID13660,04-Mar-2026,Payment,"1,447.33",0.00,"77,453.85"
ID13660,14-Feb-2026,Interest,119.00,0.00,"55,885.68"
ID13660,10-Jan-2026,Reversal,250.98,0.00,"3,946.19"
ID13660,15-Feb-2026,Transfer,0.00,"1,146.12","43,301.13"
ID13660,05-Jan-2026,Direct Deposit,"2,917.46",0.00,"13,751.28"
ID13660,26-Feb-2026,Debit Card,0.00,638.08,"33,334.12"
ID13660,04-Feb-2026,Transfer,569.16,0.00,"43,332.52"
ID13661,27-Jan-2026,Reversal,"1,854.47",0.00,"3,148.85"
ID13661,20-Mar-2026,Debit Card,0.00,915.84,"54,391.11"
ID13661,29-Mar-2026,Charge,0.00,454.12,"88,068.27"
ID13661,15-Jan-2026,Debit Card,0.00,553.75,"42,422.01"
ID13661,05-Jan-2026,Direct Deposit,524.93,0.00,"77,990.21"
ID13661,26-Feb-2026,Interest,472.18,0.00,"15,088.06"
ID13661,16-Mar-2026,Charge,0.00,941.59,"34,475.52"
ID13661,13-Jan-2026,Reversal,0.00,761.68,"45,086.87"
ID13661,26-Feb-2026,Interest,222.51,0.00,"70,809.28"
ID13661,31-Jan-2026,Payment,"1,813.61",0.00,"18,540.02"
ID13661,22-Jan-2026,Direct Deposit,"4,042.28",0.00,"99,917.40"
ID13661,04-Feb-2026,Interest,138.80,0.00,"51,279.27"
ID13661,16-Jan-2026,Transfer,0.00,147.35,"43,551.44"
ID13661,09-Jan-2026,Interest,77.21,0.00,"85,307.43"
ID13661,16-Mar-2026,Reversal,160.35,0.00,"40,399.43"
ID13661,09-Mar-2026,Charge,0.00,232.55,"36,317.22"
ID13661,25-Mar-2026,Direct Deposit,"2,210.56",0.00,"98,109.02"
ID13661,27-Jan-2026,ATM Withdrawal,0.00,875.21,"48,512.48"
ID13661,13-Feb-2026,Reversal,573.60,0.00,"39,192.41"
ID13661,24-Mar-2026,Charge,0.00,525.05,"18,503.81"
ID13662,22-Mar-2026,Direct Deposit,"4,988.00",0.00,"18,423.09"
ID13662,30-Mar-2026,Payment,0.00,421.07,"36,392.34"
ID13662,11-Mar-2026,Reversal,0.00,352.41,"65,006.30"
ID13662,02-Apr-2026,Transfer,382.63,0.00,"22,890.92"
ID13662,11-Feb-2026,Debit Card,0.00,988.81,"78,309.84"
ID13662,02-Mar-2026,Debit Card,0.00,64.99,"63,104.63"
ID13662,26-Mar-2026,Interest,73.19,0.00,"52,524.56"
ID13662,29-Mar-2026,Debit Card,0.00,226.90,"53,262.69"
ID13662,24-Mar-2026,ATM Withdrawal,0.00,806.37,"11,902.83"
ID13662,11-Feb-2026,Direct Deposit,"4,320.19",0.00,"46,074.93"
ID13662,30-Jan-2026,Direct Deposit,662.23,0.00,"74,516.56"
ID13662,21-Mar-2026,ATM Withdrawal,0.00,575.81,"19,919.30"
ID13662,27-Feb-2026,Direct Deposit,"3,382.28",0.00,"59,710.54"
ID13662,11-Mar-2026,Debit Card,0.00,738.34,"86,449.92"
ID13662,15-Jan-2026,Transfer,0.00,77.87,"21,817.49"
ID13662,30-Jan-2026,Reversal,0.00,292.93,"46,934.71"
ID13662,17-Feb-2026,Direct Deposit,"1,871.95",0.00,"46,566.77"
ID13662,12-Feb-2026,Direct Deposit,"1,037.96",0.00,"84,399.83"
ID13662,04-Mar-2026,Payment,"1,482.96",0.00,"67,088.73"
ID13662,25-Mar-2026,Interest,53.20,0.00,"39,561.26"
ID13663,06-Feb-2026,Payment,0.00,568.31,"12,818.60"
ID13663,06-Jan-2026,Reversal,"1,431.60",0.00,"86,524.12"
ID13663,24-Mar-2026,Direct Deposit,"3,669.90",0.00,"67,081.54"
ID13663,08-Jan-2026,Interest,61.15,0.00,"16,207.21"
ID13663,02-Mar-2026,Debit Card,0.00,761.95,"57,115.26"
ID13663,12-Mar-2026,ATM Withdrawal,0.00,114.78,"42,141.04"
ID13663,08-Jan-2026,Direct Deposit,"4,382.49",0.00,"10,727.26"
ID13663,05-Feb-2026,Interest,420.69,0.00,"70,636.46"
ID13663,12-Jan-2026,Interest,384.04,0.00,"53,914.37"
ID13663,05-Mar-2026,Interest,407.95,0.00,"52,329.65"
ID13663,20-Feb-2026,Reversal,0.00,680.87,"82,092.25"
ID13663,27-Feb-2026,Reversal,911.16,0.00,"62,903.08"
ID13663,12-Jan-2026,Reversal,0.00,"1,008.62","52,796.95"
ID13663,05-Mar-2026,Reversal,0.00,"1,478.79","23,370.01"
ID13663,24-Mar-2026,Reversal,0.00,318.89,"12,433.54"
ID13663,03-Feb-2026,ATM Withdrawal,0.00,313.80,"11,543.28"
ID13663,14-Mar-2026,ATM Withdrawal,0.00,686.89,"85,989.87"
ID13663,31-Jan-2026,ATM Withdrawal,0.00,585.16,"17,443.01"
ID13663,06-Jan-2026,Debit Card,0.00,973.43,"27,590.64"
ID13663,13-Mar-2026,Direct Deposit,"4,371.91",0.00,"97,019.23"
ID13664,07-Jan-2026,Debit Card,0.00,368.72,"75,766.87"
ID13664,27-Mar-2026,Direct Deposit,"4,391.41",0.00,"61,051.24"
ID13664,16-Feb-2026,ATM Withdrawal,0.00,543.56,"38,576.76"
ID13664,07-Feb-2026,Interest,124.04,0.00,"94,894.82"
ID13664,06-Mar-2026,Debit Card,0.00,61.81,"37,575.76"
ID13664,01-Feb-2026,ATM Withdrawal,0.00,319.04,"72,114.72"
ID13664,25-Jan-2026,Debit Card,0.00,261.73,"81,827.54"
ID13664,20-Mar-2026,Debit Card,0.00,185.41,"76,303.90"
ID13664,27-Jan-2026,Charge,0.00,194.53,"29,867.00"
ID13664,20-Jan-2026,Direct Deposit,999.00,0.00,"97,268.26"
ID13664,17-Jan-2026,Direct Deposit,"2,759.39",0.00,"13,294.40"
ID13664,19-Jan-2026,Debit Card,0.00,626.25,"16,162.51"
ID13664,23-Jan-2026,Interest,53.53,0.00,"89,906.77"
ID13664,20-Mar-2026,Charge,0.00,587.73,"43,381.36"
ID13664,23-Feb-2026,Interest,421.24,0.00,"92,953.02"
ID13664,13-Feb-2026,ATM Withdrawal,0.00,204.77,"72,307.86"
ID13664,10-Jan-2026,Payment,0.00,549.81,"54,187.92"
ID13664,28-Mar-2026,Transfer,0.00,662.00,"83,921.20"
ID13664,05-Mar-2026,Transfer,0.00,"1,203.09","71,396.42"
ID13664,28-Mar-2026,Charge,0.00,349.49,"32,059.82"
ID13665,30-Jan-2026,Charge,0.00,986.39,"99,733.04"
ID13665,20-Mar-2026,Payment,0.00,247.00,"52,628.59"
ID13665,04-Jan-2026,Direct Deposit,751.03,0.00,"12,929.12"
ID13665,10-Feb-2026,Transfer,164.26,0.00,"29,297.93"
ID13665,01-Mar-2026,ATM Withdrawal,0.00,925.37,"1,371.24"
ID13665,23-Mar-2026,Charge,0.00,481.00,"9,050.65"
ID13665,01-Mar-2026,Charge,0.00,15.18,"19,325.07"
ID13665,14-Jan-2026,Debit Card,0.00,815.17,"82,866.17"
ID13665,23-Jan-2026,Interest,387.06,0.00,"96,544.92"
ID13665,11-Jan-2026,Interest,236.83,0.00,"27,370.94"
ID13665,15-Jan-2026,Debit Card,0.00,376.25,"15,020.30"
ID13665,01-Feb-2026,Interest,497.22,0.00,"5,374.54"
ID13665,23-Jan-2026,Direct Deposit,839.74,0.00,"26,245.49"
ID13665,12-Feb-2026,Transfer,0.00,791.22,"29,481.03"
ID13665,01-Feb-2026,Transfer,0.00,"1,207.94","69,024.74"
ID13665,03-Apr-2026,Interest,274.31,0.00,"95,909.48"
ID13665,18-Jan-2026,Reversal,0.00,236.96,"19,737.80"
ID13665,14-Jan-2026,Direct Deposit,"1,037.53",0.00,"57,145.02"
ID13665,04-Feb-2026,Transfer,"1,493.28",0.00,"10,879.70"
ID13665,12-Mar-2026,Interest,130.81,0.00,"52,763.27"
ID13666,16-Jan-2026,Debit Card,0.00,193.27,"64,138.52"
ID13666,10-Feb-2026,ATM Withdrawal,0.00,228.13,"20,707.01"
ID13666,29-Jan-2026,ATM Withdrawal,0.00,739.15,"46,429.37"
ID13666,02-Feb-2026,Charge,0.00,51.89,"59,449.57"
ID13666,12-Jan-2026,Interest,279.87,0.00,"53,535.38"
ID13666,20-Jan-2026,Debit Card,0.00,53.29,"66,572.18"
ID13666,13-Feb-2026,Charge,0.00,554.01,"66,844.82"
ID13666,09-Feb-2026,Interest,435.04,0.00,"57,554.03"
ID13666,09-Mar-2026,Debit Card,0.00,431.63,"50,272.61"
ID13666,05-Mar-2026,Transfer,0.00,"1,486.93","74,520.43"
ID13666,15-Feb-2026,Reversal,"1,628.82",0.00,"6,091.16"
ID13666,31-Jan-2026,Payment,0.00,202.39,"93,129.42"
ID13666,30-Jan-2026,Direct Deposit,"2,041.85",0.00,"74,014.56"
ID13666,10-Jan-2026,Transfer,241.64,0.00,"38,037.64"
ID13666,16-Feb-2026,ATM Withdrawal,0.00,862.16,"3,817.61"
ID13666,19-Mar-2026,Direct Deposit,"3,260.46",0.00,"96,219.98"
ID13666,20-Jan-2026,Charge,0.00,422.32,"18,161.20"
ID13666,27-Mar-2026,Debit Card,0.00,635.62,"44,985.07"
ID13666,22-Mar-2026,Debit Card,0.00,225.67,"80,478.58"
ID13666,06-Feb-2026,Debit Card,0.00,568.15,"55,618.76"
ID13667,29-Mar-2026,Charge,0.00,65.67,"46,329.20"
ID13667,09-Feb-2026,Charge,0.00,952.48,"50,101.77"
ID13667,22-Feb-2026,Direct Deposit,"4,014.68",0.00,"5,294.24"
ID13667,26-Jan-2026,Payment,"1,899.84",0.00,"79,898.51"
ID13667,08-Feb-2026,Interest,241.33,0.00,"60,253.73"
ID13667,19-Mar-2026,Reversal,0.00,151.66,"7,221.60"
ID13667,28-Feb-2026,Payment,371.31,0.00,"95,095.46"
ID13667,20-Feb-2026,Debit Card,0.00,139.95,"20,163.57"
ID13667,18-Jan-2026,Payment,"1,865.71",0.00,"30,908.18"
ID13667,15-Mar-2026,Interest,255.62,0.00,"1,082.70"
ID13667,08-Mar-2026,Reversal,0.00,687.73,"86,876.64"
ID13667,21-Mar-2026,Reversal,"1,932.56",0.00,"53,110.85"
ID13667,16-Feb-2026,Charge,0.00,739.06,"33,233.14"
ID13667,26-Jan-2026,ATM Withdrawal,0.00,989.76,"24,628.04"
ID13667,07-Mar-2026,Interest,378.17,0.00,"37,222.86"
ID13667,29-Mar-2026,Payment,304.11,0.00,"90,893.99"
ID13667,31-Jan-2026,Charge,0.00,618.93,"20,272.40"
ID13667,29-Jan-2026,Payment,766.94,0.00,"87,123.92"
ID13667,19-Jan-2026,Payment,"1,252.83",0.00,"48,794.70"
ID13667,24-Mar-2026,Transfer,0.00,338.11,"54,299.48"
ID13668,23-Mar-2026,ATM Withdrawal,0.00,129.44,"10,802.60"
ID13668,22-Jan-2026,Reversal,0.00,"1,303.03","32,841.69"
ID13668,23-Feb-2026,Payment,918.94,0.00,"19,027.37"
ID13668,24-Feb-2026,Transfer,0.00,"1,302.00","78,357.18"
ID13668,09-Feb-2026,Interest,286.36,0.00,"62,691.68"
ID13668,16-Feb-2026,Transfer,"1,552.63",0.00,"87,388.74"
ID13668,17-Mar-2026,ATM Withdrawal,0.00,217.17,"51,036.53"
ID13668,17-Mar-2026,Direct Deposit,"3,669.77",0.00,"99,040.39"
ID13668,01-Feb-2026,Payment,675.96,0.00,"68,113.37"
ID13668,18-Feb-2026,Charge,0.00,964.16,"56,981.80"
ID13668,13-Feb-2026,Interest,281.95,0.00,"39,163.98"
ID13668,20-Mar-2026,Payment,0.00,722.73,"34,880.03"
ID13668,09-Jan-2026,Charge,0.00,443.43,"2,423.61"
ID13668,07-Feb-2026,Interest,111.80,0.00,"36,647.54"
ID13668,20-Mar-2026,Transfer,"1,840.54",0.00,"50,152.52"
ID13668,26-Mar-2026,Debit Card,0.00,95.18,"53,311.76"
ID13668,13-Mar-2026,Reversal,0.00,"1,378.34","93,264.97"
ID13668,12-Jan-2026,Debit Card,0.00,990.12,"23,299.86"
ID13668,03-Jan-2026,Charge,0.00,658.06,"26,109.79"
ID13668,03-Feb-2026,Debit Card,0.00,580.94,"92,477.39"
ID13669,02-Apr-2026,Reversal,0.00,623.85,"46,178.95"
ID13669,08-Jan-2026,ATM Withdrawal,0.00,807.87,"38,988.69"
ID13669,27-Mar-2026,Payment,0.00,944.04,"91,818.28"
ID13669,09-Mar-2026,Reversal,"1,358.66",0.00,"9,301.40"
ID13669,05-Jan-2026,Interest,136.68,0.00,"16,585.37"
ID13669,19-Mar-2026,Charge,0.00,242.45,"91,700.04"
ID13669,01-Mar-2026,Debit Card,0.00,389.32,"58,505.52"
ID13669,01-Feb-2026,Interest,318.87,0.00,"22,804.57"
ID13669,14-Mar-2026,Payment,0.00,160.21,"19,760.48"
ID13669,12-Feb-2026,Transfer,0.00,862.09,"93,259.31"
ID13669,03-Feb-2026,Charge,0.00,954.62,"31,717.37"
ID13669,01-Apr-2026,Debit Card,0.00,923.70,"48,069.62"
ID13669,23-Feb-2026,Direct Deposit,"4,299.61",0.00,"92,596.87"
ID13669,28-Feb-2026,Debit Card,0.00,512.31,"86,416.23"
ID13669,20-Feb-2026,ATM Withdrawal,0.00,726.23,"1,763.80"
ID13669,15-Feb-2026,Transfer,0.00,358.51,"31,429.99"
ID13669,27-Jan-2026,Charge,0.00,214.20,"66,676.31"
ID13669,28-Jan-2026,Interest,59.09,0.00,"91,010.39"
ID13669,12-Jan-2026,ATM Withdrawal,0.00,793.69,"34,548.92"
ID13669,11-Mar-2026,Payment,0.00,274.79,"28,903.11"
ID13670,24-Feb-2026,Transfer,0.00,485.36,"18,156.38"
ID13670,10-Mar-2026,Debit Card,0.00,579.90,"76,025.87"
ID13670,14-Mar-2026,Direct Deposit,"4,155.06",0.00,"40,444.71"
ID13670,29-Mar-2026,Charge,0.00,882.74,"75,494.99"
ID13670,31-Mar-2026,Direct Deposit,"4,597.65",0.00,"47,285.01"
ID13670,22-Jan-2026,ATM Withdrawal,0.00,861.90,"43,981.98"
ID13670,06-Jan-2026,ATM Withdrawal,0.00,66.22,"33,377.92"
ID13670,26-Mar-2026,Charge,0.00,944.28,"10,539.27"
ID13670,17-Jan-2026,Direct Deposit,"2,649.22",0.00,"20,058.78"
ID13670,15-Mar-2026,Reversal,0.00,469.85,"67,999.89"
ID13670,10-Feb-2026,ATM Withdrawal,0.00,983.55,"23,961.28"
ID13670,16-Mar-2026,Payment,938.90,0.00,"92,239.44"
ID13670,06-Feb-2026,Reversal,"1,136.28",0.00,"32,055.88"
ID13670,27-Mar-2026,Transfer,"1,366.39",0.00,"99,886.11"
ID13670,28-Feb-2026,Payment,"1,066.87",0.00,"23,949.95"
ID13670,22-Feb-2026,ATM Withdrawal,0.00,218.74,"99,098.10"
ID13670,18-Feb-2026,Transfer,0.00,951.23,"53,901.19"
ID13670,27-Feb-2026,Direct Deposit,"2,960.82",0.00,"98,092.85"
ID13670,10-Jan-2026,Direct Deposit,"4,830.28",0.00,"46,090.34"
ID13670,12-Mar-2026,Payment,381.10,0.00,"36,488.64"
ID13671,17-Jan-2026,Reversal,0.00,138.03,"27,300.27"
ID13671,12-Feb-2026,Debit Card,0.00,462.55,"48,359.43"
ID13671,28-Jan-2026,Transfer,"1,322.00",0.00,"48,792.12"
ID13671,10-Jan-2026,Interest,161.80,0.00,"32,611.81"
ID13671,01-Feb-2026,Reversal,"1,599.97",0.00,"81,569.83"
ID13671,02-Mar-2026,Debit Card,0.00,710.71,"96,803.13"
ID13671,11-Feb-2026,Interest,227.47,0.00,"33,030.34"
ID13671,05-Mar-2026,Payment,948.97,0.00,"69,660.87"
ID13671,29-Mar-2026,Direct Deposit,"4,739.15",0.00,"75,296.66"
ID13671,10-Mar-2026,Transfer,0.00,540.21,"51,838.00"
ID13671,14-Jan-2026,Interest,465.88,0.00,"25,408.81"
ID13671,30-Jan-2026,Debit Card,0.00,756.76,"16,719.26"
ID13671,05-Mar-2026,Debit Card,0.00,917.26,"63,787.86"
ID13671,12-Jan-2026,Direct Deposit,"1,044.13",0.00,"30,457.72"
ID13671,03-Jan-2026,Interest,282.13,0.00,"97,924.73"
ID13671,22-Mar-2026,Direct Deposit,"3,988.52",0.00,"72,265.15"
ID13671,14-Jan-2026,Reversal,0.00,773.50,"66,769.70"
ID13671,21-Mar-2026,Charge,0.00,273.25,"99,657.65"
ID13671,07-Jan-2026,Transfer,0.00,"1,000.02","48,091.16"
ID13671,22-Mar-2026,Direct Deposit,"4,804.01",0.00,"35,867.63"
ID13672,05-Feb-2026,Transfer,310.41,0.00,"50,110.61"
ID13672,09-Feb-2026,Transfer,0.00,289.98,"56,863.40"
ID13672,09-Feb-2026,Transfer,253.00,0.00,"15,821.84"
ID13672,19-Jan-2026,ATM Withdrawal,0.00,46.76,"22,690.20"
ID13672,18-Mar-2026,Direct Deposit,"3,919.35",0.00,"31,075.37"
ID13672,09-Feb-2026,Transfer,434.41,0.00,"64,135.24"
ID13672,17-Feb-2026,Payment,"1,576.00",0.00,"88,785.87"
ID13672,02-Apr-2026,Payment,"1,037.99",0.00,"26,983.03"
ID13672,12-Feb-2026,Interest,238.66,0.00,"63,091.92"
ID13672,19-Mar-2026,Debit Card,0.00,165.75,"33,908.50"
ID13672,04-Feb-2026,Charge,0.00,322.04,"99,973.01"
ID13672,02-Apr-2026,Reversal,779.91,0.00,"19,744.00"
ID13672,04-Jan-2026,Transfer,0.00,"1,452.79","81,326.59"
ID13672,03-Mar-2026,Charge,0.00,548.14,"39,990.78"
ID13672,18-Mar-2026,Transfer,0.00,161.20,"98,970.23"
ID13672,05-Mar-2026,Charge,0.00,993.98,"22,279.02"
ID13672,19-Feb-2026,ATM Withdrawal,0.00,783.81,"12,245.77"
ID13672,13-Jan-2026,ATM Withdrawal,0.00,894.27,"96,636.27"
ID13672,29-Jan-2026,Charge,0.00,499.98,"97,671.85"
ID13672,28-Mar-2026,Charge,0.00,693.99,"35,278.06"
ID13673,10-Jan-2026,Direct Deposit,"1,975.87",0.00,"30,877.97"
ID13673,25-Feb-2026,Payment,0.00,"1,418.46","20,439.20"
ID13673,05-Feb-2026,Direct Deposit,764.72,0.00,"3,480.13"
ID13673,04-Jan-2026,ATM Withdrawal,0.00,259.45,"52,070.28"
ID13673,11-Jan-2026,Reversal,0.00,77.70,"31,888.82"
ID13673,19-Mar-2026,Charge,0.00,598.63,"22,672.38"
ID13673,11-Jan-2026,Direct Deposit,"3,552.14",0.00,"58,161.01"
ID13673,25-Feb-2026,Transfer,833.86,0.00,"7,640.04"
ID13673,15-Feb-2026,Direct Deposit,"1,355.76",0.00,"22,032.15"
ID13673,27-Mar-2026,Debit Card,0.00,277.11,"74,603.91"
ID13673,26-Mar-2026,Payment,0.00,"1,190.14","31,291.21"
ID13673,09-Feb-2026,ATM Withdrawal,0.00,936.79,"6,732.99"
ID13673,01-Feb-2026,Transfer,512.46,0.00,"15,068.63"
ID13673,03-Mar-2026,Charge,0.00,116.52,"89,602.29"
ID13673,05-Mar-2026,Interest,361.29,0.00,"92,138.12"
ID13673,09-Feb-2026,Transfer,563.06,0.00,"55,681.42"
ID13673,10-Feb-2026,Interest,24.51,0.00,"4,765.31"
ID13673,29-Mar-2026,ATM Withdrawal,0.00,112.60,"13,790.89"
ID13673,11-Mar-2026,Charge,0.00,750.18,"50,297.27"
ID13673,28-Jan-2026,Direct Deposit,819.75,0.00,"83,651.01"
ID13674,05-Jan-2026,Debit Card,0.00,597.87,"88,128.89"
ID13674,30-Jan-2026,Transfer,"1,986.51",0.00,"6,972.50"
ID13674,26-Feb-2026,Interest,376.02,0.00,"23,102.65"
ID13674,17-Jan-2026,Charge,0.00,955.22,"24,678.86"
ID13674,12-Feb-2026,Interest,322.38,0.00,"40,275.44"
ID13674,18-Feb-2026,Debit Card,0.00,347.83,"81,875.54"
ID13674,12-Mar-2026,Reversal,721.18,0.00,"14,500.52"
ID13674,25-Jan-2026,Transfer,0.00,"1,151.10","42,840.87"
ID13674,16-Jan-2026,Direct Deposit,"3,597.83",0.00,"41,782.08"
ID13674,07-Jan-2026,Debit Card,0.00,435.02,"89,585.02"
ID13674,10-Feb-2026,Reversal,0.00,789.86,"34,304.28"
ID13674,28-Jan-2026,Payment,451.78,0.00,"76,503.23"
ID13674,16-Feb-2026,ATM Withdrawal,0.00,51.62,"64,034.00"
ID13674,27-Mar-2026,Payment,0.00,"1,256.87","70,252.99"
ID13674,19-Jan-2026,Debit Card,0.00,112.61,"84,161.40"
ID13674,22-Mar-2026,Reversal,"1,313.78",0.00,"13,423.51"
ID13674,16-Jan-2026,Transfer,0.00,"1,303.10","31,512.11"
ID13674,26-Feb-2026,Reversal,"1,486.70",0.00,"35,391.00"
ID13674,18-Feb-2026,ATM Withdrawal,0.00,450.56,"49,426.51"
ID13674,27-Feb-2026,Interest,474.71,0.00,"88,958.86"
ID13675,03-Mar-2026,Debit Card,0.00,535.32,"45,724.18"
ID13675,03-Mar-2026,ATM Withdrawal,0.00,978.60,"13,909.06"
ID13675,05-Feb-2026,ATM Withdrawal,0.00,927.40,"67,834.51"
ID13675,08-Mar-2026,Payment,0.00,993.84,"81,113.06"
ID13675,03-Apr-2026,Transfer,0.00,773.54,"35,122.43"
ID13675,01-Apr-2026,Reversal,606.84,0.00,"18,149.53"
ID13675,18-Mar-2026,Direct Deposit,"2,259.76",0.00,"74,761.48"
ID13675,14-Mar-2026,Reversal,"1,346.05",0.00,"85,438.84"
ID13675,19-Jan-2026,Interest,458.07,0.00,"93,343.53"
ID13675,08-Jan-2026,Transfer,612.52,0.00,"41,918.17"
ID13675,31-Jan-2026,Debit Card,0.00,337.69,"32,812.01"
ID13675,16-Jan-2026,Transfer,"1,870.82",0.00,"98,966.10"
ID13675,09-Feb-2026,ATM Withdrawal,0.00,618.59,"8,521.40"
ID13675,14-Feb-2026,Interest,106.52,0.00,"15,953.99"
ID13675,20-Jan-2026,Reversal,786.70,0.00,"90,415.92"
ID13675,30-Mar-2026,Charge,0.00,743.47,"6,178.55"
ID13675,08-Feb-2026,Direct Deposit,"1,078.40",0.00,"10,223.36"
ID13675,25-Feb-2026,Direct Deposit,"3,924.28",0.00,"45,036.71"
ID13675,31-Jan-2026,Charge,0.00,545.54,"69,183.13"
ID13675,26-Mar-2026,Transfer,267.80,0.00,"2,522.36"
ID13676,22-Jan-2026,ATM Withdrawal,0.00,994.40,"93,844.75"
ID13676,15-Jan-2026,Reversal,0.00,"1,055.46","37,026.59"
ID13676,23-Jan-2026,Debit Card,0.00,673.14,"7,343.08"
ID13676,18-Feb-2026,Direct Deposit,"2,527.13",0.00,"90,604.53"
ID13676,15-Mar-2026,Debit Card,0.00,650.97,"55,601.90"
ID13676,20-Mar-2026,Direct Deposit,"4,727.97",0.00,"80,780.62"
ID13676,31-Jan-2026,Transfer,0.00,518.23,"98,451.78"
ID13676,07-Mar-2026,Transfer,0.00,477.66,"59,678.88"
ID13676,24-Feb-2026,Charge,0.00,453.30,"89,501.42"
ID13676,10-Mar-2026,Transfer,"1,022.60",0.00,"39,838.59"
ID13676,15-Mar-2026,Charge,0.00,331.14,"75,537.26"
ID13676,14-Jan-2026,Interest,68.16,0.00,"41,424.23"
ID13676,26-Feb-2026,Direct Deposit,"2,879.13",0.00,"54,983.37"
ID13676,18-Feb-2026,Charge,0.00,74.24,"4,015.85"
ID13676,02-Apr-2026,Interest,110.18,0.00,"74,234.90"
ID13676,20-Jan-2026,Charge,0.00,856.55,"88,380.06"
ID13676,28-Feb-2026,Debit Card,0.00,493.76,"51,420.43"
ID13676,09-Feb-2026,Transfer,968.40,0.00,"4,639.17"
ID13676,13-Feb-2026,Direct Deposit,523.79,0.00,"32,225.05"
ID13676,09-Feb-2026,Charge,0.00,808.31,"71,727.92"
ID13677,21-Jan-2026,Interest,449.00,0.00,"34,924.96"
ID13677,28-Jan-2026,Debit Card,0.00,685.82,"71,875.94"
ID13677,08-Jan-2026,Payment,260.33,0.00,"16,300.80"
ID13677,13-Mar-2026,Transfer,0.00,519.38,"19,101.70"
ID13677,22-Mar-2026,Debit Card,0.00,978.64,"6,785.57"
ID13677,25-Jan-2026,Direct Deposit,"3,051.94",0.00,"18,335.26"
ID13677,20-Jan-2026,Direct Deposit,"1,512.13",0.00,"64,297.52"
ID13677,28-Mar-2026,Direct Deposit,"4,114.79",0.00,"11,868.72"
ID13677,28-Mar-2026,Payment,0.00,572.70,"9,599.13"
ID13677,31-Jan-2026,Payment,"1,311.52",0.00,"78,028.87"
ID13677,30-Mar-2026,Reversal,"1,320.59",0.00,"78,806.81"
ID13677,17-Jan-2026,Direct Deposit,"2,512.76",0.00,"85,399.28"
ID13677,05-Jan-2026,Transfer,0.00,583.10,"66,358.97"
ID13677,13-Feb-2026,ATM Withdrawal,0.00,257.65,"4,333.40"
ID13677,14-Feb-2026,Transfer,0.00,692.28,"8,168.31"
ID13677,22-Jan-2026,Direct Deposit,"1,571.04",0.00,"98,523.21"
ID13677,22-Feb-2026,Payment,"1,984.84",0.00,"34,637.68"
ID13677,20-Mar-2026,Debit Card,0.00,153.33,"20,536.96"
ID13677,13-Mar-2026,Interest,52.87,0.00,"97,344.96"
ID13677,18-Mar-2026,Direct Deposit,"2,625.06",0.00,"63,682.48"
ID13678,01-Apr-2026,Debit Card,0.00,621.37,"51,110.48"
ID13678,03-Jan-2026,Direct Deposit,"2,336.05",0.00,"83,429.84"
ID13678,12-Jan-2026,Debit Card,0.00,742.74,"70,151.79"
ID13678,09-Mar-2026,Payment,0.00,754.93,"59,291.33"
ID13678,05-Mar-2026,Transfer,"1,281.11",0.00,"56,315.65"
ID13678,20-Feb-2026,ATM Withdrawal,0.00,131.80,"89,158.72"
ID13678,21-Jan-2026,Reversal,0.00,897.72,"19,957.76"
ID13678,09-Jan-2026,Transfer,0.00,443.52,"15,697.10"
ID13678,13-Feb-2026,Payment,0.00,709.66,"17,861.02"
ID13678,05-Feb-2026,Payment,"1,343.81",0.00,"32,198.67"
ID13678,12-Mar-2026,ATM Withdrawal,0.00,354.09,"38,756.45"
ID13678,26-Feb-2026,Debit Card,0.00,545.58,"61,217.69"
ID13678,28-Jan-2026,Charge,0.00,75.55,"72,178.80"
ID13678,28-Feb-2026,Charge,0.00,598.25,"8,303.30"
ID13678,12-Feb-2026,Payment,0.00,190.14,"9,339.08"
ID13678,07-Feb-2026,Transfer,0.00,"1,406.23","58,262.71"
ID13678,10-Feb-2026,Payment,263.74,0.00,"50,200.77"
ID13678,10-Mar-2026,Charge,0.00,315.14,"8,155.61"
ID13678,07-Jan-2026,Reversal,0.00,473.97,"15,217.06"
ID13678,07-Jan-2026,Payment,"1,780.50",0.00,"24,012.81"
ID13679,11-Feb-2026,Debit Card,0.00,263.60,"86,679.35"
ID13679,13-Mar-2026,Payment,419.00,0.00,"27,982.03"
ID13679,10-Mar-2026,Payment,337.10,0.00,"75,756.33"
ID13679,07-Mar-2026,Debit Card,0.00,882.47,"21,888.62"
ID13679,09-Jan-2026,ATM Withdrawal,0.00,958.84,"16,574.62"
ID13679,25-Feb-2026,Direct Deposit,"3,618.84",0.00,"61,827.13"
ID13679,24-Jan-2026,Charge,0.00,100.87,"5,666.89"
ID13679,02-Apr-2026,Reversal,0.00,524.91,"84,375.96"
ID13679,21-Jan-2026,Debit Card,0.00,804.83,"18,833.88"
ID13679,05-Feb-2026,Reversal,0.00,403.81,"59,935.04"
ID13679,01-Apr-2026,ATM Withdrawal,0.00,630.78,"65,781.58"
ID13679,31-Mar-2026,ATM Withdrawal,0.00,684.43,"1,924.07"
ID13679,20-Jan-2026,Transfer,"1,356.33",0.00,"58,988.01"
ID13679,30-Jan-2026,Direct Deposit,"2,684.59",0.00,"36,383.05"
ID13679,21-Feb-2026,Reversal,683.38,0.00,"19,737.58"
ID13679,01-Mar-2026,Payment,"1,350.81",0.00,"9,137.88"
ID13679,10-Jan-2026,Reversal,370.95,0.00,"42,494.40"
ID13679,14-Mar-2026,Payment,"1,539.19",0.00,"18,742.24"
ID13679,22-Mar-2026,Payment,0.00,196.77,"76,692.19"
ID13679,24-Feb-2026,Debit Card,0.00,60.30,"89,848.86"
ID13680,18-Mar-2026,ATM Withdrawal,0.00,755.68,"68,743.13"
ID13680,11-Jan-2026,Direct Deposit,"2,031.31",0.00,"97,319.44"
ID13680,14-Mar-2026,Direct Deposit,"4,852.51",0.00,"42,938.25"
ID13680,01-Mar-2026,Direct Deposit,"4,006.69",0.00,"2,360.75"
ID13680,23-Feb-2026,ATM Withdrawal,0.00,982.82,"15,290.85"
ID13680,03-Feb-2026,Direct Deposit,625.98,0.00,"55,275.70"
ID13680,31-Mar-2026,Payment,0.00,653.69,"38,763.10"
ID13680,05-Jan-2026,Payment,0.00,562.29,"61,524.15"
ID13680,19-Feb-2026,Direct Deposit,"3,046.61",0.00,"15,799.80"
ID13680,24-Mar-2026,Debit Card,0.00,365.53,"82,649.90"
ID13680,27-Feb-2026,Debit Card,0.00,683.90,"52,890.53"
ID13680,16-Feb-2026,ATM Withdrawal,0.00,983.29,"58,250.46"
ID13680,10-Feb-2026,Reversal,0.00,504.73,"62,252.75"
ID13680,07-Feb-2026,Direct Deposit,"4,748.54",0.00,"6,686.81"
ID13680,23-Jan-2026,Reversal,0.00,412.84,"43,973.74"
ID13680,21-Mar-2026,Payment,0.00,257.99,"23,429.99"
ID13680,02-Apr-2026,Transfer,0.00,139.78,"7,896.62"
ID13680,29-Mar-2026,Payment,0.00,335.43,"70,792.50"
ID13680,16-Jan-2026,Transfer,"1,477.05",0.00,"30,273.78"
ID13680,30-Mar-2026,Transfer,"1,210.11",0.00,"7,641.02"
ID13681,12-Mar-2026,Debit Card,0.00,265.92,"75,448.59"
ID13681,28-Jan-2026,Interest,34.76,0.00,"58,127.13"
ID13681,06-Feb-2026,Charge,0.00,381.74,"8,149.56"
ID13681,19-Jan-2026,ATM Withdrawal,0.00,87.77,"23,319.10"
ID13681,12-Mar-2026,Reversal,"1,537.50",0.00,"2,394.49"
ID13681,08-Mar-2026,Transfer,"1,281.65",0.00,"33,864.78"
ID13681,29-Jan-2026,Transfer,"1,670.44",0.00,"66,999.13"
ID13681,16-Feb-2026,Interest,210.51,0.00,"92,829.95"
ID13681,05-Mar-2026,Payment,0.00,114.44,"35,511.92"
ID13681,04-Mar-2026,Charge,0.00,436.53,"55,267.19"
ID13681,11-Mar-2026,Direct Deposit,690.29,0.00,"43,181.59"
ID13681,12-Mar-2026,Interest,328.15,0.00,"57,240.03"
ID13681,06-Mar-2026,Payment,791.46,0.00,"8,025.82"
ID13681,14-Jan-2026,ATM Withdrawal,0.00,839.63,"61,723.84"
ID13681,18-Jan-2026,Debit Card,0.00,944.23,"66,074.76"
ID13681,04-Mar-2026,ATM Withdrawal,0.00,450.10,"33,525.95"
ID13681,05-Jan-2026,Interest,123.15,0.00,"81,781.11"
ID13681,08-Feb-2026,Reversal,0.00,"1,393.56","84,664.79"
ID13681,09-Feb-2026,Charge,0.00,811.82,"86,598.37"
ID13681,04-Jan-2026,Reversal,"1,470.15",0.00,"20,079.33"
ID13682,08-Feb-2026,Payment,"1,643.89",0.00,"16,225.03"
ID13682,19-Mar-2026,ATM Withdrawal,0.00,792.49,"65,949.59"
ID13682,10-Feb-2026,Payment,"1,935.34",0.00,"64,311.30"
ID13682,26-Jan-2026,Payment,"1,116.95",0.00,"22,651.34"
ID13682,24-Mar-2026,Transfer,0.00,275.75,"78,303.16"
ID13682,29-Jan-2026,Direct Deposit,"4,565.42",0.00,"20,611.04"
ID13682,08-Mar-2026,Transfer,0.00,818.74,"38,903.81"
ID13682,18-Mar-2026,Payment,"1,697.30",0.00,"41,789.20"
ID13682,19-Jan-2026,ATM Withdrawal,0.00,336.96,"40,845.36"
ID13682,16-Jan-2026,Reversal,0.00,732.16,"37,243.62"
ID13682,09-Jan-2026,ATM Withdrawal,0.00,318.25,"52,922.23"
ID13682,04-Feb-2026,Charge,0.00,625.54,"50,242.57"
ID13682,02-Apr-2026,Direct Deposit,"2,576.82",0.00,"8,666.14"
ID13682,05-Jan-2026,Transfer,0.00,"1,115.33","52,207.46"
ID13682,28-Jan-2026,Payment,164.63,0.00,"80,428.20"
ID13682,14-Feb-2026,Interest,54.89,0.00,"42,445.78"
ID13682,28-Feb-2026,Charge,0.00,629.04,"81,258.27"
ID13682,09-Feb-2026,Charge,0.00,882.61,"67,896.92"
ID13682,18-Jan-2026,Transfer,853.54,0.00,"69,956.45"
ID13682,16-Mar-2026,ATM Withdrawal,0.00,776.40,"6,383.73"
ID13683,23-Jan-2026,Payment,0.00,"1,487.59","36,697.40"
ID13683,04-Feb-2026,Direct Deposit,"4,124.00",0.00,"43,355.62"
ID13683,09-Mar-2026,Interest,111.51,0.00,"54,922.19"
ID13683,24-Jan-2026,Transfer,"1,188.52",0.00,"42,472.72"
ID13683,21-Mar-2026,Debit Card,0.00,195.36,"38,804.93"
ID13683,10-Mar-2026,ATM Withdrawal,0.00,473.05,"80,898.21"
ID13683,02-Mar-2026,Debit Card,0.00,695.68,"7,231.86"
ID13683,30-Jan-2026,Debit Card,0.00,109.81,"43,238.62"
ID13683,19-Feb-2026,ATM Withdrawal,0.00,970.93,"70,974.92"
ID13683,04-Feb-2026,Transfer,0.00,330.76,"68,078.88"
ID13683,22-Jan-2026,Interest,117.85,0.00,"14,172.09"
ID13683,28-Feb-2026,ATM Withdrawal,0.00,836.91,"71,733.82"
ID13683,13-Mar-2026,Charge,0.00,286.41,"37,178.86"
ID13683,05-Feb-2026,Debit Card,0.00,607.01,"96,266.90"
ID13683,01-Apr-2026,ATM Withdrawal,0.00,570.14,"51,870.85"
ID13683,20-Jan-2026,Debit Card,0.00,250.77,"11,969.58"
ID13683,09-Jan-2026,Debit Card,0.00,745.75,"19,197.84"
ID13683,22-Mar-2026,Transfer,0.00,73.20,"50,512.04"
ID13683,24-Mar-2026,Direct Deposit,"2,058.72",0.00,"65,847.21"
ID13683,06-Jan-2026,Direct Deposit,"3,429.71",0.00,"39,368.57"
ID13684,01-Mar-2026,Interest,490.86,0.00,"12,859.25"
ID13684,06-Jan-2026,Payment,0.00,247.21,"97,714.54"
ID13684,28-Feb-2026,Debit Card,0.00,726.30,"90,539.61"
ID13684,29-Jan-2026,Payment,"1,687.00",0.00,"93,995.92"
ID13684,23-Mar-2026,Transfer,"1,119.99",0.00,"92,456.98"
ID13684,01-Feb-2026,Payment,"1,722.02",0.00,"78,296.89"
ID13684,22-Jan-2026,Direct Deposit,777.18,0.00,"70,714.39"
ID13684,09-Feb-2026,Reversal,0.00,462.98,"80,467.13"
ID13684,17-Feb-2026,Direct Deposit,"2,740.27",0.00,"53,738.95"
ID13684,19-Feb-2026,Reversal,358.01,0.00,"54,153.45"
ID13684,01-Feb-2026,Interest,487.08,0.00,"89,531.26"
ID13684,13-Mar-2026,Charge,0.00,312.69,"47,657.37"
ID13684,22-Jan-2026,Payment,0.00,760.74,"91,386.17"
ID13684,26-Feb-2026,Transfer,325.13,0.00,"96,786.19"
ID13684,12-Jan-2026,ATM Withdrawal,0.00,720.13,"79,253.23"
ID13684,22-Mar-2026,ATM Withdrawal,0.00,880.88,"79,073.61"
ID13684,10-Jan-2026,Debit Card,0.00,41.42,"65,645.48"
ID13684,29-Mar-2026,Transfer,755.63,0.00,"63,378.16"
ID13684,06-Jan-2026,Direct Deposit,995.12,0.00,"53,367.26"
ID13684,04-Mar-2026,Reversal,"1,206.03",0.00,"65,923.80"
ID13685,26-Feb-2026,Direct Deposit,"2,978.73",0.00,"74,498.96"
ID13685,26-Feb-2026,Charge,0.00,795.07,"31,583.10"
ID13685,09-Jan-2026,ATM Withdrawal,0.00,584.15,"42,708.77"
ID13685,19-Jan-2026,Interest,342.34,0.00,"53,845.54"
ID13685,03-Mar-2026,Charge,0.00,390.62,"24,647.78"
ID13685,02-Mar-2026,ATM Withdrawal,0.00,433.93,"20,103.27"
ID13685,27-Feb-2026,Reversal,439.34,0.00,"50,599.65"
ID13685,05-Jan-2026,Direct Deposit,"2,856.40",0.00,"97,322.83"
ID13685,30-Jan-2026,Interest,449.44,0.00,"67,109.62"
ID13685,15-Mar-2026,Interest,288.31,0.00,"25,866.07"
ID13685,11-Feb-2026,Payment,817.54,0.00,"20,024.57"
ID13685,11-Mar-2026,Interest,471.90,0.00,"63,617.89"
ID13685,04-Feb-2026,Charge,0.00,634.32,"43,901.79"
ID13685,21-Mar-2026,Charge,0.00,199.98,"42,623.70"
ID13685,28-Feb-2026,Direct Deposit,"4,489.70",0.00,"93,537.13"
ID13685,10-Mar-2026,Direct Deposit,"1,202.75",0.00,"23,899.22"
ID13685,19-Mar-2026,Charge,0.00,145.58,"93,098.27"
ID13685,24-Jan-2026,Debit Card,0.00,902.89,"55,271.12"
ID13685,24-Jan-2026,Payment,0.00,224.84,"14,211.73"
ID13685,18-Mar-2026,Reversal,0.00,"1,189.56","2,810.82"
ID13686,23-Jan-2026,Payment,481.77,0.00,"20,675.71"
ID13686,20-Mar-2026,Debit Card,0.00,55.25,"2,408.15"
ID13686,23-Mar-2026,Transfer,"1,218.16",0.00,"36,875.95"
ID13686,24-Feb-2026,Interest,267.55,0.00,"31,765.91"
ID13686,10-Feb-2026,ATM Withdrawal,0.00,157.88,"54,742.91"
ID13686,08-Mar-2026,Interest,219.12,0.00,"81,571.92"
ID13686,21-Jan-2026,Transfer,0.00,408.47,"36,713.25"
ID13686,04-Mar-2026,Interest,13.23,0.00,"5,121.11"
ID13686,24-Jan-2026,Debit Card,0.00,216.59,"26,257.44"
ID13686,05-Mar-2026,Transfer,0.00,90.09,"14,158.39"
ID13686,15-Feb-2026,ATM Withdrawal,0.00,589.06,"18,660.03"
ID13686,15-Jan-2026,Debit Card,0.00,295.19,"3,893.63"
ID13686,31-Jan-2026,ATM Withdrawal,0.00,829.00,"20,760.69"
ID13686,16-Mar-2026,Debit Card,0.00,753.85,"19,050.21"
ID13686,19-Jan-2026,Payment,"1,893.65",0.00,"50,615.40"
ID13686,07-Jan-2026,Reversal,0.00,445.75,"19,830.34"
ID13686,06-Feb-2026,ATM Withdrawal,0.00,348.69,"82,344.25"
ID13686,15-Feb-2026,Interest,49.50,0.00,"98,840.91"
ID13686,17-Feb-2026,ATM Withdrawal,0.00,30.22,"94,257.64"
ID13686,04-Jan-2026,Interest,468.66,0.00,"36,036.40"
ID13687,26-Jan-2026,Charge,0.00,160.29,"26,604.13"
ID13687,26-Jan-2026,Interest,23.68,0.00,"83,302.21"
ID13687,24-Jan-2026,Payment,"1,004.96",0.00,"97,231.58"
ID13687,21-Feb-2026,ATM Withdrawal,0.00,470.16,"21,826.45"
ID13687,05-Mar-2026,Reversal,0.00,634.05,"96,763.12"
ID13687,19-Mar-2026,Payment,0.00,"1,167.98","97,258.31"
ID13687,03-Jan-2026,Direct Deposit,"2,518.51",0.00,"30,545.14"
ID13687,11-Mar-2026,Payment,0.00,132.39,"56,591.70"
ID13687,23-Jan-2026,Debit Card,0.00,325.96,"85,729.80"
ID13687,22-Jan-2026,Payment,"1,723.74",0.00,"6,893.30"
ID13687,17-Mar-2026,ATM Withdrawal,0.00,51.50,"77,290.29"
ID13687,22-Feb-2026,Payment,0.00,"1,487.53","6,243.49"
ID13687,08-Mar-2026,Interest,388.71,0.00,"87,101.12"
ID13687,19-Feb-2026,Debit Card,0.00,400.00,"11,657.62"
ID13687,26-Jan-2026,Debit Card,0.00,129.42,"86,125.58"
ID13687,10-Mar-2026,Reversal,339.52,0.00,"26,608.88"
ID13687,01-Feb-2026,Debit Card,0.00,572.57,"56,282.32"
ID13687,29-Jan-2026,Reversal,0.00,675.97,"98,945.20"
ID13687,28-Mar-2026,Direct Deposit,"4,969.09",0.00,"49,039.72"
ID13687,15-Mar-2026,Transfer,972.55,0.00,"66,067.24"
ID13688,22-Feb-2026,ATM Withdrawal,0.00,211.02,"80,002.54"
ID13688,22-Mar-2026,Charge,0.00,676.69,"92,542.23"
ID13688,28-Jan-2026,Debit Card,0.00,394.15,"41,512.52"
ID13688,22-Feb-2026,Debit Card,0.00,108.05,"82,736.54"
ID13688,24-Feb-2026,Direct Deposit,"2,284.56",0.00,"79,346.66"
ID13688,28-Mar-2026,Interest,38.24,0.00,"45,307.79"
ID13688,04-Feb-2026,Debit Card,0.00,905.89,"48,159.31"
ID13688,10-Feb-2026,Interest,244.82,0.00,"3,359.59"
ID13688,22-Jan-2026,ATM Withdrawal,0.00,370.84,"25,150.06"
ID13688,08-Mar-2026,ATM Withdrawal,0.00,614.94,"83,484.00"
ID13688,28-Jan-2026,ATM Withdrawal,0.00,701.88,"11,687.59"
ID13688,01-Apr-2026,Interest,411.36,0.00,"99,810.66"
ID13688,19-Feb-2026,Reversal,0.00,904.07,"14,840.01"
ID13688,18-Feb-2026,Interest,343.39,0.00,"83,195.77"
ID13688,01-Apr-2026,Payment,"1,023.04",0.00,"81,179.50"
ID13688,04-Feb-2026,ATM Withdrawal,0.00,674.50,"31,970.33"
ID13688,14-Mar-2026,Debit Card,0.00,525.12,"53,415.45"
ID13688,12-Feb-2026,Payment,551.31,0.00,"15,914.45"
ID13688,13-Mar-2026,ATM Withdrawal,0.00,162.34,"18,581.49"
ID13688,28-Jan-2026,Charge,0.00,841.50,"25,946.74"
ID13689,16-Mar-2026,Interest,341.59,0.00,"23,123.19"
ID13689,29-Jan-2026,Charge,0.00,155.86,"70,190.94"
ID13689,04-Jan-2026,Charge,0.00,920.48,"77,861.63"
ID13689,24-Feb-2026,Reversal,813.79,0.00,"75,829.52"
ID13689,05-Feb-2026,Debit Card,0.00,39.95,"92,324.06"
ID13689,05-Jan-2026,Transfer,"1,747.07",0.00,"85,834.85"
ID13689,23-Feb-2026,Transfer,462.10,0.00,"54,445.17"
ID13689,12-Mar-2026,Transfer,378.77,0.00,"73,773.22"
ID13689,10-Mar-2026,Debit Card,0.00,139.03,"71,296.38"
ID13689,06-Feb-2026,Charge,0.00,139.59,"96,034.82"
ID13689,14-Feb-2026,Charge,0.00,543.47,"50,620.35"
ID13689,31-Mar-2026,Payment,"1,093.64",0.00,"32,709.25"
ID13689,14-Mar-2026,ATM Withdrawal,0.00,630.33,"22,354.94"
ID13689,25-Jan-2026,Direct Deposit,"3,152.12",0.00,"78,636.49"
ID13689,02-Feb-2026,Reversal,0.00,"1,334.30","6,823.54"
ID13689,01-Mar-2026,Interest,471.49,0.00,"88,912.94"
ID13689,04-Jan-2026,ATM Withdrawal,0.00,634.35,"67,762.22"
ID13689,15-Mar-2026,Reversal,"1,783.76",0.00,"71,525.74"
ID13689,02-Apr-2026,Debit Card,0.00,879.75,"72,753.22"
ID13689,25-Mar-2026,ATM Withdrawal,0.00,317.04,"69,760.61"
ID13690,03-Mar-2026,Direct Deposit,"1,755.15",0.00,"56,276.11"
ID13690,28-Feb-2026,Payment,335.11,0.00,"66,110.32"
ID13690,13-Feb-2026,Reversal,"1,869.47",0.00,"43,491.66"
ID13690,24-Jan-2026,Transfer,369.27,0.00,"89,207.81"
ID13690,06-Jan-2026,Reversal,"1,959.30",0.00,"36,059.64"
ID13690,21-Mar-2026,Charge,0.00,44.33,"82,217.33"
ID13690,16-Feb-2026,Payment,0.00,738.88,"99,340.82"
ID13690,09-Jan-2026,Direct Deposit,659.71,0.00,"95,884.46"
ID13690,04-Mar-2026,ATM Withdrawal,0.00,969.12,"2,271.40"
ID13690,19-Feb-2026,Debit Card,0.00,992.96,"52,516.32"
ID13690,13-Mar-2026,Charge,0.00,565.43,"70,483.06"
ID13690,21-Feb-2026,ATM Withdrawal,0.00,757.81,"28,743.50"
ID13690,02-Mar-2026,Direct Deposit,"2,219.76",0.00,"14,772.85"
ID13690,12-Jan-2026,Reversal,433.79,0.00,"48,953.25"
ID13690,15-Jan-2026,Direct Deposit,"4,002.71",0.00,"52,299.42"
ID13690,23-Jan-2026,ATM Withdrawal,0.00,387.58,"79,584.99"
ID13690,31-Jan-2026,Debit Card,0.00,416.23,"82,742.93"
ID13690,23-Jan-2026,Debit Card,0.00,859.84,"65,324.96"
ID13690,27-Mar-2026,Charge,0.00,595.43,"97,290.06"
ID13690,03-Apr-2026,Interest,458.28,0.00,"63,233.34"
ID13691,06-Feb-2026,Charge,0.00,260.63,"63,773.20"
ID13691,19-Jan-2026,Reversal,552.46,0.00,"96,239.34"
ID13691,10-Jan-2026,Payment,"1,743.38",0.00,"45,285.22"
ID13691,19-Mar-2026,Reversal,0.00,869.91,"49,979.65"
ID13691,25-Mar-2026,Charge,0.00,562.40,"62,969.94"
ID13691,16-Mar-2026,Debit Card,0.00,958.39,"60,076.86"
ID13691,28-Feb-2026,Debit Card,0.00,192.17,"85,291.54"
ID13691,24-Mar-2026,Reversal,0.00,"1,401.58","22,651.19"
ID13691,18-Mar-2026,Payment,0.00,972.56,"20,662.85"
ID13691,09-Mar-2026,Debit Card,0.00,712.46,"36,080.89"
ID13691,23-Mar-2026,Reversal,"1,286.28",0.00,"75,856.89"
ID13691,13-Feb-2026,Debit Card,0.00,766.94,"95,762.66"
ID13691,03-Feb-2026,Debit Card,0.00,535.65,"30,913.32"
ID13691,22-Mar-2026,Interest,117.15,0.00,"82,712.12"
ID13691,05-Feb-2026,ATM Withdrawal,0.00,249.90,"24,323.41"
ID13691,30-Mar-2026,ATM Withdrawal,0.00,795.43,"87,671.14"
ID13691,21-Feb-2026,Payment,0.00,282.42,"34,960.15"
ID13691,28-Mar-2026,Direct Deposit,"3,466.66",0.00,"43,089.92"
ID13691,01-Mar-2026,Payment,0.00,531.18,"6,981.83"
ID13691,11-Feb-2026,ATM Withdrawal,0.00,652.42,"24,242.42"
ID13692,27-Feb-2026,Reversal,0.00,"1,486.09","57,733.01"
ID13692,14-Mar-2026,Debit Card,0.00,184.94,"17,300.44"
ID13692,08-Jan-2026,Debit Card,0.00,973.26,"78,004.57"
ID13692,27-Mar-2026,Interest,214.58,0.00,"7,903.80"
ID13692,07-Jan-2026,Reversal,"1,599.39",0.00,"74,394.55"
ID13692,27-Jan-2026,Direct Deposit,"4,566.49",0.00,"63,062.78"
ID13692,20-Feb-2026,ATM Withdrawal,0.00,543.21,"45,728.18"
ID13692,18-Jan-2026,Interest,444.95,0.00,"44,735.14"
ID13692,04-Jan-2026,Transfer,0.00,"1,316.00","71,488.51"
ID13692,10-Feb-2026,Debit Card,0.00,544.41,"98,737.79"
ID13692,17-Mar-2026,Interest,83.94,0.00,"58,775.66"
ID13692,28-Jan-2026,ATM Withdrawal,0.00,964.84,"83,820.73"
ID13692,24-Feb-2026,Charge,0.00,193.55,"83,891.52"
ID13692,14-Feb-2026,Reversal,0.00,218.69,"78,930.82"
ID13692,08-Jan-2026,ATM Withdrawal,0.00,854.89,"56,336.26"
ID13692,16-Mar-2026,Reversal,879.92,0.00,"89,845.31"
ID13692,16-Mar-2026,Payment,0.00,597.55,"26,920.21"
ID13692,15-Jan-2026,Payment,"1,735.94",0.00,"37,679.91"
ID13692,03-Apr-2026,Charge,0.00,779.22,"94,207.00"
ID13692,17-Feb-2026,Interest,307.13,0.00,"39,937.53"
ID13693,01-Feb-2026,Debit Card,0.00,366.56,"43,421.66"
ID13693,15-Mar-2026,Interest,237.75,0.00,"75,252.97"
ID13693,11-Feb-2026,ATM Withdrawal,0.00,37.47,"35,329.38"
ID13693,08-Mar-2026,Transfer,101.32,0.00,"89,550.53"
ID13693,11-Feb-2026,Payment,"1,442.81",0.00,"1,096.10"
ID13693,24-Feb-2026,ATM Withdrawal,0.00,552.07,"26,477.38"
ID13693,19-Mar-2026,Debit Card,0.00,714.43,"48,388.39"
ID13693,23-Jan-2026,ATM Withdrawal,0.00,295.97,"40,178.45"
ID13693,15-Jan-2026,Interest,91.56,0.00,"90,013.96"
ID13693,19-Jan-2026,Direct Deposit,"3,126.23",0.00,"92,354.76"
ID13693,21-Feb-2026,Direct Deposit,"4,015.05",0.00,"12,894.76"
ID13693,10-Jan-2026,Charge,0.00,231.74,"91,677.95"
ID13693,27-Feb-2026,Reversal,"1,745.22",0.00,"22,376.90"
ID13693,21-Mar-2026,Reversal,0.00,677.85,"80,844.70"
ID13693,30-Jan-2026,ATM Withdrawal,0.00,732.91,"84,335.32"
ID13693,14-Jan-2026,Direct Deposit,"3,783.94",0.00,"77,329.64"
ID13693,13-Jan-2026,Reversal,0.00,426.27,"93,317.21"
ID13693,22-Mar-2026,ATM Withdrawal,0.00,749.31,"75,470.22"
ID13693,17-Feb-2026,ATM Withdrawal,0.00,190.25,"48,189.62"
ID13693,15-Jan-2026,Payment,0.00,586.77,"76,141.92"
ID13694,02-Feb-2026,Transfer,0.00,269.62,"32,522.63"
ID13694,03-Apr-2026,ATM Withdrawal,0.00,18.81,"41,579.99"
ID13694,13-Mar-2026,Transfer,0.00,393.02,"9,041.98"
ID13694,08-Mar-2026,Interest,130.71,0.00,"71,829.20"
ID13694,12-Mar-2026,Payment,"1,702.70",0.00,"43,412.51"
ID13694,17-Feb-2026,Transfer,0.00,145.11,"46,621.89"
ID13694,03-Feb-2026,Direct Deposit,"3,365.09",0.00,"93,937.09"
ID13694,13-Jan-2026,Debit Card,0.00,94.65,"48,240.28"
ID13694,03-Jan-2026,Interest,229.43,0.00,"63,837.92"
ID13694,09-Jan-2026,ATM Withdrawal,0.00,805.31,"65,688.05"
ID13694,14-Feb-2026,Payment,"1,579.94",0.00,"34,647.66"
ID13694,09-Jan-2026,Reversal,0.00,"1,097.45","79,678.90"
ID13694,19-Feb-2026,Direct Deposit,"3,808.66",0.00,"37,287.06"
ID13694,28-Feb-2026,Reversal,"1,208.17",0.00,"25,458.91"
ID13694,03-Apr-2026,Reversal,"1,887.29",0.00,"29,238.92"
ID13694,16-Mar-2026,Reversal,0.00,"1,299.60","6,001.80"
ID13694,21-Jan-2026,Interest,374.76,0.00,"29,404.73"
ID13694,01-Apr-2026,Reversal,0.00,"1,177.05","15,888.10"
ID13694,07-Jan-2026,Direct Deposit,"4,361.47",0.00,"12,734.57"
ID13694,16-Feb-2026,Transfer,"1,559.65",0.00,"54,228.09"
ID13695,04-Jan-2026,Direct Deposit,640.48,0.00,"81,375.79"
ID13695,29-Mar-2026,Charge,0.00,278.72,"3,645.13"
ID13695,28-Feb-2026,Interest,417.64,0.00,"93,000.43"
ID13695,20-Mar-2026,Transfer,"1,196.61",0.00,"23,034.33"
ID13695,07-Feb-2026,Payment,"1,875.59",0.00,"33,057.51"
ID13695,07-Jan-2026,Interest,264.68,0.00,"81,508.20"
ID13695,05-Mar-2026,Interest,300.29,0.00,"26,041.38"
ID13695,28-Feb-2026,Direct Deposit,"1,415.54",0.00,"58,833.74"
ID13695,23-Feb-2026,Charge,0.00,657.42,"51,151.73"
ID13695,13-Jan-2026,Transfer,"1,782.03",0.00,"79,196.22"
ID13695,09-Mar-2026,Payment,"1,372.94",0.00,"18,125.66"
ID13695,10-Feb-2026,Direct Deposit,"1,991.39",0.00,"37,186.10"
ID13695,03-Feb-2026,Payment,"1,897.84",0.00,"58,714.21"
ID13695,18-Mar-2026,Payment,"1,122.57",0.00,"60,770.05"
ID13695,02-Apr-2026,Charge,0.00,403.71,"36,794.07"
ID13695,17-Feb-2026,Reversal,0.00,984.70,"99,222.52"
ID13695,24-Jan-2026,Debit Card,0.00,165.70,"84,727.76"
ID13695,03-Feb-2026,Charge,0.00,960.09,"93,462.94"
ID13695,10-Jan-2026,Direct Deposit,"2,905.43",0.00,"19,550.52"
ID13695,09-Jan-2026,Debit Card,0.00,276.90,"74,827.70"
ID13696,16-Mar-2026,Debit Card,0.00,187.39,"20,374.15"
ID13696,13-Jan-2026,Direct Deposit,"2,096.50",0.00,"7,210.73"
ID13696,09-Jan-2026,Transfer,0.00,985.55,"91,494.15"
ID13696,16-Jan-2026,Interest,135.63,0.00,"27,260.58"
ID13696,14-Feb-2026,Transfer,0.00,"1,395.31","82,953.77"
ID13696,28-Jan-2026,Charge,0.00,122.30,"98,125.15"
ID13696,07-Feb-2026,Direct Deposit,"4,428.34",0.00,"15,499.84"
ID13696,11-Mar-2026,Direct Deposit,"2,946.29",0.00,"42,569.72"
ID13696,09-Mar-2026,Payment,0.00,"1,421.57","79,319.20"
ID13696,14-Mar-2026,Charge,0.00,750.86,"15,237.73"
ID13696,09-Feb-2026,Reversal,0.00,"1,117.27","62,724.23"
ID13696,01-Feb-2026,ATM Withdrawal,0.00,373.95,"60,146.34"
ID13696,19-Mar-2026,Interest,56.51,0.00,"54,444.16"
ID13696,25-Feb-2026,Charge,0.00,632.76,"71,794.07"
ID13696,26-Feb-2026,Transfer,"1,861.88",0.00,"94,834.76"
ID13696,12-Feb-2026,Payment,343.08,0.00,"49,505.13"
ID13696,11-Feb-2026,Reversal,579.86,0.00,"66,354.03"
ID13696,27-Jan-2026,Transfer,"1,903.72",0.00,"14,169.42"
ID13696,23-Feb-2026,ATM Withdrawal,0.00,234.22,"88,612.59"
ID13696,17-Mar-2026,Direct Deposit,"4,264.81",0.00,"56,105.51"
ID13697,13-Jan-2026,ATM Withdrawal,0.00,15.00,"58,494.69"
ID13697,16-Jan-2026,ATM Withdrawal,0.00,221.02,"45,993.75"
ID13697,02-Mar-2026,ATM Withdrawal,0.00,812.72,"83,392.37"
ID13697,30-Mar-2026,ATM Withdrawal,0.00,361.86,"17,380.89"
ID13697,04-Mar-2026,Payment,0.00,"1,388.17","93,021.52"
ID13697,18-Jan-2026,Debit Card,0.00,318.18,"51,951.97"
ID13697,11-Mar-2026,Direct Deposit,"3,618.60",0.00,"92,658.11"
ID13697,07-Jan-2026,Debit Card,0.00,965.69,"53,661.04"
ID13697,26-Mar-2026,ATM Withdrawal,0.00,368.38,"19,590.87"
ID13697,10-Feb-2026,Charge,0.00,27.09,"89,156.90"
ID13697,07-Mar-2026,Debit Card,0.00,708.64,"79,540.97"
ID13697,30-Mar-2026,Charge,0.00,899.61,"67,421.79"
ID13697,10-Jan-2026,Interest,194.27,0.00,"4,041.38"
ID13697,03-Mar-2026,Charge,0.00,864.85,"89,036.43"
ID13697,20-Jan-2026,Interest,14.40,0.00,"7,777.24"
ID13697,09-Feb-2026,Direct Deposit,"1,173.15",0.00,"90,452.05"
ID13697,27-Mar-2026,Interest,498.34,0.00,"23,296.16"
ID13697,05-Jan-2026,Charge,0.00,139.41,"79,145.25"
ID13697,09-Feb-2026,Direct Deposit,766.99,0.00,"97,706.43"
ID13697,22-Jan-2026,Reversal,0.00,"1,114.79","43,371.00"
ID13698,25-Mar-2026,Charge,0.00,829.99,"45,369.48"
ID13698,17-Mar-2026,ATM Withdrawal,0.00,798.28,"69,103.08"
ID13698,29-Mar-2026,Debit Card,0.00,305.63,"96,262.86"
ID13698,14-Feb-2026,Transfer,"1,345.76",0.00,"8,535.20"
ID13698,26-Feb-2026,Reversal,0.00,225.87,"48,942.39"
ID13698,14-Feb-2026,Debit Card,0.00,286.55,"32,205.23"
ID13698,10-Feb-2026,Charge,0.00,94.52,"61,827.30"
ID13698,31-Jan-2026,Transfer,0.00,58.63,"24,823.52"
ID13698,21-Feb-2026,Debit Card,0.00,579.59,"26,844.47"
ID13698,29-Mar-2026,Interest,491.41,0.00,"53,452.22"
ID13698,13-Mar-2026,Direct Deposit,"2,694.36",0.00,"16,759.31"
ID13698,02-Mar-2026,Debit Card,0.00,153.24,"92,843.12"
ID13698,16-Feb-2026,Interest,60.89,0.00,"59,418.37"
ID13698,21-Feb-2026,Direct Deposit,706.87,0.00,"8,795.49"
ID13698,02-Mar-2026,Reversal,"1,683.13",0.00,"77,829.91"
ID13698,14-Feb-2026,Debit Card,0.00,528.44,"56,100.45"
ID13698,21-Mar-2026,Transfer,0.00,"1,320.18","74,147.60"
ID13698,21-Mar-2026,Reversal,"1,123.90",0.00,"24,605.46"
ID13698,04-Feb-2026,ATM Withdrawal,0.00,55.54,"54,913.42"
ID13698,16-Jan-2026,Transfer,0.00,"1,161.35","23,912.93"
ID13699,14-Jan-2026,ATM Withdrawal,0.00,274.78,"23,202.93"
ID13699,12-Feb-2026,Reversal,0.00,842.12,"80,211.65"
ID13699,03-Mar-2026,ATM Withdrawal,0.00,115.27,"71,956.11"
ID13699,13-Feb-2026,ATM Withdrawal,0.00,517.63,"69,768.09"
ID13699,20-Feb-2026,ATM Withdrawal,0.00,18.66,"96,304.14"
ID13699,15-Jan-2026,Reversal,0.00,153.69,"66,495.34"
ID13699,06-Mar-2026,Transfer,"1,076.12",0.00,"19,082.13"
ID13699,06-Mar-2026,Payment,639.14,0.00,"99,072.33"
ID13699,24-Mar-2026,Direct Deposit,"1,657.81",0.00,"5,437.10"
ID13699,05-Jan-2026,Direct Deposit,"4,401.56",0.00,"63,758.17"
ID13699,18-Feb-2026,Debit Card,0.00,403.99,"15,670.42"
ID13699,08-Mar-2026,Transfer,0.00,"1,367.07","4,536.54"
ID13699,17-Mar-2026,Debit Card,0.00,313.09,"98,981.08"
ID13699,06-Feb-2026,Debit Card,0.00,306.07,"95,063.38"
ID13699,01-Apr-2026,Direct Deposit,"4,725.76",0.00,"63,244.05"
ID13699,16-Jan-2026,Interest,399.98,0.00,"31,787.24"
ID13699,28-Feb-2026,Debit Card,0.00,723.88,"44,495.61"
ID13699,17-Mar-2026,Direct Deposit,"2,068.18",0.00,"13,195.77"
ID13699,13-Feb-2026,Charge,0.00,289.52,"20,409.66"
ID13699,17-Jan-2026,Transfer,994.53,0.00,"73,753.55"
ID13700,27-Jan-2026,Interest,475.36,0.00,"5,328.88"
ID13700,23-Jan-2026,Reversal,0.00,505.13,"9,948.75"
ID13700,22-Feb-2026,ATM Withdrawal,0.00,324.53,"48,047.55"
ID13700,21-Feb-2026,Charge,0.00,868.79,"72,908.71"
ID13700,08-Feb-2026,ATM Withdrawal,0.00,629.91,"18,964.60"
ID13700,15-Mar-2026,Payment,238.03,0.00,"22,377.55"
ID13700,04-Jan-2026,Charge,0.00,311.18,"99,507.26"
ID13700,17-Feb-2026,Reversal,"1,968.70",0.00,"67,258.70"
ID13700,03-Mar-2026,Charge,0.00,673.70,"56,197.87"
ID13700,11-Jan-2026,Transfer,"1,636.48",0.00,"15,799.18"
ID13700,10-Jan-2026,Reversal,0.00,"1,142.62","23,412.62"
ID13700,30-Jan-2026,Reversal,"1,895.33",0.00,"69,987.10"
ID13700,31-Mar-2026,Reversal,"1,433.70",0.00,"56,856.17"
ID13700,27-Mar-2026,Debit Card,0.00,47.59,"49,115.10"
ID13700,29-Jan-2026,Payment,268.00,0.00,"77,870.26"
ID13700,01-Apr-2026,ATM Withdrawal,0.00,379.81,"59,510.68"
ID13700,20-Mar-2026,ATM Withdrawal,0.00,121.70,"34,744.31"
ID13700,28-Feb-2026,Interest,67.96,0.00,"46,812.89"
ID13700,03-Mar-2026,Transfer,"1,936.63",0.00,"8,292.81"
ID13700,02-Feb-2026,ATM Withdrawal,0.00,983.20,"38,427.57"
ID13701,28-Feb-2026,Charge,0.00,597.03,"87,320.78"
ID13701,28-Jan-2026,ATM Withdrawal,0.00,945.58,"3,762.58"
ID13701,24-Mar-2026,Charge,0.00,156.50,"83,165.68"
ID13701,11-Jan-2026,Payment,"1,236.68",0.00,"31,622.62"
ID13701,23-Jan-2026,Payment,805.55,0.00,"90,039.66"
ID13701,01-Feb-2026,Interest,386.93,0.00,"41,839.25"
ID13701,29-Jan-2026,Charge,0.00,106.56,"24,105.05"
ID13701,11-Jan-2026,ATM Withdrawal,0.00,400.87,"74,074.75"
ID13701,16-Jan-2026,ATM Withdrawal,0.00,637.86,"71,041.43"
ID13701,10-Jan-2026,Direct Deposit,"4,255.87",0.00,"35,303.64"
ID13701,14-Feb-2026,Payment,0.00,"1,383.81","64,286.94"
ID13701,15-Mar-2026,Debit Card,0.00,814.03,"93,725.58"
ID13701,09-Mar-2026,Charge,0.00,818.20,"67,283.17"
ID13701,21-Feb-2026,Reversal,"1,120.01",0.00,"36,023.00"
ID13701,27-Feb-2026,ATM Withdrawal,0.00,461.53,"58,660.06"
ID13701,18-Jan-2026,ATM Withdrawal,0.00,837.31,"58,882.29"
ID13701,01-Feb-2026,Direct Deposit,"3,051.34",0.00,"29,358.50"
ID13701,03-Feb-2026,Interest,36.49,0.00,"79,388.13"
ID13701,29-Jan-2026,Direct Deposit,"3,826.55",0.00,"37,473.40"
ID13701,29-Jan-2026,Reversal,"1,563.64",0.00,"37,898.64"
ID13702,20-Mar-2026,ATM Withdrawal,0.00,996.69,"83,031.79"
ID13702,27-Feb-2026,Reversal,"1,910.28",0.00,"59,116.20"
ID13702,26-Jan-2026,Reversal,0.00,426.05,"82,598.10"
ID13702,19-Jan-2026,ATM Withdrawal,0.00,856.30,"2,574.12"
ID13702,24-Feb-2026,Direct Deposit,"3,441.20",0.00,"59,758.91"
ID13702,21-Jan-2026,ATM Withdrawal,0.00,588.13,"84,768.88"
ID13702,20-Mar-2026,Payment,"1,803.67",0.00,"67,215.69"
ID13702,07-Jan-2026,Payment,0.00,363.29,"52,586.44"
ID13702,31-Mar-2026,Reversal,"1,919.78",0.00,"64,556.59"
ID13702,09-Mar-2026,Transfer,0.00,150.74,"38,392.00"
ID13702,09-Jan-2026,Reversal,0.00,608.06,"72,453.83"
ID13702,13-Jan-2026,Transfer,"1,010.05",0.00,"93,316.33"
ID13702,11-Jan-2026,Reversal,0.00,"1,090.60","32,850.66"
ID13702,15-Feb-2026,ATM Withdrawal,0.00,361.64,"56,841.51"
ID13702,22-Jan-2026,Debit Card,0.00,231.75,"12,764.56"
ID13702,14-Mar-2026,Interest,438.16,0.00,"44,803.55"
ID13702,29-Mar-2026,Reversal,330.75,0.00,"12,388.34"
ID13702,17-Jan-2026,Interest,193.95,0.00,"59,406.10"
ID13702,13-Jan-2026,Direct Deposit,"2,045.74",0.00,"36,130.16"
ID13702,10-Feb-2026,Direct Deposit,"1,286.44",0.00,"10,019.83"
ID13703,29-Mar-2026,Debit Card,0.00,160.49,"96,969.58"
ID13703,08-Mar-2026,Reversal,0.00,885.62,"81,277.94"
ID13703,14-Jan-2026,Interest,256.13,0.00,"11,440.49"
ID13703,03-Apr-2026,Payment,0.00,881.26,"79,478.35"
ID13703,13-Jan-2026,Reversal,0.00,618.97,"11,617.61"
ID13703,10-Mar-2026,Debit Card,0.00,447.73,"23,336.89"
ID13703,10-Jan-2026,Direct Deposit,"4,987.21",0.00,"51,950.10"
ID13703,03-Jan-2026,Debit Card,0.00,178.85,"28,507.28"
ID13703,13-Mar-2026,Direct Deposit,800.38,0.00,"97,320.28"
ID13703,02-Apr-2026,Charge,0.00,785.14,"86,954.96"
ID13703,29-Mar-2026,Reversal,"1,676.81",0.00,"53,518.03"
ID13703,11-Mar-2026,Charge,0.00,405.48,"79,061.90"
ID13703,30-Jan-2026,ATM Withdrawal,0.00,983.96,"27,028.16"
ID13703,29-Mar-2026,Reversal,0.00,461.36,"71,345.38"
ID13703,05-Mar-2026,Transfer,0.00,235.62,"35,229.74"
ID13703,24-Mar-2026,ATM Withdrawal,0.00,802.24,"74,952.18"
ID13703,21-Jan-2026,Transfer,0.00,756.18,"45,933.90"
ID13703,18-Jan-2026,Interest,220.48,0.00,"58,323.23"
ID13703,03-Jan-2026,Payment,0.00,930.81,"71,952.24"
ID13703,01-Mar-2026,Charge,0.00,988.54,"69,176.80"
ID13704,03-Mar-2026,Reversal,"1,593.96",0.00,"94,682.13"
ID13704,25-Feb-2026,Reversal,0.00,406.56,"15,946.14"
ID13704,11-Feb-2026,Transfer,"1,840.78",0.00,"41,284.81"
ID13704,15-Feb-2026,Interest,108.33,0.00,"17,371.41"
ID13704,25-Feb-2026,Charge,0.00,37.25,"95,281.62"
ID13704,18-Feb-2026,Transfer,"1,446.19",0.00,"2,830.15"
ID13704,07-Jan-2026,Transfer,597.63,0.00,"18,176.56"
ID13704,18-Jan-2026,Payment,444.98,0.00,"39,808.96"
ID13704,11-Mar-2026,Direct Deposit,606.95,0.00,"40,477.93"
ID13704,01-Apr-2026,Transfer,0.00,390.00,"88,035.68"
ID13704,28-Feb-2026,ATM Withdrawal,0.00,800.49,"51,337.66"
ID13704,14-Feb-2026,ATM Withdrawal,0.00,226.11,"36,122.93"
ID13704,05-Mar-2026,Charge,0.00,468.14,"92,636.04"
ID13704,07-Jan-2026,Payment,0.00,618.38,"99,146.18"
ID13704,25-Feb-2026,Direct Deposit,"3,699.04",0.00,"71,869.90"
ID13704,16-Feb-2026,Debit Card,0.00,274.75,"36,879.03"
ID13704,15-Feb-2026,Transfer,0.00,"1,024.30","2,827.63"
ID13704,09-Jan-2026,Interest,413.42,0.00,"61,937.61"
ID13704,03-Feb-2026,Payment,390.64,0.00,"44,027.73"
ID13704,10-Mar-2026,Payment,0.00,"1,035.60","69,365.47"
ID13705,10-Jan-2026,Direct Deposit,"3,093.53",0.00,"62,316.56"
ID13705,11-Feb-2026,ATM Withdrawal,0.00,177.56,"53,838.47"
ID13705,25-Feb-2026,Transfer,315.40,0.00,"20,775.55"
ID13705,20-Jan-2026,Payment,0.00,"1,234.64","55,460.19"
ID13705,05-Feb-2026,Charge,0.00,191.17,"90,842.66"
ID13705,01-Apr-2026,Transfer,155.51,0.00,"4,226.02"
ID13705,21-Jan-2026,Debit Card,0.00,841.67,"76,243.22"
ID13705,10-Feb-2026,Interest,187.87,0.00,"31,946.31"
ID13705,19-Jan-2026,Transfer,495.22,0.00,"22,220.41"
ID13705,05-Jan-2026,Payment,932.96,0.00,"46,118.75"
ID13705,18-Jan-2026,Interest,394.92,0.00,"34,420.40"
ID13705,25-Mar-2026,ATM Withdrawal,0.00,565.85,"27,336.86"
ID13705,28-Feb-2026,Payment,0.00,60.27,"17,122.30"
ID13705,11-Mar-2026,Transfer,0.00,"1,150.93","30,609.94"
ID13705,13-Feb-2026,Direct Deposit,851.01,0.00,"93,280.06"
ID13705,23-Feb-2026,Payment,"1,149.34",0.00,"82,467.42"
ID13705,12-Feb-2026,Interest,113.87,0.00,"64,988.95"
ID13705,06-Jan-2026,Debit Card,0.00,922.15,"47,755.71"
ID13705,13-Jan-2026,ATM Withdrawal,0.00,497.39,"7,057.22"
ID13705,10-Jan-2026,ATM Withdrawal,0.00,94.72,"22,758.50"
ID13706,16-Jan-2026,Reversal,"1,279.96",0.00,"58,116.03"
ID13706,19-Mar-2026,Transfer,896.68,0.00,"22,732.49"
ID13706,08-Mar-2026,Payment,0.00,169.54,"54,053.41"
ID13706,12-Feb-2026,Charge,0.00,399.55,"87,906.09"
ID13706,12-Jan-2026,Reversal,"1,670.78",0.00,"87,783.02"
ID13706,27-Mar-2026,Charge,0.00,418.25,"79,364.98"
ID13706,12-Jan-2026,ATM Withdrawal,0.00,937.16,"1,937.57"
ID13706,11-Feb-2026,Interest,217.34,0.00,"64,773.29"
ID13706,28-Feb-2026,Debit Card,0.00,986.86,"53,589.94"
ID13706,09-Mar-2026,Direct Deposit,"2,728.05",0.00,"87,093.47"
ID13706,28-Jan-2026,Reversal,0.00,"1,081.32","93,809.16"
ID13706,07-Feb-2026,Reversal,100.69,0.00,"26,605.82"
ID13706,03-Mar-2026,Transfer,0.00,686.39,"74,845.80"
ID13706,15-Mar-2026,Debit Card,0.00,487.97,"78,924.57"
ID13706,21-Mar-2026,Payment,187.20,0.00,"13,867.26"
ID13706,12-Mar-2026,Charge,0.00,665.16,"86,458.78"
ID13706,03-Apr-2026,Charge,0.00,418.06,"94,190.31"
ID13706,25-Jan-2026,Debit Card,0.00,292.63,"32,698.20"
ID13706,27-Feb-2026,Direct Deposit,985.91,0.00,"80,287.08"
ID13706,25-Jan-2026,Direct Deposit,"2,026.00",0.00,"90,537.27"
ID13707,27-Mar-2026,ATM Withdrawal,0.00,885.86,"59,105.44"
ID13707,06-Feb-2026,Debit Card,0.00,543.02,"99,761.82"
ID13707,20-Jan-2026,Interest,78.45,0.00,"36,641.97"
ID13707,08-Mar-2026,Debit Card,0.00,785.76,"76,475.17"
ID13707,14-Jan-2026,Direct Deposit,"1,081.29",0.00,"63,309.47"
ID13707,16-Mar-2026,Transfer,233.93,0.00,"27,153.02"
ID13707,26-Feb-2026,Reversal,657.24,0.00,"73,337.12"
ID13707,04-Jan-2026,Interest,232.06,0.00,"45,335.28"
ID13707,21-Feb-2026,Debit Card,0.00,647.83,"96,974.03"
ID13707,27-Jan-2026,Payment,0.00,211.94,"17,609.97"
ID13707,29-Mar-2026,Charge,0.00,152.97,"41,141.21"
ID13707,10-Jan-2026,Debit Card,0.00,706.66,"37,704.86"
ID13707,12-Mar-2026,Debit Card,0.00,264.63,"59,071.98"
ID13707,11-Feb-2026,Direct Deposit,"4,013.35",0.00,"22,945.28"
ID13707,04-Jan-2026,Reversal,517.08,0.00,"57,235.81"
ID13707,16-Mar-2026,Debit Card,0.00,959.29,"98,144.99"
ID13707,12-Feb-2026,Charge,0.00,170.94,"59,272.24"
ID13707,15-Mar-2026,Interest,387.36,0.00,"57,951.90"
ID13707,22-Jan-2026,Payment,0.00,329.73,"83,138.34"
ID13707,14-Feb-2026,Interest,260.34,0.00,"34,212.22"
ID13708,14-Jan-2026,Charge,0.00,488.42,"99,758.91"
ID13708,09-Jan-2026,ATM Withdrawal,0.00,840.95,"99,770.08"
ID13708,20-Feb-2026,ATM Withdrawal,0.00,923.48,"39,854.92"
ID13708,08-Jan-2026,Payment,0.00,328.79,"47,961.43"
ID13708,03-Apr-2026,Charge,0.00,189.97,"65,696.12"
ID13708,03-Mar-2026,Charge,0.00,27.63,"46,026.96"
ID13708,28-Feb-2026,Transfer,564.99,0.00,"23,437.08"
ID13708,09-Feb-2026,Direct Deposit,"1,267.53",0.00,"45,470.77"
ID13708,06-Jan-2026,Reversal,0.00,393.01,"27,353.53"
ID13708,02-Feb-2026,Charge,0.00,668.91,"6,207.96"
ID13708,11-Mar-2026,Transfer,0.00,718.00,"35,147.20"
ID13708,14-Feb-2026,Charge,0.00,857.71,"48,736.48"
ID13708,01-Feb-2026,Transfer,618.10,0.00,"13,615.33"
ID13708,21-Feb-2026,Charge,0.00,84.08,"19,305.30"
ID13708,31-Mar-2026,Reversal,0.00,884.55,"49,107.89"
ID13708,27-Jan-2026,Transfer,"1,971.06",0.00,"56,956.65"
ID13708,14-Jan-2026,Reversal,"1,201.12",0.00,"13,758.56"
ID13708,12-Jan-2026,Transfer,0.00,978.75,"71,923.71"
ID13708,26-Feb-2026,Transfer,906.96,0.00,"20,584.64"
ID13708,07-Jan-2026,Charge,0.00,242.67,"43,890.78"
ID13709,18-Feb-2026,Transfer,0.00,231.95,"48,548.07"
ID13709,21-Feb-2026,ATM Withdrawal,0.00,98.36,"99,713.40"
ID13709,05-Mar-2026,ATM Withdrawal,0.00,660.68,"46,296.42"
ID13709,28-Mar-2026,Direct Deposit,"1,435.53",0.00,"31,805.78"
ID13709,11-Jan-2026,Payment,447.88,0.00,"41,752.63"
ID13709,12-Feb-2026,Reversal,"1,210.95",0.00,"83,899.24"
ID13709,03-Jan-2026,Charge,0.00,444.71,"75,651.02"
ID13709,16-Mar-2026,Charge,0.00,977.46,"8,618.42"
ID13709,20-Mar-2026,Debit Card,0.00,213.50,"60,556.77"
ID13709,15-Jan-2026,Interest,323.31,0.00,"54,892.79"
ID13709,17-Feb-2026,ATM Withdrawal,0.00,703.25,"62,648.00"
ID13709,19-Jan-2026,Payment,0.00,684.14,"32,623.56"
ID13709,17-Jan-2026,Charge,0.00,168.49,"29,470.87"
ID13709,24-Mar-2026,ATM Withdrawal,0.00,823.95,"68,355.56"
ID13709,06-Mar-2026,ATM Withdrawal,0.00,856.73,"30,377.50"
ID13709,24-Jan-2026,Charge,0.00,54.41,"37,780.65"
ID13709,26-Jan-2026,Debit Card,0.00,963.00,"46,895.84"
ID13709,31-Jan-2026,Interest,363.02,0.00,"55,308.27"
ID13709,19-Feb-2026,Transfer,0.00,124.75,"68,238.90"
ID13709,15-Mar-2026,Direct Deposit,"4,232.86",0.00,"15,556.00"
ID13710,20-Jan-2026,Payment,0.00,602.02,"35,303.60"
ID13710,25-Mar-2026,Direct Deposit,"3,297.23",0.00,"94,511.30"
ID13710,09-Mar-2026,Debit Card,0.00,981.27,"79,497.19"
ID13710,01-Feb-2026,Direct Deposit,647.74,0.00,"49,503.10"
ID13710,30-Mar-2026,Reversal,101.42,0.00,"99,412.17"
ID13710,11-Mar-2026,ATM Withdrawal,0.00,118.10,"15,150.28"
ID13710,05-Mar-2026,ATM Withdrawal,0.00,876.57,"70,022.54"
ID13710,19-Mar-2026,Debit Card,0.00,990.53,"3,760.27"
ID13710,05-Feb-2026,Debit Card,0.00,809.06,"61,904.77"
ID13710,27-Jan-2026,Charge,0.00,903.77,"82,472.19"
ID13710,20-Mar-2026,Reversal,0.00,815.97,"64,952.35"
ID13710,01-Feb-2026,Debit Card,0.00,617.12,"11,794.06"
ID13710,22-Jan-2026,Direct Deposit,"2,751.16",0.00,"43,180.54"
ID13710,20-Jan-2026,Charge,0.00,158.94,"63,262.94"
ID13710,08-Mar-2026,Payment,734.39,0.00,"75,829.37"
ID13710,23-Jan-2026,Debit Card,0.00,118.67,"36,066.26"
ID13710,17-Feb-2026,Charge,0.00,395.84,"57,627.47"
ID13710,02-Apr-2026,Direct Deposit,"1,582.75",0.00,"78,369.12"
ID13710,20-Jan-2026,Direct Deposit,"3,258.67",0.00,"50,204.60"
ID13710,04-Mar-2026,Debit Card,0.00,212.70,"56,242.46"
ID13711,16-Mar-2026,ATM Withdrawal,0.00,10.99,"75,854.96"
ID13711,11-Mar-2026,Debit Card,0.00,789.04,"17,156.88"
ID13711,01-Mar-2026,Transfer,0.00,"1,364.65","62,755.05"
ID13711,10-Feb-2026,Transfer,875.21,0.00,"23,689.32"
ID13711,06-Jan-2026,Debit Card,0.00,873.78,"29,631.06"
ID13711,22-Feb-2026,Debit Card,0.00,525.28,"2,548.67"
ID13711,10-Feb-2026,ATM Withdrawal,0.00,583.47,"44,683.20"
ID13711,07-Feb-2026,Transfer,996.49,0.00,"26,858.17"
ID13711,02-Mar-2026,Payment,"1,629.80",0.00,"85,666.44"
ID13711,03-Feb-2026,Charge,0.00,426.73,"23,366.47"
ID13711,03-Apr-2026,Charge,0.00,16.57,"74,079.02"
ID13711,11-Jan-2026,Payment,132.66,0.00,"81,479.13"
ID13711,05-Feb-2026,Debit Card,0.00,868.17,"74,093.70"
ID13711,06-Feb-2026,Direct Deposit,"2,710.66",0.00,"87,109.04"
ID13711,15-Mar-2026,Reversal,"1,088.60",0.00,"92,290.85"
ID13711,09-Jan-2026,Charge,0.00,283.15,"46,482.05"
ID13711,02-Mar-2026,Payment,0.00,585.62,"53,159.53"
ID13711,03-Apr-2026,Reversal,0.00,200.94,"39,895.89"
ID13711,08-Feb-2026,Direct Deposit,"2,185.06",0.00,"52,092.40"
ID13711,16-Feb-2026,Charge,0.00,27.60,"25,350.61"
ID13712,22-Jan-2026,Direct Deposit,"3,174.49",0.00,"32,255.92"
ID13712,12-Mar-2026,ATM Withdrawal,0.00,552.72,"21,737.55"
ID13712,09-Feb-2026,Reversal,0.00,775.25,"70,931.88"
ID13712,15-Mar-2026,Transfer,"1,260.78",0.00,"90,116.16"
ID13712,05-Jan-2026,Charge,0.00,14.76,"58,843.95"
ID13712,16-Mar-2026,Direct Deposit,"4,627.14",0.00,"30,573.06"
ID13712,01-Feb-2026,Direct Deposit,"4,570.95",0.00,"57,629.35"
ID13712,31-Jan-2026,Reversal,0.00,527.46,"92,398.21"
ID13712,02-Apr-2026,Transfer,0.00,990.35,"67,885.25"
ID13712,09-Jan-2026,Payment,"1,332.05",0.00,"21,901.58"
ID13712,01-Feb-2026,ATM Withdrawal,0.00,386.34,"67,599.25"
ID13712,25-Jan-2026,Interest,396.40,0.00,"89,724.62"
ID13712,12-Feb-2026,Direct Deposit,"1,069.44",0.00,"91,123.80"
ID13712,09-Feb-2026,Interest,234.87,0.00,"52,014.08"
ID13712,05-Feb-2026,Charge,0.00,265.96,"98,887.45"
ID13712,27-Feb-2026,ATM Withdrawal,0.00,727.95,"59,790.66"
ID13712,16-Feb-2026,Direct Deposit,"3,953.99",0.00,"60,308.74"
ID13712,09-Jan-2026,ATM Withdrawal,0.00,145.96,"69,577.99"
ID13712,14-Feb-2026,Reversal,609.51,0.00,"89,343.95"
ID13712,09-Mar-2026,Debit Card,0.00,417.51,"23,874.43"
ID13713,04-Jan-2026,Interest,110.05,0.00,"50,834.06"
ID13713,13-Jan-2026,Debit Card,0.00,116.67,"98,842.08"
ID13713,22-Mar-2026,Charge,0.00,180.49,"37,950.46"
ID13713,11-Mar-2026,Reversal,0.00,321.08,"74,830.75"
ID13713,14-Mar-2026,Charge,0.00,969.12,"75,683.10"
ID13713,08-Feb-2026,Reversal,"1,218.68",0.00,"99,148.07"
ID13713,22-Mar-2026,Debit Card,0.00,680.80,"62,443.71"
ID13713,12-Jan-2026,Payment,0.00,662.10,"28,628.21"
ID13713,08-Mar-2026,ATM Withdrawal,0.00,711.52,"71,888.67"
ID13713,27-Mar-2026,Debit Card,0.00,52.74,"95,323.40"
ID13713,17-Mar-2026,Reversal,0.00,"1,381.17","44,897.02"
ID13713,13-Feb-2026,ATM Withdrawal,0.00,801.97,"29,976.04"
ID13713,09-Feb-2026,Interest,341.57,0.00,"19,570.14"
ID13713,01-Mar-2026,Charge,0.00,843.19,"46,207.78"
ID13713,29-Jan-2026,ATM Withdrawal,0.00,958.10,"75,428.55"
ID13713,27-Feb-2026,Transfer,507.61,0.00,"55,994.74"
ID13713,13-Jan-2026,Transfer,185.57,0.00,"18,602.46"
ID13713,30-Mar-2026,Direct Deposit,"2,971.35",0.00,"53,327.04"
ID13713,24-Jan-2026,Reversal,312.60,0.00,"89,914.79"
ID13713,13-Jan-2026,Transfer,0.00,"1,326.43","79,460.17"
ID13714,09-Feb-2026,Payment,207.13,0.00,"74,272.44"
ID13714,20-Mar-2026,ATM Withdrawal,0.00,691.17,"89,604.62"
ID13714,20-Jan-2026,Transfer,0.00,95.88,"71,285.89"
ID13714,08-Feb-2026,Payment,0.00,288.72,"25,059.06"
ID13714,24-Mar-2026,Payment,491.97,0.00,"29,991.17"
ID13714,08-Mar-2026,Debit Card,0.00,237.53,"27,956.48"
ID13714,17-Jan-2026,Interest,363.75,0.00,"81,461.80"
ID13714,19-Mar-2026,Payment,"1,528.03",0.00,"91,206.14"
ID13714,11-Feb-2026,Direct Deposit,"1,261.18",0.00,"95,243.13"
ID13714,22-Feb-2026,Interest,208.13,0.00,"25,076.68"
ID13714,30-Mar-2026,Payment,981.26,0.00,"15,946.53"
ID13714,11-Jan-2026,Charge,0.00,359.99,"77,005.31"
ID13714,28-Mar-2026,ATM Withdrawal,0.00,998.66,"99,266.41"
ID13714,03-Feb-2026,Interest,155.55,0.00,"66,744.58"
ID13714,11-Feb-2026,Charge,0.00,263.56,"30,473.62"
ID13714,03-Jan-2026,Direct Deposit,"4,671.51",0.00,"55,229.60"
ID13714,28-Feb-2026,Payment,0.00,294.81,"73,092.62"
ID13714,01-Feb-2026,Direct Deposit,"4,332.94",0.00,"30,932.27"
ID13714,29-Jan-2026,Debit Card,0.00,786.36,"29,199.54"
ID13714,08-Jan-2026,Interest,31.34,0.00,"76,701.46"
ID13715,09-Jan-2026,Debit Card,0.00,191.02,"6,578.48"
ID13715,06-Feb-2026,Transfer,"1,843.31",0.00,"65,845.58"
ID13715,24-Feb-2026,ATM Withdrawal,0.00,122.51,"81,103.18"
ID13715,27-Feb-2026,Charge,0.00,616.35,"87,029.65"
ID13715,16-Feb-2026,Debit Card,0.00,45.50,"65,197.65"
ID13715,28-Feb-2026,ATM Withdrawal,0.00,112.72,"6,113.45"
ID13715,30-Jan-2026,ATM Withdrawal,0.00,755.72,"38,642.19"
ID13715,03-Mar-2026,Transfer,0.00,"1,282.67","49,024.41"
ID13715,09-Mar-2026,Payment,0.00,"1,262.25","94,277.79"
ID13715,06-Jan-2026,Debit Card,0.00,614.13,"94,472.81"
ID13715,30-Mar-2026,Reversal,"1,558.27",0.00,"14,879.90"
ID13715,20-Mar-2026,Payment,"1,522.47",0.00,"53,378.37"
ID13715,14-Mar-2026,Direct Deposit,"3,282.50",0.00,"57,819.87"
ID13715,02-Mar-2026,Direct Deposit,"2,341.83",0.00,"9,383.19"
ID13715,20-Mar-2026,ATM Withdrawal,0.00,529.22,"16,546.41"
ID13715,19-Jan-2026,Reversal,"1,936.32",0.00,"40,594.46"
ID13715,17-Mar-2026,Direct Deposit,"1,558.02",0.00,"50,143.22"
ID13715,26-Feb-2026,Interest,191.43,0.00,"9,837.70"
ID13715,04-Jan-2026,Reversal,229.17,0.00,"50,215.77"
ID13715,05-Mar-2026,ATM Withdrawal,0.00,72.87,"71,528.12"
ID13716,21-Feb-2026,Reversal,"1,992.83",0.00,"14,945.79"
ID13716,03-Feb-2026,ATM Withdrawal,0.00,486.30,"98,305.76"
ID13716,07-Feb-2026,ATM Withdrawal,0.00,594.92,"47,690.14"
ID13716,12-Feb-2026,Interest,329.83,0.00,"97,796.16"
ID13716,03-Mar-2026,Payment,"1,248.87",0.00,"50,447.62"
ID13716,06-Feb-2026,Payment,0.00,"1,135.97","28,655.76"
ID13716,07-Feb-2026,Interest,365.58,0.00,"40,948.27"
ID13716,01-Feb-2026,Transfer,0.00,328.19,"2,126.88"
ID13716,08-Mar-2026,ATM Withdrawal,0.00,702.92,"71,935.69"
ID13716,07-Feb-2026,Transfer,792.87,0.00,"90,513.87"
ID13716,21-Feb-2026,Interest,88.98,0.00,"9,070.85"
ID13716,12-Feb-2026,Interest,478.26,0.00,"57,743.91"
ID13716,02-Mar-2026,Charge,0.00,30.91,"75,451.15"
ID13716,21-Mar-2026,Debit Card,0.00,629.02,"13,002.71"
ID13716,06-Mar-2026,Interest,130.94,0.00,"71,286.63"
ID13716,15-Feb-2026,ATM Withdrawal,0.00,497.03,"4,180.82"
ID13716,16-Feb-2026,ATM Withdrawal,0.00,71.80,"81,033.06"
ID13716,11-Jan-2026,Charge,0.00,769.10,"75,487.30"
ID13716,31-Jan-2026,ATM Withdrawal,0.00,199.56,"27,376.32"
ID13716,07-Jan-2026,Payment,0.00,133.79,"94,893.36"
ID13717,26-Mar-2026,Transfer,584.97,0.00,"40,487.63"
ID13717,08-Mar-2026,ATM Withdrawal,0.00,167.22,"34,480.73"
ID13717,13-Feb-2026,Payment,950.44,0.00,"68,435.79"
ID13717,13-Mar-2026,Transfer,0.00,70.72,"24,921.28"
ID13717,11-Mar-2026,Interest,366.85,0.00,"50,470.00"
ID13717,20-Mar-2026,Debit Card,0.00,556.63,"91,615.11"
ID13717,03-Apr-2026,ATM Withdrawal,0.00,278.30,"68,301.46"
ID13717,20-Mar-2026,Charge,0.00,386.04,"21,771.83"
ID13717,16-Jan-2026,Charge,0.00,941.16,"18,840.05"
ID13717,30-Mar-2026,Interest,138.32,0.00,"89,406.86"
ID13717,13-Feb-2026,Transfer,"1,206.42",0.00,"14,762.54"
ID13717,09-Jan-2026,Transfer,0.00,289.63,"93,845.42"
ID13717,23-Feb-2026,Charge,0.00,605.60,"4,318.77"
ID13717,21-Jan-2026,Debit Card,0.00,275.20,"70,846.60"
ID13717,18-Mar-2026,Charge,0.00,837.05,"37,432.75"
ID13717,19-Jan-2026,Debit Card,0.00,585.94,"32,275.77"
ID13717,08-Mar-2026,Reversal,0.00,674.04,"65,222.48"
ID13717,10-Mar-2026,ATM Withdrawal,0.00,231.51,"28,585.06"
ID13717,10-Feb-2026,Charge,0.00,760.02,"89,980.73"
ID13717,10-Jan-2026,ATM Withdrawal,0.00,402.81,"28,459.91"
ID13718,03-Jan-2026,Transfer,"1,101.97",0.00,"66,813.15"
ID13718,07-Jan-2026,Transfer,0.00,"1,384.03","41,156.20"
ID13718,29-Mar-2026,ATM Withdrawal,0.00,535.92,"3,844.91"
ID13718,04-Jan-2026,Interest,374.08,0.00,"45,144.78"
ID13718,23-Feb-2026,Charge,0.00,876.19,"11,174.98"
ID13718,14-Jan-2026,Transfer,178.38,0.00,"50,660.41"
ID13718,16-Feb-2026,Reversal,0.00,582.39,"98,511.27"
ID13718,05-Jan-2026,Direct Deposit,"1,106.35",0.00,"47,639.83"
ID13718,11-Feb-2026,Transfer,0.00,856.79,"55,190.83"
ID13718,19-Jan-2026,Debit Card,0.00,804.35,"48,561.35"
ID13718,29-Jan-2026,ATM Withdrawal,0.00,101.68,"18,439.70"
ID13718,03-Apr-2026,Reversal,0.00,724.20,"83,007.11"
ID13718,12-Jan-2026,Debit Card,0.00,286.04,"33,530.71"
ID13718,29-Mar-2026,Direct Deposit,"2,589.06",0.00,"23,848.83"
ID13718,26-Jan-2026,Transfer,0.00,"1,026.45","16,665.29"
ID13718,24-Mar-2026,Payment,0.00,"1,081.39","89,776.90"
ID13718,08-Jan-2026,Transfer,0.00,641.54,"79,484.25"
ID13718,01-Feb-2026,Interest,455.35,0.00,"15,776.94"
ID13718,02-Mar-2026,ATM Withdrawal,0.00,374.64,"85,949.66"
ID13718,22-Jan-2026,Charge,0.00,439.14,"28,157.95"
ID13719,16-Mar-2026,Payment,0.00,359.66,"42,549.77"
ID13719,21-Feb-2026,Charge,0.00,80.64,"36,439.81"
ID13719,16-Jan-2026,Payment,"1,677.77",0.00,"40,652.60"
ID13719,11-Feb-2026,Interest,279.48,0.00,"46,787.04"
ID13719,14-Jan-2026,Reversal,367.66,0.00,"82,548.77"
ID13719,23-Jan-2026,Transfer,0.00,825.06,"71,662.22"
ID13719,08-Feb-2026,Direct Deposit,"4,721.45",0.00,"77,038.41"
ID13719,06-Jan-2026,Direct Deposit,747.49,0.00,"18,739.24"
ID13719,04-Feb-2026,Transfer,"1,797.94",0.00,"28,734.35"
ID13719,29-Jan-2026,ATM Withdrawal,0.00,231.61,"90,975.97"
ID13719,25-Jan-2026,Reversal,0.00,386.73,"82,309.41"
ID13719,05-Feb-2026,Transfer,"1,408.55",0.00,"40,224.88"
ID13719,31-Mar-2026,Transfer,0.00,333.50,"32,087.56"
ID13719,05-Feb-2026,Payment,0.00,"1,438.39","58,720.51"
ID13719,17-Jan-2026,Payment,0.00,192.22,"12,489.99"
ID13719,11-Feb-2026,Interest,404.40,0.00,"11,636.51"
ID13719,04-Feb-2026,Transfer,629.81,0.00,"56,433.21"
ID13719,03-Feb-2026,Reversal,0.00,"1,217.75","95,449.59"
ID13719,24-Mar-2026,Direct Deposit,"3,386.80",0.00,"41,666.87"
ID13719,14-Mar-2026,Charge,0.00,756.02,"35,933.37"
ID13720,20-Mar-2026,Reversal,0.00,635.30,"84,885.54"
ID13720,08-Feb-2026,Transfer,"1,165.05",0.00,"42,372.31"
ID13720,01-Apr-2026,Direct Deposit,"4,015.69",0.00,"62,069.48"
ID13720,31-Mar-2026,ATM Withdrawal,0.00,220.28,"13,365.79"
ID13720,19-Jan-2026,Reversal,"1,361.85",0.00,"82,437.91"
ID13720,12-Mar-2026,Charge,0.00,237.53,"78,471.54"
ID13720,27-Mar-2026,Reversal,"1,467.49",0.00,"85,480.56"
ID13720,30-Jan-2026,Interest,235.45,0.00,"69,590.78"
ID13720,20-Jan-2026,Payment,"1,920.45",0.00,"86,940.40"
ID13720,30-Mar-2026,Interest,288.99,0.00,"49,225.22"
ID13720,03-Jan-2026,Reversal,0.00,394.83,"7,117.66"
ID13720,24-Feb-2026,Interest,448.68,0.00,"82,746.17"
ID13720,06-Feb-2026,ATM Withdrawal,0.00,192.25,"63,329.55"
ID13720,13-Feb-2026,Payment,0.00,"1,213.21","79,876.17"
ID13720,28-Mar-2026,Reversal,0.00,523.41,"43,066.48"
ID13720,27-Jan-2026,ATM Withdrawal,0.00,461.08,"70,094.70"
ID13720,03-Jan-2026,ATM Withdrawal,0.00,295.12,"96,827.91"
ID13720,19-Jan-2026,Reversal,0.00,"1,106.81","15,049.16"
ID13720,17-Feb-2026,Debit Card,0.00,653.06,"94,550.84"
ID13720,18-Mar-2026,Direct Deposit,"2,945.36",0.00,"25,454.35"
ID13721,09-Feb-2026,Interest,463.66,0.00,"40,572.02"
ID13721,14-Feb-2026,Charge,0.00,809.97,"89,477.47"
ID13721,30-Mar-2026,Debit Card,0.00,561.41,"87,031.12"
ID13721,09-Jan-2026,Direct Deposit,"3,272.83",0.00,"46,141.38"
ID13721,17-Feb-2026,Transfer,"1,953.37",0.00,"16,455.70"
ID13721,21-Mar-2026,Direct Deposit,"2,114.73",0.00,"62,741.94"
ID13721,17-Feb-2026,ATM Withdrawal,0.00,222.26,"5,298.01"
ID13721,15-Jan-2026,Reversal,994.77,0.00,"33,056.00"
ID13721,05-Mar-2026,Charge,0.00,924.23,"23,443.68"
ID13721,17-Mar-2026,Debit Card,0.00,369.07,"44,863.42"
ID13721,02-Apr-2026,Payment,"1,074.54",0.00,"63,325.48"
ID13721,04-Mar-2026,Direct Deposit,"2,887.03",0.00,"44,303.89"
ID13721,03-Apr-2026,Direct Deposit,525.41,0.00,"82,996.76"
ID13721,03-Apr-2026,Reversal,119.73,0.00,"87,576.75"
ID13721,26-Feb-2026,Debit Card,0.00,468.52,"54,291.53"
ID13721,18-Jan-2026,Payment,422.03,0.00,"47,751.27"
ID13721,29-Mar-2026,Transfer,"1,921.79",0.00,"58,815.70"
ID13721,15-Feb-2026,Interest,222.26,0.00,"75,139.91"
ID13721,12-Jan-2026,Interest,173.91,0.00,"68,519.12"
ID13721,22-Feb-2026,Interest,458.31,0.00,"53,282.96"
ID13722,03-Mar-2026,Direct Deposit,"2,032.51",0.00,"55,963.29"
ID13722,08-Mar-2026,Charge,0.00,413.81,"88,322.42"
ID13722,03-Jan-2026,ATM Withdrawal,0.00,890.42,"87,092.59"
ID13722,14-Jan-2026,Reversal,0.00,220.60,"76,932.11"
ID13722,20-Jan-2026,Debit Card,0.00,686.04,"66,324.59"
ID13722,06-Mar-2026,Interest,82.47,0.00,"1,100.09"
ID13722,05-Feb-2026,ATM Withdrawal,0.00,966.56,"66,976.27"
ID13722,22-Mar-2026,Direct Deposit,"4,551.57",0.00,"98,558.84"
ID13722,17-Jan-2026,Interest,154.77,0.00,"80,620.17"
ID13722,14-Mar-2026,Interest,248.04,0.00,"98,002.01"
ID13722,06-Jan-2026,Direct Deposit,"2,768.26",0.00,"35,640.06"
ID13722,03-Jan-2026,Direct Deposit,"2,791.91",0.00,"6,772.10"
ID13722,30-Mar-2026,Debit Card,0.00,903.22,"98,706.37"
ID13722,26-Jan-2026,ATM Withdrawal,0.00,525.33,"14,832.34"
ID13722,03-Mar-2026,Interest,362.47,0.00,"80,996.66"
ID13722,05-Feb-2026,Interest,455.99,0.00,"54,823.76"
ID13722,12-Jan-2026,Payment,0.00,84.67,"19,763.41"
ID13722,07-Feb-2026,Charge,0.00,357.48,"61,725.09"
ID13722,02-Apr-2026,Payment,0.00,582.65,"42,075.85"
ID13722,09-Feb-2026,Transfer,719.09,0.00,"53,555.74"
ID13723,06-Mar-2026,Reversal,"1,781.68",0.00,"17,760.88"
ID13723,19-Mar-2026,Debit Card,0.00,603.84,"67,503.71"
ID13723,19-Jan-2026,Transfer,194.00,0.00,"22,986.83"
ID13723,23-Jan-2026,Debit Card,0.00,739.06,"9,726.98"
ID13723,07-Feb-2026,Transfer,236.10,0.00,"48,742.82"
ID13723,05-Jan-2026,ATM Withdrawal,0.00,628.35,"39,042.32"
ID13723,14-Feb-2026,Debit Card,0.00,73.00,"88,143.24"
ID13723,17-Mar-2026,Transfer,0.00,"1,196.30","10,978.56"
ID13723,05-Feb-2026,Payment,177.51,0.00,"95,312.06"
ID13723,28-Mar-2026,Reversal,0.00,883.81,"77,212.39"
ID13723,17-Feb-2026,Transfer,"1,160.32",0.00,"26,075.26"
ID13723,06-Mar-2026,Interest,359.64,0.00,"31,812.16"
ID13723,04-Mar-2026,ATM Withdrawal,0.00,178.59,"80,545.57"
ID13723,26-Jan-2026,Debit Card,0.00,314.37,"53,493.83"
ID13723,24-Feb-2026,ATM Withdrawal,0.00,719.59,"35,227.90"
ID13723,18-Jan-2026,Debit Card,0.00,117.60,"66,171.55"
ID13723,12-Mar-2026,Debit Card,0.00,418.24,"13,017.21"
ID13723,19-Mar-2026,Payment,930.83,0.00,"44,538.82"
ID13723,12-Jan-2026,ATM Withdrawal,0.00,154.69,"54,508.86"
ID13723,02-Feb-2026,Direct Deposit,615.94,0.00,"65,804.24"
ID13724,27-Mar-2026,Charge,0.00,274.86,"31,140.83"
ID13724,16-Mar-2026,Debit Card,0.00,385.47,"62,620.78"
ID13724,30-Jan-2026,Direct Deposit,"4,478.28",0.00,"22,719.98"
ID13724,04-Jan-2026,Charge,0.00,834.37,"61,860.05"
ID13724,19-Mar-2026,Payment,602.66,0.00,"78,112.93"
ID13724,26-Jan-2026,ATM Withdrawal,0.00,145.43,"42,856.76"
ID13724,13-Mar-2026,Interest,246.61,0.00,"98,068.51"
ID13724,03-Apr-2026,Charge,0.00,579.96,"2,717.58"
ID13724,01-Apr-2026,Transfer,0.00,980.63,"10,280.53"
ID13724,06-Feb-2026,Payment,"1,207.84",0.00,"32,180.55"
ID13724,02-Apr-2026,ATM Withdrawal,0.00,285.81,"7,702.24"
ID13724,30-Mar-2026,Charge,0.00,221.14,"32,260.48"
ID13724,19-Jan-2026,Direct Deposit,"3,000.65",0.00,"22,823.05"
ID13724,25-Jan-2026,Interest,233.75,0.00,"35,548.34"
ID13724,27-Jan-2026,Payment,956.50,0.00,"42,564.47"
ID13724,26-Mar-2026,Interest,410.64,0.00,"46,493.59"
ID13724,11-Mar-2026,Payment,126.83,0.00,"83,298.87"
ID13724,28-Feb-2026,ATM Withdrawal,0.00,683.11,"57,157.09"
ID13724,08-Jan-2026,Reversal,0.00,"1,018.20","66,047.03"
ID13724,12-Mar-2026,Charge,0.00,179.79,"89,334.59"
ID13725,16-Feb-2026,Direct Deposit,"3,451.03",0.00,"78,323.79"
ID13725,23-Mar-2026,Transfer,0.00,418.75,"88,893.70"
ID13725,31-Mar-2026,Debit Card,0.00,423.58,"95,927.16"
ID13725,25-Feb-2026,Payment,0.00,510.19,"54,963.62"
ID13725,16-Mar-2026,ATM Withdrawal,0.00,79.14,"70,572.44"
ID13725,12-Feb-2026,Direct Deposit,"1,079.40",0.00,"32,133.67"
ID13725,13-Jan-2026,Direct Deposit,"2,953.18",0.00,"57,576.59"
ID13725,12-Mar-2026,Interest,219.78,0.00,"81,849.98"
ID13725,02-Feb-2026,Direct Deposit,"2,443.76",0.00,"32,318.82"
ID13725,06-Mar-2026,Reversal,507.36,0.00,"37,078.01"
ID13725,15-Mar-2026,Direct Deposit,"4,006.79",0.00,"65,338.20"
ID13725,24-Feb-2026,Payment,"1,214.52",0.00,"71,745.41"
ID13725,17-Jan-2026,Charge,0.00,815.53,"12,982.67"
ID13725,04-Mar-2026,Debit Card,0.00,120.61,"28,409.70"
ID13725,30-Jan-2026,Direct Deposit,"4,271.01",0.00,"74,538.13"
ID13725,02-Apr-2026,Payment,0.00,"1,031.23","58,006.87"
ID13725,21-Feb-2026,Payment,"1,554.51",0.00,"8,183.29"
ID13725,06-Feb-2026,ATM Withdrawal,0.00,94.01,"45,643.54"
ID13725,18-Jan-2026,Charge,0.00,86.45,"77,483.54"
ID13725,31-Jan-2026,Direct Deposit,"3,922.73",0.00,"60,670.14"
ID13726,27-Mar-2026,ATM Withdrawal,0.00,846.52,"79,548.11"
ID13726,26-Jan-2026,Direct Deposit,585.43,0.00,"41,934.50"
ID13726,14-Jan-2026,Payment,0.00,106.28,"87,553.26"
ID13726,01-Apr-2026,ATM Withdrawal,0.00,723.93,"25,162.80"
ID13726,22-Jan-2026,Reversal,0.00,"1,278.86","96,058.59"
ID13726,09-Jan-2026,Debit Card,0.00,580.99,"82,057.53"
ID13726,10-Feb-2026,Payment,945.15,0.00,"45,079.03"
ID13726,21-Feb-2026,Debit Card,0.00,920.61,"50,100.81"
ID13726,19-Mar-2026,ATM Withdrawal,0.00,428.19,"81,659.71"
ID13726,23-Mar-2026,Charge,0.00,36.13,"91,454.87"
ID13726,20-Feb-2026,Payment,0.00,"1,280.71","76,243.57"
ID13726,22-Mar-2026,Payment,0.00,429.85,"50,808.71"
ID13726,18-Jan-2026,Charge,0.00,59.29,"52,262.12"
ID13726,14-Mar-2026,ATM Withdrawal,0.00,368.73,"74,120.68"
ID13726,20-Jan-2026,Reversal,"1,985.45",0.00,"22,456.67"
ID13726,29-Jan-2026,Interest,419.53,0.00,"29,952.15"
ID13726,07-Mar-2026,Interest,358.74,0.00,"1,461.31"
ID13726,23-Feb-2026,Reversal,0.00,479.04,"60,823.08"
ID13726,22-Jan-2026,Charge,0.00,192.12,"26,242.40"
ID13726,01-Apr-2026,Transfer,822.68,0.00,"78,213.22"
ID13727,10-Feb-2026,ATM Withdrawal,0.00,317.21,"54,287.69"
ID13727,24-Feb-2026,ATM Withdrawal,0.00,298.54,"46,358.88"
ID13727,20-Feb-2026,Interest,140.22,0.00,"2,216.12"
ID13727,03-Feb-2026,Reversal,"1,758.88",0.00,"59,958.33"
ID13727,26-Mar-2026,ATM Withdrawal,0.00,675.63,"76,275.59"
ID13727,07-Feb-2026,Reversal,0.00,441.39,"75,483.89"
ID13727,07-Feb-2026,Reversal,0.00,"1,112.49","99,519.63"
ID13727,11-Mar-2026,Transfer,0.00,"1,092.69","81,160.64"
ID13727,18-Mar-2026,Direct Deposit,"2,411.72",0.00,"99,064.81"
ID13727,17-Jan-2026,ATM Withdrawal,0.00,257.92,"27,972.32"
ID13727,11-Jan-2026,Interest,431.61,0.00,"84,165.70"
ID13727,25-Mar-2026,ATM Withdrawal,0.00,844.18,"93,291.52"
ID13727,31-Mar-2026,Payment,0.00,"1,021.62","75,444.80"
ID13727,20-Mar-2026,ATM Withdrawal,0.00,981.26,"45,240.41"
ID13727,21-Feb-2026,Direct Deposit,"4,068.54",0.00,"39,450.22"
ID13727,13-Mar-2026,Interest,231.27,0.00,"7,810.05"
ID13727,24-Jan-2026,Interest,14.69,0.00,"34,568.40"
ID13727,19-Feb-2026,Reversal,0.00,"1,040.49","97,632.06"
ID13727,05-Mar-2026,Payment,0.00,171.93,"72,034.26"
ID13727,02-Feb-2026,Debit Card,0.00,496.62,"27,382.60"
ID13728,11-Feb-2026,Direct Deposit,"3,538.19",0.00,"47,688.70"
ID13728,03-Feb-2026,Payment,0.00,55.34,"35,447.61"
ID13728,25-Feb-2026,Debit Card,0.00,972.09,"93,807.06"
ID13728,26-Mar-2026,Debit Card,0.00,585.90,"64,417.97"
ID13728,20-Jan-2026,Transfer,810.46,0.00,"79,716.45"
ID13728,31-Mar-2026,Direct Deposit,"2,981.08",0.00,"64,135.59"
ID13728,23-Feb-2026,Transfer,0.00,720.94,"40,783.13"
ID13728,03-Feb-2026,ATM Withdrawal,0.00,137.07,"26,900.12"
ID13728,25-Jan-2026,Interest,132.35,0.00,"71,552.10"
ID13728,19-Jan-2026,Reversal,0.00,362.10,"88,151.52"
ID13728,05-Jan-2026,Debit Card,0.00,737.68,"11,419.39"
ID13728,12-Feb-2026,Payment,0.00,746.14,"55,992.36"
ID13728,12-Jan-2026,Debit Card,0.00,790.23,"15,459.34"
ID13728,21-Jan-2026,Debit Card,0.00,410.81,"99,092.58"
ID13728,16-Mar-2026,Payment,0.00,545.14,"91,204.76"
ID13728,29-Jan-2026,Charge,0.00,361.48,"19,735.15"
ID13728,17-Mar-2026,Debit Card,0.00,715.49,"94,822.91"
ID13728,15-Jan-2026,Interest,376.24,0.00,"47,823.98"
ID13728,27-Feb-2026,Reversal,"1,328.76",0.00,"39,108.09"
ID13728,03-Apr-2026,Direct Deposit,"4,165.33",0.00,"62,763.36"
ID13729,23-Jan-2026,Charge,0.00,727.45,"31,206.19"
ID13729,04-Feb-2026,Interest,451.90,0.00,"99,437.01"
ID13729,09-Jan-2026,Charge,0.00,30.01,"75,264.09"
ID13729,29-Jan-2026,Reversal,"1,039.49",0.00,"77,854.01"
ID13729,05-Jan-2026,Charge,0.00,178.68,"78,104.16"
ID13729,28-Mar-2026,Transfer,491.07,0.00,"66,543.39"
ID13729,19-Mar-2026,Reversal,0.00,"1,229.42","47,530.00"
ID13729,04-Mar-2026,Interest,23.50,0.00,"61,494.37"
ID13729,03-Mar-2026,Direct Deposit,"3,423.60",0.00,"51,988.81"
ID13729,22-Feb-2026,Payment,0.00,482.46,"39,467.63"
ID13729,04-Mar-2026,Payment,0.00,196.21,"69,243.82"
ID13729,07-Jan-2026,Direct Deposit,"3,295.80",0.00,"68,128.45"
ID13729,25-Mar-2026,Charge,0.00,386.10,"79,839.86"
ID13729,23-Feb-2026,Interest,18.55,0.00,"60,403.61"
ID13729,10-Jan-2026,Charge,0.00,104.21,"36,768.97"
ID13729,25-Jan-2026,Direct Deposit,"3,518.51",0.00,"18,235.50"
ID13729,06-Mar-2026,ATM Withdrawal,0.00,951.36,"56,152.48"
ID13729,17-Feb-2026,Payment,"1,363.41",0.00,"72,041.55"
ID13729,12-Mar-2026,Direct Deposit,"3,996.08",0.00,"47,626.42"
ID13729,05-Jan-2026,Debit Card,0.00,198.18,"85,007.93"
ID13730,13-Feb-2026,Charge,0.00,96.16,"29,086.43"
ID13730,02-Feb-2026,Direct Deposit,871.32,0.00,"64,749.62"
ID13730,24-Mar-2026,Reversal,0.00,223.29,"80,614.43"
ID13730,05-Feb-2026,Direct Deposit,"3,746.24",0.00,"50,765.25"
ID13730,24-Feb-2026,Interest,181.83,0.00,"22,327.04"
ID13730,25-Feb-2026,ATM Withdrawal,0.00,230.78,"31,807.34"
ID13730,25-Mar-2026,Direct Deposit,"1,719.43",0.00,"12,788.71"
ID13730,07-Jan-2026,Charge,0.00,104.99,"5,329.89"
ID13730,15-Mar-2026,Interest,43.96,0.00,"30,478.54"
ID13730,17-Jan-2026,Debit Card,0.00,799.23,"75,254.07"
ID13730,08-Feb-2026,ATM Withdrawal,0.00,840.68,"37,434.27"
ID13730,19-Jan-2026,ATM Withdrawal,0.00,153.78,"17,396.44"
ID13730,06-Mar-2026,Reversal,208.74,0.00,"42,072.90"
ID13730,03-Mar-2026,Debit Card,0.00,987.49,"50,643.33"
ID13730,31-Mar-2026,Debit Card,0.00,437.44,"20,806.55"
ID13730,15-Feb-2026,Direct Deposit,"3,586.06",0.00,"7,302.76"
ID13730,14-Feb-2026,Debit Card,0.00,615.05,"29,466.99"
ID13730,31-Mar-2026,Payment,0.00,"1,000.56","60,905.65"
ID13730,29-Jan-2026,Interest,47.81,0.00,"81,912.02"
ID13730,26-Jan-2026,Debit Card,0.00,746.70,"94,990.93"
ID13731,03-Apr-2026,Reversal,857.10,0.00,"75,400.68"
ID13731,06-Jan-2026,Reversal,466.13,0.00,"97,968.45"
ID13731,22-Mar-2026,Charge,0.00,676.99,"8,892.83"
ID13731,16-Feb-2026,Charge,0.00,929.29,"11,411.75"
ID13731,02-Feb-2026,Debit Card,0.00,460.37,"88,776.84"
ID13731,26-Jan-2026,ATM Withdrawal,0.00,53.21,"17,959.24"
ID13731,30-Jan-2026,ATM Withdrawal,0.00,148.28,"80,925.82"
ID13731,14-Jan-2026,Reversal,0.00,553.03,"42,601.15"
ID13731,13-Feb-2026,Direct Deposit,"4,946.81",0.00,"62,813.51"
ID13731,20-Jan-2026,Payment,0.00,842.21,"83,725.58"
ID13731,01-Feb-2026,ATM Withdrawal,0.00,922.52,"57,393.52"
ID13731,12-Mar-2026,Debit Card,0.00,518.00,"37,181.32"
ID13731,01-Feb-2026,Interest,148.10,0.00,"25,695.34"
ID13731,09-Mar-2026,Reversal,"1,776.43",0.00,"13,856.13"
ID13731,09-Feb-2026,Payment,"1,371.52",0.00,"29,039.72"
ID13731,20-Feb-2026,Direct Deposit,"2,285.34",0.00,"97,462.85"
ID13731,03-Jan-2026,Reversal,"1,686.03",0.00,"72,044.68"
ID13731,17-Feb-2026,ATM Withdrawal,0.00,851.52,"61,797.50"
ID13731,10-Mar-2026,Reversal,0.00,"1,417.32","58,999.11"
ID13731,16-Jan-2026,Reversal,"1,382.96",0.00,"89,319.75"
ID13732,13-Jan-2026,Charge,0.00,25.96,"77,796.90"
ID13732,05-Feb-2026,ATM Withdrawal,0.00,134.93,"91,911.77"
ID13732,09-Mar-2026,Reversal,339.38,0.00,"76,061.52"
ID13732,19-Jan-2026,Payment,0.00,118.62,"16,424.44"
ID13732,09-Jan-2026,ATM Withdrawal,0.00,396.15,"79,640.82"
ID13732,18-Mar-2026,Charge,0.00,291.72,"49,368.02"
ID13732,19-Mar-2026,Direct Deposit,"4,521.22",0.00,"85,539.14"
ID13732,10-Jan-2026,Reversal,"1,356.78",0.00,"33,405.32"
ID13732,07-Jan-2026,Payment,0.00,"1,015.48","89,656.75"
ID13732,23-Feb-2026,Interest,276.21,0.00,"35,066.19"
ID13732,08-Feb-2026,Direct Deposit,"3,636.52",0.00,"8,345.09"
ID13732,20-Feb-2026,Direct Deposit,"2,009.06",0.00,"86,287.68"
ID13732,16-Mar-2026,Transfer,0.00,"1,260.62","71,469.48"
ID13732,24-Jan-2026,Charge,0.00,802.79,"88,899.06"
ID13732,19-Feb-2026,ATM Withdrawal,0.00,194.66,"64,235.24"
ID13732,27-Mar-2026,ATM Withdrawal,0.00,700.25,"68,952.13"
ID13732,02-Feb-2026,Interest,290.20,0.00,"9,744.48"
ID13732,12-Mar-2026,Debit Card,0.00,70.02,"34,469.04"
ID13732,21-Feb-2026,Payment,"1,701.46",0.00,"35,589.23"
ID13732,07-Mar-2026,Charge,0.00,307.93,"10,890.78"
ID13733,23-Jan-2026,Transfer,0.00,590.23,"16,398.55"
ID13733,12-Feb-2026,Direct Deposit,"3,104.33",0.00,"11,018.49"
ID13733,01-Apr-2026,Reversal,0.00,470.65,"34,556.90"
ID13733,16-Feb-2026,Debit Card,0.00,279.05,"9,796.98"
ID13733,16-Mar-2026,Transfer,386.30,0.00,"75,530.63"
ID13733,26-Mar-2026,Payment,"1,739.96",0.00,"3,905.06"
ID13733,23-Feb-2026,Charge,0.00,917.01,"14,504.91"
ID13733,17-Mar-2026,ATM Withdrawal,0.00,261.98,"43,777.55"
ID13733,18-Feb-2026,Charge,0.00,369.85,"95,443.04"
ID13733,08-Mar-2026,Payment,0.00,440.95,"60,113.54"
ID13733,15-Feb-2026,ATM Withdrawal,0.00,86.92,"79,533.53"
ID13733,31-Mar-2026,ATM Withdrawal,0.00,853.66,"22,104.37"
ID13733,10-Jan-2026,Reversal,0.00,"1,399.09","14,402.13"
ID13733,21-Feb-2026,Reversal,0.00,97.19,"51,198.70"
ID13733,21-Mar-2026,ATM Withdrawal,0.00,733.15,"25,162.32"
ID13733,02-Apr-2026,Charge,0.00,582.86,"85,161.58"
ID13733,04-Jan-2026,Transfer,"1,442.31",0.00,"35,445.11"
ID13733,21-Jan-2026,Direct Deposit,"3,378.74",0.00,"14,898.90"
ID13733,17-Feb-2026,Transfer,0.00,"1,062.72","59,077.48"
ID13733,06-Mar-2026,Reversal,258.55,0.00,"88,504.36"
ID13734,27-Jan-2026,Transfer,0.00,307.32,"3,110.16"
ID13734,13-Mar-2026,Interest,99.89,0.00,"17,649.95"
ID13734,03-Apr-2026,Charge,0.00,693.51,"13,942.39"
ID13734,27-Feb-2026,Direct Deposit,"3,977.08",0.00,"76,513.84"
ID13734,24-Feb-2026,Charge,0.00,496.39,"17,358.33"
ID13734,14-Jan-2026,Direct Deposit,"4,869.24",0.00,"64,755.86"
ID13734,13-Jan-2026,Reversal,0.00,409.82,"3,711.91"
ID13734,01-Feb-2026,Interest,388.62,0.00,"78,147.05"
ID13734,30-Jan-2026,ATM Withdrawal,0.00,994.86,"63,093.35"
ID13734,31-Mar-2026,Payment,"1,850.62",0.00,"65,400.81"
ID13734,18-Feb-2026,Direct Deposit,"2,126.91",0.00,"26,478.10"
ID13734,07-Feb-2026,Debit Card,0.00,411.08,"81,426.26"
ID13734,15-Mar-2026,Payment,929.09,0.00,"72,846.33"
ID13734,10-Jan-2026,Reversal,0.00,711.81,"10,170.72"
ID13734,08-Feb-2026,Transfer,391.24,0.00,"68,167.36"
ID13734,15-Jan-2026,ATM Withdrawal,0.00,710.95,"27,414.52"
ID13734,17-Mar-2026,ATM Withdrawal,0.00,563.27,"24,162.32"
ID13734,13-Mar-2026,Direct Deposit,"4,547.21",0.00,"96,006.57"
ID13734,23-Mar-2026,Direct Deposit,"1,594.52",0.00,"26,418.90"
ID13734,03-Feb-2026,Charge,0.00,671.10,"74,962.59"
ID13735,03-Feb-2026,Interest,92.08,0.00,"8,025.12"
ID13735,02-Feb-2026,Interest,90.75,0.00,"26,824.09"
ID13735,27-Mar-2026,Interest,485.25,0.00,"33,776.42"
ID13735,06-Jan-2026,Reversal,926.34,0.00,"10,929.40"
ID13735,26-Feb-2026,Interest,100.59,0.00,"46,153.07"
ID13735,11-Jan-2026,Reversal,0.00,202.44,"14,476.28"
ID13735,21-Feb-2026,Payment,282.06,0.00,"76,510.25"
ID13735,14-Jan-2026,Interest,356.66,0.00,"44,920.77"
ID13735,14-Feb-2026,Reversal,0.00,726.77,"29,607.27"
ID13735,19-Feb-2026,Direct Deposit,"2,656.58",0.00,"80,996.42"
ID13735,25-Jan-2026,Charge,0.00,794.40,"94,335.79"
ID13735,14-Feb-2026,Transfer,353.32,0.00,"7,378.85"
ID13735,03-Mar-2026,Interest,185.64,0.00,"76,158.59"
ID13735,13-Feb-2026,Transfer,551.82,0.00,"43,954.07"
ID13735,18-Jan-2026,ATM Withdrawal,0.00,391.90,"31,531.12"
ID13735,12-Feb-2026,Direct Deposit,"1,414.16",0.00,"62,754.50"
ID13735,06-Feb-2026,Interest,491.55,0.00,"29,522.32"
ID13735,30-Mar-2026,Debit Card,0.00,524.82,"68,544.78"
ID13735,11-Feb-2026,Charge,0.00,940.85,"57,871.90"
ID13735,10-Jan-2026,Direct Deposit,"1,688.35",0.00,"41,364.15"
ID13736,19-Feb-2026,Payment,651.13,0.00,"42,791.40"
ID13736,24-Mar-2026,Payment,0.00,481.94,"47,230.56"
ID13736,30-Jan-2026,Interest,226.49,0.00,"9,574.56"
ID13736,12-Feb-2026,Reversal,0.00,"1,485.47","8,204.24"
ID13736,02-Feb-2026,ATM Withdrawal,0.00,526.54,"66,510.14"
ID13736,21-Mar-2026,Interest,494.71,0.00,"48,789.10"
ID13736,07-Feb-2026,Charge,0.00,717.54,"70,369.05"
ID13736,25-Mar-2026,Charge,0.00,545.91,"17,127.47"
ID13736,12-Feb-2026,Direct Deposit,"2,592.24",0.00,"34,353.21"
ID13736,04-Mar-2026,Debit Card,0.00,440.15,"20,527.60"
ID13736,25-Feb-2026,Direct Deposit,"4,890.19",0.00,"5,936.60"
ID13736,21-Feb-2026,Direct Deposit,"1,102.51",0.00,"7,522.95"
ID13736,03-Mar-2026,Interest,381.09,0.00,"77,327.27"
ID13736,25-Mar-2026,Direct Deposit,"1,823.89",0.00,"86,842.93"
ID13736,16-Jan-2026,Debit Card,0.00,957.27,"22,354.87"
ID13736,15-Jan-2026,ATM Withdrawal,0.00,543.99,"92,687.75"
ID13736,02-Feb-2026,Interest,271.08,0.00,"77,436.36"
ID13736,25-Feb-2026,Interest,443.80,0.00,"81,485.51"
ID13736,15-Feb-2026,ATM Withdrawal,0.00,775.43,"37,177.97"
ID13736,04-Feb-2026,Transfer,0.00,311.01,"19,364.52"
ID13737,19-Feb-2026,Debit Card,0.00,681.41,"13,646.16"
ID13737,05-Feb-2026,ATM Withdrawal,0.00,666.46,"73,261.37"
ID13737,15-Feb-2026,ATM Withdrawal,0.00,127.57,"18,112.90"
ID13737,05-Mar-2026,Debit Card,0.00,410.60,"64,868.78"
ID13737,19-Mar-2026,Charge,0.00,552.13,"5,396.68"
ID13737,07-Feb-2026,ATM Withdrawal,0.00,30.16,"53,694.34"
ID13737,18-Mar-2026,Interest,181.52,0.00,"57,868.83"
ID13737,04-Jan-2026,Charge,0.00,859.79,"66,716.95"
ID13737,25-Feb-2026,Debit Card,0.00,402.67,"73,105.47"
ID13737,16-Jan-2026,Direct Deposit,"1,258.86",0.00,"86,897.23"
ID13737,10-Jan-2026,Payment,0.00,"1,095.91","44,066.69"
ID13737,25-Feb-2026,ATM Withdrawal,0.00,426.10,"49,495.80"
ID13737,28-Mar-2026,Reversal,0.00,"1,204.98","84,785.64"
ID13737,09-Feb-2026,Interest,169.08,0.00,"15,484.53"
ID13737,30-Jan-2026,Reversal,0.00,884.38,"84,032.77"
ID13737,08-Feb-2026,Interest,179.09,0.00,"2,840.70"
ID13737,09-Feb-2026,Direct Deposit,"3,433.97",0.00,"65,103.71"
ID13737,09-Mar-2026,Transfer,372.49,0.00,"17,265.93"
ID13737,27-Jan-2026,Debit Card,0.00,276.87,"17,356.38"
ID13737,20-Mar-2026,Direct Deposit,"1,019.66",0.00,"67,704.25"
ID13738,20-Mar-2026,Interest,286.80,0.00,"42,141.48"
ID13738,26-Jan-2026,Debit Card,0.00,660.02,"67,457.06"
ID13738,01-Apr-2026,Transfer,0.00,"1,029.41","64,906.06"
ID13738,18-Feb-2026,Transfer,"1,907.47",0.00,"23,387.87"
ID13738,08-Feb-2026,Debit Card,0.00,243.35,"66,678.64"
ID13738,10-Feb-2026,Direct Deposit,"1,859.71",0.00,"6,631.83"
ID13738,09-Feb-2026,ATM Withdrawal,0.00,224.22,"47,410.49"
ID13738,15-Mar-2026,Interest,439.20,0.00,"58,400.42"
ID13738,04-Jan-2026,Transfer,"1,208.13",0.00,"59,252.00"
ID13738,12-Mar-2026,Charge,0.00,288.26,"54,123.87"
ID13738,27-Feb-2026,Charge,0.00,629.33,"11,248.12"
ID13738,02-Apr-2026,Transfer,0.00,296.76,"27,603.90"
ID13738,23-Mar-2026,Charge,0.00,354.65,"6,011.80"
ID13738,03-Jan-2026,Interest,140.68,0.00,"79,039.08"
ID13738,27-Jan-2026,Charge,0.00,883.69,"64,666.59"
ID13738,30-Mar-2026,Payment,"1,459.95",0.00,"62,858.56"
ID13738,31-Jan-2026,Direct Deposit,"4,421.96",0.00,"61,231.87"
ID13738,27-Feb-2026,Transfer,"1,734.92",0.00,"40,341.21"
ID13738,05-Mar-2026,Charge,0.00,895.41,"77,720.35"
ID13738,14-Feb-2026,Transfer,"1,382.03",0.00,"59,402.87"
ID13739,30-Jan-2026,Direct Deposit,"3,073.46",0.00,"98,043.67"
ID13739,23-Jan-2026,Debit Card,0.00,907.34,"51,081.26"
ID13739,31-Mar-2026,Payment,0.00,179.01,"23,962.14"
ID13739,30-Mar-2026,Debit Card,0.00,165.46,"51,381.44"
ID13739,20-Feb-2026,Direct Deposit,"3,257.43",0.00,"21,324.88"
ID13739,01-Feb-2026,Charge,0.00,702.38,"2,076.62"
ID13739,14-Jan-2026,ATM Withdrawal,0.00,172.29,"35,651.29"
ID13739,07-Feb-2026,Direct Deposit,"1,779.52",0.00,"30,088.49"
ID13739,03-Apr-2026,Interest,89.08,0.00,"76,861.81"
ID13739,23-Feb-2026,ATM Withdrawal,0.00,182.63,"40,214.71"
ID13739,14-Feb-2026,Payment,0.00,608.79,"73,323.74"
ID13739,16-Feb-2026,Reversal,0.00,316.68,"24,841.29"
ID13739,02-Apr-2026,Charge,0.00,986.00,"25,262.45"
ID13739,14-Mar-2026,Payment,"1,432.43",0.00,"74,540.20"
ID13739,21-Mar-2026,Payment,378.07,0.00,"7,779.18"
ID13739,21-Mar-2026,ATM Withdrawal,0.00,517.35,"27,198.72"
ID13739,29-Mar-2026,Interest,80.32,0.00,"56,397.15"
ID13739,08-Jan-2026,ATM Withdrawal,0.00,816.96,"15,305.32"
ID13739,30-Jan-2026,Charge,0.00,145.50,"55,437.55"
ID13739,19-Feb-2026,Reversal,0.00,"1,133.77","91,232.57"
ID13740,23-Feb-2026,Reversal,0.00,900.64,"23,756.01"
ID13740,15-Mar-2026,Direct Deposit,"1,842.46",0.00,"68,126.48"
ID13740,26-Jan-2026,Interest,248.14,0.00,"88,817.44"
ID13740,25-Feb-2026,Direct Deposit,"4,082.19",0.00,"69,486.85"
ID13740,17-Jan-2026,Direct Deposit,"1,850.53",0.00,"47,568.70"
ID13740,03-Jan-2026,Reversal,526.46,0.00,"21,048.10"
ID13740,20-Feb-2026,Transfer,296.82,0.00,"94,217.83"
ID13740,31-Mar-2026,Direct Deposit,"4,889.07",0.00,"70,878.18"
ID13740,07-Feb-2026,Interest,130.54,0.00,"51,746.72"
ID13740,22-Jan-2026,Charge,0.00,387.70,"27,630.97"
ID13740,23-Feb-2026,ATM Withdrawal,0.00,964.38,"23,087.76"
ID13740,14-Jan-2026,Interest,325.23,0.00,"26,048.48"
ID13740,06-Jan-2026,Transfer,128.63,0.00,"20,886.98"
ID13740,06-Feb-2026,Charge,0.00,126.20,"37,604.93"
ID13740,24-Mar-2026,Payment,578.72,0.00,"89,629.42"
ID13740,05-Mar-2026,Payment,772.70,0.00,"91,726.19"
ID13740,29-Mar-2026,Reversal,0.00,"1,175.63","99,107.30"
ID13740,25-Mar-2026,Debit Card,0.00,19.95,"48,316.54"
ID13740,15-Jan-2026,Charge,0.00,688.51,"86,023.50"
ID13740,31-Jan-2026,Reversal,"1,771.99",0.00,"48,382.15"
ID13741,20-Feb-2026,Debit Card,0.00,60.34,"96,321.35"
ID13741,19-Feb-2026,Direct Deposit,"3,303.61",0.00,"70,096.56"
ID13741,09-Jan-2026,Transfer,"1,785.34",0.00,"36,647.57"
ID13741,11-Feb-2026,Payment,533.82,0.00,"96,560.19"
ID13741,04-Mar-2026,Direct Deposit,"1,202.47",0.00,"8,426.20"
ID13741,03-Jan-2026,Direct Deposit,"3,578.67",0.00,"94,671.76"
ID13741,26-Feb-2026,Debit Card,0.00,390.94,"99,099.15"
ID13741,16-Feb-2026,Reversal,"1,020.84",0.00,"12,348.71"
ID13741,19-Jan-2026,Interest,365.69,0.00,"84,656.13"
ID13741,22-Jan-2026,Reversal,0.00,171.33,"2,642.01"
ID13741,15-Jan-2026,Direct Deposit,"4,798.82",0.00,"73,091.88"
ID13741,23-Jan-2026,Interest,251.96,0.00,"39,783.68"
ID13741,11-Mar-2026,Transfer,0.00,356.61,"16,004.58"
ID13741,24-Jan-2026,Direct Deposit,"2,900.79",0.00,"40,667.89"
ID13741,01-Apr-2026,Reversal,0.00,656.59,"93,184.32"
ID13741,25-Jan-2026,Transfer,0.00,612.95,"62,970.22"
ID13741,27-Jan-2026,Transfer,0.00,119.54,"12,201.13"
ID13741,01-Apr-2026,Debit Card,0.00,60.20,"92,563.43"
ID13741,28-Mar-2026,Direct Deposit,"2,564.78",0.00,"74,757.21"
ID13741,07-Mar-2026,Direct Deposit,"1,450.96",0.00,"98,974.87"
ID13742,15-Feb-2026,Interest,404.38,0.00,"23,749.36"
ID13742,22-Feb-2026,Debit Card,0.00,60.61,"66,478.09"
ID13742,07-Feb-2026,Transfer,0.00,972.13,"38,106.97"
ID13742,01-Feb-2026,ATM Withdrawal,0.00,268.51,"11,241.47"
ID13742,22-Jan-2026,Debit Card,0.00,704.19,"10,499.91"
ID13742,29-Jan-2026,ATM Withdrawal,0.00,676.80,"2,644.28"
ID13742,22-Jan-2026,Direct Deposit,"3,597.82",0.00,"27,528.15"
ID13742,13-Jan-2026,Reversal,"1,695.01",0.00,"78,531.05"
ID13742,28-Jan-2026,Debit Card,0.00,652.30,"16,042.16"
ID13742,23-Feb-2026,Transfer,0.00,"1,225.57","4,146.10"
ID13742,02-Apr-2026,Reversal,0.00,"1,275.27","49,207.48"
ID13742,12-Jan-2026,Transfer,0.00,474.69,"22,673.87"
ID13742,08-Mar-2026,ATM Withdrawal,0.00,312.04,"89,875.34"
ID13742,05-Mar-2026,ATM Withdrawal,0.00,620.95,"29,399.28"
ID13742,10-Mar-2026,Debit Card,0.00,884.64,"83,623.18"
ID13742,27-Jan-2026,Reversal,652.68,0.00,"61,372.41"
ID13742,20-Feb-2026,ATM Withdrawal,0.00,196.16,"76,998.51"
ID13742,13-Mar-2026,Direct Deposit,"2,842.71",0.00,"3,111.85"
ID13742,16-Mar-2026,Transfer,917.20,0.00,"96,136.72"
ID13742,08-Feb-2026,Payment,"1,733.58",0.00,"68,107.54"
ID13743,05-Mar-2026,Charge,0.00,569.13,"29,349.65"
ID13743,13-Feb-2026,Debit Card,0.00,874.89,"37,126.78"
ID13743,17-Feb-2026,Interest,331.22,0.00,"73,567.18"
ID13743,26-Mar-2026,Direct Deposit,"2,849.79",0.00,"87,870.33"
ID13743,28-Jan-2026,Transfer,0.00,743.21,"19,751.17"
ID13743,25-Mar-2026,Payment,400.59,0.00,"6,538.06"
ID13743,02-Apr-2026,Payment,0.00,533.32,"11,314.67"
ID13743,29-Jan-2026,Charge,0.00,462.92,"31,655.32"
ID13743,12-Feb-2026,Reversal,"1,451.63",0.00,"99,691.29"
ID13743,02-Mar-2026,Transfer,506.59,0.00,"35,398.29"
ID13743,17-Feb-2026,Interest,491.18,0.00,"13,527.42"
ID13743,26-Jan-2026,ATM Withdrawal,0.00,161.81,"21,226.94"
ID13743,03-Jan-2026,Charge,0.00,197.80,"5,694.96"
ID13743,23-Feb-2026,Charge,0.00,143.46,"27,659.96"
ID13743,22-Jan-2026,Direct Deposit,"2,695.31",0.00,"78,277.60"
ID13743,14-Mar-2026,Debit Card,0.00,898.76,"63,437.66"
ID13743,12-Mar-2026,Transfer,736.21,0.00,"8,116.76"
ID13743,15-Jan-2026,Interest,215.82,0.00,"34,464.08"
ID13743,08-Feb-2026,Payment,"1,816.64",0.00,"22,812.91"
ID13743,06-Jan-2026,ATM Withdrawal,0.00,366.10,"42,322.91"
ID13744,13-Jan-2026,Payment,0.00,132.82,"81,699.24"
ID13744,05-Feb-2026,Interest,143.15,0.00,"91,421.33"
ID13744,19-Feb-2026,ATM Withdrawal,0.00,184.49,"48,876.03"
ID13744,12-Jan-2026,Direct Deposit,"2,569.78",0.00,"45,971.56"
ID13744,12-Feb-2026,Payment,0.00,528.36,"82,713.68"
ID13744,17-Feb-2026,Reversal,264.90,0.00,"13,769.90"
ID13744,21-Mar-2026,ATM Withdrawal,0.00,426.36,"79,738.20"
ID13744,14-Mar-2026,Interest,360.21,0.00,"36,824.17"
ID13744,24-Mar-2026,Payment,"1,032.99",0.00,"83,955.74"
ID13744,22-Mar-2026,Reversal,983.47,0.00,"93,319.84"
ID13744,28-Feb-2026,Debit Card,0.00,339.26,"86,497.98"
ID13744,16-Feb-2026,ATM Withdrawal,0.00,23.32,"58,208.96"
ID13744,08-Jan-2026,Charge,0.00,693.19,"88,780.52"
ID13744,28-Jan-2026,Direct Deposit,"1,869.12",0.00,"58,144.95"
ID13744,07-Feb-2026,Transfer,0.00,343.82,"90,552.12"
ID13744,17-Jan-2026,Payment,172.12,0.00,"97,364.14"
ID13744,26-Mar-2026,Reversal,0.00,359.63,"85,163.11"
ID13744,15-Mar-2026,Payment,647.10,0.00,"87,777.94"
ID13744,09-Mar-2026,Payment,"1,346.67",0.00,"71,492.19"
ID13744,30-Jan-2026,Direct Deposit,"4,331.23",0.00,"10,563.12"
ID13745,06-Jan-2026,ATM Withdrawal,0.00,795.95,"2,923.61"
ID13745,23-Mar-2026,Debit Card,0.00,310.16,"74,251.48"
ID13745,05-Mar-2026,Direct Deposit,"4,519.92",0.00,"85,188.31"
ID13745,05-Mar-2026,Interest,454.86,0.00,"59,671.73"
ID13745,01-Apr-2026,Reversal,0.00,362.46,"74,027.17"
ID13745,30-Jan-2026,Debit Card,0.00,839.09,"16,154.89"
ID13745,15-Jan-2026,Direct Deposit,"3,097.37",0.00,"67,127.31"
ID13745,23-Mar-2026,Charge,0.00,322.08,"32,457.30"
ID13745,30-Mar-2026,Payment,0.00,885.20,"74,460.83"
ID13745,10-Mar-2026,Charge,0.00,695.87,"22,933.22"
ID13745,29-Jan-2026,Payment,"1,607.78",0.00,"70,028.51"
ID13745,16-Jan-2026,Payment,823.91,0.00,"66,315.57"
ID13745,18-Feb-2026,Payment,330.90,0.00,"55,619.62"
ID13745,05-Jan-2026,Direct Deposit,"1,303.56",0.00,"99,545.00"
ID13745,04-Feb-2026,Direct Deposit,"3,454.71",0.00,"77,653.85"
ID13745,28-Feb-2026,Payment,"1,076.54",0.00,"64,481.18"
ID13745,19-Mar-2026,Direct Deposit,"1,570.74",0.00,"19,757.84"
ID13745,22-Mar-2026,Transfer,0.00,369.17,"85,667.56"
ID13745,11-Feb-2026,Direct Deposit,"3,379.91",0.00,"65,982.49"
ID13745,03-Apr-2026,Debit Card,0.00,657.10,"76,746.80"
ID13746,02-Mar-2026,Reversal,"1,432.28",0.00,"9,341.76"
ID13746,12-Mar-2026,Transfer,582.01,0.00,"91,046.76"
ID13746,25-Feb-2026,Direct Deposit,945.05,0.00,"71,761.21"
ID13746,03-Feb-2026,Interest,370.21,0.00,"60,472.95"
ID13746,22-Jan-2026,Debit Card,0.00,473.10,"71,161.95"
ID13746,12-Feb-2026,Charge,0.00,59.90,"12,916.17"
ID13746,07-Jan-2026,Payment,888.43,0.00,"46,404.51"
ID13746,11-Jan-2026,Direct Deposit,823.61,0.00,"84,400.18"
ID13746,27-Jan-2026,Transfer,"1,763.50",0.00,"59,994.42"
ID13746,17-Feb-2026,ATM Withdrawal,0.00,884.91,"52,497.62"
ID13746,29-Mar-2026,Charge,0.00,818.31,"16,191.79"
ID13746,22-Jan-2026,Charge,0.00,714.82,"42,819.07"
ID13746,31-Mar-2026,Interest,207.34,0.00,"20,655.72"
ID13746,19-Mar-2026,Direct Deposit,"3,078.08",0.00,"26,862.32"
ID13746,23-Jan-2026,ATM Withdrawal,0.00,812.41,"41,148.03"
ID13746,17-Feb-2026,Reversal,0.00,"1,089.95","69,856.15"
ID13746,03-Apr-2026,Debit Card,0.00,950.18,"48,686.55"
ID13746,31-Mar-2026,Charge,0.00,276.63,"24,110.88"
ID13746,17-Jan-2026,Charge,0.00,900.02,"78,541.07"
ID13746,09-Mar-2026,ATM Withdrawal,0.00,769.82,"59,957.08"
ID13747,04-Jan-2026,Reversal,0.00,647.06,"6,916.72"
ID13747,03-Apr-2026,Charge,0.00,830.30,"34,091.06"
ID13747,28-Feb-2026,Debit Card,0.00,945.20,"73,081.07"
ID13747,26-Feb-2026,Debit Card,0.00,998.65,"46,430.64"
ID13747,07-Mar-2026,Reversal,0.00,797.65,"1,191.34"
ID13747,22-Jan-2026,Payment,0.00,862.08,"57,614.95"
ID13747,04-Feb-2026,Interest,373.60,0.00,"81,738.07"
ID13747,13-Jan-2026,Debit Card,0.00,692.95,"70,887.28"
ID13747,12-Jan-2026,Charge,0.00,528.44,"65,134.22"
ID13747,05-Mar-2026,Reversal,0.00,898.13,"35,401.74"
ID13747,11-Feb-2026,Payment,655.16,0.00,"87,189.69"
ID13747,14-Jan-2026,Transfer,"1,924.28",0.00,"5,315.60"
ID13747,09-Jan-2026,Charge,0.00,669.68,"87,151.64"
ID13747,02-Mar-2026,Interest,75.29,0.00,"27,541.97"
ID13747,18-Feb-2026,Interest,32.38,0.00,"16,602.55"
ID13747,13-Feb-2026,ATM Withdrawal,0.00,334.72,"56,564.61"
ID13747,05-Mar-2026,Transfer,"1,952.99",0.00,"63,973.59"
ID13747,11-Feb-2026,Reversal,484.42,0.00,"63,328.68"
ID13747,14-Mar-2026,Interest,101.14,0.00,"88,867.62"
ID13747,08-Jan-2026,Charge,0.00,437.04,"17,628.11"
ID13748,10-Mar-2026,Reversal,530.19,0.00,"45,121.39"
ID13748,12-Mar-2026,Transfer,0.00,487.99,"29,714.61"
ID13748,03-Feb-2026,Charge,0.00,752.19,"75,049.83"
ID13748,19-Jan-2026,Payment,0.00,400.42,"55,519.37"
ID13748,30-Jan-2026,Reversal,"1,231.75",0.00,"71,049.80"
ID13748,07-Mar-2026,Reversal,896.41,0.00,"48,324.26"
ID13748,08-Feb-2026,ATM Withdrawal,0.00,194.66,"5,544.24"
ID13748,01-Apr-2026,Payment,0.00,386.94,"55,236.22"
ID13748,10-Feb-2026,ATM Withdrawal,0.00,409.68,"98,524.17"
ID13748,13-Feb-2026,Debit Card,0.00,398.67,"13,186.69"
ID13748,20-Mar-2026,Charge,0.00,835.83,"44,563.46"
ID13748,04-Mar-2026,Debit Card,0.00,816.63,"28,618.40"
ID13748,12-Jan-2026,Transfer,"1,574.34",0.00,"14,926.88"
ID13748,04-Feb-2026,Payment,0.00,"1,417.66","79,410.61"
ID13748,30-Jan-2026,Charge,0.00,495.01,"81,476.86"
ID13748,11-Jan-2026,Debit Card,0.00,373.69,"30,179.77"
ID13748,16-Jan-2026,Interest,378.45,0.00,"56,060.47"
ID13748,14-Jan-2026,Charge,0.00,800.76,"44,530.09"
ID13748,20-Jan-2026,Reversal,"1,529.49",0.00,"64,032.86"
ID13748,06-Feb-2026,Charge,0.00,433.44,"73,040.82"
ID13749,08-Jan-2026,Debit Card,0.00,646.08,"35,805.99"
ID13749,12-Mar-2026,Reversal,842.92,0.00,"34,212.03"
ID13749,21-Jan-2026,Payment,111.80,0.00,"1,450.73"
ID13749,06-Feb-2026,Debit Card,0.00,291.79,"77,187.51"
ID13749,11-Feb-2026,Interest,496.34,0.00,"42,095.69"
ID13749,12-Jan-2026,Charge,0.00,71.88,"51,384.59"
ID13749,27-Mar-2026,Charge,0.00,408.48,"43,861.31"
ID13749,15-Feb-2026,Charge,0.00,888.10,"20,235.27"
ID13749,17-Mar-2026,Transfer,948.46,0.00,"15,973.42"
ID13749,13-Jan-2026,Direct Deposit,"4,673.32",0.00,"36,605.85"
ID13749,01-Apr-2026,ATM Withdrawal,0.00,833.63,"78,754.80"
ID13749,09-Mar-2026,Interest,114.95,0.00,"92,075.62"
ID13749,02-Apr-2026,Transfer,"1,423.72",0.00,"52,294.85"
ID13749,20-Feb-2026,Interest,451.03,0.00,"14,350.06"
ID13749,13-Mar-2026,Debit Card,0.00,312.07,"49,579.65"
ID13749,13-Feb-2026,ATM Withdrawal,0.00,235.30,"73,668.48"
ID13749,28-Feb-2026,Payment,0.00,944.37,"90,540.10"
ID13749,03-Mar-2026,Payment,0.00,"1,156.61","50,777.32"
ID13749,22-Feb-2026,Debit Card,0.00,645.63,"75,551.92"
ID13749,22-Feb-2026,Reversal,0.00,467.44,"75,843.74"
ID13750,05-Jan-2026,Charge,0.00,86.10,"56,846.10"
ID13750,14-Jan-2026,Debit Card,0.00,219.05,"60,055.56"
ID13750,21-Jan-2026,Debit Card,0.00,179.75,"32,172.59"
ID13750,18-Jan-2026,Debit Card,0.00,416.21,"54,689.25"
ID13750,11-Mar-2026,ATM Withdrawal,0.00,123.69,"30,867.56"
ID13750,17-Mar-2026,Reversal,0.00,"1,194.74","88,013.45"
ID13750,23-Feb-2026,ATM Withdrawal,0.00,330.57,"39,970.84"
ID13750,02-Mar-2026,Payment,813.11,0.00,"11,916.95"
ID13750,04-Feb-2026,Transfer,0.00,655.95,"65,137.34"
ID13750,14-Jan-2026,Transfer,762.92,0.00,"91,649.51"
ID13750,22-Mar-2026,Charge,0.00,753.01,"68,041.88"
ID13750,06-Feb-2026,ATM Withdrawal,0.00,334.26,"71,805.27"
ID13750,07-Mar-2026,ATM Withdrawal,0.00,443.95,"51,166.49"
ID13750,26-Jan-2026,Transfer,0.00,"1,494.55","99,464.19"
ID13750,10-Mar-2026,Interest,396.19,0.00,"89,626.99"
ID13750,15-Mar-2026,ATM Withdrawal,0.00,671.24,"94,969.58"
ID13750,24-Jan-2026,ATM Withdrawal,0.00,246.94,"3,300.49"
ID13750,09-Feb-2026,Payment,0.00,572.80,"84,972.85"
ID13750,18-Jan-2026,Transfer,0.00,214.70,"41,410.66"
ID13750,12-Jan-2026,Reversal,0.00,911.64,"20,553.53"
ID13751,07-Jan-2026,Debit Card,0.00,727.40,"27,646.44"
ID13751,19-Jan-2026,Reversal,311.02,0.00,"64,788.76"
ID13751,19-Feb-2026,Direct Deposit,515.78,0.00,"35,015.82"
ID13751,09-Feb-2026,Transfer,904.31,0.00,"99,968.20"
ID13751,23-Feb-2026,Direct Deposit,"1,091.43",0.00,"93,754.69"
ID13751,10-Jan-2026,Interest,447.15,0.00,"80,141.46"
ID13751,27-Jan-2026,Reversal,0.00,694.07,"72,679.56"
ID13751,06-Feb-2026,Interest,98.51,0.00,"37,808.40"
ID13751,27-Feb-2026,ATM Withdrawal,0.00,54.50,"85,216.09"
ID13751,10-Jan-2026,Transfer,0.00,"1,022.45","67,047.94"
ID13751,18-Jan-2026,ATM Withdrawal,0.00,407.57,"5,069.70"
ID13751,24-Feb-2026,Direct Deposit,"2,481.96",0.00,"82,933.92"
ID13751,26-Jan-2026,Debit Card,0.00,627.87,"34,876.87"
ID13751,23-Mar-2026,Debit Card,0.00,258.10,"38,794.63"
ID13751,25-Feb-2026,Charge,0.00,563.40,"85,464.26"
ID13751,15-Jan-2026,Debit Card,0.00,360.17,"60,052.44"
ID13751,14-Mar-2026,ATM Withdrawal,0.00,254.97,"48,736.21"
ID13751,11-Mar-2026,Interest,409.48,0.00,"60,716.09"
ID13751,29-Mar-2026,Transfer,0.00,429.98,"30,303.10"
ID13751,19-Mar-2026,Direct Deposit,"1,964.43",0.00,"77,619.73"
ID13752,17-Mar-2026,Debit Card,0.00,925.51,"95,765.90"
ID13752,26-Feb-2026,Reversal,330.01,0.00,"70,644.89"
ID13752,16-Feb-2026,Payment,775.72,0.00,"49,798.70"
ID13752,26-Mar-2026,Reversal,0.00,881.80,"98,904.59"
ID13752,16-Jan-2026,Direct Deposit,"2,623.71",0.00,"60,320.46"
ID13752,25-Feb-2026,Debit Card,0.00,543.73,"87,631.96"
ID13752,11-Jan-2026,ATM Withdrawal,0.00,291.33,"49,759.18"
ID13752,16-Feb-2026,Debit Card,0.00,102.04,"60,462.73"
ID13752,09-Feb-2026,Payment,"1,604.21",0.00,"97,957.52"
ID13752,29-Mar-2026,Reversal,0.00,153.50,"72,652.72"
ID13752,06-Mar-2026,Charge,0.00,607.71,"40,301.90"
ID13752,06-Mar-2026,ATM Withdrawal,0.00,721.93,"26,051.85"
ID13752,17-Mar-2026,Transfer,"1,704.56",0.00,"77,092.03"
ID13752,06-Jan-2026,Payment,756.31,0.00,"18,434.20"
ID13752,04-Jan-2026,Payment,0.00,777.92,"16,707.86"
ID13752,05-Mar-2026,Direct Deposit,"2,797.22",0.00,"89,616.27"
ID13752,23-Jan-2026,Payment,0.00,308.53,"4,257.38"
ID13752,12-Feb-2026,Charge,0.00,561.05,"20,594.31"
ID13752,28-Jan-2026,Payment,0.00,"1,487.07","73,103.44"
ID13752,29-Jan-2026,Debit Card,0.00,377.10,"15,103.24"
ID13753,12-Feb-2026,Charge,0.00,75.89,"56,610.18"
ID13753,03-Jan-2026,Charge,0.00,598.42,"75,362.32"
ID13753,12-Feb-2026,Charge,0.00,978.71,"40,900.84"
ID13753,11-Mar-2026,Transfer,"1,751.16",0.00,"69,985.21"
ID13753,09-Jan-2026,Debit Card,0.00,340.17,"80,459.34"
ID13753,09-Feb-2026,Charge,0.00,997.99,"42,782.06"
ID13753,22-Feb-2026,Debit Card,0.00,338.06,"53,068.86"
ID13753,13-Jan-2026,Debit Card,0.00,226.31,"69,661.75"
ID13753,01-Mar-2026,Interest,48.44,0.00,"14,736.95"
ID13753,31-Mar-2026,Interest,117.06,0.00,"19,860.82"
ID13753,01-Mar-2026,Interest,123.91,0.00,"97,776.17"
ID13753,04-Feb-2026,Transfer,0.00,"1,353.79","6,023.01"
ID13753,17-Mar-2026,Charge,0.00,224.59,"42,021.93"
ID13753,12-Mar-2026,Charge,0.00,582.66,"97,659.47"
ID13753,30-Jan-2026,Payment,0.00,"1,378.24","78,185.52"
ID13753,12-Mar-2026,ATM Withdrawal,0.00,936.26,"18,621.75"
ID13753,14-Jan-2026,Charge,0.00,907.62,"11,540.78"
ID13753,02-Feb-2026,ATM Withdrawal,0.00,422.75,"40,639.29"
ID13753,25-Mar-2026,Charge,0.00,557.53,"14,701.50"
ID13753,04-Mar-2026,Debit Card,0.00,959.88,"37,513.06"
ID13754,01-Apr-2026,Interest,306.72,0.00,"38,645.39"
ID13754,20-Mar-2026,Interest,30.02,0.00,"47,705.74"
ID13754,27-Jan-2026,Charge,0.00,88.81,"71,872.30"
ID13754,17-Feb-2026,Transfer,0.00,97.22,"4,666.25"
ID13754,09-Jan-2026,Direct Deposit,"1,115.06",0.00,"93,509.03"
ID13754,07-Feb-2026,Charge,0.00,846.48,"68,940.74"
ID13754,19-Feb-2026,Transfer,0.00,"1,437.17","1,618.11"
ID13754,07-Feb-2026,Debit Card,0.00,370.52,"43,738.23"
ID13754,30-Jan-2026,Transfer,"1,500.72",0.00,"98,392.22"
ID13754,10-Feb-2026,ATM Withdrawal,0.00,630.59,"52,715.08"
ID13754,01-Mar-2026,ATM Withdrawal,0.00,123.80,"66,209.20"
ID13754,03-Mar-2026,ATM Withdrawal,0.00,983.63,"56,142.75"
ID13754,23-Feb-2026,Direct Deposit,"1,934.17",0.00,"66,688.27"
ID13754,21-Mar-2026,Interest,310.37,0.00,"64,168.07"
ID13754,29-Mar-2026,Debit Card,0.00,477.34,"94,726.72"
ID13754,30-Mar-2026,Payment,0.00,166.53,"17,441.45"
ID13754,25-Mar-2026,Reversal,"1,350.22",0.00,"21,191.07"
ID13754,27-Jan-2026,Debit Card,0.00,369.73,"50,104.31"
ID13754,17-Mar-2026,Interest,494.44,0.00,"94,456.11"
ID13754,03-Apr-2026,Reversal,0.00,721.85,"44,536.43"
ID13755,16-Feb-2026,Direct Deposit,"2,574.94",0.00,"92,521.85"
ID13755,11-Jan-2026,Charge,0.00,982.91,"15,465.64"
ID13755,11-Feb-2026,ATM Withdrawal,0.00,850.08,"50,530.96"
ID13755,04-Feb-2026,Reversal,0.00,362.93,"30,009.50"
ID13755,08-Mar-2026,Reversal,0.00,715.20,"2,378.53"
ID13755,30-Mar-2026,ATM Withdrawal,0.00,750.98,"35,383.53"
ID13755,03-Apr-2026,Charge,0.00,332.85,"37,797.14"
ID13755,31-Mar-2026,Direct Deposit,"2,811.45",0.00,"66,773.64"
ID13755,04-Mar-2026,Reversal,0.00,697.00,"44,501.89"
ID13755,13-Mar-2026,Charge,0.00,303.48,"20,561.47"
ID13755,08-Jan-2026,Direct Deposit,"2,978.50",0.00,"90,725.72"
ID13755,03-Mar-2026,Debit Card,0.00,79.89,"2,381.95"
ID13755,25-Feb-2026,Debit Card,0.00,232.37,"80,365.28"
ID13755,24-Mar-2026,ATM Withdrawal,0.00,464.00,"35,469.27"
ID13755,16-Jan-2026,Debit Card,0.00,424.03,"57,303.24"
ID13755,25-Feb-2026,Direct Deposit,"2,545.34",0.00,"8,965.62"
ID13755,20-Feb-2026,Debit Card,0.00,291.16,"96,548.12"
ID13755,01-Apr-2026,Charge,0.00,683.53,"69,983.74"
ID13755,12-Jan-2026,ATM Withdrawal,0.00,416.74,"97,443.30"
ID13755,26-Mar-2026,Debit Card,0.00,473.17,"40,404.22"
ID13756,05-Jan-2026,Debit Card,0.00,238.66,"82,211.23"
ID13756,03-Mar-2026,Direct Deposit,952.07,0.00,"30,059.98"
ID13756,01-Mar-2026,Direct Deposit,"2,180.42",0.00,"59,444.07"
ID13756,04-Feb-2026,Transfer,660.79,0.00,"30,958.23"
ID13756,29-Jan-2026,Payment,0.00,965.44,"56,404.26"
ID13756,15-Feb-2026,Reversal,0.00,"1,157.73","66,627.77"
ID13756,03-Apr-2026,Transfer,"1,039.09",0.00,"72,520.52"
ID13756,29-Mar-2026,Charge,0.00,463.05,"48,581.04"
ID13756,27-Jan-2026,Debit Card,0.00,954.08,"81,263.65"
ID13756,22-Jan-2026,Transfer,"1,934.35",0.00,"22,433.17"
ID13756,10-Mar-2026,Transfer,0.00,708.21,"26,163.38"
ID13756,28-Feb-2026,Debit Card,0.00,212.08,"77,208.73"
ID13756,24-Feb-2026,ATM Withdrawal,0.00,779.76,"73,632.43"
ID13756,29-Mar-2026,Charge,0.00,817.82,"99,664.72"
ID13756,11-Jan-2026,Reversal,637.10,0.00,"74,603.21"
ID13756,12-Mar-2026,Transfer,590.91,0.00,"31,435.72"
ID13756,18-Mar-2026,Interest,166.27,0.00,"41,026.57"
ID13756,22-Mar-2026,Debit Card,0.00,269.43,"53,881.16"
ID13756,09-Feb-2026,Debit Card,0.00,824.77,"4,321.76"
ID13756,12-Jan-2026,Charge,0.00,832.47,"56,530.80"
ID13757,30-Jan-2026,Debit Card,0.00,317.00,"32,828.70"
ID13757,14-Jan-2026,ATM Withdrawal,0.00,933.25,"70,445.22"
ID13757,21-Mar-2026,Debit Card,0.00,666.55,"85,827.44"
ID13757,21-Mar-2026,Reversal,0.00,"1,003.08","2,419.48"
ID13757,26-Mar-2026,Reversal,864.20,0.00,"30,824.31"
ID13757,12-Jan-2026,Payment,0.00,688.66,"76,143.53"
ID13757,20-Mar-2026,Charge,0.00,615.69,"49,029.82"
ID13757,07-Mar-2026,Charge,0.00,140.98,"43,347.25"
ID13757,04-Mar-2026,Reversal,0.00,73.70,"84,860.49"
ID13757,05-Jan-2026,Interest,476.07,0.00,"30,383.03"
ID13757,23-Mar-2026,Payment,0.00,632.03,"54,249.30"
ID13757,08-Jan-2026,Payment,"1,759.29",0.00,"47,748.23"
ID13757,20-Mar-2026,Interest,184.62,0.00,"86,017.69"
ID13757,20-Feb-2026,Payment,0.00,492.54,"20,395.85"
ID13757,22-Feb-2026,Transfer,0.00,744.78,"54,450.70"
ID13757,04-Feb-2026,Interest,172.49,0.00,"97,994.63"
ID13757,20-Mar-2026,Payment,972.75,0.00,"24,429.28"
ID13757,29-Mar-2026,Interest,50.11,0.00,"79,130.02"
ID13757,23-Jan-2026,Debit Card,0.00,504.89,"67,799.63"
ID13757,22-Mar-2026,Payment,"1,251.87",0.00,"21,902.69"
ID13758,19-Mar-2026,ATM Withdrawal,0.00,124.36,"97,503.16"
ID13758,25-Jan-2026,Direct Deposit,"4,487.36",0.00,"52,126.98"
ID13758,25-Feb-2026,Direct Deposit,817.17,0.00,"19,836.23"
ID13758,01-Feb-2026,Payment,474.93,0.00,"12,993.12"
ID13758,29-Jan-2026,ATM Withdrawal,0.00,108.07,"18,827.97"
ID13758,22-Feb-2026,Interest,434.16,0.00,"65,589.69"
ID13758,31-Mar-2026,Debit Card,0.00,325.58,"65,562.58"
ID13758,27-Feb-2026,Interest,288.73,0.00,"20,157.09"
ID13758,07-Feb-2026,Interest,285.72,0.00,"49,383.06"
ID13758,13-Feb-2026,Charge,0.00,711.77,"32,464.17"
ID13758,05-Mar-2026,Debit Card,0.00,276.30,"96,299.54"
ID13758,01-Apr-2026,Direct Deposit,"3,065.84",0.00,"15,701.87"
ID13758,27-Jan-2026,Interest,457.35,0.00,"69,002.55"
ID13758,03-Jan-2026,Transfer,0.00,"1,290.65","70,874.37"
ID13758,09-Feb-2026,Charge,0.00,133.63,"13,777.32"
ID13758,31-Mar-2026,Reversal,0.00,173.15,"22,524.67"
ID13758,15-Feb-2026,Payment,0.00,468.77,"38,829.41"
ID13758,01-Mar-2026,Transfer,495.28,0.00,"97,793.70"
ID13758,04-Jan-2026,Charge,0.00,667.31,"95,088.49"
ID13758,06-Feb-2026,Debit Card,0.00,38.18,"28,381.34"
ID13759,24-Jan-2026,Payment,"1,294.62",0.00,"95,785.03"
ID13759,14-Feb-2026,Direct Deposit,"2,795.41",0.00,"24,409.15"
ID13759,20-Feb-2026,Transfer,"1,142.02",0.00,"73,064.71"
ID13759,24-Feb-2026,Payment,0.00,769.17,"89,220.43"
ID13759,10-Jan-2026,Transfer,0.00,857.15,"49,466.79"
ID13759,19-Mar-2026,Charge,0.00,731.87,"70,579.43"
ID13759,26-Feb-2026,Payment,"1,948.87",0.00,"79,427.08"
ID13759,23-Jan-2026,Direct Deposit,"1,180.25",0.00,"61,344.33"
ID13759,13-Feb-2026,Charge,0.00,590.00,"4,673.05"
ID13759,10-Jan-2026,ATM Withdrawal,0.00,254.54,"11,632.20"
ID13759,10-Feb-2026,Charge,0.00,584.29,"74,562.89"
ID13759,16-Jan-2026,Debit Card,0.00,338.92,"10,020.49"
ID13759,18-Mar-2026,Charge,0.00,836.19,"32,613.17"
ID13759,25-Mar-2026,Reversal,725.53,0.00,"19,319.23"
ID13759,15-Mar-2026,Reversal,0.00,"1,247.63","65,001.20"
ID13759,14-Mar-2026,Direct Deposit,"2,587.57",0.00,"18,759.94"
ID13759,07-Mar-2026,Payment,"1,994.08",0.00,"62,639.09"
ID13759,08-Jan-2026,Direct Deposit,"4,489.78",0.00,"10,722.56"
ID13759,03-Feb-2026,Interest,142.35,0.00,"20,514.32"
ID13759,04-Mar-2026,Direct Deposit,"1,620.57",0.00,"28,692.58"
ID13760,27-Feb-2026,Reversal,0.00,633.16,"41,905.60"
ID13760,10-Mar-2026,Debit Card,0.00,781.29,"61,419.45"
ID13760,15-Feb-2026,Interest,378.68,0.00,"50,504.22"
ID13760,19-Feb-2026,Direct Deposit,"4,121.88",0.00,"63,988.79"
ID13760,06-Mar-2026,ATM Withdrawal,0.00,96.09,"23,965.10"
ID13760,31-Jan-2026,Interest,497.64,0.00,"53,710.13"
ID13760,12-Jan-2026,Interest,269.45,0.00,"63,220.16"
ID13760,07-Mar-2026,Transfer,0.00,683.42,"16,861.28"
ID13760,21-Mar-2026,Interest,410.98,0.00,"45,170.63"
ID13760,02-Mar-2026,Interest,401.77,0.00,"17,905.75"
ID13760,23-Jan-2026,Debit Card,0.00,103.23,"58,215.84"
ID13760,09-Jan-2026,Debit Card,0.00,242.10,"79,191.42"
ID13760,25-Mar-2026,Debit Card,0.00,250.51,"48,931.71"
ID13760,23-Mar-2026,ATM Withdrawal,0.00,714.19,"42,232.07"
ID13760,07-Feb-2026,Debit Card,0.00,678.59,"57,339.34"
ID13760,08-Jan-2026,Payment,0.00,"1,020.28","82,422.45"
ID13760,22-Mar-2026,Debit Card,0.00,551.79,"13,021.94"
ID13760,21-Jan-2026,Interest,33.27,0.00,"78,129.46"
ID13760,01-Mar-2026,Reversal,"1,188.36",0.00,"7,314.98"
ID13760,13-Feb-2026,Charge,0.00,168.38,"31,602.67"
ID13761,02-Apr-2026,Reversal,0.00,911.24,"19,165.98"
ID13761,22-Feb-2026,Charge,0.00,351.50,"85,643.88"
ID13761,20-Feb-2026,Transfer,"1,145.09",0.00,"40,943.01"
ID13761,22-Mar-2026,Debit Card,0.00,355.20,"43,622.63"
ID13761,05-Mar-2026,ATM Withdrawal,0.00,467.97,"77,965.71"
ID13761,13-Jan-2026,Charge,0.00,747.43,"14,340.80"
ID13761,11-Feb-2026,ATM Withdrawal,0.00,434.71,"74,170.06"
ID13761,19-Mar-2026,Charge,0.00,104.41,"89,310.39"
ID13761,02-Feb-2026,Interest,486.93,0.00,"25,187.04"
ID13761,25-Mar-2026,Transfer,796.37,0.00,"29,595.77"
ID13761,07-Jan-2026,ATM Withdrawal,0.00,274.60,"75,202.31"
ID13761,03-Apr-2026,Payment,698.09,0.00,"24,378.94"
ID13761,01-Apr-2026,ATM Withdrawal,0.00,820.84,"28,722.39"
ID13761,23-Mar-2026,ATM Withdrawal,0.00,824.74,"80,783.06"
ID13761,14-Mar-2026,ATM Withdrawal,0.00,830.07,"26,460.46"
ID13761,17-Mar-2026,ATM Withdrawal,0.00,507.22,"25,227.41"
ID13761,28-Jan-2026,Debit Card,0.00,106.61,"6,269.69"
ID13761,06-Jan-2026,Transfer,0.00,"1,495.07","96,728.96"
ID13761,26-Jan-2026,Debit Card,0.00,726.79,"29,236.22"
ID13761,01-Mar-2026,Transfer,"1,440.60",0.00,"93,715.14"
ID13762,27-Mar-2026,Charge,0.00,885.40,"90,542.61"
ID13762,11-Mar-2026,Charge,0.00,514.06,"82,265.70"
ID13762,24-Mar-2026,Charge,0.00,378.03,"20,286.17"
ID13762,26-Jan-2026,Debit Card,0.00,902.09,"93,522.32"
ID13762,19-Jan-2026,ATM Withdrawal,0.00,805.63,"78,296.68"
ID13762,22-Jan-2026,Direct Deposit,"2,703.77",0.00,"6,872.67"
ID13762,06-Feb-2026,Transfer,"1,881.67",0.00,"62,813.88"
ID13762,20-Jan-2026,Debit Card,0.00,814.95,"90,953.76"
ID13762,17-Feb-2026,ATM Withdrawal,0.00,851.95,"40,939.86"
ID13762,12-Jan-2026,ATM Withdrawal,0.00,372.08,"10,875.02"
ID13762,13-Jan-2026,Direct Deposit,"4,000.49",0.00,"76,536.84"
ID13762,05-Mar-2026,Charge,0.00,263.97,"82,690.96"
ID13762,20-Jan-2026,Direct Deposit,"3,886.47",0.00,"16,792.00"
ID13762,10-Feb-2026,ATM Withdrawal,0.00,463.67,"87,866.48"
ID13762,20-Jan-2026,Reversal,275.01,0.00,"1,414.73"
ID13762,21-Mar-2026,Direct Deposit,548.77,0.00,"92,558.20"
ID13762,11-Mar-2026,Charge,0.00,721.46,"94,152.99"
ID13762,18-Feb-2026,Interest,325.41,0.00,"34,598.00"
ID13762,07-Feb-2026,Payment,0.00,670.19,"62,532.04"
ID13762,01-Feb-2026,ATM Withdrawal,0.00,80.79,"86,336.77"
ID13763,21-Jan-2026,Interest,284.64,0.00,"30,156.04"
ID13763,19-Jan-2026,Debit Card,0.00,109.90,"7,531.76"
ID13763,18-Mar-2026,Reversal,0.00,"1,275.38","2,579.34"
ID13763,27-Mar-2026,Debit Card,0.00,911.90,"17,712.31"
ID13763,27-Jan-2026,Transfer,0.00,858.22,"95,678.00"
ID13763,14-Feb-2026,Charge,0.00,99.53,"28,310.03"
ID13763,21-Mar-2026,Payment,0.00,"1,425.25","67,440.13"
ID13763,04-Mar-2026,Payment,647.73,0.00,"58,859.20"
ID13763,20-Feb-2026,Reversal,305.83,0.00,"33,697.74"
ID13763,20-Feb-2026,Payment,"1,816.94",0.00,"53,402.38"
ID13763,16-Mar-2026,Debit Card,0.00,479.48,"81,689.53"
ID13763,25-Mar-2026,Transfer,0.00,961.19,"78,361.01"
ID13763,01-Mar-2026,Debit Card,0.00,353.25,"94,474.23"
ID13763,27-Mar-2026,Payment,"1,643.34",0.00,"86,075.72"
ID13763,23-Mar-2026,Direct Deposit,"3,689.08",0.00,"8,480.68"
ID13763,21-Feb-2026,Interest,241.81,0.00,"30,865.25"
ID13763,26-Jan-2026,ATM Withdrawal,0.00,582.62,"46,681.96"
ID13763,16-Jan-2026,ATM Withdrawal,0.00,156.53,"73,472.71"
ID13763,14-Jan-2026,ATM Withdrawal,0.00,125.35,"2,771.32"
ID13763,09-Feb-2026,Reversal,335.55,0.00,"11,754.18"
ID13764,06-Feb-2026,Transfer,"1,307.88",0.00,"25,534.07"
ID13764,28-Mar-2026,Debit Card,0.00,578.13,"20,395.49"
ID13764,02-Mar-2026,ATM Withdrawal,0.00,989.16,"67,188.90"
ID13764,12-Mar-2026,Payment,0.00,"1,394.31","51,326.91"
ID13764,20-Feb-2026,Direct Deposit,"1,678.94",0.00,"94,468.35"
ID13764,09-Jan-2026,Charge,0.00,872.31,"72,770.95"
ID13764,24-Jan-2026,Interest,327.16,0.00,"92,610.18"
ID13764,24-Feb-2026,Charge,0.00,60.99,"60,430.46"
ID13764,05-Jan-2026,Direct Deposit,"2,429.51",0.00,"65,335.41"
ID13764,19-Mar-2026,Transfer,0.00,"1,327.30","85,091.06"
ID13764,03-Mar-2026,Direct Deposit,"2,313.48",0.00,"13,214.77"
ID13764,21-Feb-2026,Transfer,0.00,"1,313.39","40,503.10"
ID13764,16-Mar-2026,Charge,0.00,409.39,"73,570.77"
ID13764,22-Jan-2026,Direct Deposit,"2,238.22",0.00,"89,198.67"
ID13764,10-Jan-2026,ATM Withdrawal,0.00,56.39,"82,602.91"
ID13764,11-Feb-2026,Reversal,798.30,0.00,"61,445.66"
ID13764,26-Feb-2026,Charge,0.00,252.61,"14,976.59"
ID13764,13-Mar-2026,Debit Card,0.00,694.92,"33,849.40"
ID13764,11-Feb-2026,Charge,0.00,321.16,"81,135.88"
ID13764,27-Feb-2026,Payment,0.00,378.54,"37,565.06"
ID13765,05-Feb-2026,Reversal,0.00,942.49,"15,406.18"
ID13765,13-Jan-2026,Interest,32.26,0.00,"67,826.49"
ID13765,21-Mar-2026,Debit Card,0.00,731.00,"67,352.26"
ID13765,23-Jan-2026,Interest,341.88,0.00,"22,101.97"
ID13765,14-Mar-2026,Reversal,0.00,546.04,"12,586.38"
ID13765,11-Mar-2026,ATM Withdrawal,0.00,331.28,"55,124.62"
ID13765,18-Mar-2026,ATM Withdrawal,0.00,831.73,"95,320.08"
ID13765,24-Feb-2026,Charge,0.00,792.38,"70,410.09"
ID13765,11-Mar-2026,Direct Deposit,"1,874.40",0.00,"94,145.16"
ID13765,06-Mar-2026,Payment,0.00,"1,482.33","50,392.85"
ID13765,25-Feb-2026,Payment,194.30,0.00,"10,870.97"
ID13765,01-Apr-2026,Reversal,0.00,"1,214.59","57,124.44"
ID13765,26-Feb-2026,Charge,0.00,314.36,"32,268.26"
ID13765,20-Feb-2026,Debit Card,0.00,946.03,"76,701.24"
ID13765,27-Feb-2026,Interest,26.06,0.00,"41,569.85"
ID13765,13-Feb-2026,ATM Withdrawal,0.00,89.44,"36,087.28"
ID13765,01-Feb-2026,Direct Deposit,"4,356.94",0.00,"10,558.49"
ID13765,17-Jan-2026,Debit Card,0.00,381.34,"40,653.73"
ID13765,22-Mar-2026,ATM Withdrawal,0.00,302.67,"59,745.10"
ID13765,01-Apr-2026,Interest,157.19,0.00,"56,667.72"
ID13766,26-Jan-2026,Reversal,"1,545.64",0.00,"98,913.75"
ID13766,05-Mar-2026,Debit Card,0.00,619.76,"38,395.90"
ID13766,25-Jan-2026,Transfer,"1,366.80",0.00,"55,032.28"
ID13766,26-Jan-2026,Charge,0.00,269.44,"82,349.24"
ID13766,03-Mar-2026,Interest,194.89,0.00,"87,748.26"
ID13766,26-Feb-2026,Payment,"1,114.03",0.00,"55,884.26"
ID13766,15-Mar-2026,Debit Card,0.00,188.47,"72,824.79"
ID13766,13-Jan-2026,Debit Card,0.00,666.54,"78,899.17"
ID13766,16-Feb-2026,Direct Deposit,"1,605.93",0.00,"97,057.85"
ID13766,03-Feb-2026,Interest,378.94,0.00,"16,674.58"
ID13766,12-Jan-2026,ATM Withdrawal,0.00,659.57,"11,700.65"
ID13766,12-Feb-2026,Interest,198.81,0.00,"37,766.08"
ID13766,26-Mar-2026,Interest,461.46,0.00,"8,674.00"
ID13766,24-Feb-2026,Payment,"1,514.36",0.00,"46,598.48"
ID13766,13-Mar-2026,Transfer,0.00,"1,248.03","15,430.94"
ID13766,27-Mar-2026,Direct Deposit,"3,684.35",0.00,"80,988.66"
ID13766,23-Mar-2026,Charge,0.00,469.28,"39,089.77"
ID13766,18-Mar-2026,Transfer,"1,322.70",0.00,"97,264.32"
ID13766,08-Jan-2026,Payment,"1,922.10",0.00,"49,071.19"
ID13766,02-Feb-2026,Transfer,0.00,"1,097.86","80,894.27"
ID13767,15-Mar-2026,Direct Deposit,"3,462.29",0.00,"30,736.03"
ID13767,18-Feb-2026,Charge,0.00,922.86,"93,679.49"
ID13767,24-Mar-2026,Reversal,0.00,329.19,"66,977.70"
ID13767,27-Mar-2026,ATM Withdrawal,0.00,510.82,"83,423.42"
ID13767,10-Feb-2026,Direct Deposit,"2,855.68",0.00,"97,006.85"
ID13767,16-Feb-2026,Payment,0.00,"1,147.36","94,874.02"
ID13767,27-Feb-2026,Payment,739.60,0.00,"96,404.49"
ID13767,01-Apr-2026,Transfer,"1,933.17",0.00,"35,833.78"
ID13767,12-Feb-2026,ATM Withdrawal,0.00,654.64,"58,857.53"
ID13767,18-Mar-2026,Debit Card,0.00,494.25,"75,579.15"
ID13767,11-Feb-2026,Payment,0.00,119.96,"56,252.67"
ID13767,29-Mar-2026,Direct Deposit,"4,250.35",0.00,"26,147.88"
ID13767,07-Feb-2026,Interest,458.60,0.00,"25,189.59"
ID13767,22-Mar-2026,Reversal,0.00,807.10,"21,182.85"
ID13767,14-Jan-2026,Debit Card,0.00,378.37,"51,376.69"
ID13767,14-Feb-2026,Transfer,0.00,634.96,"2,212.86"
ID13767,28-Jan-2026,Charge,0.00,149.59,"14,919.61"
ID13767,15-Feb-2026,Transfer,"1,694.93",0.00,"20,573.28"
ID13767,29-Mar-2026,ATM Withdrawal,0.00,937.65,"99,380.97"
ID13767,16-Mar-2026,ATM Withdrawal,0.00,887.03,"61,535.64"
ID13768,13-Mar-2026,Charge,0.00,81.28,"96,228.52"
ID13768,29-Mar-2026,Reversal,"1,030.01",0.00,"89,205.48"
ID13768,13-Mar-2026,Interest,284.91,0.00,"50,599.49"
ID13768,23-Feb-2026,Direct Deposit,"2,729.39",0.00,"4,300.32"
ID13768,19-Mar-2026,Reversal,0.00,900.98,"79,927.14"
ID13768,18-Jan-2026,Charge,0.00,677.38,"32,008.04"
ID13768,17-Feb-2026,ATM Withdrawal,0.00,595.73,"79,195.70"
ID13768,16-Feb-2026,Debit Card,0.00,344.90,"33,238.11"
ID13768,09-Mar-2026,Reversal,0.00,97.42,"6,357.86"
ID13768,24-Jan-2026,Debit Card,0.00,988.75,"88,561.80"
ID13768,30-Mar-2026,Direct Deposit,"2,538.17",0.00,"14,699.89"
ID13768,23-Jan-2026,Payment,0.00,367.05,"2,418.78"
ID13768,22-Mar-2026,ATM Withdrawal,0.00,260.49,"4,831.41"
ID13768,08-Feb-2026,Payment,479.72,0.00,"60,209.57"
ID13768,10-Feb-2026,Interest,275.29,0.00,"90,462.20"
ID13768,27-Jan-2026,Interest,407.19,0.00,"74,160.03"
ID13768,10-Feb-2026,ATM Withdrawal,0.00,19.34,"77,485.51"
ID13768,22-Jan-2026,Payment,971.91,0.00,"8,779.46"
ID13768,08-Jan-2026,Interest,197.72,0.00,"94,112.37"
ID13768,30-Jan-2026,Charge,0.00,315.34,"50,734.99"
ID13769,04-Mar-2026,Transfer,0.00,"1,475.39","29,636.53"
ID13769,13-Jan-2026,Direct Deposit,"1,376.98",0.00,"29,465.07"
ID13769,05-Feb-2026,Direct Deposit,"4,479.67",0.00,"2,465.93"
ID13769,23-Feb-2026,Interest,396.99,0.00,"71,444.34"
ID13769,05-Mar-2026,Payment,"1,806.47",0.00,"43,275.50"
ID13769,11-Jan-2026,Direct Deposit,613.75,0.00,"45,396.30"
ID13769,13-Feb-2026,Charge,0.00,43.55,"26,343.12"
ID13769,25-Mar-2026,Reversal,0.00,"1,114.99","70,363.35"
ID13769,22-Mar-2026,Reversal,427.68,0.00,"11,342.18"
ID13769,28-Mar-2026,Direct Deposit,565.97,0.00,"12,633.11"
ID13769,27-Jan-2026,Transfer,0.00,978.54,"88,599.36"
ID13769,14-Feb-2026,Interest,165.58,0.00,"88,859.20"
ID13769,12-Feb-2026,Payment,"1,053.23",0.00,"48,352.27"
ID13769,26-Mar-2026,Payment,0.00,934.70,"60,212.19"
ID13769,30-Jan-2026,ATM Withdrawal,0.00,854.64,"52,778.67"
ID13769,26-Jan-2026,Transfer,0.00,165.10,"10,442.32"
ID13769,05-Mar-2026,Direct Deposit,"4,229.06",0.00,"30,130.71"
ID13769,04-Mar-2026,Reversal,0.00,"1,328.18","56,905.92"
ID13769,17-Mar-2026,Payment,617.22,0.00,"26,678.16"
ID13769,30-Jan-2026,Direct Deposit,"1,113.97",0.00,"97,862.29"
ID13770,02-Mar-2026,Interest,284.91,0.00,"23,881.18"
ID13770,24-Jan-2026,Charge,0.00,118.26,"58,401.02"
ID13770,04-Mar-2026,Direct Deposit,"4,310.37",0.00,"75,486.43"
ID13770,03-Apr-2026,Reversal,"1,297.24",0.00,"80,345.00"
ID13770,14-Jan-2026,Interest,168.07,0.00,"51,110.30"
ID13770,05-Jan-2026,Debit Card,0.00,348.57,"6,367.86"
ID13770,11-Jan-2026,Transfer,0.00,"1,117.94","84,800.09"
ID13770,11-Feb-2026,Payment,0.00,"1,305.91","66,300.10"
ID13770,20-Jan-2026,Transfer,0.00,813.24,"66,289.07"
ID13770,13-Feb-2026,ATM Withdrawal,0.00,351.17,"45,503.94"
ID13770,03-Mar-2026,Charge,0.00,389.11,"53,315.12"
ID13770,02-Feb-2026,ATM Withdrawal,0.00,888.68,"54,065.42"
ID13770,09-Mar-2026,Reversal,"1,228.55",0.00,"2,110.08"
ID13770,22-Jan-2026,ATM Withdrawal,0.00,43.94,"90,212.04"
ID13770,09-Mar-2026,Direct Deposit,"4,312.14",0.00,"31,292.98"
ID13770,02-Mar-2026,Charge,0.00,648.60,"79,355.69"
ID13770,23-Feb-2026,Payment,"1,254.58",0.00,"55,876.97"
ID13770,13-Jan-2026,ATM Withdrawal,0.00,306.62,"73,356.75"
ID13770,10-Feb-2026,Transfer,0.00,736.13,"33,739.34"
ID13770,05-Feb-2026,Charge,0.00,109.29,"88,653.13"
ID13771,03-Mar-2026,Payment,183.71,0.00,"85,315.08"
ID13771,21-Feb-2026,ATM Withdrawal,0.00,147.70,"73,834.04"
ID13771,17-Jan-2026,Transfer,0.00,"1,071.17","68,482.58"
ID13771,25-Feb-2026,Charge,0.00,896.42,"62,138.09"
ID13771,26-Mar-2026,Debit Card,0.00,689.69,"96,763.97"
ID13771,04-Jan-2026,Charge,0.00,627.87,"72,440.43"
ID13771,07-Jan-2026,Direct Deposit,"2,970.83",0.00,"45,053.96"
ID13771,23-Feb-2026,Direct Deposit,"3,440.98",0.00,"31,787.37"
ID13771,12-Jan-2026,ATM Withdrawal,0.00,475.66,"47,396.16"
ID13771,09-Feb-2026,Direct Deposit,"1,315.26",0.00,"69,346.99"
ID13771,06-Jan-2026,Payment,281.70,0.00,"64,298.01"
ID13771,09-Jan-2026,Charge,0.00,940.52,"17,275.91"
ID13771,01-Mar-2026,Direct Deposit,"2,226.50",0.00,"98,429.73"
ID13771,22-Feb-2026,Reversal,"1,005.49",0.00,"84,148.81"
ID13771,12-Feb-2026,Interest,299.60,0.00,"49,858.19"
ID13771,15-Mar-2026,Interest,134.97,0.00,"21,719.83"
ID13771,30-Mar-2026,Direct Deposit,"2,320.74",0.00,"16,786.15"
ID13771,30-Jan-2026,Payment,0.00,255.41,"99,385.86"
ID13771,26-Jan-2026,ATM Withdrawal,0.00,445.75,"48,704.14"
ID13771,03-Apr-2026,ATM Withdrawal,0.00,880.84,"77,753.96"
ID13772,07-Jan-2026,Interest,311.35,0.00,"45,442.94"
ID13772,25-Mar-2026,Interest,43.36,0.00,"67,255.84"
ID13772,19-Mar-2026,Interest,58.42,0.00,"14,590.70"
ID13772,27-Mar-2026,ATM Withdrawal,0.00,608.04,"10,444.55"
ID13772,19-Feb-2026,Transfer,0.00,329.91,"91,461.13"
ID13772,16-Mar-2026,Interest,427.64,0.00,"27,736.11"
ID13772,12-Mar-2026,Interest,42.56,0.00,"77,614.97"
ID13772,01-Feb-2026,Reversal,"1,932.22",0.00,"78,544.10"
ID13772,30-Mar-2026,Charge,0.00,922.06,"81,206.17"
ID13772,14-Feb-2026,Payment,0.00,887.77,"4,560.17"
ID13772,22-Feb-2026,ATM Withdrawal,0.00,353.14,"83,373.63"
ID13772,24-Jan-2026,Direct Deposit,"2,906.11",0.00,"32,554.04"
ID13772,28-Mar-2026,Charge,0.00,578.11,"85,592.09"
ID13772,14-Jan-2026,Reversal,0.00,"1,086.97","71,598.00"
ID13772,10-Feb-2026,Debit Card,0.00,586.15,"74,470.30"
ID13772,24-Jan-2026,Debit Card,0.00,334.47,"79,527.61"
ID13772,13-Feb-2026,Interest,386.96,0.00,"64,199.13"
ID13772,21-Jan-2026,Transfer,0.00,"1,154.82","89,422.75"
ID13772,27-Jan-2026,ATM Withdrawal,0.00,768.54,"53,261.97"
ID13772,01-Mar-2026,ATM Withdrawal,0.00,634.60,"28,835.41"
ID13773,13-Feb-2026,ATM Withdrawal,0.00,117.70,"6,932.64"
ID13773,12-Feb-2026,Reversal,0.00,"1,441.50","40,565.71"
ID13773,17-Jan-2026,Debit Card,0.00,672.26,"65,074.25"
ID13773,17-Jan-2026,ATM Withdrawal,0.00,120.40,"72,666.93"
ID13773,11-Jan-2026,Transfer,0.00,"1,497.04","67,772.28"
ID13773,30-Jan-2026,Transfer,301.50,0.00,"90,866.60"
ID13773,18-Feb-2026,Payment,"1,052.21",0.00,"98,884.09"
ID13773,08-Feb-2026,Reversal,495.05,0.00,"41,047.46"
ID13773,27-Jan-2026,Payment,961.69,0.00,"96,883.18"
ID13773,28-Jan-2026,Interest,485.90,0.00,"97,078.37"
ID13773,30-Mar-2026,Debit Card,0.00,342.46,"73,637.41"
ID13773,29-Jan-2026,Debit Card,0.00,675.32,"8,643.73"
ID13773,27-Jan-2026,Interest,400.15,0.00,"91,525.50"
ID13773,31-Jan-2026,Debit Card,0.00,244.69,"76,033.58"
ID13773,09-Jan-2026,ATM Withdrawal,0.00,61.40,"65,739.50"
ID13773,15-Jan-2026,Payment,"1,692.53",0.00,"86,456.32"
ID13773,19-Feb-2026,Debit Card,0.00,900.04,"53,611.79"
ID13773,03-Mar-2026,Direct Deposit,"3,840.04",0.00,"81,845.94"
ID13773,23-Feb-2026,Debit Card,0.00,615.17,"30,072.80"
ID13773,12-Feb-2026,Charge,0.00,715.39,"69,386.01"
ID13774,26-Feb-2026,Debit Card,0.00,569.52,"62,946.31"
ID13774,24-Feb-2026,Payment,0.00,285.08,"50,218.94"
ID13774,09-Mar-2026,Interest,209.37,0.00,"39,570.38"
ID13774,06-Feb-2026,Transfer,"1,012.92",0.00,"6,591.85"
ID13774,21-Feb-2026,Debit Card,0.00,613.57,"47,881.98"
ID13774,29-Jan-2026,Transfer,0.00,118.43,"3,340.99"
ID13774,27-Mar-2026,ATM Withdrawal,0.00,676.68,"58,522.19"
ID13774,06-Jan-2026,Payment,0.00,327.68,"84,379.53"
ID13774,04-Jan-2026,Debit Card,0.00,936.01,"66,050.44"
ID13774,01-Apr-2026,Charge,0.00,870.67,"78,612.75"
ID13774,23-Mar-2026,Interest,189.31,0.00,"81,504.19"
ID13774,04-Feb-2026,Interest,227.68,0.00,"42,422.94"
ID13774,28-Feb-2026,ATM Withdrawal,0.00,619.60,"14,873.74"
ID13774,10-Jan-2026,Reversal,0.00,925.91,"16,994.49"
ID13774,01-Feb-2026,Direct Deposit,"3,520.84",0.00,"27,151.81"
ID13774,20-Mar-2026,Reversal,623.80,0.00,"41,314.13"
ID13774,26-Feb-2026,Reversal,"1,267.15",0.00,"79,289.94"
ID13774,23-Feb-2026,Interest,456.82,0.00,"72,787.79"
ID13774,22-Mar-2026,Transfer,0.00,774.86,"35,314.99"
ID13774,01-Apr-2026,Interest,459.47,0.00,"55,706.98"
ID13775,06-Feb-2026,Debit Card,0.00,420.13,"43,718.97"
ID13775,29-Mar-2026,Transfer,0.00,"1,270.84","29,773.72"
ID13775,09-Jan-2026,Charge,0.00,989.59,"12,518.90"
ID13775,17-Feb-2026,ATM Withdrawal,0.00,147.31,"63,530.49"
ID13775,22-Jan-2026,Interest,354.53,0.00,"92,030.96"
ID13775,08-Feb-2026,Direct Deposit,"2,762.26",0.00,"16,073.08"
ID13775,02-Apr-2026,Transfer,0.00,481.99,"78,944.64"
ID13775,09-Mar-2026,Payment,"1,207.62",0.00,"18,509.04"
ID13775,06-Jan-2026,Reversal,0.00,"1,350.83","39,536.86"
ID13775,31-Jan-2026,Transfer,0.00,"1,464.99","51,603.24"
ID13775,20-Mar-2026,Direct Deposit,"3,894.79",0.00,"84,582.65"
ID13775,25-Mar-2026,Transfer,0.00,144.40,"95,289.03"
ID13775,03-Feb-2026,ATM Withdrawal,0.00,210.52,"14,757.26"
ID13775,30-Jan-2026,ATM Withdrawal,0.00,398.10,"99,839.88"
ID13775,12-Mar-2026,Payment,0.00,"1,409.45","23,027.10"
ID13775,15-Mar-2026,Direct Deposit,"1,388.09",0.00,"1,657.30"
ID13775,31-Jan-2026,Debit Card,0.00,378.78,"67,562.92"
ID13775,08-Mar-2026,Reversal,0.00,946.68,"29,868.50"
ID13775,21-Mar-2026,Charge,0.00,789.64,"6,520.65"
ID13775,07-Mar-2026,Interest,307.05,0.00,"62,861.35"
ID13776,17-Jan-2026,Interest,179.05,0.00,"4,783.11"
ID13776,12-Feb-2026,Debit Card,0.00,913.18,"38,318.74"
ID13776,26-Jan-2026,Direct Deposit,"1,271.24",0.00,"47,209.56"
ID13776,16-Feb-2026,Debit Card,0.00,69.10,"82,495.60"
ID13776,18-Feb-2026,Payment,0.00,"1,418.46","93,380.04"
ID13776,25-Mar-2026,Payment,"1,706.16",0.00,"54,517.02"
ID13776,31-Jan-2026,Debit Card,0.00,99.60,"36,611.26"
ID13776,18-Mar-2026,Debit Card,0.00,163.10,"38,137.37"
ID13776,28-Feb-2026,Charge,0.00,562.21,"18,271.08"
ID13776,28-Jan-2026,Transfer,195.52,0.00,"6,610.14"
ID13776,19-Feb-2026,Debit Card,0.00,492.65,"33,346.30"
ID13776,21-Mar-2026,Charge,0.00,557.33,"15,522.39"
ID13776,05-Mar-2026,Transfer,437.27,0.00,"91,279.69"
ID13776,24-Feb-2026,Direct Deposit,"2,393.79",0.00,"53,680.25"
ID13776,19-Mar-2026,Reversal,744.14,0.00,"62,299.63"
ID13776,16-Mar-2026,Direct Deposit,"3,528.85",0.00,"85,156.42"
ID13776,17-Jan-2026,Transfer,0.00,486.47,"25,812.64"
ID13776,21-Feb-2026,Interest,425.45,0.00,"93,497.16"
ID13776,09-Mar-2026,Charge,0.00,877.92,"50,321.59"
ID13776,21-Mar-2026,ATM Withdrawal,0.00,676.97,"88,246.29"
ID13777,07-Jan-2026,Payment,"1,383.57",0.00,"34,527.57"
ID13777,13-Mar-2026,ATM Withdrawal,0.00,856.55,"62,614.09"
ID13777,07-Feb-2026,Debit Card,0.00,763.88,"41,585.84"
ID13777,08-Jan-2026,Direct Deposit,"4,458.42",0.00,"5,466.74"
ID13777,16-Jan-2026,ATM Withdrawal,0.00,509.79,"15,679.06"
ID13777,21-Mar-2026,Reversal,952.75,0.00,"61,933.18"
ID13777,03-Mar-2026,Reversal,0.00,"1,384.26","58,170.60"
ID13777,16-Jan-2026,Payment,0.00,668.04,"67,160.79"
ID13777,23-Mar-2026,Transfer,0.00,574.27,"74,127.47"
ID13777,23-Feb-2026,Charge,0.00,919.42,"47,534.33"
ID13777,19-Mar-2026,Reversal,"1,294.22",0.00,"35,191.87"
ID13777,16-Mar-2026,Transfer,0.00,75.72,"43,430.33"
ID13777,25-Jan-2026,ATM Withdrawal,0.00,728.60,"76,436.76"
ID13777,06-Jan-2026,Transfer,0.00,538.01,"74,475.84"
ID13777,16-Mar-2026,Charge,0.00,950.07,"94,718.97"
ID13777,25-Feb-2026,Direct Deposit,"1,339.52",0.00,"33,858.94"
ID13777,07-Mar-2026,Reversal,0.00,72.26,"61,269.43"
ID13777,04-Feb-2026,Charge,0.00,208.43,"92,414.82"
ID13777,22-Mar-2026,Transfer,0.00,549.57,"22,754.84"
ID13777,06-Feb-2026,Transfer,"1,971.79",0.00,"40,425.52"
ID13778,25-Feb-2026,Direct Deposit,"1,297.88",0.00,"53,332.02"
ID13778,10-Jan-2026,Payment,"1,129.89",0.00,"29,824.62"
ID13778,31-Mar-2026,Payment,"1,155.71",0.00,"93,134.13"
ID13778,02-Apr-2026,Direct Deposit,614.34,0.00,"8,130.45"
ID13778,10-Feb-2026,Charge,0.00,735.06,"30,173.29"
ID13778,15-Jan-2026,Charge,0.00,440.43,"43,073.12"
ID13778,27-Feb-2026,ATM Withdrawal,0.00,125.65,"29,427.88"
ID13778,12-Feb-2026,Direct Deposit,978.82,0.00,"9,523.73"
ID13778,06-Feb-2026,Debit Card,0.00,218.22,"13,155.52"
ID13778,25-Mar-2026,Reversal,0.00,"1,474.99","98,502.59"
ID13778,17-Jan-2026,ATM Withdrawal,0.00,723.99,"13,227.47"
ID13778,23-Mar-2026,Reversal,0.00,724.39,"39,711.13"
ID13778,18-Mar-2026,Payment,"1,266.59",0.00,"87,138.05"
ID13778,30-Jan-2026,ATM Withdrawal,0.00,153.05,"88,850.71"
ID13778,24-Feb-2026,Debit Card,0.00,951.10,"97,215.95"
ID13778,12-Jan-2026,Transfer,681.54,0.00,"68,204.51"
ID13778,07-Jan-2026,ATM Withdrawal,0.00,649.25,"99,940.31"
ID13778,10-Feb-2026,Transfer,379.67,0.00,"91,015.18"
ID13778,05-Feb-2026,Charge,0.00,896.79,"6,436.33"
ID13778,02-Apr-2026,Payment,"1,672.45",0.00,"80,884.80"
ID13779,08-Mar-2026,Reversal,"1,541.28",0.00,"86,791.42"
ID13779,04-Mar-2026,Debit Card,0.00,106.03,"80,467.01"
ID13779,07-Mar-2026,Charge,0.00,413.22,"54,923.92"
ID13779,28-Feb-2026,Reversal,0.00,328.83,"85,183.52"
ID13779,29-Mar-2026,Payment,"1,953.60",0.00,"18,439.74"
ID13779,08-Jan-2026,Debit Card,0.00,263.15,"17,135.74"
ID13779,26-Feb-2026,Payment,0.00,283.18,"19,136.32"
ID13779,26-Jan-2026,Transfer,0.00,997.19,"35,086.29"
ID13779,16-Jan-2026,ATM Withdrawal,0.00,63.40,"46,209.72"
ID13779,16-Jan-2026,Payment,524.61,0.00,"3,264.05"
ID13779,24-Mar-2026,ATM Withdrawal,0.00,427.07,"11,648.10"
ID13779,26-Mar-2026,Payment,917.60,0.00,"14,538.25"
ID13779,30-Jan-2026,Direct Deposit,"1,152.25",0.00,"10,701.02"
ID13779,22-Jan-2026,ATM Withdrawal,0.00,95.87,"96,885.63"
ID13779,09-Mar-2026,Interest,343.35,0.00,"94,692.72"
ID13779,18-Jan-2026,Payment,"1,416.76",0.00,"15,643.91"
ID13779,08-Feb-2026,Transfer,0.00,239.00,"53,892.33"
ID13779,07-Mar-2026,Payment,0.00,858.59,"90,123.29"
ID13779,29-Jan-2026,Reversal,0.00,977.46,"61,341.20"
ID13779,21-Jan-2026,Charge,0.00,254.57,"79,028.49"
ID13780,07-Mar-2026,Reversal,646.65,0.00,"40,031.44"
ID13780,03-Apr-2026,Debit Card,0.00,190.46,"45,525.45"
ID13780,17-Feb-2026,Interest,440.01,0.00,"14,884.91"
ID13780,04-Feb-2026,Interest,20.47,0.00,"42,118.51"
ID13780,19-Mar-2026,ATM Withdrawal,0.00,831.45,"1,661.13"
ID13780,20-Feb-2026,Interest,476.92,0.00,"50,090.28"
ID13780,25-Mar-2026,Debit Card,0.00,522.11,"96,741.11"
ID13780,22-Jan-2026,Reversal,0.00,747.15,"21,278.89"
ID13780,21-Jan-2026,Payment,"1,921.64",0.00,"89,477.16"
ID13780,06-Feb-2026,Charge,0.00,477.39,"97,389.28"
ID13780,05-Jan-2026,ATM Withdrawal,0.00,857.21,"82,779.51"
ID13780,20-Mar-2026,Charge,0.00,862.76,"5,494.17"
ID13780,17-Feb-2026,Debit Card,0.00,92.03,"75,052.09"
ID13780,16-Mar-2026,Transfer,0.00,"1,078.32","4,973.95"
ID13780,27-Mar-2026,Charge,0.00,701.56,"20,636.92"
ID13780,09-Jan-2026,ATM Withdrawal,0.00,650.87,"84,388.99"
ID13780,04-Jan-2026,Reversal,490.92,0.00,"30,803.21"
ID13780,28-Jan-2026,Debit Card,0.00,122.58,"38,069.71"
ID13780,20-Feb-2026,Charge,0.00,721.94,"24,926.14"
ID13780,27-Feb-2026,ATM Withdrawal,0.00,109.70,"44,282.47"
ID13781,10-Feb-2026,Reversal,298.61,0.00,"2,880.62"
ID13781,17-Mar-2026,Payment,0.00,"1,449.47","15,673.05"
ID13781,24-Mar-2026,Reversal,259.89,0.00,"12,525.40"
ID13781,12-Feb-2026,Transfer,"1,379.83",0.00,"11,833.70"
ID13781,10-Feb-2026,Debit Card,0.00,560.53,"34,561.34"
ID13781,07-Feb-2026,Charge,0.00,486.51,"71,281.62"
ID13781,12-Feb-2026,Debit Card,0.00,937.69,"86,821.41"
ID13781,23-Feb-2026,Debit Card,0.00,381.35,"73,804.57"
ID13781,09-Mar-2026,Interest,185.21,0.00,"59,769.85"
ID13781,23-Feb-2026,Interest,125.31,0.00,"59,667.72"
ID13781,02-Feb-2026,Interest,128.25,0.00,"86,586.02"
ID13781,11-Mar-2026,Transfer,0.00,115.53,"60,918.32"
ID13781,02-Mar-2026,Transfer,970.40,0.00,"58,669.38"
ID13781,14-Feb-2026,Reversal,0.00,918.33,"75,964.97"
ID13781,16-Mar-2026,Interest,66.32,0.00,"97,495.40"
ID13781,18-Mar-2026,Direct Deposit,"1,496.99",0.00,"7,218.24"
ID13781,28-Feb-2026,Reversal,737.36,0.00,"18,797.09"
ID13781,31-Mar-2026,Interest,418.23,0.00,"97,311.12"
ID13781,31-Jan-2026,Debit Card,0.00,754.41,"24,187.30"
ID13781,21-Feb-2026,Debit Card,0.00,77.73,"97,940.68"
ID13782,23-Jan-2026,Direct Deposit,"3,285.36",0.00,"53,772.59"
ID13782,07-Feb-2026,Debit Card,0.00,29.48,"8,897.23"
ID13782,10-Mar-2026,Reversal,0.00,377.13,"29,896.10"
ID13782,17-Mar-2026,Transfer,0.00,824.70,"74,998.27"
ID13782,30-Jan-2026,Charge,0.00,688.06,"82,019.16"
ID13782,06-Feb-2026,Reversal,0.00,"1,250.35","87,128.64"
ID13782,15-Jan-2026,Payment,0.00,"1,153.19","45,839.87"
ID13782,14-Feb-2026,Payment,454.40,0.00,"9,293.78"
ID13782,06-Feb-2026,Charge,0.00,635.28,"26,417.03"
ID13782,06-Feb-2026,Interest,276.09,0.00,"28,367.73"
ID13782,15-Mar-2026,Interest,13.76,0.00,"49,099.20"
ID13782,03-Apr-2026,Payment,704.87,0.00,"48,832.11"
ID13782,11-Jan-2026,Reversal,0.00,62.23,"48,044.83"
ID13782,26-Feb-2026,Reversal,0.00,900.90,"53,275.97"
ID13782,29-Mar-2026,Direct Deposit,"1,161.61",0.00,"49,806.63"
ID13782,11-Mar-2026,Transfer,"1,036.66",0.00,"77,721.30"
ID13782,28-Mar-2026,Charge,0.00,435.67,"32,337.35"
ID13782,13-Feb-2026,Direct Deposit,"3,560.17",0.00,"62,005.14"
ID13782,13-Mar-2026,Debit Card,0.00,316.22,"90,093.52"
ID13782,18-Jan-2026,ATM Withdrawal,0.00,178.31,"9,961.44"
ID13783,29-Jan-2026,Reversal,"1,024.26",0.00,"69,271.85"
ID13783,23-Jan-2026,Interest,257.29,0.00,"43,648.13"
ID13783,04-Mar-2026,Payment,537.84,0.00,"37,546.88"
ID13783,07-Feb-2026,Interest,121.93,0.00,"56,548.66"
ID13783,02-Apr-2026,Charge,0.00,790.81,"83,208.16"
ID13783,01-Mar-2026,Debit Card,0.00,902.39,"8,227.30"
ID13783,05-Mar-2026,Direct Deposit,"1,870.15",0.00,"15,540.49"
ID13783,08-Jan-2026,Debit Card,0.00,701.52,"73,326.84"
ID13783,10-Feb-2026,Interest,422.65,0.00,"69,656.29"
ID13783,17-Jan-2026,Charge,0.00,486.83,"51,641.52"
ID13783,20-Mar-2026,ATM Withdrawal,0.00,858.13,"12,723.80"
ID13783,22-Mar-2026,Transfer,"1,190.71",0.00,"55,567.89"
ID13783,23-Jan-2026,Interest,36.35,0.00,"54,732.71"
ID13783,31-Jan-2026,ATM Withdrawal,0.00,477.61,"21,054.73"
ID13783,22-Mar-2026,Payment,0.00,394.34,"23,870.72"
ID13783,11-Feb-2026,Transfer,0.00,282.48,"60,931.57"
ID13783,13-Mar-2026,Charge,0.00,649.30,"96,857.35"
ID13783,09-Feb-2026,Direct Deposit,"1,425.24",0.00,"89,730.11"
ID13783,07-Jan-2026,Payment,757.85,0.00,"86,069.69"
ID13783,23-Jan-2026,ATM Withdrawal,0.00,673.60,"2,507.06"
ID13784,24-Jan-2026,Interest,120.26,0.00,"72,558.32"
ID13784,15-Jan-2026,Payment,0.00,442.91,"24,577.41"
ID13784,07-Mar-2026,Reversal,"1,060.49",0.00,"34,173.48"
ID13784,08-Mar-2026,Direct Deposit,"3,350.49",0.00,"63,844.12"
ID13784,15-Mar-2026,Debit Card,0.00,156.29,"77,919.18"
ID13784,06-Jan-2026,Charge,0.00,998.68,"79,197.08"
ID13784,04-Feb-2026,Reversal,0.00,"1,150.12","17,439.44"
ID13784,17-Mar-2026,Debit Card,0.00,607.46,"27,392.34"
ID13784,30-Jan-2026,Reversal,0.00,729.73,"91,700.84"
ID13784,31-Mar-2026,ATM Withdrawal,0.00,61.70,"86,557.07"
ID13784,29-Jan-2026,ATM Withdrawal,0.00,131.79,"11,427.07"
ID13784,05-Mar-2026,Direct Deposit,"4,681.87",0.00,"18,168.29"
ID13784,10-Feb-2026,Reversal,0.00,914.79,"58,657.36"
ID13784,05-Mar-2026,Payment,0.00,596.33,"91,994.31"
ID13784,01-Mar-2026,Direct Deposit,"1,961.58",0.00,"88,249.63"
ID13784,20-Feb-2026,Direct Deposit,"2,789.99",0.00,"90,730.77"
ID13784,18-Mar-2026,Transfer,547.10,0.00,"16,229.61"
ID13784,13-Jan-2026,ATM Withdrawal,0.00,172.93,"96,899.10"
ID13784,03-Apr-2026,Interest,356.17,0.00,"50,879.62"
ID13784,07-Jan-2026,Payment,335.35,0.00,"79,173.51"
ID13785,02-Apr-2026,Reversal,0.00,426.03,"44,976.56"
ID13785,07-Jan-2026,Transfer,152.03,0.00,"11,050.18"
ID13785,16-Mar-2026,Payment,340.04,0.00,"8,804.36"
ID13785,13-Feb-2026,ATM Withdrawal,0.00,414.70,"88,865.09"
ID13785,18-Mar-2026,Charge,0.00,648.68,"92,638.75"
ID13785,29-Mar-2026,Charge,0.00,463.46,"36,420.61"
ID13785,12-Jan-2026,Transfer,383.25,0.00,"71,267.12"
ID13785,25-Mar-2026,Transfer,522.76,0.00,"14,649.62"
ID13785,31-Mar-2026,Payment,0.00,355.78,"25,855.32"
ID13785,20-Feb-2026,Direct Deposit,"4,677.63",0.00,"68,023.98"
ID13785,22-Feb-2026,Transfer,"1,006.46",0.00,"43,625.31"
ID13785,17-Jan-2026,Interest,250.08,0.00,"93,729.10"
ID13785,10-Mar-2026,Direct Deposit,"3,381.47",0.00,"6,349.80"
ID13785,10-Feb-2026,Transfer,436.00,0.00,"9,037.56"
ID13785,15-Feb-2026,Direct Deposit,"3,978.09",0.00,"62,937.35"
ID13785,22-Jan-2026,Interest,238.32,0.00,"75,856.27"
ID13785,31-Mar-2026,Transfer,"1,491.54",0.00,"8,532.87"
ID13785,17-Mar-2026,ATM Withdrawal,0.00,982.91,"57,371.97"
ID13785,29-Jan-2026,Reversal,0.00,862.26,"8,972.61"
ID13785,19-Mar-2026,Direct Deposit,874.36,0.00,"11,951.88"
ID13786,11-Mar-2026,Debit Card,0.00,484.52,"54,336.22"
ID13786,02-Apr-2026,Interest,286.67,0.00,"19,577.99"
ID13786,18-Jan-2026,Interest,55.21,0.00,"8,760.52"
ID13786,28-Mar-2026,Debit Card,0.00,613.37,"44,064.59"
ID13786,15-Jan-2026,Debit Card,0.00,981.40,"50,301.18"
ID13786,04-Jan-2026,Interest,149.23,0.00,"9,833.67"
ID13786,17-Feb-2026,Reversal,"1,597.25",0.00,"44,735.11"
ID13786,03-Feb-2026,Direct Deposit,"3,944.66",0.00,"17,841.52"
ID13786,09-Mar-2026,Charge,0.00,202.16,"64,557.56"
ID13786,23-Feb-2026,Interest,348.74,0.00,"43,770.35"
ID13786,29-Mar-2026,Transfer,0.00,710.45,"98,046.47"
ID13786,17-Jan-2026,Transfer,0.00,"1,376.06","80,839.79"
ID13786,20-Feb-2026,Debit Card,0.00,510.39,"61,758.16"
ID13786,08-Feb-2026,Interest,200.24,0.00,"89,263.38"
ID13786,06-Feb-2026,ATM Withdrawal,0.00,295.67,"79,276.80"
ID13786,01-Feb-2026,Charge,0.00,471.68,"17,471.73"
ID13786,06-Feb-2026,Transfer,0.00,"1,158.98","90,939.07"
ID13786,02-Apr-2026,Reversal,771.57,0.00,"82,751.13"
ID13786,05-Feb-2026,Direct Deposit,"3,973.94",0.00,"76,331.83"
ID13786,04-Feb-2026,Charge,0.00,617.19,"22,795.90"
ID13787,03-Mar-2026,Reversal,0.00,920.03,"66,792.09"
ID13787,11-Jan-2026,Payment,372.84,0.00,"72,042.43"
ID13787,11-Mar-2026,Debit Card,0.00,295.78,"30,560.52"
ID13787,21-Jan-2026,Payment,0.00,705.03,"4,354.50"
ID13787,11-Mar-2026,ATM Withdrawal,0.00,374.94,"56,474.00"
ID13787,15-Mar-2026,ATM Withdrawal,0.00,646.14,"93,555.71"
ID13787,15-Mar-2026,Debit Card,0.00,148.95,"6,229.71"
ID13787,23-Jan-2026,Transfer,628.78,0.00,"94,660.97"
ID13787,06-Jan-2026,Charge,0.00,464.62,"11,443.47"
ID13787,14-Mar-2026,Debit Card,0.00,56.52,"87,097.74"
ID13787,14-Feb-2026,ATM Withdrawal,0.00,171.76,"31,057.72"
ID13787,16-Mar-2026,Reversal,0.00,196.85,"48,202.81"
ID13787,07-Feb-2026,Direct Deposit,"1,787.49",0.00,"91,646.18"
ID13787,10-Mar-2026,Interest,462.54,0.00,"65,761.07"
ID13787,17-Mar-2026,Charge,0.00,482.54,"87,771.64"
ID13787,16-Jan-2026,Interest,495.66,0.00,"88,500.78"
ID13787,04-Mar-2026,Reversal,0.00,96.99,"93,566.02"
ID13787,18-Mar-2026,Reversal,466.44,0.00,"6,014.33"
ID13787,26-Jan-2026,Charge,0.00,941.80,"18,862.97"
ID13787,07-Feb-2026,Debit Card,0.00,581.74,"52,040.37"
ID13788,01-Apr-2026,Charge,0.00,528.39,"59,754.38"
ID13788,24-Mar-2026,Direct Deposit,"1,930.03",0.00,"44,725.63"
ID13788,20-Feb-2026,Debit Card,0.00,110.57,"85,879.35"
ID13788,07-Jan-2026,Debit Card,0.00,773.18,"14,568.88"
ID13788,20-Mar-2026,Debit Card,0.00,312.03,"95,176.47"
ID13788,02-Apr-2026,Interest,113.73,0.00,"12,315.89"
ID13788,19-Jan-2026,Transfer,0.00,599.03,"36,361.80"
ID13788,11-Feb-2026,Charge,0.00,875.33,"89,912.70"
ID13788,18-Jan-2026,Reversal,0.00,"1,402.18","92,451.37"
ID13788,10-Feb-2026,ATM Withdrawal,0.00,50.59,"20,369.48"
ID13788,03-Apr-2026,Debit Card,0.00,169.82,"94,968.65"
ID13788,11-Mar-2026,Payment,0.00,374.85,"20,051.82"
ID13788,19-Feb-2026,Debit Card,0.00,844.25,"29,553.42"
ID13788,30-Jan-2026,ATM Withdrawal,0.00,300.21,"19,885.32"
ID13788,04-Mar-2026,Transfer,"1,075.23",0.00,"66,251.84"
ID13788,22-Feb-2026,ATM Withdrawal,0.00,868.05,"63,969.54"
ID13788,17-Mar-2026,Transfer,0.00,651.17,"47,512.26"
ID13788,24-Feb-2026,Charge,0.00,172.85,"66,432.39"
ID13788,13-Feb-2026,ATM Withdrawal,0.00,877.85,"98,608.84"
ID13788,22-Mar-2026,Direct Deposit,"3,887.43",0.00,"63,229.09"
ID13789,15-Jan-2026,ATM Withdrawal,0.00,445.92,"90,082.14"
ID13789,23-Mar-2026,Interest,39.75,0.00,"34,576.51"
ID13789,03-Feb-2026,Debit Card,0.00,592.58,"65,336.11"
ID13789,04-Jan-2026,ATM Withdrawal,0.00,997.00,"93,354.58"
ID13789,21-Jan-2026,Direct Deposit,"3,393.53",0.00,"35,714.25"
ID13789,15-Jan-2026,Reversal,0.00,"1,094.53","84,856.44"
ID13789,27-Feb-2026,Payment,798.32,0.00,"40,427.36"
ID13789,15-Jan-2026,ATM Withdrawal,0.00,56.62,"76,455.05"
ID13789,02-Mar-2026,Direct Deposit,"1,878.90",0.00,"81,504.20"
ID13789,17-Jan-2026,Charge,0.00,607.58,"51,295.76"
ID13789,15-Jan-2026,Debit Card,0.00,205.73,"34,357.20"
ID13789,29-Jan-2026,Debit Card,0.00,726.61,"79,973.36"
ID13789,23-Jan-2026,Reversal,0.00,131.49,"38,721.05"
ID13789,07-Jan-2026,Direct Deposit,"3,251.29",0.00,"51,073.12"
ID13789,30-Jan-2026,Charge,0.00,197.51,"72,086.68"
ID13789,13-Feb-2026,Direct Deposit,"2,728.73",0.00,"33,949.00"
ID13789,30-Mar-2026,Interest,91.68,0.00,"71,561.23"
ID13789,03-Apr-2026,Payment,440.61,0.00,"80,019.87"
ID13789,04-Mar-2026,Direct Deposit,857.03,0.00,"19,933.75"
ID13789,06-Feb-2026,Charge,0.00,827.26,"9,586.77"
ID13790,07-Mar-2026,Direct Deposit,"1,778.33",0.00,"49,904.43"
ID13790,06-Jan-2026,Reversal,0.00,65.23,"46,161.96"
ID13790,10-Mar-2026,Charge,0.00,968.50,"39,541.12"
ID13790,26-Jan-2026,Direct Deposit,"3,173.30",0.00,"57,094.53"
ID13790,03-Feb-2026,Interest,200.91,0.00,"96,707.37"
ID13790,20-Feb-2026,Charge,0.00,991.28,"42,212.66"
ID13790,29-Mar-2026,ATM Withdrawal,0.00,633.35,"66,383.75"
ID13790,30-Mar-2026,ATM Withdrawal,0.00,924.67,"70,422.99"
ID13790,14-Mar-2026,Payment,"1,875.55",0.00,"86,064.42"
ID13790,28-Mar-2026,Transfer,"1,720.29",0.00,"1,736.93"
ID13790,22-Mar-2026,Direct Deposit,"3,534.56",0.00,"62,046.38"
ID13790,18-Jan-2026,Reversal,"1,259.10",0.00,"73,795.62"
ID13790,12-Feb-2026,Payment,0.00,646.57,"37,261.84"
ID13790,06-Feb-2026,Direct Deposit,"1,826.14",0.00,"43,208.27"
ID13790,21-Mar-2026,Direct Deposit,969.93,0.00,"76,556.13"
ID13790,26-Feb-2026,Direct Deposit,"4,219.30",0.00,"85,209.76"
ID13790,17-Jan-2026,Direct Deposit,"4,042.18",0.00,"77,699.51"
ID13790,23-Mar-2026,Charge,0.00,374.35,"76,121.06"
ID13790,26-Mar-2026,Charge,0.00,366.03,"88,497.29"
ID13790,06-Mar-2026,ATM Withdrawal,0.00,211.16,"57,124.99"
ID13791,28-Mar-2026,Debit Card,0.00,136.89,"22,585.65"
ID13791,11-Feb-2026,Payment,0.00,277.44,"58,897.23"
ID13791,05-Jan-2026,Interest,435.37,0.00,"4,505.50"
ID13791,01-Mar-2026,Reversal,"1,339.78",0.00,"89,734.40"
ID13791,05-Feb-2026,Direct Deposit,"2,189.48",0.00,"10,625.95"
ID13791,07-Mar-2026,ATM Withdrawal,0.00,488.66,"24,806.45"
ID13791,18-Jan-2026,Charge,0.00,450.30,"86,830.72"
ID13791,19-Mar-2026,Direct Deposit,"4,297.16",0.00,"93,588.64"
ID13791,14-Jan-2026,Interest,220.84,0.00,"65,214.81"
ID13791,22-Jan-2026,Transfer,606.55,0.00,"97,046.13"
ID13791,17-Jan-2026,Transfer,0.00,515.54,"20,866.59"
ID13791,03-Jan-2026,Debit Card,0.00,356.35,"73,178.26"
ID13791,06-Mar-2026,ATM Withdrawal,0.00,677.65,"20,847.76"
ID13791,10-Jan-2026,Charge,0.00,918.78,"90,461.19"
ID13791,04-Feb-2026,Interest,352.42,0.00,"98,081.26"
ID13791,12-Mar-2026,Payment,0.00,100.78,"75,584.55"
ID13791,30-Jan-2026,Charge,0.00,883.36,"83,879.24"
ID13791,04-Feb-2026,Reversal,0.00,"1,274.23","37,242.63"
ID13791,25-Mar-2026,ATM Withdrawal,0.00,272.88,"55,325.73"
ID13791,03-Feb-2026,Interest,150.32,0.00,"39,346.66"
ID13792,19-Jan-2026,Interest,227.07,0.00,"88,141.47"
ID13792,05-Feb-2026,Payment,0.00,505.43,"79,391.79"
ID13792,09-Jan-2026,Direct Deposit,"1,882.13",0.00,"26,229.79"
ID13792,20-Mar-2026,Interest,301.15,0.00,"44,036.33"
ID13792,18-Mar-2026,Transfer,490.95,0.00,"14,879.39"
ID13792,28-Mar-2026,ATM Withdrawal,0.00,558.78,"7,226.76"
ID13792,29-Mar-2026,Direct Deposit,"4,075.33",0.00,"89,423.36"
ID13792,02-Mar-2026,Charge,0.00,96.06,"3,899.74"
ID13792,08-Feb-2026,Direct Deposit,"2,261.67",0.00,"82,196.75"
ID13792,03-Feb-2026,Payment,0.00,654.39,"23,157.30"
ID13792,12-Mar-2026,Debit Card,0.00,79.54,"33,030.87"
ID13792,24-Jan-2026,Direct Deposit,"1,802.86",0.00,"27,458.71"
ID13792,05-Jan-2026,Transfer,"1,389.42",0.00,"34,457.66"
ID13792,15-Feb-2026,Interest,192.46,0.00,"94,152.29"
ID13792,16-Feb-2026,Charge,0.00,772.26,"17,304.11"
ID13792,17-Jan-2026,Reversal,0.00,"1,321.61","83,431.63"
ID13792,06-Mar-2026,Charge,0.00,999.66,"93,796.98"
ID13792,02-Mar-2026,Transfer,0.00,"1,272.40","25,958.45"
ID13792,22-Feb-2026,ATM Withdrawal,0.00,235.18,"20,583.36"
ID13792,14-Feb-2026,Payment,833.85,0.00,"13,276.43"
ID13793,23-Jan-2026,Reversal,0.00,961.89,"19,390.66"
ID13793,23-Jan-2026,Transfer,0.00,691.31,"33,806.07"
ID13793,20-Mar-2026,Payment,0.00,314.20,"83,624.47"
ID13793,14-Feb-2026,Transfer,928.82,0.00,"20,095.65"
ID13793,31-Jan-2026,Charge,0.00,980.97,"20,421.65"
ID13793,27-Mar-2026,Direct Deposit,"1,296.40",0.00,"25,715.63"
ID13793,25-Feb-2026,Transfer,"1,779.92",0.00,"47,260.95"
ID13793,28-Feb-2026,Direct Deposit,"3,957.26",0.00,"85,542.44"
ID13793,17-Mar-2026,Payment,0.00,"1,322.52","76,530.53"
ID13793,26-Jan-2026,Interest,195.70,0.00,"18,341.31"
ID13793,17-Jan-2026,Charge,0.00,766.86,"16,844.88"
ID13793,18-Jan-2026,Debit Card,0.00,95.33,"43,501.97"
ID13793,25-Feb-2026,Interest,101.62,0.00,"35,860.51"
ID13793,12-Jan-2026,ATM Withdrawal,0.00,226.65,"60,277.26"
ID13793,02-Apr-2026,Payment,"1,751.48",0.00,"23,024.30"
ID13793,27-Mar-2026,Payment,"1,962.03",0.00,"77,842.59"
ID13793,31-Jan-2026,Reversal,"1,481.86",0.00,"22,658.11"
ID13793,08-Feb-2026,Interest,209.56,0.00,"59,725.06"
ID13793,01-Apr-2026,ATM Withdrawal,0.00,345.04,"78,744.64"
ID13793,25-Jan-2026,Charge,0.00,642.58,"92,060.43"
ID13794,22-Feb-2026,Debit Card,0.00,877.30,"50,375.41"
ID13794,26-Mar-2026,Reversal,"1,786.32",0.00,"85,451.76"
ID13794,14-Jan-2026,Charge,0.00,409.57,"81,945.61"
ID13794,21-Mar-2026,Reversal,"1,171.73",0.00,"79,242.43"
ID13794,31-Mar-2026,Debit Card,0.00,68.14,"58,773.87"
ID13794,05-Mar-2026,Reversal,0.00,794.69,"37,598.58"
ID13794,12-Mar-2026,Payment,0.00,"1,323.91","38,721.40"
ID13794,08-Jan-2026,Debit Card,0.00,551.34,"42,897.25"
ID13794,05-Feb-2026,ATM Withdrawal,0.00,916.84,"39,624.45"
ID13794,30-Mar-2026,Reversal,0.00,"1,369.94","55,337.44"
ID13794,17-Jan-2026,Reversal,0.00,180.94,"43,338.93"
ID13794,18-Jan-2026,Transfer,0.00,141.29,"28,362.24"
ID13794,05-Jan-2026,Reversal,0.00,154.38,"53,422.53"
ID13794,22-Mar-2026,Reversal,418.03,0.00,"84,560.26"
ID13794,12-Feb-2026,Interest,38.38,0.00,"42,845.53"
ID13794,15-Mar-2026,Charge,0.00,513.08,"18,928.74"
ID13794,27-Feb-2026,Debit Card,0.00,598.92,"50,437.20"
ID13794,25-Feb-2026,Direct Deposit,"3,793.85",0.00,"78,800.58"
ID13794,10-Feb-2026,Transfer,"1,310.29",0.00,"8,227.37"
ID13794,03-Apr-2026,Direct Deposit,"2,006.66",0.00,"35,950.05"
ID13795,23-Jan-2026,ATM Withdrawal,0.00,481.19,"18,860.74"
ID13795,18-Jan-2026,ATM Withdrawal,0.00,280.15,"25,759.69"
ID13795,15-Feb-2026,ATM Withdrawal,0.00,805.01,"75,144.24"
ID13795,08-Jan-2026,Transfer,834.90,0.00,"78,401.18"
ID13795,22-Mar-2026,Interest,393.02,0.00,"43,336.77"
ID13795,08-Mar-2026,Payment,"1,801.77",0.00,"52,152.02"
ID13795,25-Feb-2026,Payment,0.00,778.19,"9,612.54"
ID13795,31-Jan-2026,Reversal,0.00,710.85,"51,300.27"
ID13795,23-Mar-2026,Charge,0.00,803.93,"80,195.57"
ID13795,17-Mar-2026,ATM Withdrawal,0.00,654.52,"43,254.85"
ID13795,24-Mar-2026,Reversal,0.00,610.29,"98,395.09"
ID13795,14-Mar-2026,Direct Deposit,"3,821.27",0.00,"56,779.77"
ID13795,26-Jan-2026,Reversal,198.45,0.00,"47,749.35"
ID13795,31-Jan-2026,Direct Deposit,"1,789.98",0.00,"17,590.86"
ID13795,27-Feb-2026,Charge,0.00,561.60,"11,492.22"
ID13795,28-Mar-2026,Debit Card,0.00,60.96,"95,282.40"
ID13795,07-Feb-2026,Payment,332.30,0.00,"80,440.48"
ID13795,30-Mar-2026,Reversal,310.05,0.00,"5,131.59"
ID13795,28-Feb-2026,Debit Card,0.00,233.83,"11,312.53"
ID13795,26-Mar-2026,Debit Card,0.00,78.89,"17,250.83"
ID13796,12-Feb-2026,ATM Withdrawal,0.00,799.13,"86,750.15"
ID13796,06-Mar-2026,ATM Withdrawal,0.00,218.47,"37,324.01"
ID13796,16-Feb-2026,Debit Card,0.00,305.73,"20,119.10"
ID13796,07-Mar-2026,Debit Card,0.00,574.67,"4,984.13"
ID13796,12-Feb-2026,Payment,0.00,280.10,"91,606.53"
ID13796,08-Feb-2026,Interest,177.28,0.00,"26,900.24"
ID13796,15-Jan-2026,Transfer,"1,698.42",0.00,"99,242.13"
ID13796,29-Mar-2026,Payment,740.25,0.00,"99,115.87"
ID13796,02-Feb-2026,Interest,175.34,0.00,"33,010.87"
ID13796,30-Jan-2026,Interest,267.57,0.00,"49,315.62"
ID13796,09-Jan-2026,ATM Withdrawal,0.00,155.18,"94,326.80"
ID13796,13-Mar-2026,Charge,0.00,471.49,"13,079.40"
ID13796,26-Jan-2026,Direct Deposit,"1,084.34",0.00,"1,900.63"
ID13796,19-Feb-2026,Transfer,786.65,0.00,"94,757.67"
ID13796,16-Mar-2026,Reversal,"1,659.47",0.00,"15,564.56"
ID13796,06-Jan-2026,Reversal,"1,793.90",0.00,"83,908.70"
ID13796,17-Feb-2026,Charge,0.00,854.44,"31,064.27"
ID13796,18-Mar-2026,Direct Deposit,"3,160.92",0.00,"30,286.51"
ID13796,02-Apr-2026,Interest,400.77,0.00,"2,552.85"
ID13796,14-Feb-2026,Payment,0.00,751.29,"32,756.19"
ID13797,18-Mar-2026,ATM Withdrawal,0.00,52.70,"47,704.97"
ID13797,07-Jan-2026,Transfer,0.00,395.30,"89,287.90"
ID13797,26-Feb-2026,Debit Card,0.00,710.84,"52,950.89"
ID13797,27-Jan-2026,Reversal,0.00,"1,398.12","62,645.78"
ID13797,24-Jan-2026,Interest,365.28,0.00,"70,378.59"
ID13797,11-Mar-2026,Direct Deposit,"3,898.92",0.00,"7,287.98"
ID13797,28-Mar-2026,Direct Deposit,"1,962.37",0.00,"15,204.52"
ID13797,06-Jan-2026,Direct Deposit,"4,065.56",0.00,"70,722.27"
ID13797,07-Feb-2026,Debit Card,0.00,813.27,"81,796.50"
ID13797,07-Mar-2026,Payment,"1,865.73",0.00,"50,503.55"
ID13797,30-Jan-2026,Interest,91.45,0.00,"13,701.30"
ID13797,14-Jan-2026,Reversal,0.00,"1,450.47","60,853.95"
ID13797,26-Mar-2026,ATM Withdrawal,0.00,573.06,"57,075.10"
ID13797,30-Jan-2026,Transfer,140.17,0.00,"85,079.06"
ID13797,28-Jan-2026,ATM Withdrawal,0.00,489.89,"32,708.94"
ID13797,06-Mar-2026,Direct Deposit,"1,678.86",0.00,"53,714.07"
ID13797,16-Jan-2026,Charge,0.00,117.43,"52,074.08"
ID13797,30-Mar-2026,Charge,0.00,948.25,"35,994.03"
ID13797,20-Mar-2026,Reversal,0.00,736.66,"13,175.40"
ID13797,17-Feb-2026,Transfer,0.00,172.37,"67,623.62"
ID13798,05-Mar-2026,Direct Deposit,"3,809.40",0.00,"48,758.46"
ID13798,06-Mar-2026,Interest,177.52,0.00,"85,906.70"
ID13798,23-Feb-2026,ATM Withdrawal,0.00,27.37,"55,880.57"
ID13798,25-Feb-2026,Payment,"1,630.40",0.00,"52,101.43"
ID13798,29-Jan-2026,Direct Deposit,"3,876.31",0.00,"82,113.72"
ID13798,12-Jan-2026,ATM Withdrawal,0.00,765.49,"89,163.57"
ID13798,28-Mar-2026,Charge,0.00,411.63,"56,441.55"
ID13798,18-Feb-2026,Debit Card,0.00,810.03,"53,160.05"
ID13798,04-Jan-2026,Transfer,"1,766.99",0.00,"85,998.15"
ID13798,30-Mar-2026,Transfer,362.78,0.00,"94,521.07"
ID13798,19-Jan-2026,Transfer,"1,675.57",0.00,"6,333.23"
ID13798,08-Mar-2026,Payment,"1,687.23",0.00,"81,393.38"
ID13798,09-Feb-2026,Charge,0.00,275.21,"32,063.06"
ID13798,03-Mar-2026,Interest,424.49,0.00,"57,811.51"
ID13798,01-Apr-2026,Interest,387.62,0.00,"33,365.35"
ID13798,13-Jan-2026,Transfer,713.22,0.00,"94,657.03"
ID13798,06-Mar-2026,Interest,382.45,0.00,"32,605.84"
ID13798,13-Jan-2026,Transfer,0.00,399.55,"79,930.86"
ID13798,25-Mar-2026,Reversal,927.00,0.00,"65,304.49"
ID13798,08-Feb-2026,ATM Withdrawal,0.00,580.59,"53,444.74"
ID13799,21-Jan-2026,Debit Card,0.00,281.72,"29,032.21"
ID13799,30-Mar-2026,Transfer,340.21,0.00,"63,785.73"
ID13799,27-Jan-2026,Reversal,0.00,"1,485.62","99,127.05"
ID13799,03-Jan-2026,Payment,801.53,0.00,"31,905.06"
ID13799,11-Feb-2026,Direct Deposit,"1,904.36",0.00,"11,840.73"
ID13799,17-Mar-2026,Reversal,0.00,"1,291.44","33,412.55"
ID13799,06-Feb-2026,Debit Card,0.00,449.32,"98,038.93"
ID13799,13-Mar-2026,Interest,219.82,0.00,"10,871.59"
ID13799,29-Jan-2026,ATM Withdrawal,0.00,176.65,"66,398.33"
ID13799,24-Mar-2026,Interest,384.32,0.00,"49,869.87"
ID13799,03-Mar-2026,Reversal,0.00,997.82,"67,719.78"
ID13799,10-Jan-2026,Interest,283.71,0.00,"30,390.17"
ID13799,19-Jan-2026,Charge,0.00,729.09,"53,411.36"
ID13799,29-Jan-2026,Interest,499.20,0.00,"17,053.18"
ID13799,05-Jan-2026,Reversal,0.00,"1,199.95","38,550.65"
ID13799,09-Mar-2026,ATM Withdrawal,0.00,672.65,"30,625.41"
ID13799,01-Feb-2026,Payment,"1,593.57",0.00,"27,982.33"
ID13799,16-Jan-2026,Payment,0.00,"1,071.99","89,280.77"
ID13799,06-Mar-2026,Charge,0.00,22.81,"15,396.81"
ID13799,23-Mar-2026,Reversal,418.42,0.00,"82,173.87"
ID13800,06-Mar-2026,Payment,0.00,"1,308.21","66,451.04"
ID13800,26-Mar-2026,Direct Deposit,"2,160.02",0.00,"74,529.34"
ID13800,24-Jan-2026,Interest,251.62,0.00,"99,876.47"
ID13800,20-Jan-2026,Direct Deposit,"2,873.53",0.00,"66,763.53"
ID13800,13-Jan-2026,Transfer,168.75,0.00,"6,140.00"
ID13800,30-Mar-2026,Transfer,0.00,726.42,"79,629.20"
ID13800,18-Mar-2026,Reversal,0.00,"1,334.28","89,978.45"
ID13800,14-Feb-2026,Transfer,0.00,588.23,"46,889.06"
ID13800,30-Jan-2026,Payment,"1,773.54",0.00,"81,301.46"
ID13800,06-Feb-2026,Transfer,"1,758.66",0.00,"68,538.46"
ID13800,23-Jan-2026,Payment,"1,571.65",0.00,"67,971.79"
ID13800,29-Jan-2026,Payment,"1,310.71",0.00,"92,507.22"
ID13800,05-Mar-2026,Charge,0.00,451.32,"56,836.84"
ID13800,22-Feb-2026,Charge,0.00,932.63,"2,460.29"
ID13800,06-Jan-2026,Interest,386.15,0.00,"49,621.35"
ID13800,17-Mar-2026,Charge,0.00,269.77,"98,706.26"
ID13800,30-Mar-2026,Charge,0.00,294.41,"59,042.53"
ID13800,23-Mar-2026,Interest,428.14,0.00,"90,332.60"
ID13800,15-Feb-2026,Payment,352.03,0.00,"24,719.49"
ID13800,18-Mar-2026,Transfer,"1,528.96",0.00,"88,324.40"
ID13801,03-Apr-2026,Debit Card,0.00,539.08,"46,248.15"
ID13801,09-Jan-2026,ATM Withdrawal,0.00,415.86,"70,724.69"
ID13801,16-Mar-2026,Debit Card,0.00,392.86,"51,574.23"
ID13801,01-Mar-2026,Payment,197.74,0.00,"38,252.38"
ID13801,15-Feb-2026,Interest,164.64,0.00,"9,812.09"
ID13801,07-Feb-2026,Transfer,"1,325.13",0.00,"89,566.82"
ID13801,01-Feb-2026,Interest,18.52,0.00,"21,847.99"
ID13801,31-Mar-2026,Debit Card,0.00,907.82,"2,979.28"
ID13801,05-Mar-2026,Charge,0.00,579.34,"69,251.27"
ID13801,21-Feb-2026,Payment,0.00,"1,235.56","2,931.95"
ID13801,11-Jan-2026,ATM Withdrawal,0.00,839.82,"99,222.20"
ID13801,04-Jan-2026,Debit Card,0.00,672.89,"24,773.72"
ID13801,13-Mar-2026,ATM Withdrawal,0.00,391.56,"78,594.41"
ID13801,14-Jan-2026,Reversal,0.00,103.39,"34,678.60"
ID13801,22-Feb-2026,Payment,0.00,429.46,"18,699.16"
ID13801,23-Mar-2026,Interest,407.43,0.00,"63,395.77"
ID13801,04-Jan-2026,Charge,0.00,741.31,"67,676.87"
ID13801,07-Jan-2026,Interest,400.94,0.00,"35,112.09"
ID13801,01-Feb-2026,ATM Withdrawal,0.00,892.68,"34,573.82"
ID13801,02-Feb-2026,Charge,0.00,356.52,"20,149.72"
ID13802,14-Mar-2026,Interest,37.53,0.00,"21,557.42"
ID13802,15-Jan-2026,Payment,0.00,"1,304.20","80,014.45"
ID13802,15-Feb-2026,Transfer,0.00,"1,477.66","36,884.87"
ID13802,09-Feb-2026,Charge,0.00,985.55,"63,804.17"
ID13802,03-Feb-2026,Direct Deposit,"3,876.48",0.00,"48,046.27"
ID13802,05-Jan-2026,Charge,0.00,843.80,"57,881.74"
ID13802,18-Jan-2026,ATM Withdrawal,0.00,664.08,"10,765.43"
ID13802,25-Feb-2026,Direct Deposit,"2,924.88",0.00,"8,058.45"
ID13802,11-Mar-2026,Payment,122.33,0.00,"81,569.10"
ID13802,01-Apr-2026,Reversal,"1,041.51",0.00,"70,975.74"
ID13802,04-Jan-2026,ATM Withdrawal,0.00,987.47,"91,888.28"
ID13802,30-Jan-2026,Direct Deposit,"3,750.78",0.00,"35,494.80"
ID13802,04-Jan-2026,Debit Card,0.00,356.09,"41,192.86"
ID13802,07-Jan-2026,Transfer,0.00,"1,382.63","35,284.17"
ID13802,04-Jan-2026,Transfer,0.00,443.84,"34,020.69"
ID13802,07-Feb-2026,Transfer,557.82,0.00,"78,038.27"
ID13802,05-Mar-2026,Interest,353.34,0.00,"65,813.47"
ID13802,22-Jan-2026,Interest,234.31,0.00,"12,544.23"
ID13802,08-Jan-2026,Payment,0.00,"1,062.69","48,484.26"
ID13802,15-Mar-2026,Charge,0.00,73.11,"20,306.29"
ID13803,26-Jan-2026,Transfer,"1,631.23",0.00,"47,288.57"
ID13803,27-Feb-2026,Charge,0.00,864.81,"23,438.58"
ID13803,23-Jan-2026,Charge,0.00,604.50,"50,030.90"
ID13803,10-Feb-2026,Reversal,0.00,581.05,"64,071.85"
ID13803,29-Mar-2026,Charge,0.00,402.08,"97,048.95"
ID13803,08-Jan-2026,Charge,0.00,805.09,"62,239.83"
ID13803,18-Mar-2026,Transfer,158.41,0.00,"94,168.41"
ID13803,13-Jan-2026,Transfer,0.00,539.51,"72,529.21"
ID13803,03-Mar-2026,Direct Deposit,"4,211.27",0.00,"21,571.39"
ID13803,31-Jan-2026,Interest,108.27,0.00,"30,008.65"
ID13803,28-Jan-2026,Direct Deposit,"1,504.11",0.00,"49,222.79"
ID13803,10-Feb-2026,Interest,366.58,0.00,"93,538.34"
ID13803,26-Mar-2026,Payment,0.00,646.50,"2,632.13"
ID13803,09-Feb-2026,Direct Deposit,"2,228.75",0.00,"44,646.74"
ID13803,20-Jan-2026,Direct Deposit,"1,727.47",0.00,"5,376.11"
ID13803,27-Jan-2026,Transfer,"1,921.53",0.00,"77,766.56"
ID13803,04-Mar-2026,Transfer,0.00,548.20,"92,891.94"
ID13803,04-Mar-2026,ATM Withdrawal,0.00,333.19,"62,803.67"
ID13803,28-Jan-2026,Reversal,"1,691.22",0.00,"64,144.89"
ID13803,26-Feb-2026,Direct Deposit,"4,412.60",0.00,"57,063.68"
ID13804,23-Mar-2026,ATM Withdrawal,0.00,383.88,"83,881.90"
ID13804,18-Feb-2026,ATM Withdrawal,0.00,862.98,"2,642.25"
ID13804,11-Jan-2026,Charge,0.00,845.12,"82,193.65"
ID13804,28-Jan-2026,Payment,0.00,"1,218.09","36,879.82"
ID13804,30-Jan-2026,Charge,0.00,328.61,"80,125.18"
ID13804,01-Mar-2026,Direct Deposit,"2,641.51",0.00,"26,901.74"
ID13804,22-Feb-2026,Reversal,0.00,"1,269.04","43,120.01"
ID13804,06-Jan-2026,Direct Deposit,"3,742.68",0.00,"84,100.56"
ID13804,03-Mar-2026,Charge,0.00,999.40,"7,882.11"
ID13804,07-Jan-2026,ATM Withdrawal,0.00,785.44,"23,202.49"
ID13804,28-Mar-2026,Direct Deposit,"3,078.80",0.00,"47,371.17"
ID13804,05-Jan-2026,Payment,907.17,0.00,"5,917.77"
ID13804,20-Feb-2026,Interest,462.17,0.00,"28,933.69"
ID13804,03-Feb-2026,Direct Deposit,"1,875.35",0.00,"47,092.03"
ID13804,10-Feb-2026,Reversal,0.00,"1,343.61","49,211.42"
ID13804,18-Jan-2026,ATM Withdrawal,0.00,662.97,"38,555.29"
ID13804,26-Feb-2026,Debit Card,0.00,867.55,"9,482.20"
ID13804,25-Jan-2026,Direct Deposit,"1,466.55",0.00,"1,489.45"
ID13804,26-Feb-2026,Transfer,0.00,833.14,"6,844.20"
ID13804,24-Feb-2026,Reversal,"1,197.92",0.00,"53,990.91"
ID13805,08-Jan-2026,Transfer,136.21,0.00,"43,997.47"
ID13805,16-Jan-2026,Charge,0.00,447.02,"42,093.48"
ID13805,23-Mar-2026,ATM Withdrawal,0.00,466.87,"2,768.83"
ID13805,01-Mar-2026,Reversal,720.55,0.00,"32,305.71"
ID13805,23-Feb-2026,Transfer,"1,364.95",0.00,"35,698.03"
ID13805,08-Jan-2026,Transfer,"1,450.62",0.00,"87,325.98"
ID13805,14-Feb-2026,Payment,849.61,0.00,"36,998.18"
ID13805,07-Feb-2026,Interest,395.25,0.00,"64,717.93"
ID13805,08-Mar-2026,Debit Card,0.00,311.73,"91,781.32"
ID13805,12-Feb-2026,Payment,"1,578.90",0.00,"72,271.47"
ID13805,28-Jan-2026,Reversal,"1,757.62",0.00,"30,140.49"
ID13805,21-Jan-2026,Debit Card,0.00,28.13,"99,442.99"
ID13805,18-Mar-2026,Debit Card,0.00,288.64,"92,198.24"
ID13805,17-Mar-2026,Direct Deposit,"1,371.45",0.00,"67,856.21"
ID13805,02-Feb-2026,Charge,0.00,75.00,"48,751.03"
ID13805,11-Jan-2026,Direct Deposit,"2,198.50",0.00,"69,042.79"
ID13805,24-Jan-2026,Payment,"1,169.66",0.00,"55,088.69"
ID13805,23-Jan-2026,Charge,0.00,320.55,"16,401.47"
ID13805,06-Jan-2026,Payment,"1,994.62",0.00,"68,188.85"
ID13805,10-Mar-2026,ATM Withdrawal,0.00,765.22,"12,361.41"
ID13806,05-Jan-2026,Interest,261.10,0.00,"68,764.02"
ID13806,16-Feb-2026,Reversal,0.00,"1,324.90","5,920.53"
ID13806,11-Mar-2026,Charge,0.00,961.06,"70,345.89"
ID13806,06-Mar-2026,Payment,"1,849.11",0.00,"51,937.36"
ID13806,11-Feb-2026,Transfer,"1,432.51",0.00,"46,558.97"
ID13806,22-Feb-2026,Charge,0.00,265.23,"76,117.73"
ID13806,01-Apr-2026,Charge,0.00,51.79,"74,093.06"
ID13806,19-Mar-2026,Transfer,0.00,249.08,"34,016.22"
ID13806,11-Feb-2026,Transfer,531.21,0.00,"49,216.17"
ID13806,03-Feb-2026,Payment,"1,873.40",0.00,"2,694.22"
ID13806,08-Mar-2026,Charge,0.00,248.73,"5,055.67"
ID13806,24-Jan-2026,Reversal,572.89,0.00,"93,820.24"
ID13806,16-Jan-2026,Payment,0.00,676.70,"88,030.68"
ID13806,07-Feb-2026,Interest,302.28,0.00,"8,736.57"
ID13806,20-Mar-2026,Transfer,0.00,493.38,"66,909.33"
ID13806,06-Feb-2026,Direct Deposit,"2,785.14",0.00,"71,606.01"
ID13806,29-Jan-2026,Interest,182.12,0.00,"41,424.87"
ID13806,03-Apr-2026,Transfer,966.04,0.00,"35,732.94"
ID13806,15-Jan-2026,Payment,0.00,591.78,"42,498.24"
ID13806,24-Jan-2026,ATM Withdrawal,0.00,165.14,"50,027.85"
ID13807,26-Mar-2026,Transfer,786.99,0.00,"54,942.74"
ID13807,12-Jan-2026,Interest,331.61,0.00,"20,072.60"
ID13807,10-Feb-2026,Debit Card,0.00,441.68,"65,788.26"
ID13807,05-Jan-2026,Reversal,0.00,"1,360.09","63,920.12"
ID13807,28-Mar-2026,ATM Withdrawal,0.00,474.77,"95,616.04"
ID13807,12-Jan-2026,Payment,0.00,572.54,"1,777.91"
ID13807,21-Mar-2026,Charge,0.00,157.53,"47,323.26"
ID13807,09-Jan-2026,ATM Withdrawal,0.00,708.73,"39,107.71"
ID13807,21-Feb-2026,ATM Withdrawal,0.00,911.11,"65,218.29"
ID13807,19-Feb-2026,Charge,0.00,959.64,"67,812.30"
ID13807,17-Mar-2026,Interest,402.06,0.00,"82,833.64"
ID13807,22-Mar-2026,Transfer,0.00,"1,074.25","30,444.38"
ID13807,26-Feb-2026,ATM Withdrawal,0.00,728.27,"17,013.41"
ID13807,28-Mar-2026,Reversal,0.00,"1,123.87","34,759.44"
ID13807,04-Jan-2026,Payment,0.00,282.41,"17,945.08"
ID13807,26-Jan-2026,ATM Withdrawal,0.00,796.35,"45,488.43"
ID13807,04-Feb-2026,ATM Withdrawal,0.00,836.07,"87,601.33"
ID13807,27-Mar-2026,Charge,0.00,145.36,"65,420.11"
ID13807,09-Mar-2026,ATM Withdrawal,0.00,424.21,"76,172.51"
ID13807,16-Feb-2026,Reversal,"1,172.35",0.00,"51,197.34"
ID13808,28-Feb-2026,Transfer,326.91,0.00,"67,087.60"
ID13808,16-Mar-2026,Transfer,0.00,"1,193.05","50,981.82"
ID13808,23-Jan-2026,Transfer,"1,831.56",0.00,"33,356.29"
ID13808,13-Feb-2026,Payment,0.00,"1,018.34","94,325.14"
ID13808,11-Feb-2026,Direct Deposit,"1,064.49",0.00,"47,740.84"
ID13808,03-Mar-2026,Reversal,0.00,625.97,"18,001.34"
ID13808,27-Feb-2026,ATM Withdrawal,0.00,455.75,"98,965.23"
ID13808,14-Feb-2026,Reversal,700.20,0.00,"83,686.74"
ID13808,15-Feb-2026,Charge,0.00,261.76,"48,398.56"
ID13808,19-Mar-2026,Debit Card,0.00,135.30,"59,951.34"
ID13808,03-Jan-2026,ATM Withdrawal,0.00,292.61,"70,109.92"
ID13808,25-Feb-2026,Transfer,0.00,840.84,"10,324.70"
ID13808,30-Jan-2026,Reversal,0.00,"1,122.23","33,634.09"
ID13808,17-Feb-2026,Reversal,677.54,0.00,"87,884.55"
ID13808,23-Feb-2026,Transfer,0.00,"1,494.19","12,566.13"
ID13808,20-Jan-2026,Transfer,0.00,293.59,"42,521.12"
ID13808,02-Feb-2026,ATM Withdrawal,0.00,743.67,"53,501.99"
ID13808,15-Mar-2026,Payment,360.33,0.00,"21,931.42"
ID13808,31-Jan-2026,Transfer,0.00,"1,033.64","93,453.39"
ID13808,26-Jan-2026,Debit Card,0.00,921.09,"49,414.66"
ID13809,13-Jan-2026,Debit Card,0.00,638.34,"8,050.22"
ID13809,08-Jan-2026,Transfer,0.00,59.46,"10,226.52"
ID13809,22-Feb-2026,Payment,"1,959.29",0.00,"97,992.52"
ID13809,08-Jan-2026,Direct Deposit,"2,781.31",0.00,"61,010.04"
ID13809,18-Mar-2026,ATM Withdrawal,0.00,495.60,"22,118.75"
ID13809,07-Mar-2026,Charge,0.00,211.53,"1,191.28"
ID13809,19-Mar-2026,Charge,0.00,539.22,"32,055.28"
ID13809,31-Mar-2026,Direct Deposit,"2,735.04",0.00,"94,353.64"
ID13809,25-Mar-2026,Reversal,396.92,0.00,"75,698.13"
ID13809,17-Feb-2026,Transfer,0.00,"1,395.63","48,896.53"
ID13809,29-Jan-2026,Debit Card,0.00,429.43,"53,161.22"
ID13809,20-Mar-2026,Debit Card,0.00,402.36,"3,909.64"
ID13809,18-Feb-2026,ATM Withdrawal,0.00,866.28,"35,742.82"
ID13809,22-Jan-2026,Interest,303.46,0.00,"15,095.68"
ID13809,29-Mar-2026,Interest,103.91,0.00,"63,388.25"
ID13809,03-Mar-2026,Charge,0.00,501.31,"81,353.18"
ID13809,31-Mar-2026,Debit Card,0.00,651.19,"37,272.46"
ID13809,21-Feb-2026,Payment,877.41,0.00,"92,342.03"
ID13809,10-Jan-2026,Debit Card,0.00,999.49,"36,569.30"
ID13809,20-Jan-2026,Debit Card,0.00,216.15,"15,738.66"
ID13810,02-Feb-2026,ATM Withdrawal,0.00,340.02,"72,296.03"
ID13810,23-Jan-2026,Debit Card,0.00,507.02,"45,952.15"
ID13810,07-Mar-2026,Direct Deposit,"1,066.28",0.00,"94,640.31"
ID13810,31-Mar-2026,ATM Withdrawal,0.00,266.31,"75,691.97"
ID13810,16-Jan-2026,Transfer,521.02,0.00,"99,886.69"
ID13810,10-Mar-2026,Debit Card,0.00,461.17,"50,968.80"
ID13810,20-Jan-2026,Debit Card,0.00,701.34,"37,188.75"
ID13810,20-Jan-2026,Direct Deposit,"1,585.51",0.00,"69,071.14"
ID13810,12-Feb-2026,Debit Card,0.00,540.28,"8,212.76"
ID13810,07-Feb-2026,Reversal,"1,025.20",0.00,"75,404.28"
ID13810,19-Jan-2026,Interest,160.28,0.00,"98,381.16"
ID13810,13-Mar-2026,Debit Card,0.00,487.28,"15,471.68"
ID13810,24-Jan-2026,Payment,"1,153.19",0.00,"73,514.88"
ID13810,16-Jan-2026,Payment,0.00,"1,030.60","56,061.64"
ID13810,05-Jan-2026,Payment,0.00,347.68,"59,524.05"
ID13810,29-Mar-2026,Reversal,0.00,120.91,"6,554.74"
ID13810,18-Mar-2026,Direct Deposit,"4,891.67",0.00,"63,611.15"
ID13810,23-Jan-2026,Direct Deposit,"3,833.30",0.00,"19,392.74"
ID13810,02-Mar-2026,Charge,0.00,367.87,"70,377.33"
ID13810,25-Jan-2026,Payment,0.00,583.61,"5,237.26"
ID13811,08-Mar-2026,Debit Card,0.00,183.82,"60,182.25"
ID13811,24-Feb-2026,Transfer,0.00,"1,043.64","66,765.49"
ID13811,19-Feb-2026,Interest,428.38,0.00,"27,801.16"
ID13811,22-Feb-2026,Reversal,"1,710.05",0.00,"88,695.07"
ID13811,06-Jan-2026,Payment,"1,464.15",0.00,"9,568.55"
ID13811,30-Jan-2026,Direct Deposit,"1,192.78",0.00,"92,531.49"
ID13811,21-Mar-2026,Charge,0.00,481.49,"10,629.10"
ID13811,19-Jan-2026,ATM Withdrawal,0.00,127.63,"94,291.97"
ID13811,13-Mar-2026,Direct Deposit,"3,363.03",0.00,"80,899.09"
ID13811,20-Feb-2026,ATM Withdrawal,0.00,637.87,"37,881.09"
ID13811,14-Feb-2026,Direct Deposit,"4,233.53",0.00,"85,915.93"
ID13811,29-Mar-2026,Interest,461.96,0.00,"21,307.38"
ID13811,03-Feb-2026,Interest,397.55,0.00,"97,996.32"
ID13811,14-Mar-2026,ATM Withdrawal,0.00,432.08,"61,395.22"
ID13811,14-Jan-2026,Payment,0.00,"1,370.35","64,131.03"
ID13811,23-Feb-2026,ATM Withdrawal,0.00,459.27,"77,051.81"
ID13811,15-Mar-2026,Debit Card,0.00,110.73,"63,663.52"
ID13811,08-Mar-2026,Reversal,901.55,0.00,"3,099.12"
ID13811,20-Feb-2026,Transfer,0.00,"1,441.30","85,391.21"
ID13811,20-Jan-2026,Transfer,0.00,"1,397.20","49,059.66"
ID13812,13-Jan-2026,ATM Withdrawal,0.00,194.01,"31,566.52"
ID13812,04-Jan-2026,Payment,0.00,76.47,"81,929.49"
ID13812,01-Feb-2026,Interest,41.50,0.00,"42,562.58"
ID13812,16-Mar-2026,Debit Card,0.00,778.82,"65,891.00"
ID13812,26-Jan-2026,Direct Deposit,"2,366.67",0.00,"65,007.01"
ID13812,10-Mar-2026,Transfer,0.00,299.95,"3,786.53"
ID13812,02-Mar-2026,Reversal,"1,463.41",0.00,"53,646.64"
ID13812,19-Jan-2026,Reversal,0.00,405.97,"58,852.71"
ID13812,31-Jan-2026,ATM Withdrawal,0.00,124.79,"13,077.42"
ID13812,08-Feb-2026,ATM Withdrawal,0.00,439.16,"63,668.91"
ID13812,26-Mar-2026,Payment,755.56,0.00,"87,987.87"
ID13812,21-Mar-2026,Reversal,0.00,"1,297.39","18,758.72"
ID13812,16-Feb-2026,Interest,488.30,0.00,"74,459.43"
ID13812,22-Feb-2026,Interest,456.78,0.00,"12,153.97"
ID13812,14-Feb-2026,Reversal,0.00,"1,244.76","12,693.05"
ID13812,22-Mar-2026,Debit Card,0.00,622.75,"61,510.10"
ID13812,26-Feb-2026,Direct Deposit,"1,949.91",0.00,"4,055.68"
ID13812,27-Mar-2026,Charge,0.00,355.10,"88,630.56"
ID13812,02-Apr-2026,Direct Deposit,"1,431.28",0.00,"6,248.63"
ID13812,07-Mar-2026,Charge,0.00,306.91,"90,898.83"
ID13813,04-Jan-2026,Charge,0.00,535.17,"5,620.13"
ID13813,26-Mar-2026,Reversal,"1,542.57",0.00,"99,606.55"
ID13813,25-Mar-2026,ATM Withdrawal,0.00,80.18,"39,606.31"
ID13813,29-Mar-2026,Transfer,972.52,0.00,"76,574.56"
ID13813,30-Mar-2026,ATM Withdrawal,0.00,110.75,"8,701.49"
ID13813,13-Feb-2026,ATM Withdrawal,0.00,325.57,"63,720.45"
ID13813,13-Feb-2026,Reversal,834.12,0.00,"95,726.69"
ID13813,22-Mar-2026,Debit Card,0.00,426.80,"1,199.90"
ID13813,12-Feb-2026,ATM Withdrawal,0.00,419.04,"38,795.44"
ID13813,10-Mar-2026,Interest,11.88,0.00,"2,928.21"
ID13813,01-Apr-2026,Transfer,0.00,845.33,"88,892.69"
ID13813,06-Jan-2026,ATM Withdrawal,0.00,107.75,"85,112.29"
ID13813,01-Apr-2026,Transfer,0.00,"1,319.26","85,916.23"
ID13813,13-Jan-2026,Interest,123.97,0.00,"55,791.65"
ID13813,13-Feb-2026,Reversal,"1,416.57",0.00,"54,708.79"
ID13813,07-Mar-2026,Payment,0.00,96.45,"18,157.46"
ID13813,07-Jan-2026,Debit Card,0.00,86.20,"7,098.56"
ID13813,26-Jan-2026,Debit Card,0.00,143.66,"85,250.59"
ID13813,18-Mar-2026,Payment,0.00,921.22,"76,161.71"
ID13813,08-Mar-2026,Reversal,0.00,733.19,"31,279.86"
ID13814,15-Feb-2026,Transfer,0.00,882.92,"4,440.36"
ID13814,09-Feb-2026,Payment,773.96,0.00,"13,995.58"
ID13814,16-Mar-2026,ATM Withdrawal,0.00,378.52,"80,948.59"
ID13814,28-Mar-2026,Reversal,0.00,"1,122.61","18,138.83"
ID13814,20-Jan-2026,Payment,0.00,240.08,"86,774.33"
ID13814,22-Jan-2026,Interest,274.79,0.00,"79,586.25"
ID13814,28-Feb-2026,Payment,0.00,386.33,"84,388.09"
ID13814,15-Mar-2026,ATM Withdrawal,0.00,758.69,"16,667.00"
ID13814,04-Feb-2026,Charge,0.00,379.66,"36,876.46"
ID13814,09-Mar-2026,Debit Card,0.00,637.03,"30,068.65"
ID13814,28-Jan-2026,Interest,219.68,0.00,"93,954.79"
ID13814,21-Mar-2026,Interest,152.61,0.00,"73,198.74"
ID13814,25-Mar-2026,ATM Withdrawal,0.00,304.55,"66,285.65"
ID13814,10-Feb-2026,Transfer,"1,052.64",0.00,"55,255.10"
ID13814,23-Mar-2026,Charge,0.00,122.45,"48,551.03"
ID13814,17-Feb-2026,Payment,0.00,674.87,"39,935.78"
ID13814,07-Mar-2026,Transfer,0.00,"1,471.31","21,650.40"
ID13814,16-Feb-2026,Charge,0.00,721.53,"84,832.22"
ID13814,09-Feb-2026,Reversal,0.00,547.24,"21,299.77"
ID13814,15-Mar-2026,Transfer,0.00,974.54,"80,100.75"
ID13815,23-Mar-2026,Reversal,0.00,601.21,"43,043.79"
ID13815,09-Jan-2026,Direct Deposit,"2,886.84",0.00,"24,402.38"
ID13815,01-Mar-2026,Reversal,"1,253.76",0.00,"17,967.40"
ID13815,17-Mar-2026,Payment,0.00,428.85,"32,816.60"
ID13815,25-Feb-2026,Charge,0.00,225.07,"58,189.58"
ID13815,28-Feb-2026,Debit Card,0.00,673.92,"65,703.19"
ID13815,16-Mar-2026,Charge,0.00,531.32,"56,777.08"
ID13815,19-Feb-2026,Payment,0.00,"1,279.80","4,745.31"
ID13815,22-Mar-2026,Payment,230.99,0.00,"25,134.09"
ID13815,28-Feb-2026,Reversal,"1,726.06",0.00,"28,788.55"
ID13815,20-Jan-2026,Interest,155.37,0.00,"22,175.29"
ID13815,08-Jan-2026,ATM Withdrawal,0.00,336.52,"28,977.97"
ID13815,01-Mar-2026,Direct Deposit,"4,571.66",0.00,"70,588.26"
ID13815,14-Jan-2026,Direct Deposit,"4,078.35",0.00,"76,844.67"
ID13815,22-Mar-2026,Payment,0.00,104.40,"87,619.81"
ID13815,30-Mar-2026,Transfer,"1,944.68",0.00,"34,172.13"
ID13815,10-Feb-2026,Direct Deposit,"1,802.69",0.00,"6,500.76"
ID13815,27-Mar-2026,Payment,212.44,0.00,"54,927.04"
ID13815,15-Jan-2026,Transfer,"1,852.07",0.00,"78,591.85"
ID13815,15-Mar-2026,Charge,0.00,215.71,"63,922.59"
ID13816,24-Mar-2026,Transfer,855.09,0.00,"71,413.53"
ID13816,03-Mar-2026,Debit Card,0.00,911.46,"48,036.95"
ID13816,13-Feb-2026,Charge,0.00,710.28,"8,510.09"
ID13816,23-Jan-2026,Reversal,269.39,0.00,"24,684.50"
ID13816,28-Feb-2026,Debit Card,0.00,685.38,"25,256.08"
ID13816,21-Mar-2026,Interest,474.47,0.00,"88,705.35"
ID13816,10-Mar-2026,Debit Card,0.00,982.42,"54,259.04"
ID13816,07-Feb-2026,Direct Deposit,"1,466.25",0.00,"4,278.30"
ID13816,10-Jan-2026,Payment,841.88,0.00,"21,631.06"
ID13816,22-Feb-2026,ATM Withdrawal,0.00,438.09,"93,575.09"
ID13816,24-Jan-2026,Debit Card,0.00,289.07,"68,149.67"
ID13816,14-Feb-2026,Debit Card,0.00,135.30,"8,732.50"
ID13816,17-Feb-2026,ATM Withdrawal,0.00,488.41,"24,729.86"
ID13816,31-Jan-2026,Charge,0.00,586.94,"9,746.28"
ID13816,22-Mar-2026,Reversal,0.00,64.05,"27,686.68"
ID13816,05-Mar-2026,Transfer,446.93,0.00,"72,311.41"
ID13816,23-Jan-2026,Direct Deposit,"4,169.34",0.00,"21,585.97"
ID13816,05-Jan-2026,Direct Deposit,"4,196.96",0.00,"78,804.67"
ID13816,08-Jan-2026,Direct Deposit,"3,049.27",0.00,"20,782.26"
ID13816,17-Feb-2026,Debit Card,0.00,534.35,"56,277.59"
ID13817,28-Jan-2026,Reversal,0.00,292.48,"91,985.48"
ID13817,18-Jan-2026,Transfer,0.00,"1,361.39","29,319.91"
ID13817,15-Jan-2026,ATM Withdrawal,0.00,960.83,"15,262.88"
ID13817,21-Feb-2026,Reversal,0.00,120.18,"96,146.85"
ID13817,02-Feb-2026,Payment,987.30,0.00,"86,461.04"
ID13817,19-Feb-2026,Payment,0.00,109.92,"71,982.28"
ID13817,24-Mar-2026,Transfer,"1,998.58",0.00,"94,115.76"
ID13817,19-Mar-2026,Charge,0.00,68.68,"39,811.22"
ID13817,12-Jan-2026,ATM Withdrawal,0.00,249.88,"61,139.74"
ID13817,01-Feb-2026,Interest,66.47,0.00,"70,241.41"
ID13817,05-Feb-2026,Transfer,"1,441.07",0.00,"34,083.89"
ID13817,16-Feb-2026,ATM Withdrawal,0.00,764.41,"96,567.35"
ID13817,07-Mar-2026,Debit Card,0.00,655.82,"29,626.96"
ID13817,11-Jan-2026,Payment,0.00,738.38,"1,948.30"
ID13817,13-Mar-2026,Reversal,0.00,"1,129.39","50,661.92"
ID13817,11-Jan-2026,Charge,0.00,635.89,"44,308.60"
ID13817,13-Jan-2026,Interest,254.94,0.00,"86,889.00"
ID13817,19-Jan-2026,ATM Withdrawal,0.00,307.82,"90,663.58"
ID13817,06-Mar-2026,Direct Deposit,"2,156.34",0.00,"80,699.89"
ID13817,20-Mar-2026,Transfer,0.00,508.39,"70,874.76"
ID13818,05-Jan-2026,Charge,0.00,573.70,"81,942.99"
ID13818,27-Mar-2026,Payment,0.00,"1,047.99","92,176.26"
ID13818,14-Mar-2026,ATM Withdrawal,0.00,948.08,"62,036.27"
ID13818,26-Jan-2026,Reversal,"1,849.04",0.00,"93,169.43"
ID13818,13-Feb-2026,Charge,0.00,519.26,"53,936.59"
ID13818,31-Mar-2026,ATM Withdrawal,0.00,31.48,"2,955.63"
ID13818,19-Mar-2026,ATM Withdrawal,0.00,245.70,"36,532.73"
ID13818,23-Mar-2026,Debit Card,0.00,205.26,"22,884.76"
ID13818,25-Jan-2026,Transfer,0.00,"1,074.05","33,684.39"
ID13818,08-Jan-2026,ATM Withdrawal,0.00,377.50,"10,072.47"
ID13818,25-Jan-2026,Direct Deposit,779.02,0.00,"10,593.82"
ID13818,17-Feb-2026,ATM Withdrawal,0.00,230.27,"47,069.75"
ID13818,05-Feb-2026,ATM Withdrawal,0.00,260.58,"11,129.61"
ID13818,11-Feb-2026,Reversal,"1,776.12",0.00,"5,152.84"
ID13818,11-Mar-2026,Transfer,875.60,0.00,"81,844.42"
ID13818,03-Apr-2026,Payment,0.00,693.47,"56,169.31"
ID13818,30-Jan-2026,ATM Withdrawal,0.00,346.84,"56,065.55"
ID13818,16-Jan-2026,Transfer,"1,609.52",0.00,"76,632.11"
ID13818,26-Feb-2026,Transfer,0.00,"1,325.79","39,334.68"
ID13818,26-Jan-2026,ATM Withdrawal,0.00,465.28,"46,880.79"
ID13819,08-Mar-2026,Interest,244.39,0.00,"75,813.31"
ID13819,15-Feb-2026,Debit Card,0.00,283.47,"19,384.89"
ID13819,22-Feb-2026,Payment,0.00,189.62,"30,274.14"
ID13819,23-Jan-2026,Direct Deposit,"4,901.83",0.00,"27,806.63"
ID13819,23-Mar-2026,Transfer,"1,063.38",0.00,"48,277.30"
ID13819,14-Mar-2026,Charge,0.00,724.07,"98,569.88"
ID13819,03-Feb-2026,Interest,173.60,0.00,"47,211.87"
ID13819,17-Mar-2026,Debit Card,0.00,867.82,"79,551.17"
ID13819,14-Feb-2026,Interest,211.85,0.00,"8,856.13"
ID13819,25-Mar-2026,Payment,0.00,838.41,"17,387.41"
ID13819,23-Feb-2026,ATM Withdrawal,0.00,432.95,"36,387.04"
ID13819,03-Feb-2026,Reversal,226.24,0.00,"51,999.30"
ID13819,19-Jan-2026,Debit Card,0.00,694.18,"2,893.28"
ID13819,06-Jan-2026,Charge,0.00,131.90,"39,238.73"
ID13819,06-Feb-2026,Direct Deposit,"1,285.76",0.00,"24,438.93"
ID13819,15-Jan-2026,Interest,329.26,0.00,"61,119.32"
ID13819,03-Jan-2026,Reversal,0.00,280.93,"67,067.92"
ID13819,18-Jan-2026,Transfer,0.00,664.41,"19,892.69"
ID13819,01-Feb-2026,Payment,"1,465.92",0.00,"91,748.89"
ID13819,14-Jan-2026,Direct Deposit,"3,602.93",0.00,"40,044.99"
ID13820,01-Apr-2026,Interest,405.37,0.00,"36,328.84"
ID13820,27-Feb-2026,Direct Deposit,"3,392.27",0.00,"82,758.65"
ID13820,19-Mar-2026,Charge,0.00,383.82,"22,141.29"
ID13820,01-Feb-2026,Debit Card,0.00,828.51,"12,369.68"
ID13820,30-Mar-2026,ATM Withdrawal,0.00,574.48,"75,254.30"
ID13820,20-Jan-2026,ATM Withdrawal,0.00,846.61,"49,148.80"
ID13820,18-Mar-2026,Charge,0.00,739.20,"82,103.50"
ID13820,19-Mar-2026,Debit Card,0.00,382.16,"7,451.37"
ID13820,11-Feb-2026,Interest,84.80,0.00,"47,730.98"
ID13820,01-Feb-2026,Payment,"1,745.41",0.00,"36,590.72"
ID13820,26-Feb-2026,Charge,0.00,350.56,"71,334.57"
ID13820,25-Jan-2026,Transfer,0.00,555.58,"61,697.97"
ID13820,01-Mar-2026,Payment,"1,280.51",0.00,"22,612.02"
ID13820,30-Mar-2026,Interest,216.59,0.00,"98,454.11"
ID13820,04-Mar-2026,Reversal,"1,243.32",0.00,"31,653.82"
ID13820,15-Feb-2026,Transfer,0.00,290.31,"88,786.50"
ID13820,18-Jan-2026,Debit Card,0.00,820.58,"49,385.59"
ID13820,27-Feb-2026,Transfer,"1,000.67",0.00,"18,282.97"
ID13820,24-Feb-2026,ATM Withdrawal,0.00,588.65,"1,870.62"
ID13820,26-Jan-2026,Charge,0.00,616.47,"87,691.36"
ID13821,21-Jan-2026,Debit Card,0.00,70.95,"1,754.46"
ID13821,08-Feb-2026,ATM Withdrawal,0.00,861.51,"6,658.73"
ID13821,09-Mar-2026,Charge,0.00,770.40,"91,999.52"
ID13821,16-Feb-2026,Charge,0.00,607.16,"71,442.01"
ID13821,01-Apr-2026,ATM Withdrawal,0.00,554.39,"39,660.07"
ID13821,31-Jan-2026,Payment,"1,519.89",0.00,"81,584.70"
ID13821,11-Jan-2026,Direct Deposit,"2,516.61",0.00,"1,176.58"
ID13821,28-Jan-2026,Debit Card,0.00,242.57,"75,992.50"
ID13821,23-Jan-2026,Interest,275.99,0.00,"4,198.26"
ID13821,29-Mar-2026,Direct Deposit,"4,847.22",0.00,"34,752.32"
ID13821,20-Mar-2026,Transfer,"1,440.50",0.00,"65,015.53"
ID13821,08-Feb-2026,Charge,0.00,929.40,"24,246.22"
ID13821,24-Mar-2026,Transfer,"1,982.63",0.00,"32,290.99"
ID13821,17-Feb-2026,ATM Withdrawal,0.00,841.39,"8,851.70"
ID13821,16-Feb-2026,Reversal,309.05,0.00,"71,351.85"
ID13821,14-Mar-2026,Charge,0.00,642.06,"75,920.60"
ID13821,05-Feb-2026,Debit Card,0.00,395.99,"73,505.91"
ID13821,18-Feb-2026,Transfer,0.00,147.21,"98,366.42"
ID13821,26-Feb-2026,ATM Withdrawal,0.00,717.64,"39,701.94"
ID13821,15-Feb-2026,Transfer,0.00,"1,133.10","58,804.30"
ID13822,20-Mar-2026,Transfer,"1,753.83",0.00,"86,334.30"
ID13822,15-Jan-2026,Payment,0.00,"1,487.40","98,627.63"
ID13822,28-Mar-2026,Debit Card,0.00,658.60,"80,807.38"
ID13822,20-Feb-2026,Interest,309.55,0.00,"73,773.35"
ID13822,07-Jan-2026,Interest,481.47,0.00,"74,271.83"
ID13822,08-Feb-2026,Reversal,0.00,"1,009.05","46,138.33"
ID13822,24-Jan-2026,Reversal,0.00,"1,304.74","81,887.86"
ID13822,21-Jan-2026,Payment,0.00,"1,032.44","66,448.20"
ID13822,02-Feb-2026,Charge,0.00,639.58,"31,709.49"
ID13822,06-Mar-2026,Interest,442.72,0.00,"80,543.97"
ID13822,14-Jan-2026,Interest,12.05,0.00,"1,311.37"
ID13822,26-Mar-2026,ATM Withdrawal,0.00,481.82,"62,356.13"
ID13822,01-Mar-2026,Debit Card,0.00,575.93,"88,099.91"
ID13822,20-Jan-2026,Debit Card,0.00,144.11,"50,652.73"
ID13822,12-Jan-2026,Direct Deposit,"3,896.72",0.00,"2,820.54"
ID13822,23-Feb-2026,Transfer,381.56,0.00,"54,069.55"
ID13822,29-Jan-2026,Transfer,385.33,0.00,"42,650.91"
ID13822,12-Mar-2026,Transfer,0.00,660.92,"85,196.34"
ID13822,18-Mar-2026,Direct Deposit,"4,957.70",0.00,"33,359.49"
ID13822,28-Mar-2026,Debit Card,0.00,484.22,"14,984.45"
ID13823,19-Mar-2026,Debit Card,0.00,855.41,"61,305.03"
ID13823,16-Jan-2026,ATM Withdrawal,0.00,699.77,"5,951.73"
ID13823,29-Mar-2026,Charge,0.00,551.85,"95,787.14"
ID13823,08-Mar-2026,Interest,253.50,0.00,"21,689.50"
ID13823,31-Mar-2026,Charge,0.00,344.35,"60,186.58"
ID13823,16-Mar-2026,Transfer,0.00,692.49,"58,565.62"
ID13823,09-Feb-2026,ATM Withdrawal,0.00,89.69,"86,256.22"
ID13823,19-Feb-2026,Payment,0.00,958.83,"57,025.83"
ID13823,21-Jan-2026,Interest,186.63,0.00,"18,395.35"
ID13823,31-Mar-2026,Payment,"1,990.18",0.00,"44,553.61"
ID13823,01-Feb-2026,Debit Card,0.00,811.13,"62,090.31"
ID13823,25-Feb-2026,Payment,0.00,742.78,"11,998.40"
ID13823,15-Mar-2026,Interest,490.94,0.00,"37,715.16"
ID13823,29-Jan-2026,Transfer,"1,082.40",0.00,"95,343.73"
ID13823,26-Feb-2026,Direct Deposit,"4,486.59",0.00,"24,034.05"
ID13823,13-Feb-2026,ATM Withdrawal,0.00,570.98,"35,465.64"
ID13823,25-Feb-2026,Reversal,"1,737.01",0.00,"32,692.85"
ID13823,16-Feb-2026,Transfer,235.54,0.00,"6,817.86"
ID13823,04-Jan-2026,Transfer,0.00,315.68,"27,690.04"
ID13823,17-Mar-2026,Interest,122.74,0.00,"33,892.13"
ID13824,08-Mar-2026,ATM Withdrawal,0.00,745.09,"14,196.80"
ID13824,01-Mar-2026,Transfer,0.00,771.75,"56,758.41"
ID13824,06-Feb-2026,Debit Card,0.00,590.75,"68,646.01"
ID13824,11-Jan-2026,ATM Withdrawal,0.00,15.12,"18,279.23"
ID13824,08-Feb-2026,ATM Withdrawal,0.00,675.28,"30,341.25"
ID13824,26-Mar-2026,ATM Withdrawal,0.00,189.07,"28,813.71"
ID13824,02-Apr-2026,Transfer,0.00,"1,215.90","55,380.18"
ID13824,10-Jan-2026,Charge,0.00,787.49,"51,469.85"
ID13824,09-Jan-2026,Payment,122.40,0.00,"36,124.62"
ID13824,28-Jan-2026,ATM Withdrawal,0.00,795.36,"39,861.11"
ID13824,30-Jan-2026,Charge,0.00,747.78,"97,586.28"
ID13824,14-Mar-2026,Charge,0.00,958.81,"39,618.05"
ID13824,02-Apr-2026,Debit Card,0.00,768.45,"44,414.82"
ID13824,15-Jan-2026,Charge,0.00,649.42,"94,225.45"
ID13824,05-Mar-2026,Payment,0.00,"1,343.51","59,135.64"
ID13824,03-Feb-2026,Transfer,0.00,838.28,"50,498.88"
ID13824,31-Jan-2026,Debit Card,0.00,293.09,"44,421.17"
ID13824,08-Mar-2026,Direct Deposit,"1,290.62",0.00,"81,873.51"
ID13824,25-Mar-2026,Payment,0.00,162.04,"12,689.84"
ID13824,12-Mar-2026,Direct Deposit,922.71,0.00,"36,244.78"
ID13825,25-Mar-2026,Debit Card,0.00,847.87,"62,660.12"
ID13825,08-Jan-2026,ATM Withdrawal,0.00,614.02,"9,209.10"
ID13825,12-Jan-2026,Transfer,748.87,0.00,"12,975.82"
ID13825,22-Mar-2026,Transfer,0.00,882.06,"49,982.08"
ID13825,22-Feb-2026,Interest,429.01,0.00,"56,598.16"
ID13825,21-Feb-2026,Reversal,0.00,"1,306.93","29,857.11"
ID13825,27-Feb-2026,Direct Deposit,"3,432.14",0.00,"6,950.40"
ID13825,03-Jan-2026,Interest,386.01,0.00,"22,552.82"
ID13825,20-Feb-2026,Payment,511.10,0.00,"55,438.81"
ID13825,03-Jan-2026,Direct Deposit,"1,774.72",0.00,"15,276.28"
ID13825,21-Jan-2026,Payment,0.00,919.17,"31,438.66"
ID13825,04-Jan-2026,Charge,0.00,758.59,"63,773.61"
ID13825,19-Jan-2026,Reversal,503.85,0.00,"25,440.17"
ID13825,20-Jan-2026,Reversal,0.00,"1,045.83","21,442.68"
ID13825,10-Jan-2026,Direct Deposit,"1,734.08",0.00,"93,831.45"
ID13825,07-Mar-2026,Charge,0.00,645.23,"12,181.93"
ID13825,21-Mar-2026,Payment,0.00,147.90,"81,564.74"
ID13825,21-Mar-2026,Direct Deposit,"2,320.43",0.00,"61,208.90"
ID13825,11-Mar-2026,Reversal,0.00,602.60,"9,095.30"
ID13825,13-Feb-2026,Transfer,"1,578.21",0.00,"69,070.72"
ID13826,22-Mar-2026,Reversal,0.00,281.46,"49,680.13"
ID13826,31-Jan-2026,Payment,0.00,402.54,"21,398.94"
ID13826,12-Mar-2026,Interest,127.34,0.00,"2,621.74"
ID13826,06-Mar-2026,Direct Deposit,590.78,0.00,"58,249.65"
ID13826,02-Feb-2026,Direct Deposit,"3,041.21",0.00,"68,685.25"
ID13826,16-Feb-2026,Transfer,0.00,"1,209.83","77,752.73"
ID13826,20-Mar-2026,Reversal,"1,719.11",0.00,"38,731.90"
ID13826,07-Mar-2026,Debit Card,0.00,114.70,"63,268.62"
ID13826,06-Feb-2026,Transfer,0.00,197.76,"4,801.09"
ID13826,27-Feb-2026,ATM Withdrawal,0.00,118.50,"9,746.77"
ID13826,16-Jan-2026,Direct Deposit,"3,112.17",0.00,"26,748.86"
ID13826,01-Mar-2026,Interest,190.45,0.00,"8,703.97"
ID13826,12-Mar-2026,Payment,0.00,78.41,"54,600.78"
ID13826,28-Feb-2026,Charge,0.00,797.62,"78,192.91"
ID13826,18-Mar-2026,Debit Card,0.00,38.81,"85,214.57"
ID13826,02-Mar-2026,Interest,194.40,0.00,"3,438.40"
ID13826,15-Feb-2026,ATM Withdrawal,0.00,237.21,"19,822.11"
ID13826,03-Mar-2026,Debit Card,0.00,112.09,"92,152.31"
ID13826,14-Feb-2026,Transfer,"1,714.27",0.00,"56,639.22"
ID13826,24-Feb-2026,Debit Card,0.00,563.94,"24,923.23"
ID13827,11-Jan-2026,Reversal,0.00,770.91,"14,090.64"
ID13827,13-Mar-2026,Payment,"1,225.23",0.00,"68,675.21"
ID13827,02-Apr-2026,Direct Deposit,"3,396.19",0.00,"10,069.11"
ID13827,29-Mar-2026,Reversal,0.00,"1,330.94","20,735.64"
ID13827,15-Feb-2026,Charge,0.00,137.30,"70,117.29"
ID13827,27-Jan-2026,Transfer,0.00,"1,335.34","92,037.70"
ID13827,17-Jan-2026,Charge,0.00,872.42,"68,424.21"
ID13827,29-Mar-2026,Direct Deposit,"2,806.85",0.00,"15,693.28"
ID13827,24-Mar-2026,Transfer,"1,627.54",0.00,"45,421.31"
ID13827,06-Jan-2026,Payment,402.15,0.00,"41,533.14"
ID13827,16-Feb-2026,Reversal,"1,507.61",0.00,"43,172.30"
ID13827,27-Jan-2026,Debit Card,0.00,509.36,"96,844.69"
ID13827,29-Mar-2026,Payment,0.00,"1,133.64","95,181.74"
ID13827,13-Jan-2026,Payment,0.00,"1,274.17","35,267.78"
ID13827,29-Mar-2026,Charge,0.00,325.03,"98,361.65"
ID13827,10-Feb-2026,Reversal,816.34,0.00,"52,080.54"
ID13827,17-Mar-2026,ATM Withdrawal,0.00,41.80,"75,413.59"
ID13827,14-Jan-2026,Payment,272.12,0.00,"53,434.85"
ID13827,21-Feb-2026,Payment,0.00,"1,472.94","11,585.44"
ID13827,15-Feb-2026,Charge,0.00,453.11,"65,076.23"
ID13828,25-Mar-2026,Debit Card,0.00,885.88,"7,416.86"
ID13828,23-Jan-2026,ATM Withdrawal,0.00,462.75,"57,442.28"
ID13828,16-Mar-2026,Payment,0.00,176.77,"17,358.43"
ID13828,23-Jan-2026,Transfer,0.00,284.73,"91,296.45"
ID13828,19-Jan-2026,Direct Deposit,831.59,0.00,"21,234.69"
ID13828,03-Feb-2026,Payment,"1,895.61",0.00,"61,727.98"
ID13828,01-Mar-2026,Payment,0.00,"1,348.17","13,272.92"
ID13828,13-Feb-2026,Payment,972.47,0.00,"93,280.59"
ID13828,24-Mar-2026,Transfer,755.95,0.00,"32,176.62"
ID13828,06-Feb-2026,Debit Card,0.00,257.01,"35,800.71"
ID13828,29-Mar-2026,Direct Deposit,"4,459.52",0.00,"35,843.44"
ID13828,31-Mar-2026,Charge,0.00,777.71,"8,925.91"
ID13828,04-Jan-2026,Interest,329.99,0.00,"85,024.39"
ID13828,02-Apr-2026,ATM Withdrawal,0.00,194.25,"76,745.60"
ID13828,08-Mar-2026,Direct Deposit,"2,948.31",0.00,"74,843.77"
ID13828,08-Jan-2026,Transfer,0.00,"1,401.80","1,387.94"
ID13828,10-Feb-2026,Debit Card,0.00,314.82,"44,188.74"
ID13828,10-Jan-2026,Debit Card,0.00,816.15,"34,547.37"
ID13828,28-Jan-2026,Payment,576.22,0.00,"40,403.23"
ID13828,11-Mar-2026,Debit Card,0.00,283.27,"86,248.04"
ID13829,14-Mar-2026,Direct Deposit,"2,511.91",0.00,"11,992.93"
ID13829,07-Feb-2026,Payment,0.00,372.19,"8,890.39"
ID13829,08-Jan-2026,Transfer,0.00,378.87,"52,017.70"
ID13829,05-Jan-2026,Debit Card,0.00,875.91,"90,413.60"
ID13829,03-Apr-2026,Transfer,176.78,0.00,"57,906.82"
ID13829,20-Feb-2026,Interest,64.31,0.00,"12,791.82"
ID13829,25-Mar-2026,Interest,74.21,0.00,"45,853.56"
ID13829,19-Feb-2026,ATM Withdrawal,0.00,87.41,"41,846.71"
ID13829,22-Mar-2026,Interest,86.87,0.00,"48,583.77"
ID13829,19-Mar-2026,Charge,0.00,108.61,"59,044.99"
ID13829,15-Mar-2026,Reversal,511.95,0.00,"84,550.85"
ID13829,10-Jan-2026,Charge,0.00,571.47,"4,463.26"
ID13829,06-Jan-2026,Interest,255.55,0.00,"75,300.18"
ID13829,04-Jan-2026,Debit Card,0.00,944.39,"7,363.45"
ID13829,17-Jan-2026,Interest,268.22,0.00,"44,194.90"
ID13829,31-Jan-2026,Charge,0.00,656.52,"73,773.95"
ID13829,09-Jan-2026,Interest,104.17,0.00,"64,145.86"
ID13829,18-Mar-2026,Interest,148.88,0.00,"99,935.57"
ID13829,03-Jan-2026,Transfer,0.00,233.78,"27,180.30"
ID13829,06-Feb-2026,ATM Withdrawal,0.00,219.32,"92,242.74"
ID13830,12-Feb-2026,Debit Card,0.00,969.16,"12,159.81"
ID13830,16-Feb-2026,Reversal,0.00,"1,210.94","69,168.66"
ID13830,19-Mar-2026,Payment,0.00,393.86,"55,146.75"
ID13830,25-Feb-2026,Transfer,"1,384.54",0.00,"44,544.19"
ID13830,10-Jan-2026,Payment,0.00,385.43,"18,532.94"
ID13830,02-Feb-2026,Transfer,181.03,0.00,"98,245.00"
ID13830,11-Jan-2026,Reversal,982.37,0.00,"40,143.78"
ID13830,08-Feb-2026,ATM Withdrawal,0.00,900.40,"90,804.32"
ID13830,03-Apr-2026,Payment,"1,428.64",0.00,"16,011.72"
ID13830,30-Mar-2026,Direct Deposit,"3,787.80",0.00,"22,484.05"
ID13830,23-Feb-2026,Direct Deposit,"4,676.42",0.00,"78,864.66"
ID13830,01-Apr-2026,Debit Card,0.00,29.51,"11,923.91"
ID13830,09-Jan-2026,Direct Deposit,"2,982.35",0.00,"31,751.77"
ID13830,18-Mar-2026,Interest,37.40,0.00,"20,930.63"
ID13830,07-Jan-2026,Transfer,0.00,426.41,"70,325.22"
ID13830,03-Mar-2026,Direct Deposit,"3,645.00",0.00,"59,503.08"
ID13830,23-Mar-2026,Direct Deposit,"2,248.50",0.00,"38,950.03"
ID13830,07-Feb-2026,Charge,0.00,449.95,"56,216.53"
ID13830,15-Mar-2026,Payment,418.40,0.00,"18,484.07"
ID13830,08-Mar-2026,Transfer,"1,692.36",0.00,"50,875.11"
ID13831,25-Mar-2026,Reversal,0.00,"1,073.23","93,155.09"
ID13831,27-Jan-2026,Transfer,0.00,802.02,"57,601.63"
ID13831,25-Feb-2026,Reversal,0.00,835.98,"34,873.64"
ID13831,07-Jan-2026,ATM Withdrawal,0.00,170.86,"89,156.63"
ID13831,16-Feb-2026,Debit Card,0.00,373.14,"27,108.43"
ID13831,24-Mar-2026,Interest,50.29,0.00,"12,044.73"
ID13831,07-Feb-2026,Charge,0.00,848.33,"43,335.76"
ID13831,02-Apr-2026,Interest,312.61,0.00,"75,539.57"
ID13831,13-Feb-2026,Direct Deposit,"4,844.58",0.00,"92,540.56"
ID13831,16-Jan-2026,Transfer,0.00,"1,112.22","51,468.97"
ID13831,02-Mar-2026,Interest,25.39,0.00,"67,213.65"
ID13831,28-Mar-2026,Charge,0.00,573.35,"46,562.63"
ID13831,06-Mar-2026,Interest,483.82,0.00,"42,205.44"
ID13831,27-Mar-2026,Payment,0.00,256.81,"71,502.22"
ID13831,25-Feb-2026,ATM Withdrawal,0.00,851.64,"14,733.34"
ID13831,03-Feb-2026,Reversal,567.15,0.00,"70,500.80"
ID13831,07-Feb-2026,Transfer,0.00,"1,112.69","12,646.77"
ID13831,27-Feb-2026,Charge,0.00,483.03,"86,887.75"
ID13831,14-Jan-2026,Direct Deposit,"3,815.19",0.00,"68,088.21"
ID13831,20-Jan-2026,Reversal,0.00,"1,097.01","32,102.17"
ID13832,24-Feb-2026,Charge,0.00,38.69,"99,892.12"
ID13832,18-Jan-2026,ATM Withdrawal,0.00,926.85,"24,362.66"
ID13832,26-Feb-2026,ATM Withdrawal,0.00,707.42,"75,420.95"
ID13832,17-Jan-2026,Interest,451.06,0.00,"20,476.38"
ID13832,03-Apr-2026,Payment,0.00,"1,392.58","41,763.32"
ID13832,23-Mar-2026,Direct Deposit,"2,275.56",0.00,"65,462.61"
ID13832,19-Mar-2026,Direct Deposit,"3,955.14",0.00,"72,725.16"
ID13832,01-Apr-2026,ATM Withdrawal,0.00,55.85,"67,343.06"
ID13832,24-Feb-2026,Direct Deposit,"2,660.69",0.00,"1,778.20"
ID13832,29-Mar-2026,ATM Withdrawal,0.00,985.90,"8,646.42"
ID13832,13-Jan-2026,Debit Card,0.00,276.50,"63,757.41"
ID13832,25-Jan-2026,Direct Deposit,"4,059.58",0.00,"8,824.29"
ID13832,25-Feb-2026,Interest,459.87,0.00,"93,535.45"
ID13832,14-Jan-2026,Payment,0.00,746.99,"57,951.46"
ID13832,21-Mar-2026,Direct Deposit,"4,746.86",0.00,"82,081.14"
ID13832,28-Mar-2026,Interest,242.82,0.00,"87,350.79"
ID13832,27-Mar-2026,Debit Card,0.00,633.65,"2,727.20"
ID13832,18-Jan-2026,Debit Card,0.00,736.61,"84,067.01"
ID13832,22-Mar-2026,Transfer,273.36,0.00,"85,148.10"
ID13832,09-Jan-2026,Reversal,0.00,"1,007.45","11,748.58"
ID13833,15-Feb-2026,Transfer,"1,978.44",0.00,"94,535.51"
ID13833,18-Jan-2026,Transfer,828.64,0.00,"86,036.37"
ID13833,16-Mar-2026,Debit Card,0.00,828.63,"46,573.43"
ID13833,29-Jan-2026,ATM Withdrawal,0.00,120.73,"63,038.15"
ID13833,17-Feb-2026,Transfer,0.00,328.28,"23,415.75"
ID13833,04-Jan-2026,Charge,0.00,834.03,"90,545.23"
ID13833,07-Mar-2026,ATM Withdrawal,0.00,844.70,"33,361.10"
ID13833,21-Feb-2026,Transfer,0.00,284.65,"10,567.92"
ID13833,29-Mar-2026,Direct Deposit,"2,226.07",0.00,"48,679.55"
ID13833,16-Mar-2026,Direct Deposit,"2,670.09",0.00,"10,049.61"
ID13833,09-Feb-2026,Transfer,0.00,"1,309.51","56,982.00"
ID13833,14-Mar-2026,Payment,0.00,99.89,"34,736.57"
ID13833,25-Feb-2026,Debit Card,0.00,984.40,"91,211.01"
ID13833,27-Mar-2026,Interest,369.66,0.00,"34,593.72"
ID13833,25-Jan-2026,Charge,0.00,206.17,"12,332.19"
ID13833,02-Mar-2026,Direct Deposit,"2,810.30",0.00,"21,845.75"
ID13833,18-Mar-2026,Interest,373.40,0.00,"70,416.30"
ID13833,09-Mar-2026,Interest,37.99,0.00,"10,190.63"
ID13833,15-Mar-2026,Direct Deposit,"3,972.29",0.00,"24,743.13"
ID13833,05-Mar-2026,Debit Card,0.00,195.77,"27,476.85"
ID13834,24-Feb-2026,Transfer,"1,449.63",0.00,"52,519.87"
ID13834,28-Feb-2026,Transfer,0.00,"1,092.25","14,855.48"
ID13834,04-Jan-2026,ATM Withdrawal,0.00,727.75,"24,509.65"
ID13834,23-Jan-2026,ATM Withdrawal,0.00,824.25,"27,239.66"
ID13834,08-Jan-2026,Direct Deposit,"4,801.75",0.00,"14,226.65"
ID13834,29-Mar-2026,Direct Deposit,"4,039.21",0.00,"41,439.73"
ID13834,05-Mar-2026,Charge,0.00,902.53,"25,334.98"
ID13834,26-Mar-2026,Transfer,"1,258.99",0.00,"59,475.54"
ID13834,26-Mar-2026,Transfer,0.00,"1,184.73","8,870.31"
ID13834,23-Feb-2026,Charge,0.00,447.77,"15,536.76"
ID13834,17-Feb-2026,ATM Withdrawal,0.00,239.49,"13,304.25"
ID13834,11-Feb-2026,Direct Deposit,"1,924.84",0.00,"39,772.80"
ID13834,19-Jan-2026,Direct Deposit,"3,696.46",0.00,"32,071.35"
ID13834,04-Jan-2026,ATM Withdrawal,0.00,34.79,"12,109.71"
ID13834,18-Jan-2026,Interest,198.33,0.00,"67,094.63"
ID13834,09-Mar-2026,Payment,0.00,762.42,"5,887.59"
ID13834,25-Mar-2026,Charge,0.00,259.82,"52,473.09"
ID13834,03-Jan-2026,Charge,0.00,589.67,"45,648.35"
ID13834,01-Feb-2026,Transfer,0.00,107.92,"59,685.72"
ID13834,12-Feb-2026,Direct Deposit,"4,964.68",0.00,"84,868.63"
ID13835,16-Jan-2026,Payment,"1,356.28",0.00,"52,959.39"
ID13835,20-Mar-2026,ATM Withdrawal,0.00,770.35,"46,046.77"
ID13835,11-Mar-2026,Charge,0.00,224.76,"68,471.29"
ID13835,05-Mar-2026,Payment,0.00,"1,352.64","84,592.12"
ID13835,20-Feb-2026,Interest,419.30,0.00,"92,211.22"
ID13835,20-Mar-2026,Direct Deposit,"4,302.21",0.00,"41,277.68"
ID13835,03-Mar-2026,Payment,129.12,0.00,"18,511.37"
ID13835,18-Feb-2026,Direct Deposit,"3,342.51",0.00,"25,164.86"
ID13835,11-Mar-2026,Interest,369.39,0.00,"30,340.97"
ID13835,01-Mar-2026,Payment,539.62,0.00,"20,442.67"
ID13835,18-Mar-2026,Payment,503.13,0.00,"27,895.07"
ID13835,09-Mar-2026,Direct Deposit,"2,648.79",0.00,"71,978.92"
ID13835,28-Jan-2026,ATM Withdrawal,0.00,277.24,"6,020.38"
ID13835,07-Feb-2026,Direct Deposit,"3,461.45",0.00,"16,002.39"
ID13835,30-Jan-2026,Transfer,0.00,669.27,"63,245.00"
ID13835,26-Jan-2026,Transfer,842.29,0.00,"8,854.23"
ID13835,10-Mar-2026,Charge,0.00,263.97,"78,910.57"
ID13835,25-Mar-2026,Payment,0.00,"1,476.32","1,372.90"
ID13835,03-Mar-2026,Direct Deposit,"4,324.19",0.00,"62,715.29"
ID13835,22-Feb-2026,Payment,"1,922.38",0.00,"92,776.27"
ID13836,19-Feb-2026,Reversal,989.94,0.00,"30,481.35"
ID13836,03-Feb-2026,Charge,0.00,651.64,"14,334.29"
ID13836,20-Feb-2026,Direct Deposit,656.45,0.00,"18,031.59"
ID13836,10-Mar-2026,Debit Card,0.00,303.35,"60,647.76"
ID13836,08-Jan-2026,Interest,119.40,0.00,"75,043.07"
ID13836,27-Mar-2026,Transfer,"1,404.77",0.00,"58,110.52"
ID13836,04-Jan-2026,Reversal,0.00,915.12,"14,972.78"
ID13836,29-Mar-2026,Debit Card,0.00,770.04,"67,800.02"
ID13836,25-Jan-2026,Charge,0.00,411.24,"78,194.98"
ID13836,14-Mar-2026,Transfer,"1,944.42",0.00,"58,680.84"
ID13836,10-Mar-2026,Transfer,"1,682.19",0.00,"50,491.45"
ID13836,27-Jan-2026,ATM Withdrawal,0.00,165.85,"11,730.84"
ID13836,27-Feb-2026,Transfer,234.37,0.00,"90,109.27"
ID13836,18-Mar-2026,Reversal,"1,848.25",0.00,"62,064.01"
ID13836,25-Jan-2026,Charge,0.00,542.22,"1,231.23"
ID13836,06-Jan-2026,Interest,83.77,0.00,"68,323.27"
ID13836,17-Jan-2026,Payment,"1,346.85",0.00,"57,103.78"
ID13836,08-Feb-2026,Charge,0.00,674.00,"31,771.54"
ID13836,11-Jan-2026,Transfer,0.00,201.95,"61,727.51"
ID13836,13-Feb-2026,Transfer,0.00,635.07,"44,054.02"
ID13837,30-Mar-2026,Direct Deposit,"1,624.38",0.00,"20,872.22"
ID13837,08-Jan-2026,Debit Card,0.00,404.48,"91,379.09"
ID13837,13-Jan-2026,Payment,0.00,"1,485.47","60,910.68"
ID13837,16-Feb-2026,Interest,284.51,0.00,"93,776.38"
ID13837,31-Jan-2026,ATM Withdrawal,0.00,509.62,"73,091.51"
ID13837,26-Jan-2026,Payment,0.00,"1,104.89","66,684.99"
ID13837,19-Jan-2026,Charge,0.00,158.80,"34,521.38"
ID13837,29-Mar-2026,Debit Card,0.00,465.00,"58,884.56"
ID13837,05-Feb-2026,Charge,0.00,758.30,"62,282.58"
ID13837,18-Feb-2026,Debit Card,0.00,190.28,"54,428.41"
ID13837,17-Jan-2026,Transfer,451.34,0.00,"60,383.91"
ID13837,21-Feb-2026,Payment,"1,421.49",0.00,"3,878.69"
ID13837,01-Apr-2026,Charge,0.00,159.53,"36,218.22"
ID13837,17-Feb-2026,Debit Card,0.00,403.55,"67,681.11"
ID13837,01-Apr-2026,ATM Withdrawal,0.00,341.22,"50,327.78"
ID13837,21-Feb-2026,Direct Deposit,"4,437.84",0.00,"88,164.35"
ID13837,13-Mar-2026,Debit Card,0.00,540.07,"6,595.90"
ID13837,16-Jan-2026,Payment,0.00,315.46,"79,407.17"
ID13837,03-Jan-2026,Reversal,0.00,531.64,"28,232.29"
ID13837,06-Jan-2026,Reversal,"1,573.09",0.00,"4,934.62"
ID13838,10-Feb-2026,Transfer,0.00,"1,108.14","2,881.78"
ID13838,25-Feb-2026,Direct Deposit,"2,136.17",0.00,"37,836.44"
ID13838,13-Feb-2026,Transfer,0.00,912.39,"78,830.96"
ID13838,01-Apr-2026,Interest,220.37,0.00,"80,983.34"
ID13838,23-Jan-2026,Debit Card,0.00,738.66,"25,509.53"
ID13838,12-Feb-2026,Debit Card,0.00,479.64,"82,808.42"
ID13838,08-Jan-2026,Charge,0.00,488.31,"70,659.43"
ID13838,14-Jan-2026,Payment,0.00,323.33,"92,839.68"
ID13838,14-Feb-2026,Charge,0.00,540.06,"77,639.07"
ID13838,01-Mar-2026,Debit Card,0.00,751.03,"70,402.61"
ID13838,03-Apr-2026,Transfer,"1,558.42",0.00,"2,169.25"
ID13838,21-Jan-2026,Transfer,0.00,185.41,"72,897.21"
ID13838,19-Jan-2026,Debit Card,0.00,353.15,"15,283.05"
ID13838,19-Feb-2026,Payment,823.66,0.00,"75,240.36"
ID13838,04-Feb-2026,Payment,0.00,"1,075.94","59,169.66"
ID13838,13-Jan-2026,Interest,26.52,0.00,"65,685.17"
ID13838,23-Jan-2026,Reversal,0.00,"1,296.36","60,262.02"
ID13838,11-Mar-2026,Reversal,"1,802.91",0.00,"29,299.86"
ID13838,04-Feb-2026,Debit Card,0.00,674.93,"83,073.50"
ID13838,23-Mar-2026,Interest,493.41,0.00,"20,750.12"
ID13839,22-Mar-2026,Charge,0.00,867.21,"73,641.82"
ID13839,21-Feb-2026,Interest,215.75,0.00,"32,294.60"
ID13839,16-Feb-2026,Charge,0.00,559.66,"6,886.99"
ID13839,22-Jan-2026,Direct Deposit,"4,581.28",0.00,"36,828.25"
ID13839,22-Mar-2026,Charge,0.00,667.49,"66,089.95"
ID13839,11-Jan-2026,Payment,843.63,0.00,"47,777.68"
ID13839,23-Jan-2026,ATM Withdrawal,0.00,776.68,"80,239.09"
ID13839,28-Mar-2026,Interest,387.70,0.00,"19,531.66"
ID13839,26-Feb-2026,Debit Card,0.00,527.64,"68,280.60"
ID13839,06-Feb-2026,Charge,0.00,791.32,"44,752.00"
ID13839,14-Mar-2026,Reversal,0.00,865.73,"36,524.12"
ID13839,31-Mar-2026,Payment,0.00,560.24,"59,379.90"
ID13839,28-Mar-2026,Debit Card,0.00,564.85,"60,611.65"
ID13839,03-Apr-2026,Interest,454.24,0.00,"38,187.29"
ID13839,07-Mar-2026,Direct Deposit,"3,058.93",0.00,"45,225.74"
ID13839,01-Apr-2026,ATM Withdrawal,0.00,606.58,"24,218.07"
ID13839,31-Mar-2026,Interest,272.32,0.00,"41,002.91"
ID13839,22-Feb-2026,Transfer,0.00,"1,237.59","61,485.19"
ID13839,27-Jan-2026,Direct Deposit,"4,072.78",0.00,"83,160.20"
ID13839,27-Mar-2026,ATM Withdrawal,0.00,889.15,"13,218.55"
ID13840,05-Feb-2026,Charge,0.00,159.13,"55,625.69"
ID13840,04-Jan-2026,ATM Withdrawal,0.00,462.37,"19,213.99"
ID13840,16-Mar-2026,Interest,421.83,0.00,"42,855.30"
ID13840,26-Feb-2026,Debit Card,0.00,22.17,"41,560.59"
ID13840,14-Jan-2026,ATM Withdrawal,0.00,983.41,"10,270.84"
ID13840,19-Mar-2026,Transfer,0.00,323.32,"71,373.72"
ID13840,06-Jan-2026,Debit Card,0.00,79.38,"41,284.43"
ID13840,02-Feb-2026,ATM Withdrawal,0.00,593.48,"19,930.56"
ID13840,06-Mar-2026,Charge,0.00,266.50,"50,588.79"
ID13840,08-Feb-2026,Interest,251.10,0.00,"84,713.47"
ID13840,05-Mar-2026,Interest,271.92,0.00,"41,358.75"
ID13840,25-Feb-2026,Reversal,598.73,0.00,"76,812.27"
ID13840,19-Jan-2026,Transfer,0.00,730.13,"52,100.17"
ID13840,31-Mar-2026,Debit Card,0.00,435.85,"96,782.85"
ID13840,17-Mar-2026,Charge,0.00,258.35,"80,226.72"
ID13840,03-Feb-2026,Transfer,266.61,0.00,"33,778.29"
ID13840,08-Jan-2026,Debit Card,0.00,163.64,"85,704.24"
ID13840,28-Jan-2026,Reversal,0.00,"1,410.59","30,718.59"
ID13840,22-Mar-2026,Interest,169.12,0.00,"61,624.61"
ID13840,16-Jan-2026,ATM Withdrawal,0.00,560.69,"45,202.66"
ID13841,19-Jan-2026,ATM Withdrawal,0.00,858.69,"82,170.95"
ID13841,08-Feb-2026,Transfer,0.00,808.58,"48,083.09"
ID13841,16-Jan-2026,Direct Deposit,"4,398.23",0.00,"10,702.54"
ID13841,11-Jan-2026,Payment,0.00,79.88,"86,989.72"
ID13841,08-Jan-2026,Debit Card,0.00,416.90,"64,320.72"
ID13841,24-Feb-2026,Debit Card,0.00,410.16,"18,650.05"
ID13841,23-Mar-2026,Interest,68.41,0.00,"48,658.56"
ID13841,20-Mar-2026,Payment,225.35,0.00,"43,965.60"
ID13841,03-Apr-2026,Charge,0.00,220.79,"94,180.56"
ID13841,25-Mar-2026,Transfer,"1,087.83",0.00,"73,731.70"
ID13841,13-Mar-2026,Charge,0.00,379.26,"51,947.33"
ID13841,01-Apr-2026,Payment,566.85,0.00,"80,370.07"
ID13841,17-Feb-2026,Transfer,0.00,577.08,"55,836.40"
ID13841,20-Jan-2026,ATM Withdrawal,0.00,52.07,"98,484.24"
ID13841,14-Feb-2026,Interest,165.60,0.00,"63,092.81"
ID13841,14-Jan-2026,Transfer,0.00,"1,165.49","52,216.21"
ID13841,23-Jan-2026,Direct Deposit,"4,144.57",0.00,"63,223.15"
ID13841,09-Feb-2026,Transfer,0.00,888.58,"45,240.30"
ID13841,11-Jan-2026,Reversal,0.00,541.12,"51,574.68"
ID13841,21-Feb-2026,Transfer,884.31,0.00,"64,298.66"
ID13842,13-Mar-2026,Direct Deposit,"1,777.89",0.00,"87,663.60"
ID13842,05-Jan-2026,Payment,"1,358.51",0.00,"42,076.51"
ID13842,30-Jan-2026,Interest,444.38,0.00,"51,257.81"
ID13842,04-Mar-2026,Debit Card,0.00,176.86,"52,795.28"
ID13842,22-Feb-2026,Charge,0.00,602.60,"50,481.67"
ID13842,25-Mar-2026,Reversal,"1,343.12",0.00,"68,234.82"
ID13842,19-Feb-2026,Transfer,"1,724.83",0.00,"6,474.62"
ID13842,23-Mar-2026,Debit Card,0.00,454.54,"90,472.48"
ID13842,26-Mar-2026,Debit Card,0.00,249.72,"48,475.93"
ID13842,15-Mar-2026,ATM Withdrawal,0.00,191.47,"56,976.93"
ID13842,05-Jan-2026,Charge,0.00,849.33,"2,917.60"
ID13842,02-Apr-2026,ATM Withdrawal,0.00,878.59,"28,449.03"
ID13842,21-Jan-2026,Payment,302.48,0.00,"24,794.21"
ID13842,28-Feb-2026,Charge,0.00,956.12,"5,297.35"
ID13842,19-Mar-2026,Direct Deposit,"4,277.36",0.00,"45,182.64"
ID13842,26-Jan-2026,Debit Card,0.00,172.99,"80,937.48"
ID13842,09-Mar-2026,Direct Deposit,"2,604.92",0.00,"79,758.83"
ID13842,03-Apr-2026,Transfer,0.00,920.11,"35,108.41"
ID13842,29-Jan-2026,Debit Card,0.00,60.50,"56,683.50"
ID13842,07-Jan-2026,Payment,0.00,510.78,"82,021.15"
ID13843,16-Mar-2026,Payment,0.00,259.59,"79,842.58"
ID13843,24-Jan-2026,Reversal,"1,453.36",0.00,"52,504.05"
ID13843,11-Jan-2026,Reversal,0.00,327.66,"42,861.86"
ID13843,05-Feb-2026,Debit Card,0.00,444.85,"99,030.53"
ID13843,05-Mar-2026,Interest,223.05,0.00,"93,192.00"
ID13843,19-Mar-2026,Reversal,0.00,877.76,"16,406.25"
ID13843,30-Mar-2026,Debit Card,0.00,18.48,"58,348.91"
ID13843,10-Feb-2026,Direct Deposit,"3,287.19",0.00,"86,115.86"
ID13843,27-Jan-2026,Interest,493.97,0.00,"55,762.66"
ID13843,05-Mar-2026,ATM Withdrawal,0.00,882.61,"60,479.92"
ID13843,15-Feb-2026,Debit Card,0.00,702.17,"38,412.08"
ID13843,08-Mar-2026,Charge,0.00,440.41,"26,248.95"
ID13843,15-Mar-2026,Reversal,0.00,914.05,"74,460.13"
ID13843,16-Mar-2026,Interest,268.09,0.00,"34,219.73"
ID13843,21-Jan-2026,Direct Deposit,"2,610.59",0.00,"51,624.58"
ID13843,22-Jan-2026,Reversal,0.00,"1,299.02","68,553.39"
ID13843,12-Mar-2026,Debit Card,0.00,237.80,"70,826.06"
ID13843,12-Jan-2026,Debit Card,0.00,898.23,"39,406.01"
ID13843,08-Feb-2026,Direct Deposit,"1,179.35",0.00,"64,536.37"
ID13843,23-Feb-2026,Charge,0.00,887.62,"28,779.53"
ID13844,04-Feb-2026,Direct Deposit,"2,849.38",0.00,"85,007.02"
ID13844,07-Jan-2026,Payment,903.65,0.00,"23,897.79"
ID13844,27-Mar-2026,Charge,0.00,278.97,"57,754.43"
ID13844,01-Feb-2026,ATM Withdrawal,0.00,652.65,"84,540.08"
ID13844,25-Mar-2026,ATM Withdrawal,0.00,820.46,"45,030.92"
ID13844,07-Mar-2026,Reversal,"1,584.89",0.00,"41,904.00"
ID13844,31-Jan-2026,Direct Deposit,"3,550.73",0.00,"37,527.41"
ID13844,27-Jan-2026,Payment,0.00,"1,141.79","71,983.34"
ID13844,08-Mar-2026,Reversal,"1,718.31",0.00,"58,225.62"
ID13844,21-Jan-2026,Payment,0.00,716.86,"52,450.62"
ID13844,27-Mar-2026,Debit Card,0.00,553.37,"39,195.92"
ID13844,27-Feb-2026,Transfer,0.00,237.73,"59,202.93"
ID13844,11-Jan-2026,Direct Deposit,"2,716.25",0.00,"77,937.45"
ID13844,21-Jan-2026,Payment,"1,830.73",0.00,"39,648.29"
ID13844,02-Apr-2026,Direct Deposit,"1,375.00",0.00,"45,660.95"
ID13844,25-Jan-2026,Payment,0.00,148.72,"17,920.05"
ID13844,22-Mar-2026,Debit Card,0.00,627.85,"20,350.87"
ID13844,24-Mar-2026,Debit Card,0.00,750.09,"65,090.95"
ID13844,29-Mar-2026,Reversal,"1,256.34",0.00,"82,506.29"
ID13844,09-Feb-2026,Transfer,0.00,204.82,"23,102.73"
ID13845,14-Mar-2026,Interest,443.91,0.00,"64,343.97"
ID13845,23-Feb-2026,Transfer,0.00,"1,482.00","76,783.23"
ID13845,07-Mar-2026,Transfer,0.00,92.23,"16,920.08"
ID13845,24-Jan-2026,Charge,0.00,448.53,"68,112.29"
ID13845,24-Mar-2026,Transfer,0.00,411.90,"10,522.19"
ID13845,14-Mar-2026,Payment,0.00,"1,339.86","64,992.43"
ID13845,21-Feb-2026,Interest,424.61,0.00,"55,547.07"
ID13845,16-Jan-2026,ATM Withdrawal,0.00,524.78,"92,670.81"
ID13845,30-Mar-2026,Transfer,0.00,"1,085.38","36,440.42"
ID13845,18-Mar-2026,Transfer,"1,800.27",0.00,"73,874.61"
ID13845,19-Mar-2026,Transfer,903.32,0.00,"47,259.71"
ID13845,07-Mar-2026,ATM Withdrawal,0.00,206.99,"8,002.57"
ID13845,24-Mar-2026,Payment,723.80,0.00,"25,808.60"
ID13845,25-Feb-2026,Debit Card,0.00,959.99,"30,094.81"
ID13845,27-Jan-2026,Direct Deposit,739.79,0.00,"86,357.38"
ID13845,26-Feb-2026,Debit Card,0.00,157.10,"61,692.34"
ID13845,12-Mar-2026,ATM Withdrawal,0.00,275.44,"21,010.82"
ID13845,26-Mar-2026,Transfer,0.00,657.82,"1,953.10"
ID13845,21-Feb-2026,Charge,0.00,173.69,"33,313.31"
ID13845,25-Feb-2026,Reversal,"1,562.45",0.00,"39,558.84"
ID13846,11-Jan-2026,Interest,165.38,0.00,"54,794.16"
ID13846,25-Jan-2026,Transfer,0.00,285.19,"37,887.90"
ID13846,19-Mar-2026,Reversal,0.00,618.79,"90,356.82"
ID13846,25-Mar-2026,Direct Deposit,"3,413.25",0.00,"81,395.32"
ID13846,15-Mar-2026,ATM Withdrawal,0.00,917.10,"62,838.63"
ID13846,16-Jan-2026,ATM Withdrawal,0.00,214.03,"28,849.78"
ID13846,12-Jan-2026,Charge,0.00,600.54,"6,567.45"
ID13846,19-Feb-2026,Transfer,0.00,524.25,"64,527.81"
ID13846,27-Feb-2026,Reversal,"1,037.74",0.00,"38,841.37"
ID13846,21-Mar-2026,Charge,0.00,340.93,"24,842.27"
ID13846,21-Jan-2026,ATM Withdrawal,0.00,546.04,"50,583.92"
ID13846,29-Mar-2026,Transfer,530.00,0.00,"79,759.53"
ID13846,07-Jan-2026,Transfer,0.00,417.82,"74,482.41"
ID13846,11-Feb-2026,ATM Withdrawal,0.00,651.45,"57,858.65"
ID13846,25-Mar-2026,Charge,0.00,168.11,"83,070.34"
ID13846,21-Feb-2026,Payment,0.00,"1,445.66","6,298.87"
ID13846,31-Mar-2026,Charge,0.00,95.81,"9,635.42"
ID13846,29-Jan-2026,Direct Deposit,"2,702.81",0.00,"40,435.08"
ID13846,19-Mar-2026,Payment,"1,304.26",0.00,"13,190.68"
ID13846,01-Apr-2026,ATM Withdrawal,0.00,825.61,"95,036.42"
ID13847,13-Mar-2026,Reversal,"1,315.31",0.00,"92,442.27"
ID13847,12-Feb-2026,Debit Card,0.00,539.45,"5,916.36"
ID13847,03-Mar-2026,Reversal,653.72,0.00,"43,456.43"
ID13847,17-Feb-2026,Debit Card,0.00,725.20,"52,531.96"
ID13847,28-Feb-2026,Payment,0.00,306.99,"23,620.69"
ID13847,01-Feb-2026,Charge,0.00,281.09,"81,684.78"
ID13847,20-Feb-2026,Transfer,"1,644.28",0.00,"32,110.11"
ID13847,30-Mar-2026,Interest,206.37,0.00,"96,144.53"
ID13847,03-Mar-2026,Interest,191.26,0.00,"38,905.47"
ID13847,05-Jan-2026,Reversal,0.00,"1,471.08","55,374.26"
ID13847,12-Mar-2026,Debit Card,0.00,97.99,"73,290.82"
ID13847,09-Jan-2026,Payment,"1,598.41",0.00,"15,863.20"
ID13847,06-Mar-2026,Payment,803.71,0.00,"6,462.65"
ID13847,09-Mar-2026,Debit Card,0.00,585.95,"70,462.32"
ID13847,10-Mar-2026,Interest,320.88,0.00,"37,581.06"
ID13847,19-Jan-2026,Payment,"1,645.91",0.00,"75,068.83"
ID13847,05-Feb-2026,Reversal,189.87,0.00,"48,303.29"
ID13847,27-Feb-2026,Charge,0.00,658.56,"94,825.86"
ID13847,22-Mar-2026,Reversal,0.00,604.48,"84,901.57"
ID13847,03-Jan-2026,ATM Withdrawal,0.00,245.81,"21,412.64"
ID13848,12-Jan-2026,Debit Card,0.00,369.83,"31,303.53"
ID13848,23-Mar-2026,Interest,466.41,0.00,"70,678.49"
ID13848,05-Mar-2026,Debit Card,0.00,662.00,"47,704.92"
ID13848,20-Feb-2026,Interest,164.59,0.00,"8,725.49"
ID13848,07-Feb-2026,ATM Withdrawal,0.00,232.12,"31,768.17"
ID13848,04-Mar-2026,Charge,0.00,593.78,"42,322.51"
ID13848,12-Mar-2026,Transfer,0.00,390.44,"84,154.86"
ID13848,03-Mar-2026,Interest,208.35,0.00,"57,502.36"
ID13848,13-Feb-2026,Reversal,"1,421.48",0.00,"82,849.64"
ID13848,22-Jan-2026,Reversal,0.00,799.95,"2,839.27"
ID13848,30-Jan-2026,Transfer,"1,502.84",0.00,"9,532.94"
ID13848,05-Mar-2026,Reversal,"1,446.78",0.00,"19,735.01"
ID13848,23-Mar-2026,ATM Withdrawal,0.00,904.51,"77,525.72"
ID13848,26-Mar-2026,Payment,563.55,0.00,"45,163.31"
ID13848,28-Feb-2026,Debit Card,0.00,178.45,"18,108.29"
ID13848,31-Jan-2026,Payment,0.00,163.01,"72,505.95"
ID13848,11-Feb-2026,Interest,445.29,0.00,"18,379.19"
ID13848,05-Feb-2026,ATM Withdrawal,0.00,84.87,"44,173.49"
ID13848,06-Feb-2026,Direct Deposit,"3,688.92",0.00,"92,261.12"
ID13848,30-Mar-2026,ATM Withdrawal,0.00,522.16,"33,820.87"
ID13849,04-Feb-2026,Direct Deposit,"1,462.13",0.00,"50,582.23"
ID13849,07-Mar-2026,Interest,480.07,0.00,"5,528.47"
ID13849,16-Jan-2026,Interest,435.81,0.00,"5,254.56"
ID13849,22-Feb-2026,ATM Withdrawal,0.00,642.21,"5,127.41"
ID13849,05-Jan-2026,ATM Withdrawal,0.00,970.57,"97,319.97"
ID13849,30-Jan-2026,Charge,0.00,182.16,"96,330.66"
ID13849,02-Mar-2026,Reversal,"1,926.26",0.00,"70,477.16"
ID13849,27-Jan-2026,Interest,250.93,0.00,"45,297.36"
ID13849,19-Jan-2026,Debit Card,0.00,772.05,"62,827.20"
ID13849,07-Jan-2026,Payment,0.00,155.93,"29,314.17"
ID13849,23-Jan-2026,Reversal,109.43,0.00,"96,121.75"
ID13849,26-Mar-2026,ATM Withdrawal,0.00,306.37,"69,669.51"
ID13849,06-Jan-2026,ATM Withdrawal,0.00,964.44,"57,364.22"
ID13849,11-Mar-2026,Interest,18.19,0.00,"14,997.97"
ID13849,10-Jan-2026,Interest,292.64,0.00,"3,713.42"
ID13849,05-Mar-2026,ATM Withdrawal,0.00,893.41,"54,068.67"
ID13849,01-Apr-2026,Transfer,0.00,"1,320.73","37,604.62"
ID13849,09-Feb-2026,Direct Deposit,"3,581.91",0.00,"6,184.13"
ID13849,18-Jan-2026,Charge,0.00,646.01,"40,714.75"
ID13849,10-Mar-2026,Interest,422.56,0.00,"8,026.11"
ID13850,09-Mar-2026,Payment,0.00,"1,185.07","37,464.07"
ID13850,22-Jan-2026,Direct Deposit,850.16,0.00,"40,919.24"
ID13850,04-Mar-2026,Interest,58.52,0.00,"30,748.64"
ID13850,05-Feb-2026,Charge,0.00,710.30,"43,389.73"
ID13850,03-Jan-2026,Reversal,0.00,310.73,"40,584.43"
ID13850,26-Feb-2026,Transfer,209.40,0.00,"98,952.66"
ID13850,19-Jan-2026,Charge,0.00,509.74,"37,974.33"
ID13850,22-Feb-2026,Direct Deposit,"2,078.41",0.00,"13,887.03"
ID13850,26-Feb-2026,Debit Card,0.00,482.27,"63,083.00"
ID13850,24-Jan-2026,Charge,0.00,331.39,"89,761.10"
ID13850,17-Feb-2026,Payment,"1,124.89",0.00,"71,849.75"
ID13850,02-Feb-2026,Debit Card,0.00,687.38,"46,984.07"
ID13850,13-Jan-2026,Direct Deposit,"3,583.00",0.00,"66,841.43"
ID13850,11-Jan-2026,Charge,0.00,864.43,"9,011.72"
ID13850,06-Mar-2026,Transfer,609.53,0.00,"80,244.75"
ID13850,10-Feb-2026,Payment,"1,812.97",0.00,"10,388.24"
ID13850,18-Feb-2026,Debit Card,0.00,599.75,"50,618.97"
ID13850,03-Jan-2026,Debit Card,0.00,678.95,"28,929.66"
ID13850,27-Jan-2026,Interest,476.50,0.00,"20,013.28"
ID13850,14-Feb-2026,Reversal,0.00,"1,014.70","82,120.87"
ID13851,20-Feb-2026,Reversal,461.67,0.00,"54,824.91"
ID13851,11-Feb-2026,Debit Card,0.00,596.68,"30,068.68"
ID13851,26-Feb-2026,Direct Deposit,"2,097.67",0.00,"59,077.37"
ID13851,28-Jan-2026,Debit Card,0.00,128.41,"4,429.47"
ID13851,07-Feb-2026,Interest,68.55,0.00,"82,166.84"
ID13851,29-Jan-2026,ATM Withdrawal,0.00,466.22,"41,767.96"
ID13851,21-Jan-2026,Reversal,"1,382.72",0.00,"38,618.02"
ID13851,14-Jan-2026,Reversal,"1,236.34",0.00,"66,875.35"
ID13851,16-Jan-2026,ATM Withdrawal,0.00,785.06,"35,153.50"
ID13851,25-Jan-2026,Charge,0.00,124.00,"8,569.45"
ID13851,03-Mar-2026,ATM Withdrawal,0.00,282.76,"61,134.44"
ID13851,28-Mar-2026,Debit Card,0.00,678.62,"45,280.59"
ID13851,11-Feb-2026,Payment,"1,748.07",0.00,"47,695.91"
ID13851,29-Mar-2026,Payment,374.67,0.00,"21,144.16"
ID13851,14-Jan-2026,ATM Withdrawal,0.00,508.82,"96,893.12"
ID13851,09-Jan-2026,Payment,"1,455.39",0.00,"22,165.86"
ID13851,08-Feb-2026,ATM Withdrawal,0.00,995.69,"45,128.05"
ID13851,02-Apr-2026,Payment,0.00,"1,486.56","75,870.50"
ID13851,07-Mar-2026,Transfer,0.00,"1,215.13","77,897.76"
ID13851,01-Mar-2026,Debit Card,0.00,978.74,"73,224.89"
ID13852,11-Mar-2026,Reversal,0.00,250.90,"77,794.60"
ID13852,26-Feb-2026,ATM Withdrawal,0.00,67.92,"84,009.81"
ID13852,13-Feb-2026,Direct Deposit,"4,332.82",0.00,"88,508.81"
ID13852,08-Mar-2026,Transfer,"1,097.99",0.00,"85,361.92"
ID13852,18-Feb-2026,Charge,0.00,105.34,"8,430.35"
ID13852,27-Mar-2026,Direct Deposit,"1,917.90",0.00,"17,792.00"
ID13852,06-Mar-2026,Charge,0.00,22.87,"28,070.24"
ID13852,05-Feb-2026,Reversal,0.00,424.89,"24,056.48"
ID13852,10-Mar-2026,Reversal,0.00,904.68,"10,502.96"
ID13852,16-Jan-2026,Charge,0.00,888.43,"31,804.60"
ID13852,25-Mar-2026,Payment,"1,039.68",0.00,"94,223.67"
ID13852,03-Jan-2026,Payment,"1,348.07",0.00,"80,539.07"
ID13852,03-Mar-2026,Transfer,0.00,618.00,"16,827.83"
ID13852,19-Jan-2026,ATM Withdrawal,0.00,614.62,"75,125.02"
ID13852,03-Mar-2026,Reversal,0.00,523.63,"1,616.62"
ID13852,30-Jan-2026,Reversal,0.00,279.64,"90,661.25"
ID13852,02-Apr-2026,Payment,255.61,0.00,"93,551.60"
ID13852,07-Jan-2026,Reversal,"1,639.67",0.00,"73,647.75"
ID13852,15-Jan-2026,Reversal,0.00,782.72,"73,776.21"
ID13852,06-Feb-2026,Direct Deposit,"4,741.48",0.00,"12,156.13"
ID13853,07-Feb-2026,ATM Withdrawal,0.00,687.58,"70,379.08"
ID13853,03-Feb-2026,Reversal,0.00,993.10,"14,884.50"
ID13853,02-Feb-2026,Interest,496.18,0.00,"38,607.94"
ID13853,08-Feb-2026,ATM Withdrawal,0.00,11.29,"44,638.60"
ID13853,23-Feb-2026,Payment,"1,268.49",0.00,"34,438.73"
ID13853,15-Feb-2026,ATM Withdrawal,0.00,939.49,"40,882.34"
ID13853,17-Jan-2026,Interest,322.86,0.00,"23,226.03"
ID13853,18-Feb-2026,Interest,60.57,0.00,"10,392.22"
ID13853,02-Apr-2026,Payment,0.00,877.68,"32,440.72"
ID13853,21-Feb-2026,Charge,0.00,872.45,"64,773.85"
ID13853,16-Jan-2026,ATM Withdrawal,0.00,508.89,"27,434.23"
ID13853,27-Jan-2026,Payment,0.00,"1,497.12","40,239.03"
ID13853,03-Jan-2026,Transfer,"1,548.92",0.00,"82,925.89"
ID13853,28-Feb-2026,Transfer,168.87,0.00,"68,209.93"
ID13853,10-Feb-2026,Transfer,0.00,904.50,"96,698.33"
ID13853,07-Jan-2026,Interest,249.32,0.00,"18,308.09"
ID13853,04-Feb-2026,Interest,372.34,0.00,"81,573.49"
ID13853,31-Jan-2026,Interest,228.94,0.00,"82,109.30"
ID13853,02-Apr-2026,ATM Withdrawal,0.00,294.59,"22,718.24"
ID13853,15-Feb-2026,Charge,0.00,295.04,"15,253.05"
ID13854,07-Feb-2026,Charge,0.00,540.88,"68,617.54"
ID13854,15-Jan-2026,Reversal,0.00,"1,021.62","6,933.71"
ID13854,07-Jan-2026,Direct Deposit,"1,185.98",0.00,"68,522.63"
ID13854,08-Mar-2026,ATM Withdrawal,0.00,678.69,"82,576.07"
ID13854,24-Mar-2026,Transfer,0.00,"1,431.21","32,062.18"
ID13854,13-Feb-2026,ATM Withdrawal,0.00,404.82,"99,200.58"
ID13854,08-Feb-2026,Charge,0.00,741.40,"43,957.52"
ID13854,24-Jan-2026,Charge,0.00,139.55,"55,015.27"
ID13854,14-Mar-2026,Interest,413.79,0.00,"99,629.06"
ID13854,10-Jan-2026,ATM Withdrawal,0.00,606.91,"42,625.78"
ID13854,24-Mar-2026,Direct Deposit,"1,872.08",0.00,"75,357.40"
ID13854,31-Mar-2026,Direct Deposit,"3,797.01",0.00,"54,870.75"
ID13854,11-Mar-2026,ATM Withdrawal,0.00,996.95,"70,808.90"
ID13854,29-Mar-2026,Direct Deposit,"3,749.50",0.00,"3,055.16"
ID13854,06-Jan-2026,Transfer,0.00,389.64,"69,583.68"
ID13854,07-Jan-2026,ATM Withdrawal,0.00,286.55,"81,779.33"
ID13854,22-Jan-2026,Interest,396.69,0.00,"35,258.50"
ID13854,04-Jan-2026,Reversal,"1,327.58",0.00,"51,401.08"
ID13854,19-Mar-2026,Interest,93.23,0.00,"17,229.32"
ID13854,14-Jan-2026,Direct Deposit,"2,095.74",0.00,"91,641.93"
ID13855,19-Jan-2026,ATM Withdrawal,0.00,158.59,"85,430.54"
ID13855,03-Apr-2026,Debit Card,0.00,254.50,"86,836.08"
ID13855,09-Jan-2026,Debit Card,0.00,108.83,"26,917.12"
ID13855,15-Mar-2026,Charge,0.00,874.06,"43,823.02"
ID13855,20-Feb-2026,ATM Withdrawal,0.00,316.67,"79,180.71"
ID13855,25-Feb-2026,Debit Card,0.00,976.92,"78,026.20"
ID13855,10-Feb-2026,Payment,0.00,66.82,"86,934.16"
ID13855,06-Feb-2026,Payment,"1,899.40",0.00,"82,554.22"
ID13855,15-Mar-2026,Reversal,573.21,0.00,"8,012.07"
ID13855,03-Jan-2026,Interest,187.01,0.00,"90,735.44"
ID13855,25-Feb-2026,Transfer,"1,667.51",0.00,"89,781.24"
ID13855,26-Jan-2026,Direct Deposit,"1,162.73",0.00,"77,982.30"
ID13855,23-Mar-2026,Interest,45.30,0.00,"99,264.24"
ID13855,24-Jan-2026,Payment,0.00,606.69,"26,316.62"
ID13855,16-Jan-2026,Reversal,873.84,0.00,"18,817.52"
ID13855,22-Jan-2026,Interest,23.92,0.00,"56,375.65"
ID13855,06-Feb-2026,Reversal,"1,341.26",0.00,"34,272.16"
ID13855,18-Jan-2026,Direct Deposit,"1,100.70",0.00,"45,456.05"
ID13855,23-Jan-2026,Payment,"1,792.46",0.00,"78,667.15"
ID13855,30-Mar-2026,Payment,998.63,0.00,"36,733.15"
ID13856,12-Feb-2026,Reversal,0.00,"1,017.09","23,461.89"
ID13856,01-Apr-2026,Transfer,0.00,656.23,"28,398.30"
ID13856,07-Mar-2026,Payment,0.00,493.11,"22,859.59"
ID13856,19-Jan-2026,Transfer,"1,105.02",0.00,"83,191.40"
ID13856,16-Mar-2026,Reversal,0.00,729.23,"77,626.48"
ID13856,07-Feb-2026,Transfer,0.00,459.12,"43,435.30"
ID13856,13-Mar-2026,Debit Card,0.00,791.99,"28,734.24"
ID13856,06-Jan-2026,Direct Deposit,"4,354.99",0.00,"16,401.76"
ID13856,19-Mar-2026,Payment,0.00,522.75,"59,923.10"
ID13856,07-Feb-2026,Charge,0.00,722.06,"62,393.61"
ID13856,17-Mar-2026,Direct Deposit,"2,385.96",0.00,"83,781.91"
ID13856,18-Jan-2026,Charge,0.00,208.94,"50,886.14"
ID13856,07-Mar-2026,ATM Withdrawal,0.00,699.89,"7,251.58"
ID13856,19-Mar-2026,Interest,59.06,0.00,"49,915.95"
ID13856,18-Jan-2026,Interest,281.91,0.00,"43,121.98"
ID13856,11-Feb-2026,Direct Deposit,"1,168.74",0.00,"22,356.33"
ID13856,19-Jan-2026,Payment,401.81,0.00,"13,883.49"
ID13856,15-Mar-2026,Transfer,0.00,546.93,"10,983.59"
ID13856,07-Feb-2026,Transfer,0.00,"1,351.91","51,472.25"
ID13856,07-Feb-2026,Payment,0.00,"1,223.26","47,438.46"
ID13857,06-Jan-2026,Reversal,0.00,633.86,"59,390.86"
ID13857,09-Feb-2026,Interest,57.25,0.00,"96,376.16"
ID13857,03-Feb-2026,Interest,363.73,0.00,"4,465.05"
ID13857,25-Jan-2026,Reversal,0.00,205.70,"86,186.98"
ID13857,07-Feb-2026,Transfer,"1,576.22",0.00,"25,482.72"
ID13857,08-Mar-2026,ATM Withdrawal,0.00,44.03,"51,336.43"
ID13857,06-Mar-2026,Reversal,0.00,686.71,"71,271.82"
ID13857,18-Feb-2026,Transfer,"1,177.00",0.00,"30,340.02"
ID13857,28-Feb-2026,Direct Deposit,"1,435.67",0.00,"42,922.61"
ID13857,20-Feb-2026,ATM Withdrawal,0.00,343.96,"79,315.89"
ID13857,19-Jan-2026,Reversal,0.00,538.84,"66,957.36"
ID13857,23-Feb-2026,Direct Deposit,"1,146.55",0.00,"79,220.41"
ID13857,13-Mar-2026,Transfer,0.00,"1,149.09","41,122.43"
ID13857,07-Feb-2026,Reversal,942.94,0.00,"5,730.92"
ID13857,23-Jan-2026,Charge,0.00,728.18,"47,876.69"
ID13857,12-Jan-2026,Debit Card,0.00,406.03,"13,347.22"
ID13857,17-Jan-2026,Charge,0.00,988.04,"36,631.27"
ID13857,16-Jan-2026,Debit Card,0.00,688.87,"70,957.81"
ID13857,16-Jan-2026,Reversal,0.00,596.40,"36,597.42"
ID13857,31-Mar-2026,Interest,490.76,0.00,"23,247.03"
ID13858,19-Mar-2026,Direct Deposit,"3,177.25",0.00,"3,360.96"
ID13858,15-Mar-2026,Charge,0.00,47.15,"16,220.59"
ID13858,06-Feb-2026,Transfer,887.93,0.00,"46,086.42"
ID13858,10-Mar-2026,Charge,0.00,240.54,"76,174.84"
ID13858,17-Feb-2026,Transfer,"1,596.42",0.00,"75,137.15"
ID13858,11-Jan-2026,ATM Withdrawal,0.00,640.72,"98,873.52"
ID13858,02-Feb-2026,Direct Deposit,"4,835.94",0.00,"21,768.55"
ID13858,06-Jan-2026,Direct Deposit,"2,727.78",0.00,"27,446.49"
ID13858,07-Feb-2026,Reversal,0.00,412.54,"55,795.87"
ID13858,19-Mar-2026,Interest,352.62,0.00,"31,800.63"
ID13858,05-Mar-2026,Transfer,132.17,0.00,"88,385.09"
ID13858,20-Mar-2026,Reversal,"1,678.83",0.00,"91,281.69"
ID13858,26-Feb-2026,Interest,263.69,0.00,"35,601.00"
ID13858,16-Mar-2026,Debit Card,0.00,249.74,"31,107.10"
ID13858,24-Jan-2026,ATM Withdrawal,0.00,256.04,"86,292.28"
ID13858,07-Jan-2026,ATM Withdrawal,0.00,626.17,"77,598.56"
ID13858,20-Jan-2026,Reversal,786.28,0.00,"84,202.12"
ID13858,14-Mar-2026,ATM Withdrawal,0.00,41.98,"10,125.78"
ID13858,07-Mar-2026,Reversal,0.00,"1,346.39","68,993.60"
ID13858,04-Jan-2026,Debit Card,0.00,21.05,"61,105.25"
ID13859,17-Feb-2026,Direct Deposit,"2,809.66",0.00,"8,756.32"
ID13859,10-Feb-2026,Payment,362.99,0.00,"85,669.20"
ID13859,10-Mar-2026,Debit Card,0.00,828.03,"15,177.19"
ID13859,30-Jan-2026,Transfer,0.00,904.89,"21,881.88"
ID13859,20-Jan-2026,Payment,0.00,"1,139.46","74,494.79"
ID13859,17-Mar-2026,Debit Card,0.00,143.87,"90,131.07"
ID13859,04-Mar-2026,Charge,0.00,41.50,"24,883.19"
ID13859,14-Feb-2026,Reversal,0.00,739.20,"70,231.83"
ID13859,05-Jan-2026,Reversal,"1,065.31",0.00,"60,088.27"
ID13859,02-Apr-2026,Transfer,"1,986.39",0.00,"72,729.17"
ID13859,27-Mar-2026,ATM Withdrawal,0.00,655.45,"34,244.77"
ID13859,03-Feb-2026,Reversal,0.00,310.00,"31,142.89"
ID13859,07-Mar-2026,ATM Withdrawal,0.00,104.03,"67,302.00"
ID13859,07-Jan-2026,ATM Withdrawal,0.00,238.41,"82,147.50"
ID13859,24-Mar-2026,Transfer,"1,016.30",0.00,"75,287.84"
ID13859,03-Feb-2026,Debit Card,0.00,303.86,"9,105.22"
ID13859,31-Jan-2026,Transfer,"1,199.92",0.00,"19,377.99"
ID13859,09-Mar-2026,Debit Card,0.00,897.51,"30,472.38"
ID13859,13-Feb-2026,Transfer,"1,920.44",0.00,"75,050.91"
ID13859,10-Jan-2026,Direct Deposit,"4,054.16",0.00,"49,821.69"
ID13860,18-Jan-2026,Charge,0.00,497.95,"79,458.13"
ID13860,11-Mar-2026,Charge,0.00,378.78,"83,717.11"
ID13860,15-Jan-2026,Interest,39.35,0.00,"92,332.16"
ID13860,24-Mar-2026,Charge,0.00,849.91,"47,270.62"
ID13860,25-Mar-2026,Transfer,"1,574.61",0.00,"76,534.56"
ID13860,27-Feb-2026,Reversal,"1,503.56",0.00,"41,990.96"
ID13860,25-Feb-2026,Reversal,"1,380.51",0.00,"65,562.87"
ID13860,09-Mar-2026,Payment,0.00,"1,062.37","32,370.23"
ID13860,10-Feb-2026,Debit Card,0.00,396.30,"80,446.51"
ID13860,28-Feb-2026,Direct Deposit,936.99,0.00,"18,285.05"
ID13860,13-Mar-2026,Reversal,0.00,"1,046.50","63,707.67"
ID13860,27-Feb-2026,Interest,134.75,0.00,"12,102.25"
ID13860,05-Mar-2026,ATM Withdrawal,0.00,657.76,"32,512.12"
ID13860,31-Jan-2026,Interest,136.37,0.00,"70,078.94"
ID13860,11-Mar-2026,Charge,0.00,472.23,"28,704.68"
ID13860,08-Mar-2026,Payment,0.00,874.22,"32,887.16"
ID13860,10-Mar-2026,ATM Withdrawal,0.00,440.91,"58,674.54"
ID13860,28-Feb-2026,Debit Card,0.00,512.05,"74,034.58"
ID13860,02-Mar-2026,Charge,0.00,826.19,"49,874.75"
ID13860,23-Mar-2026,Interest,149.54,0.00,"66,308.85"
ID13861,08-Mar-2026,Payment,557.10,0.00,"38,392.43"
ID13861,18-Jan-2026,Debit Card,0.00,332.04,"16,540.55"
ID13861,20-Feb-2026,Interest,12.66,0.00,"54,878.24"
ID13861,17-Jan-2026,Interest,128.06,0.00,"53,061.86"
ID13861,22-Jan-2026,Direct Deposit,"3,156.26",0.00,"89,035.09"
ID13861,15-Feb-2026,ATM Withdrawal,0.00,62.61,"55,373.64"
ID13861,10-Jan-2026,Direct Deposit,628.03,0.00,"9,259.08"
ID13861,09-Feb-2026,Debit Card,0.00,807.24,"53,370.91"
ID13861,27-Mar-2026,Debit Card,0.00,696.50,"45,765.45"
ID13861,24-Feb-2026,Interest,277.64,0.00,"13,812.76"
ID13861,24-Jan-2026,Debit Card,0.00,680.55,"77,848.00"
ID13861,15-Feb-2026,Payment,191.19,0.00,"9,615.18"
ID13861,01-Apr-2026,Interest,215.00,0.00,"60,420.13"
ID13861,06-Feb-2026,Charge,0.00,224.55,"9,401.57"
ID13861,15-Jan-2026,Direct Deposit,"2,812.03",0.00,"10,461.74"
ID13861,23-Jan-2026,Direct Deposit,"4,277.06",0.00,"80,911.87"
ID13861,27-Jan-2026,Transfer,102.15,0.00,"98,112.58"
ID13861,08-Mar-2026,ATM Withdrawal,0.00,468.13,"81,675.00"
ID13861,12-Feb-2026,Direct Deposit,"1,173.72",0.00,"68,539.30"
ID13861,08-Jan-2026,Direct Deposit,"2,563.60",0.00,"79,301.86"
ID13862,29-Mar-2026,Interest,174.40,0.00,"58,662.29"
ID13862,28-Mar-2026,Reversal,"1,064.73",0.00,"4,610.15"
ID13862,05-Feb-2026,ATM Withdrawal,0.00,911.34,"57,939.51"
ID13862,28-Jan-2026,Transfer,0.00,829.94,"83,133.74"
ID13862,01-Mar-2026,ATM Withdrawal,0.00,883.48,"6,147.02"
ID13862,14-Jan-2026,Debit Card,0.00,27.88,"89,892.09"
ID13862,15-Feb-2026,Charge,0.00,572.48,"9,236.84"
ID13862,06-Feb-2026,Interest,216.88,0.00,"72,419.41"
ID13862,17-Feb-2026,ATM Withdrawal,0.00,608.72,"43,281.76"
ID13862,18-Mar-2026,ATM Withdrawal,0.00,588.72,"37,962.71"
ID13862,13-Mar-2026,Debit Card,0.00,791.40,"19,422.36"
ID13862,16-Mar-2026,Payment,530.87,0.00,"64,645.57"
ID13862,18-Jan-2026,Transfer,0.00,87.11,"63,189.78"
ID13862,01-Mar-2026,Direct Deposit,874.87,0.00,"16,053.29"
ID13862,05-Mar-2026,Charge,0.00,720.22,"89,561.68"
ID13862,13-Jan-2026,Transfer,"1,274.82",0.00,"51,740.62"
ID13862,27-Feb-2026,Transfer,"1,444.43",0.00,"80,369.67"
ID13862,04-Mar-2026,Reversal,"1,421.82",0.00,"18,136.42"
ID13862,01-Apr-2026,Interest,324.08,0.00,"16,276.37"
ID13862,19-Feb-2026,Interest,290.99,0.00,"17,646.48"
ID13863,22-Feb-2026,Charge,0.00,244.28,"18,532.65"
ID13863,18-Mar-2026,Payment,568.93,0.00,"18,226.56"
ID13863,06-Mar-2026,Debit Card,0.00,110.93,"46,236.83"
ID13863,19-Feb-2026,Interest,182.59,0.00,"81,546.22"
ID13863,15-Jan-2026,Reversal,439.42,0.00,"84,342.10"
ID13863,29-Jan-2026,ATM Withdrawal,0.00,154.01,"19,114.24"
ID13863,16-Jan-2026,Debit Card,0.00,90.17,"38,458.86"
ID13863,27-Feb-2026,Interest,428.35,0.00,"28,283.01"
ID13863,16-Feb-2026,Debit Card,0.00,480.39,"34,321.40"
ID13863,22-Mar-2026,Payment,932.34,0.00,"65,564.79"
ID13863,28-Mar-2026,Reversal,"1,161.96",0.00,"22,415.78"
ID13863,05-Mar-2026,Transfer,0.00,"1,075.67","3,913.95"
ID13863,23-Mar-2026,Reversal,111.50,0.00,"83,239.51"
ID13863,02-Mar-2026,Payment,0.00,"1,411.60","85,082.96"
ID13863,07-Jan-2026,Transfer,495.26,0.00,"68,133.65"
ID13863,27-Jan-2026,Reversal,0.00,597.28,"57,626.02"
ID13863,26-Jan-2026,Debit Card,0.00,340.83,"85,130.14"
ID13863,21-Feb-2026,Debit Card,0.00,422.45,"30,012.21"
ID13863,20-Feb-2026,Transfer,150.78,0.00,"51,086.73"
ID13863,20-Feb-2026,Direct Deposit,"1,410.80",0.00,"9,776.00"
ID13864,15-Feb-2026,Transfer,0.00,513.10,"74,544.36"
ID13864,02-Feb-2026,Interest,311.19,0.00,"48,965.27"
ID13864,19-Jan-2026,Transfer,"1,412.18",0.00,"64,912.04"
ID13864,30-Jan-2026,Direct Deposit,"3,824.30",0.00,"56,074.54"
ID13864,01-Apr-2026,Direct Deposit,"2,770.85",0.00,"53,493.30"
ID13864,11-Mar-2026,Payment,0.00,967.32,"73,800.32"
ID13864,17-Feb-2026,Reversal,0.00,"1,242.41","15,075.54"
ID13864,27-Feb-2026,Transfer,882.54,0.00,"66,293.98"
ID13864,06-Mar-2026,Transfer,"1,494.95",0.00,"35,568.56"
ID13864,19-Feb-2026,Charge,0.00,271.05,"20,242.88"
ID13864,26-Mar-2026,Debit Card,0.00,512.83,"9,466.61"
ID13864,15-Jan-2026,Charge,0.00,390.87,"41,091.17"
ID13864,12-Mar-2026,Interest,185.77,0.00,"38,493.84"
ID13864,14-Jan-2026,ATM Withdrawal,0.00,709.43,"56,104.94"
ID13864,08-Mar-2026,Charge,0.00,940.95,"23,020.65"
ID13864,26-Mar-2026,Interest,236.20,0.00,"77,384.13"
ID13864,03-Jan-2026,Interest,13.39,0.00,"67,176.89"
ID13864,15-Mar-2026,ATM Withdrawal,0.00,835.99,"58,298.06"
ID13864,10-Jan-2026,Charge,0.00,45.21,"60,034.89"
ID13864,26-Mar-2026,Interest,272.61,0.00,"70,222.22"
ID13865,21-Feb-2026,ATM Withdrawal,0.00,310.13,"30,806.88"
ID13865,12-Jan-2026,ATM Withdrawal,0.00,410.39,"97,527.27"
ID13865,22-Jan-2026,Reversal,"1,540.51",0.00,"75,938.75"
ID13865,27-Mar-2026,Reversal,"1,448.93",0.00,"42,452.41"
ID13865,14-Jan-2026,Reversal,"1,447.86",0.00,"15,461.97"
ID13865,03-Apr-2026,Direct Deposit,671.94,0.00,"75,586.57"
ID13865,02-Apr-2026,Direct Deposit,"3,232.04",0.00,"77,592.65"
ID13865,23-Jan-2026,Transfer,0.00,"1,146.63","92,411.06"
ID13865,09-Feb-2026,Direct Deposit,"4,142.70",0.00,"12,149.13"
ID13865,07-Feb-2026,Reversal,481.73,0.00,"67,305.75"
ID13865,16-Feb-2026,Interest,27.51,0.00,"87,720.00"
ID13865,08-Jan-2026,ATM Withdrawal,0.00,83.64,"90,063.28"
ID13865,01-Mar-2026,Debit Card,0.00,294.55,"31,882.61"
ID13865,28-Mar-2026,Payment,0.00,"1,130.17","8,015.73"
ID13865,03-Mar-2026,Interest,476.00,0.00,"83,648.89"
ID13865,23-Jan-2026,Reversal,0.00,220.75,"75,716.92"
ID13865,02-Mar-2026,Interest,157.28,0.00,"53,903.57"
ID13865,02-Feb-2026,Transfer,0.00,404.01,"88,328.79"
ID13865,18-Mar-2026,Interest,235.71,0.00,"94,711.81"
ID13865,20-Jan-2026,Interest,466.41,0.00,"21,146.07"
ID13866,02-Mar-2026,Debit Card,0.00,691.86,"98,673.07"
ID13866,23-Feb-2026,Debit Card,0.00,702.05,"19,777.65"
ID13866,15-Feb-2026,Reversal,"1,941.80",0.00,"77,961.32"
ID13866,09-Feb-2026,Transfer,915.01,0.00,"16,814.26"
ID13866,06-Mar-2026,Payment,765.96,0.00,"94,961.89"
ID13866,25-Feb-2026,Transfer,"1,282.88",0.00,"71,754.17"
ID13866,01-Mar-2026,Payment,317.59,0.00,"10,910.24"
ID13866,16-Feb-2026,Direct Deposit,"1,321.43",0.00,"77,720.21"
ID13866,23-Feb-2026,Debit Card,0.00,263.28,"18,346.68"
ID13866,04-Feb-2026,Debit Card,0.00,462.27,"66,270.58"
ID13866,02-Feb-2026,Interest,172.69,0.00,"41,538.21"
ID13866,08-Jan-2026,Reversal,"1,797.27",0.00,"3,503.66"
ID13866,17-Feb-2026,Interest,53.02,0.00,"12,107.40"
ID13866,24-Jan-2026,Payment,0.00,368.76,"62,294.98"
ID13866,26-Mar-2026,Debit Card,0.00,175.94,"89,850.57"
ID13866,22-Jan-2026,Debit Card,0.00,23.19,"86,880.06"
ID13866,26-Mar-2026,Debit Card,0.00,142.80,"56,489.34"
ID13866,01-Feb-2026,Transfer,0.00,538.76,"85,037.37"
ID13866,10-Feb-2026,ATM Withdrawal,0.00,170.11,"12,308.01"
ID13866,19-Mar-2026,Interest,370.38,0.00,"60,027.54"
ID13867,10-Jan-2026,Payment,"1,135.99",0.00,"54,078.97"
ID13867,06-Feb-2026,Interest,54.39,0.00,"85,754.60"
ID13867,06-Mar-2026,Direct Deposit,"2,161.75",0.00,"5,479.13"
ID13867,10-Mar-2026,Interest,35.15,0.00,"32,212.00"
ID13867,10-Feb-2026,Reversal,0.00,"1,388.38","85,971.28"
ID13867,13-Mar-2026,Transfer,897.93,0.00,"81,232.88"
ID13867,15-Mar-2026,Payment,0.00,237.48,"9,116.54"
ID13867,09-Feb-2026,ATM Withdrawal,0.00,208.19,"79,486.98"
ID13867,24-Mar-2026,Interest,204.85,0.00,"24,509.58"
ID13867,17-Mar-2026,Charge,0.00,807.15,"39,487.60"
ID13867,03-Jan-2026,Reversal,0.00,627.17,"10,997.32"
ID13867,02-Feb-2026,Debit Card,0.00,193.77,"34,816.58"
ID13867,14-Jan-2026,Debit Card,0.00,675.13,"48,522.38"
ID13867,25-Jan-2026,Charge,0.00,787.06,"86,288.95"
ID13867,23-Mar-2026,Direct Deposit,"1,662.75",0.00,"95,612.58"
ID13867,11-Jan-2026,ATM Withdrawal,0.00,636.01,"94,038.93"
ID13867,02-Mar-2026,Direct Deposit,"2,895.93",0.00,"83,181.59"
ID13867,03-Jan-2026,Debit Card,0.00,302.82,"67,760.42"
ID13867,15-Jan-2026,Transfer,"1,045.51",0.00,"86,644.73"
ID13867,03-Mar-2026,ATM Withdrawal,0.00,655.22,"12,937.84"
ID13868,31-Mar-2026,Payment,"1,522.25",0.00,"81,068.77"
ID13868,27-Feb-2026,Interest,173.24,0.00,"77,471.11"
ID13868,17-Jan-2026,Direct Deposit,"1,862.26",0.00,"10,066.62"
ID13868,19-Jan-2026,Direct Deposit,"1,126.31",0.00,"78,578.02"
ID13868,16-Jan-2026,Transfer,0.00,765.31,"58,438.22"
ID13868,28-Mar-2026,Payment,585.32,0.00,"18,359.89"
ID13868,29-Mar-2026,Debit Card,0.00,713.35,"96,595.37"
ID13868,17-Jan-2026,Transfer,976.49,0.00,"29,328.69"
ID13868,02-Feb-2026,Debit Card,0.00,645.13,"6,684.72"
ID13868,02-Mar-2026,Payment,0.00,"1,344.24","61,531.08"
ID13868,04-Mar-2026,Interest,356.99,0.00,"90,185.62"
ID13868,09-Mar-2026,Payment,202.52,0.00,"14,256.43"
ID13868,08-Mar-2026,Interest,272.96,0.00,"49,514.16"
ID13868,18-Mar-2026,ATM Withdrawal,0.00,835.72,"21,880.94"
ID13868,21-Jan-2026,Direct Deposit,"1,727.53",0.00,"97,295.69"
ID13868,18-Jan-2026,Payment,447.79,0.00,"23,998.07"
ID13868,27-Feb-2026,Debit Card,0.00,825.25,"1,114.37"
ID13868,04-Jan-2026,Transfer,"1,554.13",0.00,"70,364.64"
ID13868,02-Apr-2026,Reversal,0.00,905.12,"52,963.00"
ID13868,26-Jan-2026,Transfer,"1,723.46",0.00,"24,552.03"
ID13869,15-Jan-2026,ATM Withdrawal,0.00,238.61,"65,174.91"
ID13869,06-Mar-2026,Debit Card,0.00,480.51,"26,237.71"
ID13869,11-Mar-2026,Payment,"1,396.63",0.00,"51,757.24"
ID13869,17-Feb-2026,Interest,450.18,0.00,"64,842.91"
ID13869,21-Mar-2026,Reversal,0.00,373.38,"69,803.37"
ID13869,26-Feb-2026,Debit Card,0.00,88.49,"40,884.16"
ID13869,01-Mar-2026,Direct Deposit,"2,930.79",0.00,"70,369.87"
ID13869,15-Feb-2026,Transfer,"1,869.26",0.00,"80,405.50"
ID13869,30-Jan-2026,Transfer,570.67,0.00,"90,474.87"
ID13869,31-Jan-2026,Transfer,"1,756.21",0.00,"68,449.57"
ID13869,07-Feb-2026,Direct Deposit,"4,589.36",0.00,"81,442.33"
ID13869,15-Jan-2026,ATM Withdrawal,0.00,478.52,"74,716.15"
ID13869,27-Mar-2026,Transfer,0.00,355.38,"53,448.75"
ID13869,10-Mar-2026,Debit Card,0.00,191.63,"34,701.49"
ID13869,31-Mar-2026,ATM Withdrawal,0.00,573.64,"91,354.92"
ID13869,18-Feb-2026,Direct Deposit,"4,220.85",0.00,"45,569.96"
ID13869,17-Mar-2026,Charge,0.00,281.72,"68,918.29"
ID13869,21-Mar-2026,Debit Card,0.00,533.66,"56,641.28"
ID13869,21-Feb-2026,ATM Withdrawal,0.00,92.55,"23,167.06"
ID13869,14-Mar-2026,Direct Deposit,"4,405.78",0.00,"74,029.17"
ID13870,08-Mar-2026,Debit Card,0.00,69.36,"77,001.42"
ID13870,29-Jan-2026,Reversal,"1,613.60",0.00,"30,802.69"
ID13870,08-Mar-2026,Transfer,"1,722.56",0.00,"81,675.51"
ID13870,16-Mar-2026,Interest,214.38,0.00,"6,995.76"
ID13870,23-Jan-2026,Charge,0.00,187.21,"54,528.74"
ID13870,02-Mar-2026,Charge,0.00,379.54,"31,657.43"
ID13870,01-Feb-2026,Transfer,"1,391.54",0.00,"3,131.87"
ID13870,13-Mar-2026,Transfer,"1,239.34",0.00,"4,141.69"
ID13870,27-Feb-2026,Debit Card,0.00,46.58,"50,512.49"
ID13870,07-Feb-2026,Payment,0.00,683.60,"84,445.05"
ID13870,03-Mar-2026,ATM Withdrawal,0.00,625.21,"39,753.36"
ID13870,05-Jan-2026,Payment,890.90,0.00,"66,178.69"
ID13870,20-Jan-2026,Debit Card,0.00,594.27,"13,391.34"
ID13870,21-Mar-2026,Charge,0.00,793.74,"10,501.19"
ID13870,06-Mar-2026,Payment,0.00,122.06,"71,344.69"
ID13870,12-Mar-2026,Direct Deposit,"3,385.01",0.00,"72,330.57"
ID13870,24-Mar-2026,Reversal,0.00,273.12,"92,027.59"
ID13870,21-Jan-2026,Payment,319.19,0.00,"66,220.61"
ID13870,17-Mar-2026,Reversal,"1,043.37",0.00,"34,946.88"
ID13870,16-Jan-2026,Transfer,0.00,448.07,"23,315.64"
ID13871,07-Jan-2026,Charge,0.00,287.34,"27,070.34"
ID13871,13-Jan-2026,ATM Withdrawal,0.00,807.99,"50,931.73"
ID13871,30-Jan-2026,Interest,11.41,0.00,"70,699.64"
ID13871,09-Feb-2026,Direct Deposit,897.34,0.00,"94,772.22"
ID13871,02-Mar-2026,Direct Deposit,"1,943.84",0.00,"41,751.66"
ID13871,05-Mar-2026,Interest,488.93,0.00,"11,071.53"
ID13871,11-Feb-2026,Direct Deposit,991.63,0.00,"23,713.22"
ID13871,27-Mar-2026,Reversal,358.37,0.00,"67,166.16"
ID13871,13-Jan-2026,Charge,0.00,269.23,"60,678.14"
ID13871,18-Feb-2026,Debit Card,0.00,361.31,"8,979.43"
ID13871,03-Feb-2026,Transfer,0.00,250.18,"8,776.49"
ID13871,07-Jan-2026,Reversal,0.00,868.11,"68,097.30"
ID13871,05-Jan-2026,ATM Withdrawal,0.00,81.50,"91,596.47"
ID13871,24-Mar-2026,Debit Card,0.00,777.22,"10,785.00"
ID13871,11-Mar-2026,Transfer,0.00,352.34,"91,886.09"
ID13871,23-Mar-2026,Interest,389.28,0.00,"60,675.67"
ID13871,17-Jan-2026,Direct Deposit,"2,789.54",0.00,"85,220.46"
ID13871,09-Mar-2026,Payment,"1,726.26",0.00,"48,459.94"
ID13871,13-Jan-2026,Transfer,"1,920.88",0.00,"34,998.40"
ID13871,15-Mar-2026,Transfer,0.00,542.70,"60,260.34"
ID13872,25-Feb-2026,Transfer,"1,007.07",0.00,"30,364.18"
ID13872,17-Jan-2026,Interest,131.47,0.00,"82,590.10"
ID13872,27-Feb-2026,Payment,0.00,"1,206.49","60,845.30"
ID13872,17-Jan-2026,Payment,0.00,80.69,"19,600.58"
ID13872,07-Jan-2026,Debit Card,0.00,875.31,"64,155.07"
ID13872,15-Feb-2026,Direct Deposit,569.81,0.00,"20,526.21"
ID13872,22-Jan-2026,Debit Card,0.00,135.52,"29,428.41"
ID13872,12-Feb-2026,Transfer,"1,209.79",0.00,"35,318.24"
ID13872,24-Jan-2026,Interest,227.33,0.00,"50,587.02"
ID13872,08-Feb-2026,Transfer,"1,956.04",0.00,"78,875.04"
ID13872,08-Jan-2026,Reversal,0.00,372.64,"71,104.95"
ID13872,15-Mar-2026,Interest,322.42,0.00,"37,537.56"
ID13872,29-Jan-2026,ATM Withdrawal,0.00,413.53,"49,462.20"
ID13872,02-Mar-2026,Payment,0.00,579.60,"65,479.57"
ID13872,06-Feb-2026,Reversal,248.67,0.00,"75,575.83"
ID13872,22-Feb-2026,Direct Deposit,"3,549.89",0.00,"51,860.38"
ID13872,02-Feb-2026,Direct Deposit,"2,113.09",0.00,"52,473.58"
ID13872,06-Mar-2026,Interest,106.87,0.00,"7,343.80"
ID13872,30-Jan-2026,ATM Withdrawal,0.00,804.04,"28,593.17"
ID13872,03-Feb-2026,Interest,49.91,0.00,"58,818.70"
ID13873,27-Mar-2026,ATM Withdrawal,0.00,236.65,"81,906.42"
ID13873,10-Mar-2026,Debit Card,0.00,830.82,"32,203.53"
ID13873,30-Jan-2026,Direct Deposit,"2,054.07",0.00,"31,085.83"
ID13873,25-Jan-2026,Debit Card,0.00,749.45,"68,968.09"
ID13873,03-Jan-2026,Payment,0.00,273.93,"8,935.94"
ID13873,14-Mar-2026,Transfer,"1,167.32",0.00,"56,842.77"
ID13873,07-Mar-2026,Payment,0.00,519.46,"53,582.16"
ID13873,20-Mar-2026,Charge,0.00,112.16,"58,653.91"
ID13873,22-Mar-2026,Reversal,"1,708.36",0.00,"73,221.38"
ID13873,16-Jan-2026,Reversal,"1,551.98",0.00,"93,403.58"
ID13873,24-Jan-2026,Charge,0.00,909.34,"76,739.60"
ID13873,26-Feb-2026,Interest,399.71,0.00,"33,131.85"
ID13873,11-Jan-2026,Direct Deposit,"4,961.75",0.00,"16,666.36"
ID13873,04-Mar-2026,Charge,0.00,519.65,"78,616.05"
ID13873,14-Jan-2026,Debit Card,0.00,971.60,"36,310.77"
ID13873,22-Feb-2026,Interest,165.23,0.00,"65,698.06"
ID13873,06-Mar-2026,Interest,318.89,0.00,"3,450.24"
ID13873,08-Jan-2026,Interest,497.19,0.00,"74,707.01"
ID13873,19-Mar-2026,Reversal,"1,396.03",0.00,"72,014.15"
ID13873,01-Mar-2026,Charge,0.00,418.65,"98,439.20"
ID13874,23-Mar-2026,Interest,442.07,0.00,"69,696.45"
ID13874,16-Feb-2026,Charge,0.00,386.62,"92,023.58"
ID13874,29-Mar-2026,Payment,0.00,613.74,"88,850.94"
ID13874,06-Jan-2026,Charge,0.00,280.38,"83,817.64"
ID13874,14-Feb-2026,Payment,0.00,"1,216.59","87,257.15"
ID13874,04-Jan-2026,Charge,0.00,539.11,"98,949.72"
ID13874,24-Feb-2026,ATM Withdrawal,0.00,568.10,"35,175.76"
ID13874,06-Mar-2026,Transfer,"1,363.64",0.00,"73,713.36"
ID13874,04-Jan-2026,ATM Withdrawal,0.00,294.16,"80,143.08"
ID13874,07-Jan-2026,Direct Deposit,"4,782.72",0.00,"62,972.14"
ID13874,17-Jan-2026,Interest,156.01,0.00,"31,222.24"
ID13874,26-Jan-2026,Reversal,0.00,"1,005.82","49,404.13"
ID13874,07-Feb-2026,Charge,0.00,118.87,"98,967.15"
ID13874,14-Mar-2026,Charge,0.00,251.10,"66,034.27"
ID13874,16-Jan-2026,Direct Deposit,"1,780.48",0.00,"33,614.86"
ID13874,26-Jan-2026,Debit Card,0.00,771.10,"58,699.40"
ID13874,03-Feb-2026,Charge,0.00,53.05,"63,060.59"
ID13874,19-Jan-2026,Payment,148.83,0.00,"77,687.77"
ID13874,21-Feb-2026,Payment,685.13,0.00,"55,384.83"
ID13874,18-Mar-2026,Charge,0.00,282.15,"85,313.43"
ID13875,26-Jan-2026,Reversal,"1,062.91",0.00,"66,985.15"
ID13875,03-Jan-2026,ATM Withdrawal,0.00,772.90,"65,110.45"
ID13875,19-Mar-2026,Charge,0.00,331.52,"13,184.21"
ID13875,06-Mar-2026,Interest,39.35,0.00,"45,575.84"
ID13875,25-Jan-2026,Payment,0.00,495.49,"58,985.18"
ID13875,20-Mar-2026,Charge,0.00,811.28,"5,654.19"
ID13875,03-Jan-2026,Payment,"1,353.79",0.00,"91,540.05"
ID13875,20-Mar-2026,Interest,498.17,0.00,"70,839.00"
ID13875,26-Feb-2026,Transfer,"1,995.20",0.00,"35,545.73"
ID13875,20-Mar-2026,Interest,152.05,0.00,"20,262.17"
ID13875,04-Jan-2026,Payment,"1,005.59",0.00,"75,635.90"
ID13875,06-Mar-2026,Payment,"1,588.49",0.00,"50,523.64"
ID13875,24-Feb-2026,Reversal,758.56,0.00,"34,706.87"
ID13875,18-Feb-2026,Charge,0.00,689.92,"2,693.25"
ID13875,27-Feb-2026,Charge,0.00,722.53,"78,889.88"
ID13875,01-Apr-2026,ATM Withdrawal,0.00,866.63,"62,565.37"
ID13875,18-Jan-2026,Direct Deposit,506.47,0.00,"81,501.09"
ID13875,09-Jan-2026,Interest,166.27,0.00,"44,216.69"
ID13875,26-Mar-2026,Direct Deposit,"4,758.63",0.00,"51,792.11"
ID13875,25-Mar-2026,Interest,13.85,0.00,"24,065.18"
ID13876,09-Mar-2026,Reversal,0.00,741.68,"45,471.35"
ID13876,21-Jan-2026,Reversal,0.00,256.95,"17,608.94"
ID13876,28-Jan-2026,Charge,0.00,909.88,"4,021.64"
ID13876,29-Jan-2026,Charge,0.00,239.27,"12,070.94"
ID13876,18-Feb-2026,Transfer,0.00,888.05,"88,565.64"
ID13876,29-Mar-2026,ATM Withdrawal,0.00,61.44,"49,463.17"
ID13876,11-Feb-2026,Debit Card,0.00,173.73,"31,508.54"
ID13876,12-Jan-2026,Direct Deposit,"1,568.54",0.00,"88,510.62"
ID13876,22-Mar-2026,Direct Deposit,"1,831.14",0.00,"48,860.35"
ID13876,08-Mar-2026,ATM Withdrawal,0.00,172.67,"41,053.62"
ID13876,30-Mar-2026,Payment,"1,027.42",0.00,"69,893.36"
ID13876,21-Jan-2026,Interest,250.91,0.00,"12,052.99"
ID13876,17-Mar-2026,ATM Withdrawal,0.00,589.08,"56,794.52"
ID13876,12-Mar-2026,Interest,388.45,0.00,"85,296.15"
ID13876,12-Mar-2026,Payment,0.00,857.03,"54,668.07"
ID13876,10-Feb-2026,ATM Withdrawal,0.00,956.22,"71,920.88"
ID13876,07-Mar-2026,ATM Withdrawal,0.00,755.92,"50,308.53"
ID13876,05-Mar-2026,Transfer,"1,480.66",0.00,"61,064.05"
ID13876,20-Feb-2026,Debit Card,0.00,215.17,"25,984.81"
ID13876,02-Mar-2026,Payment,"1,143.39",0.00,"54,339.87"
ID13877,11-Mar-2026,Debit Card,0.00,552.46,"61,946.34"
ID13877,21-Feb-2026,Direct Deposit,"1,172.09",0.00,"34,051.48"
ID13877,22-Mar-2026,Interest,427.42,0.00,"92,219.54"
ID13877,08-Jan-2026,Reversal,259.51,0.00,"63,145.11"
ID13877,21-Feb-2026,Reversal,203.88,0.00,"72,432.71"
ID13877,26-Feb-2026,Charge,0.00,178.15,"35,393.38"
ID13877,28-Feb-2026,Debit Card,0.00,162.72,"67,642.11"
ID13877,24-Mar-2026,Interest,421.24,0.00,"71,526.91"
ID13877,20-Feb-2026,Debit Card,0.00,309.30,"18,920.87"
ID13877,06-Feb-2026,Interest,328.47,0.00,"45,541.82"
ID13877,04-Mar-2026,Interest,456.66,0.00,"65,691.24"
ID13877,28-Mar-2026,Direct Deposit,"1,885.48",0.00,"20,036.24"
ID13877,21-Jan-2026,Debit Card,0.00,762.76,"29,980.98"
ID13877,11-Mar-2026,Charge,0.00,220.73,"62,713.97"
ID13877,03-Apr-2026,Interest,374.92,0.00,"5,391.15"
ID13877,15-Jan-2026,Reversal,0.00,"1,284.02","62,727.34"
ID13877,25-Feb-2026,Direct Deposit,"3,630.34",0.00,"97,458.08"
ID13877,23-Feb-2026,Payment,0.00,642.81,"49,733.92"
ID13877,24-Feb-2026,Charge,0.00,19.35,"39,535.00"
ID13877,26-Jan-2026,Direct Deposit,"2,171.14",0.00,"98,453.16"
ID13878,12-Mar-2026,Reversal,0.00,"1,203.79","43,797.28"
ID13878,14-Jan-2026,Charge,0.00,745.94,"43,444.49"
ID13878,07-Feb-2026,Transfer,"1,451.91",0.00,"17,615.00"
ID13878,03-Feb-2026,Payment,"1,618.34",0.00,"33,087.92"
ID13878,24-Mar-2026,Transfer,0.00,630.54,"49,171.96"
ID13878,01-Feb-2026,Reversal,0.00,330.15,"46,356.78"
ID13878,29-Jan-2026,Charge,0.00,247.79,"83,268.03"
ID13878,11-Feb-2026,Direct Deposit,"1,888.02",0.00,"6,194.02"
ID13878,07-Jan-2026,Charge,0.00,766.78,"42,309.67"
ID13878,28-Jan-2026,Charge,0.00,322.71,"33,533.95"
ID13878,09-Mar-2026,Transfer,0.00,"1,398.76","2,332.82"
ID13878,27-Mar-2026,Interest,167.78,0.00,"63,566.92"
ID13878,27-Jan-2026,Interest,432.48,0.00,"37,957.52"
ID13878,14-Feb-2026,Transfer,"1,732.67",0.00,"42,479.63"
ID13878,02-Mar-2026,Interest,288.83,0.00,"88,162.56"
ID13878,03-Mar-2026,Payment,"1,695.24",0.00,"85,459.89"
ID13878,08-Jan-2026,Reversal,0.00,"1,494.87","27,700.69"
ID13878,20-Feb-2026,Direct Deposit,"3,986.30",0.00,"5,571.80"
ID13878,18-Jan-2026,Direct Deposit,"2,577.68",0.00,"73,384.97"
ID13878,08-Jan-2026,Payment,582.88,0.00,"98,833.11"
ID13879,28-Jan-2026,Transfer,0.00,318.15,"44,835.55"
ID13879,25-Feb-2026,Transfer,"1,406.12",0.00,"8,192.97"
ID13879,13-Feb-2026,Transfer,0.00,681.13,"43,775.86"
ID13879,06-Jan-2026,ATM Withdrawal,0.00,882.74,"89,471.94"
ID13879,02-Mar-2026,Transfer,264.43,0.00,"63,461.57"
ID13879,19-Mar-2026,Debit Card,0.00,15.06,"39,299.27"
ID13879,26-Mar-2026,Reversal,0.00,549.92,"31,074.07"
ID13879,29-Mar-2026,ATM Withdrawal,0.00,668.67,"87,009.04"
ID13879,07-Jan-2026,Interest,333.21,0.00,"73,502.90"
ID13879,31-Mar-2026,Payment,574.27,0.00,"72,228.39"
ID13879,06-Feb-2026,Transfer,0.00,298.16,"99,026.36"
ID13879,24-Jan-2026,ATM Withdrawal,0.00,818.21,"22,387.62"
ID13879,01-Feb-2026,Reversal,"1,932.80",0.00,"12,364.98"
ID13879,18-Mar-2026,Interest,437.75,0.00,"14,217.71"
ID13879,10-Mar-2026,Payment,591.19,0.00,"43,780.43"
ID13879,18-Jan-2026,Direct Deposit,"3,210.99",0.00,"85,544.39"
ID13879,20-Mar-2026,Charge,0.00,846.59,"66,051.81"
ID13879,20-Jan-2026,Charge,0.00,61.72,"40,387.24"
ID13879,04-Jan-2026,Reversal,"1,573.09",0.00,"12,176.00"
ID13879,03-Feb-2026,Charge,0.00,792.50,"60,253.86"
ID13880,26-Feb-2026,Direct Deposit,"4,707.70",0.00,"91,571.72"
ID13880,20-Mar-2026,Payment,0.00,315.76,"73,037.53"
ID13880,22-Mar-2026,Payment,"1,974.69",0.00,"32,409.52"
ID13880,08-Feb-2026,Charge,0.00,120.24,"64,804.87"
ID13880,09-Jan-2026,Charge,0.00,742.15,"22,324.13"
ID13880,03-Apr-2026,Reversal,"1,084.63",0.00,"8,943.26"
ID13880,28-Jan-2026,Interest,157.10,0.00,"49,503.55"
ID13880,07-Feb-2026,Debit Card,0.00,786.20,"18,842.38"
ID13880,05-Feb-2026,Transfer,0.00,"1,165.35","87,574.05"
ID13880,17-Jan-2026,Direct Deposit,"2,450.73",0.00,"48,621.28"
ID13880,16-Feb-2026,Interest,152.00,0.00,"81,122.74"
ID13880,22-Mar-2026,Payment,0.00,471.18,"99,584.56"
ID13880,03-Apr-2026,Transfer,0.00,497.97,"76,634.31"
ID13880,18-Feb-2026,Reversal,0.00,282.43,"15,659.12"
ID13880,29-Jan-2026,Payment,0.00,442.79,"53,099.25"
ID13880,15-Mar-2026,Charge,0.00,593.34,"75,065.50"
ID13880,03-Jan-2026,Transfer,"1,130.42",0.00,"65,296.35"
ID13880,16-Jan-2026,Debit Card,0.00,805.37,"8,021.62"
ID13880,03-Feb-2026,Charge,0.00,213.70,"55,608.77"
ID13880,26-Jan-2026,Payment,"1,111.00",0.00,"7,451.71"
ID13881,11-Mar-2026,Charge,0.00,856.10,"83,853.45"
ID13881,12-Mar-2026,Reversal,"1,359.31",0.00,"61,943.65"
ID13881,11-Feb-2026,Charge,0.00,959.03,"25,414.31"
ID13881,09-Mar-2026,Debit Card,0.00,398.05,"73,426.75"
ID13881,04-Mar-2026,Reversal,844.97,0.00,"52,053.21"
ID13881,24-Jan-2026,Transfer,0.00,386.98,"60,651.86"
ID13881,07-Feb-2026,Payment,855.48,0.00,"67,716.81"
ID13881,04-Jan-2026,Charge,0.00,996.39,"87,034.33"
ID13881,11-Feb-2026,Reversal,"1,635.25",0.00,"67,834.08"
ID13881,26-Feb-2026,Transfer,508.13,0.00,"29,949.96"
ID13881,16-Feb-2026,ATM Withdrawal,0.00,837.72,"46,235.02"
ID13881,19-Feb-2026,Direct Deposit,"4,995.74",0.00,"22,366.71"
ID13881,18-Jan-2026,Reversal,"1,989.56",0.00,"35,335.69"
ID13881,28-Mar-2026,Interest,45.03,0.00,"23,343.21"
ID13881,13-Mar-2026,Interest,127.22,0.00,"77,956.94"
ID13881,25-Feb-2026,Payment,"1,854.48",0.00,"56,647.90"
ID13881,04-Jan-2026,Debit Card,0.00,817.92,"84,543.50"
ID13881,20-Jan-2026,Charge,0.00,395.02,"69,816.12"
ID13881,20-Mar-2026,Transfer,0.00,748.17,"16,798.51"
ID13881,18-Feb-2026,Transfer,"1,554.62",0.00,"34,683.84"
ID13882,19-Feb-2026,Interest,140.59,0.00,"30,569.54"
ID13882,14-Feb-2026,Reversal,0.00,"1,354.30","30,024.92"
ID13882,28-Feb-2026,ATM Withdrawal,0.00,900.31,"72,319.32"
ID13882,04-Feb-2026,Interest,298.63,0.00,"28,007.48"
ID13882,22-Mar-2026,Direct Deposit,"2,230.01",0.00,"78,046.49"
ID13882,10-Feb-2026,Charge,0.00,745.51,"16,212.30"
ID13882,16-Mar-2026,Charge,0.00,178.82,"55,863.83"
ID13882,02-Feb-2026,Charge,0.00,218.98,"24,352.84"
ID13882,22-Feb-2026,Transfer,"1,142.20",0.00,"83,210.71"
ID13882,07-Jan-2026,Reversal,571.24,0.00,"74,381.07"
ID13882,22-Mar-2026,Reversal,"1,763.00",0.00,"83,703.34"
ID13882,03-Jan-2026,ATM Withdrawal,0.00,271.84,"61,150.90"
ID13882,03-Apr-2026,Interest,335.36,0.00,"5,355.63"
ID13882,03-Feb-2026,Charge,0.00,914.32,"41,840.75"
ID13882,09-Mar-2026,ATM Withdrawal,0.00,993.04,"50,758.96"
ID13882,09-Jan-2026,ATM Withdrawal,0.00,588.78,"91,882.13"
ID13882,28-Jan-2026,Charge,0.00,313.77,"70,735.30"
ID13882,09-Mar-2026,Direct Deposit,948.97,0.00,"27,304.31"
ID13882,13-Feb-2026,Debit Card,0.00,858.88,"72,202.31"
ID13882,19-Feb-2026,Charge,0.00,640.48,"37,632.08"
ID13883,26-Feb-2026,Interest,263.80,0.00,"51,143.98"
ID13883,11-Feb-2026,ATM Withdrawal,0.00,617.48,"85,555.60"
ID13883,28-Mar-2026,Charge,0.00,680.93,"21,730.31"
ID13883,03-Jan-2026,ATM Withdrawal,0.00,18.59,"15,206.79"
ID13883,10-Jan-2026,Interest,402.50,0.00,"31,115.14"
ID13883,21-Feb-2026,Charge,0.00,880.05,"25,784.66"
ID13883,01-Mar-2026,ATM Withdrawal,0.00,604.23,"35,059.04"
ID13883,22-Feb-2026,Interest,280.41,0.00,"29,245.69"
ID13883,22-Jan-2026,Direct Deposit,"1,235.65",0.00,"82,134.76"
ID13883,04-Feb-2026,Debit Card,0.00,93.91,"4,026.87"
ID13883,08-Jan-2026,ATM Withdrawal,0.00,95.80,"98,371.86"
ID13883,26-Feb-2026,Interest,255.11,0.00,"57,325.68"
ID13883,23-Jan-2026,Direct Deposit,"1,140.95",0.00,"92,802.06"
ID13883,05-Mar-2026,Interest,464.90,0.00,"59,899.63"
ID13883,23-Mar-2026,Transfer,"1,016.53",0.00,"25,288.68"
ID13883,21-Mar-2026,Interest,435.71,0.00,"57,640.23"
ID13883,20-Jan-2026,Interest,101.21,0.00,"10,419.31"
ID13883,20-Jan-2026,Transfer,0.00,399.17,"28,773.80"
ID13883,19-Feb-2026,ATM Withdrawal,0.00,382.16,"75,977.56"
ID13883,28-Feb-2026,Direct Deposit,"3,447.77",0.00,"32,580.32"
ID13884,07-Feb-2026,Payment,0.00,340.04,"43,267.12"
ID13884,10-Feb-2026,Interest,217.03,0.00,"45,081.66"
ID13884,22-Mar-2026,Reversal,773.26,0.00,"97,998.20"
ID13884,17-Mar-2026,ATM Withdrawal,0.00,43.71,"44,072.27"
ID13884,04-Mar-2026,Reversal,0.00,264.95,"46,654.99"
ID13884,31-Jan-2026,ATM Withdrawal,0.00,355.03,"82,960.09"
ID13884,11-Jan-2026,ATM Withdrawal,0.00,899.75,"51,706.91"
ID13884,20-Feb-2026,Payment,0.00,414.29,"4,900.02"
ID13884,24-Jan-2026,Transfer,"1,004.21",0.00,"76,487.63"
ID13884,10-Mar-2026,Payment,629.35,0.00,"65,634.53"
ID13884,12-Feb-2026,Debit Card,0.00,643.27,"64,444.56"
ID13884,15-Jan-2026,ATM Withdrawal,0.00,953.74,"68,879.27"
ID13884,18-Jan-2026,Interest,310.79,0.00,"68,744.31"
ID13884,19-Mar-2026,Payment,0.00,"1,008.90","58,969.84"
ID13884,24-Jan-2026,ATM Withdrawal,0.00,986.39,"36,492.44"
ID13884,16-Feb-2026,Charge,0.00,773.74,"17,607.73"
ID13884,02-Mar-2026,Direct Deposit,"2,465.43",0.00,"53,018.20"
ID13884,29-Mar-2026,Reversal,"1,512.76",0.00,"23,986.47"
ID13884,16-Mar-2026,Debit Card,0.00,598.92,"24,304.36"
ID13884,03-Feb-2026,Payment,0.00,746.32,"4,383.46"
ID13885,10-Mar-2026,Charge,0.00,991.81,"41,071.89"
ID13885,17-Feb-2026,Charge,0.00,38.87,"58,837.65"
ID13885,15-Feb-2026,Reversal,343.15,0.00,"82,842.93"
ID13885,26-Jan-2026,Transfer,755.34,0.00,"48,054.53"
ID13885,10-Jan-2026,ATM Withdrawal,0.00,214.64,"25,909.06"
ID13885,21-Jan-2026,Payment,0.00,81.92,"97,093.46"
ID13885,21-Jan-2026,ATM Withdrawal,0.00,801.43,"22,012.88"
ID13885,19-Jan-2026,Debit Card,0.00,374.10,"44,605.63"
ID13885,13-Mar-2026,Direct Deposit,"2,700.17",0.00,"47,037.54"
ID13885,01-Apr-2026,ATM Withdrawal,0.00,627.54,"36,238.54"
ID13885,20-Mar-2026,Transfer,471.16,0.00,"93,422.82"
ID13885,24-Mar-2026,Direct Deposit,"2,727.15",0.00,"13,652.22"
ID13885,31-Mar-2026,Transfer,368.80,0.00,"8,608.83"
ID13885,28-Feb-2026,Transfer,0.00,"1,108.78","5,355.87"
ID13885,11-Jan-2026,ATM Withdrawal,0.00,730.74,"40,829.19"
ID13885,15-Feb-2026,Debit Card,0.00,329.24,"97,879.22"
ID13885,24-Mar-2026,Direct Deposit,"4,251.57",0.00,"66,225.07"
ID13885,15-Feb-2026,Charge,0.00,956.47,"80,774.91"
ID13885,06-Jan-2026,Transfer,127.80,0.00,"38,847.05"
ID13885,24-Mar-2026,ATM Withdrawal,0.00,736.20,"5,591.22"
ID13886,17-Jan-2026,Debit Card,0.00,988.20,"75,376.34"
ID13886,25-Jan-2026,Interest,336.30,0.00,"87,354.18"
ID13886,04-Mar-2026,Charge,0.00,630.09,"45,317.86"
ID13886,27-Feb-2026,Reversal,"1,508.02",0.00,"99,243.36"
ID13886,06-Mar-2026,Debit Card,0.00,523.88,"57,448.41"
ID13886,15-Feb-2026,Reversal,0.00,541.47,"39,188.85"
ID13886,16-Jan-2026,Interest,365.85,0.00,"15,798.33"
ID13886,14-Feb-2026,ATM Withdrawal,0.00,585.03,"23,707.17"
ID13886,10-Feb-2026,Transfer,0.00,"1,120.76","85,106.24"
ID13886,28-Mar-2026,Interest,298.55,0.00,"44,744.87"
ID13886,07-Feb-2026,Transfer,"1,070.01",0.00,"5,242.85"
ID13886,12-Jan-2026,Payment,0.00,896.93,"32,783.66"
ID13886,18-Feb-2026,Payment,0.00,"1,247.89","33,303.20"
ID13886,09-Mar-2026,ATM Withdrawal,0.00,557.68,"70,282.96"
ID13886,24-Feb-2026,Charge,0.00,627.89,"52,690.88"
ID13886,30-Mar-2026,Reversal,"1,478.36",0.00,"11,875.09"
ID13886,12-Mar-2026,ATM Withdrawal,0.00,386.16,"69,648.15"
ID13886,12-Jan-2026,Direct Deposit,"3,087.11",0.00,"29,679.16"
ID13886,19-Mar-2026,Interest,316.55,0.00,"83,606.06"
ID13886,02-Apr-2026,Reversal,0.00,891.19,"75,002.97"
ID13887,28-Mar-2026,Reversal,727.26,0.00,"4,523.17"
ID13887,15-Mar-2026,Debit Card,0.00,701.03,"98,082.78"
ID13887,10-Feb-2026,Payment,0.00,678.60,"30,377.03"
ID13887,16-Feb-2026,Interest,137.92,0.00,"69,854.36"
ID13887,23-Mar-2026,ATM Withdrawal,0.00,394.95,"60,092.16"
ID13887,12-Jan-2026,Reversal,0.00,946.11,"59,413.08"
ID13887,23-Mar-2026,Charge,0.00,41.57,"36,903.25"
ID13887,23-Mar-2026,Debit Card,0.00,612.81,"45,160.54"
ID13887,28-Jan-2026,Payment,0.00,"1,467.93","18,832.23"
ID13887,20-Feb-2026,Debit Card,0.00,346.59,"81,946.87"
ID13887,03-Apr-2026,Debit Card,0.00,622.03,"1,849.49"
ID13887,27-Jan-2026,Transfer,0.00,"1,183.33","24,159.18"
ID13887,31-Mar-2026,Reversal,0.00,"1,318.87","15,434.63"
ID13887,30-Mar-2026,Direct Deposit,"2,861.60",0.00,"44,943.57"
ID13887,23-Jan-2026,Interest,468.38,0.00,"79,748.91"
ID13887,05-Jan-2026,Transfer,140.71,0.00,"70,519.28"
ID13887,25-Jan-2026,ATM Withdrawal,0.00,63.98,"71,011.91"
ID13887,02-Apr-2026,Direct Deposit,"1,479.08",0.00,"39,947.78"
ID13887,02-Apr-2026,Direct Deposit,"4,816.91",0.00,"51,904.70"
ID13887,07-Jan-2026,Transfer,"1,810.05",0.00,"33,991.01"
ID13888,31-Mar-2026,Debit Card,0.00,394.85,"11,792.55"
ID13888,05-Jan-2026,Reversal,0.00,570.51,"53,202.32"
ID13888,16-Feb-2026,Transfer,135.18,0.00,"45,835.65"
ID13888,01-Mar-2026,Interest,476.72,0.00,"91,278.20"
ID13888,06-Feb-2026,Interest,239.13,0.00,"45,542.48"
ID13888,26-Mar-2026,Transfer,0.00,861.78,"7,369.62"
ID13888,18-Mar-2026,Direct Deposit,"1,876.36",0.00,"53,149.23"
ID13888,19-Jan-2026,Transfer,"1,435.98",0.00,"60,758.49"
ID13888,08-Mar-2026,Reversal,0.00,"1,419.58","45,122.10"
ID13888,08-Mar-2026,Direct Deposit,"2,454.92",0.00,"30,104.19"
ID13888,17-Feb-2026,ATM Withdrawal,0.00,808.16,"67,943.18"
ID13888,06-Feb-2026,Interest,189.89,0.00,"29,240.53"
ID13888,15-Jan-2026,Direct Deposit,"4,878.22",0.00,"96,217.52"
ID13888,07-Mar-2026,Payment,0.00,"1,263.49","2,570.88"
ID13888,11-Feb-2026,Debit Card,0.00,665.79,"86,651.55"
ID13888,01-Apr-2026,Charge,0.00,47.80,"70,140.34"
ID13888,16-Feb-2026,ATM Withdrawal,0.00,756.47,"89,442.92"
ID13888,08-Jan-2026,Direct Deposit,"2,909.88",0.00,"64,051.26"
ID13888,16-Jan-2026,Transfer,0.00,454.70,"24,197.81"
ID13888,27-Jan-2026,Direct Deposit,"3,710.65",0.00,"43,671.83"
ID13889,16-Jan-2026,Charge,0.00,304.97,"67,307.54"
ID13889,29-Mar-2026,Payment,0.00,"1,069.13","47,770.45"
ID13889,25-Jan-2026,Payment,0.00,656.23,"10,849.80"
ID13889,29-Jan-2026,Payment,0.00,"1,465.91","48,413.35"
ID13889,14-Mar-2026,Charge,0.00,392.85,"88,965.63"
ID13889,02-Mar-2026,Transfer,"1,339.24",0.00,"64,395.07"
ID13889,22-Feb-2026,ATM Withdrawal,0.00,364.06,"51,786.45"
ID13889,30-Jan-2026,Interest,324.29,0.00,"85,075.17"
ID13889,08-Jan-2026,ATM Withdrawal,0.00,45.67,"57,040.18"
ID13889,17-Jan-2026,Payment,504.25,0.00,"73,345.54"
ID13889,21-Mar-2026,ATM Withdrawal,0.00,152.32,"14,856.12"
ID13889,03-Jan-2026,Charge,0.00,277.03,"37,232.97"
ID13889,16-Mar-2026,Interest,336.20,0.00,"63,419.17"
ID13889,14-Feb-2026,ATM Withdrawal,0.00,141.45,"67,713.32"
ID13889,20-Feb-2026,Payment,"1,718.64",0.00,"9,380.68"
ID13889,22-Mar-2026,Charge,0.00,939.90,"31,545.51"
ID13889,13-Jan-2026,Charge,0.00,572.20,"96,407.85"
ID13889,27-Feb-2026,Interest,478.17,0.00,"76,392.26"
ID13889,21-Jan-2026,Direct Deposit,979.44,0.00,"85,769.58"
ID13889,05-Feb-2026,Interest,245.82,0.00,"90,432.24"
ID13890,19-Feb-2026,Charge,0.00,530.42,"18,047.44"
ID13890,09-Jan-2026,Direct Deposit,"1,790.27",0.00,"86,497.21"
ID13890,06-Jan-2026,Payment,"1,848.55",0.00,"41,035.68"
ID13890,07-Jan-2026,Payment,412.70,0.00,"93,908.12"
ID13890,05-Jan-2026,Charge,0.00,863.13,"2,387.59"
ID13890,30-Mar-2026,Reversal,134.81,0.00,"35,287.25"
ID13890,13-Mar-2026,Debit Card,0.00,722.01,"55,680.69"
ID13890,13-Mar-2026,Transfer,322.75,0.00,"39,409.66"
ID13890,08-Mar-2026,Direct Deposit,"2,316.02",0.00,"3,429.57"
ID13890,21-Feb-2026,ATM Withdrawal,0.00,935.23,"25,585.71"
ID13890,08-Jan-2026,Transfer,0.00,857.64,"62,695.98"
ID13890,12-Feb-2026,Reversal,"1,689.44",0.00,"48,332.87"
ID13890,13-Jan-2026,Transfer,788.72,0.00,"75,352.57"
ID13890,30-Mar-2026,ATM Withdrawal,0.00,122.16,"77,690.48"
ID13890,14-Feb-2026,Reversal,585.16,0.00,"67,558.55"
ID13890,06-Mar-2026,Debit Card,0.00,201.95,"49,749.33"
ID13890,02-Mar-2026,Interest,352.52,0.00,"20,848.55"
ID13890,28-Feb-2026,Debit Card,0.00,236.69,"36,377.32"
ID13890,05-Mar-2026,Reversal,752.27,0.00,"57,679.92"
ID13890,09-Mar-2026,Debit Card,0.00,406.17,"62,136.81"
ID13891,19-Feb-2026,Payment,"1,209.99",0.00,"7,091.37"
ID13891,07-Feb-2026,Direct Deposit,"2,602.92",0.00,"90,964.29"
ID13891,28-Jan-2026,Charge,0.00,401.34,"50,143.72"
ID13891,22-Feb-2026,Payment,0.00,499.82,"38,273.05"
ID13891,22-Feb-2026,Transfer,0.00,"1,295.67","35,757.20"
ID13891,10-Jan-2026,Payment,"1,448.35",0.00,"42,884.38"
ID13891,22-Mar-2026,Reversal,"1,274.22",0.00,"5,342.35"
ID13891,17-Feb-2026,Direct Deposit,"1,880.97",0.00,"75,109.97"
ID13891,13-Jan-2026,Debit Card,0.00,570.75,"77,195.06"
ID13891,10-Mar-2026,Interest,387.22,0.00,"29,357.16"
ID13891,15-Jan-2026,Interest,323.44,0.00,"71,587.71"
ID13891,13-Feb-2026,Reversal,0.00,114.71,"60,525.02"
ID13891,29-Mar-2026,Debit Card,0.00,343.43,"27,333.46"
ID13891,19-Jan-2026,Payment,0.00,260.86,"75,682.07"
ID13891,14-Jan-2026,Debit Card,0.00,750.11,"77,078.26"
ID13891,10-Feb-2026,Debit Card,0.00,510.90,"34,795.60"
ID13891,21-Mar-2026,Payment,"1,643.07",0.00,"32,326.09"
ID13891,05-Mar-2026,Interest,207.44,0.00,"97,322.37"
ID13891,27-Mar-2026,Direct Deposit,"1,685.62",0.00,"35,962.57"
ID13891,20-Mar-2026,Direct Deposit,644.61,0.00,"21,685.99"
ID13892,19-Jan-2026,Debit Card,0.00,183.24,"65,838.35"
ID13892,18-Mar-2026,Direct Deposit,"1,727.45",0.00,"43,467.70"
ID13892,18-Mar-2026,ATM Withdrawal,0.00,508.14,"52,191.06"
ID13892,13-Feb-2026,ATM Withdrawal,0.00,760.30,"19,543.03"
ID13892,06-Jan-2026,Payment,621.67,0.00,"42,400.66"
ID13892,24-Jan-2026,Interest,213.67,0.00,"90,314.02"
ID13892,07-Mar-2026,Interest,287.02,0.00,"81,384.85"
ID13892,30-Jan-2026,Charge,0.00,779.99,"37,304.98"
ID13892,24-Jan-2026,Debit Card,0.00,80.77,"6,140.78"
ID13892,23-Feb-2026,Debit Card,0.00,302.77,"79,358.60"
ID13892,11-Jan-2026,Payment,820.93,0.00,"72,004.04"
ID13892,03-Mar-2026,Direct Deposit,"1,804.58",0.00,"18,722.96"
ID13892,24-Jan-2026,Transfer,0.00,94.60,"42,295.30"
ID13892,11-Feb-2026,Direct Deposit,"1,682.37",0.00,"83,871.87"
ID13892,01-Mar-2026,Direct Deposit,"1,343.89",0.00,"22,760.08"
ID13892,19-Mar-2026,Direct Deposit,"4,451.22",0.00,"83,280.47"
ID13892,18-Jan-2026,Charge,0.00,221.98,"70,589.25"
ID13892,03-Jan-2026,Reversal,0.00,916.48,"65,691.54"
ID13892,07-Mar-2026,Reversal,"1,263.75",0.00,"10,990.49"
ID13892,12-Mar-2026,Direct Deposit,"4,274.16",0.00,"19,697.86"
ID13893,11-Jan-2026,Reversal,0.00,779.62,"31,104.33"
ID13893,17-Mar-2026,Charge,0.00,34.86,"32,115.14"
ID13893,15-Feb-2026,Debit Card,0.00,351.39,"10,563.92"
ID13893,18-Feb-2026,Interest,44.69,0.00,"42,954.02"
ID13893,21-Feb-2026,Direct Deposit,"1,895.50",0.00,"98,276.77"
ID13893,18-Jan-2026,Debit Card,0.00,80.60,"7,361.23"
ID13893,03-Mar-2026,Payment,164.19,0.00,"69,809.60"
ID13893,16-Feb-2026,Reversal,0.00,89.46,"50,797.00"
ID13893,02-Mar-2026,Reversal,0.00,"1,015.30","31,443.33"
ID13893,16-Feb-2026,Direct Deposit,"3,131.98",0.00,"77,216.61"
ID13893,29-Mar-2026,Direct Deposit,"4,680.91",0.00,"70,991.83"
ID13893,13-Jan-2026,ATM Withdrawal,0.00,160.60,"6,407.05"
ID13893,12-Jan-2026,Interest,351.63,0.00,"96,313.42"
ID13893,27-Feb-2026,Interest,336.20,0.00,"70,218.82"
ID13893,18-Feb-2026,Payment,900.79,0.00,"31,487.71"
ID13893,16-Feb-2026,Transfer,557.44,0.00,"57,413.15"
ID13893,26-Jan-2026,ATM Withdrawal,0.00,980.06,"78,275.60"
ID13893,27-Mar-2026,Payment,0.00,869.09,"60,588.84"
ID13893,17-Jan-2026,Reversal,0.00,605.65,"26,775.32"
ID13893,09-Mar-2026,Debit Card,0.00,473.77,"13,717.68"
ID13894,31-Mar-2026,ATM Withdrawal,0.00,566.82,"70,245.44"
ID13894,04-Jan-2026,Payment,0.00,"1,074.05","45,986.68"
ID13894,05-Jan-2026,Reversal,970.24,0.00,"30,541.56"
ID13894,23-Mar-2026,Charge,0.00,691.00,"15,470.52"
ID13894,19-Feb-2026,Direct Deposit,"2,869.84",0.00,"77,256.52"
ID13894,30-Jan-2026,Transfer,"1,356.18",0.00,"90,026.11"
ID13894,10-Mar-2026,Debit Card,0.00,231.40,"32,799.29"
ID13894,14-Jan-2026,Direct Deposit,"3,291.31",0.00,"81,386.41"
ID13894,21-Feb-2026,Reversal,0.00,"1,029.23","81,134.75"
ID13894,01-Feb-2026,Transfer,"1,007.44",0.00,"50,880.97"
ID13894,09-Feb-2026,Charge,0.00,826.61,"33,070.34"
ID13894,31-Jan-2026,Debit Card,0.00,213.62,"79,646.01"
ID13894,14-Feb-2026,Charge,0.00,484.47,"77,265.40"
ID13894,12-Mar-2026,Transfer,0.00,438.23,"79,123.23"
ID13894,14-Feb-2026,Payment,0.00,965.67,"22,097.15"
ID13894,07-Feb-2026,Reversal,0.00,"1,147.06","89,019.32"
ID13894,05-Feb-2026,Direct Deposit,"3,305.97",0.00,"89,515.06"
ID13894,16-Feb-2026,Debit Card,0.00,150.62,"24,877.37"
ID13894,05-Feb-2026,Payment,0.00,284.70,"48,415.85"
ID13894,17-Feb-2026,Debit Card,0.00,553.83,"40,313.52"
ID13895,16-Mar-2026,Transfer,0.00,264.87,"85,362.93"
ID13895,13-Jan-2026,Direct Deposit,643.09,0.00,"97,388.26"
ID13895,16-Jan-2026,Interest,447.11,0.00,"31,860.15"
ID13895,04-Feb-2026,Interest,116.54,0.00,"24,700.78"
ID13895,09-Jan-2026,Debit Card,0.00,904.30,"25,162.83"
ID13895,14-Jan-2026,Direct Deposit,"2,997.44",0.00,"10,051.22"
ID13895,31-Jan-2026,ATM Withdrawal,0.00,907.28,"81,342.33"
ID13895,15-Feb-2026,Reversal,"1,806.06",0.00,"28,692.19"
ID13895,02-Feb-2026,Charge,0.00,567.10,"43,857.79"
ID13895,22-Feb-2026,Charge,0.00,498.04,"72,711.84"
ID13895,24-Feb-2026,Payment,0.00,"1,112.72","40,052.27"
ID13895,02-Feb-2026,Direct Deposit,"4,837.19",0.00,"19,789.24"
ID13895,09-Feb-2026,Payment,0.00,592.97,"20,701.62"
ID13895,01-Apr-2026,Debit Card,0.00,126.33,"2,994.02"
ID13895,28-Jan-2026,Interest,129.52,0.00,"77,655.26"
ID13895,22-Jan-2026,ATM Withdrawal,0.00,563.69,"45,170.04"
ID13895,20-Mar-2026,Debit Card,0.00,925.27,"9,400.18"
ID13895,03-Apr-2026,Transfer,0.00,785.14,"76,792.02"
ID13895,28-Mar-2026,ATM Withdrawal,0.00,466.28,"59,786.48"
ID13895,03-Jan-2026,ATM Withdrawal,0.00,816.88,"70,730.32"
ID13896,28-Jan-2026,Direct Deposit,"3,645.88",0.00,"10,268.65"
ID13896,24-Jan-2026,Charge,0.00,528.05,"84,964.35"
ID13896,09-Mar-2026,Reversal,495.62,0.00,"94,989.17"
ID13896,01-Feb-2026,Direct Deposit,"2,407.09",0.00,"21,860.26"
ID13896,19-Mar-2026,Charge,0.00,576.17,"5,949.01"
ID13896,18-Jan-2026,Charge,0.00,258.62,"75,277.72"
ID13896,21-Mar-2026,Interest,232.41,0.00,"62,889.36"
ID13896,28-Feb-2026,Payment,"1,942.51",0.00,"40,074.38"
ID13896,23-Jan-2026,Interest,409.33,0.00,"15,846.10"
ID13896,13-Jan-2026,Transfer,0.00,846.84,"76,141.63"
ID13896,16-Feb-2026,Transfer,0.00,"1,250.71","42,597.31"
ID13896,16-Jan-2026,Charge,0.00,622.33,"17,126.92"
ID13896,18-Mar-2026,Payment,"1,044.39",0.00,"27,989.45"
ID13896,24-Mar-2026,Transfer,0.00,487.54,"35,587.96"
ID13896,28-Mar-2026,Debit Card,0.00,101.02,"68,126.36"
ID13896,05-Mar-2026,Reversal,"1,694.84",0.00,"70,418.67"
ID13896,01-Mar-2026,Payment,"1,263.89",0.00,"77,961.61"
ID13896,24-Feb-2026,Charge,0.00,837.02,"42,551.96"
ID13896,11-Feb-2026,Direct Deposit,"1,816.89",0.00,"32,973.87"
ID13896,15-Mar-2026,Transfer,144.43,0.00,"77,540.95"
ID13897,05-Mar-2026,Charge,0.00,357.98,"43,712.46"
ID13897,21-Mar-2026,Reversal,"1,813.97",0.00,"64,514.59"
ID13897,23-Jan-2026,Payment,0.00,762.38,"39,360.07"
ID13897,14-Mar-2026,Interest,96.65,0.00,"7,785.24"
ID13897,19-Mar-2026,Direct Deposit,"2,177.35",0.00,"80,911.73"
ID13897,20-Feb-2026,Transfer,0.00,831.82,"60,468.15"
ID13897,28-Jan-2026,Interest,333.26,0.00,"90,962.63"
ID13897,16-Mar-2026,Interest,96.61,0.00,"73,889.15"
ID13897,10-Jan-2026,Interest,42.14,0.00,"64,843.59"
ID13897,20-Feb-2026,Debit Card,0.00,491.55,"80,861.68"
ID13897,16-Jan-2026,Debit Card,0.00,835.52,"60,936.58"
ID13897,27-Jan-2026,Direct Deposit,"2,070.38",0.00,"53,717.05"
ID13897,18-Jan-2026,Reversal,0.00,491.29,"24,229.30"
ID13897,03-Feb-2026,Transfer,"1,241.52",0.00,"1,470.37"
ID13897,09-Mar-2026,Transfer,914.60,0.00,"76,794.84"
ID13897,02-Apr-2026,Transfer,870.87,0.00,"32,101.51"
ID13897,02-Mar-2026,Interest,217.99,0.00,"84,617.62"
ID13897,18-Mar-2026,Debit Card,0.00,586.71,"19,711.23"
ID13897,31-Jan-2026,ATM Withdrawal,0.00,11.27,"50,994.31"
ID13897,11-Jan-2026,Transfer,"1,659.20",0.00,"80,025.09"
ID13898,16-Feb-2026,Payment,319.75,0.00,"5,474.20"
ID13898,18-Jan-2026,Direct Deposit,"2,942.16",0.00,"34,014.40"
ID13898,16-Jan-2026,Charge,0.00,393.93,"24,918.67"
ID13898,25-Jan-2026,Direct Deposit,"2,505.09",0.00,"93,001.10"
ID13898,24-Feb-2026,Reversal,879.93,0.00,"19,860.93"
ID13898,21-Feb-2026,Reversal,0.00,906.14,"33,648.52"
ID13898,11-Jan-2026,Charge,0.00,800.49,"69,686.90"
ID13898,19-Mar-2026,Interest,244.94,0.00,"87,250.55"
ID13898,19-Feb-2026,ATM Withdrawal,0.00,693.65,"64,489.40"
ID13898,14-Feb-2026,Reversal,195.72,0.00,"47,476.88"
ID13898,29-Mar-2026,Payment,0.00,"1,056.37","48,602.27"
ID13898,07-Jan-2026,Charge,0.00,161.74,"10,392.21"
ID13898,18-Mar-2026,Payment,"1,627.91",0.00,"47,758.66"
ID13898,11-Jan-2026,Interest,259.23,0.00,"89,723.53"
ID13898,08-Jan-2026,Reversal,631.87,0.00,"35,455.86"
ID13898,18-Jan-2026,Direct Deposit,"2,960.36",0.00,"59,858.17"
ID13898,10-Jan-2026,Transfer,214.81,0.00,"33,889.84"
ID13898,20-Feb-2026,Interest,133.95,0.00,"76,402.59"
ID13898,14-Jan-2026,ATM Withdrawal,0.00,870.70,"1,615.09"
ID13898,18-Jan-2026,Debit Card,0.00,891.94,"11,362.05"
ID13899,13-Mar-2026,Direct Deposit,"2,697.90",0.00,"20,136.41"
ID13899,03-Mar-2026,Reversal,0.00,"1,215.07","60,464.77"
ID13899,25-Feb-2026,Payment,0.00,598.18,"18,643.07"
ID13899,18-Feb-2026,Charge,0.00,407.57,"70,060.92"
ID13899,01-Mar-2026,Debit Card,0.00,178.64,"48,854.19"
ID13899,25-Feb-2026,Debit Card,0.00,962.03,"29,767.18"
ID13899,05-Feb-2026,Charge,0.00,410.77,"92,682.92"
ID13899,23-Feb-2026,Direct Deposit,"3,153.34",0.00,"46,221.41"
ID13899,18-Jan-2026,Reversal,"1,463.90",0.00,"5,376.54"
ID13899,27-Feb-2026,Transfer,957.13,0.00,"38,278.18"
ID13899,17-Jan-2026,ATM Withdrawal,0.00,368.95,"49,475.25"
ID13899,03-Jan-2026,Direct Deposit,"4,528.96",0.00,"96,810.40"
ID13899,24-Feb-2026,Reversal,0.00,"1,213.39","91,819.67"
ID13899,16-Feb-2026,Direct Deposit,"1,240.48",0.00,"94,421.25"
ID13899,03-Feb-2026,Reversal,0.00,982.04,"63,974.55"
ID13899,23-Feb-2026,Debit Card,0.00,284.09,"4,740.84"
ID13899,27-Jan-2026,Transfer,"1,805.89",0.00,"38,737.67"
ID13899,31-Jan-2026,Debit Card,0.00,966.03,"97,219.07"
ID13899,24-Mar-2026,Reversal,959.35,0.00,"15,276.84"
ID13899,10-Feb-2026,Reversal,0.00,557.36,"28,930.40"
ID13900,29-Mar-2026,ATM Withdrawal,0.00,909.12,"72,266.38"
ID13900,14-Jan-2026,Reversal,0.00,"1,222.95","42,478.94"
ID13900,21-Jan-2026,Direct Deposit,"4,144.61",0.00,"68,138.69"
ID13900,16-Mar-2026,Interest,46.66,0.00,"19,565.83"
ID13900,10-Mar-2026,Reversal,121.14,0.00,"73,073.97"
ID13900,02-Feb-2026,Debit Card,0.00,519.49,"63,285.57"
ID13900,17-Feb-2026,Payment,0.00,191.32,"1,427.37"
ID13900,02-Mar-2026,Charge,0.00,964.87,"95,477.21"
ID13900,09-Mar-2026,Payment,0.00,971.95,"59,360.46"
ID13900,30-Mar-2026,Reversal,"1,682.28",0.00,"74,361.23"
ID13900,19-Mar-2026,Reversal,0.00,148.97,"75,402.15"
ID13900,09-Feb-2026,Debit Card,0.00,311.27,"36,531.93"
ID13900,24-Feb-2026,Debit Card,0.00,250.91,"45,011.78"
ID13900,10-Jan-2026,Transfer,0.00,346.99,"36,466.89"
ID13900,24-Jan-2026,Reversal,0.00,645.81,"45,422.20"
ID13900,07-Feb-2026,Charge,0.00,668.07,"53,066.97"
ID13900,25-Jan-2026,Transfer,0.00,671.78,"22,304.29"
ID13900,15-Jan-2026,ATM Withdrawal,0.00,689.84,"70,118.57"
ID13900,28-Jan-2026,Transfer,"1,271.20",0.00,"4,979.38"
ID13900,03-Mar-2026,Transfer,0.00,"1,218.87","66,608.84"
ID13901,15-Feb-2026,Direct Deposit,"2,911.27",0.00,"25,145.05"
ID13901,30-Jan-2026,Debit Card,0.00,473.48,"18,536.69"
ID13901,20-Jan-2026,Reversal,0.00,84.92,"11,119.58"
ID13901,06-Mar-2026,Direct Deposit,"4,135.76",0.00,"37,845.22"
ID13901,05-Jan-2026,Reversal,"1,822.23",0.00,"62,034.13"
ID13901,20-Feb-2026,Reversal,"1,817.27",0.00,"9,145.75"
ID13901,27-Mar-2026,Interest,412.25,0.00,"55,957.99"
ID13901,25-Jan-2026,Debit Card,0.00,575.43,"84,928.76"
ID13901,09-Feb-2026,Direct Deposit,"2,086.36",0.00,"1,514.01"
ID13901,29-Jan-2026,Payment,0.00,97.74,"75,063.18"
ID13901,04-Feb-2026,Direct Deposit,"1,516.04",0.00,"11,052.12"
ID13901,20-Feb-2026,Debit Card,0.00,226.78,"51,608.78"
ID13901,13-Mar-2026,Payment,0.00,80.60,"86,386.06"
ID13901,16-Mar-2026,Debit Card,0.00,149.89,"82,779.58"
ID13901,22-Feb-2026,Reversal,0.00,"1,000.13","17,317.82"
ID13901,31-Jan-2026,Charge,0.00,354.79,"4,835.57"
ID13901,28-Jan-2026,Payment,0.00,"1,098.21","56,485.04"
ID13901,21-Feb-2026,ATM Withdrawal,0.00,667.67,"31,106.24"
ID13901,13-Jan-2026,Debit Card,0.00,344.72,"64,158.52"
ID13901,04-Feb-2026,Payment,0.00,863.20,"99,941.17"
ID13902,13-Jan-2026,Transfer,683.32,0.00,"40,834.61"
ID13902,08-Feb-2026,Payment,132.41,0.00,"66,949.44"
ID13902,11-Feb-2026,Debit Card,0.00,695.35,"6,636.28"
ID13902,13-Feb-2026,Interest,20.38,0.00,"29,993.55"
ID13902,27-Jan-2026,Reversal,0.00,"1,240.63","89,602.20"
ID13902,02-Feb-2026,Payment,354.08,0.00,"35,748.03"
ID13902,30-Jan-2026,Debit Card,0.00,877.15,"12,050.69"
ID13902,15-Mar-2026,Direct Deposit,887.81,0.00,"5,413.07"
ID13902,11-Mar-2026,Interest,55.00,0.00,"70,354.94"
ID13902,01-Apr-2026,Interest,114.11,0.00,"51,900.59"
ID13902,20-Feb-2026,Interest,226.24,0.00,"89,750.81"
ID13902,26-Jan-2026,ATM Withdrawal,0.00,711.99,"84,640.20"
ID13902,10-Mar-2026,Debit Card,0.00,701.63,"17,033.78"
ID13902,18-Jan-2026,Transfer,0.00,579.25,"92,858.86"
ID13902,09-Jan-2026,Direct Deposit,"1,973.63",0.00,"58,072.49"
ID13902,27-Feb-2026,ATM Withdrawal,0.00,333.44,"9,307.83"
ID13902,22-Jan-2026,Reversal,0.00,886.68,"26,300.59"
ID13902,28-Mar-2026,Charge,0.00,745.40,"1,869.77"
ID13902,17-Feb-2026,Interest,455.05,0.00,"11,791.92"
ID13902,06-Mar-2026,Transfer,0.00,"1,212.22","50,290.06"
ID13903,03-Jan-2026,Payment,"1,571.57",0.00,"75,854.33"
ID13903,28-Jan-2026,Reversal,102.75,0.00,"76,195.41"
ID13903,08-Feb-2026,ATM Withdrawal,0.00,657.27,"24,337.18"
ID13903,17-Feb-2026,Reversal,0.00,660.19,"62,882.60"
ID13903,25-Jan-2026,Transfer,348.64,0.00,"50,379.70"
ID13903,17-Jan-2026,Interest,330.33,0.00,"31,405.05"
ID13903,27-Mar-2026,Payment,0.00,311.27,"83,948.91"
ID13903,19-Feb-2026,Interest,358.36,0.00,"10,933.74"
ID13903,28-Jan-2026,ATM Withdrawal,0.00,287.57,"36,450.47"
ID13903,01-Mar-2026,Payment,"1,338.67",0.00,"21,020.87"
ID13903,20-Jan-2026,ATM Withdrawal,0.00,362.83,"57,790.76"
ID13903,21-Feb-2026,Transfer,0.00,"1,066.46","9,372.05"
ID13903,12-Mar-2026,Charge,0.00,328.84,"4,184.70"
ID13903,18-Feb-2026,Payment,0.00,"1,062.21","39,630.16"
ID13903,21-Mar-2026,Transfer,0.00,"1,134.30","35,438.10"
ID13903,28-Mar-2026,Transfer,280.88,0.00,"78,225.03"
ID13903,13-Jan-2026,Interest,277.39,0.00,"25,128.63"
ID13903,03-Apr-2026,ATM Withdrawal,0.00,474.65,"25,320.37"
ID13903,02-Feb-2026,Debit Card,0.00,272.11,"93,840.71"
ID13903,24-Feb-2026,ATM Withdrawal,0.00,809.86,"40,260.81"
ID13904,19-Feb-2026,Direct Deposit,"4,733.52",0.00,"28,176.12"
ID13904,31-Jan-2026,Reversal,0.00,"1,115.02","74,185.34"
ID13904,21-Feb-2026,Reversal,"1,514.39",0.00,"86,534.64"
ID13904,18-Mar-2026,Transfer,0.00,"1,466.75","24,805.70"
ID13904,03-Feb-2026,Interest,320.74,0.00,"85,675.82"
ID13904,07-Feb-2026,Direct Deposit,"4,082.08",0.00,"84,125.57"
ID13904,12-Feb-2026,ATM Withdrawal,0.00,376.67,"2,134.59"
ID13904,21-Mar-2026,Debit Card,0.00,554.82,"4,649.00"
ID13904,22-Jan-2026,Transfer,0.00,"1,115.81","92,072.14"
ID13904,27-Mar-2026,Reversal,0.00,"1,163.65","99,599.68"
ID13904,21-Feb-2026,Transfer,0.00,118.36,"79,399.35"
ID13904,14-Mar-2026,Payment,0.00,"1,397.23","48,250.99"
ID13904,06-Jan-2026,Payment,0.00,991.76,"99,622.21"
ID13904,18-Feb-2026,Payment,"1,227.99",0.00,"57,463.05"
ID13904,21-Feb-2026,Reversal,383.49,0.00,"41,060.09"
ID13904,30-Mar-2026,Reversal,0.00,548.93,"3,207.80"
ID13904,26-Feb-2026,Interest,474.91,0.00,"38,194.45"
ID13904,30-Mar-2026,Interest,250.23,0.00,"93,498.54"
ID13904,07-Jan-2026,Direct Deposit,"3,655.01",0.00,"67,782.78"
ID13904,05-Feb-2026,ATM Withdrawal,0.00,315.52,"61,939.37"
ID13905,11-Feb-2026,Interest,94.48,0.00,"40,184.00"
ID13905,25-Feb-2026,Interest,345.89,0.00,"95,632.96"
ID13905,14-Feb-2026,Debit Card,0.00,230.21,"36,808.47"
ID13905,11-Feb-2026,Debit Card,0.00,897.36,"40,301.32"
ID13905,17-Mar-2026,ATM Withdrawal,0.00,297.31,"97,588.67"
ID13905,09-Jan-2026,Interest,453.32,0.00,"23,747.41"
ID13905,11-Jan-2026,Transfer,0.00,"1,061.64","38,260.18"
ID13905,22-Mar-2026,Payment,0.00,861.02,"99,987.57"
ID13905,29-Mar-2026,ATM Withdrawal,0.00,880.98,"23,992.12"
ID13905,24-Feb-2026,Direct Deposit,893.17,0.00,"60,778.75"
ID13905,04-Mar-2026,Interest,334.43,0.00,"85,761.75"
ID13905,24-Feb-2026,Transfer,"1,820.31",0.00,"16,369.18"
ID13905,28-Feb-2026,Payment,"1,173.59",0.00,"16,350.60"
ID13905,08-Mar-2026,Interest,227.54,0.00,"23,958.15"
ID13905,11-Jan-2026,Debit Card,0.00,588.71,"65,404.43"
ID13905,19-Mar-2026,Debit Card,0.00,881.51,"21,726.80"
ID13905,21-Mar-2026,Debit Card,0.00,41.68,"49,734.05"
ID13905,14-Mar-2026,Transfer,0.00,169.23,"41,198.63"
ID13905,14-Mar-2026,Transfer,0.00,202.76,"50,858.36"
ID13905,25-Mar-2026,Charge,0.00,93.91,"45,336.42"
ID13906,08-Mar-2026,Reversal,102.78,0.00,"17,226.61"
ID13906,23-Feb-2026,Payment,0.00,794.69,"86,267.43"
ID13906,03-Feb-2026,Charge,0.00,157.60,"10,773.30"
ID13906,31-Jan-2026,Debit Card,0.00,282.92,"15,713.84"
ID13906,05-Mar-2026,Charge,0.00,768.81,"45,568.80"
ID13906,24-Mar-2026,Debit Card,0.00,446.80,"59,061.49"
ID13906,30-Jan-2026,Debit Card,0.00,748.20,"70,305.16"
ID13906,25-Feb-2026,Payment,"1,231.61",0.00,"74,469.30"
ID13906,21-Feb-2026,Charge,0.00,13.28,"31,591.62"
ID13906,04-Feb-2026,Direct Deposit,"2,001.56",0.00,"32,777.91"
ID13906,01-Mar-2026,Interest,224.71,0.00,"52,087.68"
ID13906,11-Feb-2026,Direct Deposit,895.34,0.00,"61,372.99"
ID13906,03-Apr-2026,Direct Deposit,"1,297.03",0.00,"15,776.40"
ID13906,02-Mar-2026,Payment,0.00,"1,306.19","22,162.60"
ID13906,15-Jan-2026,ATM Withdrawal,0.00,852.82,"92,130.22"
ID13906,18-Jan-2026,Interest,141.46,0.00,"40,718.95"
ID13906,18-Feb-2026,Payment,0.00,"1,341.78","24,940.64"
ID13906,16-Mar-2026,Interest,464.80,0.00,"56,074.83"
ID13906,18-Feb-2026,Payment,0.00,600.50,"69,405.88"
ID13906,26-Mar-2026,ATM Withdrawal,0.00,504.23,"44,597.47"
ID13907,24-Feb-2026,Reversal,0.00,"1,091.92","65,609.83"
ID13907,09-Jan-2026,Debit Card,0.00,105.07,"74,170.55"
ID13907,30-Jan-2026,Payment,"1,196.04",0.00,"65,914.53"
ID13907,28-Feb-2026,Transfer,0.00,114.28,"81,593.55"
ID13907,23-Feb-2026,Payment,618.99,0.00,"35,946.45"
ID13907,17-Mar-2026,Debit Card,0.00,976.85,"30,906.75"
ID13907,05-Mar-2026,Charge,0.00,676.80,"86,205.28"
ID13907,19-Mar-2026,Direct Deposit,"4,765.60",0.00,"7,011.85"
ID13907,16-Feb-2026,Charge,0.00,759.57,"76,266.77"
ID13907,19-Jan-2026,ATM Withdrawal,0.00,309.38,"36,183.57"
ID13907,24-Jan-2026,Payment,"1,730.64",0.00,"23,260.37"
ID13907,31-Jan-2026,Direct Deposit,"3,600.01",0.00,"54,723.04"
ID13907,02-Feb-2026,Charge,0.00,799.18,"14,982.21"
ID13907,19-Mar-2026,Debit Card,0.00,542.58,"36,615.35"
ID13907,18-Feb-2026,Interest,462.97,0.00,"59,406.45"
ID13907,16-Feb-2026,Debit Card,0.00,723.51,"6,502.82"
ID13907,01-Apr-2026,Charge,0.00,685.99,"54,591.92"
ID13907,21-Jan-2026,Transfer,"1,611.63",0.00,"70,853.27"
ID13907,10-Jan-2026,Charge,0.00,984.96,"25,714.79"
ID13907,08-Feb-2026,ATM Withdrawal,0.00,697.01,"64,961.34"
ID13908,28-Mar-2026,ATM Withdrawal,0.00,315.24,"58,930.02"
ID13908,04-Feb-2026,Debit Card,0.00,429.15,"8,897.09"
ID13908,28-Feb-2026,Transfer,586.05,0.00,"66,670.17"
ID13908,10-Jan-2026,Debit Card,0.00,359.49,"88,105.36"
ID13908,19-Feb-2026,Interest,324.62,0.00,"93,047.27"
ID13908,22-Mar-2026,Interest,265.78,0.00,"66,074.51"
ID13908,10-Jan-2026,Transfer,"1,430.28",0.00,"49,507.06"
ID13908,04-Jan-2026,ATM Withdrawal,0.00,882.85,"7,828.22"
ID13908,19-Mar-2026,Direct Deposit,"4,112.97",0.00,"80,310.47"
ID13908,17-Feb-2026,Debit Card,0.00,753.79,"83,797.86"
ID13908,02-Mar-2026,Reversal,"1,884.55",0.00,"74,086.79"
ID13908,03-Jan-2026,Transfer,0.00,"1,395.24","53,218.13"
ID13908,22-Mar-2026,ATM Withdrawal,0.00,514.43,"79,323.42"
ID13908,12-Feb-2026,Reversal,0.00,188.24,"1,094.76"
ID13908,18-Jan-2026,Reversal,"1,013.47",0.00,"72,456.84"
ID13908,27-Jan-2026,Debit Card,0.00,542.77,"56,766.92"
ID13908,04-Mar-2026,Debit Card,0.00,592.69,"93,109.54"
ID13908,29-Mar-2026,Charge,0.00,625.01,"49,027.37"
ID13908,17-Jan-2026,Interest,248.95,0.00,"26,917.61"
ID13908,15-Feb-2026,Payment,0.00,"1,249.39","84,196.90"
ID13909,28-Mar-2026,Payment,"1,014.71",0.00,"1,643.01"
ID13909,29-Mar-2026,Interest,139.13,0.00,"49,812.92"
ID13909,17-Feb-2026,Charge,0.00,55.86,"46,138.66"
ID13909,06-Jan-2026,Transfer,"1,875.66",0.00,"11,972.75"
ID13909,19-Jan-2026,Reversal,884.01,0.00,"42,633.58"
ID13909,16-Feb-2026,Debit Card,0.00,321.62,"41,117.77"
ID13909,26-Jan-2026,Debit Card,0.00,276.86,"71,143.65"
ID13909,18-Jan-2026,Reversal,"1,919.96",0.00,"71,078.25"
ID13909,16-Jan-2026,ATM Withdrawal,0.00,160.61,"3,387.12"
ID13909,29-Mar-2026,Charge,0.00,906.50,"58,394.02"
ID13909,29-Jan-2026,Charge,0.00,219.99,"15,693.53"
ID13909,14-Feb-2026,Debit Card,0.00,950.38,"71,112.83"
ID13909,31-Jan-2026,Debit Card,0.00,135.52,"75,268.48"
ID13909,20-Jan-2026,ATM Withdrawal,0.00,725.49,"87,866.67"
ID13909,14-Jan-2026,Charge,0.00,738.91,"70,716.53"
ID13909,02-Mar-2026,Direct Deposit,"1,126.87",0.00,"52,276.39"
ID13909,05-Mar-2026,Charge,0.00,222.55,"60,065.13"
ID13909,28-Mar-2026,ATM Withdrawal,0.00,119.70,"60,241.68"
ID13909,14-Jan-2026,Debit Card,0.00,626.28,"11,729.19"
ID13909,16-Feb-2026,Charge,0.00,666.47,"12,631.43"
ID13910,27-Feb-2026,Transfer,0.00,411.77,"23,445.28"
ID13910,30-Jan-2026,Transfer,0.00,856.44,"78,884.03"
ID13910,04-Feb-2026,Transfer,757.36,0.00,"61,238.76"
ID13910,18-Mar-2026,Payment,"1,801.13",0.00,"25,316.21"
ID13910,24-Mar-2026,Reversal,0.00,"1,481.62","65,582.90"
ID13910,18-Jan-2026,Transfer,0.00,"1,235.96","39,109.04"
ID13910,24-Mar-2026,Interest,337.42,0.00,"70,818.36"
ID13910,17-Mar-2026,Direct Deposit,"2,541.14",0.00,"36,645.82"
ID13910,22-Feb-2026,Interest,331.39,0.00,"55,426.18"
ID13910,19-Mar-2026,Reversal,0.00,221.84,"70,571.69"
ID13910,14-Jan-2026,Direct Deposit,"1,107.56",0.00,"16,182.67"
ID13910,17-Feb-2026,ATM Withdrawal,0.00,316.70,"18,712.28"
ID13910,06-Jan-2026,Direct Deposit,"1,442.36",0.00,"59,829.94"
ID13910,21-Feb-2026,Debit Card,0.00,923.12,"68,271.95"
ID13910,24-Mar-2026,Debit Card,0.00,847.19,"68,689.22"
ID13910,04-Feb-2026,Charge,0.00,804.52,"6,062.29"
ID13910,17-Mar-2026,Reversal,0.00,752.34,"55,327.82"
ID13910,01-Apr-2026,Payment,"1,558.75",0.00,"81,881.07"
ID13910,03-Feb-2026,Reversal,"1,814.28",0.00,"75,338.02"
ID13910,28-Jan-2026,Direct Deposit,"2,016.91",0.00,"45,006.01"
ID13911,14-Jan-2026,Direct Deposit,"2,934.36",0.00,"21,126.67"
ID13911,21-Mar-2026,Debit Card,0.00,429.25,"96,147.78"
ID13911,25-Feb-2026,Reversal,0.00,"1,087.66","21,186.57"
ID13911,07-Mar-2026,Debit Card,0.00,537.73,"79,415.73"
ID13911,02-Apr-2026,Payment,0.00,767.30,"20,318.04"
ID13911,17-Feb-2026,Transfer,"1,276.21",0.00,"16,682.07"
ID13911,03-Jan-2026,Charge,0.00,344.98,"4,515.19"
ID13911,16-Mar-2026,ATM Withdrawal,0.00,851.58,"94,898.43"
ID13911,02-Feb-2026,Reversal,0.00,"1,239.27","3,512.80"
ID13911,19-Jan-2026,ATM Withdrawal,0.00,456.91,"79,644.56"
ID13911,20-Feb-2026,Reversal,"1,284.51",0.00,"82,661.26"
ID13911,28-Jan-2026,Reversal,0.00,494.17,"90,507.45"
ID13911,10-Feb-2026,Reversal,"1,313.23",0.00,"90,675.56"
ID13911,15-Mar-2026,ATM Withdrawal,0.00,247.96,"48,190.98"
ID13911,01-Mar-2026,Transfer,431.31,0.00,"67,708.34"
ID13911,31-Jan-2026,Transfer,"1,994.84",0.00,"54,893.44"
ID13911,08-Jan-2026,Transfer,"1,010.14",0.00,"90,351.36"
ID13911,20-Feb-2026,Debit Card,0.00,302.50,"62,149.80"
ID13911,15-Mar-2026,Transfer,0.00,"1,464.82","62,332.12"
ID13911,08-Feb-2026,Reversal,218.86,0.00,"74,979.37"
ID13912,21-Jan-2026,Transfer,0.00,769.14,"10,065.37"
ID13912,07-Mar-2026,Debit Card,0.00,428.12,"89,523.92"
ID13912,29-Jan-2026,Direct Deposit,"3,165.06",0.00,"59,457.50"
ID13912,30-Jan-2026,Charge,0.00,104.75,"38,652.99"
ID13912,20-Mar-2026,Reversal,"1,007.41",0.00,"57,418.67"
ID13912,19-Mar-2026,ATM Withdrawal,0.00,260.26,"42,736.61"
ID13912,29-Mar-2026,Charge,0.00,479.53,"3,560.40"
ID13912,09-Feb-2026,Payment,"1,185.38",0.00,"13,483.87"
ID13912,31-Mar-2026,ATM Withdrawal,0.00,753.75,"71,333.83"
ID13912,23-Mar-2026,ATM Withdrawal,0.00,136.38,"74,308.54"
ID13912,04-Mar-2026,Debit Card,0.00,255.34,"39,335.00"
ID13912,09-Feb-2026,Debit Card,0.00,269.13,"62,068.47"
ID13912,27-Jan-2026,ATM Withdrawal,0.00,310.36,"54,030.78"
ID13912,26-Feb-2026,Interest,421.30,0.00,"65,367.63"
ID13912,18-Mar-2026,Charge,0.00,128.99,"91,546.77"
ID13912,17-Feb-2026,Interest,320.46,0.00,"23,114.72"
ID13912,15-Mar-2026,Charge,0.00,719.55,"67,533.67"
ID13912,11-Mar-2026,Reversal,"1,751.72",0.00,"51,610.39"
ID13912,15-Feb-2026,Charge,0.00,435.21,"8,880.12"
ID13912,21-Mar-2026,Direct Deposit,"1,380.59",0.00,"51,316.33"
ID13913,10-Jan-2026,Payment,720.83,0.00,"6,402.69"
ID13913,17-Jan-2026,Interest,298.84,0.00,"50,917.59"
ID13913,21-Feb-2026,Direct Deposit,"3,795.26",0.00,"83,343.06"
ID13913,09-Jan-2026,Reversal,"1,225.89",0.00,"94,843.36"
ID13913,09-Jan-2026,Transfer,133.12,0.00,"57,486.21"
ID13913,20-Jan-2026,Transfer,"1,847.99",0.00,"82,281.98"
ID13913,19-Feb-2026,Transfer,0.00,"1,321.57","34,947.10"
ID13913,20-Jan-2026,Charge,0.00,780.57,"3,107.36"
ID13913,11-Mar-2026,Transfer,740.79,0.00,"80,650.59"
ID13913,10-Mar-2026,Transfer,"1,661.08",0.00,"94,832.84"
ID13913,23-Feb-2026,Debit Card,0.00,357.19,"81,351.40"
ID13913,12-Mar-2026,Debit Card,0.00,143.32,"80,523.96"
ID13913,21-Jan-2026,Debit Card,0.00,555.11,"12,445.31"
ID13913,28-Mar-2026,Reversal,"1,524.56",0.00,"74,702.33"
ID13913,25-Jan-2026,Interest,487.74,0.00,"22,589.95"
ID13913,19-Feb-2026,Debit Card,0.00,409.08,"30,853.34"
ID13913,20-Mar-2026,Direct Deposit,"3,733.13",0.00,"48,196.92"
ID13913,13-Mar-2026,Charge,0.00,534.15,"73,040.75"
ID13913,31-Mar-2026,Direct Deposit,"4,529.07",0.00,"76,490.26"
ID13913,09-Jan-2026,Direct Deposit,"1,343.08",0.00,"32,927.59"
ID13914,16-Mar-2026,Direct Deposit,"3,237.73",0.00,"35,248.77"
ID13914,10-Mar-2026,Interest,242.12,0.00,"89,894.15"
ID13914,05-Feb-2026,Debit Card,0.00,214.14,"34,636.21"
ID13914,11-Mar-2026,Payment,0.00,143.16,"52,882.25"
ID13914,12-Jan-2026,Reversal,0.00,"1,127.65","7,760.43"
ID13914,10-Feb-2026,Reversal,0.00,"1,244.30","6,545.45"
ID13914,04-Jan-2026,Payment,0.00,643.25,"65,749.19"
ID13914,25-Jan-2026,Transfer,0.00,757.36,"6,781.70"
ID13914,14-Feb-2026,Payment,828.79,0.00,"60,800.04"
ID13914,16-Mar-2026,Direct Deposit,"4,590.60",0.00,"92,633.91"
ID13914,16-Mar-2026,ATM Withdrawal,0.00,909.48,"85,315.13"
ID13914,25-Feb-2026,Debit Card,0.00,77.07,"17,219.45"
ID13914,14-Feb-2026,Transfer,0.00,"1,354.70","12,532.35"
ID13914,12-Mar-2026,Transfer,0.00,649.87,"15,361.40"
ID13914,05-Jan-2026,Direct Deposit,"1,550.15",0.00,"38,100.97"
ID13914,20-Jan-2026,Direct Deposit,"2,669.50",0.00,"51,249.56"
ID13914,17-Mar-2026,Interest,132.00,0.00,"35,646.73"
ID13914,11-Jan-2026,Direct Deposit,"3,611.66",0.00,"81,202.87"
ID13914,18-Jan-2026,ATM Withdrawal,0.00,468.44,"76,768.31"
ID13914,04-Jan-2026,Reversal,0.00,719.97,"97,424.14"
ID13915,14-Feb-2026,Debit Card,0.00,641.13,"83,015.55"
ID13915,09-Feb-2026,Payment,313.35,0.00,"30,953.02"
ID13915,15-Mar-2026,Reversal,650.52,0.00,"34,935.57"
ID13915,24-Mar-2026,ATM Withdrawal,0.00,506.50,"95,583.65"
ID13915,26-Jan-2026,Debit Card,0.00,379.02,"14,648.78"
ID13915,20-Mar-2026,Direct Deposit,"4,225.72",0.00,"41,928.97"
ID13915,05-Jan-2026,Charge,0.00,919.72,"93,979.51"
ID13915,20-Mar-2026,Transfer,0.00,512.05,"16,627.36"
ID13915,02-Mar-2026,Charge,0.00,780.60,"91,126.61"
ID13915,03-Mar-2026,ATM Withdrawal,0.00,547.45,"91,862.07"
ID13915,24-Jan-2026,Charge,0.00,924.87,"32,916.83"
ID13915,12-Jan-2026,Reversal,"1,282.24",0.00,"25,286.33"
ID13915,12-Jan-2026,Direct Deposit,"3,226.04",0.00,"53,611.80"
ID13915,11-Feb-2026,Reversal,0.00,631.46,"89,720.00"
ID13915,10-Mar-2026,Debit Card,0.00,147.52,"17,711.34"
ID13915,20-Jan-2026,ATM Withdrawal,0.00,927.55,"63,059.58"
ID13915,01-Feb-2026,Payment,0.00,"1,399.41","47,482.18"
ID13915,21-Mar-2026,Transfer,"1,468.93",0.00,"59,707.93"
ID13915,14-Jan-2026,Reversal,0.00,670.29,"88,154.34"
ID13915,14-Feb-2026,Direct Deposit,"3,727.69",0.00,"12,700.25"
ID13916,10-Mar-2026,Debit Card,0.00,423.49,"91,320.21"
ID13916,18-Jan-2026,Debit Card,0.00,624.30,"63,097.70"
ID13916,14-Mar-2026,Direct Deposit,"4,878.14",0.00,"48,517.29"
ID13916,13-Mar-2026,Direct Deposit,"4,740.26",0.00,"61,444.50"
ID13916,06-Feb-2026,Reversal,202.21,0.00,"18,326.55"
ID13916,09-Feb-2026,Reversal,0.00,767.12,"1,389.19"
ID13916,30-Jan-2026,Direct Deposit,"1,084.31",0.00,"51,119.68"
ID13916,07-Mar-2026,ATM Withdrawal,0.00,203.76,"75,765.88"
ID13916,17-Jan-2026,Charge,0.00,267.56,"93,493.80"
ID13916,06-Feb-2026,Transfer,364.03,0.00,"44,135.43"
ID13916,11-Mar-2026,Direct Deposit,"2,289.43",0.00,"95,444.37"
ID13916,19-Feb-2026,Direct Deposit,"3,219.26",0.00,"4,206.73"
ID13916,16-Feb-2026,ATM Withdrawal,0.00,586.16,"80,922.43"
ID13916,02-Feb-2026,Payment,"1,820.48",0.00,"76,831.27"
ID13916,30-Mar-2026,Debit Card,0.00,724.82,"66,559.74"
ID13916,07-Mar-2026,Transfer,0.00,211.76,"48,491.62"
ID13916,25-Jan-2026,Reversal,0.00,"1,338.79","69,927.90"
ID13916,03-Jan-2026,Interest,107.77,0.00,"86,119.99"
ID13916,18-Jan-2026,Reversal,0.00,814.10,"44,761.71"
ID13916,22-Mar-2026,ATM Withdrawal,0.00,819.74,"53,242.91"
ID13917,03-Apr-2026,Debit Card,0.00,558.91,"15,125.66"
ID13917,25-Jan-2026,ATM Withdrawal,0.00,865.71,"47,716.17"
ID13917,27-Mar-2026,Interest,387.78,0.00,"45,636.55"
ID13917,17-Jan-2026,Interest,114.28,0.00,"23,150.25"
ID13917,20-Mar-2026,Transfer,0.00,"1,063.75","80,034.96"
ID13917,22-Jan-2026,Direct Deposit,"4,682.19",0.00,"51,819.63"
ID13917,21-Jan-2026,Interest,47.49,0.00,"84,396.23"
ID13917,29-Jan-2026,Reversal,"1,886.20",0.00,"22,955.77"
ID13917,14-Feb-2026,Transfer,0.00,"1,321.84","28,955.15"
ID13917,20-Mar-2026,Charge,0.00,787.69,"67,329.02"
ID13917,17-Feb-2026,Debit Card,0.00,365.49,"62,146.77"
ID13917,04-Mar-2026,Charge,0.00,410.26,"3,318.11"
ID13917,10-Feb-2026,Transfer,946.31,0.00,"60,946.48"
ID13917,08-Jan-2026,Charge,0.00,233.84,"92,869.77"
ID13917,10-Feb-2026,ATM Withdrawal,0.00,858.01,"28,553.91"
ID13917,28-Mar-2026,Payment,0.00,498.91,"68,311.79"
ID13917,09-Jan-2026,Interest,392.33,0.00,"2,070.06"
ID13917,01-Mar-2026,Transfer,0.00,207.45,"76,006.28"
ID13917,21-Jan-2026,Interest,376.13,0.00,"96,612.04"
ID13917,04-Jan-2026,Interest,235.37,0.00,"69,976.36"
ID13918,31-Mar-2026,Interest,338.93,0.00,"71,783.81"
ID13918,11-Mar-2026,ATM Withdrawal,0.00,502.59,"6,785.51"
ID13918,24-Feb-2026,Interest,382.69,0.00,"27,727.58"
ID13918,27-Mar-2026,Charge,0.00,380.68,"23,652.70"
ID13918,23-Jan-2026,Reversal,0.00,124.19,"64,125.06"
ID13918,23-Mar-2026,Interest,320.74,0.00,"64,091.37"
ID13918,06-Jan-2026,Interest,455.85,0.00,"65,339.35"
ID13918,12-Jan-2026,Charge,0.00,575.13,"21,880.20"
ID13918,13-Feb-2026,Payment,0.00,835.50,"33,062.96"
ID13918,01-Feb-2026,Transfer,0.00,"1,135.85","34,247.23"
ID13918,16-Jan-2026,Payment,0.00,818.38,"87,105.61"
ID13918,15-Mar-2026,Payment,"1,204.62",0.00,"19,972.44"
ID13918,15-Feb-2026,Charge,0.00,363.31,"90,534.96"
ID13918,17-Feb-2026,Interest,358.98,0.00,"14,212.19"
ID13918,13-Jan-2026,Reversal,0.00,"1,359.69","54,875.54"
ID13918,06-Jan-2026,Payment,451.54,0.00,"17,959.10"
ID13918,06-Feb-2026,Reversal,"1,606.11",0.00,"57,581.88"
ID13918,09-Mar-2026,Debit Card,0.00,319.21,"37,275.52"
ID13918,17-Feb-2026,Debit Card,0.00,954.45,"6,800.78"
ID13918,25-Feb-2026,Direct Deposit,"4,108.80",0.00,"9,392.35"
ID13919,15-Jan-2026,ATM Withdrawal,0.00,149.55,"50,548.56"
ID13919,31-Jan-2026,Transfer,232.49,0.00,"10,395.08"
ID13919,08-Mar-2026,Transfer,0.00,"1,311.35","92,534.19"
ID13919,02-Apr-2026,Charge,0.00,642.64,"69,545.99"
ID13919,06-Mar-2026,Interest,241.76,0.00,"95,668.18"
ID13919,13-Jan-2026,Charge,0.00,943.76,"54,943.05"
ID13919,02-Mar-2026,Charge,0.00,240.00,"30,167.80"
ID13919,04-Feb-2026,Interest,466.25,0.00,"33,525.80"
ID13919,11-Jan-2026,ATM Withdrawal,0.00,762.05,"3,386.12"
ID13919,15-Jan-2026,Charge,0.00,345.33,"97,162.51"
ID13919,19-Mar-2026,Direct Deposit,"1,930.07",0.00,"66,090.15"
ID13919,05-Jan-2026,Direct Deposit,"4,295.21",0.00,"15,515.56"
ID13919,27-Mar-2026,Reversal,650.80,0.00,"49,038.41"
ID13919,31-Jan-2026,Reversal,"1,969.75",0.00,"15,828.85"
ID13919,18-Mar-2026,Payment,0.00,525.44,"42,816.27"
ID13919,18-Feb-2026,Reversal,0.00,805.69,"38,482.40"
ID13919,11-Feb-2026,ATM Withdrawal,0.00,659.47,"10,174.60"
ID13919,06-Jan-2026,Direct Deposit,"2,230.02",0.00,"62,365.99"
ID13919,30-Jan-2026,Reversal,0.00,"1,125.97","6,961.63"
ID13919,30-Mar-2026,Payment,894.88,0.00,"10,784.57"
ID13920,17-Feb-2026,Direct Deposit,825.80,0.00,"14,085.51"
ID13920,22-Feb-2026,Transfer,0.00,472.19,"79,909.44"
ID13920,05-Mar-2026,ATM Withdrawal,0.00,90.22,"48,599.90"
ID13920,06-Feb-2026,Debit Card,0.00,465.91,"46,227.36"
ID13920,19-Mar-2026,Transfer,"1,955.12",0.00,"95,002.19"
ID13920,21-Jan-2026,Direct Deposit,"2,085.73",0.00,"42,132.38"
ID13920,10-Jan-2026,Debit Card,0.00,249.41,"36,954.88"
ID13920,02-Mar-2026,Interest,490.73,0.00,"75,288.71"
ID13920,21-Feb-2026,Direct Deposit,"3,136.17",0.00,"97,786.52"
ID13920,09-Feb-2026,ATM Withdrawal,0.00,176.70,"12,391.14"
ID13920,01-Feb-2026,Reversal,0.00,438.80,"24,777.69"
ID13920,19-Feb-2026,Charge,0.00,239.50,"4,393.02"
ID13920,21-Mar-2026,ATM Withdrawal,0.00,661.39,"94,086.85"
ID13920,26-Jan-2026,Transfer,0.00,"1,456.70","70,987.55"
ID13920,31-Mar-2026,Reversal,0.00,714.49,"77,195.95"
ID13920,17-Jan-2026,Charge,0.00,537.10,"54,177.42"
ID13920,04-Mar-2026,Reversal,"1,699.08",0.00,"63,492.92"
ID13920,15-Mar-2026,Payment,0.00,413.36,"26,956.55"
ID13920,07-Feb-2026,Debit Card,0.00,648.69,"85,498.76"
ID13920,20-Feb-2026,Debit Card,0.00,909.26,"9,193.45"
ID13921,15-Mar-2026,Charge,0.00,329.85,"25,094.60"
ID13921,16-Feb-2026,Transfer,"1,024.69",0.00,"58,516.34"
ID13921,14-Feb-2026,Charge,0.00,911.33,"92,198.36"
ID13921,30-Mar-2026,Direct Deposit,944.93,0.00,"48,056.97"
ID13921,21-Mar-2026,Charge,0.00,531.55,"86,964.55"
ID13921,10-Mar-2026,Charge,0.00,107.32,"56,584.08"
ID13921,24-Jan-2026,Reversal,0.00,741.17,"18,037.20"
ID13921,31-Jan-2026,Debit Card,0.00,691.13,"5,237.81"
ID13921,11-Mar-2026,Charge,0.00,612.92,"73,729.62"
ID13921,29-Mar-2026,Payment,0.00,"1,440.92","96,757.56"
ID13921,03-Jan-2026,Charge,0.00,915.60,"38,691.74"
ID13921,16-Mar-2026,Direct Deposit,503.81,0.00,"1,758.57"
ID13921,01-Apr-2026,Reversal,839.75,0.00,"90,990.87"
ID13921,10-Jan-2026,Reversal,0.00,987.04,"20,503.17"
ID13921,08-Mar-2026,Transfer,0.00,308.39,"70,286.35"
ID13921,11-Feb-2026,Transfer,0.00,558.91,"30,712.39"
ID13921,11-Mar-2026,Transfer,"1,325.59",0.00,"16,658.44"
ID13921,14-Mar-2026,Payment,804.97,0.00,"37,385.31"
ID13921,25-Feb-2026,Interest,173.76,0.00,"55,750.66"
ID13921,30-Mar-2026,Charge,0.00,209.93,"25,174.34"
ID13922,08-Mar-2026,Interest,44.24,0.00,"11,179.18"
ID13922,18-Feb-2026,Direct Deposit,"2,280.88",0.00,"65,056.15"
ID13922,13-Mar-2026,Payment,905.31,0.00,"81,846.65"
ID13922,18-Mar-2026,Interest,80.10,0.00,"53,309.13"
ID13922,12-Mar-2026,Payment,0.00,384.11,"73,634.62"
ID13922,04-Jan-2026,Debit Card,0.00,159.52,"22,152.47"
ID13922,14-Mar-2026,Transfer,"1,102.12",0.00,"66,165.87"
ID13922,20-Mar-2026,Reversal,619.93,0.00,"18,836.88"
ID13922,15-Mar-2026,Transfer,222.47,0.00,"61,232.02"
ID13922,19-Feb-2026,Reversal,0.00,552.96,"38,236.18"
ID13922,11-Mar-2026,ATM Withdrawal,0.00,270.46,"73,600.70"
ID13922,03-Mar-2026,Debit Card,0.00,776.09,"29,639.39"
ID13922,26-Mar-2026,Debit Card,0.00,698.13,"70,493.19"
ID13922,17-Feb-2026,Reversal,0.00,82.89,"30,432.93"
ID13922,28-Jan-2026,Charge,0.00,93.73,"98,327.46"
ID13922,01-Feb-2026,Interest,245.52,0.00,"52,675.08"
ID13922,24-Jan-2026,Payment,0.00,"1,058.74","54,430.65"
ID13922,06-Mar-2026,Payment,0.00,458.15,"72,305.02"
ID13922,13-Feb-2026,Payment,0.00,388.88,"78,642.91"
ID13922,13-Feb-2026,Interest,234.98,0.00,"58,493.78"
ID13923,25-Feb-2026,Debit Card,0.00,100.81,"85,623.53"
ID13923,24-Feb-2026,Transfer,150.97,0.00,"71,269.15"
ID13923,22-Mar-2026,Debit Card,0.00,869.78,"38,471.69"
ID13923,05-Jan-2026,Charge,0.00,116.80,"86,827.24"
ID13923,01-Apr-2026,Direct Deposit,"2,673.73",0.00,"84,753.13"
ID13923,04-Feb-2026,Payment,832.72,0.00,"17,733.47"
ID13923,07-Mar-2026,ATM Withdrawal,0.00,979.95,"7,738.33"
ID13923,30-Jan-2026,Payment,955.69,0.00,"88,480.26"
ID13923,20-Jan-2026,Payment,286.63,0.00,"24,996.18"
ID13923,04-Feb-2026,Charge,0.00,804.03,"42,375.73"
ID13923,25-Jan-2026,Reversal,0.00,805.74,"30,506.13"
ID13923,03-Feb-2026,Charge,0.00,503.93,"15,929.49"
ID13923,23-Mar-2026,Debit Card,0.00,311.48,"4,045.17"
ID13923,25-Jan-2026,Payment,666.75,0.00,"29,782.41"
ID13923,20-Feb-2026,ATM Withdrawal,0.00,341.73,"13,787.23"
ID13923,24-Mar-2026,Interest,392.54,0.00,"94,583.11"
ID13923,14-Mar-2026,Direct Deposit,"1,831.19",0.00,"3,393.13"
ID13923,05-Feb-2026,Transfer,"1,962.26",0.00,"1,690.89"
ID13923,20-Jan-2026,Transfer,0.00,344.83,"97,248.64"
ID13923,23-Mar-2026,Direct Deposit,818.96,0.00,"72,696.35"
ID13924,31-Mar-2026,Direct Deposit,"3,414.66",0.00,"47,902.05"
ID13924,13-Mar-2026,Interest,496.56,0.00,"68,050.49"
ID13924,21-Mar-2026,Reversal,0.00,"1,007.18","41,704.09"
ID13924,04-Mar-2026,Transfer,"1,340.69",0.00,"3,015.46"
ID13924,27-Mar-2026,Interest,306.33,0.00,"15,715.64"
ID13924,04-Mar-2026,Interest,291.90,0.00,"91,015.43"
ID13924,06-Jan-2026,Charge,0.00,822.07,"21,496.32"
ID13924,03-Jan-2026,Debit Card,0.00,480.90,"1,877.35"
ID13924,19-Jan-2026,Charge,0.00,668.14,"68,098.46"
ID13924,18-Mar-2026,Reversal,"1,635.17",0.00,"55,282.10"
ID13924,24-Feb-2026,Payment,"1,260.81",0.00,"58,067.82"
ID13924,28-Feb-2026,Reversal,0.00,"1,164.40","56,226.07"
ID13924,19-Jan-2026,Charge,0.00,741.03,"78,067.31"
ID13924,25-Feb-2026,Transfer,716.01,0.00,"40,973.63"
ID13924,02-Apr-2026,Debit Card,0.00,250.37,"28,103.81"
ID13924,18-Jan-2026,Transfer,976.42,0.00,"32,704.53"
ID13924,23-Feb-2026,Reversal,0.00,195.85,"88,201.40"
ID13924,13-Jan-2026,Interest,141.46,0.00,"99,228.34"
ID13924,04-Jan-2026,Transfer,"1,187.86",0.00,"60,553.17"
ID13924,21-Jan-2026,Payment,0.00,759.70,"27,783.18"
ID13925,12-Mar-2026,Charge,0.00,335.16,"11,261.99"
ID13925,09-Jan-2026,Debit Card,0.00,526.38,"67,742.82"
ID13925,26-Mar-2026,Direct Deposit,"3,906.78",0.00,"99,246.67"
ID13925,18-Jan-2026,ATM Withdrawal,0.00,14.14,"28,666.50"
ID13925,13-Mar-2026,Debit Card,0.00,833.84,"79,038.49"
ID13925,31-Mar-2026,Reversal,541.91,0.00,"60,806.00"
ID13925,17-Jan-2026,Reversal,0.00,"1,131.57","64,344.64"
ID13925,13-Mar-2026,Direct Deposit,"2,153.19",0.00,"87,232.02"
ID13925,14-Mar-2026,Interest,349.29,0.00,"51,206.95"
ID13925,05-Mar-2026,ATM Withdrawal,0.00,985.61,"41,930.44"
ID13925,13-Mar-2026,Payment,0.00,"1,212.82","35,377.09"
ID13925,25-Feb-2026,Direct Deposit,"3,455.07",0.00,"78,885.25"
ID13925,28-Jan-2026,Charge,0.00,149.59,"20,595.54"
ID13925,19-Mar-2026,Transfer,0.00,"1,016.48","96,635.51"
ID13925,22-Mar-2026,Reversal,644.36,0.00,"11,769.06"
ID13925,16-Jan-2026,Transfer,733.40,0.00,"26,398.28"
ID13925,09-Feb-2026,Reversal,0.00,623.04,"6,538.20"
ID13925,10-Feb-2026,Transfer,0.00,"1,100.54","69,002.14"
ID13925,19-Jan-2026,Reversal,435.73,0.00,"3,574.45"
ID13925,08-Feb-2026,Payment,"1,936.66",0.00,"13,783.86"
ID13926,18-Mar-2026,Interest,314.30,0.00,"30,862.38"
ID13926,07-Jan-2026,Reversal,374.44,0.00,"96,045.42"
ID13926,28-Mar-2026,Charge,0.00,902.83,"52,558.09"
ID13926,09-Mar-2026,Charge,0.00,324.16,"96,906.37"
ID13926,21-Feb-2026,Interest,381.56,0.00,"68,071.81"
ID13926,01-Mar-2026,Interest,274.29,0.00,"14,842.05"
ID13926,28-Feb-2026,Interest,398.41,0.00,"47,145.02"
ID13926,08-Feb-2026,Debit Card,0.00,769.30,"18,476.32"
ID13926,13-Mar-2026,Transfer,257.18,0.00,"3,236.35"
ID13926,27-Mar-2026,Direct Deposit,"3,977.09",0.00,"19,250.28"
ID13926,10-Feb-2026,Payment,0.00,978.70,"16,484.32"
ID13926,21-Jan-2026,ATM Withdrawal,0.00,779.79,"18,401.06"
ID13926,06-Feb-2026,Debit Card,0.00,79.31,"31,670.75"
ID13926,17-Jan-2026,ATM Withdrawal,0.00,788.45,"76,356.99"
ID13926,20-Jan-2026,Transfer,0.00,794.28,"73,368.13"
ID13926,26-Mar-2026,Charge,0.00,641.20,"27,729.32"
ID13926,03-Mar-2026,Charge,0.00,509.63,"92,829.16"
ID13926,03-Jan-2026,Payment,699.35,0.00,"7,395.48"
ID13926,13-Mar-2026,Payment,0.00,824.82,"44,417.13"
ID13926,18-Feb-2026,ATM Withdrawal,0.00,210.79,"66,027.34"
ID13927,05-Jan-2026,Reversal,0.00,"1,285.73","23,680.45"
ID13927,13-Feb-2026,Transfer,"1,423.91",0.00,"94,560.73"
ID13927,14-Feb-2026,Charge,0.00,689.43,"4,497.52"
ID13927,02-Feb-2026,Charge,0.00,204.44,"29,504.53"
ID13927,02-Feb-2026,ATM Withdrawal,0.00,851.90,"75,022.38"
ID13927,15-Feb-2026,Direct Deposit,"1,566.33",0.00,"25,169.69"
ID13927,16-Jan-2026,Payment,524.58,0.00,"82,777.04"
ID13927,16-Jan-2026,Reversal,101.22,0.00,"67,534.97"
ID13927,05-Jan-2026,Direct Deposit,"4,562.86",0.00,"81,828.90"
ID13927,18-Mar-2026,Payment,301.96,0.00,"52,940.48"
ID13927,26-Feb-2026,Interest,129.16,0.00,"18,704.25"
ID13927,01-Feb-2026,Charge,0.00,77.57,"17,874.19"
ID13927,30-Jan-2026,ATM Withdrawal,0.00,158.36,"37,842.27"
ID13927,02-Mar-2026,Transfer,0.00,451.41,"17,643.46"
ID13927,21-Feb-2026,ATM Withdrawal,0.00,906.25,"19,486.08"
ID13927,06-Mar-2026,Payment,"1,709.79",0.00,"64,263.34"
ID13927,19-Jan-2026,ATM Withdrawal,0.00,280.91,"14,294.87"
ID13927,28-Mar-2026,ATM Withdrawal,0.00,450.39,"6,070.52"
ID13927,03-Jan-2026,Transfer,978.10,0.00,"6,135.47"
ID13927,22-Jan-2026,Interest,85.10,0.00,"97,081.41"
ID13928,24-Mar-2026,Interest,66.11,0.00,"72,136.11"
ID13928,05-Jan-2026,Reversal,449.43,0.00,"74,531.48"
ID13928,08-Mar-2026,Reversal,"1,019.76",0.00,"91,040.96"
ID13928,08-Mar-2026,Interest,127.76,0.00,"48,800.76"
ID13928,20-Mar-2026,Reversal,0.00,634.44,"90,925.63"
ID13928,14-Mar-2026,ATM Withdrawal,0.00,143.18,"7,378.46"
ID13928,26-Jan-2026,Debit Card,0.00,660.39,"51,135.97"
ID13928,07-Feb-2026,Reversal,0.00,"1,129.77","25,320.26"
ID13928,22-Mar-2026,Debit Card,0.00,441.53,"44,069.34"
ID13928,17-Feb-2026,Charge,0.00,700.28,"51,328.95"
ID13928,17-Feb-2026,Charge,0.00,611.68,"68,548.20"
ID13928,18-Jan-2026,Direct Deposit,"4,660.37",0.00,"88,711.57"
ID13928,31-Jan-2026,Interest,184.35,0.00,"66,117.35"
ID13928,09-Feb-2026,Charge,0.00,600.14,"92,418.87"
ID13928,20-Jan-2026,Interest,342.71,0.00,"90,375.05"
ID13928,05-Mar-2026,Direct Deposit,"3,233.68",0.00,"47,386.66"
ID13928,27-Feb-2026,Interest,38.47,0.00,"69,088.54"
ID13928,24-Mar-2026,Reversal,0.00,417.24,"32,863.56"
ID13928,24-Jan-2026,Charge,0.00,238.04,"93,669.27"
ID13928,15-Jan-2026,Transfer,"1,966.41",0.00,"14,173.13"
ID13929,17-Feb-2026,Transfer,0.00,884.02,"53,108.40"
ID13929,10-Mar-2026,Interest,454.87,0.00,"28,238.72"
ID13929,25-Feb-2026,ATM Withdrawal,0.00,565.50,"53,004.78"
ID13929,08-Jan-2026,Payment,0.00,634.65,"98,154.35"
ID13929,22-Mar-2026,Payment,0.00,"1,356.93","17,527.88"
ID13929,28-Feb-2026,ATM Withdrawal,0.00,227.33,"98,684.98"
ID13929,01-Mar-2026,Payment,500.18,0.00,"3,737.76"
ID13929,10-Jan-2026,Reversal,308.99,0.00,"10,976.47"
ID13929,07-Jan-2026,Payment,0.00,"1,417.14","52,902.13"
ID13929,29-Jan-2026,Reversal,"1,272.40",0.00,"33,341.95"
ID13929,12-Jan-2026,Direct Deposit,"1,065.64",0.00,"37,305.68"
ID13929,20-Mar-2026,ATM Withdrawal,0.00,822.42,"89,473.48"
ID13929,04-Jan-2026,Debit Card,0.00,222.57,"99,011.23"
ID13929,05-Feb-2026,Reversal,0.00,"1,187.07","97,023.08"
ID13929,19-Mar-2026,Debit Card,0.00,929.68,"89,099.71"
ID13929,20-Feb-2026,Reversal,0.00,917.77,"21,482.80"
ID13929,08-Feb-2026,Debit Card,0.00,320.94,"64,494.79"
ID13929,14-Jan-2026,Interest,350.82,0.00,"97,005.81"
ID13929,24-Feb-2026,Reversal,0.00,"1,373.38","98,071.62"
ID13929,14-Mar-2026,Interest,49.04,0.00,"40,942.63"
ID13930,12-Jan-2026,Debit Card,0.00,106.11,"96,792.51"
ID13930,24-Mar-2026,Debit Card,0.00,962.86,"51,906.02"
ID13930,02-Apr-2026,Charge,0.00,214.25,"50,335.04"
ID13930,25-Mar-2026,Reversal,0.00,"1,108.20","65,778.17"
ID13930,07-Mar-2026,Debit Card,0.00,363.35,"41,695.01"
ID13930,25-Mar-2026,Charge,0.00,962.32,"74,552.44"
ID13930,27-Jan-2026,Transfer,0.00,837.15,"59,398.86"
ID13930,28-Mar-2026,Interest,212.55,0.00,"41,314.58"
ID13930,03-Jan-2026,Charge,0.00,739.30,"72,381.23"
ID13930,23-Jan-2026,Transfer,622.04,0.00,"18,064.85"
ID13930,14-Jan-2026,Direct Deposit,"2,757.73",0.00,"19,474.34"
ID13930,16-Jan-2026,Payment,352.11,0.00,"93,710.32"
ID13930,14-Mar-2026,Debit Card,0.00,525.38,"93,254.19"
ID13930,03-Jan-2026,Reversal,0.00,396.05,"52,802.56"
ID13930,13-Jan-2026,Payment,0.00,485.38,"27,252.98"
ID13930,04-Jan-2026,Direct Deposit,"3,516.98",0.00,"48,990.81"
ID13930,25-Feb-2026,Interest,421.38,0.00,"5,194.68"
ID13930,19-Mar-2026,Reversal,673.32,0.00,"94,090.00"
ID13930,25-Feb-2026,Transfer,0.00,"1,027.23","69,323.20"
ID13930,10-Jan-2026,Transfer,"1,880.02",0.00,"20,966.40"
ID13931,01-Feb-2026,Interest,65.04,0.00,"89,880.51"
ID13931,09-Jan-2026,Direct Deposit,"1,257.12",0.00,"28,384.98"
ID13931,02-Apr-2026,Debit Card,0.00,804.89,"18,768.71"
ID13931,26-Mar-2026,ATM Withdrawal,0.00,371.08,"66,143.30"
ID13931,01-Mar-2026,Charge,0.00,284.99,"89,130.24"
ID13931,08-Feb-2026,Transfer,"1,541.00",0.00,"88,226.54"
ID13931,07-Jan-2026,ATM Withdrawal,0.00,787.09,"69,743.59"
ID13931,29-Jan-2026,Debit Card,0.00,425.05,"11,054.49"
ID13931,25-Mar-2026,Direct Deposit,"3,555.74",0.00,"1,508.31"
ID13931,26-Feb-2026,Debit Card,0.00,827.00,"67,485.79"
ID13931,31-Jan-2026,Charge,0.00,470.74,"92,291.23"
ID13931,08-Feb-2026,Reversal,0.00,977.42,"80,376.54"
ID13931,29-Jan-2026,ATM Withdrawal,0.00,124.36,"3,575.63"
ID13931,24-Feb-2026,Transfer,"1,127.33",0.00,"62,627.50"
ID13931,02-Apr-2026,Debit Card,0.00,942.77,"26,994.47"
ID13931,22-Jan-2026,Transfer,0.00,"1,124.37","2,327.85"
ID13931,23-Jan-2026,Debit Card,0.00,853.42,"43,108.70"
ID13931,04-Jan-2026,Debit Card,0.00,142.36,"88,854.34"
ID13931,13-Jan-2026,Direct Deposit,"3,162.33",0.00,"39,853.63"
ID13931,22-Mar-2026,Direct Deposit,"4,369.83",0.00,"34,679.24"
ID13932,31-Mar-2026,Direct Deposit,"4,231.82",0.00,"94,720.26"
ID13932,23-Jan-2026,Interest,198.34,0.00,"88,308.75"
ID13932,03-Mar-2026,ATM Withdrawal,0.00,424.46,"2,583.32"
ID13932,27-Feb-2026,Payment,0.00,"1,198.64","16,062.31"
ID13932,11-Mar-2026,ATM Withdrawal,0.00,55.55,"62,418.89"
ID13932,28-Jan-2026,ATM Withdrawal,0.00,55.20,"62,241.57"
ID13932,17-Feb-2026,Payment,0.00,507.61,"72,740.93"
ID13932,06-Jan-2026,Debit Card,0.00,319.50,"7,302.84"
ID13932,19-Jan-2026,Direct Deposit,"1,130.90",0.00,"45,501.11"
ID13932,10-Mar-2026,Reversal,"1,331.16",0.00,"37,990.99"
ID13932,05-Jan-2026,ATM Withdrawal,0.00,901.26,"1,307.22"
ID13932,22-Mar-2026,Reversal,0.00,"1,478.96","36,490.11"
ID13932,05-Mar-2026,Payment,0.00,847.98,"94,939.92"
ID13932,18-Mar-2026,Reversal,"1,740.47",0.00,"51,380.82"
ID13932,15-Feb-2026,Direct Deposit,"2,930.09",0.00,"46,500.01"
ID13932,24-Jan-2026,Reversal,0.00,693.54,"83,065.20"
ID13932,21-Jan-2026,Direct Deposit,"2,196.05",0.00,"5,367.68"
ID13932,09-Mar-2026,ATM Withdrawal,0.00,823.62,"89,733.79"
ID13932,19-Feb-2026,Charge,0.00,600.82,"2,924.97"
ID13932,25-Mar-2026,Debit Card,0.00,256.74,"62,895.32"
ID13933,26-Jan-2026,Transfer,"1,373.14",0.00,"91,123.33"
ID13933,16-Mar-2026,Payment,0.00,"1,086.16","53,572.89"
ID13933,10-Mar-2026,Interest,92.58,0.00,"85,257.61"
ID13933,07-Mar-2026,Reversal,"1,719.02",0.00,"27,750.70"
ID13933,13-Mar-2026,Interest,475.22,0.00,"47,793.43"
ID13933,19-Feb-2026,ATM Withdrawal,0.00,886.94,"97,799.41"
ID13933,01-Mar-2026,Reversal,0.00,119.80,"7,319.93"
ID13933,22-Feb-2026,Reversal,"1,418.01",0.00,"89,805.00"
ID13933,05-Feb-2026,Transfer,"1,948.24",0.00,"48,249.09"
ID13933,02-Apr-2026,Debit Card,0.00,751.00,"94,628.47"
ID13933,12-Feb-2026,Reversal,119.88,0.00,"72,874.77"
ID13933,03-Mar-2026,Interest,184.56,0.00,"82,608.62"
ID13933,07-Jan-2026,Payment,895.64,0.00,"53,352.92"
ID13933,28-Mar-2026,Charge,0.00,918.97,"55,170.34"
ID13933,11-Mar-2026,Charge,0.00,388.92,"55,272.87"
ID13933,26-Jan-2026,Direct Deposit,"1,115.03",0.00,"27,763.20"
ID13933,26-Jan-2026,Reversal,0.00,"1,072.75","87,511.88"
ID13933,14-Feb-2026,Debit Card,0.00,928.57,"49,343.01"
ID13933,29-Mar-2026,ATM Withdrawal,0.00,383.76,"3,381.04"
ID13933,03-Apr-2026,Direct Deposit,"2,263.83",0.00,"55,680.14"
ID13934,01-Mar-2026,Reversal,0.00,90.80,"47,422.19"
ID13934,23-Mar-2026,Reversal,0.00,"1,441.45","45,827.81"
ID13934,06-Feb-2026,Reversal,0.00,50.76,"70,490.13"
ID13934,16-Jan-2026,ATM Withdrawal,0.00,170.47,"34,092.71"
ID13934,08-Feb-2026,Direct Deposit,"1,213.72",0.00,"43,148.77"
ID13934,26-Jan-2026,Reversal,"1,363.09",0.00,"57,517.26"
ID13934,11-Mar-2026,Direct Deposit,"2,861.24",0.00,"93,370.92"
ID13934,06-Jan-2026,Direct Deposit,"3,057.89",0.00,"21,042.40"
ID13934,04-Feb-2026,Transfer,"1,984.19",0.00,"65,509.00"
ID13934,05-Jan-2026,Interest,241.80,0.00,"25,412.37"
ID13934,05-Feb-2026,Debit Card,0.00,542.53,"81,430.87"
ID13934,25-Mar-2026,Payment,680.56,0.00,"89,159.43"
ID13934,19-Mar-2026,Payment,0.00,218.98,"59,919.31"
ID13934,23-Feb-2026,Transfer,383.28,0.00,"72,328.53"
ID13934,26-Mar-2026,ATM Withdrawal,0.00,525.49,"31,263.38"
ID13934,16-Mar-2026,Debit Card,0.00,553.26,"76,109.91"
ID13934,06-Feb-2026,Interest,301.67,0.00,"92,680.96"
ID13934,27-Feb-2026,ATM Withdrawal,0.00,326.78,"14,131.89"
ID13934,13-Mar-2026,ATM Withdrawal,0.00,627.27,"5,306.44"
ID13934,16-Jan-2026,Interest,164.38,0.00,"40,533.62"
ID13935,29-Jan-2026,Interest,178.05,0.00,"20,019.31"
ID13935,04-Feb-2026,Charge,0.00,381.38,"52,413.14"
ID13935,26-Mar-2026,Payment,0.00,426.52,"5,636.43"
ID13935,30-Jan-2026,Charge,0.00,336.08,"10,274.38"
ID13935,07-Jan-2026,Reversal,"1,889.91",0.00,"68,603.96"
ID13935,30-Mar-2026,Interest,364.76,0.00,"83,257.61"
ID13935,31-Jan-2026,Payment,0.00,"1,069.87","62,538.45"
ID13935,19-Feb-2026,ATM Withdrawal,0.00,259.38,"58,385.99"
ID13935,21-Mar-2026,Direct Deposit,"3,945.70",0.00,"46,935.00"
ID13935,18-Jan-2026,ATM Withdrawal,0.00,592.99,"57,661.43"
ID13935,12-Mar-2026,Debit Card,0.00,922.40,"6,413.88"
ID13935,25-Feb-2026,Interest,211.91,0.00,"16,662.55"
ID13935,31-Jan-2026,Interest,468.99,0.00,"54,600.66"
ID13935,24-Jan-2026,Charge,0.00,993.44,"26,996.69"
ID13935,14-Jan-2026,Direct Deposit,"3,997.51",0.00,"43,577.47"
ID13935,02-Mar-2026,Interest,118.09,0.00,"78,985.50"
ID13935,06-Feb-2026,Transfer,0.00,"1,485.65","19,627.86"
ID13935,01-Mar-2026,Reversal,0.00,614.92,"48,881.85"
ID13935,14-Feb-2026,Charge,0.00,275.26,"43,618.33"
ID13935,09-Mar-2026,Debit Card,0.00,932.03,"47,827.62"
ID13936,23-Mar-2026,ATM Withdrawal,0.00,343.35,"40,906.04"
ID13936,06-Jan-2026,Reversal,0.00,"1,245.21","53,188.28"
ID13936,02-Apr-2026,Transfer,0.00,558.23,"55,111.70"
ID13936,22-Feb-2026,Interest,225.86,0.00,"36,969.98"
ID13936,13-Feb-2026,Payment,0.00,417.46,"53,443.92"
ID13936,27-Feb-2026,Transfer,"1,527.80",0.00,"19,799.13"
ID13936,31-Jan-2026,Charge,0.00,635.63,"7,026.34"
ID13936,20-Jan-2026,Transfer,0.00,"1,245.71","3,757.49"
ID13936,28-Feb-2026,Transfer,0.00,703.09,"1,588.02"
ID13936,11-Mar-2026,Reversal,0.00,"1,329.75","73,948.79"
ID13936,08-Jan-2026,Payment,"1,556.75",0.00,"60,192.59"
ID13936,28-Feb-2026,Payment,"1,777.87",0.00,"5,143.49"
ID13936,07-Jan-2026,Payment,0.00,145.06,"56,983.16"
ID13936,23-Jan-2026,Direct Deposit,943.45,0.00,"25,441.82"
ID13936,16-Jan-2026,Charge,0.00,115.56,"7,016.01"
ID13936,17-Jan-2026,Interest,441.71,0.00,"55,613.24"
ID13936,20-Feb-2026,Interest,48.60,0.00,"20,757.03"
ID13936,12-Feb-2026,Debit Card,0.00,318.11,"18,822.94"
ID13936,23-Feb-2026,Transfer,0.00,"1,116.89","54,130.46"
ID13936,15-Feb-2026,Direct Deposit,"1,802.28",0.00,"48,494.97"
ID13937,07-Feb-2026,Payment,443.15,0.00,"6,475.07"
ID13937,11-Feb-2026,Debit Card,0.00,575.25,"57,052.50"
ID13937,22-Mar-2026,Transfer,"1,221.18",0.00,"7,696.89"
ID13937,19-Jan-2026,Charge,0.00,579.12,"22,200.83"
ID13937,25-Feb-2026,ATM Withdrawal,0.00,371.94,"49,410.14"
ID13937,14-Feb-2026,Transfer,0.00,204.68,"97,058.83"
ID13937,06-Mar-2026,Transfer,0.00,246.34,"67,386.47"
ID13937,29-Mar-2026,Debit Card,0.00,815.05,"71,737.58"
ID13937,29-Jan-2026,Direct Deposit,"3,881.60",0.00,"85,495.02"
ID13937,25-Mar-2026,Transfer,0.00,587.60,"54,876.36"
ID13937,26-Mar-2026,Charge,0.00,362.66,"74,342.45"
ID13937,15-Mar-2026,Direct Deposit,"1,492.69",0.00,"66,768.66"
ID13937,22-Feb-2026,Payment,225.97,0.00,"8,095.63"
ID13937,18-Jan-2026,Charge,0.00,791.31,"60,921.52"
ID13937,01-Feb-2026,Reversal,510.95,0.00,"50,350.54"
ID13937,12-Feb-2026,Reversal,"1,418.42",0.00,"15,396.01"
ID13937,04-Jan-2026,Charge,0.00,243.16,"81,291.95"
ID13937,20-Feb-2026,Debit Card,0.00,529.68,"87,156.59"
ID13937,17-Mar-2026,ATM Withdrawal,0.00,100.82,"68,833.27"
ID13937,04-Jan-2026,Interest,35.76,0.00,"48,181.27"
ID13938,17-Jan-2026,Transfer,0.00,890.02,"21,444.76"
ID13938,26-Mar-2026,Reversal,767.97,0.00,"21,844.74"
ID13938,19-Feb-2026,Payment,0.00,"1,485.94","79,771.07"
ID13938,07-Jan-2026,Payment,0.00,80.37,"13,061.42"
ID13938,19-Feb-2026,Direct Deposit,"1,899.33",0.00,"73,786.65"
ID13938,18-Mar-2026,Payment,"1,628.63",0.00,"59,444.31"
ID13938,13-Feb-2026,Transfer,0.00,338.08,"4,840.17"
ID13938,28-Mar-2026,Payment,0.00,92.95,"34,322.30"
ID13938,03-Apr-2026,Reversal,0.00,290.08,"25,812.46"
ID13938,25-Jan-2026,Reversal,"1,636.29",0.00,"50,070.36"
ID13938,17-Jan-2026,Reversal,"1,586.06",0.00,"26,114.96"
ID13938,13-Mar-2026,Direct Deposit,"3,391.11",0.00,"63,200.50"
ID13938,03-Jan-2026,Debit Card,0.00,574.24,"96,937.75"
ID13938,05-Feb-2026,Charge,0.00,42.05,"57,427.64"
ID13938,12-Feb-2026,Charge,0.00,638.53,"69,232.98"
ID13938,12-Jan-2026,Interest,150.70,0.00,"48,903.03"
ID13938,03-Jan-2026,ATM Withdrawal,0.00,762.80,"26,430.26"
ID13938,08-Jan-2026,Direct Deposit,548.26,0.00,"73,265.90"
ID13938,04-Mar-2026,Direct Deposit,"3,210.81",0.00,"35,554.68"
ID13938,23-Feb-2026,ATM Withdrawal,0.00,323.02,"59,205.62"
ID13939,17-Jan-2026,Debit Card,0.00,520.65,"69,887.03"
ID13939,09-Jan-2026,ATM Withdrawal,0.00,610.31,"18,940.98"
ID13939,28-Feb-2026,Charge,0.00,356.57,"33,150.99"
ID13939,15-Jan-2026,Payment,0.00,"1,165.73","21,182.32"
ID13939,07-Jan-2026,Payment,0.00,217.65,"84,917.12"
ID13939,06-Feb-2026,Reversal,0.00,438.45,"39,416.78"
ID13939,28-Jan-2026,Payment,0.00,454.08,"35,689.98"
ID13939,08-Jan-2026,Transfer,262.89,0.00,"83,705.28"
ID13939,15-Jan-2026,Debit Card,0.00,357.80,"21,131.17"
ID13939,14-Mar-2026,Charge,0.00,972.48,"10,950.55"
ID13939,15-Feb-2026,Interest,314.07,0.00,"50,276.39"
ID13939,06-Mar-2026,Charge,0.00,818.29,"67,136.40"
ID13939,23-Mar-2026,Charge,0.00,121.00,"69,360.06"
ID13939,04-Feb-2026,Transfer,"1,755.36",0.00,"76,529.67"
ID13939,08-Jan-2026,Charge,0.00,192.95,"74,085.95"
ID13939,15-Jan-2026,Charge,0.00,211.42,"43,167.75"
ID13939,01-Apr-2026,Reversal,"1,161.23",0.00,"31,722.61"
ID13939,24-Mar-2026,Interest,344.77,0.00,"60,095.03"
ID13939,04-Feb-2026,Transfer,"1,229.38",0.00,"6,255.85"
ID13939,04-Jan-2026,Interest,283.10,0.00,"44,871.68"
ID13940,02-Feb-2026,Direct Deposit,"3,997.42",0.00,"22,514.75"
ID13940,25-Jan-2026,ATM Withdrawal,0.00,158.33,"31,425.16"
ID13940,12-Feb-2026,Interest,155.17,0.00,"71,842.77"
ID13940,12-Feb-2026,Transfer,0.00,422.97,"74,382.25"
ID13940,21-Feb-2026,Transfer,0.00,50.68,"26,418.11"
ID13940,19-Feb-2026,Reversal,"1,211.63",0.00,"1,096.49"
ID13940,15-Jan-2026,Reversal,181.00,0.00,"74,018.15"
ID13940,27-Jan-2026,Transfer,0.00,295.27,"38,971.10"
ID13940,06-Mar-2026,Debit Card,0.00,644.80,"65,349.82"
ID13940,10-Jan-2026,Interest,257.38,0.00,"41,822.95"
ID13940,28-Jan-2026,ATM Withdrawal,0.00,138.69,"54,622.00"
ID13940,17-Mar-2026,Interest,272.61,0.00,"42,324.76"
ID13940,26-Jan-2026,Interest,18.80,0.00,"88,759.83"
ID13940,14-Mar-2026,Payment,0.00,319.75,"8,580.54"
ID13940,26-Mar-2026,Charge,0.00,671.90,"48,953.20"
ID13940,24-Mar-2026,Charge,0.00,516.33,"90,183.89"
ID13940,26-Mar-2026,Direct Deposit,"2,113.47",0.00,"5,147.03"
ID13940,23-Jan-2026,Transfer,"1,761.57",0.00,"30,514.30"
ID13940,22-Jan-2026,Direct Deposit,"2,211.23",0.00,"15,669.59"
ID13940,20-Jan-2026,Debit Card,0.00,994.93,"83,529.50"
ID13941,12-Feb-2026,Reversal,848.16,0.00,"7,575.69"
ID13941,01-Feb-2026,Transfer,0.00,53.43,"52,370.39"
ID13941,17-Feb-2026,Interest,115.57,0.00,"4,137.25"
ID13941,27-Jan-2026,ATM Withdrawal,0.00,275.91,"66,013.81"
ID13941,15-Jan-2026,ATM Withdrawal,0.00,290.46,"70,952.72"
ID13941,22-Feb-2026,ATM Withdrawal,0.00,490.00,"46,991.74"
ID13941,20-Jan-2026,Payment,"1,728.79",0.00,"8,893.75"
ID13941,13-Jan-2026,Charge,0.00,584.58,"34,089.21"
ID13941,30-Jan-2026,Debit Card,0.00,816.81,"63,803.31"
ID13941,06-Feb-2026,Transfer,698.95,0.00,"69,475.80"
ID13941,11-Jan-2026,Payment,0.00,709.40,"5,100.11"
ID13941,12-Feb-2026,Reversal,214.16,0.00,"99,891.58"
ID13941,12-Mar-2026,Transfer,0.00,"1,434.08","78,361.80"
ID13941,04-Mar-2026,Reversal,964.29,0.00,"29,701.71"
ID13941,04-Mar-2026,Charge,0.00,263.61,"62,849.80"
ID13941,22-Mar-2026,ATM Withdrawal,0.00,602.10,"93,284.18"
ID13941,21-Feb-2026,ATM Withdrawal,0.00,993.40,"36,576.22"
ID13941,18-Feb-2026,Debit Card,0.00,809.39,"97,614.52"
ID13941,17-Feb-2026,Interest,246.83,0.00,"54,258.59"
ID13941,11-Mar-2026,ATM Withdrawal,0.00,314.22,"69,347.12"
ID13942,21-Feb-2026,Interest,392.13,0.00,"61,378.50"
ID13942,07-Mar-2026,Debit Card,0.00,777.12,"91,863.13"
ID13942,03-Apr-2026,Debit Card,0.00,365.49,"5,199.10"
ID13942,14-Jan-2026,Transfer,0.00,999.71,"13,359.89"
ID13942,23-Mar-2026,Charge,0.00,990.32,"86,659.20"
ID13942,19-Mar-2026,Direct Deposit,"1,045.53",0.00,"25,636.18"
ID13942,18-Mar-2026,Interest,118.76,0.00,"33,531.04"
ID13942,03-Mar-2026,Interest,239.75,0.00,"57,174.76"
ID13942,24-Mar-2026,Interest,345.93,0.00,"43,299.78"
ID13942,24-Feb-2026,ATM Withdrawal,0.00,501.06,"46,320.03"
ID13942,13-Feb-2026,Direct Deposit,"4,310.27",0.00,"88,411.11"
ID13942,06-Mar-2026,Reversal,0.00,116.83,"46,166.65"
ID13942,19-Jan-2026,ATM Withdrawal,0.00,954.13,"88,815.75"
ID13942,02-Feb-2026,Reversal,0.00,"1,077.31","36,966.17"
ID13942,16-Jan-2026,Interest,20.63,0.00,"6,569.28"
ID13942,06-Jan-2026,Interest,244.72,0.00,"7,310.75"
ID13942,10-Feb-2026,ATM Withdrawal,0.00,985.91,"43,494.20"
ID13942,17-Mar-2026,Payment,"1,576.41",0.00,"40,396.54"
ID13942,10-Feb-2026,Direct Deposit,"1,786.06",0.00,"25,119.67"
ID13942,18-Mar-2026,Charge,0.00,185.57,"55,882.65"
ID13943,20-Jan-2026,Transfer,231.20,0.00,"82,444.62"
ID13943,24-Jan-2026,Debit Card,0.00,994.39,"52,732.92"
ID13943,20-Feb-2026,Reversal,0.00,"1,171.19","71,202.25"
ID13943,22-Jan-2026,Charge,0.00,442.89,"66,459.75"
ID13943,03-Mar-2026,Debit Card,0.00,882.36,"55,669.71"
ID13943,05-Feb-2026,Direct Deposit,"1,120.98",0.00,"69,561.59"
ID13943,15-Jan-2026,Debit Card,0.00,591.26,"70,384.63"
ID13943,28-Mar-2026,Payment,462.27,0.00,"19,160.55"
ID13943,02-Feb-2026,Debit Card,0.00,972.72,"55,123.18"
ID13943,01-Mar-2026,Interest,81.72,0.00,"68,653.89"
ID13943,23-Mar-2026,Debit Card,0.00,85.62,"43,324.61"
ID13943,06-Jan-2026,Charge,0.00,349.92,"7,584.47"
ID13943,02-Apr-2026,Transfer,418.02,0.00,"67,406.13"
ID13943,23-Feb-2026,Payment,0.00,"1,319.39","33,757.13"
ID13943,16-Feb-2026,Transfer,"1,108.49",0.00,"17,268.36"
ID13943,13-Jan-2026,Interest,220.87,0.00,"13,117.64"
ID13943,23-Mar-2026,Charge,0.00,614.69,"65,223.15"
ID13943,05-Mar-2026,Payment,"1,042.56",0.00,"34,658.40"
ID13943,19-Mar-2026,Payment,0.00,794.28,"97,288.40"
ID13943,26-Feb-2026,ATM Withdrawal,0.00,396.07,"62,580.41"
ID13944,06-Mar-2026,Transfer,"1,113.90",0.00,"5,736.19"
ID13944,24-Jan-2026,Reversal,0.00,"1,177.78","14,831.72"
ID13944,16-Feb-2026,Reversal,244.99,0.00,"1,470.95"
ID13944,23-Jan-2026,Transfer,0.00,135.11,"47,226.10"
ID13944,01-Apr-2026,Charge,0.00,747.57,"70,097.37"
ID13944,05-Jan-2026,Transfer,"1,094.57",0.00,"32,878.57"
ID13944,27-Jan-2026,Reversal,0.00,"1,441.60","35,431.78"
ID13944,13-Feb-2026,Charge,0.00,619.54,"23,235.41"
ID13944,12-Jan-2026,Payment,774.90,0.00,"78,977.08"
ID13944,26-Mar-2026,Payment,899.36,0.00,"83,244.56"
ID13944,27-Mar-2026,Reversal,"1,592.86",0.00,"87,685.48"
ID13944,04-Feb-2026,Reversal,"1,054.71",0.00,"51,100.28"
ID13944,11-Mar-2026,Interest,109.43,0.00,"25,350.96"
ID13944,23-Jan-2026,Interest,150.68,0.00,"78,825.27"
ID13944,26-Feb-2026,ATM Withdrawal,0.00,948.56,"39,973.94"
ID13944,12-Mar-2026,Transfer,770.62,0.00,"54,722.48"
ID13944,27-Jan-2026,Direct Deposit,"3,407.23",0.00,"87,285.16"
ID13944,21-Feb-2026,Interest,496.04,0.00,"84,069.78"
ID13944,27-Feb-2026,Debit Card,0.00,911.56,"18,478.81"
ID13944,26-Feb-2026,Payment,"1,478.78",0.00,"1,741.61"
ID13945,26-Jan-2026,Reversal,208.89,0.00,"66,274.70"
ID13945,06-Jan-2026,Interest,278.70,0.00,"21,204.99"
ID13945,24-Feb-2026,Transfer,874.48,0.00,"84,759.61"
ID13945,03-Jan-2026,Payment,"1,750.92",0.00,"18,365.63"
ID13945,06-Feb-2026,Transfer,0.00,725.38,"78,185.22"
ID13945,21-Feb-2026,Charge,0.00,619.37,"33,442.44"
ID13945,26-Jan-2026,Debit Card,0.00,59.13,"77,323.09"
ID13945,17-Mar-2026,Debit Card,0.00,249.97,"42,835.76"
ID13945,18-Feb-2026,Transfer,910.73,0.00,"7,456.24"
ID13945,11-Feb-2026,Payment,0.00,596.05,"25,801.67"
ID13945,22-Mar-2026,Charge,0.00,982.13,"5,484.00"
ID13945,06-Jan-2026,Direct Deposit,"3,806.88",0.00,"1,291.07"
ID13945,06-Mar-2026,Payment,"1,647.75",0.00,"45,359.12"
ID13945,05-Jan-2026,Debit Card,0.00,787.82,"30,514.22"
ID13945,25-Jan-2026,Direct Deposit,"3,712.51",0.00,"57,245.53"
ID13945,11-Mar-2026,Reversal,"1,670.23",0.00,"85,706.72"
ID13945,30-Mar-2026,Reversal,240.90,0.00,"80,419.97"
ID13945,25-Jan-2026,Reversal,0.00,175.37,"64,896.01"
ID13945,25-Feb-2026,Reversal,968.95,0.00,"31,375.06"
ID13945,03-Mar-2026,ATM Withdrawal,0.00,74.40,"63,670.55"
ID13946,23-Mar-2026,Transfer,0.00,322.62,"26,667.56"
ID13946,21-Mar-2026,Interest,289.11,0.00,"2,176.79"
ID13946,14-Mar-2026,Reversal,0.00,"1,266.84","43,584.79"
ID13946,14-Jan-2026,Payment,"1,808.68",0.00,"66,643.60"
ID13946,17-Mar-2026,Debit Card,0.00,234.43,"53,146.72"
ID13946,18-Jan-2026,Direct Deposit,785.65,0.00,"86,111.10"
ID13946,15-Feb-2026,Direct Deposit,"3,606.69",0.00,"32,069.84"
ID13946,24-Mar-2026,Direct Deposit,"4,288.73",0.00,"80,946.48"
ID13946,25-Jan-2026,ATM Withdrawal,0.00,268.70,"80,696.71"
ID13946,10-Mar-2026,Payment,0.00,"1,256.93","1,203.77"
ID13946,24-Feb-2026,Payment,"1,887.86",0.00,"79,649.92"
ID13946,13-Mar-2026,ATM Withdrawal,0.00,210.20,"58,120.49"
ID13946,01-Apr-2026,Debit Card,0.00,50.73,"65,129.46"
ID13946,16-Jan-2026,Charge,0.00,242.57,"14,316.50"
ID13946,12-Mar-2026,ATM Withdrawal,0.00,454.34,"46,598.73"
ID13946,07-Mar-2026,Interest,93.84,0.00,"52,434.42"
ID13946,16-Feb-2026,Debit Card,0.00,510.21,"85,188.68"
ID13946,22-Feb-2026,Payment,0.00,661.57,"75,394.57"
ID13946,09-Feb-2026,Charge,0.00,659.26,"43,115.05"
ID13946,13-Mar-2026,Reversal,0.00,"1,296.56","67,075.11"
ID13947,20-Feb-2026,Charge,0.00,438.50,"96,426.55"
ID13947,11-Feb-2026,Charge,0.00,627.16,"36,420.40"
ID13947,20-Feb-2026,Direct Deposit,"2,909.40",0.00,"27,613.93"
ID13947,01-Apr-2026,ATM Withdrawal,0.00,465.33,"62,316.64"
ID13947,06-Jan-2026,ATM Withdrawal,0.00,603.10,"52,338.86"
ID13947,10-Jan-2026,ATM Withdrawal,0.00,711.62,"36,822.86"
ID13947,30-Jan-2026,Debit Card,0.00,425.72,"81,308.79"
ID13947,20-Feb-2026,Reversal,0.00,576.84,"28,778.99"
ID13947,08-Mar-2026,Reversal,"1,590.66",0.00,"85,813.37"
ID13947,25-Feb-2026,Charge,0.00,259.93,"53,334.62"
ID13947,16-Jan-2026,Direct Deposit,"3,739.35",0.00,"56,456.79"
ID13947,03-Feb-2026,Interest,202.50,0.00,"21,425.74"
ID13947,18-Feb-2026,Reversal,0.00,522.93,"58,788.92"
ID13947,21-Mar-2026,Interest,102.35,0.00,"66,146.95"
ID13947,16-Feb-2026,Transfer,0.00,"1,366.58","39,952.88"
ID13947,01-Feb-2026,Reversal,"1,612.39",0.00,"76,168.96"
ID13947,03-Apr-2026,Transfer,"1,780.33",0.00,"65,957.17"
ID13947,09-Mar-2026,Direct Deposit,"4,193.76",0.00,"52,708.44"
ID13947,08-Jan-2026,ATM Withdrawal,0.00,286.93,"57,694.27"
ID13947,31-Mar-2026,Debit Card,0.00,512.68,"19,068.20"
ID13948,17-Mar-2026,Interest,174.15,0.00,"57,573.13"
ID13948,28-Mar-2026,Payment,0.00,"1,375.35","60,394.79"
ID13948,23-Jan-2026,Charge,0.00,720.57,"75,327.44"
ID13948,17-Feb-2026,Direct Deposit,"3,799.02",0.00,"80,055.20"
ID13948,28-Feb-2026,Transfer,674.30,0.00,"47,684.82"
ID13948,30-Jan-2026,Reversal,"1,703.18",0.00,"28,772.51"
ID13948,18-Mar-2026,Payment,0.00,719.35,"97,270.35"
ID13948,14-Mar-2026,Debit Card,0.00,214.83,"89,265.12"
ID13948,04-Jan-2026,Charge,0.00,885.02,"50,829.65"
ID13948,14-Feb-2026,ATM Withdrawal,0.00,126.65,"99,402.39"
ID13948,13-Mar-2026,Reversal,0.00,"1,444.43","71,234.83"
ID13948,05-Feb-2026,Transfer,0.00,266.47,"11,853.22"
ID13948,30-Jan-2026,ATM Withdrawal,0.00,113.73,"11,916.33"
ID13948,09-Jan-2026,Direct Deposit,"4,934.33",0.00,"46,001.11"
ID13948,13-Feb-2026,Payment,0.00,"1,465.19","70,285.88"
ID13948,20-Feb-2026,Interest,192.55,0.00,"33,157.53"
ID13948,07-Jan-2026,Direct Deposit,"1,712.55",0.00,"60,737.83"
ID13948,02-Apr-2026,Payment,485.24,0.00,"3,706.15"
ID13948,28-Jan-2026,Transfer,"1,069.94",0.00,"68,637.30"
ID13948,22-Mar-2026,ATM Withdrawal,0.00,135.13,"50,013.34"
ID13949,27-Jan-2026,Transfer,0.00,"1,038.80","70,121.71"
ID13949,19-Mar-2026,ATM Withdrawal,0.00,151.24,"13,941.67"
ID13949,17-Mar-2026,ATM Withdrawal,0.00,647.17,"3,519.63"
ID13949,21-Mar-2026,Interest,105.87,0.00,"1,126.41"
ID13949,05-Mar-2026,Charge,0.00,124.51,"66,207.44"
ID13949,23-Feb-2026,Interest,270.62,0.00,"50,506.31"
ID13949,24-Jan-2026,Payment,454.87,0.00,"60,308.44"
ID13949,23-Jan-2026,Debit Card,0.00,928.19,"46,677.31"
ID13949,20-Jan-2026,Transfer,"1,875.99",0.00,"97,880.27"
ID13949,06-Mar-2026,Reversal,"1,222.18",0.00,"54,111.00"
ID13949,05-Feb-2026,Charge,0.00,342.98,"62,884.26"
ID13949,16-Jan-2026,Transfer,0.00,921.81,"62,973.38"
ID13949,02-Mar-2026,Interest,187.42,0.00,"67,732.25"
ID13949,24-Mar-2026,Payment,203.45,0.00,"31,258.98"
ID13949,01-Mar-2026,Payment,877.15,0.00,"46,608.30"
ID13949,15-Feb-2026,Interest,59.11,0.00,"24,032.20"
ID13949,08-Feb-2026,Reversal,"1,427.85",0.00,"30,524.52"
ID13949,04-Feb-2026,ATM Withdrawal,0.00,440.03,"75,560.08"
ID13949,23-Jan-2026,Reversal,393.97,0.00,"68,473.05"
ID13949,23-Jan-2026,Payment,"1,301.06",0.00,"21,622.56"
ID13950,10-Feb-2026,Charge,0.00,807.71,"39,000.21"
ID13950,19-Feb-2026,Charge,0.00,418.04,"55,956.31"
ID13950,23-Feb-2026,Charge,0.00,659.55,"88,597.14"
ID13950,22-Mar-2026,ATM Withdrawal,0.00,441.04,"12,949.51"
ID13950,27-Mar-2026,Interest,465.15,0.00,"51,876.20"
ID13950,01-Mar-2026,Charge,0.00,757.31,"97,591.70"
ID13950,26-Mar-2026,Transfer,0.00,491.03,"65,487.51"
ID13950,16-Feb-2026,ATM Withdrawal,0.00,883.00,"16,045.34"
ID13950,30-Mar-2026,Transfer,"1,615.30",0.00,"98,963.53"
ID13950,19-Jan-2026,Direct Deposit,"3,095.17",0.00,"97,044.34"
ID13950,22-Feb-2026,Payment,405.93,0.00,"22,587.64"
ID13950,13-Jan-2026,Charge,0.00,842.93,"17,046.55"
ID13950,05-Jan-2026,Reversal,0.00,"1,222.76","3,793.03"
ID13950,11-Jan-2026,Payment,0.00,230.65,"34,586.82"
ID13950,28-Jan-2026,ATM Withdrawal,0.00,26.53,"66,965.56"
ID13950,04-Feb-2026,Interest,424.17,0.00,"4,161.08"
ID13950,02-Feb-2026,Transfer,668.24,0.00,"44,671.07"
ID13950,07-Mar-2026,Payment,545.89,0.00,"84,257.14"
ID13950,02-Apr-2026,Transfer,"1,740.51",0.00,"74,791.92"
ID13950,27-Feb-2026,Direct Deposit,"2,612.07",0.00,"8,315.05"
ID13951,15-Jan-2026,Debit Card,0.00,247.41,"96,046.97"
ID13951,23-Jan-2026,Charge,0.00,216.41,"64,396.26"
ID13951,23-Jan-2026,ATM Withdrawal,0.00,779.89,"70,355.59"
ID13951,07-Jan-2026,Reversal,"1,095.63",0.00,"88,610.39"
ID13951,24-Jan-2026,Interest,191.27,0.00,"19,662.20"
ID13951,24-Feb-2026,Direct Deposit,"2,412.08",0.00,"33,433.27"
ID13951,05-Mar-2026,Debit Card,0.00,353.23,"62,125.72"
ID13951,30-Mar-2026,Reversal,"1,433.53",0.00,"75,648.74"
ID13951,15-Jan-2026,Debit Card,0.00,432.48,"91,556.01"
ID13951,03-Apr-2026,Charge,0.00,816.24,"95,425.75"
ID13951,22-Mar-2026,Debit Card,0.00,936.07,"38,493.29"
ID13951,25-Jan-2026,Charge,0.00,114.63,"50,669.00"
ID13951,11-Mar-2026,Payment,"1,565.27",0.00,"48,504.43"
ID13951,18-Mar-2026,Interest,349.82,0.00,"8,012.02"
ID13951,06-Feb-2026,Payment,0.00,886.86,"88,474.51"
ID13951,14-Feb-2026,Direct Deposit,"3,846.28",0.00,"20,606.56"
ID13951,23-Mar-2026,ATM Withdrawal,0.00,301.72,"69,385.35"
ID13951,28-Feb-2026,Payment,0.00,621.38,"33,308.78"
ID13951,22-Mar-2026,Direct Deposit,"3,852.43",0.00,"88,447.04"
ID13951,22-Feb-2026,Payment,0.00,733.13,"14,498.50"
ID13952,02-Mar-2026,Interest,248.54,0.00,"4,852.53"
ID13952,19-Mar-2026,Direct Deposit,"4,682.69",0.00,"17,896.77"
ID13952,08-Mar-2026,Debit Card,0.00,247.55,"49,922.65"
ID13952,15-Mar-2026,Transfer,0.00,"1,009.13","39,484.11"
ID13952,29-Jan-2026,Direct Deposit,990.20,0.00,"26,548.04"
ID13952,23-Jan-2026,Charge,0.00,140.24,"50,443.47"
ID13952,04-Feb-2026,Charge,0.00,960.06,"42,097.52"
ID13952,25-Mar-2026,Interest,132.74,0.00,"10,157.19"
ID13952,07-Mar-2026,Interest,319.23,0.00,"68,098.27"
ID13952,10-Jan-2026,Charge,0.00,989.70,"27,426.13"
ID13952,03-Feb-2026,ATM Withdrawal,0.00,825.83,"21,495.75"
ID13952,14-Feb-2026,Charge,0.00,351.73,"31,805.89"
ID13952,04-Jan-2026,Transfer,0.00,848.23,"16,017.77"
ID13952,31-Mar-2026,Interest,349.48,0.00,"56,183.33"
ID13952,26-Feb-2026,Payment,0.00,124.77,"76,885.12"
ID13952,06-Mar-2026,Direct Deposit,"1,317.53",0.00,"8,399.12"
ID13952,16-Feb-2026,Reversal,"1,538.40",0.00,"84,614.73"
ID13952,22-Mar-2026,Direct Deposit,"4,541.83",0.00,"37,537.58"
ID13952,29-Jan-2026,Direct Deposit,984.16,0.00,"31,809.14"
ID13952,17-Jan-2026,Interest,63.41,0.00,"75,659.43"
ID13953,04-Mar-2026,ATM Withdrawal,0.00,833.63,"46,485.92"
ID13953,15-Jan-2026,Transfer,0.00,"1,224.20","80,869.77"
ID13953,02-Feb-2026,Interest,172.41,0.00,"16,631.54"
ID13953,26-Feb-2026,Direct Deposit,501.41,0.00,"76,152.71"
ID13953,19-Mar-2026,Interest,27.49,0.00,"11,357.73"
ID13953,20-Jan-2026,ATM Withdrawal,0.00,841.70,"42,651.18"
ID13953,27-Mar-2026,Interest,452.76,0.00,"97,445.28"
ID13953,16-Mar-2026,ATM Withdrawal,0.00,264.48,"7,936.32"
ID13953,03-Mar-2026,Reversal,898.47,0.00,"78,336.82"
ID13953,13-Feb-2026,Direct Deposit,"4,770.19",0.00,"11,595.72"
ID13953,17-Jan-2026,ATM Withdrawal,0.00,879.34,"49,036.12"
ID13953,17-Jan-2026,Debit Card,0.00,112.36,"54,705.98"
ID13953,12-Feb-2026,Charge,0.00,794.14,"20,407.56"
ID13953,05-Jan-2026,Payment,0.00,737.56,"66,432.11"
ID13953,15-Mar-2026,ATM Withdrawal,0.00,511.72,"48,312.20"
ID13953,19-Jan-2026,Debit Card,0.00,604.61,"64,892.27"
ID13953,01-Feb-2026,Payment,0.00,271.38,"58,049.42"
ID13953,22-Feb-2026,ATM Withdrawal,0.00,457.33,"57,670.26"
ID13953,28-Feb-2026,Reversal,0.00,354.07,"44,197.36"
ID13953,06-Mar-2026,Debit Card,0.00,378.57,"16,839.04"
ID13954,11-Jan-2026,Debit Card,0.00,585.84,"52,489.05"
ID13954,28-Jan-2026,Transfer,591.44,0.00,"10,786.56"
ID13954,18-Jan-2026,Debit Card,0.00,158.01,"21,356.77"
ID13954,11-Jan-2026,Direct Deposit,"3,675.73",0.00,"73,536.78"
ID13954,09-Feb-2026,Charge,0.00,46.62,"75,534.27"
ID13954,28-Feb-2026,Payment,0.00,189.20,"10,661.56"
ID13954,27-Jan-2026,Interest,265.06,0.00,"32,819.63"
ID13954,08-Jan-2026,Interest,280.94,0.00,"59,061.46"
ID13954,26-Jan-2026,Interest,327.54,0.00,"80,714.57"
ID13954,02-Mar-2026,Transfer,300.43,0.00,"64,429.73"
ID13954,25-Mar-2026,Charge,0.00,469.19,"98,660.83"
ID13954,19-Jan-2026,ATM Withdrawal,0.00,276.25,"98,027.67"
ID13954,03-Apr-2026,Direct Deposit,"2,646.12",0.00,"50,251.45"
ID13954,01-Feb-2026,Debit Card,0.00,603.07,"66,695.57"
ID13954,02-Mar-2026,Payment,0.00,53.56,"87,200.43"
ID13954,04-Jan-2026,Transfer,0.00,549.95,"6,693.83"
ID13954,10-Mar-2026,Transfer,0.00,"1,083.32","82,997.59"
ID13954,17-Mar-2026,Interest,55.64,0.00,"26,681.18"
ID13954,08-Mar-2026,ATM Withdrawal,0.00,714.12,"36,018.76"
ID13954,23-Mar-2026,Reversal,160.46,0.00,"42,314.53"
ID13955,13-Feb-2026,Debit Card,0.00,405.21,"17,939.40"
ID13955,28-Feb-2026,Interest,206.92,0.00,"6,362.81"
ID13955,26-Mar-2026,Interest,224.44,0.00,"37,443.87"
ID13955,18-Jan-2026,Charge,0.00,317.24,"37,654.44"
ID13955,14-Mar-2026,Interest,429.22,0.00,"79,720.98"
ID13955,23-Feb-2026,Charge,0.00,848.46,"55,745.87"
ID13955,22-Mar-2026,ATM Withdrawal,0.00,998.22,"35,291.76"
ID13955,06-Jan-2026,Debit Card,0.00,12.21,"29,870.40"
ID13955,15-Jan-2026,Debit Card,0.00,649.84,"11,299.52"
ID13955,13-Feb-2026,Payment,0.00,"1,498.47","55,404.67"
ID13955,11-Feb-2026,Reversal,0.00,502.57,"54,605.02"
ID13955,25-Mar-2026,Debit Card,0.00,933.80,"46,754.09"
ID13955,10-Jan-2026,ATM Withdrawal,0.00,142.46,"1,061.46"
ID13955,08-Jan-2026,ATM Withdrawal,0.00,849.06,"92,123.31"
ID13955,14-Feb-2026,Transfer,0.00,"1,171.52","32,395.80"
ID13955,22-Jan-2026,ATM Withdrawal,0.00,879.23,"66,836.18"
ID13955,10-Jan-2026,Transfer,"1,981.55",0.00,"38,464.72"
ID13955,06-Mar-2026,Debit Card,0.00,349.66,"44,173.69"
ID13955,24-Mar-2026,Direct Deposit,"3,241.95",0.00,"73,102.23"
ID13955,31-Mar-2026,Direct Deposit,"4,015.11",0.00,"67,639.36"
ID13956,26-Mar-2026,Charge,0.00,959.43,"61,819.42"
ID13956,24-Mar-2026,Payment,0.00,"1,251.55","92,033.07"
ID13956,16-Feb-2026,ATM Withdrawal,0.00,412.08,"99,994.35"
ID13956,05-Jan-2026,Debit Card,0.00,880.35,"99,045.67"
ID13956,19-Feb-2026,Payment,236.34,0.00,"41,293.34"
ID13956,20-Mar-2026,Interest,200.96,0.00,"91,178.15"
ID13956,15-Mar-2026,Payment,"1,739.00",0.00,"86,688.00"
ID13956,26-Mar-2026,Direct Deposit,"1,297.85",0.00,"17,458.07"
ID13956,08-Jan-2026,Reversal,670.34,0.00,"17,437.90"
ID13956,26-Feb-2026,Payment,0.00,332.14,"27,196.71"
ID13956,11-Jan-2026,ATM Withdrawal,0.00,385.65,"25,989.76"
ID13956,21-Jan-2026,Reversal,0.00,974.05,"15,358.03"
ID13956,15-Jan-2026,Interest,431.49,0.00,"18,644.43"
ID13956,31-Jan-2026,Charge,0.00,809.82,"1,324.39"
ID13956,20-Mar-2026,Direct Deposit,"2,520.82",0.00,"35,677.09"
ID13956,24-Feb-2026,Interest,252.03,0.00,"18,656.59"
ID13956,17-Feb-2026,Debit Card,0.00,948.64,"27,030.19"
ID13956,23-Feb-2026,Transfer,"1,570.24",0.00,"9,933.03"
ID13956,11-Jan-2026,Payment,0.00,61.17,"39,878.87"
ID13956,25-Mar-2026,Transfer,0.00,436.03,"85,796.88"
ID13957,03-Mar-2026,Payment,342.84,0.00,"70,602.51"
ID13957,19-Feb-2026,Charge,0.00,618.08,"68,635.10"
ID13957,29-Mar-2026,Interest,85.58,0.00,"12,971.74"
ID13957,22-Feb-2026,Reversal,0.00,793.76,"33,407.86"
ID13957,26-Mar-2026,ATM Withdrawal,0.00,382.70,"40,971.57"
ID13957,24-Jan-2026,Payment,257.21,0.00,"61,839.74"
ID13957,15-Feb-2026,Payment,316.35,0.00,"91,270.76"
ID13957,01-Mar-2026,ATM Withdrawal,0.00,762.07,"29,779.62"
ID13957,02-Mar-2026,Interest,30.90,0.00,"70,479.67"
ID13957,13-Feb-2026,Direct Deposit,"4,657.49",0.00,"76,559.43"
ID13957,25-Mar-2026,Charge,0.00,111.13,"99,371.41"
ID13957,31-Mar-2026,ATM Withdrawal,0.00,145.18,"84,280.64"
ID13957,24-Jan-2026,Direct Deposit,"1,998.27",0.00,"82,094.57"
ID13957,24-Jan-2026,Charge,0.00,589.31,"6,649.68"
ID13957,20-Feb-2026,Charge,0.00,318.00,"52,903.85"
ID13957,10-Feb-2026,Direct Deposit,"4,421.76",0.00,"14,970.14"
ID13957,23-Jan-2026,Debit Card,0.00,175.91,"74,450.66"
ID13957,02-Apr-2026,Charge,0.00,975.28,"29,374.30"
ID13957,15-Mar-2026,Charge,0.00,881.58,"17,981.42"
ID13957,02-Feb-2026,Transfer,0.00,248.89,"91,815.10"
ID13958,18-Mar-2026,Payment,0.00,"1,243.63","15,243.41"
ID13958,09-Mar-2026,Direct Deposit,"2,616.88",0.00,"76,929.47"
ID13958,01-Feb-2026,Debit Card,0.00,405.20,"44,935.47"
ID13958,10-Mar-2026,Direct Deposit,"4,557.37",0.00,"26,355.95"
ID13958,05-Mar-2026,Direct Deposit,"2,561.25",0.00,"10,918.10"
ID13958,28-Jan-2026,Debit Card,0.00,977.33,"6,265.35"
ID13958,08-Mar-2026,Transfer,"1,716.61",0.00,"6,154.12"
ID13958,04-Jan-2026,Interest,88.78,0.00,"41,098.80"
ID13958,01-Mar-2026,ATM Withdrawal,0.00,393.49,"73,314.37"
ID13958,14-Mar-2026,Direct Deposit,"1,318.96",0.00,"59,599.21"
ID13958,03-Jan-2026,Payment,"1,228.40",0.00,"82,712.66"
ID13958,19-Feb-2026,Charge,0.00,167.97,"39,393.07"
ID13958,20-Jan-2026,Payment,0.00,"1,174.99","6,585.88"
ID13958,17-Feb-2026,Debit Card,0.00,26.29,"31,861.76"
ID13958,19-Mar-2026,Debit Card,0.00,904.75,"96,444.62"
ID13958,08-Jan-2026,Reversal,0.00,697.32,"6,654.61"
ID13958,11-Jan-2026,Direct Deposit,"4,714.06",0.00,"51,907.48"
ID13958,03-Mar-2026,Payment,0.00,895.97,"14,619.10"
ID13958,01-Mar-2026,Charge,0.00,12.08,"74,421.46"
ID13958,16-Mar-2026,Debit Card,0.00,123.70,"35,583.73"
ID13959,28-Mar-2026,Debit Card,0.00,927.99,"38,682.70"
ID13959,04-Mar-2026,Interest,439.40,0.00,"92,209.08"
ID13959,03-Feb-2026,Debit Card,0.00,299.54,"57,491.96"
ID13959,30-Mar-2026,Transfer,573.07,0.00,"4,527.32"
ID13959,07-Feb-2026,Direct Deposit,999.95,0.00,"65,584.16"
ID13959,13-Mar-2026,Charge,0.00,829.18,"73,932.62"
ID13959,28-Mar-2026,Payment,0.00,"1,191.19","91,552.14"
ID13959,12-Mar-2026,Debit Card,0.00,50.32,"17,177.78"
ID13959,20-Mar-2026,Direct Deposit,"3,470.21",0.00,"39,396.29"
ID13959,26-Jan-2026,Interest,411.80,0.00,"80,528.26"
ID13959,27-Feb-2026,Reversal,"1,606.76",0.00,"63,230.01"
ID13959,06-Feb-2026,Reversal,0.00,"1,002.44","30,302.68"
ID13959,31-Jan-2026,Reversal,"1,926.63",0.00,"40,688.61"
ID13959,24-Jan-2026,Direct Deposit,"3,031.11",0.00,"98,613.50"
ID13959,22-Jan-2026,Payment,0.00,"1,417.80","38,703.30"
ID13959,28-Mar-2026,Direct Deposit,"3,104.78",0.00,"45,902.53"
ID13959,09-Mar-2026,Interest,34.28,0.00,"74,301.35"
ID13959,20-Jan-2026,Interest,105.65,0.00,"63,809.95"
ID13959,25-Mar-2026,Transfer,0.00,339.48,"68,627.66"
ID13959,10-Mar-2026,ATM Withdrawal,0.00,530.82,"47,748.23"
ID13960,10-Jan-2026,Direct Deposit,"4,812.54",0.00,"61,755.99"
ID13960,12-Mar-2026,Reversal,0.00,"1,470.73","69,638.78"
ID13960,27-Mar-2026,Reversal,0.00,465.50,"51,358.84"
ID13960,01-Apr-2026,Charge,0.00,95.52,"98,216.74"
ID13960,29-Jan-2026,Payment,0.00,979.90,"16,264.23"
ID13960,22-Jan-2026,Interest,482.14,0.00,"50,266.78"
ID13960,22-Jan-2026,ATM Withdrawal,0.00,513.07,"32,817.98"
ID13960,17-Mar-2026,Direct Deposit,"3,124.92",0.00,"39,990.45"
ID13960,04-Mar-2026,Payment,0.00,108.00,"99,985.81"
ID13960,03-Jan-2026,Charge,0.00,868.47,"56,829.01"
ID13960,25-Mar-2026,Transfer,0.00,307.80,"41,266.44"
ID13960,01-Apr-2026,Debit Card,0.00,94.62,"42,159.42"
ID13960,09-Mar-2026,ATM Withdrawal,0.00,728.92,"29,907.40"
ID13960,14-Mar-2026,Charge,0.00,29.05,"59,269.43"
ID13960,06-Feb-2026,Direct Deposit,"4,035.11",0.00,"25,931.26"
ID13960,05-Mar-2026,Interest,44.91,0.00,"40,853.19"
ID13960,27-Feb-2026,Reversal,"1,272.30",0.00,"2,355.33"
ID13960,03-Apr-2026,Transfer,"1,963.87",0.00,"15,399.60"
ID13960,26-Feb-2026,Charge,0.00,600.31,"92,475.13"
ID13960,24-Jan-2026,Direct Deposit,"4,393.15",0.00,"1,154.65"
ID13961,03-Jan-2026,Reversal,155.56,0.00,"76,563.20"
ID13961,16-Mar-2026,Payment,0.00,115.46,"81,112.02"
ID13961,21-Feb-2026,Reversal,0.00,266.70,"78,230.54"
ID13961,20-Mar-2026,Debit Card,0.00,710.84,"28,760.34"
ID13961,08-Feb-2026,ATM Withdrawal,0.00,433.50,"10,077.15"
ID13961,30-Jan-2026,Charge,0.00,30.33,"13,668.93"
ID13961,19-Jan-2026,Charge,0.00,379.73,"33,158.65"
ID13961,10-Jan-2026,Charge,0.00,771.99,"6,850.22"
ID13961,23-Mar-2026,ATM Withdrawal,0.00,339.18,"94,313.29"
ID13961,13-Feb-2026,Charge,0.00,436.83,"98,760.18"
ID13961,16-Feb-2026,Interest,298.14,0.00,"78,451.50"
ID13961,10-Mar-2026,Direct Deposit,"4,369.69",0.00,"6,758.85"
ID13961,19-Feb-2026,ATM Withdrawal,0.00,99.16,"1,781.81"
ID13961,10-Feb-2026,Debit Card,0.00,56.68,"12,134.51"
ID13961,12-Mar-2026,Debit Card,0.00,658.04,"24,202.39"
ID13961,04-Jan-2026,Debit Card,0.00,83.27,"23,238.35"
ID13961,23-Mar-2026,Charge,0.00,169.49,"6,691.43"
ID13961,18-Mar-2026,ATM Withdrawal,0.00,98.33,"54,620.38"
ID13961,26-Jan-2026,ATM Withdrawal,0.00,592.89,"32,317.89"
ID13961,08-Feb-2026,Reversal,0.00,657.08,"41,216.84"
ID13962,05-Jan-2026,Debit Card,0.00,717.47,"6,954.79"
ID13962,17-Feb-2026,Charge,0.00,365.95,"76,269.18"
ID13962,05-Feb-2026,ATM Withdrawal,0.00,629.80,"63,477.90"
ID13962,18-Feb-2026,ATM Withdrawal,0.00,554.33,"83,178.33"
ID13962,10-Jan-2026,Interest,384.50,0.00,"89,869.46"
ID13962,11-Feb-2026,Debit Card,0.00,17.01,"80,581.82"
ID13962,18-Feb-2026,Interest,431.83,0.00,"1,178.64"
ID13962,26-Feb-2026,Transfer,158.56,0.00,"29,780.17"
ID13962,10-Mar-2026,Direct Deposit,"4,653.15",0.00,"66,441.71"
ID13962,23-Jan-2026,Interest,68.92,0.00,"14,014.15"
ID13962,04-Jan-2026,Payment,0.00,995.93,"3,143.66"
ID13962,15-Mar-2026,ATM Withdrawal,0.00,186.93,"44,472.03"
ID13962,10-Jan-2026,Transfer,183.68,0.00,"36,915.78"
ID13962,05-Jan-2026,Interest,167.98,0.00,"73,048.70"
ID13962,11-Mar-2026,ATM Withdrawal,0.00,566.80,"38,197.39"
ID13962,30-Mar-2026,Debit Card,0.00,968.25,"39,553.56"
ID13962,18-Mar-2026,Charge,0.00,210.44,"9,254.41"
ID13962,05-Jan-2026,Direct Deposit,"3,556.69",0.00,"95,518.47"
ID13962,20-Jan-2026,Charge,0.00,314.66,"81,949.96"
ID13962,27-Mar-2026,Direct Deposit,"4,533.82",0.00,"34,409.41"
ID13963,28-Mar-2026,Direct Deposit,"3,499.77",0.00,"63,840.67"
ID13963,28-Jan-2026,Charge,0.00,131.50,"12,696.49"
ID13963,03-Apr-2026,Transfer,475.80,0.00,"59,919.94"
ID13963,19-Jan-2026,Charge,0.00,546.43,"69,039.71"
ID13963,14-Mar-2026,Direct Deposit,"3,076.53",0.00,"42,970.35"
ID13963,26-Feb-2026,Payment,"1,535.97",0.00,"8,220.68"
ID13963,24-Feb-2026,Payment,0.00,"1,257.94","23,827.85"
ID13963,23-Jan-2026,ATM Withdrawal,0.00,649.90,"9,976.86"
ID13963,31-Jan-2026,Interest,429.16,0.00,"78,729.61"
ID13963,22-Mar-2026,Reversal,0.00,429.65,"5,622.29"
ID13963,16-Mar-2026,Transfer,0.00,"1,064.85","20,512.12"
ID13963,11-Mar-2026,Direct Deposit,812.80,0.00,"30,809.59"
ID13963,09-Feb-2026,Reversal,0.00,"1,305.32","46,812.15"
ID13963,04-Jan-2026,Direct Deposit,"1,717.50",0.00,"85,286.16"
ID13963,24-Mar-2026,ATM Withdrawal,0.00,93.22,"32,884.29"
ID13963,12-Mar-2026,Interest,127.90,0.00,"51,213.30"
ID13963,01-Feb-2026,Payment,0.00,"1,449.66","22,914.72"
ID13963,25-Mar-2026,Payment,0.00,"1,052.95","86,925.84"
ID13963,14-Feb-2026,Direct Deposit,"3,844.02",0.00,"88,646.90"
ID13963,18-Feb-2026,Interest,97.06,0.00,"30,891.51"
ID13964,19-Jan-2026,ATM Withdrawal,0.00,340.48,"67,857.31"
ID13964,29-Jan-2026,Payment,0.00,"1,152.47","70,610.31"
ID13964,07-Mar-2026,Debit Card,0.00,912.58,"12,003.53"
ID13964,17-Mar-2026,Transfer,0.00,226.48,"5,093.79"
ID13964,25-Mar-2026,Direct Deposit,"2,471.40",0.00,"30,587.83"
ID13964,01-Mar-2026,Interest,369.35,0.00,"1,926.65"
ID13964,23-Feb-2026,ATM Withdrawal,0.00,217.17,"10,921.21"
ID13964,16-Mar-2026,Charge,0.00,462.92,"78,513.08"
ID13964,28-Mar-2026,ATM Withdrawal,0.00,726.02,"60,653.09"
ID13964,19-Feb-2026,Transfer,0.00,784.21,"24,852.40"
ID13964,06-Jan-2026,Interest,154.40,0.00,"99,279.52"
ID13964,14-Feb-2026,Interest,93.09,0.00,"3,705.78"
ID13964,01-Mar-2026,Debit Card,0.00,163.50,"66,651.16"
ID13964,28-Jan-2026,Reversal,"1,429.73",0.00,"31,801.72"
ID13964,18-Feb-2026,Direct Deposit,"2,011.67",0.00,"17,134.92"
ID13964,20-Feb-2026,Reversal,"1,753.99",0.00,"43,882.53"
ID13964,06-Mar-2026,Interest,378.70,0.00,"42,838.43"
ID13964,01-Feb-2026,Direct Deposit,"3,486.64",0.00,"99,079.85"
ID13964,24-Mar-2026,Transfer,"1,298.55",0.00,"83,670.14"
ID13964,01-Apr-2026,Payment,0.00,"1,181.32","97,452.53"
ID13965,01-Feb-2026,Debit Card,0.00,563.65,"32,378.54"
ID13965,14-Mar-2026,Interest,200.36,0.00,"55,839.04"
ID13965,31-Mar-2026,Direct Deposit,"1,304.13",0.00,"40,133.41"
ID13965,04-Jan-2026,Direct Deposit,"2,599.80",0.00,"19,190.63"
ID13965,15-Feb-2026,Direct Deposit,"4,822.37",0.00,"47,688.78"
ID13965,13-Jan-2026,Interest,198.99,0.00,"27,980.38"
ID13965,08-Jan-2026,Charge,0.00,65.74,"3,433.63"
ID13965,22-Mar-2026,Direct Deposit,718.06,0.00,"90,755.14"
ID13965,21-Feb-2026,Payment,"1,666.10",0.00,"73,133.33"
ID13965,16-Feb-2026,ATM Withdrawal,0.00,595.94,"36,905.10"
ID13965,03-Jan-2026,Direct Deposit,"3,327.91",0.00,"80,882.61"
ID13965,26-Mar-2026,Debit Card,0.00,373.37,"64,032.92"
ID13965,26-Jan-2026,Debit Card,0.00,128.59,"44,784.84"
ID13965,28-Mar-2026,Debit Card,0.00,935.15,"32,492.58"
ID13965,11-Mar-2026,Interest,14.60,0.00,"94,043.97"
ID13965,08-Feb-2026,Interest,261.81,0.00,"32,588.23"
ID13965,09-Feb-2026,Charge,0.00,230.15,"42,023.64"
ID13965,19-Mar-2026,Direct Deposit,"3,438.96",0.00,"35,359.07"
ID13965,23-Feb-2026,Transfer,489.13,0.00,"57,255.25"
ID13965,19-Jan-2026,ATM Withdrawal,0.00,373.73,"46,427.12"
ID13966,07-Feb-2026,ATM Withdrawal,0.00,411.51,"33,176.23"
ID13966,17-Feb-2026,Interest,65.69,0.00,"87,877.63"
ID13966,16-Jan-2026,ATM Withdrawal,0.00,716.29,"77,927.52"
ID13966,17-Jan-2026,Direct Deposit,"1,948.64",0.00,"23,346.65"
ID13966,23-Jan-2026,Direct Deposit,"1,605.00",0.00,"6,869.33"
ID13966,26-Jan-2026,Debit Card,0.00,61.52,"55,512.32"
ID13966,20-Jan-2026,ATM Withdrawal,0.00,127.07,"16,371.96"
ID13966,26-Feb-2026,Payment,0.00,"1,058.63","89,446.54"
ID13966,18-Mar-2026,Charge,0.00,630.51,"10,961.62"
ID13966,11-Mar-2026,Charge,0.00,779.96,"64,671.01"
ID13966,23-Jan-2026,Reversal,0.00,"1,357.72","68,690.06"
ID13966,18-Feb-2026,Interest,492.97,0.00,"96,406.52"
ID13966,03-Mar-2026,Interest,422.87,0.00,"48,248.22"
ID13966,06-Jan-2026,Transfer,"1,130.08",0.00,"17,528.33"
ID13966,02-Feb-2026,Reversal,319.94,0.00,"40,528.46"
ID13966,22-Jan-2026,ATM Withdrawal,0.00,729.84,"17,626.04"
ID13966,26-Mar-2026,Direct Deposit,"2,103.76",0.00,"68,326.55"
ID13966,20-Jan-2026,Reversal,0.00,733.10,"51,447.12"
ID13966,31-Jan-2026,ATM Withdrawal,0.00,816.18,"90,290.07"
ID13966,14-Feb-2026,Transfer,"1,114.49",0.00,"94,948.17"
ID13967,07-Jan-2026,Transfer,0.00,322.03,"81,393.70"
ID13967,09-Mar-2026,Payment,0.00,"1,105.82","91,923.71"
ID13967,29-Jan-2026,Transfer,0.00,"1,044.87","49,272.44"
ID13967,06-Mar-2026,Interest,98.21,0.00,"65,493.79"
ID13967,19-Jan-2026,Interest,212.11,0.00,"9,534.21"
ID13967,16-Mar-2026,Interest,175.51,0.00,"15,098.45"
ID13967,17-Mar-2026,Debit Card,0.00,772.89,"28,434.40"
ID13967,23-Jan-2026,Reversal,0.00,340.22,"51,398.32"
ID13967,19-Feb-2026,ATM Withdrawal,0.00,939.66,"69,084.99"
ID13967,13-Mar-2026,Reversal,0.00,285.24,"42,366.03"
ID13967,26-Mar-2026,Debit Card,0.00,54.93,"40,356.37"
ID13967,06-Jan-2026,Payment,"1,392.59",0.00,"35,927.82"
ID13967,02-Mar-2026,Reversal,"1,281.75",0.00,"12,341.26"
ID13967,07-Feb-2026,Transfer,"1,925.40",0.00,"86,861.07"
ID13967,14-Feb-2026,Payment,0.00,696.27,"51,172.11"
ID13967,30-Mar-2026,Debit Card,0.00,318.10,"19,189.92"
ID13967,02-Mar-2026,Reversal,628.75,0.00,"85,982.14"
ID13967,10-Feb-2026,Charge,0.00,118.46,"25,461.10"
ID13967,25-Feb-2026,Reversal,"1,723.16",0.00,"73,417.84"
ID13967,03-Apr-2026,Charge,0.00,87.75,"45,109.46"
ID13968,10-Mar-2026,Debit Card,0.00,273.85,"91,434.99"
ID13968,19-Feb-2026,Charge,0.00,879.28,"11,393.23"
ID13968,14-Feb-2026,Debit Card,0.00,644.92,"85,319.98"
ID13968,21-Mar-2026,Payment,0.00,317.24,"45,857.46"
ID13968,14-Jan-2026,ATM Withdrawal,0.00,509.95,"74,988.60"
ID13968,04-Jan-2026,Charge,0.00,420.85,"36,827.86"
ID13968,12-Feb-2026,Reversal,"1,145.13",0.00,"1,895.36"
ID13968,05-Mar-2026,ATM Withdrawal,0.00,298.68,"98,940.67"
ID13968,27-Mar-2026,Payment,0.00,378.82,"50,816.34"
ID13968,15-Feb-2026,Payment,0.00,"1,433.19","64,494.72"
ID13968,16-Jan-2026,Interest,407.24,0.00,"43,007.39"
ID13968,07-Feb-2026,Debit Card,0.00,710.12,"41,034.92"
ID13968,21-Mar-2026,Reversal,0.00,236.97,"74,348.14"
ID13968,23-Jan-2026,Transfer,"1,216.87",0.00,"31,662.90"
ID13968,29-Mar-2026,Payment,812.39,0.00,"66,320.12"
ID13968,04-Feb-2026,Direct Deposit,"1,900.28",0.00,"96,168.06"
ID13968,09-Mar-2026,ATM Withdrawal,0.00,421.81,"63,673.19"
ID13968,20-Feb-2026,Interest,264.84,0.00,"32,502.46"
ID13968,14-Mar-2026,ATM Withdrawal,0.00,393.29,"37,341.22"
ID13968,03-Jan-2026,Interest,497.64,0.00,"7,761.40"
ID13969,10-Jan-2026,Interest,166.59,0.00,"8,627.88"
ID13969,19-Jan-2026,Debit Card,0.00,557.09,"49,615.26"
ID13969,19-Jan-2026,Transfer,0.00,853.73,"35,729.29"
ID13969,28-Feb-2026,Debit Card,0.00,122.46,"84,616.11"
ID13969,01-Apr-2026,Payment,0.00,"1,318.17","81,056.12"
ID13969,27-Jan-2026,Interest,465.66,0.00,"16,509.28"
ID13969,02-Apr-2026,Transfer,"1,396.26",0.00,"89,752.17"
ID13969,31-Mar-2026,Transfer,0.00,468.15,"86,889.36"
ID13969,25-Mar-2026,Interest,258.72,0.00,"22,823.69"
ID13969,01-Apr-2026,Direct Deposit,"2,500.89",0.00,"40,335.93"
ID13969,15-Jan-2026,Direct Deposit,"3,026.22",0.00,"65,194.51"
ID13969,22-Jan-2026,Reversal,0.00,759.01,"40,747.88"
ID13969,26-Jan-2026,ATM Withdrawal,0.00,153.50,"23,974.75"
ID13969,17-Feb-2026,ATM Withdrawal,0.00,426.71,"38,247.66"
ID13969,25-Mar-2026,Charge,0.00,167.41,"54,901.99"
ID13969,22-Feb-2026,Reversal,"1,793.00",0.00,"91,721.41"
ID13969,03-Mar-2026,Interest,50.33,0.00,"22,453.72"
ID13969,05-Feb-2026,ATM Withdrawal,0.00,170.02,"81,551.63"
ID13969,08-Feb-2026,Charge,0.00,488.78,"63,866.61"
ID13969,09-Jan-2026,ATM Withdrawal,0.00,457.12,"61,108.70"
ID13970,08-Mar-2026,Debit Card,0.00,824.06,"13,048.34"
ID13970,10-Mar-2026,Reversal,"1,904.30",0.00,"45,933.62"
ID13970,21-Feb-2026,Payment,0.00,984.47,"20,870.03"
ID13970,23-Mar-2026,Debit Card,0.00,193.63,"74,807.10"
ID13970,31-Jan-2026,Debit Card,0.00,870.47,"1,353.66"
ID13970,09-Mar-2026,Charge,0.00,38.25,"78,198.37"
ID13970,26-Feb-2026,Reversal,"1,885.98",0.00,"96,367.35"
ID13970,22-Mar-2026,ATM Withdrawal,0.00,91.68,"49,220.00"
ID13970,17-Jan-2026,ATM Withdrawal,0.00,291.53,"67,744.02"
ID13970,19-Feb-2026,Interest,24.97,0.00,"67,085.26"
ID13970,23-Jan-2026,Debit Card,0.00,59.30,"96,097.14"
ID13970,23-Feb-2026,ATM Withdrawal,0.00,880.36,"1,370.74"
ID13970,21-Mar-2026,Interest,198.33,0.00,"19,714.92"
ID13970,04-Feb-2026,ATM Withdrawal,0.00,883.02,"31,736.36"
ID13970,16-Feb-2026,Direct Deposit,"3,356.55",0.00,"68,652.35"
ID13970,12-Feb-2026,Debit Card,0.00,54.79,"74,101.94"
ID13970,09-Feb-2026,Payment,0.00,753.04,"55,755.31"
ID13970,01-Mar-2026,ATM Withdrawal,0.00,344.45,"53,660.61"
ID13970,08-Feb-2026,Transfer,0.00,121.95,"50,214.24"
ID13970,05-Jan-2026,Transfer,0.00,131.89,"31,355.26"
ID13971,12-Jan-2026,Interest,200.76,0.00,"79,129.09"
ID13971,26-Jan-2026,Direct Deposit,"4,651.29",0.00,"63,512.02"
ID13971,08-Mar-2026,Debit Card,0.00,892.56,"85,987.85"
ID13971,25-Mar-2026,ATM Withdrawal,0.00,140.85,"96,746.14"
ID13971,16-Feb-2026,Payment,0.00,442.96,"6,288.25"
ID13971,08-Mar-2026,Payment,775.24,0.00,"14,690.70"
ID13971,13-Feb-2026,Debit Card,0.00,464.67,"68,875.60"
ID13971,10-Mar-2026,Debit Card,0.00,682.69,"72,952.06"
ID13971,03-Mar-2026,Debit Card,0.00,820.94,"42,026.31"
ID13971,19-Jan-2026,Interest,415.32,0.00,"69,842.84"
ID13971,02-Apr-2026,Debit Card,0.00,953.06,"61,143.96"
ID13971,25-Feb-2026,ATM Withdrawal,0.00,652.56,"85,623.08"
ID13971,24-Jan-2026,Payment,0.00,898.37,"70,509.61"
ID13971,17-Jan-2026,Payment,"1,370.80",0.00,"32,689.80"
ID13971,04-Jan-2026,Debit Card,0.00,659.40,"36,785.44"
ID13971,22-Feb-2026,Debit Card,0.00,472.28,"40,584.59"
ID13971,16-Feb-2026,Debit Card,0.00,361.66,"41,884.15"
ID13971,16-Mar-2026,Charge,0.00,509.87,"26,587.24"
ID13971,14-Jan-2026,Direct Deposit,"3,541.77",0.00,"12,114.37"
ID13971,25-Feb-2026,Payment,"1,292.17",0.00,"67,367.98"
ID13972,25-Feb-2026,Debit Card,0.00,443.99,"72,230.74"
ID13972,04-Mar-2026,Transfer,900.12,0.00,"9,765.83"
ID13972,15-Mar-2026,Transfer,0.00,"1,046.77","77,073.60"
ID13972,05-Jan-2026,Direct Deposit,"3,950.58",0.00,"26,598.97"
ID13972,29-Jan-2026,Payment,0.00,772.73,"72,944.83"
ID13972,15-Jan-2026,Transfer,0.00,"1,252.51","93,156.34"
ID13972,30-Jan-2026,Payment,"1,777.53",0.00,"93,032.15"
ID13972,08-Mar-2026,Payment,0.00,784.73,"48,371.72"
ID13972,14-Mar-2026,Interest,495.91,0.00,"50,588.13"
ID13972,21-Feb-2026,Interest,453.73,0.00,"12,276.69"
ID13972,14-Feb-2026,Debit Card,0.00,697.44,"58,336.25"
ID13972,19-Jan-2026,Payment,0.00,401.42,"79,087.32"
ID13972,21-Mar-2026,Direct Deposit,"2,869.98",0.00,"92,530.85"
ID13972,19-Jan-2026,Debit Card,0.00,449.52,"53,157.92"
ID13972,16-Mar-2026,Reversal,0.00,583.39,"18,957.76"
ID13972,25-Mar-2026,Direct Deposit,"4,914.35",0.00,"55,586.22"
ID13972,31-Jan-2026,Transfer,0.00,541.78,"47,763.88"
ID13972,20-Feb-2026,Transfer,"1,171.91",0.00,"99,697.34"
ID13972,04-Jan-2026,ATM Withdrawal,0.00,26.98,"40,822.33"
ID13972,01-Feb-2026,Direct Deposit,"3,071.60",0.00,"31,524.70"
ID13973,09-Feb-2026,ATM Withdrawal,0.00,379.95,"66,959.38"
ID13973,12-Feb-2026,Charge,0.00,372.26,"95,202.51"
ID13973,18-Feb-2026,Reversal,987.64,0.00,"25,684.88"
ID13973,12-Mar-2026,Debit Card,0.00,272.09,"15,654.08"
ID13973,21-Jan-2026,Interest,346.55,0.00,"41,878.45"
ID13973,26-Mar-2026,Debit Card,0.00,793.89,"54,257.24"
ID13973,18-Jan-2026,Interest,128.74,0.00,"21,499.81"
ID13973,08-Feb-2026,Debit Card,0.00,964.28,"73,308.81"
ID13973,15-Feb-2026,Transfer,0.00,"1,152.71","38,813.66"
ID13973,11-Mar-2026,Direct Deposit,765.89,0.00,"73,326.02"
ID13973,27-Feb-2026,ATM Withdrawal,0.00,705.09,"83,778.53"
ID13973,06-Mar-2026,ATM Withdrawal,0.00,744.20,"71,585.92"
ID13973,11-Feb-2026,Transfer,"1,899.91",0.00,"61,561.12"
ID13973,19-Mar-2026,Reversal,553.91,0.00,"37,500.82"
ID13973,27-Jan-2026,Direct Deposit,"3,756.78",0.00,"1,722.52"
ID13973,03-Mar-2026,Direct Deposit,"3,192.06",0.00,"47,505.64"
ID13973,29-Mar-2026,Charge,0.00,622.02,"3,234.82"
ID13973,17-Mar-2026,ATM Withdrawal,0.00,122.86,"59,474.21"
ID13973,26-Mar-2026,ATM Withdrawal,0.00,661.43,"31,945.10"
ID13973,23-Jan-2026,Charge,0.00,778.98,"15,677.33"
ID13974,25-Mar-2026,Transfer,"1,764.64",0.00,"38,648.37"
ID13974,15-Jan-2026,Interest,466.18,0.00,"77,085.77"
ID13974,08-Feb-2026,ATM Withdrawal,0.00,435.80,"92,775.94"
ID13974,19-Mar-2026,ATM Withdrawal,0.00,142.23,"99,259.91"
ID13974,14-Mar-2026,Transfer,"1,011.37",0.00,"3,576.73"
ID13974,23-Jan-2026,Transfer,171.56,0.00,"61,794.79"
ID13974,28-Mar-2026,Debit Card,0.00,71.57,"87,776.95"
ID13974,10-Jan-2026,Direct Deposit,"1,736.25",0.00,"22,983.78"
ID13974,20-Mar-2026,Payment,"1,529.42",0.00,"35,511.81"
ID13974,29-Mar-2026,Interest,292.28,0.00,"14,766.63"
ID13974,11-Feb-2026,Payment,0.00,385.04,"92,081.41"
ID13974,13-Mar-2026,Charge,0.00,215.75,"85,837.96"
ID13974,31-Mar-2026,Reversal,"1,857.41",0.00,"19,616.91"
ID13974,12-Mar-2026,Charge,0.00,777.11,"73,933.14"
ID13974,21-Feb-2026,Charge,0.00,528.08,"42,477.70"
ID13974,07-Jan-2026,Charge,0.00,434.65,"13,044.12"
ID13974,09-Jan-2026,Payment,0.00,"1,247.36","69,677.29"
ID13974,04-Feb-2026,ATM Withdrawal,0.00,302.79,"99,879.11"
ID13974,26-Mar-2026,Payment,496.18,0.00,"80,051.49"
ID13974,04-Jan-2026,Reversal,0.00,"1,326.16","41,453.17"
ID13975,24-Jan-2026,Direct Deposit,"4,090.25",0.00,"56,009.15"
ID13975,23-Mar-2026,Charge,0.00,357.43,"29,055.45"
ID13975,15-Feb-2026,Transfer,"1,134.78",0.00,"47,696.15"
ID13975,08-Jan-2026,Direct Deposit,"3,765.66",0.00,"84,932.32"
ID13975,28-Mar-2026,Payment,0.00,"1,477.41","39,716.85"
ID13975,19-Mar-2026,Reversal,0.00,249.36,"81,335.37"
ID13975,05-Jan-2026,ATM Withdrawal,0.00,833.21,"32,876.94"
ID13975,19-Jan-2026,Interest,297.58,0.00,"75,268.99"
ID13975,27-Jan-2026,Direct Deposit,"1,180.54",0.00,"67,930.64"
ID13975,07-Mar-2026,Charge,0.00,289.55,"97,162.00"
ID13975,04-Mar-2026,ATM Withdrawal,0.00,965.98,"72,404.31"
ID13975,03-Feb-2026,Reversal,0.00,"1,273.52","12,168.83"
ID13975,07-Mar-2026,Reversal,0.00,"1,224.46","83,167.86"
ID13975,11-Jan-2026,Interest,48.52,0.00,"94,327.42"
ID13975,12-Jan-2026,Direct Deposit,"4,231.01",0.00,"82,228.57"
ID13975,14-Feb-2026,Charge,0.00,729.18,"14,258.01"
ID13975,18-Feb-2026,Reversal,512.54,0.00,"62,171.43"
ID13975,16-Mar-2026,ATM Withdrawal,0.00,985.39,"34,944.29"
ID13975,19-Feb-2026,ATM Withdrawal,0.00,871.70,"10,014.00"
ID13975,27-Jan-2026,Interest,344.79,0.00,"69,443.43"
ID13976,10-Mar-2026,Debit Card,0.00,773.18,"80,397.87"
ID13976,25-Feb-2026,Reversal,0.00,370.83,"35,331.17"
ID13976,08-Mar-2026,Direct Deposit,904.74,0.00,"1,266.38"
ID13976,10-Feb-2026,Direct Deposit,"2,704.82",0.00,"1,497.91"
ID13976,30-Jan-2026,ATM Withdrawal,0.00,652.16,"96,927.24"
ID13976,01-Feb-2026,Direct Deposit,"3,759.73",0.00,"45,095.38"
ID13976,10-Mar-2026,Debit Card,0.00,206.06,"98,871.44"
ID13976,25-Jan-2026,Reversal,"1,668.11",0.00,"18,817.25"
ID13976,15-Jan-2026,Charge,0.00,543.77,"53,329.18"
ID13976,26-Mar-2026,Debit Card,0.00,933.68,"70,282.48"
ID13976,21-Mar-2026,ATM Withdrawal,0.00,579.87,"96,985.54"
ID13976,25-Mar-2026,Direct Deposit,"4,217.68",0.00,"48,760.96"
ID13976,03-Mar-2026,Direct Deposit,"4,717.52",0.00,"83,334.50"
ID13976,02-Apr-2026,Payment,"1,029.80",0.00,"20,467.32"
ID13976,01-Mar-2026,Transfer,"1,642.18",0.00,"69,640.12"
ID13976,31-Jan-2026,Transfer,453.56,0.00,"19,376.28"
ID13976,27-Jan-2026,Reversal,0.00,698.15,"34,605.09"
ID13976,26-Jan-2026,Transfer,0.00,"1,423.04","11,321.33"
ID13976,20-Mar-2026,Payment,0.00,400.71,"75,730.90"
ID13976,31-Jan-2026,Transfer,0.00,"1,177.82","2,150.46"
ID13977,04-Mar-2026,Payment,0.00,581.69,"19,977.71"
ID13977,15-Feb-2026,Interest,240.56,0.00,"73,380.97"
ID13977,12-Feb-2026,Transfer,"1,050.65",0.00,"68,316.84"
ID13977,19-Jan-2026,Direct Deposit,"2,272.73",0.00,"86,063.36"
ID13977,08-Mar-2026,Direct Deposit,"3,006.97",0.00,"11,532.82"
ID13977,08-Mar-2026,Transfer,"1,279.96",0.00,"14,206.82"
ID13977,22-Jan-2026,Debit Card,0.00,152.21,"64,009.30"
ID13977,14-Jan-2026,ATM Withdrawal,0.00,628.50,"73,398.91"
ID13977,12-Jan-2026,Reversal,636.48,0.00,"39,926.93"
ID13977,04-Mar-2026,Direct Deposit,810.49,0.00,"52,839.86"
ID13977,14-Feb-2026,Reversal,657.44,0.00,"6,343.68"
ID13977,06-Jan-2026,Direct Deposit,"1,001.94",0.00,"30,260.93"
ID13977,08-Jan-2026,Interest,84.51,0.00,"52,901.80"
ID13977,08-Mar-2026,Transfer,0.00,56.44,"26,669.96"
ID13977,28-Feb-2026,Payment,982.85,0.00,"65,928.91"
ID13977,21-Feb-2026,Payment,0.00,743.84,"19,082.19"
ID13977,04-Feb-2026,Charge,0.00,619.13,"97,092.91"
ID13977,19-Feb-2026,Debit Card,0.00,282.42,"87,066.93"
ID13977,31-Jan-2026,Transfer,"1,542.90",0.00,"54,955.08"
ID13977,01-Mar-2026,Interest,40.19,0.00,"89,349.46"
ID13978,21-Mar-2026,Direct Deposit,"3,167.66",0.00,"9,843.99"
ID13978,10-Jan-2026,Direct Deposit,"2,516.56",0.00,"99,309.21"
ID13978,02-Feb-2026,Interest,267.94,0.00,"38,730.43"
ID13978,02-Mar-2026,Charge,0.00,875.18,"48,821.40"
ID13978,03-Mar-2026,Payment,0.00,"1,490.63","92,246.46"
ID13978,05-Mar-2026,Interest,369.40,0.00,"99,380.95"
ID13978,17-Feb-2026,Interest,471.52,0.00,"69,843.61"
ID13978,15-Feb-2026,ATM Withdrawal,0.00,701.21,"16,381.71"
ID13978,12-Feb-2026,Interest,348.96,0.00,"44,128.96"
ID13978,21-Feb-2026,Transfer,584.97,0.00,"72,807.81"
ID13978,22-Jan-2026,Direct Deposit,"2,994.55",0.00,"42,326.62"
ID13978,10-Mar-2026,ATM Withdrawal,0.00,403.09,"51,321.52"
ID13978,09-Jan-2026,ATM Withdrawal,0.00,482.53,"5,426.25"
ID13978,18-Mar-2026,Reversal,0.00,955.56,"40,376.05"
ID13978,14-Mar-2026,Interest,161.89,0.00,"81,379.14"
ID13978,13-Mar-2026,Charge,0.00,872.85,"90,301.65"
ID13978,24-Jan-2026,ATM Withdrawal,0.00,272.48,"7,752.81"
ID13978,22-Feb-2026,Payment,0.00,"1,359.81","48,003.20"
ID13978,06-Jan-2026,Payment,140.97,0.00,"62,863.23"
ID13978,12-Jan-2026,ATM Withdrawal,0.00,327.60,"75,903.71"
ID13979,11-Jan-2026,Debit Card,0.00,482.58,"39,976.18"
ID13979,17-Jan-2026,ATM Withdrawal,0.00,880.18,"63,421.39"
ID13979,26-Jan-2026,Charge,0.00,749.19,"35,704.59"
ID13979,01-Mar-2026,Charge,0.00,564.84,"14,937.82"
ID13979,18-Feb-2026,Interest,220.78,0.00,"84,832.23"
ID13979,27-Feb-2026,Charge,0.00,242.66,"41,596.45"
ID13979,13-Jan-2026,Reversal,0.00,"1,346.57","78,563.09"
ID13979,11-Mar-2026,Charge,0.00,948.31,"61,982.34"
ID13979,23-Feb-2026,Direct Deposit,"2,851.02",0.00,"50,867.40"
ID13979,07-Mar-2026,Direct Deposit,"3,319.78",0.00,"5,043.94"
ID13979,30-Jan-2026,Charge,0.00,964.15,"16,288.03"
ID13979,14-Feb-2026,Payment,0.00,436.43,"65,777.72"
ID13979,19-Jan-2026,ATM Withdrawal,0.00,489.25,"11,719.64"
ID13979,07-Jan-2026,Payment,"1,093.53",0.00,"10,374.98"
ID13979,14-Feb-2026,Interest,381.41,0.00,"16,191.84"
ID13979,12-Mar-2026,ATM Withdrawal,0.00,631.37,"19,235.98"
ID13979,19-Feb-2026,Payment,"1,881.15",0.00,"41,036.29"
ID13979,31-Jan-2026,Charge,0.00,87.72,"86,498.40"
ID13979,03-Jan-2026,Interest,414.75,0.00,"92,272.97"
ID13979,10-Feb-2026,Charge,0.00,668.18,"7,856.92"
ID13980,23-Mar-2026,Direct Deposit,"3,181.13",0.00,"67,430.89"
ID13980,04-Feb-2026,Direct Deposit,"2,672.55",0.00,"41,567.74"
ID13980,03-Apr-2026,Charge,0.00,494.36,"53,581.71"
ID13980,20-Mar-2026,Transfer,0.00,185.41,"97,998.55"
ID13980,23-Mar-2026,ATM Withdrawal,0.00,537.33,"61,487.84"
ID13980,25-Jan-2026,ATM Withdrawal,0.00,794.71,"91,296.93"
ID13980,10-Feb-2026,ATM Withdrawal,0.00,874.00,"81,524.39"
ID13980,26-Jan-2026,Interest,465.96,0.00,"47,328.59"
ID13980,11-Jan-2026,Payment,"1,027.94",0.00,"46,234.77"
ID13980,02-Mar-2026,Payment,0.00,231.81,"36,095.36"
ID13980,28-Mar-2026,Debit Card,0.00,776.13,"36,938.52"
ID13980,29-Jan-2026,ATM Withdrawal,0.00,602.41,"53,391.07"
ID13980,24-Jan-2026,Interest,471.27,0.00,"38,379.16"
ID13980,23-Feb-2026,Reversal,"1,628.34",0.00,"83,903.04"
ID13980,10-Jan-2026,Charge,0.00,451.40,"68,676.44"
ID13980,14-Mar-2026,Debit Card,0.00,805.09,"98,132.13"
ID13980,28-Mar-2026,Direct Deposit,"3,796.17",0.00,"73,174.52"
ID13980,06-Feb-2026,Transfer,0.00,"1,084.27","93,824.66"
ID13980,27-Feb-2026,Transfer,0.00,"1,238.29","68,132.41"
ID13980,24-Feb-2026,Transfer,0.00,408.45,"79,200.52"
ID13981,14-Jan-2026,Debit Card,0.00,625.71,"17,796.00"
ID13981,21-Mar-2026,ATM Withdrawal,0.00,297.47,"20,950.76"
ID13981,06-Feb-2026,Payment,"1,410.47",0.00,"78,231.06"
ID13981,22-Jan-2026,Reversal,"1,865.89",0.00,"50,839.42"
ID13981,04-Feb-2026,Interest,86.13,0.00,"73,849.44"
ID13981,24-Mar-2026,Direct Deposit,"4,244.88",0.00,"86,522.18"
ID13981,16-Jan-2026,Interest,182.15,0.00,"56,890.68"
ID13981,27-Feb-2026,ATM Withdrawal,0.00,308.61,"36,068.45"
ID13981,11-Feb-2026,Payment,535.54,0.00,"77,125.37"
ID13981,27-Feb-2026,Transfer,0.00,917.37,"70,785.97"
ID13981,07-Feb-2026,Transfer,662.36,0.00,"92,266.57"
ID13981,06-Feb-2026,Interest,187.42,0.00,"49,595.57"
ID13981,08-Jan-2026,ATM Withdrawal,0.00,35.90,"14,117.30"
ID13981,01-Feb-2026,Debit Card,0.00,130.21,"36,821.44"
ID13981,10-Feb-2026,Payment,"1,196.43",0.00,"21,230.76"
ID13981,06-Jan-2026,ATM Withdrawal,0.00,868.47,"54,009.18"
ID13981,14-Jan-2026,Reversal,"1,237.52",0.00,"22,861.90"
ID13981,10-Feb-2026,ATM Withdrawal,0.00,747.22,"72,128.69"
ID13981,27-Mar-2026,Interest,488.85,0.00,"15,209.05"
ID13981,28-Mar-2026,Transfer,"1,747.81",0.00,"50,386.98"
ID13982,16-Feb-2026,Charge,0.00,704.66,"81,896.46"
ID13982,20-Jan-2026,Interest,84.48,0.00,"54,733.85"
ID13982,09-Mar-2026,Direct Deposit,"3,743.65",0.00,"56,742.42"
ID13982,28-Jan-2026,Debit Card,0.00,630.77,"35,829.80"
ID13982,25-Mar-2026,Interest,342.97,0.00,"87,866.76"
ID13982,26-Jan-2026,Charge,0.00,111.11,"39,271.25"
ID13982,22-Mar-2026,Direct Deposit,"2,690.90",0.00,"55,095.12"
ID13982,28-Mar-2026,Direct Deposit,"4,787.17",0.00,"52,807.24"
ID13982,08-Jan-2026,ATM Withdrawal,0.00,230.62,"26,902.14"
ID13982,06-Mar-2026,ATM Withdrawal,0.00,747.78,"63,544.95"
ID13982,06-Mar-2026,Debit Card,0.00,850.73,"32,292.87"
ID13982,03-Jan-2026,Debit Card,0.00,629.48,"11,512.50"
ID13982,14-Feb-2026,Charge,0.00,771.84,"24,201.46"
ID13982,24-Jan-2026,Direct Deposit,"1,160.30",0.00,"3,097.82"
ID13982,19-Jan-2026,Payment,"1,284.27",0.00,"36,221.99"
ID13982,28-Mar-2026,Payment,0.00,766.64,"34,588.61"
ID13982,23-Jan-2026,Payment,"1,756.94",0.00,"88,752.03"
ID13982,09-Feb-2026,Interest,393.98,0.00,"96,224.62"
ID13982,11-Mar-2026,Payment,"1,888.59",0.00,"41,725.08"
ID13982,28-Feb-2026,Direct Deposit,"1,330.95",0.00,"15,105.01"
ID13983,10-Jan-2026,Payment,"1,288.89",0.00,"47,508.48"
ID13983,13-Jan-2026,Debit Card,0.00,43.19,"1,492.18"
ID13983,06-Jan-2026,ATM Withdrawal,0.00,143.41,"39,964.32"
ID13983,10-Jan-2026,Transfer,0.00,"1,311.54","91,434.71"
ID13983,21-Mar-2026,Interest,328.94,0.00,"76,596.31"
ID13983,12-Jan-2026,ATM Withdrawal,0.00,44.10,"97,982.34"
ID13983,21-Mar-2026,Reversal,0.00,"1,438.48","16,603.40"
ID13983,03-Jan-2026,Direct Deposit,"2,197.93",0.00,"51,222.39"
ID13983,29-Mar-2026,Payment,0.00,879.51,"59,249.04"
ID13983,02-Mar-2026,ATM Withdrawal,0.00,84.20,"79,928.59"
ID13983,24-Feb-2026,Payment,492.38,0.00,"41,869.31"
ID13983,11-Mar-2026,Reversal,304.74,0.00,"43,642.75"
ID13983,29-Jan-2026,Interest,115.66,0.00,"72,649.81"
ID13983,21-Jan-2026,Reversal,0.00,"1,424.52","44,579.33"
ID13983,28-Mar-2026,Charge,0.00,594.57,"93,715.92"
ID13983,07-Mar-2026,Direct Deposit,"2,571.99",0.00,"43,367.87"
ID13983,02-Apr-2026,Debit Card,0.00,923.71,"26,782.77"
ID13983,06-Jan-2026,Reversal,0.00,230.52,"36,034.74"
ID13983,01-Feb-2026,Direct Deposit,"2,371.70",0.00,"30,607.59"
ID13983,07-Jan-2026,Reversal,"1,960.52",0.00,"9,120.72"
ID13984,13-Mar-2026,Interest,451.19,0.00,"39,573.89"
ID13984,13-Jan-2026,Payment,675.05,0.00,"25,237.29"
ID13984,07-Mar-2026,ATM Withdrawal,0.00,92.78,"71,764.68"
ID13984,21-Mar-2026,ATM Withdrawal,0.00,321.20,"11,211.69"
ID13984,12-Jan-2026,Interest,341.40,0.00,"36,159.85"
ID13984,08-Jan-2026,Reversal,"1,310.71",0.00,"10,300.49"
ID13984,03-Apr-2026,Debit Card,0.00,637.78,"90,231.71"
ID13984,02-Mar-2026,Interest,214.66,0.00,"34,890.67"
ID13984,28-Jan-2026,Debit Card,0.00,40.22,"66,904.37"
ID13984,23-Jan-2026,Interest,28.72,0.00,"65,157.48"
ID13984,10-Feb-2026,ATM Withdrawal,0.00,552.62,"74,078.82"
ID13984,05-Mar-2026,Debit Card,0.00,120.36,"39,645.58"
ID13984,29-Mar-2026,Interest,46.38,0.00,"6,832.42"
ID13984,04-Jan-2026,Payment,0.00,246.64,"52,632.77"
ID13984,07-Mar-2026,ATM Withdrawal,0.00,536.74,"42,629.84"
ID13984,27-Mar-2026,Reversal,617.88,0.00,"44,117.33"
ID13984,03-Jan-2026,Charge,0.00,69.00,"81,259.51"
ID13984,10-Jan-2026,ATM Withdrawal,0.00,343.71,"38,563.49"
ID13984,21-Feb-2026,Debit Card,0.00,307.98,"58,232.83"
ID13984,09-Mar-2026,Interest,97.78,0.00,"7,890.52"
ID13985,01-Mar-2026,Charge,0.00,647.64,"15,851.64"
ID13985,10-Feb-2026,Debit Card,0.00,762.54,"16,305.83"
ID13985,14-Jan-2026,Transfer,0.00,417.44,"30,469.02"
ID13985,16-Feb-2026,Payment,978.53,0.00,"32,309.59"
ID13985,17-Feb-2026,Reversal,0.00,591.96,"46,101.18"
ID13985,03-Apr-2026,Reversal,0.00,"1,240.16","93,021.35"
ID13985,24-Jan-2026,ATM Withdrawal,0.00,319.95,"50,579.66"
ID13985,15-Feb-2026,ATM Withdrawal,0.00,248.70,"67,009.39"
ID13985,24-Feb-2026,Interest,62.52,0.00,"58,591.98"
ID13985,05-Jan-2026,Transfer,0.00,610.72,"88,677.19"
ID13985,18-Jan-2026,Reversal,0.00,167.34,"23,251.10"
ID13985,26-Feb-2026,ATM Withdrawal,0.00,929.13,"41,159.94"
ID13985,23-Mar-2026,Debit Card,0.00,351.97,"11,031.61"
ID13985,10-Feb-2026,Charge,0.00,80.01,"82,628.90"
ID13985,16-Mar-2026,Payment,"1,245.13",0.00,"42,636.39"
ID13985,23-Feb-2026,Debit Card,0.00,809.58,"2,213.63"
ID13985,28-Mar-2026,Debit Card,0.00,450.20,"28,200.67"
ID13985,09-Jan-2026,Interest,481.28,0.00,"95,149.36"
ID13985,22-Jan-2026,Transfer,189.93,0.00,"50,437.86"
ID13985,18-Mar-2026,ATM Withdrawal,0.00,629.23,"33,231.36"
ID13986,07-Jan-2026,Transfer,0.00,"1,337.35","25,855.14"
ID13986,05-Jan-2026,Direct Deposit,"2,659.24",0.00,"77,288.60"
ID13986,06-Mar-2026,Charge,0.00,976.18,"23,080.78"
ID13986,15-Jan-2026,Direct Deposit,"2,232.38",0.00,"85,848.73"
ID13986,03-Apr-2026,Payment,"1,999.40",0.00,"41,047.68"
ID13986,13-Jan-2026,ATM Withdrawal,0.00,515.93,"90,362.11"
ID13986,18-Jan-2026,Debit Card,0.00,248.12,"87,591.64"
ID13986,24-Mar-2026,Transfer,"1,684.55",0.00,"19,567.85"
ID13986,23-Jan-2026,Interest,492.56,0.00,"3,645.48"
ID13986,12-Feb-2026,Reversal,"1,017.06",0.00,"49,317.65"
ID13986,24-Mar-2026,Transfer,0.00,870.64,"59,136.39"
ID13986,16-Jan-2026,Payment,0.00,"1,010.82","43,410.29"
ID13986,10-Mar-2026,Payment,"1,268.80",0.00,"70,501.23"
ID13986,17-Jan-2026,Reversal,518.81,0.00,"50,870.69"
ID13986,09-Jan-2026,Interest,168.63,0.00,"72,373.38"
ID13986,08-Jan-2026,Charge,0.00,545.24,"47,934.82"
ID13986,25-Jan-2026,Transfer,"1,014.31",0.00,"30,873.77"
ID13986,25-Mar-2026,ATM Withdrawal,0.00,17.58,"95,141.19"
ID13986,21-Feb-2026,Interest,48.03,0.00,"60,510.03"
ID13986,27-Feb-2026,Charge,0.00,204.22,"60,153.31"
ID13987,26-Jan-2026,Interest,137.34,0.00,"33,342.44"
ID13987,28-Feb-2026,Interest,237.05,0.00,"2,202.68"
ID13987,11-Jan-2026,Transfer,0.00,73.62,"38,098.39"
ID13987,06-Jan-2026,Transfer,0.00,293.88,"51,285.26"
ID13987,23-Mar-2026,ATM Withdrawal,0.00,87.10,"80,900.84"
ID13987,28-Mar-2026,Transfer,"1,078.03",0.00,"32,479.11"
ID13987,30-Jan-2026,Reversal,0.00,737.70,"51,233.30"
ID13987,11-Feb-2026,Payment,0.00,516.94,"96,444.40"
ID13987,17-Jan-2026,Transfer,0.00,291.13,"24,311.30"
ID13987,14-Mar-2026,ATM Withdrawal,0.00,40.46,"27,332.17"
ID13987,10-Mar-2026,Debit Card,0.00,501.35,"67,462.73"
ID13987,22-Feb-2026,Reversal,834.74,0.00,"83,951.44"
ID13987,11-Jan-2026,Direct Deposit,"3,353.19",0.00,"16,781.44"
ID13987,08-Jan-2026,Debit Card,0.00,144.35,"79,770.96"
ID13987,19-Jan-2026,Direct Deposit,"4,944.13",0.00,"88,308.61"
ID13987,15-Feb-2026,Reversal,0.00,"1,223.18","30,402.61"
ID13987,19-Feb-2026,Direct Deposit,"1,807.85",0.00,"73,590.73"
ID13987,11-Jan-2026,Reversal,0.00,"1,052.22","93,697.61"
ID13987,26-Jan-2026,Payment,"1,553.71",0.00,"48,299.12"
ID13987,27-Jan-2026,Charge,0.00,210.79,"45,899.64"
ID13988,07-Feb-2026,Charge,0.00,522.55,"57,263.95"
ID13988,09-Jan-2026,Interest,24.41,0.00,"23,125.41"
ID13988,13-Mar-2026,Transfer,0.00,"1,345.43","57,079.26"
ID13988,23-Mar-2026,Direct Deposit,"1,024.59",0.00,"75,681.16"
ID13988,16-Feb-2026,Charge,0.00,381.22,"89,389.25"
ID13988,28-Feb-2026,Charge,0.00,927.82,"71,882.54"
ID13988,12-Feb-2026,Charge,0.00,323.71,"87,868.94"
ID13988,04-Feb-2026,Reversal,0.00,854.68,"84,085.45"
ID13988,05-Mar-2026,Charge,0.00,938.54,"20,281.07"
ID13988,25-Jan-2026,Transfer,"1,273.60",0.00,"58,268.03"
ID13988,30-Jan-2026,Transfer,883.42,0.00,"21,342.87"
ID13988,01-Apr-2026,Reversal,0.00,294.51,"36,149.95"
ID13988,28-Feb-2026,Charge,0.00,436.97,"31,772.94"
ID13988,30-Mar-2026,Interest,126.48,0.00,"20,274.57"
ID13988,04-Feb-2026,Charge,0.00,86.94,"68,603.80"
ID13988,23-Feb-2026,Debit Card,0.00,775.21,"40,926.43"
ID13988,27-Jan-2026,Transfer,432.82,0.00,"12,062.68"
ID13988,19-Jan-2026,Debit Card,0.00,806.97,"29,899.66"
ID13988,19-Feb-2026,Interest,95.52,0.00,"29,751.43"
ID13988,04-Jan-2026,Charge,0.00,630.26,"6,155.07"
ID13989,18-Jan-2026,Direct Deposit,"1,686.37",0.00,"48,871.03"
ID13989,13-Feb-2026,Interest,21.30,0.00,"1,807.72"
ID13989,21-Jan-2026,Debit Card,0.00,817.57,"15,160.56"
ID13989,01-Feb-2026,Direct Deposit,959.15,0.00,"61,334.92"
ID13989,25-Jan-2026,Reversal,0.00,"1,430.37","72,013.40"
ID13989,16-Mar-2026,Payment,0.00,311.09,"39,468.66"
ID13989,25-Jan-2026,Interest,81.62,0.00,"13,963.53"
ID13989,30-Jan-2026,Direct Deposit,"2,348.88",0.00,"23,593.74"
ID13989,11-Mar-2026,Debit Card,0.00,417.95,"31,978.17"
ID13989,30-Jan-2026,Direct Deposit,"4,992.60",0.00,"37,833.95"
ID13989,16-Mar-2026,Payment,"1,998.66",0.00,"47,934.62"
ID13989,04-Feb-2026,Reversal,"1,375.84",0.00,"61,024.82"
ID13989,14-Mar-2026,ATM Withdrawal,0.00,694.81,"22,264.74"
ID13989,17-Feb-2026,ATM Withdrawal,0.00,456.73,"27,212.83"
ID13989,27-Jan-2026,Debit Card,0.00,326.76,"39,522.81"
ID13989,13-Feb-2026,Payment,472.85,0.00,"12,798.00"
ID13989,08-Mar-2026,ATM Withdrawal,0.00,916.81,"74,421.99"
ID13989,17-Mar-2026,Interest,489.81,0.00,"2,970.07"
ID13989,23-Mar-2026,Direct Deposit,"3,011.12",0.00,"25,869.91"
ID13989,08-Jan-2026,Reversal,0.00,"1,322.62","41,549.68"
ID13990,17-Mar-2026,Payment,"1,181.23",0.00,"28,579.65"
ID13990,28-Jan-2026,Reversal,0.00,579.16,"17,655.86"
ID13990,06-Feb-2026,ATM Withdrawal,0.00,693.78,"78,257.39"
ID13990,18-Feb-2026,Charge,0.00,399.59,"15,098.84"
ID13990,07-Feb-2026,Interest,400.35,0.00,"73,018.62"
ID13990,15-Mar-2026,Charge,0.00,191.92,"34,834.79"
ID13990,27-Mar-2026,Payment,"1,731.30",0.00,"48,481.12"
ID13990,23-Mar-2026,Charge,0.00,86.85,"49,774.31"
ID13990,19-Feb-2026,ATM Withdrawal,0.00,730.41,"79,843.20"
ID13990,27-Feb-2026,Transfer,586.45,0.00,"41,370.33"
ID13990,10-Mar-2026,Transfer,0.00,904.78,"86,197.02"
ID13990,24-Mar-2026,ATM Withdrawal,0.00,838.99,"47,752.45"
ID13990,02-Apr-2026,Payment,525.12,0.00,"50,159.14"
ID13990,10-Jan-2026,Direct Deposit,962.30,0.00,"78,247.25"
ID13990,14-Jan-2026,Charge,0.00,874.46,"49,135.03"
ID13990,27-Jan-2026,Reversal,"1,419.95",0.00,"73,170.31"
ID13990,02-Mar-2026,Payment,0.00,268.36,"50,491.56"
ID13990,15-Mar-2026,Debit Card,0.00,211.06,"34,523.14"
ID13990,23-Jan-2026,Interest,260.05,0.00,"33,745.39"
ID13990,22-Feb-2026,Debit Card,0.00,311.48,"26,352.27"
ID13991,09-Mar-2026,Interest,135.36,0.00,"63,418.73"
ID13991,25-Feb-2026,Transfer,0.00,115.85,"70,051.06"
ID13991,09-Mar-2026,Reversal,0.00,747.96,"3,554.59"
ID13991,08-Feb-2026,ATM Withdrawal,0.00,128.54,"17,328.88"
ID13991,04-Mar-2026,Direct Deposit,"2,500.85",0.00,"86,523.76"
ID13991,22-Feb-2026,Interest,302.28,0.00,"58,484.23"
ID13991,08-Jan-2026,Transfer,0.00,722.91,"98,488.09"
ID13991,26-Feb-2026,Debit Card,0.00,910.01,"99,704.43"
ID13991,18-Feb-2026,Charge,0.00,802.63,"41,733.03"
ID13991,16-Feb-2026,Transfer,"1,286.23",0.00,"54,642.11"
ID13991,24-Feb-2026,ATM Withdrawal,0.00,817.58,"46,963.54"
ID13991,25-Jan-2026,Reversal,389.61,0.00,"73,763.08"
ID13991,31-Mar-2026,Interest,354.52,0.00,"75,298.09"
ID13991,23-Mar-2026,Transfer,"1,050.19",0.00,"69,284.91"
ID13991,18-Feb-2026,Direct Deposit,"2,326.01",0.00,"86,261.87"
ID13991,24-Mar-2026,Payment,"1,667.10",0.00,"28,745.03"
ID13991,19-Mar-2026,Charge,0.00,386.24,"81,744.21"
ID13991,15-Jan-2026,Debit Card,0.00,255.44,"89,139.89"
ID13991,27-Jan-2026,Payment,0.00,"1,006.61","98,179.84"
ID13991,16-Mar-2026,Charge,0.00,837.88,"54,748.00"
ID13992,01-Apr-2026,Charge,0.00,721.53,"61,360.43"
ID13992,13-Jan-2026,Interest,95.40,0.00,"88,142.35"
ID13992,09-Mar-2026,Reversal,0.00,298.59,"91,775.55"
ID13992,29-Mar-2026,Reversal,0.00,769.83,"7,144.71"
ID13992,18-Feb-2026,Transfer,455.30,0.00,"15,753.90"
ID13992,28-Feb-2026,Transfer,390.26,0.00,"97,070.50"
ID13992,12-Mar-2026,Transfer,0.00,463.32,"58,247.58"
ID13992,02-Mar-2026,Charge,0.00,902.50,"27,625.81"
ID13992,03-Jan-2026,Debit Card,0.00,274.09,"65,200.36"
ID13992,30-Jan-2026,Interest,51.67,0.00,"8,996.12"
ID13992,12-Mar-2026,Transfer,0.00,724.75,"48,102.30"
ID13992,13-Mar-2026,Debit Card,0.00,109.63,"75,484.10"
ID13992,20-Mar-2026,Interest,111.65,0.00,"8,619.52"
ID13992,19-Jan-2026,Charge,0.00,50.54,"34,362.37"
ID13992,26-Mar-2026,Charge,0.00,935.77,"15,759.92"
ID13992,02-Apr-2026,Debit Card,0.00,266.58,"33,912.33"
ID13992,24-Mar-2026,Debit Card,0.00,344.70,"25,408.31"
ID13992,21-Feb-2026,Direct Deposit,"3,391.27",0.00,"23,050.36"
ID13992,11-Feb-2026,Interest,340.77,0.00,"42,125.75"
ID13992,18-Jan-2026,Payment,0.00,659.37,"19,121.75"
ID13993,01-Apr-2026,Payment,965.91,0.00,"25,774.29"
ID13993,03-Mar-2026,ATM Withdrawal,0.00,680.15,"29,409.17"
ID13993,03-Mar-2026,Debit Card,0.00,804.76,"46,467.96"
ID13993,12-Feb-2026,Debit Card,0.00,737.96,"64,691.35"
ID13993,14-Feb-2026,Payment,"1,523.72",0.00,"79,136.58"
ID13993,24-Mar-2026,Direct Deposit,"2,023.94",0.00,"47,499.09"
ID13993,03-Feb-2026,Interest,31.91,0.00,"69,057.52"
ID13993,08-Feb-2026,Charge,0.00,127.87,"62,140.20"
ID13993,23-Jan-2026,Payment,0.00,292.04,"40,306.23"
ID13993,06-Mar-2026,Charge,0.00,576.61,"69,777.56"
ID13993,30-Mar-2026,Charge,0.00,295.21,"93,895.17"
ID13993,28-Feb-2026,Transfer,0.00,154.82,"91,733.75"
ID13993,17-Feb-2026,Payment,"1,127.68",0.00,"56,334.57"
ID13993,27-Mar-2026,Reversal,"1,225.25",0.00,"76,168.24"
ID13993,15-Feb-2026,Interest,459.74,0.00,"97,374.99"
ID13993,02-Mar-2026,Reversal,"1,185.04",0.00,"57,630.39"
ID13993,03-Jan-2026,ATM Withdrawal,0.00,966.84,"45,786.27"
ID13993,11-Feb-2026,Reversal,875.71,0.00,"32,060.04"
ID13993,24-Feb-2026,Payment,986.20,0.00,"15,379.95"
ID13993,02-Feb-2026,Transfer,"1,503.23",0.00,"15,881.96"
ID13994,28-Feb-2026,Charge,0.00,628.53,"36,570.90"
ID13994,12-Mar-2026,Direct Deposit,"4,762.63",0.00,"4,907.09"
ID13994,31-Jan-2026,Interest,37.65,0.00,"96,389.26"
ID13994,01-Feb-2026,ATM Withdrawal,0.00,137.31,"66,031.56"
ID13994,04-Feb-2026,ATM Withdrawal,0.00,46.43,"28,835.83"
ID13994,01-Apr-2026,Interest,471.64,0.00,"7,725.13"
ID13994,20-Jan-2026,Debit Card,0.00,762.67,"80,150.38"
ID13994,22-Mar-2026,Direct Deposit,"4,234.27",0.00,"9,164.16"
ID13994,25-Feb-2026,Payment,"1,610.04",0.00,"52,680.63"
ID13994,11-Feb-2026,Charge,0.00,351.17,"89,374.58"
ID13994,20-Feb-2026,Payment,0.00,176.15,"76,128.91"
ID13994,23-Mar-2026,ATM Withdrawal,0.00,85.28,"50,540.77"
ID13994,05-Mar-2026,ATM Withdrawal,0.00,242.32,"44,515.55"
ID13994,13-Feb-2026,Debit Card,0.00,948.86,"53,019.33"
ID13994,19-Mar-2026,Charge,0.00,540.74,"9,190.03"
ID13994,21-Jan-2026,Payment,"1,719.09",0.00,"96,412.53"
ID13994,27-Feb-2026,Debit Card,0.00,163.41,"83,215.79"
ID13994,24-Jan-2026,Reversal,945.38,0.00,"51,762.47"
ID13994,21-Jan-2026,Debit Card,0.00,201.07,"69,427.54"
ID13994,05-Jan-2026,Reversal,0.00,832.58,"35,581.35"
ID13995,21-Feb-2026,Direct Deposit,"3,767.10",0.00,"99,335.06"
ID13995,24-Mar-2026,Direct Deposit,"4,118.71",0.00,"90,852.05"
ID13995,15-Feb-2026,ATM Withdrawal,0.00,317.19,"45,021.13"
ID13995,26-Feb-2026,Payment,"1,630.60",0.00,"38,513.64"
ID13995,24-Feb-2026,Reversal,"1,690.72",0.00,"85,019.43"
ID13995,08-Feb-2026,Direct Deposit,"4,120.69",0.00,"45,440.98"
ID13995,24-Jan-2026,Direct Deposit,988.61,0.00,"98,153.14"
ID13995,08-Jan-2026,Transfer,0.00,632.72,"8,870.61"
ID13995,01-Apr-2026,Payment,0.00,374.30,"32,238.68"
ID13995,31-Mar-2026,Charge,0.00,881.80,"40,174.34"
ID13995,12-Feb-2026,Transfer,408.85,0.00,"70,578.33"
ID13995,08-Feb-2026,Reversal,"1,581.10",0.00,"57,016.51"
ID13995,30-Mar-2026,Reversal,754.42,0.00,"52,132.35"
ID13995,06-Mar-2026,ATM Withdrawal,0.00,420.49,"43,217.26"
ID13995,18-Jan-2026,Charge,0.00,849.92,"95,414.15"
ID13995,23-Mar-2026,ATM Withdrawal,0.00,150.68,"68,950.30"
ID13995,06-Mar-2026,Interest,344.92,0.00,"81,690.72"
ID13995,06-Mar-2026,ATM Withdrawal,0.00,880.39,"14,008.91"
ID13995,07-Jan-2026,Payment,"1,159.46",0.00,"21,817.50"
ID13995,19-Feb-2026,Debit Card,0.00,764.83,"74,024.43"
ID13996,09-Feb-2026,Interest,403.42,0.00,"11,746.69"
ID13996,03-Jan-2026,Payment,0.00,"1,460.18","84,361.27"
ID13996,06-Jan-2026,Direct Deposit,732.55,0.00,"15,347.96"
ID13996,29-Jan-2026,Reversal,951.20,0.00,"88,387.28"
ID13996,06-Mar-2026,Charge,0.00,964.08,"22,671.43"
ID13996,04-Feb-2026,Transfer,0.00,234.79,"29,503.11"
ID13996,15-Feb-2026,ATM Withdrawal,0.00,165.74,"46,776.61"
ID13996,29-Jan-2026,Transfer,"1,482.11",0.00,"55,074.19"
ID13996,06-Jan-2026,Charge,0.00,946.09,"58,846.11"
ID13996,06-Mar-2026,Direct Deposit,"1,430.99",0.00,"3,481.63"
ID13996,08-Feb-2026,Reversal,"1,035.72",0.00,"82,424.57"
ID13996,25-Mar-2026,Payment,0.00,"1,251.38","93,543.29"
ID13996,18-Feb-2026,Debit Card,0.00,722.39,"15,319.73"
ID13996,15-Mar-2026,Transfer,0.00,912.64,"34,034.97"
ID13996,11-Feb-2026,Payment,"1,181.26",0.00,"78,712.42"
ID13996,24-Jan-2026,Transfer,463.08,0.00,"87,189.44"
ID13996,19-Feb-2026,Transfer,366.42,0.00,"83,894.99"
ID13996,15-Mar-2026,Reversal,711.30,0.00,"72,596.28"
ID13996,14-Feb-2026,Direct Deposit,"2,428.98",0.00,"99,553.69"
ID13996,25-Jan-2026,Charge,0.00,360.44,"83,756.14"
ID13997,08-Jan-2026,Interest,20.67,0.00,"29,699.37"
ID13997,04-Jan-2026,Reversal,402.07,0.00,"77,045.17"
ID13997,10-Feb-2026,Interest,57.73,0.00,"48,810.40"
ID13997,14-Mar-2026,ATM Withdrawal,0.00,944.67,"87,544.55"
ID13997,10-Jan-2026,Direct Deposit,"3,908.07",0.00,"24,286.26"
ID13997,01-Mar-2026,Reversal,0.00,"1,360.77","98,287.76"
ID13997,22-Feb-2026,Transfer,433.51,0.00,"32,832.97"
ID13997,22-Jan-2026,Direct Deposit,652.84,0.00,"35,888.28"
ID13997,20-Jan-2026,Charge,0.00,352.73,"91,795.42"
ID13997,26-Jan-2026,Charge,0.00,56.34,"51,906.37"
ID13997,28-Jan-2026,Transfer,"1,511.46",0.00,"72,057.86"
ID13997,11-Mar-2026,Interest,305.98,0.00,"55,171.57"
ID13997,28-Feb-2026,Debit Card,0.00,32.58,"96,134.37"
ID13997,14-Feb-2026,Debit Card,0.00,930.77,"17,280.33"
ID13997,16-Feb-2026,Transfer,0.00,922.45,"35,634.26"
ID13997,20-Mar-2026,Debit Card,0.00,484.84,"96,086.66"
ID13997,08-Mar-2026,Interest,150.89,0.00,"87,819.46"
ID13997,18-Mar-2026,Interest,46.59,0.00,"25,837.06"
ID13997,04-Feb-2026,Direct Deposit,"3,198.54",0.00,"57,448.07"
ID13997,01-Mar-2026,Interest,447.79,0.00,"63,008.64"
ID13998,01-Mar-2026,Debit Card,0.00,26.58,"54,919.43"
ID13998,01-Feb-2026,Direct Deposit,"1,264.35",0.00,"20,481.09"
ID13998,27-Mar-2026,Reversal,843.04,0.00,"94,484.58"
ID13998,31-Jan-2026,Direct Deposit,"2,470.93",0.00,"62,417.15"
ID13998,25-Feb-2026,Charge,0.00,710.25,"47,995.95"
ID13998,05-Jan-2026,Transfer,"1,823.12",0.00,"23,088.99"
ID13998,30-Mar-2026,Payment,0.00,"1,287.39","80,520.11"
ID13998,10-Mar-2026,Charge,0.00,46.45,"99,649.42"
ID13998,11-Jan-2026,Interest,326.30,0.00,"29,433.52"
ID13998,28-Jan-2026,Payment,0.00,853.13,"64,229.98"
ID13998,26-Jan-2026,Payment,"1,555.31",0.00,"39,138.86"
ID13998,09-Jan-2026,ATM Withdrawal,0.00,468.73,"61,523.37"
ID13998,17-Jan-2026,Transfer,0.00,"1,475.07","36,144.82"
ID13998,03-Apr-2026,Direct Deposit,664.88,0.00,"62,219.16"
ID13998,10-Jan-2026,Debit Card,0.00,42.54,"83,422.59"
ID13998,23-Jan-2026,ATM Withdrawal,0.00,518.06,"22,627.98"
ID13998,01-Apr-2026,Interest,411.91,0.00,"80,647.38"
ID13998,04-Feb-2026,Debit Card,0.00,603.02,"10,140.59"
ID13998,13-Jan-2026,ATM Withdrawal,0.00,604.32,"84,250.05"
ID13998,28-Feb-2026,ATM Withdrawal,0.00,184.89,"65,981.65"
ID13999,22-Feb-2026,Debit Card,0.00,529.34,"16,857.51"
ID13999,22-Mar-2026,ATM Withdrawal,0.00,542.92,"18,109.02"
ID13999,28-Feb-2026,Interest,232.30,0.00,"19,419.99"
ID13999,06-Feb-2026,Reversal,"1,375.90",0.00,"32,691.97"
ID13999,13-Mar-2026,Charge,0.00,36.49,"15,940.41"
ID13999,16-Jan-2026,Debit Card,0.00,772.79,"21,437.87"
ID13999,10-Mar-2026,Direct Deposit,"3,075.40",0.00,"23,912.80"
ID13999,22-Feb-2026,Direct Deposit,"3,282.72",0.00,"97,587.90"
ID13999,26-Feb-2026,ATM Withdrawal,0.00,929.25,"70,991.21"
ID13999,07-Mar-2026,Payment,0.00,964.10,"83,265.57"
ID13999,23-Feb-2026,Debit Card,0.00,720.60,"59,388.62"
ID13999,19-Feb-2026,Reversal,0.00,"1,206.89","59,319.96"
ID13999,23-Mar-2026,Debit Card,0.00,494.49,"21,214.27"
ID13999,08-Jan-2026,Charge,0.00,647.94,"6,645.52"
ID13999,02-Apr-2026,Transfer,0.00,600.37,"96,671.30"
ID13999,21-Mar-2026,Debit Card,0.00,419.52,"84,188.54"
ID13999,21-Jan-2026,ATM Withdrawal,0.00,925.16,"63,520.68"
ID13999,12-Feb-2026,Direct Deposit,"4,866.16",0.00,"26,988.14"
ID13999,30-Jan-2026,Transfer,791.50,0.00,"50,580.49"
ID13999,27-Feb-2026,Debit Card,0.00,18.30,"2,270.12"
