customer_id,Date,Description,Deposits,Withdrawls,Balance
ID13000,06-Mar-2026,Interest,481.26,0.00,"64,874.73"
ID13000,02-Mar-2026,Payment,859.51,0.00,"85,679.40"
ID13000,23-Feb-2026,Debit Card,0.00,418.08,"50,950.36"
ID13000,28-Jan-2026,Direct Deposit,"3,405.79",0.00,"61,854.46"
ID13000,18-Feb-2026,Interest,439.28,0.00,"11,603.32"
ID13000,25-Jan-2026,Debit Card,0.00,152.08,"57,886.39"
ID13000,08-Jan-2026,Charge,0.00,422.52,"74,886.82"
ID13000,06-Feb-2026,Payment,"1,279.92",0.00,"16,092.36"
ID13000,24-Feb-2026,Direct Deposit,"3,791.50",0.00,"6,818.48"
ID13000,31-Jan-2026,Transfer,"1,848.49",0.00,"50,075.20"
ID13000,01-Apr-2026,Direct Deposit,"3,587.19",0.00,"29,503.42"
ID13000,26-Mar-2026,Interest,274.50,0.00,"53,983.32"
ID13000,30-Mar-2026,Transfer,0.00,822.26,"14,551.68"
ID13000,22-Jan-2026,Debit Card,0.00,987.65,"39,990.80"
ID13000,23-Jan-2026,ATM Withdrawal,0.00,586.68,"74,280.62"
ID13000,01-Mar-2026,Direct Deposit,"1,696.45",0.00,"10,255.15"
ID13000,06-Feb-2026,Transfer,0.00,396.38,"6,486.94"
ID13000,27-Feb-2026,Payment,0.00,155.43,"8,270.31"
ID13000,10-Feb-2026,Transfer,0.00,88.13,"49,674.99"
ID13000,10-Mar-2026,Interest,276.91,0.00,"35,488.59"
ID13001,24-Jan-2026,Direct Deposit,702.31,0.00,"88,720.91"
ID13001,22-Feb-2026,Charge,0.00,957.49,"58,251.04"
ID13001,03-Mar-2026,Reversal,0.00,488.02,"1,372.16"
ID13001,07-Feb-2026,Direct Deposit,"3,638.70",0.00,"54,425.07"
ID13001,14-Mar-2026,Reversal,0.00,"1,094.44","60,920.70"
ID13001,11-Jan-2026,Charge,0.00,113.13,"80,858.38"
ID13001,26-Jan-2026,Direct Deposit,"2,539.42",0.00,"48,048.08"
ID13001,19-Mar-2026,Transfer,0.00,"1,141.82","52,235.63"
ID13001,03-Jan-2026,Reversal,0.00,352.92,"67,219.62"
ID13001,24-Mar-2026,Direct Deposit,"2,186.82",0.00,"6,047.99"
ID13001,12-Feb-2026,Charge,0.00,734.89,"86,351.58"
ID13001,02-Feb-2026,Interest,118.25,0.00,"84,686.68"
ID13001,23-Mar-2026,Payment,435.54,0.00,"17,837.23"
ID13001,28-Mar-2026,Reversal,236.87,0.00,"70,868.75"
ID13001,26-Jan-2026,Debit Card,0.00,303.94,"43,006.49"
ID13001,25-Mar-2026,Transfer,0.00,"1,372.41","99,465.20"
ID13001,05-Jan-2026,Reversal,706.44,0.00,"70,829.07"
ID13001,16-Feb-2026,ATM Withdrawal,0.00,133.17,"82,177.49"
ID13001,02-Mar-2026,Reversal,0.00,783.01,"41,524.52"
ID13001,15-Mar-2026,ATM Withdrawal,0.00,601.92,"74,066.01"
ID13002,09-Feb-2026,ATM Withdrawal,0.00,140.94,"99,037.79"
ID13002,12-Jan-2026,ATM Withdrawal,0.00,46.89,"60,907.36"
ID13002,28-Jan-2026,Reversal,0.00,"1,365.31","87,098.07"
ID13002,04-Jan-2026,Direct Deposit,"4,315.02",0.00,"32,077.78"
ID13002,16-Jan-2026,Reversal,"1,545.43",0.00,"68,051.62"
ID13002,27-Jan-2026,Transfer,0.00,"1,188.90","32,515.13"
ID13002,28-Mar-2026,Interest,75.83,0.00,"69,393.35"
ID13002,28-Mar-2026,Reversal,"1,201.56",0.00,"62,471.08"
ID13002,11-Feb-2026,Reversal,0.00,534.44,"42,674.46"
ID13002,09-Jan-2026,Charge,0.00,671.55,"33,214.10"
ID13002,07-Jan-2026,Interest,433.10,0.00,"39,773.07"
ID13002,24-Feb-2026,ATM Withdrawal,0.00,539.27,"19,383.12"
ID13002,04-Jan-2026,Transfer,0.00,990.59,"14,689.65"
ID13002,10-Jan-2026,Transfer,0.00,201.44,"38,063.19"
ID13002,14-Mar-2026,Charge,0.00,390.47,"19,945.71"
ID13002,07-Feb-2026,Debit Card,0.00,88.51,"84,464.46"
ID13002,16-Feb-2026,ATM Withdrawal,0.00,926.80,"21,640.20"
ID13002,05-Jan-2026,Reversal,421.71,0.00,"20,315.35"
ID13002,19-Feb-2026,Reversal,0.00,"1,095.87","17,945.15"
ID13002,14-Feb-2026,Transfer,0.00,770.04,"48,962.11"
ID13003,24-Feb-2026,Direct Deposit,"3,141.48",0.00,"11,995.76"
ID13003,05-Feb-2026,Reversal,0.00,330.77,"69,898.11"
ID13003,22-Jan-2026,Direct Deposit,"2,768.86",0.00,"87,968.53"
ID13003,24-Jan-2026,Transfer,0.00,586.55,"33,340.80"
ID13003,31-Jan-2026,Payment,248.18,0.00,"96,594.19"
ID13003,11-Jan-2026,Direct Deposit,"3,148.20",0.00,"73,033.25"
ID13003,15-Mar-2026,Charge,0.00,510.40,"10,337.74"
ID13003,16-Jan-2026,Debit Card,0.00,373.61,"52,273.16"
ID13003,07-Mar-2026,Debit Card,0.00,904.10,"62,973.55"
ID13003,05-Feb-2026,Transfer,0.00,258.09,"37,950.32"
ID13003,18-Mar-2026,Direct Deposit,"3,019.71",0.00,"23,086.66"
ID13003,24-Mar-2026,Direct Deposit,"4,956.92",0.00,"17,419.75"
ID13003,18-Mar-2026,Reversal,934.72,0.00,"51,049.84"
ID13003,20-Jan-2026,Payment,0.00,250.94,"23,096.97"
ID13003,14-Jan-2026,Interest,50.54,0.00,"16,038.23"
ID13003,08-Feb-2026,Interest,263.18,0.00,"1,398.98"
ID13003,08-Mar-2026,Debit Card,0.00,921.74,"36,052.24"
ID13003,12-Jan-2026,Transfer,"1,291.69",0.00,"49,623.84"
ID13003,25-Jan-2026,Debit Card,0.00,90.44,"21,934.84"
ID13003,25-Mar-2026,Charge,0.00,387.54,"60,303.28"
ID13004,14-Feb-2026,ATM Withdrawal,0.00,548.93,"5,061.55"
ID13004,25-Feb-2026,Debit Card,0.00,713.14,"13,640.73"
ID13004,10-Feb-2026,Debit Card,0.00,940.06,"49,495.49"
ID13004,18-Jan-2026,Interest,209.98,0.00,"80,358.39"
ID13004,18-Feb-2026,Transfer,0.00,532.32,"37,522.04"
ID13004,01-Feb-2026,Payment,0.00,653.87,"49,742.58"
ID13004,27-Feb-2026,Debit Card,0.00,879.14,"43,603.74"
ID13004,18-Feb-2026,Direct Deposit,"1,726.94",0.00,"92,523.44"
ID13004,09-Mar-2026,Transfer,0.00,538.17,"2,712.99"
ID13004,22-Feb-2026,Payment,0.00,743.05,"43,994.02"
ID13004,31-Mar-2026,Direct Deposit,"3,216.47",0.00,"28,537.17"
ID13004,24-Feb-2026,Charge,0.00,246.69,"74,393.33"
ID13004,25-Jan-2026,Debit Card,0.00,646.59,"44,399.84"
ID13004,13-Mar-2026,Interest,374.93,0.00,"40,618.26"
ID13004,18-Mar-2026,Interest,493.14,0.00,"5,493.14"
ID13004,19-Feb-2026,ATM Withdrawal,0.00,160.11,"30,091.07"
ID13004,29-Jan-2026,Transfer,"1,075.06",0.00,"92,921.21"
ID13004,04-Feb-2026,Charge,0.00,531.89,"27,456.01"
ID13004,24-Feb-2026,Debit Card,0.00,838.46,"24,362.65"
ID13004,20-Feb-2026,Transfer,253.65,0.00,"93,694.71"
ID13005,13-Mar-2026,Direct Deposit,"2,549.40",0.00,"37,373.86"
ID13005,10-Mar-2026,Charge,0.00,238.62,"41,276.26"
ID13005,04-Jan-2026,Debit Card,0.00,870.16,"40,921.73"
ID13005,26-Jan-2026,Reversal,"1,505.84",0.00,"65,563.42"
ID13005,03-Apr-2026,Direct Deposit,"2,468.88",0.00,"1,214.97"
ID13005,07-Jan-2026,ATM Withdrawal,0.00,948.93,"69,266.53"
ID13005,24-Jan-2026,ATM Withdrawal,0.00,846.73,"18,503.87"
ID13005,03-Feb-2026,Reversal,0.00,"1,441.40","5,682.15"
ID13005,16-Mar-2026,Reversal,"1,224.00",0.00,"48,356.52"
ID13005,28-Mar-2026,Direct Deposit,"4,654.47",0.00,"66,844.66"
ID13005,16-Mar-2026,Transfer,0.00,599.47,"97,907.15"
ID13005,12-Jan-2026,Debit Card,0.00,551.19,"36,911.54"
ID13005,21-Jan-2026,Direct Deposit,"2,369.35",0.00,"1,216.96"
ID13005,08-Feb-2026,Charge,0.00,620.85,"96,501.84"
ID13005,18-Mar-2026,ATM Withdrawal,0.00,384.66,"58,515.24"
ID13005,04-Jan-2026,Transfer,0.00,54.90,"25,269.75"
ID13005,01-Apr-2026,Reversal,121.48,0.00,"19,018.88"
ID13005,08-Jan-2026,Charge,0.00,84.65,"69,548.33"
ID13005,18-Jan-2026,ATM Withdrawal,0.00,259.73,"60,289.16"
ID13005,09-Feb-2026,ATM Withdrawal,0.00,216.23,"98,224.17"
ID13006,02-Apr-2026,Direct Deposit,"2,191.85",0.00,"94,679.51"
ID13006,09-Jan-2026,Payment,0.00,741.63,"90,365.04"
ID13006,06-Feb-2026,Direct Deposit,"1,966.32",0.00,"39,935.97"
ID13006,18-Mar-2026,Direct Deposit,"3,289.65",0.00,"57,669.34"
ID13006,07-Feb-2026,Direct Deposit,"2,784.69",0.00,"7,387.16"
ID13006,01-Mar-2026,Transfer,547.98,0.00,"41,421.81"
ID13006,13-Jan-2026,Debit Card,0.00,865.80,"95,290.12"
ID13006,24-Feb-2026,Interest,415.05,0.00,"50,225.00"
ID13006,13-Mar-2026,Interest,148.20,0.00,"26,184.71"
ID13006,01-Mar-2026,Debit Card,0.00,28.72,"66,123.90"
ID13006,21-Feb-2026,Reversal,"1,638.71",0.00,"6,511.87"
ID13006,10-Mar-2026,Debit Card,0.00,471.25,"89,806.24"
ID13006,01-Mar-2026,Transfer,"1,554.95",0.00,"72,874.53"
ID13006,12-Jan-2026,Reversal,907.37,0.00,"1,036.15"
ID13006,31-Mar-2026,Transfer,0.00,687.74,"97,867.55"
ID13006,05-Feb-2026,Direct Deposit,"2,131.82",0.00,"92,279.22"
ID13006,18-Feb-2026,Charge,0.00,355.41,"35,542.59"
ID13006,30-Mar-2026,Reversal,0.00,"1,118.80","96,944.39"
ID13006,20-Feb-2026,Interest,88.56,0.00,"70,689.26"
ID13006,27-Mar-2026,Debit Card,0.00,467.01,"87,567.77"
ID13007,08-Mar-2026,Reversal,0.00,208.89,"65,408.11"
ID13007,09-Feb-2026,Payment,619.91,0.00,"52,733.75"
ID13007,22-Mar-2026,Direct Deposit,"1,697.53",0.00,"2,521.28"
ID13007,06-Mar-2026,Transfer,"1,765.87",0.00,"51,482.68"
ID13007,30-Mar-2026,Debit Card,0.00,577.07,"59,132.71"
ID13007,25-Mar-2026,Interest,144.97,0.00,"32,362.73"
ID13007,12-Feb-2026,Interest,441.60,0.00,"66,448.83"
ID13007,23-Mar-2026,Charge,0.00,980.31,"86,795.00"
ID13007,10-Feb-2026,ATM Withdrawal,0.00,949.01,"55,544.22"
ID13007,20-Feb-2026,Payment,0.00,498.87,"90,668.78"
ID13007,19-Jan-2026,ATM Withdrawal,0.00,237.48,"41,367.24"
ID13007,22-Feb-2026,Reversal,0.00,166.88,"9,111.62"
ID13007,25-Mar-2026,Charge,0.00,494.96,"79,654.06"
ID13007,10-Jan-2026,Direct Deposit,"2,305.50",0.00,"30,832.68"
ID13007,23-Jan-2026,Transfer,0.00,752.25,"32,042.18"
ID13007,06-Feb-2026,Interest,462.35,0.00,"8,116.33"
ID13007,22-Mar-2026,Reversal,0.00,"1,354.00","74,725.03"
ID13007,18-Mar-2026,Interest,57.67,0.00,"10,462.84"
ID13007,26-Jan-2026,ATM Withdrawal,0.00,347.38,"40,762.77"
ID13007,19-Feb-2026,Debit Card,0.00,629.98,"99,292.44"
ID13008,22-Mar-2026,Reversal,992.21,0.00,"8,207.89"
ID13008,23-Mar-2026,ATM Withdrawal,0.00,171.61,"28,393.08"
ID13008,26-Jan-2026,Transfer,131.92,0.00,"74,469.47"
ID13008,03-Feb-2026,Transfer,"1,851.59",0.00,"64,274.34"
ID13008,17-Jan-2026,Reversal,0.00,496.47,"50,055.06"
ID13008,22-Feb-2026,Interest,391.81,0.00,"82,381.68"
ID13008,01-Mar-2026,Direct Deposit,"3,596.25",0.00,"93,361.23"
ID13008,06-Jan-2026,Debit Card,0.00,767.95,"75,532.67"
ID13008,01-Apr-2026,Reversal,"1,578.06",0.00,"80,454.65"
ID13008,27-Jan-2026,Debit Card,0.00,884.86,"95,678.48"
ID13008,08-Mar-2026,Payment,"1,502.47",0.00,"45,520.30"
ID13008,25-Mar-2026,Payment,0.00,623.07,"34,757.54"
ID13008,07-Mar-2026,Reversal,"1,910.95",0.00,"55,162.39"
ID13008,20-Mar-2026,Transfer,950.01,0.00,"87,835.93"
ID13008,02-Mar-2026,Debit Card,0.00,35.14,"69,369.35"
ID13008,20-Mar-2026,Charge,0.00,685.28,"73,763.74"
ID13008,02-Feb-2026,Charge,0.00,16.89,"64,188.76"
ID13008,27-Mar-2026,Reversal,0.00,414.11,"19,248.09"
ID13008,09-Jan-2026,Payment,0.00,954.32,"23,526.33"
ID13008,22-Feb-2026,ATM Withdrawal,0.00,689.46,"52,257.44"
ID13009,16-Feb-2026,Transfer,0.00,"1,242.49","95,463.65"
ID13009,18-Mar-2026,ATM Withdrawal,0.00,777.80,"5,880.42"
ID13009,29-Jan-2026,Debit Card,0.00,108.92,"29,935.74"
ID13009,08-Jan-2026,ATM Withdrawal,0.00,43.08,"30,237.33"
ID13009,07-Feb-2026,Direct Deposit,"3,593.88",0.00,"20,717.18"
ID13009,13-Mar-2026,ATM Withdrawal,0.00,102.97,"17,301.46"
ID13009,02-Apr-2026,ATM Withdrawal,0.00,97.59,"22,192.86"
ID13009,08-Mar-2026,Interest,35.23,0.00,"87,306.64"
ID13009,08-Mar-2026,Payment,0.00,625.84,"17,421.40"
ID13009,23-Feb-2026,Payment,171.02,0.00,"66,839.59"
ID13009,01-Mar-2026,ATM Withdrawal,0.00,639.61,"16,507.35"
ID13009,09-Mar-2026,Payment,0.00,196.83,"81,899.63"
ID13009,04-Jan-2026,Direct Deposit,"2,862.96",0.00,"24,128.43"
ID13009,21-Jan-2026,Debit Card,0.00,171.18,"82,564.47"
ID13009,03-Jan-2026,Direct Deposit,"1,535.69",0.00,"96,863.50"
ID13009,08-Mar-2026,Transfer,0.00,801.71,"35,591.58"
ID13009,24-Jan-2026,Charge,0.00,503.32,"62,664.09"
ID13009,17-Feb-2026,ATM Withdrawal,0.00,765.23,"83,232.90"
ID13009,24-Mar-2026,Debit Card,0.00,61.82,"22,131.27"
ID13009,04-Jan-2026,Debit Card,0.00,316.50,"43,683.00"
ID13010,18-Feb-2026,Reversal,"1,289.88",0.00,"67,122.60"
ID13010,25-Mar-2026,Direct Deposit,"1,434.35",0.00,"34,709.99"
ID13010,15-Mar-2026,Transfer,960.58,0.00,"40,814.02"
ID13010,07-Jan-2026,Transfer,"1,106.76",0.00,"11,395.34"
ID13010,12-Mar-2026,Debit Card,0.00,315.12,"43,736.31"
ID13010,09-Jan-2026,Interest,470.13,0.00,"83,560.89"
ID13010,20-Feb-2026,Payment,0.00,"1,195.80","49,346.02"
ID13010,06-Mar-2026,Payment,0.00,831.70,"73,346.02"
ID13010,09-Feb-2026,Charge,0.00,440.81,"80,916.61"
ID13010,16-Mar-2026,ATM Withdrawal,0.00,861.37,"99,804.99"
ID13010,15-Mar-2026,Interest,100.25,0.00,"8,656.03"
ID13010,02-Feb-2026,Charge,0.00,72.72,"6,105.57"
ID13010,04-Mar-2026,Interest,67.66,0.00,"73,986.58"
ID13010,18-Feb-2026,ATM Withdrawal,0.00,381.28,"65,312.14"
ID13010,08-Feb-2026,Direct Deposit,735.79,0.00,"63,703.85"
ID13010,20-Jan-2026,Debit Card,0.00,537.42,"78,509.57"
ID13010,19-Mar-2026,Charge,0.00,296.45,"21,432.17"
ID13010,01-Feb-2026,Charge,0.00,698.30,"13,314.80"
ID13010,23-Jan-2026,Reversal,0.00,932.20,"93,106.23"
ID13010,30-Mar-2026,Direct Deposit,"1,421.95",0.00,"14,369.52"
ID13011,20-Jan-2026,Reversal,"1,675.15",0.00,"18,547.21"
ID13011,06-Jan-2026,Payment,0.00,935.91,"18,419.95"
ID13011,15-Jan-2026,Debit Card,0.00,854.09,"48,410.58"
ID13011,29-Jan-2026,Reversal,"1,420.41",0.00,"17,073.76"
ID13011,13-Feb-2026,Direct Deposit,"4,269.60",0.00,"52,013.94"
ID13011,30-Jan-2026,Charge,0.00,568.43,"32,090.46"
ID13011,04-Mar-2026,ATM Withdrawal,0.00,754.70,"63,446.36"
ID13011,09-Mar-2026,Charge,0.00,124.80,"66,938.35"
ID13011,12-Feb-2026,Transfer,0.00,105.37,"33,872.20"
ID13011,28-Jan-2026,Direct Deposit,"3,547.79",0.00,"37,345.06"
ID13011,07-Mar-2026,Debit Card,0.00,301.79,"49,126.77"
ID13011,25-Feb-2026,Direct Deposit,"3,636.42",0.00,"63,767.67"
ID13011,21-Mar-2026,Transfer,"1,103.72",0.00,"31,277.83"
ID13011,17-Mar-2026,Reversal,0.00,"1,229.00","63,293.56"
ID13011,25-Feb-2026,ATM Withdrawal,0.00,949.45,"91,841.45"
ID13011,18-Jan-2026,ATM Withdrawal,0.00,351.01,"99,513.23"
ID13011,06-Feb-2026,Reversal,0.00,82.99,"62,588.70"
ID13011,19-Mar-2026,Debit Card,0.00,894.49,"5,172.83"
ID13011,26-Feb-2026,Payment,419.19,0.00,"85,750.92"
ID13011,06-Jan-2026,Interest,407.10,0.00,"97,019.01"
ID13012,20-Feb-2026,Debit Card,0.00,453.92,"5,526.24"
ID13012,02-Feb-2026,Interest,71.45,0.00,"99,962.53"
ID13012,22-Jan-2026,Payment,385.02,0.00,"87,351.98"
ID13012,18-Feb-2026,Payment,0.00,179.53,"29,581.63"
ID13012,27-Feb-2026,Charge,0.00,594.90,"82,164.26"
ID13012,04-Feb-2026,Reversal,0.00,"1,450.71","99,773.19"
ID13012,27-Mar-2026,Direct Deposit,"1,950.91",0.00,"90,980.15"
ID13012,12-Jan-2026,Payment,0.00,125.33,"67,583.77"
ID13012,19-Jan-2026,Interest,476.35,0.00,"86,077.77"
ID13012,20-Jan-2026,Debit Card,0.00,881.65,"78,378.75"
ID13012,01-Mar-2026,Payment,0.00,897.68,"77,409.13"
ID13012,28-Feb-2026,Interest,429.24,0.00,"67,814.64"
ID13012,29-Mar-2026,Transfer,0.00,"1,354.56","89,097.91"
ID13012,28-Feb-2026,Interest,83.48,0.00,"29,110.19"
ID13012,15-Mar-2026,ATM Withdrawal,0.00,853.06,"23,602.83"
ID13012,19-Mar-2026,Interest,32.38,0.00,"66,121.08"
ID13012,30-Jan-2026,Payment,0.00,370.03,"32,615.92"
ID13012,01-Feb-2026,Interest,148.27,0.00,"91,558.06"
ID13012,03-Feb-2026,Interest,80.60,0.00,"96,458.86"
ID13012,04-Mar-2026,Charge,0.00,734.72,"34,620.37"
ID13013,26-Feb-2026,Debit Card,0.00,177.17,"88,708.75"
ID13013,20-Feb-2026,Interest,208.38,0.00,"17,373.32"
ID13013,14-Feb-2026,ATM Withdrawal,0.00,56.12,"38,474.85"
ID13013,04-Mar-2026,Interest,122.96,0.00,"83,673.80"
ID13013,24-Jan-2026,Payment,0.00,"1,381.23","38,569.25"
ID13013,24-Mar-2026,Payment,0.00,837.79,"16,213.01"
ID13013,25-Mar-2026,Direct Deposit,"3,976.48",0.00,"39,974.26"
ID13013,28-Jan-2026,ATM Withdrawal,0.00,268.55,"52,529.82"
ID13013,19-Jan-2026,Transfer,346.93,0.00,"56,929.75"
ID13013,22-Jan-2026,Payment,896.12,0.00,"42,747.89"
ID13013,01-Feb-2026,Reversal,777.89,0.00,"55,803.79"
ID13013,30-Jan-2026,Transfer,0.00,552.32,"14,723.01"
ID13013,31-Jan-2026,Interest,97.42,0.00,"78,096.83"
ID13013,29-Mar-2026,Transfer,0.00,"1,341.10","37,877.03"
ID13013,15-Feb-2026,Payment,341.57,0.00,"42,580.24"
ID13013,15-Feb-2026,Transfer,0.00,665.26,"15,614.35"
ID13013,02-Apr-2026,Transfer,172.60,0.00,"48,938.90"
ID13013,03-Jan-2026,Charge,0.00,804.45,"80,995.87"
ID13013,13-Mar-2026,Charge,0.00,598.80,"3,150.36"
ID13013,28-Jan-2026,Reversal,0.00,833.17,"92,489.29"
ID13014,20-Jan-2026,Payment,0.00,"1,488.20","28,026.17"
ID13014,17-Mar-2026,Direct Deposit,658.93,0.00,"43,681.32"
ID13014,25-Mar-2026,Payment,0.00,281.39,"58,466.43"
ID13014,26-Mar-2026,Transfer,"1,733.69",0.00,"93,235.55"
ID13014,18-Mar-2026,Charge,0.00,403.56,"31,011.25"
ID13014,05-Mar-2026,Payment,"1,348.30",0.00,"23,925.96"
ID13014,31-Jan-2026,Transfer,590.92,0.00,"71,504.57"
ID13014,07-Mar-2026,Reversal,"1,291.22",0.00,"24,287.95"
ID13014,13-Feb-2026,Payment,"1,407.81",0.00,"18,345.46"
ID13014,26-Feb-2026,Direct Deposit,959.83,0.00,"40,038.11"
ID13014,18-Jan-2026,Direct Deposit,"4,694.44",0.00,"87,744.78"
ID13014,14-Jan-2026,Direct Deposit,"2,286.31",0.00,"53,518.39"
ID13014,16-Feb-2026,ATM Withdrawal,0.00,495.00,"1,788.27"
ID13014,20-Feb-2026,Direct Deposit,"4,047.31",0.00,"14,740.13"
ID13014,24-Jan-2026,Charge,0.00,800.75,"3,502.31"
ID13014,04-Mar-2026,Interest,466.26,0.00,"64,744.88"
ID13014,02-Mar-2026,Transfer,"1,546.47",0.00,"84,759.19"
ID13014,06-Feb-2026,Transfer,"1,307.37",0.00,"41,060.98"
ID13014,15-Jan-2026,Charge,0.00,954.20,"60,428.85"
ID13014,23-Mar-2026,Debit Card,0.00,320.22,"30,918.71"
ID13015,21-Feb-2026,Transfer,"1,723.70",0.00,"17,306.21"
ID13015,21-Jan-2026,Transfer,"1,406.87",0.00,"67,541.14"
ID13015,18-Feb-2026,Interest,56.03,0.00,"48,320.83"
ID13015,16-Feb-2026,Interest,207.40,0.00,"9,771.68"
ID13015,19-Mar-2026,Debit Card,0.00,277.69,"79,733.80"
ID13015,28-Jan-2026,ATM Withdrawal,0.00,489.73,"53,059.31"
ID13015,05-Mar-2026,ATM Withdrawal,0.00,115.92,"89,767.77"
ID13015,19-Mar-2026,Direct Deposit,"4,439.53",0.00,"4,357.14"
ID13015,23-Feb-2026,Reversal,0.00,455.69,"11,614.28"
ID13015,15-Jan-2026,ATM Withdrawal,0.00,206.43,"41,942.79"
ID13015,17-Jan-2026,Payment,0.00,884.92,"93,340.57"
ID13015,24-Feb-2026,Debit Card,0.00,228.33,"79,507.34"
ID13015,11-Feb-2026,Reversal,"1,039.48",0.00,"67,968.69"
ID13015,11-Jan-2026,Direct Deposit,"1,135.45",0.00,"25,732.47"
ID13015,08-Feb-2026,Transfer,"1,985.78",0.00,"96,899.64"
ID13015,21-Feb-2026,ATM Withdrawal,0.00,838.42,"48,043.39"
ID13015,06-Mar-2026,Debit Card,0.00,742.67,"92,331.77"
ID13015,26-Feb-2026,Direct Deposit,"2,053.13",0.00,"79,851.98"
ID13015,13-Feb-2026,ATM Withdrawal,0.00,969.48,"66,628.08"
ID13015,22-Jan-2026,Transfer,0.00,357.28,"31,549.98"
ID13016,23-Jan-2026,Payment,"1,548.35",0.00,"89,494.45"
ID13016,06-Jan-2026,Reversal,"1,817.12",0.00,"28,962.42"
ID13016,24-Jan-2026,Charge,0.00,277.49,"5,500.46"
ID13016,27-Jan-2026,Debit Card,0.00,193.91,"11,733.86"
ID13016,15-Feb-2026,Debit Card,0.00,247.12,"4,625.99"
ID13016,09-Feb-2026,Direct Deposit,"4,537.43",0.00,"2,228.75"
ID13016,12-Mar-2026,Direct Deposit,"3,833.36",0.00,"79,343.64"
ID13016,01-Apr-2026,Debit Card,0.00,471.94,"69,306.50"
ID13016,25-Mar-2026,Debit Card,0.00,430.93,"74,139.56"
ID13016,28-Mar-2026,Direct Deposit,619.87,0.00,"71,361.93"
ID13016,29-Jan-2026,Direct Deposit,"1,399.10",0.00,"89,830.15"
ID13016,07-Feb-2026,Direct Deposit,772.82,0.00,"3,244.66"
ID13016,21-Mar-2026,Direct Deposit,"4,009.08",0.00,"25,263.71"
ID13016,14-Mar-2026,Reversal,0.00,479.38,"67,647.52"
ID13016,13-Mar-2026,Direct Deposit,905.90,0.00,"74,832.06"
ID13016,21-Jan-2026,Direct Deposit,"4,608.92",0.00,"51,664.52"
ID13016,12-Feb-2026,Charge,0.00,609.17,"42,221.12"
ID13016,09-Mar-2026,Direct Deposit,"4,092.85",0.00,"7,295.64"
ID13016,23-Mar-2026,Direct Deposit,"3,417.21",0.00,"44,228.49"
ID13016,12-Feb-2026,Direct Deposit,"2,211.18",0.00,"33,398.13"
ID13017,27-Jan-2026,Debit Card,0.00,487.52,"64,865.02"
ID13017,24-Jan-2026,Direct Deposit,"4,376.67",0.00,"88,051.15"
ID13017,10-Feb-2026,Transfer,0.00,97.72,"68,726.30"
ID13017,15-Mar-2026,Debit Card,0.00,536.86,"86,594.17"
ID13017,22-Jan-2026,Charge,0.00,67.13,"8,171.07"
ID13017,28-Mar-2026,Charge,0.00,649.11,"17,854.62"
ID13017,23-Mar-2026,Charge,0.00,928.71,"66,862.14"
ID13017,26-Feb-2026,Interest,133.67,0.00,"73,583.21"
ID13017,31-Jan-2026,Debit Card,0.00,257.78,"74,136.35"
ID13017,14-Mar-2026,Payment,149.36,0.00,"59,301.38"
ID13017,15-Jan-2026,Charge,0.00,725.69,"1,944.09"
ID13017,24-Mar-2026,Charge,0.00,595.97,"73,605.15"
ID13017,04-Jan-2026,Interest,172.82,0.00,"79,145.15"
ID13017,28-Feb-2026,Debit Card,0.00,128.88,"85,646.00"
ID13017,26-Jan-2026,Reversal,568.49,0.00,"26,789.34"
ID13017,07-Feb-2026,Reversal,0.00,886.10,"37,652.19"
ID13017,17-Feb-2026,Reversal,344.26,0.00,"38,084.31"
ID13017,07-Mar-2026,Transfer,0.00,997.96,"12,476.68"
ID13017,11-Mar-2026,Debit Card,0.00,193.68,"97,228.45"
ID13017,12-Mar-2026,Debit Card,0.00,529.00,"22,425.93"
ID13018,06-Jan-2026,Reversal,0.00,777.03,"23,948.26"
ID13018,20-Feb-2026,Debit Card,0.00,149.67,"78,998.74"
ID13018,13-Jan-2026,Transfer,924.60,0.00,"33,328.91"
ID13018,30-Jan-2026,Charge,0.00,810.05,"30,713.11"
ID13018,31-Jan-2026,Charge,0.00,846.61,"34,442.39"
ID13018,12-Mar-2026,Debit Card,0.00,363.58,"10,574.70"
ID13018,26-Mar-2026,Interest,323.33,0.00,"71,394.20"
ID13018,02-Feb-2026,Direct Deposit,"3,956.34",0.00,"39,989.94"
ID13018,30-Mar-2026,Interest,448.53,0.00,"50,185.37"
ID13018,31-Mar-2026,Payment,"1,388.78",0.00,"58,711.21"
ID13018,14-Feb-2026,Direct Deposit,707.20,0.00,"37,356.21"
ID13018,07-Feb-2026,Interest,277.67,0.00,"63,070.95"
ID13018,18-Feb-2026,Payment,0.00,460.43,"5,643.98"
ID13018,11-Feb-2026,Debit Card,0.00,631.69,"31,767.24"
ID13018,07-Jan-2026,Payment,"1,785.09",0.00,"52,966.10"
ID13018,03-Jan-2026,Direct Deposit,"1,218.45",0.00,"98,192.18"
ID13018,05-Jan-2026,Reversal,0.00,981.72,"21,854.68"
ID13018,18-Feb-2026,Transfer,"1,950.11",0.00,"82,974.32"
ID13018,29-Jan-2026,Charge,0.00,569.16,"69,462.18"
ID13018,31-Mar-2026,Charge,0.00,31.87,"90,957.74"
ID13019,06-Mar-2026,Transfer,0.00,685.75,"64,163.05"
ID13019,11-Jan-2026,Payment,0.00,"1,371.04","44,474.16"
ID13019,21-Feb-2026,Charge,0.00,941.80,"38,452.34"
ID13019,04-Mar-2026,Debit Card,0.00,940.00,"56,231.72"
ID13019,22-Mar-2026,Reversal,266.08,0.00,"68,062.69"
ID13019,17-Jan-2026,Payment,0.00,"1,185.69","91,739.90"
ID13019,01-Apr-2026,ATM Withdrawal,0.00,295.68,"53,813.35"
ID13019,16-Feb-2026,Interest,414.68,0.00,"24,222.25"
ID13019,20-Jan-2026,Interest,190.70,0.00,"18,210.18"
ID13019,23-Jan-2026,Payment,0.00,"1,356.84","3,752.51"
ID13019,20-Mar-2026,Reversal,"1,585.02",0.00,"44,657.32"
ID13019,21-Feb-2026,Debit Card,0.00,456.36,"93,955.62"
ID13019,02-Mar-2026,Payment,0.00,179.96,"86,640.79"
ID13019,14-Feb-2026,Payment,0.00,"1,014.02","23,385.11"
ID13019,02-Apr-2026,Charge,0.00,492.44,"61,133.11"
ID13019,14-Mar-2026,Payment,0.00,"1,448.48","98,980.36"
ID13019,11-Mar-2026,ATM Withdrawal,0.00,505.08,"95,920.66"
ID13019,26-Mar-2026,ATM Withdrawal,0.00,70.04,"9,609.34"
ID13019,18-Feb-2026,Debit Card,0.00,951.70,"47,216.61"
ID13019,05-Feb-2026,Interest,393.16,0.00,"63,882.80"
ID13020,03-Jan-2026,Direct Deposit,"1,032.15",0.00,"16,931.77"
ID13020,18-Jan-2026,Interest,265.76,0.00,"42,685.97"
ID13020,04-Feb-2026,Direct Deposit,"4,218.04",0.00,"51,342.71"
ID13020,25-Jan-2026,ATM Withdrawal,0.00,475.06,"14,992.65"
ID13020,25-Feb-2026,Charge,0.00,128.58,"28,189.60"
ID13020,18-Jan-2026,Reversal,"1,564.39",0.00,"25,354.78"
ID13020,09-Mar-2026,Direct Deposit,"4,618.58",0.00,"87,253.38"
ID13020,04-Mar-2026,ATM Withdrawal,0.00,101.94,"43,468.33"
ID13020,01-Feb-2026,ATM Withdrawal,0.00,528.93,"69,791.69"
ID13020,16-Jan-2026,Direct Deposit,"1,975.55",0.00,"66,094.96"
ID13020,28-Jan-2026,Debit Card,0.00,612.73,"90,748.51"
ID13020,01-Apr-2026,Direct Deposit,"3,896.57",0.00,"60,473.03"
ID13020,17-Feb-2026,ATM Withdrawal,0.00,952.03,"27,575.10"
ID13020,18-Mar-2026,Payment,"1,910.47",0.00,"46,884.70"
ID13020,20-Feb-2026,Reversal,"1,005.21",0.00,"26,251.62"
ID13020,06-Feb-2026,Transfer,729.10,0.00,"66,372.73"
ID13020,05-Feb-2026,Payment,"1,612.70",0.00,"7,931.53"
ID13020,08-Jan-2026,Payment,"1,701.44",0.00,"47,997.43"
ID13020,21-Jan-2026,Interest,355.30,0.00,"96,960.03"
ID13020,11-Mar-2026,Direct Deposit,"1,872.52",0.00,"17,612.10"
ID13021,01-Apr-2026,Reversal,"1,011.11",0.00,"54,832.63"
ID13021,23-Jan-2026,Transfer,556.73,0.00,"21,693.71"
ID13021,16-Jan-2026,Charge,0.00,948.57,"92,746.92"
ID13021,02-Apr-2026,Direct Deposit,"1,413.23",0.00,"50,432.41"
ID13021,26-Feb-2026,Transfer,"1,585.65",0.00,"80,852.48"
ID13021,22-Jan-2026,Transfer,0.00,397.98,"61,081.51"
ID13021,21-Jan-2026,Interest,59.73,0.00,"57,382.58"
ID13021,04-Feb-2026,Debit Card,0.00,779.57,"50,325.44"
ID13021,05-Jan-2026,Debit Card,0.00,242.90,"5,486.26"
ID13021,09-Mar-2026,Transfer,0.00,790.70,"3,862.51"
ID13021,12-Jan-2026,ATM Withdrawal,0.00,551.61,"8,375.35"
ID13021,27-Jan-2026,Transfer,0.00,596.88,"6,359.07"
ID13021,27-Jan-2026,Payment,0.00,806.47,"46,307.11"
ID13021,07-Feb-2026,Debit Card,0.00,67.97,"25,729.82"
ID13021,19-Jan-2026,Debit Card,0.00,225.89,"54,741.24"
ID13021,19-Feb-2026,ATM Withdrawal,0.00,875.09,"25,354.71"
ID13021,22-Jan-2026,Interest,343.57,0.00,"87,938.11"
ID13021,08-Jan-2026,Reversal,785.76,0.00,"79,755.94"
ID13021,12-Jan-2026,Interest,72.95,0.00,"94,402.26"
ID13021,03-Jan-2026,Interest,307.55,0.00,"59,884.89"
ID13022,28-Feb-2026,Charge,0.00,660.50,"67,983.00"
ID13022,07-Jan-2026,Reversal,0.00,952.04,"98,029.84"
ID13022,17-Mar-2026,Charge,0.00,431.59,"92,147.39"
ID13022,27-Mar-2026,Charge,0.00,865.72,"89,355.27"
ID13022,23-Mar-2026,Reversal,0.00,655.10,"81,757.68"
ID13022,11-Mar-2026,ATM Withdrawal,0.00,117.74,"17,874.18"
ID13022,14-Feb-2026,Reversal,0.00,359.28,"1,788.25"
ID13022,27-Mar-2026,Debit Card,0.00,482.51,"2,278.90"
ID13022,04-Jan-2026,ATM Withdrawal,0.00,380.82,"6,506.17"
ID13022,31-Mar-2026,Charge,0.00,443.79,"59,344.85"
ID13022,19-Mar-2026,Reversal,0.00,"1,402.57","94,534.70"
ID13022,10-Mar-2026,Interest,94.50,0.00,"47,547.45"
ID13022,07-Jan-2026,Direct Deposit,"4,964.78",0.00,"42,421.28"
ID13022,05-Mar-2026,Direct Deposit,"4,931.93",0.00,"22,642.32"
ID13022,24-Mar-2026,Payment,0.00,156.45,"4,143.57"
ID13022,18-Jan-2026,Debit Card,0.00,201.13,"28,721.36"
ID13022,05-Feb-2026,Charge,0.00,62.81,"25,667.71"
ID13022,18-Jan-2026,Charge,0.00,632.67,"89,642.33"
ID13022,16-Feb-2026,Direct Deposit,"2,833.00",0.00,"68,503.45"
ID13022,22-Jan-2026,Transfer,"1,672.51",0.00,"98,794.44"
ID13023,14-Mar-2026,Transfer,937.17,0.00,"70,465.80"
ID13023,11-Jan-2026,Interest,158.16,0.00,"26,238.20"
ID13023,28-Mar-2026,Reversal,0.00,"1,062.67","43,198.71"
ID13023,25-Jan-2026,Debit Card,0.00,638.80,"8,344.09"
ID13023,26-Jan-2026,Debit Card,0.00,875.62,"87,434.84"
ID13023,10-Jan-2026,Debit Card,0.00,298.53,"53,194.00"
ID13023,15-Mar-2026,Reversal,0.00,731.15,"21,091.98"
ID13023,30-Jan-2026,Transfer,0.00,"1,426.80","50,501.91"
ID13023,02-Mar-2026,Debit Card,0.00,821.86,"61,802.28"
ID13023,28-Jan-2026,Debit Card,0.00,239.42,"20,464.02"
ID13023,18-Feb-2026,Transfer,743.01,0.00,"74,552.82"
ID13023,11-Feb-2026,Direct Deposit,"1,537.50",0.00,"59,412.35"
ID13023,04-Feb-2026,Reversal,0.00,888.44,"14,744.03"
ID13023,27-Jan-2026,Transfer,0.00,"1,135.86","11,139.34"
ID13023,19-Mar-2026,Payment,555.55,0.00,"98,932.83"
ID13023,30-Jan-2026,Payment,583.70,0.00,"72,032.52"
ID13023,27-Mar-2026,Charge,0.00,808.61,"25,091.22"
ID13023,20-Mar-2026,Debit Card,0.00,784.51,"53,930.29"
ID13023,27-Feb-2026,Reversal,"1,482.68",0.00,"55,600.23"
ID13023,07-Feb-2026,Reversal,0.00,679.51,"90,169.50"
ID13024,17-Feb-2026,Debit Card,0.00,560.49,"90,573.66"
ID13024,16-Feb-2026,Direct Deposit,"2,352.63",0.00,"73,123.84"
ID13024,23-Jan-2026,Transfer,0.00,"1,455.60","80,480.96"
ID13024,28-Feb-2026,ATM Withdrawal,0.00,435.79,"27,384.61"
ID13024,15-Feb-2026,Interest,245.75,0.00,"67,433.28"
ID13024,14-Mar-2026,Payment,0.00,655.26,"58,167.94"
ID13024,01-Apr-2026,Direct Deposit,"4,255.79",0.00,"98,853.34"
ID13024,26-Mar-2026,Transfer,492.14,0.00,"82,882.37"
ID13024,07-Mar-2026,Payment,0.00,"1,127.50","12,372.73"
ID13024,17-Feb-2026,Direct Deposit,"3,179.68",0.00,"51,550.50"
ID13024,09-Feb-2026,Payment,"1,122.78",0.00,"31,123.74"
ID13024,30-Jan-2026,Charge,0.00,610.27,"81,291.23"
ID13024,12-Feb-2026,Direct Deposit,"1,002.18",0.00,"88,672.20"
ID13024,15-Feb-2026,Charge,0.00,824.62,"35,383.22"
ID13024,01-Mar-2026,Interest,11.91,0.00,"82,317.96"
ID13024,22-Feb-2026,Transfer,"1,202.13",0.00,"92,776.35"
ID13024,15-Mar-2026,Payment,0.00,"1,164.04","65,253.49"
ID13024,03-Jan-2026,Transfer,0.00,366.42,"77,182.70"
ID13024,03-Mar-2026,ATM Withdrawal,0.00,484.49,"68,855.43"
ID13024,07-Mar-2026,Payment,0.00,803.19,"13,772.26"
ID13025,27-Jan-2026,Payment,0.00,725.42,"87,265.83"
ID13025,04-Jan-2026,ATM Withdrawal,0.00,503.22,"30,070.04"
ID13025,19-Jan-2026,ATM Withdrawal,0.00,532.27,"12,584.45"
ID13025,08-Jan-2026,Transfer,334.31,0.00,"60,584.85"
ID13025,03-Mar-2026,ATM Withdrawal,0.00,260.47,"26,360.82"
ID13025,25-Jan-2026,Charge,0.00,242.99,"82,025.32"
ID13025,27-Mar-2026,Charge,0.00,822.07,"81,820.28"
ID13025,04-Jan-2026,Direct Deposit,"1,112.75",0.00,"72,361.18"
ID13025,06-Jan-2026,Debit Card,0.00,863.49,"85,921.67"
ID13025,17-Mar-2026,Direct Deposit,"2,480.09",0.00,"90,022.23"
ID13025,17-Jan-2026,Reversal,0.00,988.63,"44,070.28"
ID13025,04-Mar-2026,Interest,45.47,0.00,"15,437.26"
ID13025,04-Jan-2026,Charge,0.00,886.41,"80,112.19"
ID13025,08-Mar-2026,Reversal,587.46,0.00,"31,615.15"
ID13025,20-Feb-2026,ATM Withdrawal,0.00,741.25,"16,112.96"
ID13025,28-Jan-2026,Transfer,139.32,0.00,"81,496.71"
ID13025,04-Feb-2026,ATM Withdrawal,0.00,931.44,"71,062.31"
ID13025,27-Feb-2026,ATM Withdrawal,0.00,668.66,"47,030.67"
ID13025,23-Jan-2026,Debit Card,0.00,229.40,"96,321.63"
ID13025,16-Mar-2026,Interest,472.62,0.00,"82,396.90"
ID13026,11-Mar-2026,Payment,0.00,"1,247.12","8,854.84"
ID13026,30-Mar-2026,Debit Card,0.00,141.91,"1,580.47"
ID13026,09-Jan-2026,Interest,237.51,0.00,"19,913.17"
ID13026,19-Feb-2026,ATM Withdrawal,0.00,851.63,"50,252.85"
ID13026,16-Mar-2026,Interest,490.57,0.00,"38,714.16"
ID13026,24-Mar-2026,ATM Withdrawal,0.00,194.25,"45,136.60"
ID13026,07-Jan-2026,Charge,0.00,527.47,"35,522.62"
ID13026,10-Jan-2026,Reversal,0.00,"1,221.33","33,162.65"
ID13026,01-Apr-2026,Charge,0.00,99.57,"7,159.41"
ID13026,17-Feb-2026,Interest,80.91,0.00,"39,553.51"
ID13026,11-Jan-2026,Reversal,0.00,"1,091.16","72,947.49"
ID13026,05-Jan-2026,Charge,0.00,375.26,"21,317.15"
ID13026,04-Jan-2026,Transfer,"1,423.84",0.00,"79,545.04"
ID13026,28-Jan-2026,Reversal,431.50,0.00,"95,165.71"
ID13026,13-Jan-2026,ATM Withdrawal,0.00,330.66,"50,820.84"
ID13026,05-Feb-2026,Direct Deposit,"3,068.38",0.00,"26,225.35"
ID13026,02-Mar-2026,Payment,"1,368.76",0.00,"73,123.33"
ID13026,07-Mar-2026,Reversal,389.29,0.00,"26,352.84"
ID13026,02-Feb-2026,Interest,223.82,0.00,"22,691.31"
ID13026,26-Mar-2026,Transfer,0.00,"1,130.38","66,882.53"
ID13027,03-Apr-2026,Charge,0.00,782.58,"44,223.36"
ID13027,02-Feb-2026,Charge,0.00,432.98,"52,831.28"
ID13027,04-Feb-2026,Transfer,585.93,0.00,"60,507.52"
ID13027,19-Jan-2026,Transfer,"1,766.28",0.00,"42,332.37"
ID13027,25-Feb-2026,Payment,"1,974.17",0.00,"13,896.29"
ID13027,13-Mar-2026,Charge,0.00,230.05,"71,915.88"
ID13027,23-Feb-2026,Debit Card,0.00,750.97,"23,383.18"
ID13027,14-Feb-2026,Charge,0.00,525.40,"25,185.60"
ID13027,14-Feb-2026,ATM Withdrawal,0.00,265.25,"92,964.03"
ID13027,12-Jan-2026,Interest,407.48,0.00,"69,013.55"
ID13027,04-Feb-2026,Charge,0.00,890.53,"86,652.99"
ID13027,22-Feb-2026,Payment,0.00,"1,214.97","81,347.79"
ID13027,19-Jan-2026,Charge,0.00,980.70,"93,912.85"
ID13027,23-Mar-2026,Transfer,0.00,335.77,"21,332.47"
ID13027,21-Mar-2026,ATM Withdrawal,0.00,831.61,"22,330.63"
ID13027,15-Jan-2026,Payment,306.75,0.00,"86,193.87"
ID13027,13-Mar-2026,Interest,149.97,0.00,"41,460.10"
ID13027,04-Jan-2026,Payment,0.00,"1,097.67","31,044.02"
ID13027,07-Jan-2026,Transfer,447.52,0.00,"11,811.49"
ID13027,17-Mar-2026,Interest,133.74,0.00,"99,001.85"
ID13028,26-Mar-2026,Charge,0.00,369.12,"76,711.15"
ID13028,01-Mar-2026,Reversal,956.72,0.00,"15,456.33"
ID13028,02-Apr-2026,ATM Withdrawal,0.00,511.41,"89,178.30"
ID13028,05-Jan-2026,Reversal,"1,024.70",0.00,"94,936.56"
ID13028,20-Mar-2026,Payment,0.00,"1,361.50","4,447.80"
ID13028,01-Mar-2026,Charge,0.00,867.97,"36,661.07"
ID13028,23-Feb-2026,Interest,253.01,0.00,"50,666.56"
ID13028,10-Mar-2026,Payment,0.00,765.05,"4,114.33"
ID13028,27-Jan-2026,ATM Withdrawal,0.00,820.08,"39,062.84"
ID13028,08-Jan-2026,Charge,0.00,356.76,"51,023.87"
ID13028,02-Apr-2026,Direct Deposit,"3,612.50",0.00,"26,101.51"
ID13028,04-Mar-2026,ATM Withdrawal,0.00,673.40,"78,729.57"
ID13028,19-Feb-2026,Interest,474.10,0.00,"39,422.61"
ID13028,17-Mar-2026,Direct Deposit,"3,062.98",0.00,"75,168.93"
ID13028,10-Mar-2026,Charge,0.00,912.48,"75,903.19"
ID13028,02-Apr-2026,Transfer,0.00,"1,318.10","4,567.69"
ID13028,24-Feb-2026,Charge,0.00,966.22,"56,241.81"
ID13028,13-Feb-2026,Transfer,0.00,309.97,"37,421.70"
ID13028,07-Jan-2026,Direct Deposit,"4,129.31",0.00,"4,550.15"
ID13028,12-Jan-2026,ATM Withdrawal,0.00,662.01,"32,414.07"
ID13029,10-Jan-2026,ATM Withdrawal,0.00,899.58,"12,368.62"
ID13029,06-Jan-2026,Direct Deposit,"4,231.56",0.00,"52,873.54"
ID13029,07-Jan-2026,Direct Deposit,"2,400.23",0.00,"86,098.35"
ID13029,03-Mar-2026,Interest,92.29,0.00,"60,737.88"
ID13029,06-Feb-2026,Reversal,0.00,961.11,"60,391.21"
ID13029,31-Jan-2026,Reversal,"1,625.77",0.00,"7,339.29"
ID13029,16-Mar-2026,Charge,0.00,668.58,"7,508.78"
ID13029,11-Jan-2026,Payment,0.00,762.44,"36,111.29"
ID13029,03-Jan-2026,Debit Card,0.00,859.80,"3,045.41"
ID13029,06-Jan-2026,Debit Card,0.00,942.85,"6,922.88"
ID13029,31-Jan-2026,Debit Card,0.00,107.58,"66,347.18"
ID13029,04-Mar-2026,Charge,0.00,490.00,"83,379.12"
ID13029,25-Mar-2026,Reversal,0.00,648.05,"59,161.02"
ID13029,03-Apr-2026,Debit Card,0.00,628.96,"75,699.24"
ID13029,28-Feb-2026,ATM Withdrawal,0.00,30.30,"59,162.16"
ID13029,16-Jan-2026,Reversal,815.53,0.00,"8,599.16"
ID13029,16-Jan-2026,Direct Deposit,"2,230.85",0.00,"79,102.65"
ID13029,27-Jan-2026,Direct Deposit,"2,508.18",0.00,"72,507.14"
ID13029,22-Jan-2026,Interest,393.59,0.00,"70,746.76"
ID13029,07-Mar-2026,Transfer,0.00,"1,232.24","29,074.70"
ID13030,01-Feb-2026,Payment,0.00,559.89,"2,163.90"
ID13030,02-Feb-2026,Payment,"1,157.96",0.00,"29,311.94"
ID13030,01-Mar-2026,ATM Withdrawal,0.00,324.08,"62,146.63"
ID13030,20-Jan-2026,Charge,0.00,809.66,"56,489.33"
ID13030,26-Jan-2026,ATM Withdrawal,0.00,654.62,"21,684.15"
ID13030,20-Jan-2026,Interest,239.34,0.00,"18,857.42"
ID13030,02-Apr-2026,Reversal,195.79,0.00,"35,758.49"
ID13030,06-Feb-2026,Direct Deposit,"1,170.14",0.00,"24,613.95"
ID13030,31-Mar-2026,Reversal,"1,721.27",0.00,"87,537.32"
ID13030,22-Jan-2026,Direct Deposit,"4,123.14",0.00,"64,095.29"
ID13030,14-Jan-2026,Charge,0.00,191.97,"9,767.58"
ID13030,11-Mar-2026,Direct Deposit,"4,322.36",0.00,"31,730.18"
ID13030,08-Jan-2026,Payment,"1,923.72",0.00,"15,507.93"
ID13030,23-Mar-2026,Direct Deposit,"4,650.76",0.00,"85,304.72"
ID13030,14-Mar-2026,Debit Card,0.00,776.54,"68,029.55"
ID13030,01-Feb-2026,Direct Deposit,"4,005.26",0.00,"66,977.71"
ID13030,12-Jan-2026,Charge,0.00,769.68,"27,316.47"
ID13030,06-Jan-2026,Transfer,805.85,0.00,"66,799.44"
ID13030,14-Jan-2026,Payment,0.00,418.92,"55,823.82"
ID13030,07-Feb-2026,Direct Deposit,"1,441.45",0.00,"52,772.86"
ID13031,12-Feb-2026,Charge,0.00,476.87,"80,972.16"
ID13031,23-Jan-2026,Charge,0.00,383.79,"83,450.79"
ID13031,18-Feb-2026,Transfer,0.00,63.96,"25,617.13"
ID13031,31-Mar-2026,Debit Card,0.00,928.42,"48,850.28"
ID13031,10-Feb-2026,Direct Deposit,"3,149.56",0.00,"61,255.09"
ID13031,06-Mar-2026,Charge,0.00,673.41,"79,286.72"
ID13031,17-Feb-2026,Reversal,0.00,"1,099.17","55,125.29"
ID13031,01-Mar-2026,Interest,40.74,0.00,"62,818.74"
ID13031,24-Jan-2026,Direct Deposit,"3,275.60",0.00,"80,794.21"
ID13031,21-Jan-2026,Debit Card,0.00,25.62,"18,837.68"
ID13031,13-Mar-2026,Interest,28.51,0.00,"39,875.20"
ID13031,31-Mar-2026,Payment,0.00,"1,268.12","58,804.25"
ID13031,24-Jan-2026,Reversal,0.00,699.28,"76,263.13"
ID13031,28-Feb-2026,Transfer,"1,658.01",0.00,"77,211.06"
ID13031,06-Jan-2026,ATM Withdrawal,0.00,982.13,"86,886.13"
ID13031,29-Jan-2026,Transfer,"1,179.56",0.00,"66,960.05"
ID13031,24-Mar-2026,Reversal,"1,604.18",0.00,"11,022.00"
ID13031,04-Feb-2026,Interest,431.77,0.00,"33,400.12"
ID13031,04-Feb-2026,Direct Deposit,"4,391.78",0.00,"96,628.75"
ID13031,30-Mar-2026,Charge,0.00,282.16,"13,589.15"
ID13032,16-Jan-2026,Reversal,0.00,"1,488.19","95,452.72"
ID13032,13-Jan-2026,Interest,435.16,0.00,"83,611.75"
ID13032,03-Jan-2026,ATM Withdrawal,0.00,694.55,"9,337.58"
ID13032,17-Feb-2026,Transfer,"1,587.72",0.00,"52,716.93"
ID13032,23-Jan-2026,Charge,0.00,77.49,"81,864.35"
ID13032,21-Mar-2026,ATM Withdrawal,0.00,886.94,"40,576.67"
ID13032,29-Mar-2026,Charge,0.00,792.91,"67,727.50"
ID13032,22-Jan-2026,Charge,0.00,876.87,"25,276.71"
ID13032,03-Apr-2026,Interest,340.43,0.00,"25,396.03"
ID13032,25-Mar-2026,Transfer,171.19,0.00,"57,990.61"
ID13032,24-Feb-2026,Debit Card,0.00,640.36,"43,889.96"
ID13032,16-Mar-2026,Debit Card,0.00,503.41,"92,677.38"
ID13032,25-Jan-2026,Direct Deposit,515.23,0.00,"83,693.64"
ID13032,14-Feb-2026,Direct Deposit,644.09,0.00,"94,877.64"
ID13032,01-Mar-2026,Transfer,"1,538.47",0.00,"30,594.06"
ID13032,24-Feb-2026,Interest,404.93,0.00,"3,919.89"
ID13032,14-Jan-2026,ATM Withdrawal,0.00,649.71,"87,347.07"
ID13032,27-Feb-2026,Transfer,"1,588.44",0.00,"65,411.47"
ID13032,14-Jan-2026,Debit Card,0.00,96.57,"3,764.09"
ID13032,15-Feb-2026,Transfer,126.00,0.00,"43,936.26"
ID13033,04-Feb-2026,Payment,"1,324.28",0.00,"6,299.65"
ID13033,20-Feb-2026,Interest,136.01,0.00,"11,667.74"
ID13033,09-Feb-2026,Interest,493.19,0.00,"93,004.92"
ID13033,12-Jan-2026,Reversal,0.00,195.28,"22,409.11"
ID13033,31-Mar-2026,Transfer,0.00,588.12,"29,819.32"
ID13033,03-Jan-2026,Charge,0.00,921.77,"1,746.29"
ID13033,16-Mar-2026,Transfer,0.00,360.02,"40,303.59"
ID13033,08-Feb-2026,Direct Deposit,"1,144.02",0.00,"76,810.75"
ID13033,16-Feb-2026,Reversal,124.96,0.00,"1,270.20"
ID13033,11-Feb-2026,Interest,66.36,0.00,"91,007.64"
ID13033,04-Jan-2026,Debit Card,0.00,598.77,"40,429.10"
ID13033,18-Mar-2026,Reversal,0.00,696.20,"22,257.33"
ID13033,06-Feb-2026,Debit Card,0.00,736.60,"55,044.76"
ID13033,21-Feb-2026,ATM Withdrawal,0.00,914.93,"60,788.67"
ID13033,14-Feb-2026,Direct Deposit,"1,708.16",0.00,"4,653.82"
ID13033,03-Jan-2026,ATM Withdrawal,0.00,654.46,"32,154.98"
ID13033,17-Jan-2026,Transfer,"1,520.99",0.00,"92,691.85"
ID13033,07-Jan-2026,Charge,0.00,223.06,"36,456.86"
ID13033,12-Jan-2026,Reversal,"1,845.92",0.00,"4,645.53"
ID13033,26-Feb-2026,Transfer,0.00,183.80,"40,995.10"
ID13034,15-Jan-2026,ATM Withdrawal,0.00,770.16,"68,088.60"
ID13034,10-Feb-2026,Payment,745.78,0.00,"76,370.68"
ID13034,17-Jan-2026,Charge,0.00,203.59,"82,337.60"
ID13034,30-Mar-2026,Charge,0.00,294.11,"69,465.75"
ID13034,02-Mar-2026,ATM Withdrawal,0.00,441.13,"93,025.17"
ID13034,21-Mar-2026,Payment,0.00,188.04,"57,769.01"
ID13034,22-Jan-2026,ATM Withdrawal,0.00,530.36,"19,654.11"
ID13034,27-Jan-2026,Reversal,503.43,0.00,"37,575.98"
ID13034,15-Feb-2026,ATM Withdrawal,0.00,738.24,"86,675.76"
ID13034,11-Jan-2026,Reversal,0.00,"1,292.06","74,614.20"
ID13034,07-Feb-2026,Payment,0.00,300.79,"15,686.76"
ID13034,04-Jan-2026,Debit Card,0.00,917.98,"11,442.39"
ID13034,30-Jan-2026,ATM Withdrawal,0.00,449.18,"28,302.31"
ID13034,20-Feb-2026,Reversal,"1,961.71",0.00,"75,749.06"
ID13034,05-Jan-2026,Direct Deposit,654.03,0.00,"22,815.34"
ID13034,30-Jan-2026,Charge,0.00,199.58,"88,609.47"
ID13034,17-Feb-2026,Transfer,0.00,"1,019.35","16,281.06"
ID13034,16-Feb-2026,Debit Card,0.00,874.82,"21,771.38"
ID13034,06-Feb-2026,Interest,444.22,0.00,"50,004.10"
ID13034,27-Mar-2026,Direct Deposit,"4,400.55",0.00,"62,224.79"
ID13035,30-Mar-2026,Payment,"1,734.22",0.00,"89,595.34"
ID13035,11-Jan-2026,Charge,0.00,585.70,"12,078.55"
ID13035,21-Jan-2026,Reversal,"1,386.42",0.00,"1,492.55"
ID13035,13-Feb-2026,Direct Deposit,"3,384.02",0.00,"18,483.73"
ID13035,02-Apr-2026,Debit Card,0.00,222.15,"39,356.82"
ID13035,21-Mar-2026,Transfer,"1,697.58",0.00,"91,627.99"
ID13035,06-Jan-2026,Charge,0.00,332.24,"37,880.99"
ID13035,02-Mar-2026,ATM Withdrawal,0.00,638.03,"35,975.21"
ID13035,14-Jan-2026,Transfer,0.00,"1,135.11","40,556.52"
ID13035,27-Mar-2026,ATM Withdrawal,0.00,747.89,"80,090.25"
ID13035,01-Mar-2026,Debit Card,0.00,550.49,"27,869.40"
ID13035,20-Jan-2026,Reversal,0.00,665.89,"75,163.43"
ID13035,16-Mar-2026,Reversal,0.00,218.39,"96,893.66"
ID13035,08-Mar-2026,Interest,460.62,0.00,"72,460.19"
ID13035,17-Mar-2026,ATM Withdrawal,0.00,760.60,"4,716.62"
ID13035,05-Mar-2026,Debit Card,0.00,302.12,"36,812.51"
ID13035,09-Mar-2026,Payment,0.00,449.56,"75,899.23"
ID13035,03-Apr-2026,Transfer,0.00,"1,225.34","20,142.18"
ID13035,30-Mar-2026,Direct Deposit,"2,099.15",0.00,"83,363.45"
ID13035,07-Mar-2026,ATM Withdrawal,0.00,486.10,"44,991.26"
ID13036,19-Jan-2026,Transfer,"1,706.04",0.00,"94,585.71"
ID13036,23-Mar-2026,Payment,"1,297.59",0.00,"65,807.88"
ID13036,20-Mar-2026,Charge,0.00,630.76,"13,893.13"
ID13036,10-Mar-2026,Direct Deposit,"1,272.05",0.00,"38,991.08"
ID13036,05-Jan-2026,Interest,461.89,0.00,"51,873.87"
ID13036,09-Feb-2026,Transfer,0.00,868.72,"3,331.74"
ID13036,22-Jan-2026,Debit Card,0.00,854.27,"18,070.43"
ID13036,16-Feb-2026,Transfer,"1,730.30",0.00,"70,614.20"
ID13036,31-Mar-2026,Transfer,0.00,"1,472.57","42,722.36"
ID13036,26-Feb-2026,Transfer,0.00,947.77,"70,475.93"
ID13036,14-Feb-2026,Direct Deposit,"4,632.59",0.00,"67,235.56"
ID13036,09-Feb-2026,Reversal,0.00,847.34,"59,922.18"
ID13036,10-Jan-2026,Charge,0.00,145.11,"44,071.13"
ID13036,21-Feb-2026,Reversal,0.00,930.01,"80,361.04"
ID13036,05-Jan-2026,Charge,0.00,758.51,"87,444.43"
ID13036,07-Jan-2026,Payment,"1,653.38",0.00,"27,786.17"
ID13036,20-Feb-2026,Debit Card,0.00,699.59,"63,737.29"
ID13036,13-Jan-2026,ATM Withdrawal,0.00,79.57,"27,420.50"
ID13036,29-Mar-2026,Interest,206.50,0.00,"68,839.42"
ID13036,25-Feb-2026,Debit Card,0.00,241.85,"87,200.45"
ID13037,05-Jan-2026,Transfer,0.00,"1,122.10","83,517.32"
ID13037,26-Feb-2026,ATM Withdrawal,0.00,929.23,"60,527.41"
ID13037,03-Mar-2026,Debit Card,0.00,521.43,"85,447.68"
ID13037,24-Mar-2026,Direct Deposit,"3,178.34",0.00,"1,300.94"
ID13037,05-Jan-2026,Charge,0.00,359.00,"53,514.82"
ID13037,12-Jan-2026,Payment,655.26,0.00,"85,623.50"
ID13037,05-Mar-2026,Direct Deposit,"4,937.79",0.00,"67,813.16"
ID13037,17-Mar-2026,Transfer,0.00,731.26,"74,236.72"
ID13037,12-Mar-2026,Charge,0.00,399.55,"85,141.68"
ID13037,17-Mar-2026,ATM Withdrawal,0.00,516.19,"45,885.66"
ID13037,03-Jan-2026,Charge,0.00,831.88,"32,426.90"
ID13037,28-Mar-2026,Transfer,0.00,"1,491.42","42,532.23"
ID13037,20-Feb-2026,Reversal,0.00,59.12,"65,030.83"
ID13037,23-Jan-2026,Payment,0.00,558.09,"85,372.67"
ID13037,14-Jan-2026,Direct Deposit,"3,636.28",0.00,"6,622.71"
ID13037,19-Mar-2026,Payment,0.00,686.70,"38,774.32"
ID13037,26-Mar-2026,Direct Deposit,"4,252.84",0.00,"82,120.78"
ID13037,13-Jan-2026,ATM Withdrawal,0.00,177.83,"28,301.94"
ID13037,23-Feb-2026,Reversal,"1,143.48",0.00,"79,474.68"
ID13037,01-Mar-2026,Interest,113.42,0.00,"72,936.01"
ID13038,31-Jan-2026,Reversal,"1,905.58",0.00,"81,497.98"
ID13038,26-Feb-2026,Direct Deposit,"2,848.48",0.00,"68,483.84"
ID13038,19-Feb-2026,Debit Card,0.00,882.55,"12,098.90"
ID13038,09-Jan-2026,Transfer,610.82,0.00,"30,196.85"
ID13038,03-Jan-2026,Direct Deposit,"2,977.08",0.00,"95,997.13"
ID13038,15-Jan-2026,Reversal,782.54,0.00,"39,605.55"
ID13038,02-Apr-2026,Reversal,0.00,482.95,"96,346.21"
ID13038,12-Feb-2026,Reversal,"1,850.61",0.00,"20,699.16"
ID13038,05-Jan-2026,Transfer,0.00,436.96,"64,715.27"
ID13038,24-Mar-2026,Debit Card,0.00,659.84,"59,239.82"
ID13038,06-Jan-2026,Reversal,"1,865.50",0.00,"26,075.21"
ID13038,22-Feb-2026,Reversal,0.00,545.87,"90,763.78"
ID13038,04-Jan-2026,Reversal,"1,202.41",0.00,"48,215.62"
ID13038,27-Mar-2026,Interest,404.96,0.00,"22,583.13"
ID13038,01-Apr-2026,ATM Withdrawal,0.00,58.96,"3,540.21"
ID13038,14-Feb-2026,Transfer,787.97,0.00,"5,026.95"
ID13038,08-Jan-2026,ATM Withdrawal,0.00,910.68,"78,449.53"
ID13038,20-Jan-2026,Direct Deposit,"1,974.22",0.00,"4,086.13"
ID13038,19-Mar-2026,Interest,413.12,0.00,"42,741.57"
ID13038,24-Mar-2026,Interest,436.69,0.00,"61,527.75"
ID13039,14-Mar-2026,Direct Deposit,"2,103.03",0.00,"32,553.02"
ID13039,18-Mar-2026,Transfer,258.47,0.00,"10,117.11"
ID13039,08-Mar-2026,Reversal,511.97,0.00,"95,089.64"
ID13039,11-Feb-2026,Charge,0.00,22.52,"2,331.30"
ID13039,14-Mar-2026,Payment,192.81,0.00,"76,782.56"
ID13039,24-Mar-2026,Transfer,363.78,0.00,"35,525.97"
ID13039,08-Jan-2026,Charge,0.00,780.98,"49,597.42"
ID13039,14-Feb-2026,Transfer,"1,615.45",0.00,"76,737.02"
ID13039,17-Mar-2026,Direct Deposit,"4,043.74",0.00,"3,857.01"
ID13039,01-Mar-2026,ATM Withdrawal,0.00,310.78,"24,539.04"
ID13039,12-Feb-2026,Reversal,0.00,473.97,"39,847.16"
ID13039,07-Jan-2026,Payment,0.00,"1,232.81","9,633.18"
ID13039,13-Jan-2026,Reversal,0.00,366.02,"99,073.85"
ID13039,23-Mar-2026,Interest,358.62,0.00,"29,212.62"
ID13039,30-Mar-2026,Charge,0.00,103.53,"2,432.02"
ID13039,20-Mar-2026,Interest,491.56,0.00,"11,413.73"
ID13039,16-Jan-2026,ATM Withdrawal,0.00,604.86,"14,713.87"
ID13039,26-Jan-2026,Direct Deposit,"4,637.63",0.00,"37,823.18"
ID13039,22-Jan-2026,Transfer,264.36,0.00,"20,871.54"
ID13039,27-Mar-2026,Interest,31.30,0.00,"2,666.47"
ID13040,12-Mar-2026,Interest,484.01,0.00,"48,247.95"
ID13040,14-Mar-2026,Debit Card,0.00,451.65,"16,880.29"
ID13040,18-Jan-2026,Charge,0.00,708.59,"85,353.89"
ID13040,22-Feb-2026,Transfer,0.00,"1,499.61","77,099.69"
ID13040,18-Feb-2026,Transfer,"1,692.01",0.00,"41,626.09"
ID13040,15-Mar-2026,Direct Deposit,"4,139.15",0.00,"13,196.94"
ID13040,16-Jan-2026,Charge,0.00,358.99,"20,987.53"
ID13040,11-Jan-2026,Reversal,0.00,"1,418.42","97,100.48"
ID13040,02-Mar-2026,Direct Deposit,598.50,0.00,"50,592.76"
ID13040,11-Jan-2026,Interest,357.11,0.00,"90,965.80"
ID13040,19-Jan-2026,ATM Withdrawal,0.00,433.32,"57,391.10"
ID13040,10-Feb-2026,Transfer,"1,681.50",0.00,"36,276.70"
ID13040,27-Feb-2026,Direct Deposit,"4,642.51",0.00,"83,692.21"
ID13040,04-Jan-2026,Direct Deposit,"1,230.11",0.00,"76,825.10"
ID13040,13-Mar-2026,Transfer,0.00,683.47,"19,033.94"
ID13040,14-Jan-2026,Direct Deposit,983.79,0.00,"85,588.99"
ID13040,20-Feb-2026,Debit Card,0.00,834.63,"18,432.25"
ID13040,23-Feb-2026,Direct Deposit,"4,293.01",0.00,"94,174.64"
ID13040,27-Feb-2026,Charge,0.00,913.05,"21,993.06"
ID13040,25-Mar-2026,Payment,0.00,635.86,"46,278.64"
ID13041,21-Mar-2026,Interest,227.64,0.00,"56,101.38"
ID13041,06-Mar-2026,Transfer,0.00,677.61,"59,098.24"
ID13041,25-Jan-2026,Transfer,"1,286.42",0.00,"34,027.71"
ID13041,01-Apr-2026,Interest,220.09,0.00,"15,802.15"
ID13041,23-Mar-2026,Transfer,"1,328.03",0.00,"17,150.87"
ID13041,31-Jan-2026,Charge,0.00,851.38,"35,235.28"
ID13041,16-Feb-2026,Debit Card,0.00,568.04,"23,549.57"
ID13041,10-Feb-2026,Charge,0.00,596.01,"26,946.74"
ID13041,23-Mar-2026,Payment,262.97,0.00,"70,731.71"
ID13041,12-Mar-2026,Transfer,0.00,193.67,"79,005.67"
ID13041,25-Mar-2026,ATM Withdrawal,0.00,369.94,"19,891.81"
ID13041,16-Feb-2026,Direct Deposit,"1,796.24",0.00,"86,826.59"
ID13041,28-Mar-2026,Transfer,0.00,701.94,"29,057.71"
ID13041,21-Feb-2026,ATM Withdrawal,0.00,845.08,"64,042.56"
ID13041,30-Jan-2026,Payment,0.00,851.32,"69,665.68"
ID13041,08-Mar-2026,Transfer,0.00,297.98,"46,129.06"
ID13041,26-Feb-2026,Reversal,0.00,696.03,"78,641.08"
ID13041,15-Jan-2026,ATM Withdrawal,0.00,934.03,"77,842.60"
ID13041,06-Mar-2026,Payment,"1,927.83",0.00,"77,066.20"
ID13041,17-Feb-2026,Interest,487.27,0.00,"1,290.17"
ID13042,05-Jan-2026,Payment,0.00,"1,111.82","49,411.95"
ID13042,20-Mar-2026,Transfer,0.00,213.26,"41,645.89"
ID13042,22-Jan-2026,Payment,0.00,302.78,"25,716.36"
ID13042,22-Feb-2026,Direct Deposit,"3,521.30",0.00,"39,531.66"
ID13042,21-Jan-2026,Transfer,0.00,876.66,"68,766.28"
ID13042,04-Mar-2026,Direct Deposit,"3,095.72",0.00,"73,528.83"
ID13042,23-Mar-2026,Interest,286.94,0.00,"77,707.05"
ID13042,28-Mar-2026,ATM Withdrawal,0.00,853.41,"53,319.90"
ID13042,16-Mar-2026,Interest,269.37,0.00,"50,538.68"
ID13042,07-Mar-2026,Charge,0.00,996.60,"51,464.12"
ID13042,06-Feb-2026,Direct Deposit,"2,046.89",0.00,"39,899.32"
ID13042,25-Mar-2026,Charge,0.00,427.92,"29,032.92"
ID13042,19-Mar-2026,Transfer,0.00,90.36,"2,045.79"
ID13042,05-Jan-2026,Direct Deposit,"3,864.26",0.00,"86,725.98"
ID13042,12-Feb-2026,ATM Withdrawal,0.00,799.80,"23,072.72"
ID13042,28-Jan-2026,Interest,497.53,0.00,"18,482.98"
ID13042,17-Jan-2026,Transfer,0.00,784.87,"48,286.35"
ID13042,17-Mar-2026,Interest,297.43,0.00,"37,806.32"
ID13042,14-Feb-2026,Direct Deposit,"3,949.76",0.00,"81,856.18"
ID13042,10-Mar-2026,Debit Card,0.00,512.25,"43,221.41"
ID13043,26-Jan-2026,Reversal,"1,694.17",0.00,"5,730.49"
ID13043,21-Jan-2026,Direct Deposit,"4,012.59",0.00,"93,638.02"
ID13043,12-Jan-2026,Reversal,0.00,312.36,"52,700.13"
ID13043,19-Feb-2026,Interest,492.73,0.00,"57,262.53"
ID13043,03-Feb-2026,ATM Withdrawal,0.00,31.06,"56,717.52"
ID13043,02-Apr-2026,Direct Deposit,"2,916.45",0.00,"73,006.64"
ID13043,27-Feb-2026,Interest,305.54,0.00,"22,291.34"
ID13043,08-Jan-2026,Debit Card,0.00,344.54,"66,510.40"
ID13043,02-Mar-2026,Transfer,"1,637.74",0.00,"60,107.40"
ID13043,21-Feb-2026,Interest,31.92,0.00,"89,981.16"
ID13043,27-Mar-2026,Direct Deposit,585.55,0.00,"23,913.61"
ID13043,04-Jan-2026,Interest,245.96,0.00,"10,035.63"
ID13043,18-Jan-2026,Charge,0.00,518.16,"82,976.50"
ID13043,28-Jan-2026,Payment,"1,917.01",0.00,"84,970.18"
ID13043,07-Feb-2026,ATM Withdrawal,0.00,574.67,"64,340.41"
ID13043,02-Apr-2026,Direct Deposit,"1,153.15",0.00,"2,153.05"
ID13043,01-Mar-2026,ATM Withdrawal,0.00,906.59,"99,236.21"
ID13043,09-Jan-2026,Interest,160.17,0.00,"14,475.73"
ID13043,28-Feb-2026,Direct Deposit,"3,051.94",0.00,"89,373.93"
ID13043,02-Apr-2026,Direct Deposit,"1,950.67",0.00,"10,778.20"
ID13044,26-Feb-2026,ATM Withdrawal,0.00,213.31,"70,128.86"
ID13044,14-Feb-2026,Interest,382.78,0.00,"3,396.47"
ID13044,09-Mar-2026,ATM Withdrawal,0.00,24.14,"96,033.45"
ID13044,21-Jan-2026,ATM Withdrawal,0.00,831.27,"73,610.37"
ID13044,26-Feb-2026,Interest,347.11,0.00,"61,699.58"
ID13044,03-Mar-2026,Reversal,"1,432.45",0.00,"26,778.82"
ID13044,23-Feb-2026,Charge,0.00,670.66,"44,565.53"
ID13044,16-Jan-2026,Interest,282.25,0.00,"32,195.09"
ID13044,09-Feb-2026,Payment,0.00,870.08,"11,759.24"
ID13044,26-Jan-2026,Reversal,0.00,"1,088.40","41,537.96"
ID13044,08-Jan-2026,Charge,0.00,614.27,"67,206.41"
ID13044,28-Jan-2026,Transfer,0.00,"1,374.20","15,096.82"
ID13044,10-Mar-2026,ATM Withdrawal,0.00,410.99,"34,523.72"
ID13044,03-Apr-2026,Payment,0.00,778.64,"29,757.21"
ID13044,03-Feb-2026,Reversal,"1,347.16",0.00,"96,935.12"
ID13044,15-Mar-2026,Payment,494.00,0.00,"60,891.84"
ID13044,12-Jan-2026,Direct Deposit,"4,758.82",0.00,"90,403.69"
ID13044,27-Feb-2026,Transfer,"1,050.74",0.00,"35,538.21"
ID13044,01-Mar-2026,Payment,0.00,588.37,"28,289.98"
ID13044,01-Mar-2026,Reversal,"1,174.04",0.00,"62,648.04"
ID13045,18-Feb-2026,Direct Deposit,"1,301.62",0.00,"45,442.21"
ID13045,30-Jan-2026,Debit Card,0.00,404.95,"9,181.13"
ID13045,21-Feb-2026,Payment,955.55,0.00,"46,750.76"
ID13045,13-Feb-2026,Debit Card,0.00,770.14,"42,758.40"
ID13045,02-Mar-2026,Direct Deposit,"2,963.55",0.00,"44,024.89"
ID13045,09-Mar-2026,Transfer,0.00,838.36,"33,266.19"
ID13045,06-Feb-2026,Reversal,0.00,648.23,"45,581.04"
ID13045,12-Feb-2026,Reversal,0.00,360.61,"94,935.21"
ID13045,31-Mar-2026,Debit Card,0.00,546.50,"95,132.11"
ID13045,17-Mar-2026,Charge,0.00,907.55,"62,423.65"
ID13045,03-Jan-2026,Payment,0.00,"1,167.14","31,567.80"
ID13045,17-Mar-2026,Transfer,0.00,"1,226.19","32,054.42"
ID13045,19-Jan-2026,Transfer,0.00,307.23,"31,275.10"
ID13045,05-Mar-2026,Transfer,"1,290.91",0.00,"81,781.47"
ID13045,25-Jan-2026,Direct Deposit,"1,291.28",0.00,"32,196.74"
ID13045,01-Apr-2026,Payment,0.00,577.25,"27,161.59"
ID13045,08-Feb-2026,Debit Card,0.00,152.75,"71,064.44"
ID13045,08-Jan-2026,Transfer,515.91,0.00,"42,009.59"
ID13045,08-Feb-2026,Transfer,820.64,0.00,"75,192.51"
ID13045,26-Feb-2026,ATM Withdrawal,0.00,927.17,"1,292.89"
ID13046,31-Jan-2026,ATM Withdrawal,0.00,464.93,"32,250.35"
ID13046,01-Mar-2026,Charge,0.00,128.43,"92,730.31"
ID13046,02-Mar-2026,Interest,38.75,0.00,"93,285.22"
ID13046,08-Feb-2026,Reversal,0.00,"1,225.51","40,853.99"
ID13046,14-Mar-2026,Charge,0.00,53.74,"68,578.37"
ID13046,27-Jan-2026,Direct Deposit,"3,558.89",0.00,"31,872.66"
ID13046,06-Mar-2026,Interest,227.32,0.00,"62,415.38"
ID13046,21-Jan-2026,Payment,760.11,0.00,"46,958.87"
ID13046,28-Feb-2026,Direct Deposit,"2,189.54",0.00,"93,211.59"
ID13046,02-Apr-2026,Reversal,0.00,471.92,"11,319.76"
ID13046,04-Feb-2026,Transfer,0.00,391.72,"63,690.26"
ID13046,01-Mar-2026,Transfer,0.00,374.28,"58,704.96"
ID13046,26-Feb-2026,Transfer,0.00,202.72,"8,431.13"
ID13046,18-Feb-2026,Charge,0.00,726.57,"10,676.41"
ID13046,02-Mar-2026,Interest,195.09,0.00,"48,515.53"
ID13046,13-Feb-2026,Transfer,881.22,0.00,"54,486.13"
ID13046,08-Mar-2026,Payment,0.00,638.85,"80,182.57"
ID13046,31-Mar-2026,Payment,271.10,0.00,"65,084.25"
ID13046,27-Mar-2026,Payment,0.00,353.18,"18,433.74"
ID13046,30-Mar-2026,Debit Card,0.00,587.15,"93,432.33"
ID13047,07-Feb-2026,ATM Withdrawal,0.00,110.01,"72,287.47"
ID13047,07-Jan-2026,Charge,0.00,535.72,"94,309.20"
ID13047,15-Mar-2026,Debit Card,0.00,284.74,"42,771.82"
ID13047,08-Jan-2026,Interest,278.10,0.00,"35,470.86"
ID13047,31-Jan-2026,Transfer,"1,342.30",0.00,"31,428.47"
ID13047,05-Feb-2026,Reversal,796.91,0.00,"1,737.94"
ID13047,27-Jan-2026,Direct Deposit,"3,395.78",0.00,"72,881.64"
ID13047,06-Jan-2026,Payment,0.00,753.88,"6,666.66"
ID13047,14-Mar-2026,Direct Deposit,"3,076.47",0.00,"93,009.01"
ID13047,03-Apr-2026,Debit Card,0.00,613.75,"6,082.47"
ID13047,06-Feb-2026,ATM Withdrawal,0.00,323.98,"58,663.09"
ID13047,16-Feb-2026,Reversal,"1,315.25",0.00,"68,284.40"
ID13047,08-Jan-2026,Transfer,0.00,675.96,"25,098.11"
ID13047,11-Feb-2026,Direct Deposit,"3,252.45",0.00,"33,272.66"
ID13047,06-Mar-2026,ATM Withdrawal,0.00,216.55,"50,277.73"
ID13047,02-Feb-2026,Interest,17.87,0.00,"41,775.34"
ID13047,23-Jan-2026,Charge,0.00,400.75,"27,798.74"
ID13047,09-Mar-2026,Transfer,0.00,"1,188.46","18,176.00"
ID13047,12-Mar-2026,Payment,0.00,"1,425.84","5,290.65"
ID13047,20-Mar-2026,Reversal,0.00,116.33,"50,124.11"
ID13048,21-Feb-2026,ATM Withdrawal,0.00,44.63,"43,576.62"
ID13048,18-Jan-2026,Direct Deposit,"1,564.92",0.00,"39,886.15"
ID13048,18-Jan-2026,Transfer,0.00,857.76,"23,911.48"
ID13048,08-Mar-2026,Interest,19.28,0.00,"14,184.66"
ID13048,09-Mar-2026,Charge,0.00,338.39,"27,924.54"
ID13048,19-Jan-2026,Payment,0.00,534.09,"15,963.24"
ID13048,26-Feb-2026,Interest,102.00,0.00,"65,537.18"
ID13048,27-Mar-2026,Charge,0.00,34.18,"46,185.54"
ID13048,27-Mar-2026,Transfer,0.00,"1,156.45","26,821.88"
ID13048,03-Mar-2026,Charge,0.00,498.24,"78,841.24"
ID13048,03-Apr-2026,Interest,423.50,0.00,"16,922.42"
ID13048,02-Mar-2026,Interest,412.46,0.00,"6,422.48"
ID13048,13-Feb-2026,Payment,"1,013.99",0.00,"29,824.37"
ID13048,21-Mar-2026,Direct Deposit,"3,518.07",0.00,"16,921.29"
ID13048,13-Feb-2026,Direct Deposit,861.56,0.00,"28,682.90"
ID13048,07-Mar-2026,Reversal,0.00,771.35,"2,252.61"
ID13048,08-Feb-2026,Transfer,0.00,"1,086.83","93,783.48"
ID13048,22-Mar-2026,Charge,0.00,697.09,"9,417.90"
ID13048,17-Mar-2026,Direct Deposit,"1,016.31",0.00,"82,359.50"
ID13048,15-Jan-2026,Reversal,0.00,"1,187.57","25,275.80"
ID13049,10-Feb-2026,Reversal,0.00,937.98,"91,067.09"
ID13049,28-Jan-2026,Interest,490.06,0.00,"65,987.73"
ID13049,30-Jan-2026,Charge,0.00,617.67,"56,584.24"
ID13049,19-Mar-2026,Interest,379.24,0.00,"36,721.17"
ID13049,15-Feb-2026,Charge,0.00,688.26,"37,947.05"
ID13049,04-Mar-2026,Charge,0.00,122.05,"82,874.37"
ID13049,26-Mar-2026,Charge,0.00,18.07,"10,182.10"
ID13049,08-Jan-2026,ATM Withdrawal,0.00,179.18,"67,269.76"
ID13049,28-Jan-2026,Direct Deposit,946.48,0.00,"40,262.82"
ID13049,04-Mar-2026,Interest,264.75,0.00,"88,308.52"
ID13049,02-Mar-2026,Debit Card,0.00,586.76,"74,283.82"
ID13049,01-Apr-2026,Interest,19.96,0.00,"80,925.73"
ID13049,05-Jan-2026,Reversal,0.00,"1,167.02","91,668.33"
ID13049,14-Jan-2026,Debit Card,0.00,363.06,"2,061.53"
ID13049,20-Feb-2026,Direct Deposit,"1,645.88",0.00,"98,377.54"
ID13049,16-Mar-2026,Payment,0.00,720.15,"86,496.98"
ID13049,04-Jan-2026,Payment,189.72,0.00,"88,703.24"
ID13049,11-Mar-2026,ATM Withdrawal,0.00,635.52,"75,599.86"
ID13049,18-Jan-2026,Transfer,0.00,101.88,"2,628.53"
ID13049,01-Apr-2026,Payment,"1,897.90",0.00,"13,132.98"
ID13050,18-Jan-2026,Reversal,0.00,168.07,"97,932.39"
ID13050,17-Feb-2026,Interest,24.49,0.00,"66,990.17"
ID13050,10-Feb-2026,ATM Withdrawal,0.00,401.97,"64,539.78"
ID13050,14-Feb-2026,Charge,0.00,183.78,"66,776.84"
ID13050,15-Mar-2026,Payment,"1,922.65",0.00,"80,753.86"
ID13050,07-Feb-2026,Transfer,"1,972.35",0.00,"83,756.19"
ID13050,28-Mar-2026,Interest,368.50,0.00,"31,897.97"
ID13050,12-Feb-2026,Interest,215.35,0.00,"91,693.12"
ID13050,28-Mar-2026,Interest,452.35,0.00,"6,592.74"
ID13050,06-Mar-2026,Direct Deposit,"4,318.11",0.00,"35,701.66"
ID13050,19-Mar-2026,Reversal,"1,613.19",0.00,"49,363.09"
ID13050,21-Jan-2026,Debit Card,0.00,720.07,"13,752.05"
ID13050,11-Mar-2026,Reversal,0.00,702.46,"14,976.98"
ID13050,29-Jan-2026,Reversal,288.80,0.00,"82,811.30"
ID13050,06-Feb-2026,Charge,0.00,186.65,"21,477.68"
ID13050,16-Jan-2026,Interest,478.73,0.00,"53,424.21"
ID13050,28-Mar-2026,Reversal,0.00,947.83,"44,874.47"
ID13050,26-Jan-2026,ATM Withdrawal,0.00,344.93,"57,517.76"
ID13050,08-Mar-2026,Debit Card,0.00,586.01,"63,173.81"
ID13050,09-Feb-2026,Debit Card,0.00,263.49,"69,703.81"
ID13051,16-Feb-2026,Transfer,0.00,"1,173.87","8,301.25"
ID13051,10-Mar-2026,Reversal,0.00,969.52,"10,364.66"
ID13051,12-Jan-2026,Transfer,0.00,641.44,"17,623.64"
ID13051,29-Mar-2026,Payment,0.00,880.05,"17,236.84"
ID13051,10-Feb-2026,Charge,0.00,625.21,"19,762.12"
ID13051,01-Feb-2026,Direct Deposit,"3,476.02",0.00,"41,043.31"
ID13051,15-Mar-2026,Charge,0.00,775.70,"1,747.63"
ID13051,02-Apr-2026,Direct Deposit,"4,732.99",0.00,"54,964.99"
ID13051,01-Feb-2026,Payment,"1,332.98",0.00,"96,247.74"
ID13051,25-Jan-2026,Payment,0.00,"1,168.21","71,310.55"
ID13051,11-Jan-2026,Direct Deposit,"4,019.02",0.00,"9,268.08"
ID13051,02-Feb-2026,Interest,155.09,0.00,"44,842.32"
ID13051,24-Feb-2026,Charge,0.00,666.22,"1,099.85"
ID13051,09-Feb-2026,Charge,0.00,483.73,"74,193.85"
ID13051,23-Jan-2026,Direct Deposit,705.51,0.00,"29,494.49"
ID13051,09-Feb-2026,Reversal,0.00,889.41,"26,394.70"
ID13051,02-Apr-2026,ATM Withdrawal,0.00,873.11,"17,647.56"
ID13051,24-Mar-2026,Interest,422.69,0.00,"63,129.35"
ID13051,09-Mar-2026,Debit Card,0.00,238.37,"89,265.37"
ID13051,06-Jan-2026,Debit Card,0.00,565.45,"63,812.23"
ID13052,29-Mar-2026,ATM Withdrawal,0.00,260.80,"10,106.74"
ID13052,03-Feb-2026,Debit Card,0.00,501.73,"69,791.38"
ID13052,31-Mar-2026,ATM Withdrawal,0.00,505.72,"89,282.02"
ID13052,28-Jan-2026,Debit Card,0.00,634.74,"30,493.85"
ID13052,06-Mar-2026,Direct Deposit,"2,384.35",0.00,"84,416.56"
ID13052,17-Mar-2026,Direct Deposit,967.57,0.00,"81,807.32"
ID13052,16-Feb-2026,Payment,0.00,"1,461.60","75,866.96"
ID13052,20-Jan-2026,Transfer,"1,611.19",0.00,"74,138.79"
ID13052,04-Jan-2026,Direct Deposit,706.27,0.00,"9,827.79"
ID13052,13-Mar-2026,Charge,0.00,322.18,"44,341.88"
ID13052,16-Mar-2026,Payment,"1,093.24",0.00,"90,630.90"
ID13052,20-Jan-2026,Debit Card,0.00,386.61,"20,647.70"
ID13052,13-Mar-2026,Reversal,326.82,0.00,"30,283.43"
ID13052,23-Mar-2026,Direct Deposit,800.07,0.00,"44,378.63"
ID13052,02-Apr-2026,Reversal,0.00,"1,325.87","67,248.27"
ID13052,03-Feb-2026,ATM Withdrawal,0.00,637.30,"37,108.91"
ID13052,04-Mar-2026,Transfer,"1,389.25",0.00,"5,444.14"
ID13052,19-Feb-2026,ATM Withdrawal,0.00,391.78,"81,922.87"
ID13052,13-Mar-2026,Debit Card,0.00,798.53,"49,880.13"
ID13052,28-Jan-2026,Payment,158.62,0.00,"33,537.32"
ID13053,22-Feb-2026,ATM Withdrawal,0.00,301.05,"80,184.77"
ID13053,15-Jan-2026,Direct Deposit,"2,251.94",0.00,"85,259.32"
ID13053,29-Jan-2026,Interest,398.35,0.00,"81,065.12"
ID13053,25-Feb-2026,Interest,498.30,0.00,"34,518.29"
ID13053,19-Feb-2026,Transfer,"1,353.10",0.00,"86,391.78"
ID13053,30-Jan-2026,Charge,0.00,880.68,"24,950.09"
ID13053,31-Mar-2026,Direct Deposit,"4,514.61",0.00,"43,420.68"
ID13053,27-Feb-2026,Reversal,0.00,363.38,"57,789.67"
ID13053,16-Mar-2026,Transfer,167.49,0.00,"52,158.80"
ID13053,26-Mar-2026,Interest,450.23,0.00,"90,921.99"
ID13053,05-Feb-2026,Transfer,"1,212.66",0.00,"11,723.81"
ID13053,04-Feb-2026,Interest,149.97,0.00,"92,965.93"
ID13053,19-Jan-2026,Payment,0.00,909.20,"3,727.81"
ID13053,15-Jan-2026,Interest,377.32,0.00,"34,346.62"
ID13053,23-Jan-2026,Debit Card,0.00,293.54,"96,511.33"
ID13053,28-Mar-2026,Reversal,0.00,989.53,"11,252.19"
ID13053,20-Jan-2026,Transfer,"1,487.88",0.00,"86,901.98"
ID13053,27-Mar-2026,Charge,0.00,964.69,"32,559.86"
ID13053,28-Mar-2026,ATM Withdrawal,0.00,885.22,"82,543.22"
ID13053,14-Mar-2026,ATM Withdrawal,0.00,600.51,"33,462.06"
ID13054,25-Feb-2026,Debit Card,0.00,432.84,"59,457.43"
ID13054,01-Mar-2026,Payment,"1,942.86",0.00,"71,330.01"
ID13054,06-Jan-2026,Payment,0.00,"1,131.58","66,833.39"
ID13054,28-Mar-2026,Interest,211.75,0.00,"22,307.41"
ID13054,27-Mar-2026,Reversal,0.00,299.17,"7,106.92"
ID13054,11-Jan-2026,Charge,0.00,276.84,"88,509.76"
ID13054,22-Jan-2026,Payment,"1,988.64",0.00,"45,359.33"
ID13054,14-Mar-2026,Debit Card,0.00,250.33,"56,978.17"
ID13054,23-Feb-2026,Direct Deposit,"3,859.82",0.00,"47,892.19"
ID13054,20-Jan-2026,Transfer,0.00,"1,151.46","5,493.79"
ID13054,09-Mar-2026,ATM Withdrawal,0.00,800.64,"36,763.55"
ID13054,24-Jan-2026,Reversal,"1,509.30",0.00,"10,755.69"
ID13054,12-Feb-2026,Payment,956.34,0.00,"5,760.63"
ID13054,15-Feb-2026,Transfer,0.00,"1,308.71","64,799.70"
ID13054,09-Jan-2026,Reversal,622.69,0.00,"62,233.83"
ID13054,13-Jan-2026,ATM Withdrawal,0.00,568.88,"77,886.43"
ID13054,27-Mar-2026,Debit Card,0.00,740.64,"97,226.18"
ID13054,25-Feb-2026,Reversal,0.00,854.57,"85,437.49"
ID13054,17-Feb-2026,ATM Withdrawal,0.00,27.52,"49,558.75"
ID13054,04-Mar-2026,Charge,0.00,230.41,"61,070.42"
ID13055,14-Mar-2026,Reversal,286.85,0.00,"93,432.51"
ID13055,19-Jan-2026,Debit Card,0.00,682.44,"53,496.96"
ID13055,11-Mar-2026,Payment,"1,139.81",0.00,"78,505.65"
ID13055,04-Feb-2026,Direct Deposit,"3,800.16",0.00,"14,068.63"
ID13055,24-Feb-2026,Payment,0.00,644.28,"83,847.75"
ID13055,04-Feb-2026,Charge,0.00,749.92,"70,104.22"
ID13055,03-Feb-2026,Payment,0.00,"1,395.98","36,463.73"
ID13055,21-Feb-2026,ATM Withdrawal,0.00,773.72,"59,477.06"
ID13055,03-Jan-2026,Direct Deposit,729.34,0.00,"11,302.72"
ID13055,06-Jan-2026,Payment,"1,588.52",0.00,"44,816.78"
ID13055,17-Mar-2026,Direct Deposit,562.64,0.00,"81,879.26"
ID13055,15-Mar-2026,Interest,73.05,0.00,"1,961.23"
ID13055,10-Mar-2026,Interest,50.62,0.00,"10,333.63"
ID13055,09-Jan-2026,Interest,154.48,0.00,"31,792.23"
ID13055,12-Mar-2026,Reversal,762.09,0.00,"72,596.97"
ID13055,19-Feb-2026,Charge,0.00,827.46,"8,708.86"
ID13055,26-Mar-2026,Transfer,0.00,495.33,"95,745.58"
ID13055,13-Jan-2026,Direct Deposit,"4,225.27",0.00,"5,657.80"
ID13055,10-Jan-2026,Transfer,"1,418.67",0.00,"50,377.84"
ID13055,22-Feb-2026,Reversal,316.73,0.00,"17,497.61"
ID13056,03-Jan-2026,Charge,0.00,668.02,"31,150.31"
ID13056,17-Feb-2026,Interest,211.19,0.00,"52,135.12"
ID13056,30-Jan-2026,Transfer,489.78,0.00,"64,301.79"
ID13056,10-Feb-2026,Interest,61.81,0.00,"93,838.62"
ID13056,09-Mar-2026,Transfer,0.00,"1,062.06","1,148.56"
ID13056,14-Jan-2026,Payment,256.46,0.00,"41,017.13"
ID13056,17-Feb-2026,Interest,343.78,0.00,"90,287.12"
ID13056,12-Mar-2026,ATM Withdrawal,0.00,418.57,"53,385.48"
ID13056,22-Mar-2026,Charge,0.00,340.37,"93,724.72"
ID13056,20-Mar-2026,ATM Withdrawal,0.00,341.24,"73,919.85"
ID13056,19-Feb-2026,Charge,0.00,109.28,"57,181.43"
ID13056,09-Jan-2026,Transfer,0.00,"1,386.42","48,562.75"
ID13056,31-Jan-2026,Payment,0.00,"1,250.27","64,176.79"
ID13056,03-Mar-2026,Interest,127.07,0.00,"95,808.08"
ID13056,22-Jan-2026,Debit Card,0.00,691.85,"93,876.40"
ID13056,04-Feb-2026,Payment,0.00,"1,151.45","37,306.59"
ID13056,07-Mar-2026,Payment,918.72,0.00,"84,492.02"
ID13056,03-Apr-2026,Interest,251.47,0.00,"78,653.16"
ID13056,30-Mar-2026,ATM Withdrawal,0.00,255.48,"36,158.79"
ID13056,20-Mar-2026,ATM Withdrawal,0.00,346.51,"62,219.72"
ID13057,24-Feb-2026,ATM Withdrawal,0.00,593.05,"34,561.81"
ID13057,11-Mar-2026,Direct Deposit,"4,480.80",0.00,"37,750.17"
ID13057,05-Jan-2026,Payment,0.00,823.81,"83,979.11"
ID13057,11-Feb-2026,Reversal,"1,628.64",0.00,"23,519.84"
ID13057,23-Feb-2026,Reversal,970.23,0.00,"96,249.31"
ID13057,27-Feb-2026,Transfer,0.00,"1,106.29","77,638.42"
ID13057,16-Mar-2026,Transfer,107.08,0.00,"41,723.88"
ID13057,01-Mar-2026,Charge,0.00,796.60,"68,570.39"
ID13057,06-Feb-2026,Charge,0.00,605.60,"15,422.02"
ID13057,23-Feb-2026,Transfer,945.07,0.00,"95,912.03"
ID13057,18-Jan-2026,Transfer,0.00,78.57,"23,894.96"
ID13057,01-Feb-2026,Payment,856.30,0.00,"45,846.58"
ID13057,12-Feb-2026,Direct Deposit,"4,806.04",0.00,"12,213.83"
ID13057,26-Jan-2026,Direct Deposit,"4,185.36",0.00,"16,284.13"
ID13057,10-Mar-2026,Interest,243.50,0.00,"62,815.57"
ID13057,23-Jan-2026,Payment,725.75,0.00,"79,783.13"
ID13057,14-Jan-2026,Charge,0.00,47.12,"71,129.87"
ID13057,11-Feb-2026,Payment,0.00,322.25,"30,101.66"
ID13057,05-Mar-2026,Debit Card,0.00,208.09,"37,017.00"
ID13057,21-Mar-2026,Reversal,0.00,104.66,"34,569.54"
ID13058,14-Mar-2026,Payment,323.39,0.00,"28,899.61"
ID13058,19-Feb-2026,Transfer,"1,329.17",0.00,"99,279.09"
ID13058,18-Feb-2026,Payment,0.00,302.29,"45,379.96"
ID13058,12-Feb-2026,Debit Card,0.00,283.82,"3,158.33"
ID13058,07-Jan-2026,Payment,0.00,675.77,"3,021.04"
ID13058,15-Feb-2026,Payment,0.00,886.13,"42,983.45"
ID13058,24-Mar-2026,Transfer,0.00,771.02,"39,708.56"
ID13058,14-Mar-2026,Reversal,0.00,982.12,"80,542.94"
ID13058,01-Apr-2026,Debit Card,0.00,194.99,"7,308.29"
ID13058,10-Jan-2026,Transfer,0.00,412.82,"46,013.35"
ID13058,28-Feb-2026,Payment,"1,289.94",0.00,"14,002.55"
ID13058,08-Feb-2026,Payment,727.51,0.00,"2,755.62"
ID13058,16-Feb-2026,Interest,140.32,0.00,"56,728.46"
ID13058,05-Mar-2026,Interest,19.72,0.00,"24,712.91"
ID13058,26-Mar-2026,ATM Withdrawal,0.00,313.55,"17,927.76"
ID13058,21-Feb-2026,Debit Card,0.00,109.09,"45,990.53"
ID13058,04-Jan-2026,Transfer,0.00,"1,382.13","15,842.02"
ID13058,14-Jan-2026,Debit Card,0.00,772.36,"30,726.87"
ID13058,14-Jan-2026,Charge,0.00,234.07,"22,716.75"
ID13058,06-Mar-2026,Charge,0.00,223.90,"93,090.74"
ID13059,09-Jan-2026,Debit Card,0.00,626.71,"58,471.95"
ID13059,23-Jan-2026,Direct Deposit,"1,330.51",0.00,"93,408.29"
ID13059,19-Feb-2026,Interest,160.39,0.00,"68,402.98"
ID13059,14-Mar-2026,Debit Card,0.00,189.46,"93,650.72"
ID13059,23-Feb-2026,Transfer,972.95,0.00,"65,036.62"
ID13059,22-Feb-2026,ATM Withdrawal,0.00,761.65,"32,382.74"
ID13059,01-Mar-2026,Charge,0.00,689.79,"55,794.51"
ID13059,16-Feb-2026,Transfer,"1,364.50",0.00,"20,570.78"
ID13059,26-Feb-2026,Direct Deposit,"3,359.90",0.00,"70,906.02"
ID13059,03-Apr-2026,Charge,0.00,722.56,"3,742.11"
ID13059,25-Feb-2026,Reversal,0.00,459.55,"48,361.78"
ID13059,02-Feb-2026,Charge,0.00,798.75,"47,348.16"
ID13059,28-Mar-2026,Debit Card,0.00,445.00,"62,470.63"
ID13059,16-Mar-2026,Interest,402.14,0.00,"83,874.76"
ID13059,14-Feb-2026,Payment,"1,896.08",0.00,"36,656.92"
ID13059,29-Mar-2026,Debit Card,0.00,729.05,"10,619.48"
ID13059,09-Mar-2026,Transfer,0.00,647.45,"8,048.47"
ID13059,15-Jan-2026,Reversal,0.00,"1,018.43","72,931.48"
ID13059,10-Jan-2026,Charge,0.00,63.54,"79,887.21"
ID13059,11-Mar-2026,Payment,495.34,0.00,"8,912.54"
ID13060,07-Jan-2026,Direct Deposit,980.71,0.00,"39,580.18"
ID13060,25-Feb-2026,Debit Card,0.00,402.27,"17,254.24"
ID13060,14-Jan-2026,Direct Deposit,"4,818.96",0.00,"38,328.69"
ID13060,01-Mar-2026,Direct Deposit,"4,739.46",0.00,"36,723.76"
ID13060,14-Feb-2026,Direct Deposit,"1,112.32",0.00,"8,020.89"
ID13060,07-Feb-2026,Payment,"1,897.98",0.00,"2,463.62"
ID13060,16-Feb-2026,Direct Deposit,"4,385.30",0.00,"8,951.36"
ID13060,04-Mar-2026,Interest,241.80,0.00,"1,193.98"
ID13060,26-Feb-2026,Charge,0.00,93.00,"63,537.36"
ID13060,01-Feb-2026,Interest,497.82,0.00,"26,094.94"
ID13060,12-Mar-2026,Reversal,0.00,"1,006.75","66,823.45"
ID13060,15-Mar-2026,Charge,0.00,735.07,"60,989.70"
ID13060,15-Mar-2026,ATM Withdrawal,0.00,662.24,"12,588.86"
ID13060,05-Mar-2026,Payment,0.00,"1,456.23","5,418.44"
ID13060,09-Feb-2026,Reversal,694.50,0.00,"42,778.65"
ID13060,22-Mar-2026,Direct Deposit,"1,691.18",0.00,"81,386.01"
ID13060,06-Mar-2026,Interest,76.56,0.00,"4,136.72"
ID13060,21-Jan-2026,Reversal,0.00,137.67,"17,446.40"
ID13060,22-Mar-2026,Interest,413.34,0.00,"16,582.83"
ID13060,25-Feb-2026,Transfer,0.00,"1,454.59","43,773.79"
ID13061,10-Jan-2026,ATM Withdrawal,0.00,303.00,"44,048.64"
ID13061,05-Jan-2026,ATM Withdrawal,0.00,773.23,"96,663.33"
ID13061,12-Jan-2026,Payment,0.00,139.49,"14,478.74"
ID13061,07-Jan-2026,Reversal,0.00,342.35,"36,831.12"
ID13061,23-Mar-2026,Debit Card,0.00,26.87,"55,885.37"
ID13061,16-Mar-2026,Charge,0.00,340.03,"58,912.15"
ID13061,28-Jan-2026,Direct Deposit,"4,919.29",0.00,"92,426.20"
ID13061,04-Mar-2026,Interest,339.75,0.00,"30,564.55"
ID13061,24-Feb-2026,Direct Deposit,"3,009.63",0.00,"33,543.30"
ID13061,07-Mar-2026,Direct Deposit,"2,822.32",0.00,"70,163.65"
ID13061,31-Jan-2026,Reversal,"1,575.24",0.00,"52,172.11"
ID13061,28-Mar-2026,Charge,0.00,316.67,"11,668.47"
ID13061,06-Mar-2026,Charge,0.00,387.14,"48,622.87"
ID13061,16-Mar-2026,ATM Withdrawal,0.00,924.58,"57,273.10"
ID13061,08-Mar-2026,Interest,247.94,0.00,"57,660.28"
ID13061,04-Jan-2026,ATM Withdrawal,0.00,495.11,"56,084.95"
ID13061,01-Apr-2026,Direct Deposit,"2,543.85",0.00,"64,260.25"
ID13061,27-Mar-2026,Direct Deposit,"2,850.25",0.00,"92,613.87"
ID13061,24-Jan-2026,Transfer,"1,198.34",0.00,"24,227.88"
ID13061,06-Mar-2026,Direct Deposit,"3,708.81",0.00,"70,080.28"
ID13062,01-Apr-2026,Payment,866.90,0.00,"29,504.39"
ID13062,12-Mar-2026,ATM Withdrawal,0.00,510.66,"63,378.97"
ID13062,28-Mar-2026,Payment,364.72,0.00,"18,375.04"
ID13062,09-Mar-2026,Direct Deposit,"1,315.05",0.00,"12,298.14"
ID13062,12-Feb-2026,Direct Deposit,"2,485.91",0.00,"56,120.77"
ID13062,05-Feb-2026,Interest,390.65,0.00,"89,493.59"
ID13062,18-Feb-2026,Direct Deposit,"2,201.91",0.00,"31,492.99"
ID13062,26-Jan-2026,ATM Withdrawal,0.00,232.59,"80,570.90"
ID13062,05-Feb-2026,Transfer,"1,095.12",0.00,"2,692.49"
ID13062,27-Mar-2026,Payment,0.00,315.06,"30,895.63"
ID13062,23-Feb-2026,ATM Withdrawal,0.00,736.51,"47,642.40"
ID13062,13-Jan-2026,Direct Deposit,"4,046.18",0.00,"83,812.02"
ID13062,21-Jan-2026,Reversal,0.00,466.27,"54,531.54"
ID13062,28-Jan-2026,Reversal,"1,074.20",0.00,"40,403.80"
ID13062,06-Feb-2026,Transfer,"1,229.29",0.00,"8,424.05"
ID13062,23-Jan-2026,Debit Card,0.00,888.41,"59,279.36"
ID13062,03-Apr-2026,Direct Deposit,803.27,0.00,"35,025.80"
ID13062,23-Mar-2026,Debit Card,0.00,699.05,"51,533.47"
ID13062,21-Mar-2026,ATM Withdrawal,0.00,144.30,"14,899.91"
ID13062,11-Mar-2026,Payment,0.00,942.16,"66,832.40"
ID13063,31-Jan-2026,Charge,0.00,990.55,"6,025.41"
ID13063,18-Feb-2026,Payment,525.91,0.00,"40,208.32"
ID13063,28-Feb-2026,Reversal,762.59,0.00,"25,939.89"
ID13063,21-Jan-2026,Reversal,534.33,0.00,"92,873.02"
ID13063,16-Feb-2026,Payment,"1,053.67",0.00,"25,088.10"
ID13063,24-Jan-2026,Interest,485.19,0.00,"36,444.24"
ID13063,07-Mar-2026,Debit Card,0.00,454.37,"49,561.47"
ID13063,04-Mar-2026,Interest,339.56,0.00,"73,014.51"
ID13063,27-Jan-2026,Transfer,0.00,270.11,"76,613.25"
ID13063,19-Mar-2026,Transfer,0.00,885.95,"87,705.37"
ID13063,26-Feb-2026,ATM Withdrawal,0.00,305.49,"74,246.76"
ID13063,18-Jan-2026,ATM Withdrawal,0.00,240.18,"23,835.37"
ID13063,24-Feb-2026,Charge,0.00,331.77,"79,239.48"
ID13063,22-Jan-2026,Debit Card,0.00,175.12,"26,976.19"
ID13063,19-Jan-2026,Reversal,0.00,391.30,"78,405.24"
ID13063,29-Mar-2026,Payment,0.00,81.58,"82,215.81"
ID13063,06-Jan-2026,Charge,0.00,761.38,"5,083.81"
ID13063,05-Jan-2026,Transfer,0.00,982.04,"13,720.97"
ID13063,07-Mar-2026,ATM Withdrawal,0.00,568.05,"49,254.05"
ID13063,10-Mar-2026,ATM Withdrawal,0.00,715.77,"69,586.77"
ID13064,24-Jan-2026,Debit Card,0.00,682.17,"13,175.84"
ID13064,25-Jan-2026,Direct Deposit,"1,864.02",0.00,"44,982.59"
ID13064,14-Jan-2026,Transfer,631.43,0.00,"16,050.93"
ID13064,22-Mar-2026,Reversal,0.00,"1,227.39","12,298.79"
ID13064,02-Mar-2026,ATM Withdrawal,0.00,252.44,"44,577.52"
ID13064,09-Mar-2026,Reversal,0.00,"1,213.07","7,680.43"
ID13064,26-Feb-2026,Transfer,193.54,0.00,"27,502.56"
ID13064,06-Jan-2026,ATM Withdrawal,0.00,954.17,"38,291.78"
ID13064,19-Mar-2026,Payment,0.00,330.16,"54,727.55"
ID13064,24-Jan-2026,Interest,260.30,0.00,"14,583.45"
ID13064,02-Feb-2026,Charge,0.00,525.96,"24,064.78"
ID13064,25-Jan-2026,Interest,19.71,0.00,"64,288.99"
ID13064,16-Mar-2026,Transfer,0.00,"1,343.00","80,975.39"
ID13064,26-Feb-2026,Debit Card,0.00,55.16,"69,303.80"
ID13064,23-Jan-2026,Interest,245.87,0.00,"89,586.83"
ID13064,23-Feb-2026,Payment,"1,504.93",0.00,"13,529.41"
ID13064,26-Jan-2026,Transfer,271.22,0.00,"12,943.63"
ID13064,07-Mar-2026,ATM Withdrawal,0.00,567.30,"80,648.82"
ID13064,06-Mar-2026,Transfer,366.29,0.00,"44,083.00"
ID13064,28-Feb-2026,Reversal,0.00,64.40,"75,278.57"
ID13065,24-Mar-2026,Debit Card,0.00,694.44,"27,236.43"
ID13065,10-Mar-2026,Payment,"1,286.91",0.00,"59,383.99"
ID13065,23-Jan-2026,Debit Card,0.00,558.29,"55,863.00"
ID13065,17-Jan-2026,Payment,758.06,0.00,"62,265.10"
ID13065,03-Feb-2026,ATM Withdrawal,0.00,545.08,"29,132.28"
ID13065,18-Jan-2026,Transfer,0.00,848.35,"8,499.20"
ID13065,11-Jan-2026,Reversal,140.47,0.00,"57,372.36"
ID13065,03-Mar-2026,ATM Withdrawal,0.00,15.49,"54,562.43"
ID13065,17-Feb-2026,Charge,0.00,975.50,"14,139.95"
ID13065,01-Apr-2026,Reversal,0.00,"1,394.59","56,070.31"
ID13065,21-Feb-2026,Direct Deposit,"4,670.26",0.00,"64,302.04"
ID13065,27-Feb-2026,Direct Deposit,"1,833.25",0.00,"42,913.41"
ID13065,14-Feb-2026,Reversal,0.00,876.15,"66,202.90"
ID13065,05-Mar-2026,Direct Deposit,"1,460.61",0.00,"60,572.75"
ID13065,30-Mar-2026,ATM Withdrawal,0.00,121.28,"23,593.89"
ID13065,13-Mar-2026,Payment,"1,453.85",0.00,"34,719.23"
ID13065,30-Mar-2026,ATM Withdrawal,0.00,932.26,"75,832.64"
ID13065,04-Mar-2026,Interest,184.92,0.00,"85,456.28"
ID13065,05-Jan-2026,Debit Card,0.00,534.34,"35,094.77"
ID13065,13-Feb-2026,Transfer,"1,545.75",0.00,"47,153.11"
ID13066,08-Mar-2026,Direct Deposit,"1,070.22",0.00,"70,679.02"
ID13066,15-Mar-2026,Transfer,"1,617.38",0.00,"59,895.99"
ID13066,24-Feb-2026,Charge,0.00,435.66,"43,093.94"
ID13066,22-Feb-2026,Payment,445.09,0.00,"62,114.67"
ID13066,03-Mar-2026,Reversal,0.00,60.68,"63,629.75"
ID13066,21-Feb-2026,Transfer,0.00,832.11,"55,499.77"
ID13066,04-Jan-2026,Charge,0.00,520.48,"79,810.43"
ID13066,06-Jan-2026,Charge,0.00,681.79,"27,041.82"
ID13066,25-Jan-2026,Payment,0.00,"1,331.56","3,802.99"
ID13066,11-Mar-2026,Reversal,0.00,963.10,"1,858.57"
ID13066,29-Mar-2026,Direct Deposit,"4,189.57",0.00,"33,269.26"
ID13066,16-Jan-2026,Interest,191.07,0.00,"33,116.09"
ID13066,19-Mar-2026,Payment,"1,642.49",0.00,"59,524.31"
ID13066,05-Feb-2026,ATM Withdrawal,0.00,385.32,"59,266.18"
ID13066,05-Jan-2026,Payment,0.00,682.92,"23,398.87"
ID13066,24-Jan-2026,Reversal,0.00,"1,237.15","32,926.06"
ID13066,31-Mar-2026,Interest,90.10,0.00,"79,840.45"
ID13066,12-Feb-2026,Debit Card,0.00,508.72,"7,414.38"
ID13066,16-Feb-2026,Charge,0.00,545.19,"14,670.03"
ID13066,10-Jan-2026,Interest,264.47,0.00,"87,531.69"
ID13067,07-Feb-2026,ATM Withdrawal,0.00,210.82,"87,929.01"
ID13067,23-Mar-2026,Debit Card,0.00,736.55,"79,888.67"
ID13067,25-Feb-2026,Payment,0.00,"1,045.77","91,173.55"
ID13067,22-Feb-2026,Interest,424.37,0.00,"50,884.53"
ID13067,03-Jan-2026,Direct Deposit,"4,631.27",0.00,"84,042.43"
ID13067,10-Mar-2026,ATM Withdrawal,0.00,191.13,"49,596.23"
ID13067,10-Jan-2026,Direct Deposit,"2,221.17",0.00,"96,637.48"
ID13067,25-Jan-2026,Direct Deposit,"1,208.00",0.00,"27,891.49"
ID13067,01-Feb-2026,Interest,166.10,0.00,"61,906.06"
ID13067,14-Mar-2026,Charge,0.00,340.91,"36,291.38"
ID13067,21-Feb-2026,Interest,311.54,0.00,"35,276.62"
ID13067,01-Feb-2026,Transfer,520.24,0.00,"75,026.19"
ID13067,01-Feb-2026,Debit Card,0.00,755.56,"11,439.20"
ID13067,24-Jan-2026,Transfer,0.00,"1,322.91","97,205.59"
ID13067,21-Feb-2026,Debit Card,0.00,900.38,"8,246.87"
ID13067,05-Jan-2026,Charge,0.00,170.56,"61,486.58"
ID13067,05-Feb-2026,Reversal,0.00,"1,106.67","29,905.44"
ID13067,29-Mar-2026,Debit Card,0.00,541.52,"3,341.95"
ID13067,20-Feb-2026,Interest,247.24,0.00,"83,548.13"
ID13067,06-Mar-2026,Direct Deposit,"2,695.48",0.00,"66,129.46"
ID13068,15-Jan-2026,Reversal,0.00,"1,365.62","38,277.67"
ID13068,18-Mar-2026,Payment,0.00,306.63,"3,005.28"
ID13068,20-Mar-2026,Payment,569.74,0.00,"56,029.04"
ID13068,29-Jan-2026,Payment,297.25,0.00,"35,099.83"
ID13068,05-Feb-2026,Transfer,0.00,327.05,"17,896.42"
ID13068,16-Feb-2026,ATM Withdrawal,0.00,870.89,"40,968.02"
ID13068,24-Jan-2026,Transfer,0.00,857.59,"77,155.44"
ID13068,25-Jan-2026,Interest,321.10,0.00,"22,208.38"
ID13068,27-Jan-2026,Direct Deposit,"4,659.89",0.00,"47,729.64"
ID13068,19-Mar-2026,Debit Card,0.00,343.70,"51,294.31"
ID13068,15-Jan-2026,Debit Card,0.00,409.40,"62,777.75"
ID13068,10-Mar-2026,Transfer,"1,385.88",0.00,"26,924.73"
ID13068,29-Jan-2026,Interest,355.10,0.00,"46,914.52"
ID13068,04-Jan-2026,Direct Deposit,"2,495.36",0.00,"84,487.94"
ID13068,06-Feb-2026,Payment,0.00,105.85,"97,563.74"
ID13068,16-Jan-2026,Interest,209.01,0.00,"27,102.13"
ID13068,26-Mar-2026,Transfer,0.00,257.31,"85,236.87"
ID13068,09-Mar-2026,ATM Withdrawal,0.00,239.71,"27,549.90"
ID13068,04-Jan-2026,Debit Card,0.00,195.81,"63,647.07"
ID13068,02-Apr-2026,ATM Withdrawal,0.00,491.97,"39,613.69"
ID13069,21-Jan-2026,Debit Card,0.00,605.20,"64,786.28"
ID13069,21-Mar-2026,Transfer,0.00,895.32,"80,732.43"
ID13069,23-Mar-2026,Payment,"1,290.66",0.00,"33,469.43"
ID13069,10-Jan-2026,Payment,864.08,0.00,"31,370.81"
ID13069,09-Feb-2026,Interest,369.32,0.00,"39,857.98"
ID13069,17-Jan-2026,Debit Card,0.00,965.58,"62,652.34"
ID13069,06-Jan-2026,ATM Withdrawal,0.00,271.50,"63,004.44"
ID13069,18-Jan-2026,ATM Withdrawal,0.00,354.12,"27,173.35"
ID13069,31-Jan-2026,Transfer,0.00,"1,048.86","20,159.86"
ID13069,03-Jan-2026,ATM Withdrawal,0.00,435.46,"57,466.34"
ID13069,30-Jan-2026,Direct Deposit,"1,177.12",0.00,"95,894.79"
ID13069,26-Jan-2026,Charge,0.00,947.87,"65,178.92"
ID13069,21-Mar-2026,Transfer,360.88,0.00,"41,113.33"
ID13069,07-Jan-2026,Debit Card,0.00,107.00,"74,960.41"
ID13069,02-Apr-2026,ATM Withdrawal,0.00,187.94,"80,848.83"
ID13069,16-Feb-2026,Transfer,"1,534.91",0.00,"90,058.33"
ID13069,16-Mar-2026,Debit Card,0.00,158.27,"38,965.64"
ID13069,08-Jan-2026,ATM Withdrawal,0.00,231.37,"44,858.61"
ID13069,29-Mar-2026,Reversal,0.00,"1,042.05","92,200.72"
ID13069,13-Feb-2026,Reversal,0.00,"1,155.11","24,952.16"
ID13070,02-Feb-2026,Interest,118.34,0.00,"63,761.55"
ID13070,29-Jan-2026,Reversal,0.00,"1,405.50","75,567.61"
ID13070,24-Feb-2026,ATM Withdrawal,0.00,526.22,"84,780.21"
ID13070,26-Feb-2026,Interest,295.64,0.00,"96,232.26"
ID13070,13-Feb-2026,Debit Card,0.00,96.55,"95,832.95"
ID13070,09-Mar-2026,Interest,175.81,0.00,"88,585.39"
ID13070,05-Jan-2026,ATM Withdrawal,0.00,41.25,"59,063.17"
ID13070,07-Feb-2026,Interest,470.19,0.00,"83,687.98"
ID13070,04-Jan-2026,Debit Card,0.00,824.30,"85,484.45"
ID13070,29-Jan-2026,Direct Deposit,"3,819.30",0.00,"70,731.91"
ID13070,01-Feb-2026,Reversal,999.41,0.00,"1,533.43"
ID13070,31-Jan-2026,Transfer,0.00,751.64,"14,639.57"
ID13070,15-Jan-2026,Debit Card,0.00,722.34,"13,338.90"
ID13070,16-Jan-2026,Payment,0.00,419.88,"11,270.37"
ID13070,02-Apr-2026,Direct Deposit,"2,679.83",0.00,"21,353.29"
ID13070,28-Feb-2026,Interest,75.02,0.00,"29,419.97"
ID13070,26-Feb-2026,Reversal,297.33,0.00,"41,964.82"
ID13070,25-Jan-2026,ATM Withdrawal,0.00,873.43,"32,109.22"
ID13070,04-Feb-2026,Debit Card,0.00,267.97,"85,313.33"
ID13070,25-Mar-2026,Debit Card,0.00,88.93,"12,066.66"
ID13071,02-Feb-2026,Direct Deposit,"2,148.47",0.00,"54,524.50"
ID13071,03-Mar-2026,Transfer,731.28,0.00,"36,343.95"
ID13071,01-Apr-2026,Debit Card,0.00,351.51,"35,235.06"
ID13071,07-Feb-2026,Transfer,0.00,737.39,"9,760.84"
ID13071,26-Mar-2026,Interest,319.28,0.00,"75,937.91"
ID13071,29-Jan-2026,Payment,"1,930.05",0.00,"7,203.31"
ID13071,10-Mar-2026,Charge,0.00,392.93,"54,823.20"
ID13071,18-Mar-2026,Debit Card,0.00,172.58,"51,624.67"
ID13071,01-Feb-2026,Interest,166.80,0.00,"70,304.89"
ID13071,18-Mar-2026,Interest,455.88,0.00,"57,022.35"
ID13071,07-Mar-2026,Payment,0.00,87.82,"84,221.15"
ID13071,09-Mar-2026,ATM Withdrawal,0.00,11.56,"86,103.55"
ID13071,30-Jan-2026,Transfer,0.00,"1,351.91","42,769.13"
ID13071,21-Jan-2026,ATM Withdrawal,0.00,751.36,"99,270.17"
ID13071,26-Jan-2026,Transfer,0.00,"1,250.12","26,828.27"
ID13071,08-Mar-2026,Interest,371.23,0.00,"36,739.77"
ID13071,07-Mar-2026,Charge,0.00,923.22,"33,188.25"
ID13071,09-Jan-2026,Payment,0.00,610.55,"97,659.70"
ID13071,20-Jan-2026,Interest,312.45,0.00,"21,346.94"
ID13071,03-Mar-2026,Debit Card,0.00,736.87,"31,475.52"
ID13072,11-Jan-2026,Charge,0.00,493.65,"86,898.17"
ID13072,15-Feb-2026,Interest,246.72,0.00,"13,765.73"
ID13072,31-Mar-2026,Transfer,"1,047.00",0.00,"92,299.75"
ID13072,28-Feb-2026,Payment,0.00,"1,177.86","75,534.56"
ID13072,24-Feb-2026,Charge,0.00,772.44,"3,670.85"
ID13072,31-Jan-2026,Interest,31.35,0.00,"48,854.11"
ID13072,23-Feb-2026,Transfer,0.00,383.60,"74,519.92"
ID13072,26-Jan-2026,Direct Deposit,812.02,0.00,"26,839.00"
ID13072,16-Mar-2026,Debit Card,0.00,876.53,"29,312.48"
ID13072,03-Feb-2026,Transfer,0.00,587.01,"14,734.32"
ID13072,23-Mar-2026,Transfer,0.00,"1,405.59","74,885.35"
ID13072,18-Feb-2026,Payment,0.00,921.89,"21,759.63"
ID13072,16-Feb-2026,Payment,"1,839.84",0.00,"61,412.28"
ID13072,17-Feb-2026,Transfer,0.00,465.23,"99,698.05"
ID13072,20-Feb-2026,Transfer,693.18,0.00,"19,626.23"
ID13072,03-Feb-2026,Interest,228.01,0.00,"34,326.58"
ID13072,25-Jan-2026,Interest,152.85,0.00,"26,307.15"
ID13072,25-Feb-2026,Direct Deposit,"1,389.81",0.00,"9,549.44"
ID13072,19-Jan-2026,Debit Card,0.00,82.04,"93,856.68"
ID13072,07-Feb-2026,ATM Withdrawal,0.00,873.69,"94,267.89"
ID13073,09-Mar-2026,ATM Withdrawal,0.00,149.06,"28,850.32"
ID13073,19-Jan-2026,Charge,0.00,831.57,"31,209.29"
ID13073,15-Mar-2026,Debit Card,0.00,56.51,"15,093.23"
ID13073,23-Mar-2026,Interest,205.35,0.00,"48,542.41"
ID13073,07-Jan-2026,Transfer,"1,472.79",0.00,"87,004.56"
ID13073,14-Mar-2026,Charge,0.00,790.87,"4,091.36"
ID13073,18-Jan-2026,Reversal,412.67,0.00,"43,829.06"
ID13073,23-Mar-2026,Direct Deposit,"2,757.99",0.00,"64,262.32"
ID13073,19-Mar-2026,Transfer,0.00,"1,156.70","16,411.27"
ID13073,06-Mar-2026,Debit Card,0.00,740.74,"70,884.58"
ID13073,21-Feb-2026,Direct Deposit,"4,960.09",0.00,"87,326.14"
ID13073,23-Mar-2026,Interest,371.57,0.00,"55,697.95"
ID13073,08-Feb-2026,Charge,0.00,864.45,"73,592.04"
ID13073,02-Feb-2026,Debit Card,0.00,706.09,"45,341.24"
ID13073,19-Jan-2026,Debit Card,0.00,525.18,"53,355.69"
ID13073,28-Jan-2026,Direct Deposit,"1,371.18",0.00,"68,223.02"
ID13073,07-Mar-2026,ATM Withdrawal,0.00,160.12,"20,750.83"
ID13073,21-Mar-2026,Payment,"1,156.44",0.00,"55,673.10"
ID13073,17-Feb-2026,Direct Deposit,559.97,0.00,"98,772.12"
ID13073,18-Mar-2026,Transfer,0.00,259.84,"85,469.52"
ID13074,14-Mar-2026,Reversal,144.44,0.00,"70,786.55"
ID13074,23-Mar-2026,ATM Withdrawal,0.00,873.55,"47,857.31"
ID13074,06-Jan-2026,Transfer,0.00,73.00,"8,431.55"
ID13074,13-Jan-2026,Payment,781.40,0.00,"7,601.83"
ID13074,21-Jan-2026,Interest,269.56,0.00,"9,367.62"
ID13074,25-Mar-2026,Charge,0.00,446.26,"74,886.63"
ID13074,30-Mar-2026,Interest,137.04,0.00,"93,552.99"
ID13074,11-Mar-2026,Direct Deposit,"3,718.38",0.00,"17,372.05"
ID13074,05-Jan-2026,Debit Card,0.00,873.12,"36,661.98"
ID13074,01-Apr-2026,Interest,463.66,0.00,"82,106.91"
ID13074,11-Feb-2026,Charge,0.00,915.41,"58,544.02"
ID13074,27-Jan-2026,Payment,0.00,166.85,"65,984.88"
ID13074,03-Jan-2026,Direct Deposit,859.58,0.00,"48,599.12"
ID13074,21-Mar-2026,ATM Withdrawal,0.00,969.34,"49,191.95"
ID13074,31-Jan-2026,Transfer,0.00,"1,064.49","39,916.11"
ID13074,09-Jan-2026,Interest,305.32,0.00,"98,606.20"
ID13074,30-Mar-2026,Interest,385.21,0.00,"47,033.73"
ID13074,03-Mar-2026,Charge,0.00,574.77,"35,240.18"
ID13074,20-Feb-2026,Transfer,"1,930.73",0.00,"25,280.65"
ID13074,09-Mar-2026,Debit Card,0.00,954.11,"6,944.60"
ID13075,19-Jan-2026,Transfer,0.00,"1,475.60","27,506.93"
ID13075,09-Mar-2026,Direct Deposit,666.98,0.00,"98,733.73"
ID13075,03-Feb-2026,Reversal,"1,454.83",0.00,"13,028.58"
ID13075,07-Mar-2026,ATM Withdrawal,0.00,637.57,"28,211.11"
ID13075,16-Mar-2026,Interest,82.28,0.00,"41,702.87"
ID13075,10-Feb-2026,Charge,0.00,521.40,"98,051.64"
ID13075,04-Jan-2026,Reversal,0.00,"1,251.96","72,123.28"
ID13075,09-Mar-2026,Direct Deposit,"4,246.84",0.00,"65,246.06"
ID13075,09-Jan-2026,Payment,"1,285.87",0.00,"44,251.10"
ID13075,21-Jan-2026,Direct Deposit,"2,967.19",0.00,"89,013.52"
ID13075,08-Feb-2026,Direct Deposit,"4,803.23",0.00,"44,701.56"
ID13075,19-Mar-2026,Interest,420.52,0.00,"67,631.75"
ID13075,21-Feb-2026,Charge,0.00,925.64,"19,818.18"
ID13075,12-Feb-2026,ATM Withdrawal,0.00,492.76,"83,467.33"
ID13075,30-Jan-2026,Direct Deposit,"3,535.85",0.00,"33,359.28"
ID13075,10-Mar-2026,Transfer,0.00,152.11,"76,594.82"
ID13075,09-Feb-2026,Direct Deposit,644.18,0.00,"26,641.14"
ID13075,03-Mar-2026,Direct Deposit,"3,099.08",0.00,"85,626.02"
ID13075,04-Jan-2026,Reversal,425.50,0.00,"97,124.69"
ID13075,14-Feb-2026,ATM Withdrawal,0.00,772.88,"91,073.38"
ID13076,11-Feb-2026,Direct Deposit,"3,947.22",0.00,"18,759.52"
ID13076,28-Feb-2026,Direct Deposit,"4,657.51",0.00,"83,480.16"
ID13076,28-Feb-2026,Payment,0.00,999.98,"67,737.05"
ID13076,16-Mar-2026,Charge,0.00,425.46,"23,615.34"
ID13076,20-Mar-2026,Transfer,0.00,906.90,"85,161.11"
ID13076,20-Feb-2026,Transfer,"1,658.82",0.00,"92,574.52"
ID13076,23-Mar-2026,Direct Deposit,"2,577.86",0.00,"15,548.78"
ID13076,12-Feb-2026,Direct Deposit,"4,210.08",0.00,"42,776.50"
ID13076,19-Feb-2026,ATM Withdrawal,0.00,511.12,"30,266.59"
ID13076,05-Feb-2026,Charge,0.00,150.66,"42,911.50"
ID13076,26-Feb-2026,Transfer,"1,049.07",0.00,"7,141.72"
ID13076,03-Jan-2026,Direct Deposit,"4,783.61",0.00,"20,389.17"
ID13076,05-Jan-2026,Payment,0.00,"1,405.50","3,201.71"
ID13076,28-Feb-2026,ATM Withdrawal,0.00,832.17,"68,693.54"
ID13076,03-Mar-2026,Reversal,742.83,0.00,"72,789.81"
ID13076,17-Jan-2026,ATM Withdrawal,0.00,503.88,"57,354.15"
ID13076,16-Feb-2026,Direct Deposit,"4,689.14",0.00,"43,473.37"
ID13076,06-Mar-2026,Debit Card,0.00,505.58,"14,146.46"
ID13076,26-Feb-2026,Debit Card,0.00,701.93,"12,130.36"
ID13076,11-Mar-2026,Transfer,0.00,"1,270.02","80,673.68"
ID13077,21-Feb-2026,Reversal,0.00,"1,123.41","40,575.06"
ID13077,28-Mar-2026,Debit Card,0.00,137.92,"29,910.92"
ID13077,24-Mar-2026,Interest,110.23,0.00,"16,529.69"
ID13077,21-Mar-2026,Direct Deposit,"2,029.81",0.00,"55,826.97"
ID13077,20-Jan-2026,Payment,"1,636.19",0.00,"1,816.00"
ID13077,09-Mar-2026,Debit Card,0.00,597.59,"94,374.99"
ID13077,18-Feb-2026,ATM Withdrawal,0.00,682.57,"31,855.14"
ID13077,23-Feb-2026,Direct Deposit,"1,632.28",0.00,"15,383.28"
ID13077,01-Mar-2026,Transfer,361.23,0.00,"82,617.82"
ID13077,05-Jan-2026,Debit Card,0.00,802.26,"18,676.88"
ID13077,08-Jan-2026,Direct Deposit,"4,613.33",0.00,"97,616.08"
ID13077,12-Feb-2026,Direct Deposit,"4,616.65",0.00,"91,609.78"
ID13077,14-Jan-2026,Interest,89.23,0.00,"47,863.24"
ID13077,27-Jan-2026,Transfer,0.00,803.80,"33,968.91"
ID13077,23-Mar-2026,Reversal,"1,753.69",0.00,"54,851.32"
ID13077,11-Mar-2026,ATM Withdrawal,0.00,628.21,"34,175.37"
ID13077,08-Jan-2026,ATM Withdrawal,0.00,118.27,"98,464.50"
ID13077,16-Mar-2026,Payment,546.55,0.00,"71,719.59"
ID13077,18-Feb-2026,Transfer,"1,307.14",0.00,"23,300.28"
ID13077,30-Jan-2026,Charge,0.00,263.36,"13,447.19"
ID13078,27-Feb-2026,Charge,0.00,896.45,"91,927.55"
ID13078,12-Jan-2026,Interest,364.48,0.00,"55,383.71"
ID13078,17-Jan-2026,Transfer,0.00,474.67,"33,809.03"
ID13078,02-Feb-2026,Charge,0.00,461.45,"96,768.74"
ID13078,16-Mar-2026,Direct Deposit,"3,128.15",0.00,"85,306.26"
ID13078,30-Jan-2026,Debit Card,0.00,112.52,"94,416.73"
ID13078,13-Mar-2026,Transfer,0.00,367.08,"77,690.22"
ID13078,22-Mar-2026,Reversal,0.00,"1,240.95","72,397.46"
ID13078,26-Feb-2026,Debit Card,0.00,590.15,"33,637.96"
ID13078,20-Feb-2026,Interest,165.84,0.00,"3,535.83"
ID13078,24-Feb-2026,Debit Card,0.00,965.43,"44,876.88"
ID13078,27-Jan-2026,Reversal,130.53,0.00,"79,724.15"
ID13078,15-Feb-2026,Debit Card,0.00,943.78,"27,413.27"
ID13078,20-Jan-2026,Payment,0.00,935.12,"82,056.25"
ID13078,09-Mar-2026,Reversal,"1,697.61",0.00,"31,239.65"
ID13078,18-Jan-2026,ATM Withdrawal,0.00,485.33,"64,349.82"
ID13078,03-Apr-2026,Interest,441.58,0.00,"84,743.19"
ID13078,14-Feb-2026,Interest,478.42,0.00,"55,087.42"
ID13078,27-Feb-2026,Reversal,"1,510.69",0.00,"91,481.06"
ID13078,06-Jan-2026,Charge,0.00,395.78,"35,206.29"
ID13079,07-Feb-2026,Direct Deposit,"4,100.66",0.00,"98,875.59"
ID13079,05-Feb-2026,Reversal,"1,237.72",0.00,"61,564.22"
ID13079,03-Jan-2026,Interest,101.52,0.00,"80,883.20"
ID13079,14-Jan-2026,Reversal,0.00,"1,358.74","83,387.88"
ID13079,08-Jan-2026,ATM Withdrawal,0.00,228.03,"59,860.87"
ID13079,28-Jan-2026,Debit Card,0.00,315.71,"65,071.72"
ID13079,15-Mar-2026,Charge,0.00,354.79,"15,458.49"
ID13079,02-Apr-2026,Debit Card,0.00,463.37,"84,682.30"
ID13079,28-Mar-2026,Transfer,"1,996.70",0.00,"84,702.93"
ID13079,15-Mar-2026,Payment,865.47,0.00,"57,611.92"
ID13079,21-Feb-2026,Transfer,0.00,72.73,"98,977.53"
ID13079,04-Feb-2026,ATM Withdrawal,0.00,300.53,"61,942.85"
ID13079,09-Mar-2026,Direct Deposit,"4,644.73",0.00,"3,563.69"
ID13079,26-Feb-2026,Transfer,"1,274.50",0.00,"37,126.85"
ID13079,02-Mar-2026,Charge,0.00,200.03,"84,048.06"
ID13079,05-Feb-2026,Direct Deposit,"2,448.82",0.00,"61,638.93"
ID13079,16-Feb-2026,Charge,0.00,876.04,"24,186.93"
ID13079,17-Feb-2026,ATM Withdrawal,0.00,55.15,"82,275.33"
ID13079,15-Feb-2026,Payment,"1,118.19",0.00,"18,062.87"
ID13079,05-Mar-2026,Charge,0.00,632.85,"26,286.63"
ID13080,10-Mar-2026,Direct Deposit,"3,439.74",0.00,"39,328.14"
ID13080,08-Feb-2026,Interest,297.86,0.00,"13,891.68"
ID13080,13-Mar-2026,Charge,0.00,222.12,"17,150.85"
ID13080,05-Jan-2026,Reversal,930.70,0.00,"40,007.65"
ID13080,23-Mar-2026,Interest,129.02,0.00,"40,847.42"
ID13080,14-Jan-2026,Debit Card,0.00,692.87,"50,842.49"
ID13080,04-Mar-2026,Transfer,0.00,197.09,"96,970.01"
ID13080,12-Mar-2026,Charge,0.00,657.57,"4,792.94"
ID13080,22-Jan-2026,Transfer,"1,031.51",0.00,"38,467.34"
ID13080,05-Feb-2026,Reversal,0.00,273.79,"30,581.41"
ID13080,15-Mar-2026,Charge,0.00,836.45,"8,074.90"
ID13080,31-Jan-2026,Debit Card,0.00,889.33,"18,425.62"
ID13080,27-Mar-2026,ATM Withdrawal,0.00,707.91,"95,448.55"
ID13080,26-Feb-2026,Interest,267.30,0.00,"52,762.11"
ID13080,07-Jan-2026,Direct Deposit,"1,540.72",0.00,"69,432.25"
ID13080,02-Feb-2026,Transfer,"1,952.42",0.00,"1,845.36"
ID13080,14-Feb-2026,Interest,117.88,0.00,"75,659.23"
ID13080,20-Jan-2026,Payment,"1,079.72",0.00,"21,710.71"
ID13080,31-Mar-2026,Reversal,"1,006.07",0.00,"11,814.81"
ID13080,12-Feb-2026,Debit Card,0.00,344.41,"49,363.90"
ID13081,23-Jan-2026,ATM Withdrawal,0.00,722.21,"61,886.11"
ID13081,09-Jan-2026,Debit Card,0.00,675.14,"19,834.57"
ID13081,28-Feb-2026,Charge,0.00,245.35,"23,026.80"
ID13081,11-Feb-2026,Payment,"1,096.56",0.00,"97,893.13"
ID13081,05-Mar-2026,Payment,0.00,917.69,"3,963.23"
ID13081,17-Mar-2026,Reversal,0.00,999.97,"57,036.48"
ID13081,31-Jan-2026,Interest,489.21,0.00,"19,159.78"
ID13081,31-Jan-2026,Reversal,"1,440.76",0.00,"62,091.14"
ID13081,25-Mar-2026,Direct Deposit,"2,826.75",0.00,"42,683.65"
ID13081,12-Feb-2026,Transfer,0.00,544.65,"52,546.41"
ID13081,25-Feb-2026,Direct Deposit,"4,711.14",0.00,"51,265.47"
ID13081,31-Mar-2026,Direct Deposit,"1,184.58",0.00,"32,741.60"
ID13081,22-Feb-2026,Charge,0.00,851.88,"35,379.15"
ID13081,13-Jan-2026,Interest,409.91,0.00,"94,731.39"
ID13081,26-Feb-2026,Payment,0.00,655.31,"11,015.60"
ID13081,05-Mar-2026,Interest,195.13,0.00,"75,172.49"
ID13081,18-Feb-2026,Direct Deposit,"2,554.65",0.00,"86,278.95"
ID13081,24-Jan-2026,Reversal,0.00,189.45,"65,258.64"
ID13081,08-Mar-2026,Reversal,951.72,0.00,"66,861.18"
ID13081,04-Mar-2026,Debit Card,0.00,799.17,"82,401.71"
ID13082,16-Feb-2026,Reversal,0.00,169.01,"25,869.65"
ID13082,08-Mar-2026,Charge,0.00,777.36,"83,743.37"
ID13082,22-Mar-2026,Charge,0.00,412.15,"52,802.81"
ID13082,06-Mar-2026,Charge,0.00,218.66,"37,896.63"
ID13082,08-Jan-2026,Charge,0.00,959.88,"46,304.34"
ID13082,03-Feb-2026,Reversal,0.00,"1,285.22","20,979.89"
ID13082,20-Mar-2026,Payment,"1,918.62",0.00,"52,358.30"
ID13082,03-Jan-2026,Payment,"1,535.71",0.00,"66,450.86"
ID13082,02-Apr-2026,Reversal,0.00,321.78,"69,847.95"
ID13082,14-Jan-2026,Transfer,0.00,"1,130.26","24,694.11"
ID13082,06-Mar-2026,ATM Withdrawal,0.00,547.41,"31,684.56"
ID13082,30-Jan-2026,Interest,33.34,0.00,"83,719.09"
ID13082,31-Mar-2026,ATM Withdrawal,0.00,159.29,"22,202.02"
ID13082,06-Jan-2026,Interest,172.24,0.00,"1,084.62"
ID13082,12-Feb-2026,Debit Card,0.00,766.59,"87,861.25"
ID13082,23-Feb-2026,Interest,139.95,0.00,"22,312.68"
ID13082,04-Jan-2026,Reversal,"1,763.45",0.00,"60,152.48"
ID13082,31-Jan-2026,Transfer,"1,496.06",0.00,"15,297.74"
ID13082,14-Mar-2026,Direct Deposit,"4,330.03",0.00,"42,487.18"
ID13082,21-Jan-2026,Charge,0.00,886.84,"72,535.94"
ID13083,16-Feb-2026,Transfer,0.00,475.21,"39,350.26"
ID13083,26-Feb-2026,Reversal,"1,250.68",0.00,"49,025.33"
ID13083,20-Jan-2026,ATM Withdrawal,0.00,390.40,"80,606.48"
ID13083,21-Jan-2026,Payment,"1,201.66",0.00,"78,357.14"
ID13083,04-Feb-2026,Interest,211.56,0.00,"86,353.72"
ID13083,16-Mar-2026,Transfer,0.00,289.72,"91,906.87"
ID13083,04-Feb-2026,Reversal,910.18,0.00,"83,801.64"
ID13083,16-Feb-2026,Charge,0.00,463.13,"38,309.82"
ID13083,26-Feb-2026,Transfer,0.00,718.98,"53,382.58"
ID13083,19-Jan-2026,Direct Deposit,"4,245.27",0.00,"12,734.82"
ID13083,10-Mar-2026,Transfer,"1,726.91",0.00,"70,848.33"
ID13083,01-Mar-2026,Direct Deposit,"1,301.85",0.00,"51,044.49"
ID13083,25-Mar-2026,Charge,0.00,197.98,"74,135.35"
ID13083,17-Feb-2026,Payment,"1,521.05",0.00,"72,064.06"
ID13083,16-Feb-2026,ATM Withdrawal,0.00,895.24,"43,218.95"
ID13083,12-Feb-2026,Transfer,0.00,66.93,"84,860.47"
ID13083,22-Feb-2026,Debit Card,0.00,375.82,"66,230.77"
ID13083,01-Feb-2026,Transfer,0.00,"1,046.05","64,308.68"
ID13083,13-Jan-2026,Payment,389.65,0.00,"27,128.59"
ID13083,17-Mar-2026,Interest,417.12,0.00,"73,306.03"
ID13084,30-Mar-2026,Payment,"1,558.82",0.00,"7,578.45"
ID13084,25-Feb-2026,ATM Withdrawal,0.00,879.27,"87,860.89"
ID13084,28-Feb-2026,Debit Card,0.00,637.57,"53,199.41"
ID13084,28-Jan-2026,Interest,462.48,0.00,"12,751.40"
ID13084,17-Jan-2026,Interest,455.08,0.00,"25,273.74"
ID13084,21-Feb-2026,Payment,0.00,807.77,"96,863.15"
ID13084,03-Apr-2026,Charge,0.00,441.73,"92,512.73"
ID13084,11-Feb-2026,ATM Withdrawal,0.00,648.78,"70,323.14"
ID13084,12-Feb-2026,Direct Deposit,"4,014.85",0.00,"12,884.40"
ID13084,01-Apr-2026,Interest,18.45,0.00,"25,852.10"
ID13084,10-Feb-2026,Direct Deposit,699.88,0.00,"31,138.92"
ID13084,21-Feb-2026,Debit Card,0.00,576.04,"4,997.49"
ID13084,04-Feb-2026,Debit Card,0.00,568.24,"58,382.68"
ID13084,20-Mar-2026,ATM Withdrawal,0.00,960.04,"61,156.53"
ID13084,18-Mar-2026,Debit Card,0.00,455.21,"17,794.81"
ID13084,29-Jan-2026,Direct Deposit,"3,267.89",0.00,"65,418.30"
ID13084,02-Apr-2026,Interest,324.56,0.00,"43,360.58"
ID13084,28-Jan-2026,Debit Card,0.00,815.62,"30,913.74"
ID13084,23-Feb-2026,ATM Withdrawal,0.00,345.72,"45,476.95"
ID13084,09-Feb-2026,Direct Deposit,"3,823.32",0.00,"86,034.29"
ID13085,03-Jan-2026,Reversal,655.69,0.00,"2,830.52"
ID13085,24-Feb-2026,Interest,461.97,0.00,"69,399.66"
ID13085,21-Jan-2026,Transfer,0.00,398.47,"1,695.45"
ID13085,22-Feb-2026,Direct Deposit,"1,024.42",0.00,"56,673.74"
ID13085,19-Jan-2026,Transfer,0.00,"1,478.64","69,365.32"
ID13085,13-Jan-2026,ATM Withdrawal,0.00,888.08,"7,789.64"
ID13085,14-Jan-2026,Debit Card,0.00,190.28,"15,998.82"
ID13085,26-Feb-2026,Transfer,"1,839.48",0.00,"32,629.06"
ID13085,16-Mar-2026,Reversal,937.54,0.00,"6,357.63"
ID13085,27-Feb-2026,Direct Deposit,"1,441.89",0.00,"54,469.63"
ID13085,10-Jan-2026,Charge,0.00,249.70,"43,439.71"
ID13085,30-Jan-2026,Transfer,0.00,942.26,"9,310.29"
ID13085,14-Mar-2026,Payment,995.08,0.00,"15,046.82"
ID13085,31-Jan-2026,Debit Card,0.00,167.33,"71,703.79"
ID13085,19-Mar-2026,Direct Deposit,"4,426.86",0.00,"25,090.30"
ID13085,08-Mar-2026,Transfer,0.00,833.69,"96,461.76"
ID13085,03-Feb-2026,Debit Card,0.00,346.76,"14,799.00"
ID13085,22-Jan-2026,Direct Deposit,"1,020.82",0.00,"59,304.60"
ID13085,05-Jan-2026,Debit Card,0.00,579.54,"62,699.74"
ID13085,04-Mar-2026,Interest,404.94,0.00,"46,673.03"
ID13086,04-Feb-2026,ATM Withdrawal,0.00,497.58,"99,333.49"
ID13086,19-Mar-2026,Interest,125.34,0.00,"50,571.46"
ID13086,21-Mar-2026,Direct Deposit,826.63,0.00,"63,237.80"
ID13086,11-Feb-2026,ATM Withdrawal,0.00,688.85,"26,302.17"
ID13086,13-Jan-2026,Transfer,0.00,378.37,"12,173.41"
ID13086,21-Jan-2026,Direct Deposit,"4,428.76",0.00,"28,683.37"
ID13086,16-Feb-2026,Charge,0.00,736.80,"29,491.21"
ID13086,22-Jan-2026,Payment,139.09,0.00,"39,431.15"
ID13086,20-Jan-2026,Payment,"1,358.05",0.00,"93,090.69"
ID13086,27-Jan-2026,Payment,"1,091.30",0.00,"66,124.46"
ID13086,05-Feb-2026,Transfer,279.13,0.00,"26,685.82"
ID13086,10-Mar-2026,Reversal,972.81,0.00,"62,619.92"
ID13086,01-Feb-2026,Interest,400.15,0.00,"81,231.32"
ID13086,14-Jan-2026,Charge,0.00,687.09,"88,177.24"
ID13086,08-Mar-2026,ATM Withdrawal,0.00,811.62,"52,602.35"
ID13086,07-Feb-2026,Transfer,196.96,0.00,"5,273.28"
ID13086,10-Mar-2026,Charge,0.00,460.83,"5,774.44"
ID13086,28-Jan-2026,Direct Deposit,"1,290.38",0.00,"56,509.63"
ID13086,27-Jan-2026,Charge,0.00,946.45,"98,378.09"
ID13086,22-Feb-2026,Reversal,"1,704.05",0.00,"91,839.05"
ID13087,03-Apr-2026,Reversal,0.00,369.20,"73,077.10"
ID13087,21-Mar-2026,Charge,0.00,54.19,"72,487.60"
ID13087,17-Jan-2026,Payment,"1,421.14",0.00,"74,871.48"
ID13087,28-Mar-2026,Interest,174.11,0.00,"73,711.00"
ID13087,05-Jan-2026,Interest,483.77,0.00,"86,616.74"
ID13087,10-Feb-2026,Reversal,0.00,953.69,"42,576.05"
ID13087,08-Mar-2026,ATM Withdrawal,0.00,225.93,"47,926.95"
ID13087,20-Mar-2026,Transfer,"1,945.45",0.00,"70,818.66"
ID13087,01-Feb-2026,Charge,0.00,269.49,"99,907.33"
ID13087,03-Jan-2026,Charge,0.00,790.48,"27,464.20"
ID13087,04-Feb-2026,Debit Card,0.00,527.43,"43,015.32"
ID13087,12-Feb-2026,Debit Card,0.00,683.83,"57,488.90"
ID13087,26-Feb-2026,Reversal,372.12,0.00,"46,419.79"
ID13087,12-Jan-2026,Debit Card,0.00,475.00,"76,799.79"
ID13087,03-Mar-2026,Debit Card,0.00,786.44,"5,673.09"
ID13087,20-Mar-2026,Transfer,0.00,696.52,"27,444.14"
ID13087,05-Feb-2026,Direct Deposit,"3,178.53",0.00,"65,001.40"
ID13087,03-Jan-2026,Reversal,0.00,388.70,"55,820.87"
ID13087,06-Mar-2026,Debit Card,0.00,126.75,"49,621.05"
ID13087,17-Jan-2026,Reversal,0.00,277.12,"22,307.37"
ID13088,25-Feb-2026,Direct Deposit,"1,762.92",0.00,"92,387.38"
ID13088,28-Feb-2026,Debit Card,0.00,36.32,"6,761.20"
ID13088,22-Feb-2026,Interest,152.86,0.00,"7,013.64"
ID13088,18-Mar-2026,Direct Deposit,"1,652.48",0.00,"26,358.25"
ID13088,02-Mar-2026,Debit Card,0.00,646.69,"6,248.16"
ID13088,20-Mar-2026,Direct Deposit,"1,802.87",0.00,"48,022.78"
ID13088,26-Jan-2026,Interest,301.45,0.00,"20,672.92"
ID13088,31-Mar-2026,Direct Deposit,"4,209.98",0.00,"54,597.58"
ID13088,17-Feb-2026,Interest,298.54,0.00,"68,354.61"
ID13088,22-Jan-2026,Reversal,0.00,"1,431.62","30,847.47"
ID13088,31-Jan-2026,ATM Withdrawal,0.00,24.03,"16,878.67"
ID13088,01-Mar-2026,ATM Withdrawal,0.00,245.93,"46,539.30"
ID13088,25-Feb-2026,Direct Deposit,"4,198.80",0.00,"63,840.22"
ID13088,06-Mar-2026,Payment,0.00,856.14,"58,416.82"
ID13088,18-Mar-2026,Debit Card,0.00,58.15,"26,582.27"
ID13088,10-Mar-2026,Debit Card,0.00,994.42,"47,242.62"
ID13088,26-Jan-2026,ATM Withdrawal,0.00,195.66,"23,126.03"
ID13088,16-Mar-2026,Charge,0.00,598.34,"84,845.74"
ID13088,21-Feb-2026,ATM Withdrawal,0.00,804.09,"27,363.52"
ID13088,24-Mar-2026,Interest,303.48,0.00,"28,232.01"
ID13089,03-Apr-2026,Reversal,0.00,270.19,"53,677.71"
ID13089,08-Mar-2026,Charge,0.00,882.74,"33,130.50"
ID13089,21-Mar-2026,Charge,0.00,666.90,"89,288.89"
ID13089,15-Jan-2026,Transfer,0.00,"1,145.27","52,694.07"
ID13089,16-Jan-2026,Payment,0.00,775.20,"56,828.07"
ID13089,04-Jan-2026,Charge,0.00,317.59,"70,042.25"
ID13089,21-Feb-2026,Payment,457.75,0.00,"55,639.09"
ID13089,23-Jan-2026,Reversal,0.00,599.11,"93,663.46"
ID13089,22-Jan-2026,Transfer,143.03,0.00,"69,205.50"
ID13089,30-Jan-2026,Charge,0.00,666.65,"35,602.75"
ID13089,25-Feb-2026,Reversal,0.00,"1,316.88","75,853.97"
ID13089,14-Jan-2026,ATM Withdrawal,0.00,501.81,"40,472.06"
ID13089,05-Jan-2026,Payment,0.00,944.64,"23,300.09"
ID13089,22-Mar-2026,Debit Card,0.00,459.51,"47,025.23"
ID13089,06-Mar-2026,Direct Deposit,"3,109.43",0.00,"22,954.78"
ID13089,22-Feb-2026,Reversal,"1,716.76",0.00,"51,553.20"
ID13089,25-Feb-2026,Debit Card,0.00,26.53,"21,470.23"
ID13089,01-Apr-2026,Transfer,0.00,400.26,"22,209.53"
ID13089,28-Jan-2026,Direct Deposit,"4,865.56",0.00,"72,397.57"
ID13089,13-Feb-2026,ATM Withdrawal,0.00,79.38,"95,127.58"
ID13090,13-Jan-2026,Reversal,0.00,450.39,"70,771.89"
ID13090,06-Feb-2026,Payment,"1,368.23",0.00,"90,696.05"
ID13090,25-Jan-2026,Interest,425.86,0.00,"32,356.55"
ID13090,26-Mar-2026,Transfer,570.01,0.00,"64,025.47"
ID13090,16-Mar-2026,Interest,154.46,0.00,"41,784.35"
ID13090,01-Apr-2026,Charge,0.00,285.00,"67,123.28"
ID13090,04-Mar-2026,Interest,363.46,0.00,"48,692.07"
ID13090,09-Jan-2026,Interest,481.39,0.00,"73,322.88"
ID13090,13-Jan-2026,Charge,0.00,312.21,"39,348.43"
ID13090,30-Mar-2026,ATM Withdrawal,0.00,985.91,"81,283.47"
ID13090,04-Jan-2026,Interest,379.92,0.00,"80,932.79"
ID13090,31-Jan-2026,Debit Card,0.00,457.13,"55,659.85"
ID13090,13-Mar-2026,Debit Card,0.00,570.74,"25,629.49"
ID13090,20-Mar-2026,Interest,185.12,0.00,"35,214.93"
ID13090,12-Feb-2026,Direct Deposit,"4,763.73",0.00,"22,739.44"
ID13090,06-Mar-2026,ATM Withdrawal,0.00,988.08,"98,434.09"
ID13090,17-Mar-2026,Payment,"1,183.72",0.00,"83,402.39"
ID13090,15-Feb-2026,Charge,0.00,942.76,"12,953.53"
ID13090,24-Mar-2026,ATM Withdrawal,0.00,229.51,"11,734.16"
ID13090,04-Feb-2026,Reversal,"1,184.80",0.00,"51,938.67"
ID13091,24-Mar-2026,Charge,0.00,618.95,"67,185.22"
ID13091,13-Mar-2026,Direct Deposit,"4,410.72",0.00,"71,547.95"
ID13091,31-Mar-2026,Debit Card,0.00,523.56,"55,960.33"
ID13091,28-Jan-2026,Payment,0.00,155.38,"59,832.03"
ID13091,27-Mar-2026,Charge,0.00,751.08,"27,796.16"
ID13091,08-Jan-2026,Interest,235.96,0.00,"68,937.54"
ID13091,17-Jan-2026,Debit Card,0.00,46.41,"15,958.26"
ID13091,12-Jan-2026,Direct Deposit,672.68,0.00,"40,778.49"
ID13091,13-Mar-2026,Charge,0.00,473.43,"56,513.46"
ID13091,07-Jan-2026,Interest,219.35,0.00,"26,972.95"
ID13091,07-Mar-2026,Debit Card,0.00,221.78,"20,630.87"
ID13091,06-Feb-2026,Direct Deposit,"2,884.63",0.00,"12,259.43"
ID13091,20-Jan-2026,Debit Card,0.00,684.79,"30,624.64"
ID13091,14-Mar-2026,Direct Deposit,"1,810.85",0.00,"51,421.88"
ID13091,09-Feb-2026,ATM Withdrawal,0.00,997.28,"44,618.73"
ID13091,14-Feb-2026,ATM Withdrawal,0.00,556.15,"22,141.88"
ID13091,09-Mar-2026,Charge,0.00,491.48,"55,999.87"
ID13091,14-Jan-2026,Interest,441.49,0.00,"84,603.99"
ID13091,13-Jan-2026,Direct Deposit,"1,430.26",0.00,"13,599.44"
ID13091,17-Feb-2026,ATM Withdrawal,0.00,873.07,"71,221.62"
ID13092,23-Mar-2026,Charge,0.00,935.29,"42,117.91"
ID13092,10-Mar-2026,Reversal,"1,397.45",0.00,"17,844.88"
ID13092,02-Apr-2026,Payment,0.00,53.29,"28,572.60"
ID13092,05-Feb-2026,ATM Withdrawal,0.00,11.94,"78,693.30"
ID13092,28-Feb-2026,Interest,105.40,0.00,"18,830.40"
ID13092,15-Mar-2026,Payment,0.00,"1,066.09","24,503.52"
ID13092,17-Mar-2026,Direct Deposit,"3,318.09",0.00,"27,233.93"
ID13092,24-Jan-2026,Payment,"1,159.56",0.00,"9,744.59"
ID13092,25-Jan-2026,Debit Card,0.00,676.01,"51,705.67"
ID13092,17-Jan-2026,Direct Deposit,"3,499.73",0.00,"63,106.61"
ID13092,27-Mar-2026,Direct Deposit,"4,217.30",0.00,"91,321.14"
ID13092,29-Jan-2026,Payment,0.00,"1,232.03","80,615.29"
ID13092,08-Mar-2026,Debit Card,0.00,439.80,"26,526.29"
ID13092,25-Jan-2026,Charge,0.00,57.67,"3,017.74"
ID13092,03-Mar-2026,Transfer,"1,623.03",0.00,"59,760.93"
ID13092,02-Apr-2026,Reversal,0.00,59.30,"89,184.41"
ID13092,31-Mar-2026,Direct Deposit,"2,021.01",0.00,"80,416.29"
ID13092,08-Mar-2026,Payment,"1,037.23",0.00,"9,607.01"
ID13092,05-Mar-2026,Transfer,"1,536.14",0.00,"40,528.60"
ID13092,25-Feb-2026,Interest,348.66,0.00,"24,045.75"
ID13093,22-Mar-2026,Charge,0.00,898.96,"30,971.67"
ID13093,23-Feb-2026,Charge,0.00,199.02,"80,895.94"
ID13093,02-Mar-2026,Direct Deposit,"4,646.67",0.00,"11,560.66"
ID13093,05-Jan-2026,Direct Deposit,728.88,0.00,"44,270.22"
ID13093,17-Feb-2026,ATM Withdrawal,0.00,528.06,"59,947.91"
ID13093,21-Jan-2026,ATM Withdrawal,0.00,459.53,"48,599.16"
ID13093,18-Mar-2026,Payment,0.00,971.25,"23,105.01"
ID13093,31-Mar-2026,Reversal,0.00,856.34,"24,419.68"
ID13093,17-Feb-2026,Charge,0.00,977.51,"44,222.77"
ID13093,29-Mar-2026,Interest,292.66,0.00,"60,912.44"
ID13093,09-Mar-2026,Charge,0.00,322.37,"83,790.03"
ID13093,30-Mar-2026,Charge,0.00,520.86,"19,338.20"
ID13093,30-Mar-2026,Direct Deposit,"2,476.38",0.00,"74,775.32"
ID13093,13-Mar-2026,Payment,0.00,676.25,"21,626.01"
ID13093,14-Feb-2026,Transfer,0.00,802.03,"71,738.62"
ID13093,18-Feb-2026,Payment,"1,765.32",0.00,"25,936.79"
ID13093,14-Mar-2026,Transfer,0.00,86.59,"20,376.11"
ID13093,14-Mar-2026,Interest,165.29,0.00,"44,308.56"
ID13093,31-Mar-2026,Transfer,0.00,"1,125.14","31,292.83"
ID13093,27-Mar-2026,Charge,0.00,881.76,"62,736.79"
ID13094,11-Mar-2026,Reversal,0.00,253.03,"73,211.03"
ID13094,28-Feb-2026,Direct Deposit,"3,986.58",0.00,"89,139.88"
ID13094,02-Apr-2026,ATM Withdrawal,0.00,392.78,"89,931.70"
ID13094,23-Jan-2026,Transfer,"1,426.38",0.00,"68,361.39"
ID13094,27-Feb-2026,Transfer,0.00,422.88,"29,527.22"
ID13094,14-Mar-2026,Interest,172.45,0.00,"62,159.40"
ID13094,27-Jan-2026,Reversal,0.00,"1,490.11","99,782.90"
ID13094,10-Jan-2026,Debit Card,0.00,491.34,"73,173.88"
ID13094,27-Jan-2026,Direct Deposit,"4,355.70",0.00,"14,312.25"
ID13094,11-Feb-2026,Payment,"1,573.19",0.00,"36,772.74"
ID13094,12-Feb-2026,ATM Withdrawal,0.00,703.33,"72,683.95"
ID13094,03-Mar-2026,Direct Deposit,908.96,0.00,"17,648.23"
ID13094,08-Mar-2026,Direct Deposit,915.30,0.00,"80,810.53"
ID13094,29-Jan-2026,ATM Withdrawal,0.00,692.94,"89,293.70"
ID13094,10-Mar-2026,Reversal,999.95,0.00,"27,540.58"
ID13094,06-Mar-2026,ATM Withdrawal,0.00,67.47,"61,717.07"
ID13094,17-Feb-2026,Reversal,0.00,662.65,"80,432.23"
ID13094,14-Jan-2026,Reversal,0.00,"1,242.39","88,067.37"
ID13094,19-Mar-2026,Direct Deposit,"4,584.81",0.00,"56,503.47"
ID13094,27-Jan-2026,Reversal,"1,956.41",0.00,"12,131.80"
ID13095,04-Jan-2026,Direct Deposit,"2,831.58",0.00,"50,734.19"
ID13095,16-Mar-2026,Payment,0.00,86.63,"73,428.92"
ID13095,27-Jan-2026,Debit Card,0.00,796.56,"95,235.76"
ID13095,20-Mar-2026,ATM Withdrawal,0.00,410.00,"5,847.88"
ID13095,01-Mar-2026,Payment,0.00,353.22,"4,973.63"
ID13095,11-Feb-2026,Charge,0.00,797.97,"73,958.78"
ID13095,18-Mar-2026,Reversal,"1,513.71",0.00,"79,996.73"
ID13095,13-Jan-2026,Direct Deposit,"1,951.71",0.00,"22,714.59"
ID13095,16-Mar-2026,ATM Withdrawal,0.00,799.12,"63,869.75"
ID13095,13-Feb-2026,Charge,0.00,364.86,"53,831.22"
ID13095,12-Feb-2026,Charge,0.00,289.68,"88,581.27"
ID13095,17-Mar-2026,Interest,371.98,0.00,"67,962.26"
ID13095,18-Mar-2026,Payment,0.00,"1,256.82","26,293.24"
ID13095,24-Feb-2026,Transfer,"1,320.06",0.00,"88,793.22"
ID13095,19-Feb-2026,Charge,0.00,446.69,"8,121.35"
ID13095,03-Jan-2026,Direct Deposit,"2,414.00",0.00,"29,416.27"
ID13095,23-Mar-2026,Reversal,"1,721.02",0.00,"31,323.71"
ID13095,15-Jan-2026,Payment,0.00,"1,460.33","75,062.11"
ID13095,20-Feb-2026,Direct Deposit,"1,592.79",0.00,"36,350.30"
ID13095,16-Feb-2026,Reversal,0.00,"1,406.97","22,520.84"
ID13096,30-Mar-2026,Transfer,901.45,0.00,"4,983.47"
ID13096,10-Jan-2026,Direct Deposit,"3,516.25",0.00,"59,405.97"
ID13096,20-Feb-2026,Direct Deposit,"3,049.91",0.00,"47,518.87"
ID13096,14-Mar-2026,Interest,474.56,0.00,"11,636.01"
ID13096,31-Jan-2026,Payment,0.00,620.13,"63,768.97"
ID13096,04-Jan-2026,ATM Withdrawal,0.00,617.61,"43,124.44"
ID13096,05-Jan-2026,Transfer,0.00,"1,323.56","12,031.94"
ID13096,12-Jan-2026,Charge,0.00,461.54,"16,244.03"
ID13096,31-Mar-2026,Reversal,0.00,"1,157.95","59,693.62"
ID13096,17-Jan-2026,Debit Card,0.00,765.47,"21,920.32"
ID13096,21-Jan-2026,Direct Deposit,"3,741.65",0.00,"10,993.22"
ID13096,27-Feb-2026,Direct Deposit,"4,030.46",0.00,"62,423.60"
ID13096,25-Mar-2026,Reversal,292.75,0.00,"66,350.79"
ID13096,14-Mar-2026,Debit Card,0.00,904.38,"32,324.35"
ID13096,07-Feb-2026,ATM Withdrawal,0.00,973.54,"62,868.91"
ID13096,11-Feb-2026,Charge,0.00,860.33,"55,953.91"
ID13096,10-Feb-2026,Debit Card,0.00,10.98,"29,722.50"
ID13096,17-Mar-2026,Interest,344.66,0.00,"82,754.35"
ID13096,15-Jan-2026,Direct Deposit,"3,715.76",0.00,"45,771.70"
ID13096,30-Jan-2026,Reversal,"1,553.72",0.00,"66,967.11"
ID13097,08-Jan-2026,Charge,0.00,619.61,"42,769.03"
ID13097,01-Apr-2026,Interest,341.69,0.00,"17,960.39"
ID13097,15-Mar-2026,Interest,192.67,0.00,"37,495.34"
ID13097,04-Mar-2026,Transfer,"1,484.82",0.00,"45,967.08"
ID13097,12-Jan-2026,Charge,0.00,575.19,"60,072.45"
ID13097,05-Mar-2026,ATM Withdrawal,0.00,479.30,"32,089.65"
ID13097,05-Mar-2026,Interest,418.28,0.00,"59,995.48"
ID13097,25-Feb-2026,ATM Withdrawal,0.00,593.52,"55,507.74"
ID13097,28-Feb-2026,Reversal,"1,889.53",0.00,"28,764.57"
ID13097,11-Feb-2026,Reversal,0.00,"1,359.50","82,511.11"
ID13097,28-Feb-2026,ATM Withdrawal,0.00,266.14,"23,879.86"
ID13097,22-Feb-2026,Debit Card,0.00,511.80,"42,292.69"
ID13097,21-Mar-2026,Payment,0.00,536.35,"67,207.48"
ID13097,19-Mar-2026,Direct Deposit,"3,072.28",0.00,"83,091.31"
ID13097,13-Mar-2026,Reversal,0.00,590.49,"79,249.69"
ID13097,05-Mar-2026,ATM Withdrawal,0.00,731.82,"53,903.95"
ID13097,18-Jan-2026,Debit Card,0.00,690.65,"50,648.09"
ID13097,20-Jan-2026,ATM Withdrawal,0.00,121.95,"50,566.86"
ID13097,09-Mar-2026,Interest,219.55,0.00,"57,157.69"
ID13097,06-Feb-2026,Debit Card,0.00,518.43,"74,462.16"
ID13098,03-Mar-2026,ATM Withdrawal,0.00,679.96,"3,260.20"
ID13098,23-Jan-2026,Transfer,"1,422.97",0.00,"52,673.57"
ID13098,12-Mar-2026,Direct Deposit,"2,156.54",0.00,"27,049.28"
ID13098,27-Mar-2026,Reversal,0.00,"1,105.69","29,262.99"
ID13098,24-Mar-2026,Transfer,316.62,0.00,"20,045.51"
ID13098,26-Jan-2026,Direct Deposit,"4,787.83",0.00,"70,459.48"
ID13098,26-Mar-2026,Debit Card,0.00,373.02,"6,180.34"
ID13098,27-Mar-2026,Transfer,983.28,0.00,"79,113.69"
ID13098,16-Mar-2026,Transfer,0.00,547.53,"25,424.90"
ID13098,30-Jan-2026,Direct Deposit,"4,331.47",0.00,"40,538.77"
ID13098,23-Feb-2026,ATM Withdrawal,0.00,942.52,"88,569.68"
ID13098,26-Jan-2026,Interest,33.69,0.00,"66,199.44"
ID13098,29-Mar-2026,Debit Card,0.00,621.74,"26,202.53"
ID13098,03-Apr-2026,Transfer,"1,375.37",0.00,"89,625.32"
ID13098,18-Mar-2026,Transfer,"1,127.14",0.00,"26,796.58"
ID13098,26-Mar-2026,Payment,0.00,647.67,"44,559.91"
ID13098,28-Mar-2026,Debit Card,0.00,231.56,"72,622.40"
ID13098,31-Jan-2026,Direct Deposit,"3,597.29",0.00,"71,452.91"
ID13098,04-Mar-2026,Debit Card,0.00,733.26,"12,510.14"
ID13098,10-Feb-2026,Interest,220.43,0.00,"87,770.47"
ID13099,25-Mar-2026,Direct Deposit,"2,248.40",0.00,"49,575.86"
ID13099,26-Jan-2026,Transfer,0.00,"1,149.69","26,981.85"
ID13099,06-Feb-2026,Transfer,0.00,"1,442.86","42,255.08"
ID13099,14-Feb-2026,Reversal,"1,919.41",0.00,"86,113.15"
ID13099,23-Jan-2026,Direct Deposit,"4,984.49",0.00,"53,474.91"
ID13099,05-Jan-2026,Interest,143.89,0.00,"83,515.78"
ID13099,29-Jan-2026,Transfer,551.75,0.00,"26,784.23"
ID13099,27-Mar-2026,ATM Withdrawal,0.00,577.58,"91,733.69"
ID13099,15-Jan-2026,Direct Deposit,"1,081.73",0.00,"26,363.80"
ID13099,29-Jan-2026,ATM Withdrawal,0.00,295.89,"2,845.91"
ID13099,13-Mar-2026,Charge,0.00,282.59,"54,907.67"
ID13099,19-Feb-2026,Charge,0.00,347.30,"72,218.11"
ID13099,20-Feb-2026,Interest,284.98,0.00,"79,741.73"
ID13099,08-Mar-2026,Transfer,"1,941.07",0.00,"72,673.49"
ID13099,30-Jan-2026,Interest,467.96,0.00,"72,377.88"
ID13099,14-Feb-2026,Direct Deposit,"4,613.88",0.00,"98,503.06"
ID13099,25-Mar-2026,Transfer,976.15,0.00,"37,106.46"
ID13099,11-Mar-2026,Reversal,"1,221.15",0.00,"73,577.81"
ID13099,02-Apr-2026,Interest,374.47,0.00,"34,508.44"
ID13099,24-Jan-2026,Reversal,0.00,"1,021.88","84,939.77"
ID13100,31-Jan-2026,Reversal,452.35,0.00,"3,756.96"
ID13100,17-Mar-2026,Debit Card,0.00,109.93,"66,641.56"
ID13100,21-Jan-2026,Debit Card,0.00,279.77,"82,606.18"
ID13100,04-Jan-2026,ATM Withdrawal,0.00,202.62,"81,364.64"
ID13100,16-Jan-2026,Reversal,986.25,0.00,"9,062.05"
ID13100,26-Feb-2026,Direct Deposit,"4,734.87",0.00,"78,542.61"
ID13100,03-Feb-2026,Reversal,357.74,0.00,"79,108.35"
ID13100,12-Mar-2026,Transfer,"1,401.96",0.00,"28,283.87"
ID13100,29-Mar-2026,Payment,0.00,762.81,"34,190.09"
ID13100,08-Mar-2026,Charge,0.00,406.66,"30,963.89"
ID13100,13-Mar-2026,Interest,184.71,0.00,"41,068.01"
ID13100,18-Feb-2026,Reversal,"1,762.60",0.00,"97,529.59"
ID13100,26-Mar-2026,Debit Card,0.00,770.84,"87,881.84"
ID13100,08-Mar-2026,Debit Card,0.00,914.40,"57,342.16"
ID13100,02-Mar-2026,Reversal,319.19,0.00,"78,019.97"
ID13100,13-Feb-2026,Reversal,"1,865.88",0.00,"57,181.09"
ID13100,02-Apr-2026,Direct Deposit,"4,133.67",0.00,"92,427.65"
ID13100,08-Mar-2026,Payment,276.89,0.00,"31,710.56"
ID13100,27-Jan-2026,Direct Deposit,"1,169.66",0.00,"2,085.07"
ID13100,19-Mar-2026,Charge,0.00,563.95,"78,295.40"
ID13101,09-Jan-2026,Debit Card,0.00,924.26,"95,101.78"
ID13101,24-Feb-2026,Transfer,"1,601.46",0.00,"99,470.29"
ID13101,17-Jan-2026,ATM Withdrawal,0.00,460.99,"60,469.61"
ID13101,13-Feb-2026,Direct Deposit,"4,725.50",0.00,"37,011.43"
ID13101,10-Jan-2026,Reversal,0.00,"1,495.42","20,495.12"
ID13101,20-Mar-2026,Reversal,0.00,531.00,"26,225.46"
ID13101,27-Feb-2026,Charge,0.00,202.72,"31,028.81"
ID13101,17-Mar-2026,Direct Deposit,"4,502.98",0.00,"15,253.53"
ID13101,08-Feb-2026,ATM Withdrawal,0.00,107.51,"74,860.43"
ID13101,24-Feb-2026,ATM Withdrawal,0.00,622.29,"70,853.18"
ID13101,17-Jan-2026,Debit Card,0.00,833.37,"97,230.23"
ID13101,13-Jan-2026,Debit Card,0.00,205.83,"17,874.42"
ID13101,22-Feb-2026,Interest,397.17,0.00,"56,919.22"
ID13101,24-Feb-2026,ATM Withdrawal,0.00,352.44,"69,709.44"
ID13101,07-Feb-2026,Direct Deposit,"1,909.31",0.00,"52,132.38"
ID13101,17-Feb-2026,Charge,0.00,841.29,"14,502.70"
ID13101,31-Mar-2026,Direct Deposit,"1,358.12",0.00,"75,401.33"
ID13101,08-Jan-2026,Direct Deposit,"4,814.31",0.00,"4,838.26"
ID13101,07-Jan-2026,Transfer,0.00,974.62,"76,336.14"
ID13101,22-Jan-2026,Direct Deposit,"3,885.63",0.00,"6,357.58"
ID13102,25-Jan-2026,ATM Withdrawal,0.00,380.58,"19,157.76"
ID13102,09-Jan-2026,Transfer,0.00,736.98,"73,692.86"
ID13102,16-Feb-2026,Charge,0.00,974.58,"73,062.36"
ID13102,14-Feb-2026,Reversal,944.09,0.00,"37,862.25"
ID13102,08-Jan-2026,Interest,259.71,0.00,"41,646.03"
ID13102,03-Feb-2026,Reversal,791.98,0.00,"34,417.15"
ID13102,02-Apr-2026,Transfer,885.88,0.00,"76,640.01"
ID13102,15-Jan-2026,Reversal,0.00,232.16,"32,981.49"
ID13102,05-Mar-2026,Charge,0.00,78.43,"80,580.81"
ID13102,25-Feb-2026,Transfer,0.00,308.97,"72,538.05"
ID13102,03-Feb-2026,Transfer,0.00,"1,324.30","62,843.22"
ID13102,11-Jan-2026,Reversal,330.94,0.00,"79,470.37"
ID13102,11-Feb-2026,Charge,0.00,789.73,"43,538.73"
ID13102,27-Jan-2026,Reversal,0.00,"1,301.59","16,565.92"
ID13102,13-Feb-2026,ATM Withdrawal,0.00,143.64,"7,890.25"
ID13102,22-Mar-2026,Interest,216.17,0.00,"61,550.13"
ID13102,21-Feb-2026,Payment,0.00,"1,186.81","19,508.10"
ID13102,02-Apr-2026,Reversal,514.12,0.00,"70,836.29"
ID13102,27-Mar-2026,Interest,378.94,0.00,"57,538.29"
ID13102,14-Feb-2026,Charge,0.00,484.47,"7,408.11"
ID13103,08-Feb-2026,ATM Withdrawal,0.00,860.87,"21,629.51"
ID13103,07-Mar-2026,Payment,561.25,0.00,"73,058.96"
ID13103,23-Jan-2026,Direct Deposit,"3,486.27",0.00,"87,092.87"
ID13103,09-Jan-2026,Charge,0.00,530.27,"85,892.09"
ID13103,06-Feb-2026,Direct Deposit,"2,932.08",0.00,"62,634.47"
ID13103,03-Mar-2026,Debit Card,0.00,201.03,"96,582.71"
ID13103,29-Jan-2026,Reversal,0.00,"1,397.89","30,462.16"
ID13103,20-Jan-2026,Charge,0.00,303.75,"78,835.18"
ID13103,01-Mar-2026,Interest,320.85,0.00,"54,885.44"
ID13103,04-Jan-2026,Charge,0.00,468.63,"18,527.91"
ID13103,22-Feb-2026,Direct Deposit,"4,013.76",0.00,"19,189.27"
ID13103,29-Mar-2026,Debit Card,0.00,778.61,"42,158.41"
ID13103,16-Jan-2026,Debit Card,0.00,757.93,"25,240.26"
ID13103,17-Jan-2026,Payment,0.00,378.71,"48,385.53"
ID13103,14-Jan-2026,Interest,281.39,0.00,"28,764.03"
ID13103,09-Mar-2026,Payment,789.55,0.00,"67,555.34"
ID13103,16-Feb-2026,Charge,0.00,313.46,"33,959.21"
ID13103,05-Mar-2026,Direct Deposit,"2,870.13",0.00,"94,483.87"
ID13103,23-Feb-2026,Interest,56.88,0.00,"78,808.53"
ID13103,15-Feb-2026,Payment,"1,033.48",0.00,"37,864.70"
ID13104,08-Feb-2026,Transfer,0.00,"1,436.78","90,104.51"
ID13104,03-Apr-2026,Direct Deposit,"2,192.42",0.00,"39,743.32"
ID13104,30-Jan-2026,ATM Withdrawal,0.00,50.69,"65,176.57"
ID13104,14-Feb-2026,Direct Deposit,"3,823.32",0.00,"70,641.31"
ID13104,12-Jan-2026,Reversal,"1,151.49",0.00,"26,203.85"
ID13104,24-Mar-2026,Reversal,"1,911.09",0.00,"63,094.40"
ID13104,29-Jan-2026,Direct Deposit,"1,993.00",0.00,"90,478.84"
ID13104,10-Mar-2026,Transfer,0.00,119.44,"17,590.48"
ID13104,24-Jan-2026,Charge,0.00,15.64,"71,157.34"
ID13104,05-Feb-2026,Charge,0.00,385.29,"84,639.18"
ID13104,24-Jan-2026,Charge,0.00,438.23,"27,157.94"
ID13104,18-Feb-2026,Interest,33.17,0.00,"62,771.98"
ID13104,21-Feb-2026,Debit Card,0.00,821.18,"11,161.77"
ID13104,15-Jan-2026,Reversal,0.00,822.93,"53,751.67"
ID13104,30-Mar-2026,Debit Card,0.00,64.78,"9,352.43"
ID13104,08-Mar-2026,Reversal,"1,412.15",0.00,"79,964.05"
ID13104,01-Apr-2026,Transfer,"1,756.32",0.00,"23,914.33"
ID13104,04-Feb-2026,Payment,681.93,0.00,"6,543.44"
ID13104,20-Mar-2026,ATM Withdrawal,0.00,879.91,"22,017.91"
ID13104,04-Mar-2026,Charge,0.00,818.14,"36,339.59"
ID13105,02-Apr-2026,Debit Card,0.00,907.90,"32,636.72"
ID13105,21-Jan-2026,ATM Withdrawal,0.00,187.70,"8,135.05"
ID13105,04-Jan-2026,ATM Withdrawal,0.00,167.40,"11,164.51"
ID13105,14-Mar-2026,Interest,463.55,0.00,"43,059.49"
ID13105,24-Feb-2026,Reversal,0.00,"1,397.50","52,037.31"
ID13105,04-Mar-2026,Reversal,"1,243.67",0.00,"49,832.14"
ID13105,25-Mar-2026,ATM Withdrawal,0.00,906.88,"20,418.11"
ID13105,01-Mar-2026,Interest,49.80,0.00,"65,568.40"
ID13105,12-Mar-2026,Reversal,"1,853.74",0.00,"19,630.74"
ID13105,11-Mar-2026,Charge,0.00,75.74,"93,436.88"
ID13105,01-Feb-2026,ATM Withdrawal,0.00,868.29,"2,593.19"
ID13105,14-Mar-2026,Transfer,0.00,315.84,"89,558.10"
ID13105,19-Mar-2026,ATM Withdrawal,0.00,772.58,"35,940.39"
ID13105,24-Jan-2026,Payment,0.00,"1,038.64","43,111.33"
ID13105,05-Feb-2026,Interest,350.50,0.00,"85,037.53"
ID13105,04-Mar-2026,Reversal,0.00,255.20,"68,911.42"
ID13105,09-Feb-2026,Charge,0.00,148.38,"45,388.96"
ID13105,06-Jan-2026,Payment,0.00,225.72,"49,430.64"
ID13105,02-Feb-2026,Transfer,143.94,0.00,"83,971.90"
ID13105,16-Mar-2026,Debit Card,0.00,431.66,"7,553.11"
ID13106,06-Mar-2026,Reversal,"1,270.24",0.00,"30,157.21"
ID13106,25-Mar-2026,ATM Withdrawal,0.00,403.58,"13,563.11"
ID13106,16-Feb-2026,Transfer,"1,465.32",0.00,"57,528.78"
ID13106,09-Mar-2026,ATM Withdrawal,0.00,20.76,"89,001.47"
ID13106,03-Apr-2026,Transfer,259.86,0.00,"10,685.85"
ID13106,05-Jan-2026,Interest,54.27,0.00,"10,559.59"
ID13106,01-Feb-2026,Reversal,0.00,160.84,"56,252.33"
ID13106,01-Mar-2026,Direct Deposit,"4,098.55",0.00,"59,846.82"
ID13106,03-Feb-2026,ATM Withdrawal,0.00,207.64,"93,104.56"
ID13106,11-Mar-2026,Charge,0.00,976.78,"5,715.86"
ID13106,03-Mar-2026,Transfer,"1,021.42",0.00,"17,430.56"
ID13106,28-Feb-2026,Transfer,0.00,"1,309.02","88,082.13"
ID13106,30-Mar-2026,Debit Card,0.00,545.02,"60,660.03"
ID13106,28-Mar-2026,Reversal,0.00,432.13,"24,282.96"
ID13106,20-Feb-2026,Charge,0.00,774.63,"8,230.77"
ID13106,23-Jan-2026,Debit Card,0.00,157.52,"85,680.54"
ID13106,01-Mar-2026,Charge,0.00,119.98,"17,028.45"
ID13106,06-Jan-2026,Debit Card,0.00,251.13,"76,209.14"
ID13106,15-Jan-2026,Interest,258.16,0.00,"69,749.73"
ID13106,04-Jan-2026,Direct Deposit,"2,195.81",0.00,"32,389.51"
ID13107,18-Jan-2026,Interest,261.22,0.00,"66,712.86"
ID13107,03-Apr-2026,Direct Deposit,"1,969.50",0.00,"89,734.78"
ID13107,02-Feb-2026,Charge,0.00,373.58,"10,953.41"
ID13107,13-Mar-2026,Direct Deposit,"4,676.43",0.00,"6,668.10"
ID13107,06-Mar-2026,Reversal,0.00,580.62,"4,599.07"
ID13107,08-Jan-2026,Reversal,0.00,"1,072.93","3,929.54"
ID13107,21-Feb-2026,Charge,0.00,636.05,"9,890.01"
ID13107,01-Apr-2026,Interest,472.96,0.00,"77,741.14"
ID13107,01-Apr-2026,Transfer,0.00,513.59,"99,672.04"
ID13107,18-Jan-2026,Reversal,"1,731.17",0.00,"72,083.00"
ID13107,22-Jan-2026,Direct Deposit,"4,749.25",0.00,"20,287.99"
ID13107,28-Jan-2026,Reversal,555.88,0.00,"41,985.00"
ID13107,20-Mar-2026,Direct Deposit,"3,896.38",0.00,"28,358.94"
ID13107,11-Mar-2026,Interest,458.55,0.00,"3,020.53"
ID13107,17-Mar-2026,Reversal,"1,151.61",0.00,"86,917.17"
ID13107,13-Feb-2026,ATM Withdrawal,0.00,757.30,"3,031.15"
ID13107,10-Feb-2026,Reversal,0.00,779.72,"75,695.60"
ID13107,08-Jan-2026,Transfer,0.00,240.86,"82,421.53"
ID13107,08-Mar-2026,ATM Withdrawal,0.00,14.25,"35,746.04"
ID13107,15-Jan-2026,Charge,0.00,367.15,"32,774.74"
ID13108,06-Mar-2026,ATM Withdrawal,0.00,285.65,"49,354.15"
ID13108,25-Jan-2026,Debit Card,0.00,742.16,"44,226.72"
ID13108,16-Mar-2026,ATM Withdrawal,0.00,286.17,"70,113.83"
ID13108,04-Mar-2026,Payment,0.00,113.14,"58,856.80"
ID13108,08-Feb-2026,Debit Card,0.00,618.51,"89,467.79"
ID13108,13-Mar-2026,Charge,0.00,734.56,"2,919.71"
ID13108,06-Jan-2026,Direct Deposit,"2,121.14",0.00,"8,514.65"
ID13108,19-Jan-2026,Debit Card,0.00,104.16,"23,190.29"
ID13108,16-Feb-2026,Debit Card,0.00,402.67,"33,870.23"
ID13108,15-Mar-2026,Interest,283.66,0.00,"63,095.41"
ID13108,08-Jan-2026,Payment,0.00,105.96,"93,806.61"
ID13108,25-Jan-2026,Payment,0.00,"1,031.78","80,125.27"
ID13108,03-Apr-2026,Direct Deposit,740.73,0.00,"95,933.71"
ID13108,07-Mar-2026,ATM Withdrawal,0.00,194.71,"81,358.40"
ID13108,01-Feb-2026,Transfer,668.49,0.00,"42,826.92"
ID13108,23-Jan-2026,Direct Deposit,"3,780.06",0.00,"18,752.41"
ID13108,25-Mar-2026,Direct Deposit,"2,506.86",0.00,"41,562.12"
ID13108,07-Feb-2026,Reversal,0.00,"1,340.18","25,857.51"
ID13108,18-Jan-2026,Reversal,0.00,"1,437.77","79,906.26"
ID13108,16-Feb-2026,Charge,0.00,288.18,"48,124.17"
ID13109,15-Feb-2026,Reversal,0.00,125.48,"44,618.60"
ID13109,12-Jan-2026,ATM Withdrawal,0.00,426.86,"82,447.78"
ID13109,05-Feb-2026,Interest,138.51,0.00,"41,320.51"
ID13109,24-Mar-2026,Transfer,"1,681.43",0.00,"48,761.67"
ID13109,01-Feb-2026,Payment,739.93,0.00,"67,781.27"
ID13109,11-Mar-2026,Transfer,0.00,719.48,"92,020.08"
ID13109,06-Mar-2026,ATM Withdrawal,0.00,578.37,"15,466.32"
ID13109,06-Jan-2026,Reversal,0.00,837.08,"11,858.85"
ID13109,05-Jan-2026,ATM Withdrawal,0.00,157.44,"26,591.75"
ID13109,02-Apr-2026,Transfer,862.79,0.00,"44,172.90"
ID13109,08-Jan-2026,ATM Withdrawal,0.00,199.26,"41,935.23"
ID13109,22-Mar-2026,Reversal,0.00,806.33,"61,643.88"
ID13109,30-Mar-2026,Reversal,179.59,0.00,"78,245.74"
ID13109,08-Jan-2026,Reversal,923.31,0.00,"27,226.53"
ID13109,05-Mar-2026,Payment,0.00,874.56,"22,591.34"
ID13109,26-Jan-2026,Charge,0.00,870.55,"68,235.47"
ID13109,02-Apr-2026,Debit Card,0.00,331.20,"40,768.82"
ID13109,11-Mar-2026,Direct Deposit,"4,456.84",0.00,"65,231.34"
ID13109,14-Feb-2026,Charge,0.00,897.42,"57,248.21"
ID13109,07-Feb-2026,Payment,"1,965.31",0.00,"55,930.19"
ID13110,18-Mar-2026,Reversal,0.00,755.24,"38,280.79"
ID13110,25-Feb-2026,Payment,0.00,487.89,"60,452.13"
ID13110,03-Feb-2026,ATM Withdrawal,0.00,547.01,"12,524.03"
ID13110,19-Mar-2026,ATM Withdrawal,0.00,942.66,"23,220.15"
ID13110,21-Jan-2026,Reversal,0.00,"1,015.31","43,299.05"
ID13110,18-Jan-2026,Payment,0.00,304.18,"13,675.96"
ID13110,25-Feb-2026,Reversal,0.00,651.92,"10,909.86"
ID13110,13-Feb-2026,Payment,927.09,0.00,"26,622.01"
ID13110,12-Jan-2026,Charge,0.00,111.27,"58,858.87"
ID13110,07-Mar-2026,Direct Deposit,"4,056.15",0.00,"76,003.65"
ID13110,06-Mar-2026,Transfer,0.00,511.07,"84,342.94"
ID13110,27-Feb-2026,ATM Withdrawal,0.00,181.85,"63,991.83"
ID13110,21-Mar-2026,Payment,"1,855.74",0.00,"88,944.39"
ID13110,25-Feb-2026,Payment,815.68,0.00,"75,113.07"
ID13110,20-Feb-2026,Direct Deposit,"3,972.46",0.00,"59,784.15"
ID13110,23-Feb-2026,Reversal,0.00,232.68,"38,775.81"
ID13110,13-Mar-2026,Direct Deposit,"2,694.58",0.00,"28,553.92"
ID13110,04-Feb-2026,Direct Deposit,"3,381.46",0.00,"68,318.22"
ID13110,07-Jan-2026,Debit Card,0.00,426.01,"34,645.22"
ID13110,28-Feb-2026,Charge,0.00,754.14,"81,104.82"
ID13111,28-Feb-2026,Direct Deposit,"3,709.28",0.00,"52,909.69"
ID13111,26-Jan-2026,Interest,179.93,0.00,"35,399.75"
ID13111,23-Mar-2026,Transfer,0.00,874.43,"84,235.89"
ID13111,09-Jan-2026,Interest,139.60,0.00,"23,833.33"
ID13111,02-Feb-2026,Reversal,0.00,"1,450.31","57,620.16"
ID13111,14-Mar-2026,Interest,439.71,0.00,"94,245.54"
ID13111,08-Mar-2026,Debit Card,0.00,166.09,"72,865.51"
ID13111,03-Mar-2026,Payment,969.73,0.00,"6,847.42"
ID13111,21-Jan-2026,Charge,0.00,737.04,"15,745.19"
ID13111,08-Feb-2026,Debit Card,0.00,992.20,"8,445.32"
ID13111,13-Mar-2026,Transfer,0.00,547.54,"16,822.05"
ID13111,18-Feb-2026,Debit Card,0.00,440.88,"71,692.99"
ID13111,23-Feb-2026,Payment,"1,195.77",0.00,"98,176.89"
ID13111,13-Feb-2026,Charge,0.00,93.33,"9,440.39"
ID13111,05-Jan-2026,Charge,0.00,627.58,"27,207.34"
ID13111,04-Feb-2026,Transfer,0.00,841.49,"38,876.92"
ID13111,13-Mar-2026,Charge,0.00,150.00,"80,052.21"
ID13111,12-Feb-2026,Reversal,0.00,729.10,"18,249.90"
ID13111,04-Feb-2026,Reversal,"1,198.49",0.00,"89,328.90"
ID13111,27-Mar-2026,ATM Withdrawal,0.00,219.74,"32,265.10"
ID13112,01-Feb-2026,ATM Withdrawal,0.00,275.96,"34,323.97"
ID13112,30-Mar-2026,Reversal,"1,395.97",0.00,"16,176.03"
ID13112,18-Jan-2026,Debit Card,0.00,362.29,"99,424.75"
ID13112,27-Jan-2026,Debit Card,0.00,969.12,"35,209.32"
ID13112,10-Feb-2026,Transfer,"1,312.29",0.00,"5,798.96"
ID13112,26-Feb-2026,Payment,0.00,499.12,"33,016.61"
ID13112,05-Jan-2026,Payment,"1,916.48",0.00,"31,656.72"
ID13112,05-Mar-2026,Transfer,0.00,493.06,"69,539.86"
ID13112,15-Feb-2026,Payment,0.00,"1,229.41","53,421.93"
ID13112,21-Feb-2026,ATM Withdrawal,0.00,440.46,"9,507.39"
ID13112,27-Jan-2026,Interest,470.81,0.00,"26,117.96"
ID13112,24-Feb-2026,Transfer,"1,003.23",0.00,"97,323.55"
ID13112,11-Feb-2026,ATM Withdrawal,0.00,28.74,"96,948.18"
ID13112,02-Feb-2026,Reversal,0.00,112.86,"65,752.33"
ID13112,25-Feb-2026,ATM Withdrawal,0.00,920.99,"57,229.42"
ID13112,01-Apr-2026,ATM Withdrawal,0.00,115.03,"90,531.02"
ID13112,30-Mar-2026,Reversal,0.00,422.18,"32,636.45"
ID13112,30-Mar-2026,Reversal,0.00,108.24,"47,573.04"
ID13112,01-Feb-2026,Charge,0.00,274.34,"82,584.05"
ID13112,31-Jan-2026,ATM Withdrawal,0.00,79.83,"88,118.41"
ID13113,13-Feb-2026,Transfer,0.00,343.09,"96,978.31"
ID13113,14-Mar-2026,Interest,423.81,0.00,"54,803.92"
ID13113,19-Jan-2026,Charge,0.00,964.80,"15,099.63"
ID13113,29-Jan-2026,Direct Deposit,"1,506.38",0.00,"22,902.81"
ID13113,08-Mar-2026,Debit Card,0.00,358.21,"70,032.54"
ID13113,09-Jan-2026,Transfer,"1,677.21",0.00,"24,316.38"
ID13113,11-Jan-2026,Interest,297.60,0.00,"89,907.41"
ID13113,18-Feb-2026,Interest,446.42,0.00,"78,753.69"
ID13113,10-Feb-2026,ATM Withdrawal,0.00,147.74,"6,227.01"
ID13113,01-Apr-2026,Interest,177.18,0.00,"78,283.51"
ID13113,28-Feb-2026,Reversal,"1,266.25",0.00,"14,031.31"
ID13113,07-Feb-2026,ATM Withdrawal,0.00,203.30,"54,432.33"
ID13113,17-Mar-2026,Reversal,0.00,497.77,"78,451.34"
ID13113,20-Feb-2026,Direct Deposit,"1,473.83",0.00,"94,426.28"
ID13113,31-Mar-2026,Debit Card,0.00,956.35,"22,902.81"
ID13113,14-Jan-2026,ATM Withdrawal,0.00,662.94,"74,062.28"
ID13113,10-Jan-2026,Payment,0.00,223.65,"30,481.16"
ID13113,08-Jan-2026,Transfer,974.58,0.00,"87,726.74"
ID13113,07-Feb-2026,Payment,156.45,0.00,"92,745.60"
ID13113,20-Mar-2026,Transfer,0.00,"1,305.31","61,595.71"
ID13114,27-Mar-2026,Charge,0.00,969.55,"68,493.97"
ID13114,07-Feb-2026,Direct Deposit,"3,879.99",0.00,"25,449.38"
ID13114,10-Feb-2026,Debit Card,0.00,59.33,"96,588.31"
ID13114,22-Jan-2026,Debit Card,0.00,674.47,"86,445.90"
ID13114,11-Feb-2026,Charge,0.00,689.46,"17,567.97"
ID13114,02-Mar-2026,Direct Deposit,"1,879.48",0.00,"2,870.23"
ID13114,28-Jan-2026,Interest,175.29,0.00,"4,465.52"
ID13114,05-Feb-2026,Interest,243.02,0.00,"38,868.49"
ID13114,01-Feb-2026,Reversal,0.00,115.43,"84,697.36"
ID13114,26-Jan-2026,Reversal,245.09,0.00,"23,510.25"
ID13114,20-Feb-2026,Reversal,"1,945.29",0.00,"4,275.20"
ID13114,19-Feb-2026,ATM Withdrawal,0.00,228.41,"24,485.43"
ID13114,22-Feb-2026,Payment,0.00,390.44,"99,256.42"
ID13114,21-Jan-2026,Direct Deposit,"3,039.72",0.00,"18,294.59"
ID13114,23-Jan-2026,ATM Withdrawal,0.00,104.75,"15,664.79"
ID13114,06-Feb-2026,Reversal,"1,062.45",0.00,"45,887.51"
ID13114,13-Mar-2026,Payment,0.00,813.57,"19,414.38"
ID13114,13-Feb-2026,Interest,398.82,0.00,"34,391.57"
ID13114,27-Jan-2026,Direct Deposit,"2,861.11",0.00,"88,891.57"
ID13114,05-Feb-2026,Payment,0.00,342.29,"69,082.82"
ID13115,03-Feb-2026,Transfer,0.00,908.96,"41,700.69"
ID13115,27-Feb-2026,Direct Deposit,"2,861.01",0.00,"84,698.69"
ID13115,30-Mar-2026,Transfer,0.00,606.21,"98,455.20"
ID13115,19-Mar-2026,Debit Card,0.00,576.36,"39,231.34"
ID13115,19-Feb-2026,Charge,0.00,202.47,"77,222.71"
ID13115,21-Mar-2026,ATM Withdrawal,0.00,975.94,"88,227.90"
ID13115,31-Mar-2026,Interest,132.00,0.00,"50,805.92"
ID13115,06-Mar-2026,Direct Deposit,"1,936.53",0.00,"7,701.64"
ID13115,20-Jan-2026,Payment,0.00,480.86,"83,887.78"
ID13115,15-Feb-2026,Reversal,"1,970.44",0.00,"78,558.20"
ID13115,08-Jan-2026,ATM Withdrawal,0.00,259.06,"75,360.87"
ID13115,26-Jan-2026,Payment,0.00,796.66,"30,576.87"
ID13115,09-Jan-2026,Transfer,"1,900.41",0.00,"34,242.82"
ID13115,23-Mar-2026,Direct Deposit,"2,108.21",0.00,"33,609.20"
ID13115,07-Feb-2026,Reversal,0.00,655.98,"52,923.71"
ID13115,29-Mar-2026,Debit Card,0.00,421.89,"37,838.70"
ID13115,10-Jan-2026,Payment,826.63,0.00,"4,698.04"
ID13115,21-Jan-2026,Payment,223.46,0.00,"83,997.64"
ID13115,26-Feb-2026,Debit Card,0.00,612.47,"58,148.46"
ID13115,27-Mar-2026,ATM Withdrawal,0.00,671.66,"96,389.74"
ID13116,11-Jan-2026,ATM Withdrawal,0.00,535.98,"58,343.26"
ID13116,12-Feb-2026,Reversal,0.00,293.96,"45,630.27"
ID13116,01-Feb-2026,Payment,0.00,957.96,"8,111.18"
ID13116,21-Mar-2026,Reversal,952.89,0.00,"91,225.00"
ID13116,28-Jan-2026,Interest,441.20,0.00,"98,098.98"
ID13116,04-Feb-2026,ATM Withdrawal,0.00,978.13,"40,868.10"
ID13116,26-Jan-2026,Payment,0.00,661.06,"19,224.87"
ID13116,21-Feb-2026,Debit Card,0.00,317.93,"38,771.88"
ID13116,18-Mar-2026,Direct Deposit,"3,745.05",0.00,"63,119.09"
ID13116,10-Feb-2026,Reversal,116.88,0.00,"20,987.68"
ID13116,02-Mar-2026,Reversal,"1,008.18",0.00,"30,541.20"
ID13116,28-Feb-2026,Debit Card,0.00,218.55,"37,112.31"
ID13116,10-Jan-2026,Reversal,0.00,755.37,"35,879.20"
ID13116,20-Mar-2026,Debit Card,0.00,43.43,"90,241.30"
ID13116,07-Jan-2026,ATM Withdrawal,0.00,556.36,"76,534.11"
ID13116,05-Jan-2026,Debit Card,0.00,146.61,"40,328.11"
ID13116,12-Mar-2026,Interest,170.81,0.00,"76,880.90"
ID13116,03-Mar-2026,Direct Deposit,"2,836.34",0.00,"79,412.79"
ID13116,01-Apr-2026,Payment,"1,039.29",0.00,"31,719.75"
ID13116,15-Mar-2026,Reversal,0.00,749.85,"82,812.58"
ID13117,07-Mar-2026,Debit Card,0.00,294.12,"39,674.32"
ID13117,25-Jan-2026,Direct Deposit,"4,518.73",0.00,"52,171.29"
ID13117,29-Jan-2026,Transfer,0.00,988.06,"84,714.84"
ID13117,15-Feb-2026,Direct Deposit,"3,067.84",0.00,"26,028.50"
ID13117,21-Jan-2026,ATM Withdrawal,0.00,574.31,"20,277.99"
ID13117,23-Feb-2026,ATM Withdrawal,0.00,472.45,"45,864.56"
ID13117,08-Jan-2026,Interest,300.69,0.00,"81,193.01"
ID13117,10-Mar-2026,Transfer,0.00,"1,077.67","20,065.36"
ID13117,24-Jan-2026,Transfer,"1,899.54",0.00,"29,077.12"
ID13117,24-Mar-2026,Transfer,0.00,657.94,"42,312.02"
ID13117,25-Mar-2026,Debit Card,0.00,601.92,"53,484.17"
ID13117,22-Jan-2026,Payment,"1,908.86",0.00,"92,146.83"
ID13117,10-Feb-2026,ATM Withdrawal,0.00,894.17,"44,765.18"
ID13117,31-Jan-2026,Reversal,0.00,712.51,"56,722.15"
ID13117,05-Mar-2026,Transfer,0.00,606.69,"58,552.82"
ID13117,11-Jan-2026,Payment,0.00,"1,330.65","56,657.49"
ID13117,05-Mar-2026,Reversal,861.75,0.00,"11,465.31"
ID13117,06-Jan-2026,Transfer,0.00,938.62,"82,141.72"
ID13117,17-Mar-2026,ATM Withdrawal,0.00,715.86,"27,155.50"
ID13117,03-Feb-2026,Debit Card,0.00,406.08,"99,685.18"
ID13118,07-Mar-2026,Interest,265.79,0.00,"88,431.77"
ID13118,29-Mar-2026,Transfer,0.00,"1,155.21","6,238.19"
ID13118,23-Feb-2026,Charge,0.00,474.28,"10,758.18"
ID13118,14-Mar-2026,Debit Card,0.00,32.18,"70,648.25"
ID13118,24-Mar-2026,ATM Withdrawal,0.00,898.41,"94,351.69"
ID13118,31-Mar-2026,Interest,430.00,0.00,"63,005.58"
ID13118,06-Mar-2026,Direct Deposit,683.76,0.00,"18,679.29"
ID13118,11-Mar-2026,Debit Card,0.00,882.65,"48,365.91"
ID13118,18-Jan-2026,Payment,0.00,421.31,"19,729.54"
ID13118,02-Feb-2026,Debit Card,0.00,683.89,"25,127.01"
ID13118,17-Jan-2026,Direct Deposit,917.75,0.00,"29,674.33"
ID13118,19-Jan-2026,Transfer,0.00,897.42,"81,901.02"
ID13118,23-Jan-2026,Transfer,"1,732.42",0.00,"27,296.91"
ID13118,24-Jan-2026,Debit Card,0.00,812.53,"18,619.06"
ID13118,08-Jan-2026,Interest,468.35,0.00,"14,565.45"
ID13118,12-Feb-2026,Interest,263.49,0.00,"64,559.46"
ID13118,22-Jan-2026,Debit Card,0.00,643.47,"92,358.03"
ID13118,30-Mar-2026,Debit Card,0.00,913.91,"38,790.91"
ID13118,30-Mar-2026,Direct Deposit,"1,743.77",0.00,"55,600.95"
ID13118,26-Mar-2026,ATM Withdrawal,0.00,761.50,"18,478.65"
ID13119,14-Feb-2026,Charge,0.00,168.78,"33,235.83"
ID13119,16-Feb-2026,Reversal,519.51,0.00,"54,890.11"
ID13119,29-Mar-2026,Interest,16.86,0.00,"7,326.94"
ID13119,26-Mar-2026,Interest,367.69,0.00,"48,911.99"
ID13119,25-Feb-2026,Charge,0.00,939.72,"86,837.91"
ID13119,18-Mar-2026,Charge,0.00,966.39,"25,774.33"
ID13119,15-Feb-2026,Reversal,0.00,392.83,"18,922.81"
ID13119,14-Jan-2026,Interest,336.35,0.00,"28,182.36"
ID13119,26-Jan-2026,Payment,0.00,389.72,"50,342.02"
ID13119,31-Jan-2026,Interest,182.38,0.00,"43,771.67"
ID13119,12-Jan-2026,Payment,924.98,0.00,"11,350.85"
ID13119,16-Mar-2026,Payment,0.00,"1,302.91","31,398.74"
ID13119,01-Mar-2026,Transfer,0.00,"1,161.05","36,657.92"
ID13119,11-Feb-2026,Interest,175.92,0.00,"85,232.59"
ID13119,24-Jan-2026,Transfer,0.00,"1,136.48","69,629.48"
ID13119,01-Mar-2026,Payment,"1,828.47",0.00,"74,407.63"
ID13119,17-Jan-2026,Transfer,0.00,746.27,"71,383.97"
ID13119,31-Jan-2026,Interest,274.97,0.00,"67,594.33"
ID13119,23-Mar-2026,ATM Withdrawal,0.00,405.31,"8,589.64"
ID13119,27-Mar-2026,Interest,443.55,0.00,"39,371.19"
ID13120,27-Mar-2026,Payment,0.00,"1,388.15","7,575.44"
ID13120,28-Mar-2026,Reversal,0.00,554.82,"76,606.21"
ID13120,11-Jan-2026,ATM Withdrawal,0.00,644.57,"12,150.70"
ID13120,06-Feb-2026,Direct Deposit,"2,554.16",0.00,"25,943.60"
ID13120,26-Jan-2026,Direct Deposit,"3,423.03",0.00,"72,953.11"
ID13120,28-Feb-2026,Charge,0.00,166.86,"44,813.40"
ID13120,07-Jan-2026,Transfer,251.76,0.00,"18,188.33"
ID13120,24-Jan-2026,ATM Withdrawal,0.00,507.60,"37,621.49"
ID13120,12-Mar-2026,Interest,106.90,0.00,"95,391.92"
ID13120,23-Feb-2026,Charge,0.00,29.90,"83,717.51"
ID13120,31-Jan-2026,Transfer,0.00,979.97,"47,674.98"
ID13120,14-Jan-2026,ATM Withdrawal,0.00,968.37,"53,295.87"
ID13120,29-Jan-2026,Payment,0.00,928.54,"25,998.63"
ID13120,29-Jan-2026,ATM Withdrawal,0.00,271.52,"70,651.15"
ID13120,05-Mar-2026,Payment,277.92,0.00,"14,715.15"
ID13120,09-Jan-2026,Transfer,653.26,0.00,"1,134.47"
ID13120,16-Jan-2026,Reversal,0.00,311.36,"55,302.42"
ID13120,18-Feb-2026,Interest,294.94,0.00,"90,199.12"
ID13120,15-Jan-2026,Reversal,0.00,"1,099.95","39,075.58"
ID13120,03-Mar-2026,Interest,167.30,0.00,"63,690.41"
ID13121,07-Jan-2026,Transfer,0.00,97.16,"45,145.51"
ID13121,18-Feb-2026,Charge,0.00,42.41,"25,064.12"
ID13121,07-Mar-2026,Transfer,234.38,0.00,"63,902.89"
ID13121,01-Feb-2026,Reversal,0.00,"1,126.63","27,567.12"
ID13121,26-Jan-2026,Reversal,"1,375.66",0.00,"72,471.55"
ID13121,04-Jan-2026,ATM Withdrawal,0.00,31.10,"25,530.64"
ID13121,25-Feb-2026,Charge,0.00,113.13,"94,288.46"
ID13121,20-Mar-2026,Interest,366.69,0.00,"85,105.97"
ID13121,17-Mar-2026,Payment,"1,476.93",0.00,"3,762.82"
ID13121,01-Apr-2026,Direct Deposit,"1,121.21",0.00,"47,250.35"
ID13121,20-Jan-2026,Interest,302.01,0.00,"11,495.00"
ID13121,29-Jan-2026,Interest,364.54,0.00,"48,826.98"
ID13121,15-Mar-2026,Charge,0.00,31.31,"97,346.12"
ID13121,13-Mar-2026,Debit Card,0.00,559.03,"70,209.27"
ID13121,15-Feb-2026,Interest,209.48,0.00,"88,786.36"
ID13121,22-Jan-2026,Charge,0.00,755.46,"22,488.49"
ID13121,04-Mar-2026,Direct Deposit,"4,073.93",0.00,"43,276.32"
ID13121,01-Apr-2026,Reversal,0.00,"1,247.09","8,239.24"
ID13121,18-Jan-2026,ATM Withdrawal,0.00,590.05,"76,324.55"
ID13121,24-Mar-2026,Payment,0.00,476.27,"91,790.16"
ID13122,16-Mar-2026,Payment,"1,204.38",0.00,"31,696.15"
ID13122,13-Feb-2026,Interest,445.55,0.00,"88,244.51"
ID13122,24-Mar-2026,Payment,"1,225.42",0.00,"91,486.00"
ID13122,13-Mar-2026,Reversal,0.00,631.69,"92,154.00"
ID13122,28-Feb-2026,Reversal,482.89,0.00,"95,893.37"
ID13122,13-Jan-2026,Interest,270.40,0.00,"90,945.07"
ID13122,17-Feb-2026,Debit Card,0.00,835.86,"40,098.78"
ID13122,09-Jan-2026,ATM Withdrawal,0.00,804.18,"69,941.65"
ID13122,02-Feb-2026,ATM Withdrawal,0.00,332.84,"50,422.63"
ID13122,26-Feb-2026,Transfer,"1,939.02",0.00,"73,461.14"
ID13122,12-Feb-2026,Debit Card,0.00,807.21,"27,096.03"
ID13122,07-Jan-2026,Debit Card,0.00,682.22,"35,265.36"
ID13122,06-Feb-2026,Interest,183.46,0.00,"63,082.73"
ID13122,21-Feb-2026,Debit Card,0.00,150.51,"43,561.21"
ID13122,04-Mar-2026,Interest,313.55,0.00,"95,933.61"
ID13122,18-Mar-2026,Debit Card,0.00,403.75,"77,540.68"
ID13122,18-Jan-2026,Debit Card,0.00,519.04,"47,745.76"
ID13122,07-Jan-2026,Direct Deposit,"4,536.16",0.00,"71,405.36"
ID13122,27-Feb-2026,ATM Withdrawal,0.00,727.87,"83,075.21"
ID13122,23-Jan-2026,Transfer,936.98,0.00,"75,188.94"
ID13123,06-Jan-2026,Direct Deposit,"3,599.47",0.00,"37,869.36"
ID13123,06-Mar-2026,Debit Card,0.00,164.03,"4,217.55"
ID13123,28-Mar-2026,Charge,0.00,437.16,"82,159.94"
ID13123,11-Mar-2026,Interest,473.80,0.00,"33,975.14"
ID13123,05-Jan-2026,Charge,0.00,236.00,"25,978.79"
ID13123,27-Jan-2026,Debit Card,0.00,270.35,"16,404.21"
ID13123,07-Feb-2026,ATM Withdrawal,0.00,731.81,"20,114.27"
ID13123,06-Feb-2026,Transfer,"1,804.49",0.00,"72,994.51"
ID13123,25-Mar-2026,Interest,478.40,0.00,"54,462.68"
ID13123,15-Feb-2026,Charge,0.00,987.78,"76,043.11"
ID13123,24-Mar-2026,Interest,79.24,0.00,"40,714.77"
ID13123,01-Feb-2026,ATM Withdrawal,0.00,64.58,"67,694.47"
ID13123,16-Mar-2026,Direct Deposit,"3,333.39",0.00,"88,593.52"
ID13123,05-Feb-2026,Direct Deposit,"2,589.25",0.00,"38,739.59"
ID13123,12-Feb-2026,Direct Deposit,"2,926.14",0.00,"31,820.36"
ID13123,24-Jan-2026,ATM Withdrawal,0.00,922.97,"44,426.88"
ID13123,07-Feb-2026,Debit Card,0.00,874.42,"3,215.71"
ID13123,18-Feb-2026,Interest,232.96,0.00,"98,288.70"
ID13123,04-Feb-2026,Charge,0.00,486.95,"73,569.75"
ID13123,13-Jan-2026,Charge,0.00,536.05,"85,681.05"
ID13124,05-Jan-2026,Direct Deposit,"3,971.58",0.00,"97,676.38"
ID13124,07-Mar-2026,Direct Deposit,"1,217.76",0.00,"45,313.27"
ID13124,23-Feb-2026,Reversal,0.00,478.27,"5,285.08"
ID13124,19-Feb-2026,Interest,99.88,0.00,"39,668.44"
ID13124,13-Jan-2026,Interest,281.04,0.00,"14,741.70"
ID13124,29-Mar-2026,Reversal,0.00,579.31,"38,678.65"
ID13124,08-Jan-2026,Transfer,"1,894.94",0.00,"90,068.35"
ID13124,09-Mar-2026,ATM Withdrawal,0.00,532.46,"41,150.72"
ID13124,27-Mar-2026,Reversal,889.63,0.00,"69,741.88"
ID13124,15-Mar-2026,Debit Card,0.00,871.87,"88,652.71"
ID13124,15-Mar-2026,Transfer,"1,054.84",0.00,"39,920.65"
ID13124,13-Jan-2026,Reversal,0.00,"1,344.31","36,987.87"
ID13124,25-Mar-2026,Debit Card,0.00,884.63,"56,550.60"
ID13124,22-Feb-2026,Direct Deposit,"4,107.86",0.00,"20,479.33"
ID13124,18-Jan-2026,Charge,0.00,749.18,"13,099.23"
ID13124,18-Feb-2026,Reversal,"1,792.94",0.00,"86,276.35"
ID13124,08-Jan-2026,Direct Deposit,672.14,0.00,"26,567.56"
ID13124,16-Mar-2026,Direct Deposit,915.98,0.00,"56,200.90"
ID13124,19-Jan-2026,Reversal,0.00,"1,047.85","92,662.54"
ID13124,24-Feb-2026,Direct Deposit,"3,801.98",0.00,"90,270.16"
ID13125,11-Jan-2026,Charge,0.00,937.82,"85,252.98"
ID13125,15-Jan-2026,Reversal,0.00,404.46,"25,525.77"
ID13125,17-Mar-2026,Direct Deposit,"1,321.10",0.00,"94,491.04"
ID13125,24-Jan-2026,Interest,181.34,0.00,"68,485.72"
ID13125,17-Jan-2026,Debit Card,0.00,515.65,"92,853.15"
ID13125,15-Feb-2026,Interest,140.62,0.00,"90,991.95"
ID13125,25-Jan-2026,Direct Deposit,"4,232.62",0.00,"18,369.54"
ID13125,12-Mar-2026,Reversal,"1,998.38",0.00,"83,137.85"
ID13125,16-Jan-2026,Debit Card,0.00,945.35,"46,032.18"
ID13125,16-Mar-2026,ATM Withdrawal,0.00,150.80,"52,609.28"
ID13125,23-Mar-2026,Charge,0.00,963.95,"55,394.06"
ID13125,30-Mar-2026,Reversal,986.41,0.00,"97,334.43"
ID13125,02-Apr-2026,ATM Withdrawal,0.00,954.33,"20,817.96"
ID13125,26-Feb-2026,Charge,0.00,895.59,"37,102.52"
ID13125,09-Mar-2026,Interest,266.75,0.00,"23,048.56"
ID13125,02-Feb-2026,Payment,"1,339.67",0.00,"68,239.20"
ID13125,11-Jan-2026,Payment,0.00,707.84,"82,385.53"
ID13125,13-Feb-2026,Payment,273.83,0.00,"79,679.96"
ID13125,10-Mar-2026,Debit Card,0.00,267.31,"57,893.37"
ID13125,14-Jan-2026,Payment,"1,839.80",0.00,"72,872.26"
ID13126,24-Feb-2026,ATM Withdrawal,0.00,697.49,"58,899.82"
ID13126,08-Mar-2026,Debit Card,0.00,939.42,"68,213.66"
ID13126,20-Jan-2026,Payment,420.57,0.00,"55,748.51"
ID13126,14-Mar-2026,Charge,0.00,126.50,"92,750.35"
ID13126,09-Mar-2026,Direct Deposit,"1,591.07",0.00,"73,253.33"
ID13126,07-Feb-2026,Charge,0.00,918.99,"49,991.56"
ID13126,28-Mar-2026,Debit Card,0.00,836.70,"9,513.60"
ID13126,26-Jan-2026,Transfer,"1,959.63",0.00,"21,954.25"
ID13126,14-Mar-2026,Transfer,0.00,925.36,"44,203.21"
ID13126,19-Mar-2026,Interest,339.38,0.00,"55,444.10"
ID13126,30-Jan-2026,Charge,0.00,718.47,"50,298.10"
ID13126,10-Mar-2026,Transfer,769.30,0.00,"57,606.73"
ID13126,17-Jan-2026,Transfer,0.00,"1,269.15","82,929.73"
ID13126,23-Jan-2026,Direct Deposit,934.72,0.00,"99,281.51"
ID13126,06-Mar-2026,Interest,147.38,0.00,"56,519.68"
ID13126,08-Mar-2026,Debit Card,0.00,815.23,"69,781.37"
ID13126,27-Mar-2026,Interest,151.41,0.00,"9,492.93"
ID13126,25-Mar-2026,Debit Card,0.00,764.46,"73,312.11"
ID13126,28-Feb-2026,ATM Withdrawal,0.00,141.28,"66,741.69"
ID13126,13-Jan-2026,Direct Deposit,"3,082.44",0.00,"62,364.70"
ID13127,06-Feb-2026,Payment,0.00,"1,139.97","69,863.23"
ID13127,03-Mar-2026,Debit Card,0.00,736.85,"72,946.94"
ID13127,16-Jan-2026,ATM Withdrawal,0.00,594.35,"77,404.14"
ID13127,05-Jan-2026,Reversal,"1,263.06",0.00,"2,675.83"
ID13127,10-Feb-2026,Transfer,0.00,531.90,"12,444.06"
ID13127,09-Mar-2026,Reversal,0.00,"1,499.60","76,990.59"
ID13127,26-Mar-2026,Debit Card,0.00,962.50,"75,801.50"
ID13127,12-Mar-2026,Interest,344.42,0.00,"4,488.15"
ID13127,21-Feb-2026,Debit Card,0.00,379.15,"44,040.75"
ID13127,16-Jan-2026,Debit Card,0.00,624.51,"17,591.66"
ID13127,23-Jan-2026,Interest,190.92,0.00,"48,994.06"
ID13127,15-Mar-2026,Debit Card,0.00,542.38,"68,222.48"
ID13127,10-Mar-2026,Charge,0.00,368.10,"46,831.82"
ID13127,01-Mar-2026,Reversal,0.00,763.85,"2,989.88"
ID13127,05-Mar-2026,Interest,219.79,0.00,"53,583.14"
ID13127,25-Feb-2026,ATM Withdrawal,0.00,474.34,"2,797.27"
ID13127,17-Jan-2026,ATM Withdrawal,0.00,617.47,"31,943.62"
ID13127,26-Mar-2026,Direct Deposit,803.51,0.00,"95,829.55"
ID13127,04-Mar-2026,Reversal,0.00,414.47,"6,860.64"
ID13127,07-Feb-2026,Payment,0.00,"1,333.02","45,241.64"
ID13128,24-Feb-2026,Interest,171.76,0.00,"95,526.87"
ID13128,06-Feb-2026,Charge,0.00,887.51,"8,441.65"
ID13128,19-Jan-2026,Direct Deposit,"4,960.05",0.00,"51,728.29"
ID13128,12-Feb-2026,Direct Deposit,"1,657.82",0.00,"59,821.36"
ID13128,23-Jan-2026,Interest,189.92,0.00,"74,792.93"
ID13128,23-Feb-2026,Transfer,983.28,0.00,"31,321.38"
ID13128,02-Mar-2026,Interest,182.63,0.00,"50,644.04"
ID13128,31-Jan-2026,ATM Withdrawal,0.00,960.29,"15,738.64"
ID13128,07-Jan-2026,Payment,0.00,328.02,"78,943.41"
ID13128,14-Jan-2026,Payment,0.00,67.88,"25,647.20"
ID13128,16-Jan-2026,Reversal,"1,768.17",0.00,"24,476.14"
ID13128,22-Feb-2026,Direct Deposit,"3,099.87",0.00,"97,794.70"
ID13128,20-Feb-2026,Reversal,612.23,0.00,"51,125.70"
ID13128,02-Mar-2026,Reversal,"1,790.47",0.00,"30,191.59"
ID13128,07-Mar-2026,Debit Card,0.00,812.98,"12,846.09"
ID13128,28-Mar-2026,Charge,0.00,119.69,"58,943.86"
ID13128,01-Apr-2026,Debit Card,0.00,712.00,"29,097.63"
ID13128,16-Feb-2026,Reversal,0.00,339.32,"19,297.61"
ID13128,09-Mar-2026,Charge,0.00,916.02,"40,234.18"
ID13128,04-Jan-2026,Payment,0.00,131.51,"78,066.76"
ID13129,29-Mar-2026,Direct Deposit,"2,665.46",0.00,"57,997.89"
ID13129,29-Mar-2026,Reversal,0.00,261.78,"32,739.68"
ID13129,22-Mar-2026,Direct Deposit,"4,741.56",0.00,"80,143.41"
ID13129,26-Feb-2026,Reversal,0.00,170.39,"43,662.04"
ID13129,15-Mar-2026,Direct Deposit,"3,228.06",0.00,"23,597.60"
ID13129,11-Jan-2026,Debit Card,0.00,780.25,"93,998.46"
ID13129,04-Feb-2026,Direct Deposit,637.33,0.00,"42,317.31"
ID13129,16-Mar-2026,Payment,"1,237.91",0.00,"23,174.60"
ID13129,24-Mar-2026,Charge,0.00,626.35,"47,319.22"
ID13129,10-Jan-2026,Charge,0.00,113.50,"28,652.38"
ID13129,23-Feb-2026,Interest,421.20,0.00,"21,865.23"
ID13129,19-Jan-2026,Direct Deposit,"1,924.16",0.00,"93,222.84"
ID13129,12-Mar-2026,Debit Card,0.00,608.73,"99,247.48"
ID13129,26-Jan-2026,Payment,"1,063.91",0.00,"24,676.14"
ID13129,07-Jan-2026,Interest,175.50,0.00,"76,146.15"
ID13129,04-Jan-2026,Interest,72.54,0.00,"8,408.40"
ID13129,28-Mar-2026,Reversal,121.13,0.00,"39,235.00"
ID13129,05-Jan-2026,Interest,343.59,0.00,"46,088.61"
ID13129,14-Mar-2026,Payment,0.00,"1,242.35","34,445.98"
ID13129,13-Feb-2026,Reversal,745.02,0.00,"21,729.04"
ID13130,29-Jan-2026,Direct Deposit,"3,008.38",0.00,"69,667.15"
ID13130,13-Mar-2026,Transfer,"1,677.65",0.00,"29,554.64"
ID13130,11-Feb-2026,Debit Card,0.00,109.61,"10,545.53"
ID13130,16-Feb-2026,Direct Deposit,"4,824.71",0.00,"30,136.90"
ID13130,19-Jan-2026,Reversal,192.39,0.00,"50,968.11"
ID13130,25-Mar-2026,Debit Card,0.00,198.90,"92,571.14"
ID13130,29-Mar-2026,Direct Deposit,"3,646.14",0.00,"74,984.97"
ID13130,28-Mar-2026,Transfer,"1,202.77",0.00,"63,936.02"
ID13130,22-Mar-2026,Payment,0.00,641.99,"78,806.48"
ID13130,28-Feb-2026,ATM Withdrawal,0.00,467.08,"3,728.69"
ID13130,10-Jan-2026,Debit Card,0.00,147.76,"18,805.04"
ID13130,18-Jan-2026,Transfer,0.00,208.73,"5,324.71"
ID13130,02-Feb-2026,Reversal,679.15,0.00,"38,375.48"
ID13130,19-Jan-2026,Charge,0.00,390.44,"98,794.48"
ID13130,21-Feb-2026,Payment,784.49,0.00,"68,017.61"
ID13130,28-Jan-2026,Interest,95.94,0.00,"85,400.90"
ID13130,07-Mar-2026,Direct Deposit,"4,176.39",0.00,"4,235.15"
ID13130,11-Mar-2026,Transfer,0.00,965.93,"65,164.53"
ID13130,24-Mar-2026,Transfer,158.03,0.00,"99,565.55"
ID13130,29-Mar-2026,Direct Deposit,"2,759.90",0.00,"35,177.21"
ID13131,18-Mar-2026,Debit Card,0.00,265.51,"63,763.84"
ID13131,04-Feb-2026,Debit Card,0.00,152.15,"40,624.09"
ID13131,09-Mar-2026,Interest,31.48,0.00,"4,304.07"
ID13131,22-Feb-2026,ATM Withdrawal,0.00,627.66,"75,492.65"
ID13131,29-Jan-2026,Interest,87.59,0.00,"67,368.65"
ID13131,17-Feb-2026,Charge,0.00,736.88,"89,227.73"
ID13131,09-Feb-2026,Transfer,0.00,288.42,"57,818.66"
ID13131,20-Jan-2026,ATM Withdrawal,0.00,538.01,"77,601.22"
ID13131,19-Feb-2026,Reversal,0.00,"1,214.49","10,912.56"
ID13131,25-Jan-2026,Direct Deposit,"4,871.61",0.00,"64,440.68"
ID13131,20-Feb-2026,Reversal,215.37,0.00,"88,781.31"
ID13131,12-Mar-2026,Interest,384.14,0.00,"13,707.48"
ID13131,20-Feb-2026,Reversal,"1,508.74",0.00,"72,822.10"
ID13131,05-Jan-2026,Payment,0.00,963.07,"63,317.95"
ID13131,13-Jan-2026,Transfer,0.00,690.79,"6,853.15"
ID13131,01-Feb-2026,Reversal,0.00,892.67,"99,118.94"
ID13131,04-Feb-2026,Transfer,0.00,577.35,"46,074.15"
ID13131,27-Feb-2026,Reversal,"1,630.46",0.00,"16,026.44"
ID13131,29-Jan-2026,ATM Withdrawal,0.00,776.97,"54,193.94"
ID13131,26-Mar-2026,Payment,570.49,0.00,"52,624.35"
ID13132,12-Jan-2026,Direct Deposit,"1,618.23",0.00,"30,561.57"
ID13132,06-Mar-2026,Charge,0.00,670.02,"27,484.97"
ID13132,18-Mar-2026,Debit Card,0.00,905.10,"87,429.97"
ID13132,21-Jan-2026,Charge,0.00,860.63,"2,843.86"
ID13132,15-Jan-2026,Payment,126.41,0.00,"19,455.66"
ID13132,26-Jan-2026,Interest,52.75,0.00,"4,968.18"
ID13132,22-Jan-2026,Payment,332.13,0.00,"26,360.34"
ID13132,23-Mar-2026,Payment,0.00,165.47,"79,144.13"
ID13132,22-Feb-2026,Transfer,"1,326.51",0.00,"9,745.07"
ID13132,02-Mar-2026,ATM Withdrawal,0.00,748.68,"93,541.98"
ID13132,06-Feb-2026,Debit Card,0.00,204.55,"37,217.51"
ID13132,25-Feb-2026,Transfer,"1,251.68",0.00,"16,861.79"
ID13132,31-Mar-2026,Reversal,"1,373.34",0.00,"61,955.72"
ID13132,22-Feb-2026,Debit Card,0.00,990.30,"61,705.09"
ID13132,12-Mar-2026,Reversal,0.00,921.83,"40,928.02"
ID13132,27-Jan-2026,Reversal,0.00,"1,363.07","47,930.13"
ID13132,08-Mar-2026,Transfer,"1,089.63",0.00,"22,377.27"
ID13132,30-Mar-2026,Charge,0.00,612.80,"35,270.90"
ID13132,26-Mar-2026,Payment,0.00,"1,167.43","42,840.21"
ID13132,05-Feb-2026,ATM Withdrawal,0.00,502.49,"87,572.82"
ID13133,12-Feb-2026,Charge,0.00,807.38,"29,760.77"
ID13133,11-Feb-2026,Direct Deposit,"2,247.93",0.00,"18,065.20"
ID13133,12-Jan-2026,Reversal,"1,896.66",0.00,"17,698.32"
ID13133,15-Feb-2026,Reversal,169.94,0.00,"69,520.65"
ID13133,07-Feb-2026,Interest,284.01,0.00,"64,689.65"
ID13133,28-Mar-2026,Payment,"1,523.28",0.00,"31,775.21"
ID13133,24-Feb-2026,Debit Card,0.00,684.45,"27,446.81"
ID13133,27-Jan-2026,Interest,308.48,0.00,"46,738.64"
ID13133,09-Feb-2026,Charge,0.00,967.07,"87,694.76"
ID13133,11-Feb-2026,Charge,0.00,680.62,"50,558.08"
ID13133,09-Jan-2026,ATM Withdrawal,0.00,849.13,"90,987.25"
ID13133,15-Jan-2026,Interest,314.93,0.00,"9,172.04"
ID13133,09-Feb-2026,ATM Withdrawal,0.00,236.24,"27,964.68"
ID13133,20-Jan-2026,Interest,63.69,0.00,"78,676.30"
ID13133,14-Feb-2026,Payment,0.00,"1,294.98","63,814.92"
ID13133,07-Mar-2026,Transfer,0.00,369.09,"74,648.69"
ID13133,25-Feb-2026,ATM Withdrawal,0.00,718.74,"17,572.56"
ID13133,30-Jan-2026,Interest,399.44,0.00,"31,539.18"
ID13133,27-Feb-2026,Interest,108.26,0.00,"57,583.40"
ID13133,19-Feb-2026,Debit Card,0.00,573.58,"82,943.05"
ID13134,05-Jan-2026,Payment,838.25,0.00,"73,861.38"
ID13134,06-Mar-2026,Interest,302.20,0.00,"9,890.48"
ID13134,08-Jan-2026,Interest,387.89,0.00,"66,851.50"
ID13134,18-Mar-2026,Payment,"1,783.79",0.00,"90,996.10"
ID13134,23-Feb-2026,Payment,0.00,"1,494.59","86,619.73"
ID13134,24-Mar-2026,Direct Deposit,"4,980.85",0.00,"74,287.60"
ID13134,30-Jan-2026,Charge,0.00,146.33,"51,662.82"
ID13134,07-Mar-2026,Interest,236.49,0.00,"50,315.33"
ID13134,26-Mar-2026,Debit Card,0.00,336.41,"34,463.04"
ID13134,03-Mar-2026,Direct Deposit,"3,112.33",0.00,"82,110.23"
ID13134,15-Jan-2026,ATM Withdrawal,0.00,78.70,"56,290.25"
ID13134,26-Mar-2026,Charge,0.00,894.52,"94,314.37"
ID13134,18-Jan-2026,Reversal,0.00,"1,072.88","28,948.55"
ID13134,16-Mar-2026,Payment,0.00,808.38,"58,771.57"
ID13134,16-Feb-2026,Direct Deposit,"1,245.30",0.00,"89,270.90"
ID13134,09-Jan-2026,Interest,466.02,0.00,"38,345.64"
ID13134,24-Mar-2026,ATM Withdrawal,0.00,408.46,"31,824.26"
ID13134,15-Mar-2026,Direct Deposit,"2,696.79",0.00,"39,275.48"
ID13134,10-Feb-2026,Charge,0.00,691.24,"85,244.44"
ID13134,16-Mar-2026,Direct Deposit,"3,739.95",0.00,"79,748.55"
ID13135,11-Mar-2026,Reversal,0.00,"1,346.49","4,191.12"
ID13135,24-Jan-2026,ATM Withdrawal,0.00,813.52,"48,239.84"
ID13135,23-Mar-2026,Payment,0.00,68.13,"58,323.62"
ID13135,09-Mar-2026,Debit Card,0.00,427.55,"25,343.58"
ID13135,28-Jan-2026,Transfer,659.00,0.00,"40,478.86"
ID13135,23-Mar-2026,Transfer,641.66,0.00,"78,186.35"
ID13135,23-Jan-2026,Interest,499.44,0.00,"94,207.35"
ID13135,18-Jan-2026,Direct Deposit,"3,662.38",0.00,"29,331.05"
ID13135,12-Mar-2026,Payment,0.00,900.73,"70,363.74"
ID13135,16-Jan-2026,Reversal,0.00,135.93,"46,556.95"
ID13135,06-Mar-2026,Debit Card,0.00,976.69,"80,663.76"
ID13135,25-Jan-2026,Transfer,0.00,693.51,"9,921.50"
ID13135,27-Feb-2026,Interest,101.23,0.00,"12,966.95"
ID13135,11-Mar-2026,Reversal,378.51,0.00,"29,238.58"
ID13135,28-Jan-2026,Charge,0.00,416.03,"35,263.57"
ID13135,22-Jan-2026,Transfer,0.00,312.05,"72,342.11"
ID13135,13-Mar-2026,Debit Card,0.00,948.30,"25,077.44"
ID13135,08-Mar-2026,Reversal,678.51,0.00,"9,212.44"
ID13135,28-Feb-2026,Charge,0.00,478.55,"61,522.77"
ID13135,03-Mar-2026,Charge,0.00,291.10,"51,299.30"
ID13136,30-Jan-2026,Charge,0.00,765.14,"52,323.39"
ID13136,30-Jan-2026,Charge,0.00,822.75,"37,990.67"
ID13136,24-Mar-2026,Transfer,"1,068.55",0.00,"98,325.37"
ID13136,01-Apr-2026,ATM Withdrawal,0.00,730.44,"1,102.22"
ID13136,26-Jan-2026,Charge,0.00,112.38,"29,678.63"
ID13136,03-Apr-2026,Interest,459.23,0.00,"66,236.86"
ID13136,28-Feb-2026,Reversal,992.30,0.00,"2,392.01"
ID13136,03-Mar-2026,Payment,"1,430.16",0.00,"56,741.98"
ID13136,17-Mar-2026,Reversal,0.00,453.82,"69,219.61"
ID13136,16-Feb-2026,Transfer,0.00,820.71,"8,076.63"
ID13136,28-Mar-2026,ATM Withdrawal,0.00,949.40,"83,594.64"
ID13136,12-Jan-2026,Debit Card,0.00,109.89,"81,905.17"
ID13136,01-Mar-2026,Transfer,0.00,964.87,"15,983.52"
ID13136,14-Feb-2026,Direct Deposit,"1,388.60",0.00,"52,070.90"
ID13136,15-Mar-2026,Interest,311.45,0.00,"44,540.17"
ID13136,21-Mar-2026,Charge,0.00,795.88,"84,070.22"
ID13136,26-Feb-2026,Payment,862.43,0.00,"84,635.27"
ID13136,24-Mar-2026,Debit Card,0.00,897.84,"52,589.30"
ID13136,27-Mar-2026,Charge,0.00,381.54,"97,675.12"
ID13136,01-Feb-2026,Charge,0.00,111.63,"51,308.41"
ID13137,29-Jan-2026,Reversal,0.00,"1,308.63","97,404.73"
ID13137,24-Feb-2026,Transfer,584.28,0.00,"10,183.66"
ID13137,12-Feb-2026,Transfer,0.00,761.01,"33,228.71"
ID13137,10-Mar-2026,Transfer,326.00,0.00,"94,625.29"
ID13137,08-Jan-2026,ATM Withdrawal,0.00,689.24,"6,571.34"
ID13137,25-Feb-2026,Direct Deposit,"2,123.54",0.00,"58,203.76"
ID13137,03-Jan-2026,Debit Card,0.00,359.03,"20,486.68"
ID13137,17-Mar-2026,Charge,0.00,636.96,"6,963.68"
ID13137,11-Mar-2026,Reversal,"1,371.43",0.00,"25,490.23"
ID13137,01-Apr-2026,Transfer,0.00,906.23,"85,601.29"
ID13137,19-Feb-2026,Reversal,0.00,"1,172.00","29,713.65"
ID13137,11-Feb-2026,Direct Deposit,"1,727.98",0.00,"86,074.12"
ID13137,08-Feb-2026,Interest,116.17,0.00,"39,738.45"
ID13137,25-Feb-2026,Payment,464.56,0.00,"26,170.36"
ID13137,06-Mar-2026,ATM Withdrawal,0.00,100.09,"62,917.98"
ID13137,09-Feb-2026,Payment,0.00,"1,032.38","63,777.15"
ID13137,21-Jan-2026,Direct Deposit,"4,903.47",0.00,"59,756.90"
ID13137,25-Feb-2026,Direct Deposit,"2,514.80",0.00,"35,112.73"
ID13137,13-Feb-2026,Debit Card,0.00,985.11,"19,491.54"
ID13137,20-Feb-2026,Transfer,0.00,58.92,"88,739.51"
ID13138,03-Apr-2026,Reversal,418.04,0.00,"13,365.31"
ID13138,04-Mar-2026,Charge,0.00,473.73,"32,695.93"
ID13138,19-Mar-2026,Reversal,793.02,0.00,"59,853.72"
ID13138,30-Mar-2026,Interest,463.32,0.00,"12,043.00"
ID13138,12-Jan-2026,Reversal,0.00,54.64,"79,886.80"
ID13138,31-Jan-2026,Charge,0.00,315.23,"8,329.96"
ID13138,11-Feb-2026,Direct Deposit,"2,857.99",0.00,"68,088.28"
ID13138,25-Feb-2026,ATM Withdrawal,0.00,235.22,"6,618.76"
ID13138,28-Jan-2026,Reversal,0.00,800.21,"8,543.54"
ID13138,30-Mar-2026,Charge,0.00,603.70,"90,597.49"
ID13138,11-Mar-2026,Reversal,0.00,"1,090.84","73,854.38"
ID13138,22-Mar-2026,Direct Deposit,"2,816.70",0.00,"35,261.90"
ID13138,25-Mar-2026,Interest,102.05,0.00,"79,144.90"
ID13138,03-Mar-2026,Direct Deposit,"3,885.85",0.00,"98,178.95"
ID13138,21-Mar-2026,Reversal,0.00,363.71,"56,373.87"
ID13138,15-Feb-2026,ATM Withdrawal,0.00,22.61,"30,964.81"
ID13138,31-Mar-2026,Reversal,0.00,384.30,"42,737.52"
ID13138,24-Feb-2026,Payment,958.61,0.00,"91,030.88"
ID13138,06-Mar-2026,Reversal,"1,512.70",0.00,"78,378.09"
ID13138,01-Feb-2026,Charge,0.00,761.09,"19,969.60"
ID13139,10-Jan-2026,ATM Withdrawal,0.00,458.66,"5,904.81"
ID13139,08-Jan-2026,Reversal,"1,332.38",0.00,"57,383.72"
ID13139,06-Mar-2026,Interest,106.33,0.00,"91,603.99"
ID13139,04-Jan-2026,Charge,0.00,159.84,"13,212.26"
ID13139,08-Jan-2026,Interest,89.55,0.00,"56,995.35"
ID13139,10-Jan-2026,ATM Withdrawal,0.00,623.89,"3,490.93"
ID13139,01-Mar-2026,Payment,"1,856.20",0.00,"63,772.45"
ID13139,18-Jan-2026,Interest,390.06,0.00,"85,331.93"
ID13139,13-Jan-2026,Reversal,0.00,484.00,"85,350.76"
ID13139,11-Mar-2026,Payment,0.00,805.45,"43,832.47"
ID13139,21-Feb-2026,Transfer,0.00,"1,359.16","75,844.15"
ID13139,11-Jan-2026,Interest,190.47,0.00,"4,071.84"
ID13139,08-Mar-2026,Interest,293.19,0.00,"35,646.38"
ID13139,26-Jan-2026,Charge,0.00,996.22,"31,923.27"
ID13139,19-Jan-2026,Transfer,767.56,0.00,"16,348.77"
ID13139,21-Jan-2026,Reversal,0.00,811.82,"88,743.77"
ID13139,16-Feb-2026,Direct Deposit,"1,472.64",0.00,"37,539.85"
ID13139,01-Mar-2026,Debit Card,0.00,820.48,"52,706.54"
ID13139,24-Mar-2026,Direct Deposit,"1,154.10",0.00,"42,304.96"
ID13139,31-Jan-2026,Charge,0.00,33.84,"71,569.20"
ID13140,05-Jan-2026,Payment,0.00,560.84,"36,639.25"
ID13140,11-Jan-2026,Debit Card,0.00,399.28,"50,641.58"
ID13140,21-Feb-2026,ATM Withdrawal,0.00,586.92,"88,314.07"
ID13140,07-Feb-2026,Reversal,0.00,"1,015.80","79,730.79"
ID13140,11-Mar-2026,Transfer,0.00,"1,313.74","62,011.01"
ID13140,16-Jan-2026,ATM Withdrawal,0.00,216.52,"85,336.61"
ID13140,31-Mar-2026,Charge,0.00,275.99,"22,164.86"
ID13140,11-Mar-2026,Charge,0.00,716.32,"61,891.20"
ID13140,13-Jan-2026,Direct Deposit,"2,152.15",0.00,"37,595.25"
ID13140,30-Jan-2026,ATM Withdrawal,0.00,484.47,"28,119.57"
ID13140,31-Mar-2026,Transfer,0.00,"1,290.27","34,116.46"
ID13140,21-Feb-2026,Debit Card,0.00,922.75,"42,999.27"
ID13140,05-Mar-2026,Transfer,0.00,209.20,"21,100.73"
ID13140,04-Feb-2026,Payment,0.00,101.29,"57,011.00"
ID13140,22-Jan-2026,ATM Withdrawal,0.00,248.49,"56,341.89"
ID13140,04-Feb-2026,ATM Withdrawal,0.00,874.27,"57,675.65"
ID13140,16-Mar-2026,Reversal,733.11,0.00,"52,514.59"
ID13140,28-Jan-2026,Direct Deposit,"3,476.42",0.00,"72,837.75"
ID13140,01-Feb-2026,Reversal,0.00,777.02,"65,820.28"
ID13140,20-Mar-2026,Debit Card,0.00,668.42,"74,376.69"
ID13141,20-Jan-2026,Interest,176.48,0.00,"82,208.74"
ID13141,07-Jan-2026,Payment,"1,878.80",0.00,"36,478.85"
ID13141,30-Mar-2026,ATM Withdrawal,0.00,589.52,"34,744.47"
ID13141,11-Feb-2026,Payment,"1,084.43",0.00,"37,002.51"
ID13141,28-Feb-2026,Payment,0.00,"1,139.42","68,716.21"
ID13141,31-Jan-2026,Reversal,"1,365.12",0.00,"40,021.65"
ID13141,02-Mar-2026,ATM Withdrawal,0.00,133.56,"31,046.96"
ID13141,02-Mar-2026,Direct Deposit,"4,461.49",0.00,"97,390.89"
ID13141,18-Feb-2026,Charge,0.00,877.23,"93,798.84"
ID13141,05-Jan-2026,Reversal,"1,482.84",0.00,"1,819.00"
ID13141,28-Jan-2026,Debit Card,0.00,465.86,"71,256.58"
ID13141,14-Feb-2026,ATM Withdrawal,0.00,10.29,"2,234.89"
ID13141,13-Feb-2026,Transfer,"1,028.83",0.00,"1,316.37"
ID13141,10-Jan-2026,ATM Withdrawal,0.00,290.38,"88,523.17"
ID13141,23-Mar-2026,Debit Card,0.00,745.80,"16,327.80"
ID13141,22-Mar-2026,Direct Deposit,"3,752.32",0.00,"26,835.40"
ID13141,12-Jan-2026,ATM Withdrawal,0.00,731.51,"3,735.61"
ID13141,28-Mar-2026,Debit Card,0.00,752.17,"61,160.51"
ID13141,16-Feb-2026,Reversal,974.45,0.00,"56,571.61"
ID13141,08-Feb-2026,Charge,0.00,305.66,"92,001.07"
ID13142,03-Mar-2026,Debit Card,0.00,55.35,"92,727.17"
ID13142,29-Jan-2026,Direct Deposit,"1,286.85",0.00,"30,530.51"
ID13142,26-Mar-2026,Debit Card,0.00,850.52,"98,856.15"
ID13142,04-Mar-2026,Direct Deposit,"3,916.02",0.00,"31,043.57"
ID13142,01-Feb-2026,Debit Card,0.00,621.76,"11,971.96"
ID13142,03-Mar-2026,Payment,0.00,"1,461.45","44,314.58"
ID13142,13-Jan-2026,Payment,699.60,0.00,"50,182.24"
ID13142,02-Feb-2026,Reversal,0.00,136.13,"16,648.61"
ID13142,19-Mar-2026,Debit Card,0.00,980.73,"83,508.30"
ID13142,15-Feb-2026,ATM Withdrawal,0.00,421.06,"40,960.44"
ID13142,01-Mar-2026,Transfer,0.00,965.07,"49,944.07"
ID13142,12-Jan-2026,Transfer,"1,949.74",0.00,"78,040.91"
ID13142,30-Mar-2026,Payment,"1,173.11",0.00,"4,489.29"
ID13142,09-Feb-2026,Debit Card,0.00,486.25,"36,647.78"
ID13142,10-Jan-2026,Debit Card,0.00,656.53,"46,764.86"
ID13142,25-Feb-2026,Direct Deposit,"1,281.33",0.00,"43,386.78"
ID13142,02-Mar-2026,Reversal,0.00,"1,257.67","8,552.22"
ID13142,07-Mar-2026,Debit Card,0.00,639.83,"62,620.42"
ID13142,27-Feb-2026,Charge,0.00,64.66,"45,557.95"
ID13142,02-Apr-2026,Debit Card,0.00,921.48,"94,014.27"
ID13143,23-Mar-2026,ATM Withdrawal,0.00,573.84,"87,980.33"
ID13143,20-Mar-2026,Interest,38.37,0.00,"89,031.88"
ID13143,18-Jan-2026,Transfer,"1,618.39",0.00,"28,968.07"
ID13143,31-Jan-2026,Transfer,0.00,"1,386.92","35,652.68"
ID13143,15-Jan-2026,Payment,"1,675.79",0.00,"44,498.30"
ID13143,26-Jan-2026,Payment,"1,922.50",0.00,"3,154.31"
ID13143,08-Mar-2026,ATM Withdrawal,0.00,987.99,"11,769.84"
ID13143,03-Feb-2026,Debit Card,0.00,820.61,"55,457.21"
ID13143,16-Jan-2026,Interest,208.71,0.00,"48,532.23"
ID13143,05-Mar-2026,Debit Card,0.00,284.86,"12,418.23"
ID13143,28-Feb-2026,Transfer,"1,501.18",0.00,"55,833.96"
ID13143,15-Jan-2026,Charge,0.00,912.46,"41,645.31"
ID13143,21-Mar-2026,Charge,0.00,787.75,"6,888.07"
ID13143,07-Mar-2026,Reversal,673.64,0.00,"36,744.47"
ID13143,03-Mar-2026,ATM Withdrawal,0.00,676.94,"63,693.99"
ID13143,23-Feb-2026,Charge,0.00,512.41,"58,526.46"
ID13143,31-Mar-2026,Debit Card,0.00,482.81,"60,200.36"
ID13143,21-Mar-2026,Charge,0.00,606.35,"37,608.50"
ID13143,31-Mar-2026,Transfer,0.00,575.13,"34,675.63"
ID13143,02-Feb-2026,ATM Withdrawal,0.00,838.94,"37,427.99"
ID13144,08-Mar-2026,Interest,360.18,0.00,"92,878.26"
ID13144,14-Mar-2026,Charge,0.00,979.23,"97,479.48"
ID13144,06-Jan-2026,ATM Withdrawal,0.00,840.43,"57,811.59"
ID13144,11-Jan-2026,ATM Withdrawal,0.00,888.85,"31,549.60"
ID13144,27-Mar-2026,Charge,0.00,875.57,"10,598.63"
ID13144,27-Jan-2026,Reversal,0.00,"1,069.02","13,727.77"
ID13144,02-Feb-2026,Transfer,0.00,610.79,"93,630.44"
ID13144,09-Jan-2026,Charge,0.00,54.25,"99,669.55"
ID13144,20-Mar-2026,Reversal,"1,559.85",0.00,"42,338.41"
ID13144,20-Jan-2026,ATM Withdrawal,0.00,325.62,"93,850.05"
ID13144,05-Jan-2026,Reversal,0.00,990.39,"44,238.28"
ID13144,06-Feb-2026,Transfer,0.00,321.54,"61,442.16"
ID13144,17-Mar-2026,Interest,216.64,0.00,"4,409.93"
ID13144,20-Feb-2026,Payment,0.00,453.89,"50,247.58"
ID13144,25-Mar-2026,Direct Deposit,"3,358.15",0.00,"17,729.31"
ID13144,28-Mar-2026,Debit Card,0.00,628.71,"41,627.53"
ID13144,14-Jan-2026,Interest,197.04,0.00,"57,938.15"
ID13144,02-Mar-2026,ATM Withdrawal,0.00,172.44,"78,482.90"
ID13144,16-Mar-2026,Reversal,125.72,0.00,"51,788.19"
ID13144,21-Jan-2026,ATM Withdrawal,0.00,17.10,"12,628.38"
ID13145,18-Mar-2026,Debit Card,0.00,137.00,"69,849.85"
ID13145,16-Mar-2026,ATM Withdrawal,0.00,327.33,"17,099.92"
ID13145,05-Jan-2026,Payment,"1,851.75",0.00,"92,745.74"
ID13145,15-Mar-2026,Direct Deposit,"4,117.84",0.00,"51,323.04"
ID13145,22-Jan-2026,Debit Card,0.00,271.47,"74,116.03"
ID13145,21-Mar-2026,Interest,295.97,0.00,"87,970.27"
ID13145,13-Feb-2026,Interest,301.35,0.00,"45,226.12"
ID13145,17-Mar-2026,Transfer,467.66,0.00,"44,391.11"
ID13145,22-Mar-2026,Transfer,"1,134.42",0.00,"39,926.88"
ID13145,11-Feb-2026,Transfer,"1,142.30",0.00,"22,291.59"
ID13145,30-Jan-2026,ATM Withdrawal,0.00,465.25,"89,038.60"
ID13145,19-Jan-2026,ATM Withdrawal,0.00,737.52,"11,683.24"
ID13145,21-Mar-2026,ATM Withdrawal,0.00,293.96,"21,064.68"
ID13145,06-Feb-2026,Interest,361.54,0.00,"35,605.44"
ID13145,15-Jan-2026,Reversal,106.67,0.00,"85,470.08"
ID13145,22-Feb-2026,Payment,"1,541.78",0.00,"82,492.33"
ID13145,11-Feb-2026,Debit Card,0.00,86.28,"25,376.95"
ID13145,03-Jan-2026,ATM Withdrawal,0.00,984.37,"37,389.03"
ID13145,21-Mar-2026,Reversal,0.00,804.91,"13,780.75"
ID13145,12-Mar-2026,ATM Withdrawal,0.00,34.72,"4,103.34"
ID13146,02-Apr-2026,Reversal,0.00,626.02,"83,934.82"
ID13146,17-Feb-2026,Charge,0.00,188.51,"8,391.65"
ID13146,06-Jan-2026,Charge,0.00,38.87,"36,405.99"
ID13146,09-Feb-2026,ATM Withdrawal,0.00,371.20,"85,422.19"
ID13146,18-Jan-2026,Debit Card,0.00,712.64,"85,315.28"
ID13146,06-Jan-2026,Direct Deposit,"1,106.69",0.00,"32,540.20"
ID13146,17-Mar-2026,Direct Deposit,"2,094.90",0.00,"30,099.35"
ID13146,24-Jan-2026,Charge,0.00,591.28,"23,846.74"
ID13146,16-Jan-2026,Charge,0.00,21.55,"39,312.20"
ID13146,03-Mar-2026,Transfer,"1,474.49",0.00,"95,346.81"
ID13146,19-Jan-2026,Reversal,221.14,0.00,"83,177.87"
ID13146,28-Jan-2026,Reversal,0.00,"1,450.53","67,506.99"
ID13146,06-Mar-2026,Payment,"1,970.92",0.00,"14,283.11"
ID13146,11-Jan-2026,Transfer,712.37,0.00,"85,832.13"
ID13146,18-Jan-2026,Debit Card,0.00,276.25,"19,402.14"
ID13146,10-Feb-2026,Direct Deposit,"1,054.20",0.00,"71,207.94"
ID13146,10-Feb-2026,Charge,0.00,944.03,"67,660.06"
ID13146,28-Feb-2026,Interest,369.37,0.00,"55,145.67"
ID13146,09-Jan-2026,Reversal,"1,623.82",0.00,"86,028.18"
ID13146,23-Mar-2026,ATM Withdrawal,0.00,859.64,"11,678.95"
ID13147,22-Jan-2026,Debit Card,0.00,275.86,"29,578.83"
ID13147,16-Feb-2026,Charge,0.00,120.22,"27,761.76"
ID13147,06-Mar-2026,Debit Card,0.00,47.06,"48,675.12"
ID13147,08-Feb-2026,Reversal,"1,356.80",0.00,"14,544.64"
ID13147,02-Feb-2026,ATM Withdrawal,0.00,650.32,"22,946.95"
ID13147,03-Mar-2026,Reversal,"1,903.18",0.00,"13,532.27"
ID13147,31-Mar-2026,Debit Card,0.00,609.44,"25,742.32"
ID13147,25-Feb-2026,Reversal,898.01,0.00,"95,526.56"
ID13147,17-Feb-2026,Payment,539.25,0.00,"69,401.20"
ID13147,08-Jan-2026,Debit Card,0.00,120.20,"92,404.67"
ID13147,24-Jan-2026,ATM Withdrawal,0.00,236.83,"74,227.15"
ID13147,05-Mar-2026,Payment,131.06,0.00,"23,499.15"
ID13147,05-Jan-2026,Payment,0.00,589.04,"69,588.87"
ID13147,20-Mar-2026,Interest,16.77,0.00,"3,954.23"
ID13147,28-Feb-2026,Transfer,"1,513.02",0.00,"19,902.45"
ID13147,24-Mar-2026,Direct Deposit,"3,097.17",0.00,"48,935.20"
ID13147,20-Feb-2026,ATM Withdrawal,0.00,748.32,"7,626.69"
ID13147,16-Jan-2026,ATM Withdrawal,0.00,418.86,"50,280.35"
ID13147,26-Jan-2026,Interest,171.93,0.00,"42,312.00"
ID13147,01-Mar-2026,Interest,177.81,0.00,"46,893.05"
ID13148,21-Mar-2026,Interest,413.59,0.00,"15,089.53"
ID13148,23-Feb-2026,Interest,396.31,0.00,"46,657.27"
ID13148,25-Mar-2026,Reversal,0.00,"1,105.75","19,739.59"
ID13148,15-Jan-2026,Payment,0.00,"1,307.00","81,944.85"
ID13148,13-Feb-2026,Interest,158.51,0.00,"26,872.61"
ID13148,08-Mar-2026,Reversal,0.00,143.88,"28,875.62"
ID13148,09-Mar-2026,Payment,0.00,879.48,"15,854.54"
ID13148,26-Jan-2026,Charge,0.00,972.56,"61,294.86"
ID13148,25-Mar-2026,Payment,0.00,952.40,"40,201.04"
ID13148,09-Jan-2026,Debit Card,0.00,158.64,"55,376.48"
ID13148,22-Feb-2026,Debit Card,0.00,185.49,"23,343.31"
ID13148,18-Mar-2026,Direct Deposit,"4,864.70",0.00,"23,922.50"
ID13148,04-Jan-2026,Charge,0.00,924.79,"6,631.68"
ID13148,25-Jan-2026,ATM Withdrawal,0.00,855.44,"74,347.39"
ID13148,17-Mar-2026,Reversal,0.00,145.68,"99,844.89"
ID13148,13-Jan-2026,Reversal,0.00,673.70,"86,024.72"
ID13148,22-Jan-2026,Interest,427.93,0.00,"70,814.13"
ID13148,02-Mar-2026,Interest,300.45,0.00,"62,530.49"
ID13148,20-Jan-2026,ATM Withdrawal,0.00,678.86,"48,215.23"
ID13148,05-Jan-2026,Direct Deposit,"2,754.95",0.00,"2,108.43"
ID13149,24-Jan-2026,Direct Deposit,"3,441.89",0.00,"34,891.65"
ID13149,20-Mar-2026,Reversal,487.14,0.00,"73,400.92"
ID13149,23-Feb-2026,Direct Deposit,978.68,0.00,"77,105.89"
ID13149,10-Mar-2026,Direct Deposit,"1,848.18",0.00,"68,115.26"
ID13149,29-Jan-2026,Debit Card,0.00,316.38,"40,703.18"
ID13149,03-Jan-2026,Payment,0.00,340.31,"4,417.36"
ID13149,27-Feb-2026,Payment,0.00,462.26,"96,302.04"
ID13149,02-Feb-2026,ATM Withdrawal,0.00,679.59,"28,473.05"
ID13149,11-Jan-2026,Interest,449.17,0.00,"98,708.18"
ID13149,15-Jan-2026,Direct Deposit,"1,898.34",0.00,"16,534.60"
ID13149,23-Mar-2026,Interest,425.39,0.00,"15,646.98"
ID13149,02-Feb-2026,Charge,0.00,568.49,"45,273.00"
ID13149,12-Mar-2026,Direct Deposit,"1,969.90",0.00,"44,627.76"
ID13149,26-Jan-2026,Charge,0.00,79.00,"21,978.80"
ID13149,12-Mar-2026,Transfer,961.63,0.00,"28,316.09"
ID13149,22-Feb-2026,Payment,0.00,254.98,"7,875.53"
ID13149,03-Mar-2026,Debit Card,0.00,237.26,"46,575.77"
ID13149,08-Feb-2026,ATM Withdrawal,0.00,256.07,"84,931.08"
ID13149,01-Mar-2026,Transfer,"1,563.11",0.00,"4,456.53"
ID13149,21-Feb-2026,Debit Card,0.00,937.08,"2,101.93"
ID13150,25-Jan-2026,Reversal,810.31,0.00,"76,493.47"
ID13150,14-Feb-2026,Reversal,0.00,"1,487.10","12,907.23"
ID13150,10-Mar-2026,Debit Card,0.00,860.89,"95,336.13"
ID13150,05-Mar-2026,Direct Deposit,"4,494.66",0.00,"48,831.41"
ID13150,14-Feb-2026,Transfer,0.00,399.75,"87,005.79"
ID13150,27-Jan-2026,Reversal,832.52,0.00,"25,154.95"
ID13150,02-Mar-2026,Debit Card,0.00,945.80,"12,030.94"
ID13150,19-Jan-2026,Charge,0.00,361.09,"77,695.17"
ID13150,08-Feb-2026,Reversal,113.02,0.00,"89,070.56"
ID13150,17-Jan-2026,ATM Withdrawal,0.00,595.12,"46,133.63"
ID13150,20-Feb-2026,Payment,0.00,167.67,"53,664.03"
ID13150,02-Apr-2026,Reversal,0.00,"1,346.52","27,893.10"
ID13150,22-Feb-2026,Charge,0.00,268.05,"99,207.19"
ID13150,17-Mar-2026,Payment,164.17,0.00,"19,117.54"
ID13150,26-Feb-2026,Interest,326.78,0.00,"36,127.41"
ID13150,26-Mar-2026,Direct Deposit,775.23,0.00,"69,738.42"
ID13150,08-Feb-2026,Debit Card,0.00,298.20,"79,656.45"
ID13150,17-Mar-2026,Transfer,"1,133.42",0.00,"86,781.90"
ID13150,14-Jan-2026,Reversal,0.00,431.90,"89,900.56"
ID13150,26-Jan-2026,Interest,238.96,0.00,"3,163.40"
ID13151,11-Feb-2026,ATM Withdrawal,0.00,537.63,"27,540.19"
ID13151,02-Feb-2026,ATM Withdrawal,0.00,943.95,"12,978.36"
ID13151,23-Feb-2026,Transfer,777.84,0.00,"68,786.93"
ID13151,05-Mar-2026,Charge,0.00,534.73,"54,844.39"
ID13151,12-Mar-2026,Reversal,0.00,748.72,"50,598.13"
ID13151,21-Jan-2026,Direct Deposit,"2,258.34",0.00,"59,882.62"
ID13151,22-Jan-2026,Interest,118.62,0.00,"56,553.41"
ID13151,13-Mar-2026,Charge,0.00,903.05,"98,827.11"
ID13151,19-Mar-2026,Direct Deposit,"3,980.26",0.00,"40,829.88"
ID13151,10-Jan-2026,Payment,"1,125.11",0.00,"42,046.01"
ID13151,05-Mar-2026,Interest,493.69,0.00,"56,785.24"
ID13151,19-Jan-2026,Transfer,0.00,"1,449.80","83,157.12"
ID13151,05-Mar-2026,ATM Withdrawal,0.00,776.62,"52,713.00"
ID13151,04-Jan-2026,Charge,0.00,137.50,"60,125.50"
ID13151,31-Jan-2026,Payment,"1,896.45",0.00,"90,488.82"
ID13151,05-Mar-2026,Debit Card,0.00,109.18,"8,421.83"
ID13151,03-Mar-2026,Reversal,"1,083.10",0.00,"41,041.85"
ID13151,02-Mar-2026,Debit Card,0.00,794.41,"50,329.99"
ID13151,30-Mar-2026,Payment,0.00,"1,062.02","67,830.13"
ID13151,04-Feb-2026,ATM Withdrawal,0.00,827.88,"34,897.27"
ID13152,27-Feb-2026,Reversal,0.00,279.41,"3,014.33"
ID13152,15-Jan-2026,Direct Deposit,"2,769.07",0.00,"97,641.70"
ID13152,11-Feb-2026,Reversal,0.00,"1,453.39","95,669.14"
ID13152,15-Feb-2026,Charge,0.00,303.22,"30,044.11"
ID13152,02-Apr-2026,Reversal,0.00,106.56,"27,940.94"
ID13152,14-Feb-2026,ATM Withdrawal,0.00,503.11,"63,613.16"
ID13152,02-Apr-2026,Payment,0.00,967.56,"44,903.91"
ID13152,26-Mar-2026,Charge,0.00,179.48,"83,927.56"
ID13152,05-Feb-2026,Payment,560.65,0.00,"30,538.36"
ID13152,19-Jan-2026,Transfer,0.00,187.73,"24,811.84"
ID13152,17-Feb-2026,ATM Withdrawal,0.00,144.20,"74,429.65"
ID13152,12-Feb-2026,Charge,0.00,125.76,"56,956.90"
ID13152,22-Jan-2026,Payment,"1,799.39",0.00,"9,837.41"
ID13152,05-Feb-2026,Interest,47.87,0.00,"90,496.66"
ID13152,22-Jan-2026,Debit Card,0.00,726.64,"71,235.40"
ID13152,26-Feb-2026,Charge,0.00,589.80,"21,907.38"
ID13152,14-Mar-2026,Interest,70.14,0.00,"91,899.00"
ID13152,17-Mar-2026,Direct Deposit,"3,069.24",0.00,"60,348.74"
ID13152,02-Apr-2026,Charge,0.00,651.37,"44,979.27"
ID13152,06-Mar-2026,Transfer,"1,076.95",0.00,"68,055.91"
ID13153,25-Mar-2026,Reversal,0.00,592.86,"47,741.93"
ID13153,03-Feb-2026,Transfer,294.90,0.00,"16,149.29"
ID13153,31-Jan-2026,Direct Deposit,"2,698.58",0.00,"68,775.94"
ID13153,31-Jan-2026,Payment,0.00,170.88,"81,272.62"
ID13153,09-Jan-2026,Debit Card,0.00,827.70,"30,265.36"
ID13153,10-Jan-2026,Reversal,0.00,"1,126.23","99,068.84"
ID13153,10-Jan-2026,ATM Withdrawal,0.00,205.36,"72,909.61"
ID13153,20-Jan-2026,Interest,465.64,0.00,"41,310.26"
ID13153,04-Jan-2026,Charge,0.00,371.28,"62,247.85"
ID13153,12-Mar-2026,Payment,449.22,0.00,"81,615.01"
ID13153,03-Apr-2026,Interest,154.06,0.00,"66,922.71"
ID13153,18-Feb-2026,Charge,0.00,545.71,"49,398.29"
ID13153,14-Mar-2026,Charge,0.00,639.34,"6,297.08"
ID13153,01-Feb-2026,Interest,387.85,0.00,"63,399.52"
ID13153,24-Jan-2026,Debit Card,0.00,314.28,"1,694.52"
ID13153,11-Jan-2026,Payment,0.00,"1,268.72","57,542.20"
ID13153,26-Feb-2026,Charge,0.00,286.47,"70,673.24"
ID13153,20-Mar-2026,Interest,84.87,0.00,"53,220.84"
ID13153,05-Mar-2026,Transfer,696.88,0.00,"86,666.08"
ID13153,09-Feb-2026,Direct Deposit,"1,452.38",0.00,"6,886.17"
ID13154,11-Jan-2026,Interest,139.66,0.00,"68,889.29"
ID13154,29-Mar-2026,Transfer,0.00,"1,072.88","62,805.16"
ID13154,01-Mar-2026,ATM Withdrawal,0.00,611.41,"84,140.18"
ID13154,03-Mar-2026,Interest,328.55,0.00,"3,261.05"
ID13154,18-Mar-2026,Interest,154.54,0.00,"9,489.06"
ID13154,28-Feb-2026,Debit Card,0.00,645.82,"78,532.30"
ID13154,23-Mar-2026,Interest,248.36,0.00,"40,582.33"
ID13154,04-Jan-2026,Debit Card,0.00,861.65,"93,771.04"
ID13154,30-Mar-2026,Reversal,0.00,161.54,"1,663.83"
ID13154,18-Jan-2026,Interest,231.50,0.00,"15,602.71"
ID13154,02-Apr-2026,Charge,0.00,358.28,"26,605.17"
ID13154,03-Apr-2026,Interest,492.95,0.00,"97,453.96"
ID13154,07-Mar-2026,Debit Card,0.00,839.23,"97,093.04"
ID13154,22-Mar-2026,Payment,629.18,0.00,"44,038.28"
ID13154,28-Jan-2026,ATM Withdrawal,0.00,815.92,"16,580.37"
ID13154,27-Mar-2026,Interest,308.33,0.00,"34,926.41"
ID13154,25-Feb-2026,Payment,"1,149.26",0.00,"21,856.21"
ID13154,29-Jan-2026,Interest,497.05,0.00,"41,751.90"
ID13154,09-Mar-2026,Reversal,"1,462.58",0.00,"88,517.24"
ID13154,26-Mar-2026,Reversal,"1,880.08",0.00,"13,428.46"
ID13155,10-Feb-2026,ATM Withdrawal,0.00,224.29,"50,311.22"
ID13155,02-Feb-2026,Payment,0.00,993.21,"27,073.76"
ID13155,10-Feb-2026,Reversal,0.00,112.00,"27,153.37"
ID13155,02-Mar-2026,Charge,0.00,915.84,"40,842.93"
ID13155,06-Mar-2026,Reversal,"1,888.05",0.00,"19,881.88"
ID13155,10-Mar-2026,Charge,0.00,252.61,"16,923.57"
ID13155,03-Apr-2026,Interest,340.74,0.00,"55,061.55"
ID13155,29-Jan-2026,Debit Card,0.00,916.52,"82,691.78"
ID13155,03-Apr-2026,Debit Card,0.00,322.00,"55,938.30"
ID13155,15-Feb-2026,ATM Withdrawal,0.00,478.42,"38,629.00"
ID13155,03-Feb-2026,Transfer,0.00,"1,327.66","21,950.85"
ID13155,09-Feb-2026,Charge,0.00,689.33,"36,624.28"
ID13155,30-Jan-2026,Charge,0.00,293.41,"42,212.67"
ID13155,28-Mar-2026,ATM Withdrawal,0.00,96.66,"33,480.87"
ID13155,01-Mar-2026,Payment,0.00,"1,267.62","54,082.00"
ID13155,13-Mar-2026,ATM Withdrawal,0.00,342.97,"41,149.22"
ID13155,13-Feb-2026,Reversal,0.00,473.10,"7,832.00"
ID13155,03-Mar-2026,Direct Deposit,"2,782.53",0.00,"3,630.08"
ID13155,08-Feb-2026,Debit Card,0.00,151.06,"97,756.94"
ID13155,06-Feb-2026,Transfer,604.83,0.00,"9,132.38"
ID13156,16-Mar-2026,Direct Deposit,"4,385.50",0.00,"2,442.79"
ID13156,08-Feb-2026,Charge,0.00,253.37,"24,567.05"
ID13156,27-Feb-2026,Payment,0.00,139.23,"68,731.75"
ID13156,02-Mar-2026,Direct Deposit,953.66,0.00,"62,373.01"
ID13156,07-Jan-2026,Charge,0.00,500.14,"74,171.13"
ID13156,03-Jan-2026,Charge,0.00,477.67,"58,864.18"
ID13156,11-Feb-2026,Interest,395.61,0.00,"82,004.23"
ID13156,12-Feb-2026,Transfer,249.00,0.00,"83,727.79"
ID13156,27-Jan-2026,Direct Deposit,"3,748.83",0.00,"68,217.52"
ID13156,04-Jan-2026,Charge,0.00,886.34,"51,026.22"
ID13156,07-Jan-2026,Charge,0.00,69.04,"36,277.67"
ID13156,17-Mar-2026,Debit Card,0.00,726.87,"53,568.98"
ID13156,18-Jan-2026,Charge,0.00,302.32,"43,330.26"
ID13156,15-Jan-2026,Charge,0.00,103.16,"58,629.20"
ID13156,11-Feb-2026,Payment,0.00,883.37,"16,551.14"
ID13156,03-Apr-2026,Interest,103.71,0.00,"12,058.06"
ID13156,09-Feb-2026,ATM Withdrawal,0.00,346.41,"95,027.69"
ID13156,19-Feb-2026,Debit Card,0.00,748.95,"40,210.58"
ID13156,05-Mar-2026,Interest,229.14,0.00,"80,162.41"
ID13156,26-Mar-2026,ATM Withdrawal,0.00,658.70,"44,369.80"
ID13157,26-Mar-2026,Debit Card,0.00,122.73,"61,318.99"
ID13157,13-Mar-2026,Interest,65.77,0.00,"1,874.98"
ID13157,01-Feb-2026,Direct Deposit,644.60,0.00,"12,469.75"
ID13157,18-Jan-2026,Debit Card,0.00,808.28,"28,515.59"
ID13157,05-Jan-2026,Transfer,0.00,364.05,"5,721.27"
ID13157,05-Mar-2026,Debit Card,0.00,523.34,"92,763.61"
ID13157,22-Mar-2026,Payment,0.00,"1,424.88","74,210.68"
ID13157,26-Feb-2026,Interest,36.57,0.00,"74,426.78"
ID13157,12-Mar-2026,Direct Deposit,"4,627.80",0.00,"63,375.61"
ID13157,13-Feb-2026,Payment,0.00,"1,115.97","64,189.18"
ID13157,25-Mar-2026,Transfer,891.99,0.00,"43,664.72"
ID13157,23-Jan-2026,Transfer,"1,063.27",0.00,"10,998.00"
ID13157,20-Jan-2026,Direct Deposit,"1,693.11",0.00,"8,186.98"
ID13157,23-Feb-2026,Payment,0.00,327.59,"35,872.63"
ID13157,14-Feb-2026,Direct Deposit,"4,959.20",0.00,"74,254.89"
ID13157,26-Mar-2026,Payment,743.61,0.00,"40,455.21"
ID13157,23-Jan-2026,Debit Card,0.00,318.01,"53,976.69"
ID13157,12-Feb-2026,Charge,0.00,202.33,"74,688.00"
ID13157,03-Mar-2026,Interest,394.68,0.00,"6,393.37"
ID13157,31-Jan-2026,Debit Card,0.00,384.10,"15,140.37"
ID13158,20-Jan-2026,Direct Deposit,"1,145.03",0.00,"90,363.29"
ID13158,19-Mar-2026,Direct Deposit,"1,729.32",0.00,"53,783.78"
ID13158,03-Jan-2026,Direct Deposit,"3,451.75",0.00,"20,990.57"
ID13158,11-Jan-2026,Charge,0.00,31.04,"1,491.44"
ID13158,28-Jan-2026,Debit Card,0.00,976.82,"23,700.93"
ID13158,28-Mar-2026,Reversal,175.57,0.00,"59,986.48"
ID13158,24-Feb-2026,Interest,302.47,0.00,"28,414.18"
ID13158,08-Jan-2026,Debit Card,0.00,919.53,"82,030.62"
ID13158,19-Mar-2026,ATM Withdrawal,0.00,741.62,"36,869.09"
ID13158,02-Apr-2026,ATM Withdrawal,0.00,351.69,"60,103.34"
ID13158,17-Jan-2026,Interest,277.63,0.00,"33,090.69"
ID13158,10-Jan-2026,ATM Withdrawal,0.00,569.55,"20,287.07"
ID13158,14-Mar-2026,Interest,408.42,0.00,"66,197.34"
ID13158,20-Mar-2026,Debit Card,0.00,298.65,"31,822.62"
ID13158,18-Feb-2026,Charge,0.00,954.66,"93,301.70"
ID13158,31-Mar-2026,Reversal,"1,762.10",0.00,"91,324.32"
ID13158,04-Jan-2026,Interest,85.16,0.00,"52,368.56"
ID13158,02-Mar-2026,Reversal,825.20,0.00,"39,311.38"
ID13158,02-Mar-2026,Payment,0.00,"1,258.69","18,694.25"
ID13158,04-Jan-2026,Interest,484.92,0.00,"27,662.70"
ID13159,16-Feb-2026,Reversal,"1,500.69",0.00,"93,300.29"
ID13159,22-Jan-2026,Transfer,"1,609.73",0.00,"11,102.25"
ID13159,28-Mar-2026,ATM Withdrawal,0.00,885.65,"50,972.22"
ID13159,12-Feb-2026,ATM Withdrawal,0.00,716.79,"2,554.01"
ID13159,25-Feb-2026,Interest,471.91,0.00,"42,772.35"
ID13159,02-Apr-2026,Payment,449.20,0.00,"87,640.89"
ID13159,25-Jan-2026,Direct Deposit,"1,958.83",0.00,"81,216.23"
ID13159,27-Jan-2026,Transfer,0.00,"1,363.25","58,634.82"
ID13159,17-Jan-2026,Charge,0.00,544.61,"31,221.23"
ID13159,21-Mar-2026,Payment,785.46,0.00,"38,156.95"
ID13159,09-Jan-2026,Interest,303.99,0.00,"18,629.83"
ID13159,19-Mar-2026,Charge,0.00,109.80,"66,684.48"
ID13159,10-Jan-2026,Payment,0.00,93.14,"55,925.27"
ID13159,03-Mar-2026,Direct Deposit,"4,400.91",0.00,"59,054.57"
ID13159,17-Mar-2026,Direct Deposit,503.55,0.00,"98,509.94"
ID13159,10-Feb-2026,ATM Withdrawal,0.00,948.75,"27,116.02"
ID13159,10-Jan-2026,Reversal,0.00,487.12,"82,808.46"
ID13159,03-Feb-2026,Interest,127.27,0.00,"82,755.46"
ID13159,08-Jan-2026,ATM Withdrawal,0.00,324.99,"12,266.04"
ID13159,19-Feb-2026,Interest,143.96,0.00,"1,632.06"
ID13160,12-Jan-2026,Transfer,0.00,349.21,"31,777.09"
ID13160,29-Mar-2026,Reversal,671.08,0.00,"16,357.37"
ID13160,04-Feb-2026,Charge,0.00,737.21,"61,716.64"
ID13160,17-Jan-2026,Interest,468.79,0.00,"51,510.13"
ID13160,26-Jan-2026,Payment,0.00,50.55,"58,835.09"
ID13160,17-Jan-2026,Direct Deposit,"1,811.73",0.00,"90,685.87"
ID13160,06-Jan-2026,Interest,178.29,0.00,"71,854.04"
ID13160,11-Mar-2026,Direct Deposit,"1,726.57",0.00,"34,355.16"
ID13160,12-Mar-2026,Reversal,0.00,709.61,"28,682.66"
ID13160,23-Jan-2026,ATM Withdrawal,0.00,996.81,"39,467.11"
ID13160,19-Feb-2026,ATM Withdrawal,0.00,425.55,"40,496.89"
ID13160,27-Feb-2026,Payment,0.00,248.87,"75,783.05"
ID13160,06-Jan-2026,Interest,441.74,0.00,"99,045.54"
ID13160,20-Jan-2026,Direct Deposit,"4,869.07",0.00,"51,672.11"
ID13160,05-Feb-2026,Charge,0.00,430.52,"83,448.81"
ID13160,13-Mar-2026,Reversal,509.62,0.00,"93,122.72"
ID13160,23-Feb-2026,ATM Withdrawal,0.00,760.46,"1,440.65"
ID13160,28-Jan-2026,Direct Deposit,"1,011.88",0.00,"29,434.27"
ID13160,17-Mar-2026,Payment,165.17,0.00,"54,713.30"
ID13160,20-Jan-2026,Reversal,0.00,987.93,"77,732.49"
ID13161,19-Feb-2026,Charge,0.00,362.92,"46,313.93"
ID13161,04-Mar-2026,Direct Deposit,"1,597.92",0.00,"53,627.22"
ID13161,04-Feb-2026,Charge,0.00,948.51,"73,613.06"
ID13161,04-Jan-2026,Charge,0.00,751.53,"52,635.51"
ID13161,28-Feb-2026,Direct Deposit,628.29,0.00,"51,037.41"
ID13161,22-Mar-2026,Charge,0.00,56.15,"18,435.25"
ID13161,10-Feb-2026,Charge,0.00,847.48,"45,326.06"
ID13161,10-Jan-2026,Interest,478.74,0.00,"81,796.85"
ID13161,07-Jan-2026,Reversal,0.00,"1,499.15","10,284.64"
ID13161,19-Mar-2026,Reversal,"1,790.52",0.00,"43,239.35"
ID13161,09-Feb-2026,Transfer,"1,900.33",0.00,"90,377.61"
ID13161,06-Mar-2026,Interest,141.79,0.00,"76,512.03"
ID13161,15-Feb-2026,Payment,0.00,"1,423.08","92,736.65"
ID13161,25-Mar-2026,Debit Card,0.00,425.57,"55,761.49"
ID13161,28-Jan-2026,Payment,"1,753.98",0.00,"51,127.46"
ID13161,11-Jan-2026,Charge,0.00,333.74,"63,634.23"
ID13161,09-Mar-2026,Transfer,0.00,"1,407.66","35,503.98"
ID13161,08-Mar-2026,Debit Card,0.00,953.30,"19,173.48"
ID13161,23-Feb-2026,Payment,0.00,861.67,"99,850.48"
ID13161,02-Feb-2026,Reversal,0.00,630.42,"13,273.56"
ID13162,25-Feb-2026,ATM Withdrawal,0.00,784.91,"47,240.43"
ID13162,10-Jan-2026,Transfer,0.00,"1,417.28","68,340.88"
ID13162,29-Mar-2026,Debit Card,0.00,537.26,"48,134.39"
ID13162,06-Feb-2026,Payment,"1,066.87",0.00,"60,587.17"
ID13162,22-Jan-2026,ATM Withdrawal,0.00,667.17,"57,985.81"
ID13162,09-Mar-2026,Direct Deposit,"1,308.78",0.00,"44,754.28"
ID13162,10-Mar-2026,Debit Card,0.00,961.97,"82,232.70"
ID13162,06-Feb-2026,Reversal,0.00,576.44,"77,066.65"
ID13162,28-Feb-2026,ATM Withdrawal,0.00,649.34,"86,639.98"
ID13162,27-Jan-2026,Payment,559.03,0.00,"79,555.89"
ID13162,14-Jan-2026,Debit Card,0.00,622.70,"89,525.12"
ID13162,03-Jan-2026,Debit Card,0.00,389.08,"25,774.86"
ID13162,12-Mar-2026,ATM Withdrawal,0.00,154.28,"94,916.85"
ID13162,01-Feb-2026,ATM Withdrawal,0.00,44.31,"31,216.33"
ID13162,17-Feb-2026,ATM Withdrawal,0.00,597.25,"61,394.05"
ID13162,18-Mar-2026,Payment,0.00,"1,226.50","7,666.41"
ID13162,28-Jan-2026,Transfer,0.00,983.45,"79,779.77"
ID13162,14-Feb-2026,Payment,0.00,"1,045.05","79,548.52"
ID13162,18-Jan-2026,Charge,0.00,546.85,"12,515.29"
ID13162,17-Mar-2026,Payment,953.57,0.00,"80,902.05"
ID13163,28-Mar-2026,ATM Withdrawal,0.00,827.08,"98,952.14"
ID13163,26-Jan-2026,ATM Withdrawal,0.00,107.66,"70,971.14"
ID13163,15-Feb-2026,Interest,101.84,0.00,"78,406.01"
ID13163,28-Mar-2026,Reversal,"1,825.17",0.00,"64,776.84"
ID13163,28-Feb-2026,Transfer,0.00,"1,254.32","68,504.44"
ID13163,26-Mar-2026,Direct Deposit,"2,297.08",0.00,"66,244.13"
ID13163,10-Feb-2026,Interest,186.78,0.00,"19,972.20"
ID13163,23-Feb-2026,Payment,0.00,138.13,"74,158.64"
ID13163,05-Jan-2026,Payment,507.17,0.00,"75,010.84"
ID13163,06-Mar-2026,Reversal,0.00,358.02,"66,254.33"
ID13163,09-Jan-2026,Reversal,0.00,"1,466.88","36,057.56"
ID13163,04-Jan-2026,ATM Withdrawal,0.00,529.87,"36,109.88"
ID13163,15-Feb-2026,Reversal,0.00,880.16,"23,076.35"
ID13163,06-Mar-2026,Interest,19.36,0.00,"38,147.69"
ID13163,07-Jan-2026,Reversal,228.48,0.00,"67,091.78"
ID13163,02-Mar-2026,ATM Withdrawal,0.00,943.55,"90,325.01"
ID13163,03-Jan-2026,Interest,294.16,0.00,"3,932.82"
ID13163,10-Mar-2026,Direct Deposit,644.02,0.00,"40,409.21"
ID13163,10-Jan-2026,Interest,492.65,0.00,"37,380.84"
ID13163,01-Feb-2026,Charge,0.00,683.71,"27,249.66"
ID13164,13-Feb-2026,Interest,44.14,0.00,"59,639.34"
ID13164,15-Feb-2026,Transfer,0.00,932.36,"32,037.28"
ID13164,26-Jan-2026,Direct Deposit,"2,989.49",0.00,"67,024.49"
ID13164,30-Jan-2026,Direct Deposit,"1,299.61",0.00,"45,352.16"
ID13164,18-Mar-2026,Debit Card,0.00,711.26,"10,077.80"
ID13164,10-Feb-2026,Reversal,0.00,245.62,"22,136.54"
ID13164,21-Feb-2026,ATM Withdrawal,0.00,537.31,"52,988.87"
ID13164,28-Feb-2026,Direct Deposit,"2,405.68",0.00,"81,415.04"
ID13164,24-Mar-2026,Debit Card,0.00,675.00,"96,518.62"
ID13164,11-Jan-2026,Interest,150.77,0.00,"42,443.73"
ID13164,12-Jan-2026,Charge,0.00,100.64,"2,562.23"
ID13164,05-Jan-2026,ATM Withdrawal,0.00,600.12,"47,181.73"
ID13164,03-Feb-2026,ATM Withdrawal,0.00,895.10,"86,888.41"
ID13164,05-Jan-2026,Payment,0.00,65.62,"17,559.03"
ID13164,21-Jan-2026,Debit Card,0.00,440.20,"2,811.33"
ID13164,07-Jan-2026,Charge,0.00,341.05,"89,854.66"
ID13164,14-Feb-2026,Transfer,"1,540.03",0.00,"22,763.68"
ID13164,21-Feb-2026,Reversal,546.55,0.00,"42,000.44"
ID13164,25-Jan-2026,Interest,346.05,0.00,"62,059.05"
ID13164,17-Jan-2026,Interest,317.55,0.00,"61,853.03"
ID13165,09-Mar-2026,Interest,422.20,0.00,"35,997.45"
ID13165,26-Feb-2026,Direct Deposit,"3,693.71",0.00,"56,967.09"
ID13165,09-Mar-2026,Transfer,0.00,103.77,"60,613.78"
ID13165,13-Feb-2026,Charge,0.00,810.70,"81,760.03"
ID13165,11-Feb-2026,Transfer,0.00,"1,178.20","89,751.00"
ID13165,15-Feb-2026,Reversal,0.00,464.48,"79,212.36"
ID13165,08-Mar-2026,Transfer,0.00,749.50,"29,030.81"
ID13165,02-Apr-2026,Payment,0.00,811.26,"93,671.91"
ID13165,04-Feb-2026,Interest,296.11,0.00,"56,922.16"
ID13165,02-Apr-2026,Transfer,0.00,78.29,"95,101.32"
ID13165,17-Mar-2026,Transfer,562.54,0.00,"68,792.17"
ID13165,26-Feb-2026,ATM Withdrawal,0.00,297.40,"7,377.70"
ID13165,01-Mar-2026,Payment,0.00,450.30,"87,526.47"
ID13165,03-Apr-2026,Interest,120.29,0.00,"25,048.24"
ID13165,20-Jan-2026,ATM Withdrawal,0.00,122.06,"78,668.25"
ID13165,06-Jan-2026,Charge,0.00,912.24,"82,036.88"
ID13165,17-Jan-2026,Reversal,"1,454.26",0.00,"55,547.73"
ID13165,13-Jan-2026,Debit Card,0.00,330.29,"45,350.14"
ID13165,22-Feb-2026,ATM Withdrawal,0.00,102.77,"88,570.42"
ID13165,11-Feb-2026,Charge,0.00,814.48,"98,720.20"
ID13166,09-Mar-2026,Direct Deposit,"4,101.17",0.00,"69,171.21"
ID13166,16-Mar-2026,Reversal,0.00,"1,089.88","52,566.65"
ID13166,30-Jan-2026,Transfer,0.00,"1,170.18","80,862.89"
ID13166,19-Jan-2026,Transfer,0.00,"1,257.46","8,908.32"
ID13166,01-Apr-2026,Payment,0.00,"1,200.12","75,060.86"
ID13166,29-Mar-2026,Direct Deposit,"4,038.39",0.00,"86,065.28"
ID13166,20-Feb-2026,Interest,47.63,0.00,"44,048.95"
ID13166,26-Mar-2026,Interest,80.04,0.00,"47,982.70"
ID13166,16-Jan-2026,Interest,259.31,0.00,"63,248.98"
ID13166,14-Mar-2026,Direct Deposit,966.89,0.00,"5,456.83"
ID13166,14-Jan-2026,ATM Withdrawal,0.00,904.96,"58,304.69"
ID13166,13-Mar-2026,Payment,0.00,"1,045.58","32,340.50"
ID13166,02-Mar-2026,Direct Deposit,"4,794.77",0.00,"84,502.46"
ID13166,05-Mar-2026,Transfer,0.00,690.41,"5,558.10"
ID13166,23-Jan-2026,Payment,"1,230.49",0.00,"32,077.44"
ID13166,09-Jan-2026,Interest,183.54,0.00,"79,965.13"
ID13166,18-Feb-2026,Transfer,812.06,0.00,"14,118.95"
ID13166,07-Mar-2026,Debit Card,0.00,379.03,"87,636.39"
ID13166,21-Mar-2026,Payment,0.00,581.59,"72,816.89"
ID13166,10-Feb-2026,Reversal,499.41,0.00,"54,720.06"
ID13167,20-Mar-2026,Reversal,0.00,316.14,"16,765.89"
ID13167,19-Mar-2026,Charge,0.00,583.80,"34,998.97"
ID13167,23-Feb-2026,Payment,0.00,"1,439.21","53,743.39"
ID13167,28-Jan-2026,Direct Deposit,"2,354.09",0.00,"36,033.90"
ID13167,18-Mar-2026,ATM Withdrawal,0.00,903.32,"97,377.56"
ID13167,26-Feb-2026,Direct Deposit,"2,718.85",0.00,"71,112.63"
ID13167,22-Feb-2026,Charge,0.00,256.77,"84,476.98"
ID13167,06-Feb-2026,Charge,0.00,503.22,"9,666.75"
ID13167,23-Mar-2026,Debit Card,0.00,529.82,"86,596.90"
ID13167,02-Mar-2026,Transfer,0.00,"1,086.49","3,224.13"
ID13167,06-Mar-2026,Transfer,0.00,677.80,"21,564.63"
ID13167,09-Jan-2026,Charge,0.00,16.49,"23,258.91"
ID13167,19-Jan-2026,Transfer,"1,807.84",0.00,"32,028.51"
ID13167,24-Mar-2026,Interest,276.13,0.00,"11,846.55"
ID13167,20-Jan-2026,Direct Deposit,974.48,0.00,"82,910.19"
ID13167,18-Jan-2026,Interest,73.45,0.00,"9,625.94"
ID13167,03-Mar-2026,ATM Withdrawal,0.00,996.45,"35,821.64"
ID13167,21-Mar-2026,Transfer,0.00,863.46,"64,338.55"
ID13167,11-Jan-2026,Charge,0.00,801.68,"49,964.84"
ID13167,23-Mar-2026,Charge,0.00,689.61,"88,634.35"
ID13168,07-Mar-2026,Direct Deposit,"2,203.92",0.00,"9,246.08"
ID13168,13-Mar-2026,Debit Card,0.00,70.68,"57,152.11"
ID13168,09-Mar-2026,Payment,808.64,0.00,"48,359.85"
ID13168,09-Mar-2026,ATM Withdrawal,0.00,916.74,"19,820.00"
ID13168,10-Feb-2026,Charge,0.00,84.94,"94,435.28"
ID13168,03-Jan-2026,Transfer,680.38,0.00,"63,887.55"
ID13168,25-Jan-2026,Transfer,0.00,206.41,"22,580.64"
ID13168,21-Feb-2026,Transfer,0.00,"1,426.58","53,885.72"
ID13168,25-Jan-2026,Reversal,813.00,0.00,"72,853.79"
ID13168,02-Mar-2026,Payment,0.00,209.01,"27,251.59"
ID13168,25-Feb-2026,Transfer,"1,095.61",0.00,"99,773.16"
ID13168,04-Mar-2026,Debit Card,0.00,216.52,"1,072.13"
ID13168,13-Mar-2026,Interest,378.93,0.00,"42,696.07"
ID13168,27-Mar-2026,Direct Deposit,"1,975.53",0.00,"6,547.86"
ID13168,15-Mar-2026,Debit Card,0.00,122.72,"46,598.76"
ID13168,27-Feb-2026,Direct Deposit,"3,231.70",0.00,"38,410.97"
ID13168,13-Mar-2026,Transfer,"1,752.07",0.00,"41,278.92"
ID13168,23-Feb-2026,Transfer,"1,412.65",0.00,"86,722.06"
ID13168,20-Mar-2026,Direct Deposit,826.95,0.00,"53,977.89"
ID13168,04-Jan-2026,Interest,366.69,0.00,"71,780.39"
ID13169,17-Mar-2026,Payment,0.00,677.63,"66,125.93"
ID13169,18-Jan-2026,ATM Withdrawal,0.00,342.78,"83,027.15"
ID13169,26-Feb-2026,Debit Card,0.00,136.17,"34,708.21"
ID13169,12-Mar-2026,Debit Card,0.00,762.92,"47,109.79"
ID13169,05-Jan-2026,Reversal,762.41,0.00,"39,751.15"
ID13169,25-Feb-2026,Debit Card,0.00,21.77,"14,305.23"
ID13169,06-Mar-2026,Charge,0.00,62.31,"82,509.89"
ID13169,08-Feb-2026,Interest,116.06,0.00,"73,808.00"
ID13169,22-Feb-2026,Direct Deposit,"4,786.50",0.00,"42,028.57"
ID13169,21-Jan-2026,Debit Card,0.00,744.61,"59,558.00"
ID13169,29-Mar-2026,Debit Card,0.00,326.43,"61,796.13"
ID13169,03-Apr-2026,Transfer,0.00,244.41,"60,659.02"
ID13169,04-Mar-2026,Debit Card,0.00,166.33,"42,690.23"
ID13169,04-Mar-2026,Interest,199.67,0.00,"62,293.03"
ID13169,14-Mar-2026,ATM Withdrawal,0.00,523.82,"36,524.43"
ID13169,06-Feb-2026,Debit Card,0.00,483.39,"37,693.72"
ID13169,09-Feb-2026,Direct Deposit,"1,868.02",0.00,"40,682.06"
ID13169,19-Mar-2026,Interest,168.01,0.00,"8,801.07"
ID13169,03-Mar-2026,Direct Deposit,"1,301.58",0.00,"3,149.53"
ID13169,28-Feb-2026,Transfer,"1,985.49",0.00,"66,009.52"
ID13170,26-Feb-2026,Debit Card,0.00,452.09,"67,331.78"
ID13170,08-Mar-2026,Interest,492.01,0.00,"48,833.69"
ID13170,26-Feb-2026,Reversal,0.00,600.29,"97,264.24"
ID13170,01-Apr-2026,Reversal,0.00,566.78,"6,175.53"
ID13170,29-Mar-2026,Debit Card,0.00,300.35,"73,407.48"
ID13170,24-Feb-2026,Charge,0.00,601.21,"83,114.82"
ID13170,25-Feb-2026,Debit Card,0.00,130.13,"31,284.37"
ID13170,12-Feb-2026,Transfer,728.42,0.00,"58,275.88"
ID13170,14-Feb-2026,Payment,"1,529.88",0.00,"7,511.12"
ID13170,10-Mar-2026,Reversal,0.00,674.31,"23,868.89"
ID13170,25-Jan-2026,Debit Card,0.00,346.86,"24,453.30"
ID13170,01-Feb-2026,Transfer,0.00,"1,129.20","59,131.23"
ID13170,02-Mar-2026,Charge,0.00,854.33,"41,779.97"
ID13170,13-Mar-2026,Transfer,"1,358.19",0.00,"68,141.34"
ID13170,10-Jan-2026,Payment,0.00,"1,057.14","12,288.90"
ID13170,11-Mar-2026,Charge,0.00,663.19,"18,177.07"
ID13170,18-Jan-2026,ATM Withdrawal,0.00,211.24,"78,522.79"
ID13170,05-Mar-2026,Direct Deposit,"4,015.34",0.00,"92,727.21"
ID13170,04-Feb-2026,Debit Card,0.00,604.10,"70,911.77"
ID13170,13-Jan-2026,Transfer,"1,929.39",0.00,"17,318.69"
ID13171,08-Mar-2026,ATM Withdrawal,0.00,570.54,"79,372.70"
ID13171,02-Feb-2026,ATM Withdrawal,0.00,29.68,"73,263.92"
ID13171,07-Mar-2026,ATM Withdrawal,0.00,218.66,"63,755.51"
ID13171,13-Mar-2026,ATM Withdrawal,0.00,158.20,"49,189.20"
ID13171,18-Feb-2026,ATM Withdrawal,0.00,560.51,"34,332.32"
ID13171,05-Mar-2026,Direct Deposit,"4,207.26",0.00,"23,857.53"
ID13171,20-Feb-2026,Charge,0.00,745.57,"54,847.66"
ID13171,18-Mar-2026,Reversal,747.19,0.00,"16,177.10"
ID13171,21-Jan-2026,Direct Deposit,"2,503.14",0.00,"79,413.36"
ID13171,06-Mar-2026,Transfer,"1,936.94",0.00,"12,385.65"
ID13171,13-Feb-2026,Reversal,0.00,250.68,"42,054.09"
ID13171,11-Jan-2026,ATM Withdrawal,0.00,213.83,"48,837.16"
ID13171,20-Jan-2026,Charge,0.00,135.17,"2,214.09"
ID13171,18-Jan-2026,Direct Deposit,"3,307.11",0.00,"23,647.99"
ID13171,19-Feb-2026,Charge,0.00,190.70,"50,814.37"
ID13171,07-Jan-2026,Interest,130.29,0.00,"75,774.22"
ID13171,08-Feb-2026,Transfer,"1,469.13",0.00,"4,180.09"
ID13171,03-Feb-2026,Transfer,0.00,506.00,"41,690.76"
ID13171,11-Feb-2026,ATM Withdrawal,0.00,754.84,"56,457.58"
ID13171,13-Feb-2026,Direct Deposit,"2,647.47",0.00,"93,182.23"
ID13172,26-Feb-2026,Direct Deposit,"4,790.20",0.00,"25,125.26"
ID13172,24-Feb-2026,ATM Withdrawal,0.00,654.16,"97,753.70"
ID13172,29-Jan-2026,Direct Deposit,"1,150.89",0.00,"80,662.71"
ID13172,19-Mar-2026,Reversal,814.76,0.00,"88,757.20"
ID13172,27-Mar-2026,Payment,895.65,0.00,"81,837.70"
ID13172,02-Mar-2026,Reversal,355.29,0.00,"6,398.09"
ID13172,22-Jan-2026,Debit Card,0.00,712.52,"52,174.40"
ID13172,08-Jan-2026,ATM Withdrawal,0.00,945.35,"31,434.43"
ID13172,21-Mar-2026,Debit Card,0.00,495.40,"4,318.79"
ID13172,19-Jan-2026,Payment,0.00,322.05,"31,966.83"
ID13172,11-Feb-2026,ATM Withdrawal,0.00,493.19,"98,879.31"
ID13172,04-Mar-2026,ATM Withdrawal,0.00,526.24,"86,948.60"
ID13172,29-Jan-2026,Transfer,509.32,0.00,"88,866.08"
ID13172,12-Feb-2026,Charge,0.00,537.67,"38,751.56"
ID13172,12-Jan-2026,Payment,0.00,"1,220.20","69,469.92"
ID13172,25-Mar-2026,Payment,0.00,274.87,"45,738.16"
ID13172,27-Jan-2026,Payment,404.69,0.00,"86,615.90"
ID13172,08-Mar-2026,Debit Card,0.00,21.69,"76,513.86"
ID13172,09-Mar-2026,Reversal,0.00,"1,082.31","47,874.72"
ID13172,12-Mar-2026,ATM Withdrawal,0.00,538.23,"50,495.16"
ID13173,08-Feb-2026,ATM Withdrawal,0.00,147.03,"15,513.65"
ID13173,06-Jan-2026,Payment,119.01,0.00,"33,011.21"
ID13173,27-Mar-2026,Transfer,0.00,383.93,"38,974.32"
ID13173,27-Feb-2026,ATM Withdrawal,0.00,675.55,"6,692.23"
ID13173,23-Feb-2026,Interest,202.29,0.00,"47,363.74"
ID13173,11-Feb-2026,ATM Withdrawal,0.00,404.04,"29,783.88"
ID13173,15-Jan-2026,Payment,0.00,496.66,"27,838.62"
ID13173,12-Jan-2026,Interest,303.21,0.00,"73,423.33"
ID13173,30-Mar-2026,Charge,0.00,641.29,"29,553.04"
ID13173,13-Mar-2026,Direct Deposit,"4,411.12",0.00,"53,589.00"
ID13173,07-Mar-2026,Payment,0.00,98.40,"41,562.38"
ID13173,18-Mar-2026,Debit Card,0.00,260.59,"19,402.82"
ID13173,30-Mar-2026,Direct Deposit,854.97,0.00,"29,486.96"
ID13173,02-Mar-2026,Transfer,0.00,"1,069.82","46,329.65"
ID13173,02-Feb-2026,Charge,0.00,655.95,"22,767.08"
ID13173,17-Jan-2026,Reversal,0.00,"1,360.52","16,486.09"
ID13173,13-Feb-2026,Reversal,455.25,0.00,"72,459.49"
ID13173,07-Jan-2026,Transfer,0.00,"1,354.95","84,680.07"
ID13173,23-Mar-2026,Reversal,"1,323.21",0.00,"46,170.78"
ID13173,25-Mar-2026,Reversal,0.00,387.28,"82,388.61"
ID13174,30-Jan-2026,Reversal,0.00,922.84,"11,734.87"
ID13174,26-Feb-2026,Direct Deposit,"2,190.33",0.00,"74,294.39"
ID13174,09-Feb-2026,Interest,470.24,0.00,"22,332.87"
ID13174,13-Feb-2026,Charge,0.00,259.98,"89,187.20"
ID13174,20-Jan-2026,Direct Deposit,578.42,0.00,"9,651.13"
ID13174,06-Jan-2026,Charge,0.00,682.02,"86,469.05"
ID13174,15-Feb-2026,Direct Deposit,"3,095.22",0.00,"66,280.31"
ID13174,24-Jan-2026,Payment,0.00,907.72,"34,076.24"
ID13174,10-Jan-2026,Debit Card,0.00,204.63,"33,443.63"
ID13174,21-Jan-2026,Interest,168.19,0.00,"45,774.49"
ID13174,24-Feb-2026,ATM Withdrawal,0.00,361.47,"86,923.77"
ID13174,20-Mar-2026,Charge,0.00,686.93,"61,259.03"
ID13174,28-Feb-2026,Debit Card,0.00,157.04,"58,523.17"
ID13174,23-Jan-2026,Payment,603.68,0.00,"77,993.69"
ID13174,17-Jan-2026,ATM Withdrawal,0.00,154.88,"20,855.57"
ID13174,27-Jan-2026,Direct Deposit,"3,958.90",0.00,"69,733.11"
ID13174,24-Feb-2026,Payment,0.00,364.38,"63,155.27"
ID13174,23-Jan-2026,Direct Deposit,"2,279.39",0.00,"87,532.46"
ID13174,01-Feb-2026,Reversal,0.00,740.76,"24,751.42"
ID13174,14-Mar-2026,Payment,"1,634.17",0.00,"49,962.08"
ID13175,06-Jan-2026,Charge,0.00,950.63,"68,982.65"
ID13175,11-Mar-2026,ATM Withdrawal,0.00,96.97,"80,338.63"
ID13175,16-Feb-2026,Reversal,"1,638.76",0.00,"34,893.90"
ID13175,19-Jan-2026,Debit Card,0.00,869.33,"43,261.85"
ID13175,05-Jan-2026,ATM Withdrawal,0.00,948.83,"60,815.12"
ID13175,20-Feb-2026,Debit Card,0.00,82.54,"32,297.97"
ID13175,20-Jan-2026,Debit Card,0.00,135.83,"28,556.53"
ID13175,01-Mar-2026,Interest,58.40,0.00,"61,724.77"
ID13175,19-Mar-2026,Interest,318.13,0.00,"4,270.08"
ID13175,09-Jan-2026,Reversal,"1,398.73",0.00,"61,484.32"
ID13175,13-Feb-2026,Direct Deposit,"2,810.37",0.00,"88,268.78"
ID13175,28-Mar-2026,Transfer,0.00,401.54,"95,877.14"
ID13175,28-Mar-2026,Charge,0.00,776.87,"11,029.78"
ID13175,30-Mar-2026,Interest,495.27,0.00,"33,186.15"
ID13175,11-Mar-2026,ATM Withdrawal,0.00,512.85,"53,324.09"
ID13175,15-Mar-2026,Charge,0.00,925.81,"4,042.11"
ID13175,04-Feb-2026,Direct Deposit,"4,832.46",0.00,"24,418.38"
ID13175,03-Jan-2026,Direct Deposit,"4,428.04",0.00,"21,807.48"
ID13175,11-Mar-2026,Interest,267.85,0.00,"25,367.64"
ID13175,13-Feb-2026,Interest,137.51,0.00,"37,784.51"
ID13176,23-Jan-2026,Charge,0.00,891.01,"38,628.59"
ID13176,23-Jan-2026,Direct Deposit,"2,589.95",0.00,"20,871.38"
ID13176,14-Mar-2026,Reversal,0.00,915.49,"76,149.96"
ID13176,07-Mar-2026,Payment,433.31,0.00,"30,410.75"
ID13176,06-Mar-2026,Reversal,0.00,"1,073.89","83,649.97"
ID13176,20-Jan-2026,Debit Card,0.00,993.19,"59,719.05"
ID13176,11-Jan-2026,Reversal,0.00,65.70,"15,973.58"
ID13176,25-Jan-2026,Reversal,0.00,"1,278.60","53,591.81"
ID13176,12-Jan-2026,Interest,225.96,0.00,"84,403.28"
ID13176,22-Jan-2026,Direct Deposit,"2,293.52",0.00,"5,393.57"
ID13176,28-Mar-2026,Charge,0.00,266.31,"31,301.57"
ID13176,01-Mar-2026,Direct Deposit,"4,973.46",0.00,"53,326.71"
ID13176,21-Mar-2026,ATM Withdrawal,0.00,121.48,"10,673.11"
ID13176,31-Mar-2026,Interest,295.86,0.00,"96,264.24"
ID13176,02-Mar-2026,ATM Withdrawal,0.00,363.03,"14,044.33"
ID13176,14-Mar-2026,Payment,"1,693.75",0.00,"84,960.92"
ID13176,27-Mar-2026,ATM Withdrawal,0.00,427.44,"17,729.17"
ID13176,24-Jan-2026,Direct Deposit,"2,567.33",0.00,"52,674.02"
ID13176,06-Mar-2026,Transfer,650.04,0.00,"59,446.79"
ID13176,05-Feb-2026,Interest,209.36,0.00,"83,830.28"
ID13177,07-Jan-2026,Transfer,0.00,"1,316.93","21,107.59"
ID13177,24-Feb-2026,Charge,0.00,452.14,"41,979.52"
ID13177,15-Mar-2026,Interest,387.64,0.00,"33,051.42"
ID13177,29-Jan-2026,ATM Withdrawal,0.00,110.87,"91,651.48"
ID13177,23-Mar-2026,Interest,219.92,0.00,"77,782.99"
ID13177,01-Mar-2026,Transfer,0.00,"1,198.39","16,124.08"
ID13177,25-Mar-2026,ATM Withdrawal,0.00,906.08,"1,720.67"
ID13177,03-Jan-2026,Debit Card,0.00,92.74,"63,071.37"
ID13177,03-Feb-2026,Debit Card,0.00,498.22,"65,723.08"
ID13177,12-Feb-2026,ATM Withdrawal,0.00,228.55,"4,469.79"
ID13177,03-Jan-2026,Charge,0.00,938.83,"22,907.46"
ID13177,14-Feb-2026,Payment,0.00,"1,071.91","3,875.83"
ID13177,11-Jan-2026,Direct Deposit,"2,863.15",0.00,"26,191.57"
ID13177,08-Feb-2026,Reversal,0.00,327.20,"15,621.71"
ID13177,06-Feb-2026,Payment,0.00,300.38,"2,352.60"
ID13177,07-Mar-2026,Transfer,192.20,0.00,"90,646.08"
ID13177,21-Feb-2026,Transfer,0.00,"1,349.30","33,969.67"
ID13177,23-Feb-2026,Transfer,0.00,"1,378.33","88,997.46"
ID13177,28-Mar-2026,Interest,238.21,0.00,"66,494.66"
ID13177,24-Mar-2026,Payment,734.10,0.00,"2,197.52"
ID13178,02-Apr-2026,Charge,0.00,899.34,"33,154.64"
ID13178,14-Feb-2026,Payment,0.00,909.27,"16,429.30"
ID13178,20-Mar-2026,Reversal,"1,000.29",0.00,"48,306.50"
ID13178,31-Mar-2026,Transfer,585.05,0.00,"81,294.47"
ID13178,24-Feb-2026,Debit Card,0.00,414.94,"31,578.62"
ID13178,12-Jan-2026,ATM Withdrawal,0.00,356.30,"86,781.60"
ID13178,27-Feb-2026,Direct Deposit,"3,079.66",0.00,"37,416.54"
ID13178,22-Feb-2026,Reversal,0.00,97.84,"31,623.13"
ID13178,03-Mar-2026,Charge,0.00,665.30,"76,200.52"
ID13178,11-Jan-2026,Transfer,132.27,0.00,"7,560.50"
ID13178,26-Feb-2026,Charge,0.00,400.41,"70,165.88"
ID13178,03-Mar-2026,Transfer,0.00,"1,445.29","84,907.32"
ID13178,01-Apr-2026,Transfer,485.61,0.00,"9,762.31"
ID13178,22-Feb-2026,Debit Card,0.00,595.85,"61,449.77"
ID13178,11-Feb-2026,Payment,860.55,0.00,"43,915.87"
ID13178,05-Mar-2026,Reversal,0.00,136.02,"65,796.80"
ID13178,27-Jan-2026,Charge,0.00,443.69,"45,610.39"
ID13178,20-Mar-2026,Transfer,0.00,"1,197.01","91,950.90"
ID13178,06-Feb-2026,Transfer,"1,011.67",0.00,"20,297.70"
ID13178,17-Feb-2026,ATM Withdrawal,0.00,875.03,"64,738.10"
ID13179,29-Mar-2026,ATM Withdrawal,0.00,863.71,"73,366.50"
ID13179,29-Mar-2026,Charge,0.00,806.70,"99,746.73"
ID13179,20-Mar-2026,Transfer,0.00,909.01,"7,130.00"
ID13179,02-Mar-2026,Direct Deposit,"4,924.53",0.00,"97,682.75"
ID13179,11-Feb-2026,Direct Deposit,"4,202.66",0.00,"93,592.42"
ID13179,25-Feb-2026,Reversal,0.00,763.04,"8,020.20"
ID13179,05-Mar-2026,Payment,0.00,624.01,"98,419.19"
ID13179,25-Mar-2026,Interest,244.34,0.00,"43,120.11"
ID13179,08-Jan-2026,Reversal,578.03,0.00,"98,375.43"
ID13179,08-Mar-2026,Reversal,0.00,246.23,"72,757.60"
ID13179,21-Feb-2026,Payment,"1,000.50",0.00,"29,736.65"
ID13179,02-Mar-2026,Payment,0.00,268.34,"62,479.31"
ID13179,21-Jan-2026,Direct Deposit,"4,729.90",0.00,"81,243.21"
ID13179,01-Feb-2026,Payment,508.22,0.00,"91,661.25"
ID13179,16-Mar-2026,Reversal,812.47,0.00,"33,363.53"
ID13179,24-Jan-2026,ATM Withdrawal,0.00,68.52,"77,076.48"
ID13179,16-Feb-2026,Charge,0.00,198.78,"18,522.58"
ID13179,05-Mar-2026,Transfer,719.50,0.00,"54,885.06"
ID13179,05-Feb-2026,Direct Deposit,"4,696.81",0.00,"60,100.85"
ID13179,10-Mar-2026,Debit Card,0.00,325.84,"14,376.37"
ID13180,01-Feb-2026,Debit Card,0.00,95.02,"22,258.35"
ID13180,01-Apr-2026,Reversal,677.71,0.00,"49,514.82"
ID13180,10-Jan-2026,Debit Card,0.00,329.37,"78,717.39"
ID13180,03-Apr-2026,Payment,0.00,"1,144.39","4,287.64"
ID13180,12-Mar-2026,Charge,0.00,518.52,"49,661.27"
ID13180,09-Mar-2026,Interest,248.11,0.00,"10,490.11"
ID13180,08-Jan-2026,Interest,151.82,0.00,"22,190.38"
ID13180,03-Apr-2026,Charge,0.00,933.28,"26,686.70"
ID13180,20-Mar-2026,Interest,189.30,0.00,"99,502.06"
ID13180,27-Mar-2026,Interest,203.17,0.00,"25,914.43"
ID13180,17-Jan-2026,Interest,194.35,0.00,"45,892.28"
ID13180,15-Mar-2026,Interest,94.15,0.00,"89,655.50"
ID13180,05-Mar-2026,Direct Deposit,"3,260.11",0.00,"57,631.57"
ID13180,30-Mar-2026,Payment,603.25,0.00,"74,882.13"
ID13180,09-Feb-2026,ATM Withdrawal,0.00,276.42,"72,491.03"
ID13180,04-Mar-2026,Debit Card,0.00,999.86,"66,040.73"
ID13180,20-Mar-2026,Direct Deposit,"4,331.52",0.00,"14,080.43"
ID13180,15-Jan-2026,Reversal,0.00,"1,399.67","84,262.56"
ID13180,05-Mar-2026,Reversal,0.00,"1,492.06","9,841.53"
ID13180,30-Mar-2026,ATM Withdrawal,0.00,708.58,"90,934.12"
ID13181,05-Mar-2026,Payment,725.38,0.00,"17,150.36"
ID13181,17-Jan-2026,Direct Deposit,"3,622.26",0.00,"82,721.28"
ID13181,13-Jan-2026,Interest,46.85,0.00,"20,254.46"
ID13181,21-Feb-2026,ATM Withdrawal,0.00,578.88,"56,273.23"
ID13181,03-Apr-2026,Charge,0.00,68.23,"55,491.69"
ID13181,15-Jan-2026,Charge,0.00,101.59,"64,394.59"
ID13181,02-Apr-2026,Payment,988.23,0.00,"65,819.04"
ID13181,17-Feb-2026,ATM Withdrawal,0.00,553.53,"50,982.87"
ID13181,20-Mar-2026,Reversal,0.00,496.37,"16,232.74"
ID13181,11-Jan-2026,Direct Deposit,"2,280.10",0.00,"57,167.15"
ID13181,17-Feb-2026,Payment,0.00,530.05,"63,863.03"
ID13181,20-Feb-2026,Interest,84.87,0.00,"89,351.30"
ID13181,27-Feb-2026,Charge,0.00,507.96,"9,640.71"
ID13181,09-Mar-2026,Charge,0.00,749.60,"1,191.48"
ID13181,17-Feb-2026,ATM Withdrawal,0.00,611.13,"70,384.77"
ID13181,06-Feb-2026,ATM Withdrawal,0.00,433.73,"29,999.64"
ID13181,18-Jan-2026,Interest,114.60,0.00,"71,239.46"
ID13181,15-Feb-2026,ATM Withdrawal,0.00,773.01,"75,908.32"
ID13181,20-Mar-2026,Debit Card,0.00,748.00,"44,619.54"
ID13181,15-Feb-2026,Direct Deposit,"4,857.74",0.00,"1,955.98"
ID13182,17-Mar-2026,Charge,0.00,63.99,"21,044.40"
ID13182,12-Mar-2026,Debit Card,0.00,291.51,"76,059.88"
ID13182,09-Feb-2026,Payment,657.16,0.00,"63,519.84"
ID13182,28-Mar-2026,Reversal,0.00,342.71,"45,322.23"
ID13182,03-Apr-2026,Direct Deposit,"3,519.12",0.00,"59,611.80"
ID13182,20-Feb-2026,Payment,"1,493.13",0.00,"19,397.39"
ID13182,24-Mar-2026,ATM Withdrawal,0.00,10.14,"48,444.55"
ID13182,14-Mar-2026,Payment,"1,708.80",0.00,"67,128.18"
ID13182,11-Feb-2026,ATM Withdrawal,0.00,436.12,"65,869.08"
ID13182,20-Feb-2026,Charge,0.00,825.20,"57,346.88"
ID13182,06-Mar-2026,Reversal,0.00,98.43,"98,530.80"
ID13182,20-Feb-2026,Debit Card,0.00,415.16,"75,378.93"
ID13182,07-Jan-2026,Interest,50.86,0.00,"69,319.12"
ID13182,04-Feb-2026,Interest,352.90,0.00,"98,523.58"
ID13182,19-Feb-2026,Debit Card,0.00,855.11,"54,697.37"
ID13182,08-Feb-2026,Debit Card,0.00,560.96,"42,265.18"
ID13182,19-Feb-2026,Debit Card,0.00,375.36,"66,079.07"
ID13182,19-Mar-2026,Transfer,0.00,"1,055.62","59,851.33"
ID13182,08-Feb-2026,Transfer,"1,288.36",0.00,"15,886.77"
ID13182,09-Jan-2026,ATM Withdrawal,0.00,938.99,"21,576.75"
ID13183,29-Mar-2026,Charge,0.00,553.47,"6,589.72"
ID13183,03-Mar-2026,Reversal,"1,894.84",0.00,"22,259.45"
ID13183,15-Feb-2026,Payment,"1,039.57",0.00,"62,731.48"
ID13183,18-Mar-2026,Charge,0.00,374.61,"97,539.48"
ID13183,31-Jan-2026,Charge,0.00,891.31,"90,072.79"
ID13183,15-Feb-2026,Charge,0.00,460.47,"47,572.70"
ID13183,23-Feb-2026,ATM Withdrawal,0.00,370.73,"62,191.04"
ID13183,19-Mar-2026,Reversal,0.00,389.14,"53,797.91"
ID13183,10-Feb-2026,Payment,0.00,339.39,"30,011.71"
ID13183,10-Jan-2026,Direct Deposit,"3,564.51",0.00,"81,648.68"
ID13183,03-Apr-2026,ATM Withdrawal,0.00,409.26,"90,135.45"
ID13183,25-Mar-2026,Debit Card,0.00,32.73,"27,952.98"
ID13183,07-Mar-2026,Reversal,0.00,500.89,"69,888.51"
ID13183,15-Jan-2026,Interest,480.48,0.00,"92,364.62"
ID13183,30-Mar-2026,Reversal,"1,171.81",0.00,"84,460.90"
ID13183,11-Jan-2026,Charge,0.00,847.42,"33,222.15"
ID13183,27-Jan-2026,Direct Deposit,"3,291.39",0.00,"66,690.44"
ID13183,14-Feb-2026,Transfer,"1,780.52",0.00,"72,227.54"
ID13183,17-Feb-2026,Transfer,0.00,"1,024.51","71,508.24"
ID13183,02-Feb-2026,Direct Deposit,988.59,0.00,"67,265.75"
ID13184,02-Feb-2026,Reversal,0.00,385.94,"77,236.65"
ID13184,09-Mar-2026,ATM Withdrawal,0.00,837.65,"86,141.35"
ID13184,02-Apr-2026,Direct Deposit,"4,739.90",0.00,"99,014.55"
ID13184,23-Mar-2026,Payment,0.00,501.28,"54,964.78"
ID13184,16-Feb-2026,Payment,"1,321.16",0.00,"60,221.12"
ID13184,04-Feb-2026,Charge,0.00,880.20,"11,469.04"
ID13184,15-Mar-2026,ATM Withdrawal,0.00,746.70,"43,859.16"
ID13184,19-Mar-2026,Transfer,0.00,"1,399.65","36,423.25"
ID13184,15-Jan-2026,ATM Withdrawal,0.00,699.37,"66,509.60"
ID13184,08-Feb-2026,Transfer,"1,578.53",0.00,"54,417.68"
ID13184,30-Jan-2026,Reversal,"1,274.62",0.00,"71,165.43"
ID13184,10-Mar-2026,Charge,0.00,343.42,"48,957.38"
ID13184,16-Feb-2026,Interest,122.24,0.00,"16,840.00"
ID13184,27-Feb-2026,Reversal,0.00,"1,489.29","69,801.00"
ID13184,27-Jan-2026,Interest,149.31,0.00,"23,828.38"
ID13184,27-Feb-2026,Transfer,"1,733.91",0.00,"69,559.44"
ID13184,13-Feb-2026,Reversal,479.22,0.00,"8,898.42"
ID13184,29-Jan-2026,ATM Withdrawal,0.00,783.36,"18,361.05"
ID13184,14-Feb-2026,Reversal,927.61,0.00,"53,198.10"
ID13184,04-Jan-2026,Charge,0.00,106.58,"8,577.31"
ID13185,24-Feb-2026,Reversal,502.55,0.00,"66,945.68"
ID13185,08-Feb-2026,Interest,40.75,0.00,"62,153.21"
ID13185,12-Jan-2026,Payment,0.00,826.29,"97,642.80"
ID13185,20-Feb-2026,Direct Deposit,"3,923.73",0.00,"27,961.38"
ID13185,02-Mar-2026,Payment,0.00,863.20,"1,294.12"
ID13185,07-Mar-2026,Payment,0.00,"1,086.96","21,436.82"
ID13185,12-Mar-2026,ATM Withdrawal,0.00,691.30,"7,943.28"
ID13185,24-Jan-2026,ATM Withdrawal,0.00,342.86,"9,283.07"
ID13185,01-Apr-2026,Payment,826.52,0.00,"23,272.81"
ID13185,20-Mar-2026,Transfer,0.00,"1,363.28","16,788.03"
ID13185,19-Jan-2026,ATM Withdrawal,0.00,929.83,"78,176.93"
ID13185,10-Mar-2026,Payment,0.00,"1,097.27","16,153.03"
ID13185,02-Mar-2026,Charge,0.00,408.33,"84,755.58"
ID13185,02-Mar-2026,Transfer,241.84,0.00,"79,051.41"
ID13185,07-Mar-2026,Payment,968.24,0.00,"53,491.07"
ID13185,09-Mar-2026,ATM Withdrawal,0.00,827.22,"2,308.89"
ID13185,14-Mar-2026,Interest,375.02,0.00,"55,600.00"
ID13185,24-Mar-2026,Direct Deposit,"2,152.31",0.00,"48,539.35"
ID13185,11-Feb-2026,ATM Withdrawal,0.00,173.75,"13,491.82"
ID13185,21-Mar-2026,Reversal,712.11,0.00,"71,355.07"
ID13186,15-Feb-2026,Charge,0.00,89.10,"30,532.04"
ID13186,05-Feb-2026,ATM Withdrawal,0.00,165.73,"79,721.56"
ID13186,18-Feb-2026,Debit Card,0.00,557.18,"91,693.47"
ID13186,05-Jan-2026,Direct Deposit,"4,987.20",0.00,"45,789.35"
ID13186,22-Feb-2026,Charge,0.00,324.30,"58,770.57"
ID13186,04-Mar-2026,ATM Withdrawal,0.00,726.39,"52,947.07"
ID13186,08-Jan-2026,Interest,314.37,0.00,"20,247.93"
ID13186,04-Feb-2026,Direct Deposit,"3,350.49",0.00,"84,482.65"
ID13186,04-Feb-2026,ATM Withdrawal,0.00,113.10,"85,069.55"
ID13186,30-Mar-2026,Direct Deposit,"2,368.34",0.00,"89,604.67"
ID13186,25-Feb-2026,Reversal,0.00,624.12,"47,195.28"
ID13186,16-Feb-2026,ATM Withdrawal,0.00,937.27,"27,954.48"
ID13186,15-Mar-2026,Charge,0.00,935.33,"72,264.83"
ID13186,18-Mar-2026,Charge,0.00,27.26,"57,011.00"
ID13186,19-Jan-2026,Charge,0.00,26.88,"55,608.17"
ID13186,07-Jan-2026,Interest,22.57,0.00,"18,427.10"
ID13186,09-Jan-2026,Payment,743.90,0.00,"93,710.34"
ID13186,06-Feb-2026,Debit Card,0.00,659.21,"89,954.91"
ID13186,15-Feb-2026,Interest,471.36,0.00,"96,659.56"
ID13186,07-Jan-2026,Transfer,0.00,344.26,"65,692.33"
ID13187,10-Mar-2026,Reversal,0.00,930.88,"5,486.98"
ID13187,26-Mar-2026,Transfer,187.18,0.00,"90,304.07"
ID13187,16-Mar-2026,Payment,0.00,550.07,"50,666.28"
ID13187,03-Mar-2026,Direct Deposit,"3,642.94",0.00,"64,084.79"
ID13187,19-Feb-2026,Interest,338.33,0.00,"8,674.42"
ID13187,13-Jan-2026,Reversal,0.00,466.83,"18,458.42"
ID13187,30-Mar-2026,Interest,193.22,0.00,"2,018.73"
ID13187,01-Apr-2026,Debit Card,0.00,870.50,"8,743.32"
ID13187,03-Feb-2026,ATM Withdrawal,0.00,718.15,"45,087.36"
ID13187,23-Feb-2026,Interest,228.37,0.00,"32,419.74"
ID13187,21-Mar-2026,Debit Card,0.00,340.96,"79,032.99"
ID13187,12-Feb-2026,Interest,377.64,0.00,"97,718.38"
ID13187,06-Jan-2026,Interest,374.41,0.00,"72,296.12"
ID13187,05-Feb-2026,Charge,0.00,191.85,"39,104.37"
ID13187,16-Jan-2026,Direct Deposit,"3,218.80",0.00,"88,874.51"
ID13187,13-Feb-2026,Charge,0.00,132.02,"3,732.27"
ID13187,27-Mar-2026,Interest,214.24,0.00,"68,820.85"
ID13187,10-Jan-2026,Direct Deposit,"4,235.01",0.00,"29,712.17"
ID13187,27-Mar-2026,ATM Withdrawal,0.00,612.96,"71,990.97"
ID13187,08-Feb-2026,Charge,0.00,938.12,"40,313.28"
ID13188,22-Mar-2026,Payment,0.00,"1,452.71","8,916.99"
ID13188,17-Mar-2026,Payment,0.00,992.31,"7,038.93"
ID13188,01-Mar-2026,Direct Deposit,"4,378.35",0.00,"17,128.38"
ID13188,07-Feb-2026,Direct Deposit,"3,562.18",0.00,"54,950.26"
ID13188,28-Jan-2026,Interest,47.56,0.00,"93,052.72"
ID13188,27-Feb-2026,Reversal,227.82,0.00,"36,886.58"
ID13188,25-Mar-2026,Interest,159.80,0.00,"32,611.10"
ID13188,28-Mar-2026,Payment,0.00,"1,254.09","50,865.81"
ID13188,30-Jan-2026,Transfer,"1,940.83",0.00,"18,656.23"
ID13188,13-Mar-2026,Transfer,0.00,411.05,"77,005.76"
ID13188,02-Feb-2026,Debit Card,0.00,994.97,"22,395.20"
ID13188,29-Jan-2026,Debit Card,0.00,277.71,"58,037.99"
ID13188,10-Mar-2026,Interest,13.32,0.00,"89,109.25"
ID13188,27-Feb-2026,Payment,0.00,510.67,"21,575.13"
ID13188,21-Mar-2026,ATM Withdrawal,0.00,509.49,"63,103.61"
ID13188,11-Jan-2026,Charge,0.00,194.85,"64,134.95"
ID13188,11-Feb-2026,Payment,0.00,647.68,"85,235.92"
ID13188,23-Mar-2026,ATM Withdrawal,0.00,728.69,"68,794.31"
ID13188,26-Feb-2026,Transfer,0.00,"1,226.67","69,198.47"
ID13188,28-Jan-2026,Interest,80.53,0.00,"82,185.63"
ID13189,11-Jan-2026,Debit Card,0.00,585.89,"98,242.73"
ID13189,10-Jan-2026,Reversal,"1,429.99",0.00,"83,668.84"
ID13189,19-Mar-2026,Interest,156.89,0.00,"63,553.24"
ID13189,16-Jan-2026,Charge,0.00,769.74,"35,958.44"
ID13189,07-Jan-2026,ATM Withdrawal,0.00,495.82,"74,629.23"
ID13189,22-Jan-2026,Direct Deposit,"4,699.33",0.00,"79,295.94"
ID13189,04-Feb-2026,ATM Withdrawal,0.00,676.39,"84,862.61"
ID13189,03-Jan-2026,Debit Card,0.00,334.67,"2,716.47"
ID13189,25-Jan-2026,Interest,146.58,0.00,"66,581.19"
ID13189,14-Jan-2026,Debit Card,0.00,192.39,"72,394.03"
ID13189,13-Feb-2026,Charge,0.00,655.84,"29,702.22"
ID13189,22-Feb-2026,Payment,157.67,0.00,"86,361.64"
ID13189,02-Feb-2026,Debit Card,0.00,201.97,"39,195.14"
ID13189,05-Mar-2026,Charge,0.00,585.25,"61,806.07"
ID13189,08-Feb-2026,Charge,0.00,272.11,"34,187.14"
ID13189,09-Mar-2026,Direct Deposit,"1,774.77",0.00,"9,236.17"
ID13189,14-Mar-2026,Payment,0.00,819.94,"93,681.97"
ID13189,31-Mar-2026,Payment,0.00,792.95,"38,231.78"
ID13189,12-Jan-2026,Direct Deposit,"4,387.00",0.00,"69,206.63"
ID13189,01-Feb-2026,Transfer,0.00,445.14,"49,789.92"
ID13190,02-Mar-2026,Payment,535.96,0.00,"33,167.92"
ID13190,22-Jan-2026,Payment,"1,641.93",0.00,"31,939.77"
ID13190,17-Feb-2026,Interest,305.89,0.00,"18,818.29"
ID13190,03-Feb-2026,Charge,0.00,42.88,"16,357.55"
ID13190,29-Jan-2026,Transfer,911.13,0.00,"41,955.47"
ID13190,04-Mar-2026,Payment,0.00,509.20,"84,298.58"
ID13190,06-Mar-2026,Payment,513.19,0.00,"55,869.52"
ID13190,29-Jan-2026,Direct Deposit,"4,210.20",0.00,"1,009.31"
ID13190,16-Mar-2026,Interest,268.46,0.00,"34,224.50"
ID13190,05-Mar-2026,Payment,"1,098.94",0.00,"28,411.04"
ID13190,14-Jan-2026,Transfer,420.40,0.00,"21,802.06"
ID13190,18-Feb-2026,Reversal,0.00,479.57,"62,815.75"
ID13190,17-Mar-2026,Payment,713.51,0.00,"44,467.08"
ID13190,27-Feb-2026,Transfer,138.64,0.00,"15,959.08"
ID13190,08-Mar-2026,ATM Withdrawal,0.00,636.99,"76,537.34"
ID13190,20-Jan-2026,Interest,428.99,0.00,"23,777.99"
ID13190,17-Mar-2026,Transfer,"1,729.20",0.00,"99,277.58"
ID13190,02-Apr-2026,Debit Card,0.00,947.22,"89,989.57"
ID13190,02-Feb-2026,Payment,0.00,668.05,"63,280.95"
ID13190,25-Feb-2026,Interest,127.92,0.00,"68,400.11"
ID13191,30-Mar-2026,Payment,0.00,223.49,"38,725.97"
ID13191,23-Jan-2026,Interest,227.12,0.00,"57,183.12"
ID13191,05-Feb-2026,Transfer,0.00,843.25,"71,002.41"
ID13191,22-Feb-2026,Charge,0.00,74.38,"76,917.15"
ID13191,31-Jan-2026,Transfer,"1,023.61",0.00,"46,209.67"
ID13191,23-Mar-2026,Debit Card,0.00,727.13,"99,444.67"
ID13191,12-Jan-2026,Transfer,"1,318.48",0.00,"25,362.13"
ID13191,09-Feb-2026,Charge,0.00,246.77,"64,508.79"
ID13191,01-Mar-2026,Transfer,363.13,0.00,"98,651.05"
ID13191,07-Jan-2026,Direct Deposit,"1,596.51",0.00,"42,480.17"
ID13191,07-Jan-2026,Payment,"1,991.98",0.00,"67,015.99"
ID13191,29-Mar-2026,Payment,0.00,83.25,"3,893.25"
ID13191,23-Mar-2026,Interest,430.34,0.00,"36,925.39"
ID13191,17-Jan-2026,Direct Deposit,"4,280.79",0.00,"49,665.04"
ID13191,27-Mar-2026,Reversal,0.00,161.42,"40,002.09"
ID13191,02-Feb-2026,Debit Card,0.00,824.02,"90,129.41"
ID13191,03-Feb-2026,ATM Withdrawal,0.00,63.03,"42,535.91"
ID13191,15-Feb-2026,ATM Withdrawal,0.00,964.01,"43,241.78"
ID13191,17-Mar-2026,Debit Card,0.00,398.29,"40,530.98"
ID13191,16-Mar-2026,Reversal,0.00,87.79,"68,283.18"
ID13192,22-Jan-2026,Payment,0.00,814.14,"75,402.14"
ID13192,17-Jan-2026,Charge,0.00,551.67,"16,398.70"
ID13192,22-Jan-2026,Debit Card,0.00,395.77,"27,493.10"
ID13192,16-Jan-2026,Direct Deposit,"1,552.28",0.00,"11,950.28"
ID13192,21-Feb-2026,ATM Withdrawal,0.00,274.15,"50,709.98"
ID13192,10-Mar-2026,Charge,0.00,964.94,"65,111.89"
ID13192,13-Mar-2026,Interest,485.38,0.00,"51,955.03"
ID13192,18-Jan-2026,Transfer,0.00,575.84,"40,695.29"
ID13192,17-Feb-2026,Direct Deposit,"3,928.91",0.00,"54,201.83"
ID13192,01-Apr-2026,Reversal,0.00,314.30,"16,911.76"
ID13192,20-Jan-2026,ATM Withdrawal,0.00,639.12,"96,800.31"
ID13192,10-Jan-2026,Charge,0.00,35.94,"25,115.64"
ID13192,02-Feb-2026,Transfer,309.22,0.00,"27,054.05"
ID13192,24-Jan-2026,Direct Deposit,"3,018.80",0.00,"2,389.95"
ID13192,22-Jan-2026,ATM Withdrawal,0.00,115.98,"66,338.94"
ID13192,17-Mar-2026,Payment,699.70,0.00,"65,397.96"
ID13192,11-Mar-2026,Reversal,"1,877.44",0.00,"91,580.97"
ID13192,31-Mar-2026,Direct Deposit,"2,199.78",0.00,"56,618.37"
ID13192,19-Mar-2026,Reversal,0.00,176.57,"97,886.09"
ID13192,23-Feb-2026,Charge,0.00,738.48,"73,054.00"
ID13193,01-Apr-2026,Direct Deposit,"1,231.24",0.00,"17,625.91"
ID13193,08-Feb-2026,Charge,0.00,586.84,"77,326.33"
ID13193,01-Mar-2026,Interest,492.16,0.00,"25,641.72"
ID13193,08-Jan-2026,Direct Deposit,"3,223.18",0.00,"55,182.20"
ID13193,20-Jan-2026,Transfer,"1,214.26",0.00,"61,859.24"
ID13193,15-Feb-2026,Direct Deposit,"1,859.02",0.00,"65,227.41"
ID13193,16-Jan-2026,Payment,"1,305.50",0.00,"60,198.96"
ID13193,09-Feb-2026,Charge,0.00,738.68,"38,350.74"
ID13193,20-Jan-2026,ATM Withdrawal,0.00,677.14,"94,223.71"
ID13193,03-Feb-2026,Reversal,422.17,0.00,"16,297.40"
ID13193,26-Mar-2026,Transfer,671.57,0.00,"42,192.31"
ID13193,23-Feb-2026,Debit Card,0.00,617.76,"3,793.29"
ID13193,27-Jan-2026,Reversal,"1,650.66",0.00,"79,187.55"
ID13193,29-Mar-2026,Interest,113.38,0.00,"33,654.65"
ID13193,13-Mar-2026,Transfer,0.00,"1,156.82","87,501.80"
ID13193,10-Feb-2026,Charge,0.00,900.15,"86,082.96"
ID13193,11-Mar-2026,Reversal,0.00,969.25,"66,916.92"
ID13193,21-Jan-2026,Debit Card,0.00,508.44,"46,158.01"
ID13193,04-Mar-2026,Interest,486.03,0.00,"77,860.45"
ID13193,09-Jan-2026,Payment,820.32,0.00,"38,179.62"
ID13194,20-Jan-2026,Interest,60.23,0.00,"53,276.74"
ID13194,09-Mar-2026,Charge,0.00,342.89,"10,242.25"
ID13194,07-Feb-2026,Interest,311.63,0.00,"94,278.52"
ID13194,19-Jan-2026,Charge,0.00,192.06,"40,985.06"
ID13194,28-Mar-2026,Reversal,"1,569.62",0.00,"54,017.28"
ID13194,11-Feb-2026,Interest,350.39,0.00,"1,299.80"
ID13194,03-Jan-2026,Reversal,0.00,867.80,"59,837.70"
ID13194,18-Jan-2026,Charge,0.00,639.28,"8,463.73"
ID13194,22-Feb-2026,Direct Deposit,"3,850.66",0.00,"64,308.50"
ID13194,25-Mar-2026,Debit Card,0.00,445.42,"64,303.90"
ID13194,09-Feb-2026,Payment,0.00,716.73,"16,146.81"
ID13194,10-Mar-2026,Debit Card,0.00,58.76,"74,871.15"
ID13194,19-Mar-2026,Interest,487.35,0.00,"35,279.68"
ID13194,03-Jan-2026,Interest,283.58,0.00,"27,930.42"
ID13194,07-Jan-2026,Charge,0.00,719.05,"35,318.66"
ID13194,24-Mar-2026,Debit Card,0.00,825.57,"4,842.10"
ID13194,05-Feb-2026,Payment,"1,751.48",0.00,"30,429.37"
ID13194,19-Mar-2026,Charge,0.00,444.96,"9,251.92"
ID13194,31-Jan-2026,Charge,0.00,61.19,"33,023.47"
ID13194,03-Mar-2026,ATM Withdrawal,0.00,862.93,"69,691.07"
ID13195,28-Jan-2026,Payment,0.00,554.67,"20,252.32"
ID13195,27-Mar-2026,Reversal,"1,839.79",0.00,"30,467.26"
ID13195,24-Feb-2026,Interest,241.53,0.00,"49,923.97"
ID13195,12-Jan-2026,ATM Withdrawal,0.00,134.58,"90,226.46"
ID13195,05-Feb-2026,Reversal,0.00,684.63,"88,050.61"
ID13195,15-Jan-2026,Charge,0.00,330.69,"30,563.67"
ID13195,21-Feb-2026,Transfer,121.13,0.00,"5,580.07"
ID13195,02-Apr-2026,Payment,0.00,526.32,"38,933.73"
ID13195,10-Mar-2026,ATM Withdrawal,0.00,582.40,"34,038.59"
ID13195,15-Feb-2026,Payment,872.40,0.00,"77,180.08"
ID13195,31-Jan-2026,ATM Withdrawal,0.00,145.31,"47,614.21"
ID13195,09-Mar-2026,Direct Deposit,"1,085.47",0.00,"39,503.39"
ID13195,06-Mar-2026,Transfer,919.58,0.00,"1,995.70"
ID13195,19-Mar-2026,Interest,386.61,0.00,"93,059.34"
ID13195,08-Jan-2026,Payment,854.88,0.00,"28,574.21"
ID13195,25-Mar-2026,Reversal,"1,389.38",0.00,"12,270.99"
ID13195,23-Jan-2026,ATM Withdrawal,0.00,530.64,"61,682.93"
ID13195,25-Feb-2026,Interest,363.07,0.00,"69,451.76"
ID13195,14-Feb-2026,ATM Withdrawal,0.00,94.00,"19,105.52"
ID13195,08-Feb-2026,Debit Card,0.00,469.08,"36,131.60"
ID13196,30-Jan-2026,Debit Card,0.00,499.20,"89,076.06"
ID13196,01-Apr-2026,Charge,0.00,872.78,"93,556.06"
ID13196,20-Feb-2026,Payment,484.68,0.00,"81,845.75"
ID13196,03-Mar-2026,Reversal,0.00,298.50,"29,896.64"
ID13196,05-Mar-2026,Payment,407.53,0.00,"39,214.64"
ID13196,08-Feb-2026,Interest,207.52,0.00,"23,232.28"
ID13196,21-Jan-2026,Interest,490.73,0.00,"23,793.37"
ID13196,09-Jan-2026,Reversal,267.44,0.00,"72,673.04"
ID13196,07-Mar-2026,Transfer,"1,111.51",0.00,"73,118.82"
ID13196,03-Apr-2026,Direct Deposit,"1,137.67",0.00,"8,391.48"
ID13196,17-Mar-2026,Debit Card,0.00,87.17,"90,964.31"
ID13196,21-Feb-2026,Debit Card,0.00,253.60,"54,478.35"
ID13196,08-Feb-2026,ATM Withdrawal,0.00,526.30,"12,411.80"
ID13196,09-Feb-2026,Debit Card,0.00,363.74,"53,667.68"
ID13196,30-Mar-2026,Transfer,0.00,"1,075.72","52,826.60"
ID13196,27-Feb-2026,ATM Withdrawal,0.00,601.71,"54,870.25"
ID13196,21-Feb-2026,ATM Withdrawal,0.00,651.12,"90,296.94"
ID13196,07-Mar-2026,Charge,0.00,401.66,"61,014.52"
ID13196,02-Mar-2026,Transfer,0.00,477.42,"30,229.43"
ID13196,25-Feb-2026,Transfer,"1,603.53",0.00,"4,312.80"
ID13197,21-Mar-2026,Debit Card,0.00,867.14,"37,876.77"
ID13197,11-Jan-2026,Payment,0.00,116.30,"9,452.70"
ID13197,08-Jan-2026,Payment,0.00,212.50,"59,530.62"
ID13197,04-Feb-2026,Payment,0.00,859.62,"7,505.83"
ID13197,21-Feb-2026,ATM Withdrawal,0.00,701.76,"1,365.06"
ID13197,30-Jan-2026,Debit Card,0.00,389.78,"36,676.51"
ID13197,08-Feb-2026,Interest,383.79,0.00,"47,052.94"
ID13197,14-Mar-2026,Reversal,545.26,0.00,"34,732.22"
ID13197,14-Feb-2026,Transfer,308.03,0.00,"47,165.97"
ID13197,13-Jan-2026,Charge,0.00,379.13,"38,945.20"
ID13197,09-Feb-2026,Payment,"1,561.92",0.00,"76,679.63"
ID13197,11-Feb-2026,Debit Card,0.00,694.32,"79,369.66"
ID13197,05-Feb-2026,Reversal,"1,958.35",0.00,"66,097.82"
ID13197,31-Mar-2026,Charge,0.00,333.25,"97,299.25"
ID13197,14-Jan-2026,Charge,0.00,594.03,"10,091.80"
ID13197,20-Mar-2026,Transfer,"1,670.60",0.00,"31,955.38"
ID13197,10-Mar-2026,Payment,162.37,0.00,"53,376.36"
ID13197,13-Jan-2026,Reversal,0.00,862.71,"80,371.76"
ID13197,06-Jan-2026,Reversal,"1,672.96",0.00,"77,578.22"
ID13197,26-Feb-2026,Direct Deposit,"2,307.83",0.00,"69,379.38"
ID13198,19-Mar-2026,Payment,0.00,"1,019.52","83,573.00"
ID13198,31-Jan-2026,Direct Deposit,"2,655.26",0.00,"35,960.72"
ID13198,20-Feb-2026,Transfer,"1,089.01",0.00,"34,432.32"
ID13198,22-Mar-2026,Interest,352.25,0.00,"27,370.18"
ID13198,12-Jan-2026,Interest,332.60,0.00,"2,398.43"
ID13198,03-Mar-2026,Charge,0.00,778.71,"90,997.11"
ID13198,30-Mar-2026,Direct Deposit,"1,172.46",0.00,"42,356.78"
ID13198,21-Mar-2026,ATM Withdrawal,0.00,43.42,"57,984.07"
ID13198,14-Jan-2026,Direct Deposit,"3,096.96",0.00,"49,120.49"
ID13198,12-Mar-2026,Debit Card,0.00,438.49,"89,743.42"
ID13198,03-Feb-2026,Reversal,0.00,835.63,"97,200.84"
ID13198,28-Mar-2026,Reversal,279.26,0.00,"56,371.91"
ID13198,02-Feb-2026,ATM Withdrawal,0.00,69.37,"55,921.22"
ID13198,24-Mar-2026,Reversal,241.71,0.00,"73,706.41"
ID13198,26-Mar-2026,Reversal,"1,208.54",0.00,"97,848.14"
ID13198,29-Mar-2026,Charge,0.00,435.89,"17,862.42"
ID13198,17-Feb-2026,Transfer,896.36,0.00,"10,541.04"
ID13198,13-Feb-2026,Charge,0.00,291.77,"43,709.61"
ID13198,03-Jan-2026,ATM Withdrawal,0.00,106.30,"41,879.68"
ID13198,04-Jan-2026,Reversal,0.00,579.73,"47,512.34"
ID13199,28-Jan-2026,Payment,0.00,276.59,"98,589.76"
ID13199,03-Jan-2026,Reversal,0.00,473.18,"90,464.67"
ID13199,14-Mar-2026,Debit Card,0.00,223.35,"61,942.17"
ID13199,09-Mar-2026,Charge,0.00,247.62,"81,066.36"
ID13199,28-Feb-2026,ATM Withdrawal,0.00,734.11,"60,250.00"
ID13199,29-Mar-2026,Debit Card,0.00,988.78,"84,396.49"
ID13199,23-Feb-2026,Charge,0.00,448.12,"8,168.18"
ID13199,12-Jan-2026,Debit Card,0.00,671.08,"98,141.33"
ID13199,04-Feb-2026,Payment,0.00,661.10,"93,340.47"
ID13199,27-Mar-2026,Transfer,0.00,"1,448.61","48,325.85"
ID13199,18-Mar-2026,Direct Deposit,"4,657.04",0.00,"35,276.49"
ID13199,11-Mar-2026,ATM Withdrawal,0.00,46.67,"50,977.52"
ID13199,05-Mar-2026,Transfer,0.00,505.39,"92,136.20"
ID13199,21-Jan-2026,Debit Card,0.00,378.79,"14,952.96"
ID13199,14-Jan-2026,Direct Deposit,"4,038.41",0.00,"12,991.31"
ID13199,29-Mar-2026,Interest,235.35,0.00,"52,771.17"
ID13199,10-Feb-2026,Reversal,0.00,539.64,"62,686.74"
ID13199,10-Feb-2026,Interest,170.41,0.00,"17,194.89"
ID13199,28-Feb-2026,Charge,0.00,345.03,"16,719.94"
ID13199,31-Mar-2026,Reversal,0.00,"1,358.58","20,175.00"
ID13200,30-Mar-2026,Debit Card,0.00,293.93,"26,615.97"
ID13200,05-Mar-2026,ATM Withdrawal,0.00,256.24,"73,629.48"
ID13200,03-Mar-2026,Charge,0.00,258.21,"57,230.43"
ID13200,04-Feb-2026,Reversal,0.00,"1,078.52","89,177.40"
ID13200,27-Mar-2026,Charge,0.00,757.98,"58,485.82"
ID13200,04-Mar-2026,ATM Withdrawal,0.00,250.63,"19,505.83"
ID13200,24-Feb-2026,Interest,251.84,0.00,"9,100.87"
ID13200,04-Feb-2026,Direct Deposit,"1,408.56",0.00,"1,654.33"
ID13200,24-Mar-2026,Payment,0.00,345.22,"91,449.81"
ID13200,06-Feb-2026,Payment,"1,692.14",0.00,"38,277.21"
ID13200,29-Mar-2026,Reversal,"1,608.55",0.00,"44,057.80"
ID13200,25-Feb-2026,Interest,135.15,0.00,"97,946.82"
ID13200,21-Mar-2026,ATM Withdrawal,0.00,565.89,"4,794.27"
ID13200,14-Mar-2026,Transfer,"1,250.31",0.00,"95,447.83"
ID13200,05-Jan-2026,Payment,0.00,"1,339.02","83,508.09"
ID13200,21-Jan-2026,Reversal,"1,945.81",0.00,"8,673.77"
ID13200,06-Feb-2026,Interest,304.76,0.00,"40,935.71"
ID13200,20-Mar-2026,Charge,0.00,836.84,"81,750.56"
ID13200,31-Mar-2026,Direct Deposit,"1,789.26",0.00,"66,031.87"
ID13200,19-Jan-2026,Direct Deposit,"4,080.03",0.00,"65,246.29"
ID13201,25-Mar-2026,Direct Deposit,"2,815.81",0.00,"42,130.77"
ID13201,31-Jan-2026,ATM Withdrawal,0.00,422.68,"9,437.80"
ID13201,08-Feb-2026,Charge,0.00,979.45,"54,716.52"
ID13201,28-Jan-2026,Debit Card,0.00,293.82,"29,719.77"
ID13201,20-Mar-2026,Reversal,"1,005.20",0.00,"65,615.14"
ID13201,08-Feb-2026,ATM Withdrawal,0.00,666.09,"17,534.56"
ID13201,31-Mar-2026,Reversal,252.46,0.00,"79,421.58"
ID13201,19-Feb-2026,Charge,0.00,543.38,"94,116.27"
ID13201,24-Jan-2026,Charge,0.00,774.28,"69,013.28"
ID13201,09-Jan-2026,Debit Card,0.00,592.62,"54,190.35"
ID13201,14-Jan-2026,Payment,"1,877.33",0.00,"87,387.06"
ID13201,19-Jan-2026,ATM Withdrawal,0.00,919.90,"16,122.94"
ID13201,30-Jan-2026,Transfer,0.00,"1,138.43","38,056.97"
ID13201,13-Mar-2026,Debit Card,0.00,477.77,"92,486.51"
ID13201,19-Feb-2026,Transfer,0.00,704.99,"40,390.22"
ID13201,22-Mar-2026,ATM Withdrawal,0.00,328.44,"37,763.94"
ID13201,29-Mar-2026,Debit Card,0.00,669.03,"51,489.92"
ID13201,26-Mar-2026,Debit Card,0.00,380.68,"65,314.11"
ID13201,28-Feb-2026,Debit Card,0.00,220.24,"42,930.44"
ID13201,20-Feb-2026,Reversal,0.00,311.89,"74,306.66"
ID13202,19-Feb-2026,Transfer,191.34,0.00,"93,563.29"
ID13202,17-Mar-2026,Transfer,367.89,0.00,"87,306.58"
ID13202,12-Mar-2026,Transfer,0.00,"1,252.04","62,163.65"
ID13202,11-Mar-2026,Debit Card,0.00,191.38,"74,011.44"
ID13202,29-Jan-2026,Direct Deposit,"3,991.02",0.00,"47,408.25"
ID13202,22-Feb-2026,Direct Deposit,"4,002.39",0.00,"54,204.70"
ID13202,08-Feb-2026,Reversal,"1,897.66",0.00,"34,440.29"
ID13202,05-Jan-2026,Charge,0.00,112.06,"49,335.49"
ID13202,18-Jan-2026,Transfer,0.00,"1,247.45","30,692.20"
ID13202,19-Feb-2026,ATM Withdrawal,0.00,442.44,"82,029.92"
ID13202,11-Mar-2026,Payment,883.26,0.00,"34,296.60"
ID13202,04-Jan-2026,Reversal,978.66,0.00,"95,901.69"
ID13202,24-Mar-2026,Charge,0.00,861.73,"16,859.13"
ID13202,23-Mar-2026,Payment,"1,248.81",0.00,"23,850.31"
ID13202,11-Jan-2026,Interest,112.66,0.00,"20,549.80"
ID13202,01-Feb-2026,Interest,400.23,0.00,"37,844.63"
ID13202,14-Jan-2026,Reversal,0.00,878.63,"80,836.63"
ID13202,11-Jan-2026,Payment,217.83,0.00,"26,328.10"
ID13202,16-Feb-2026,Direct Deposit,"2,704.44",0.00,"34,619.59"
ID13202,11-Jan-2026,Charge,0.00,77.66,"76,766.22"
ID13203,20-Jan-2026,Interest,17.84,0.00,"30,305.91"
ID13203,02-Mar-2026,Interest,22.11,0.00,"29,819.49"
ID13203,13-Mar-2026,Direct Deposit,517.37,0.00,"19,329.31"
ID13203,06-Feb-2026,Interest,103.48,0.00,"23,963.09"
ID13203,20-Mar-2026,Debit Card,0.00,934.92,"26,559.43"
ID13203,07-Feb-2026,Payment,"1,428.00",0.00,"50,728.62"
ID13203,09-Mar-2026,Interest,301.15,0.00,"83,323.54"
ID13203,23-Feb-2026,Transfer,936.83,0.00,"79,511.63"
ID13203,07-Feb-2026,ATM Withdrawal,0.00,44.02,"43,875.66"
ID13203,04-Jan-2026,ATM Withdrawal,0.00,506.63,"9,299.90"
ID13203,03-Mar-2026,Interest,71.05,0.00,"45,486.65"
ID13203,24-Jan-2026,Charge,0.00,380.24,"84,619.48"
ID13203,19-Jan-2026,Interest,252.05,0.00,"42,223.25"
ID13203,01-Apr-2026,Direct Deposit,"2,973.41",0.00,"93,855.78"
ID13203,21-Mar-2026,Interest,343.28,0.00,"28,068.74"
ID13203,10-Jan-2026,Debit Card,0.00,733.37,"96,624.70"
ID13203,25-Jan-2026,Debit Card,0.00,352.42,"64,450.23"
ID13203,30-Mar-2026,Debit Card,0.00,628.63,"4,566.87"
ID13203,27-Mar-2026,ATM Withdrawal,0.00,744.39,"37,686.12"
ID13203,19-Mar-2026,Charge,0.00,190.15,"80,763.11"
ID13204,01-Feb-2026,Debit Card,0.00,801.21,"98,901.84"
ID13204,31-Mar-2026,Direct Deposit,"1,132.41",0.00,"1,913.50"
ID13204,02-Mar-2026,Charge,0.00,767.95,"46,314.29"
ID13204,23-Mar-2026,Interest,395.22,0.00,"92,186.85"
ID13204,19-Feb-2026,Payment,"1,864.94",0.00,"37,937.01"
ID13204,11-Feb-2026,Charge,0.00,945.96,"71,026.38"
ID13204,23-Mar-2026,Debit Card,0.00,947.06,"95,728.79"
ID13204,25-Jan-2026,Transfer,0.00,"1,488.90","24,981.44"
ID13204,11-Mar-2026,Charge,0.00,543.79,"6,070.59"
ID13204,08-Jan-2026,Payment,"1,323.68",0.00,"57,356.92"
ID13204,13-Mar-2026,Reversal,0.00,973.85,"39,057.20"
ID13204,09-Mar-2026,Charge,0.00,754.92,"17,406.60"
ID13204,22-Mar-2026,Reversal,507.97,0.00,"88,588.33"
ID13204,25-Jan-2026,Charge,0.00,166.98,"94,919.16"
ID13204,20-Jan-2026,Charge,0.00,183.34,"27,801.20"
ID13204,13-Jan-2026,Reversal,0.00,345.44,"56,908.90"
ID13204,23-Feb-2026,Charge,0.00,353.96,"19,238.86"
ID13204,08-Jan-2026,Payment,"1,738.85",0.00,"66,912.07"
ID13204,26-Jan-2026,Debit Card,0.00,920.39,"4,869.12"
ID13204,29-Jan-2026,Transfer,0.00,"1,080.50","80,440.10"
ID13205,03-Apr-2026,Charge,0.00,374.96,"39,211.04"
ID13205,18-Jan-2026,Transfer,0.00,181.16,"42,129.90"
ID13205,30-Mar-2026,Transfer,0.00,"1,268.27","92,246.58"
ID13205,02-Apr-2026,Reversal,127.17,0.00,"26,078.99"
ID13205,23-Mar-2026,Interest,98.81,0.00,"37,460.01"
ID13205,01-Feb-2026,Payment,0.00,552.20,"27,379.54"
ID13205,18-Mar-2026,ATM Withdrawal,0.00,689.47,"15,325.35"
ID13205,26-Jan-2026,Reversal,0.00,"1,436.94","27,844.17"
ID13205,03-Apr-2026,Reversal,"1,156.52",0.00,"57,140.30"
ID13205,07-Feb-2026,Transfer,"1,629.65",0.00,"70,629.44"
ID13205,03-Jan-2026,Debit Card,0.00,733.01,"86,415.23"
ID13205,31-Mar-2026,Reversal,0.00,562.40,"77,849.29"
ID13205,16-Mar-2026,Direct Deposit,"2,182.22",0.00,"79,379.17"
ID13205,10-Mar-2026,Charge,0.00,955.57,"35,757.81"
ID13205,11-Mar-2026,Transfer,0.00,156.09,"12,660.15"
ID13205,02-Feb-2026,Payment,0.00,177.87,"84,370.30"
ID13205,21-Jan-2026,Debit Card,0.00,386.27,"79,064.73"
ID13205,23-Feb-2026,Transfer,0.00,106.99,"54,115.12"
ID13205,15-Jan-2026,ATM Withdrawal,0.00,117.88,"72,848.79"
ID13205,17-Feb-2026,ATM Withdrawal,0.00,283.20,"3,995.75"
ID13206,16-Feb-2026,Charge,0.00,244.58,"42,187.39"
ID13206,05-Mar-2026,ATM Withdrawal,0.00,147.10,"48,264.45"
ID13206,05-Jan-2026,Reversal,0.00,794.22,"26,661.63"
ID13206,23-Feb-2026,Payment,0.00,236.40,"25,492.29"
ID13206,11-Feb-2026,Interest,180.08,0.00,"13,169.44"
ID13206,21-Jan-2026,Reversal,846.72,0.00,"71,476.68"
ID13206,27-Feb-2026,ATM Withdrawal,0.00,106.69,"25,313.51"
ID13206,03-Mar-2026,Transfer,"1,194.49",0.00,"9,272.33"
ID13206,23-Feb-2026,Payment,0.00,"1,361.53","90,682.00"
ID13206,29-Mar-2026,Payment,0.00,389.21,"77,059.61"
ID13206,28-Jan-2026,Interest,22.84,0.00,"52,322.98"
ID13206,17-Mar-2026,Interest,240.68,0.00,"34,075.52"
ID13206,09-Mar-2026,Reversal,758.01,0.00,"40,996.62"
ID13206,03-Jan-2026,Interest,376.66,0.00,"7,380.88"
ID13206,20-Jan-2026,Transfer,0.00,506.74,"98,323.66"
ID13206,06-Mar-2026,Direct Deposit,"2,268.34",0.00,"42,847.40"
ID13206,30-Mar-2026,Interest,213.01,0.00,"92,292.96"
ID13206,11-Feb-2026,ATM Withdrawal,0.00,122.23,"92,216.31"
ID13206,28-Mar-2026,Transfer,0.00,909.61,"47,908.83"
ID13206,26-Feb-2026,Payment,515.70,0.00,"76,295.69"
ID13207,23-Jan-2026,Payment,211.77,0.00,"50,108.58"
ID13207,02-Apr-2026,Payment,268.29,0.00,"23,493.39"
ID13207,28-Mar-2026,Charge,0.00,972.94,"99,891.87"
ID13207,28-Feb-2026,ATM Withdrawal,0.00,489.08,"75,065.68"
ID13207,23-Jan-2026,Direct Deposit,"1,302.84",0.00,"24,035.67"
ID13207,12-Feb-2026,Debit Card,0.00,724.36,"18,557.51"
ID13207,25-Mar-2026,ATM Withdrawal,0.00,110.67,"57,447.27"
ID13207,03-Jan-2026,ATM Withdrawal,0.00,128.40,"48,812.97"
ID13207,24-Feb-2026,ATM Withdrawal,0.00,139.36,"62,849.62"
ID13207,22-Mar-2026,Charge,0.00,486.14,"30,770.24"
ID13207,06-Mar-2026,Charge,0.00,319.82,"83,161.63"
ID13207,20-Mar-2026,Payment,0.00,267.59,"38,011.85"
ID13207,31-Mar-2026,Payment,0.00,371.75,"36,590.50"
ID13207,24-Mar-2026,Debit Card,0.00,61.38,"11,055.01"
ID13207,04-Mar-2026,Interest,173.20,0.00,"16,797.67"
ID13207,15-Feb-2026,Direct Deposit,"1,139.59",0.00,"38,763.28"
ID13207,29-Jan-2026,Direct Deposit,"2,127.22",0.00,"26,514.93"
ID13207,14-Mar-2026,Payment,"1,006.41",0.00,"33,772.27"
ID13207,26-Mar-2026,Direct Deposit,"3,925.13",0.00,"56,041.78"
ID13207,03-Apr-2026,Transfer,0.00,65.86,"89,663.95"
ID13208,05-Mar-2026,Direct Deposit,"1,028.94",0.00,"56,551.69"
ID13208,26-Feb-2026,Transfer,726.27,0.00,"65,888.89"
ID13208,22-Jan-2026,Interest,158.28,0.00,"58,743.09"
ID13208,01-Feb-2026,Transfer,0.00,164.44,"41,021.29"
ID13208,27-Jan-2026,ATM Withdrawal,0.00,277.03,"15,085.17"
ID13208,17-Mar-2026,Reversal,0.00,117.13,"24,102.22"
ID13208,17-Jan-2026,Charge,0.00,97.86,"89,414.43"
ID13208,09-Jan-2026,Reversal,0.00,"1,442.07","69,028.74"
ID13208,02-Feb-2026,Transfer,120.51,0.00,"31,042.20"
ID13208,06-Mar-2026,Payment,0.00,245.71,"88,438.78"
ID13208,06-Mar-2026,Debit Card,0.00,268.81,"36,747.90"
ID13208,18-Jan-2026,Transfer,0.00,"1,260.20","83,002.13"
ID13208,19-Feb-2026,Payment,0.00,517.36,"18,357.37"
ID13208,14-Feb-2026,Direct Deposit,"4,439.50",0.00,"80,160.43"
ID13208,04-Feb-2026,Payment,0.00,372.59,"94,091.21"
ID13208,03-Mar-2026,Debit Card,0.00,363.85,"67,739.49"
ID13208,08-Feb-2026,Reversal,578.20,0.00,"65,908.80"
ID13208,28-Jan-2026,ATM Withdrawal,0.00,360.66,"64,847.82"
ID13208,27-Feb-2026,Direct Deposit,"2,814.51",0.00,"75,950.96"
ID13208,19-Jan-2026,ATM Withdrawal,0.00,142.34,"11,336.93"
ID13209,09-Mar-2026,ATM Withdrawal,0.00,444.97,"20,927.05"
ID13209,27-Mar-2026,Payment,"1,112.91",0.00,"86,922.24"
ID13209,31-Jan-2026,Payment,809.64,0.00,"37,369.80"
ID13209,22-Feb-2026,Reversal,"1,434.85",0.00,"50,128.52"
ID13209,11-Mar-2026,Charge,0.00,984.89,"7,600.18"
ID13209,17-Mar-2026,Transfer,0.00,"1,235.79","49,716.09"
ID13209,19-Jan-2026,Charge,0.00,284.13,"93,325.63"
ID13209,07-Jan-2026,Transfer,0.00,107.40,"1,944.45"
ID13209,05-Mar-2026,Transfer,"1,913.08",0.00,"73,346.16"
ID13209,01-Apr-2026,Payment,0.00,"1,044.46","42,892.81"
ID13209,01-Mar-2026,Payment,0.00,553.81,"30,340.69"
ID13209,10-Jan-2026,Charge,0.00,33.86,"79,281.27"
ID13209,15-Mar-2026,Interest,166.63,0.00,"40,379.75"
ID13209,31-Jan-2026,Transfer,187.34,0.00,"20,018.23"
ID13209,20-Mar-2026,Interest,176.33,0.00,"23,614.88"
ID13209,24-Feb-2026,Reversal,0.00,"1,103.11","38,693.92"
ID13209,25-Jan-2026,Debit Card,0.00,978.11,"95,787.12"
ID13209,14-Feb-2026,Transfer,"1,016.14",0.00,"47,903.05"
ID13209,02-Mar-2026,Reversal,"1,581.37",0.00,"31,932.10"
ID13209,05-Jan-2026,Debit Card,0.00,391.78,"4,556.80"
ID13210,18-Mar-2026,Reversal,"1,355.14",0.00,"32,788.69"
ID13210,25-Mar-2026,Direct Deposit,"2,486.10",0.00,"6,549.92"
ID13210,12-Mar-2026,Charge,0.00,478.51,"67,526.85"
ID13210,06-Feb-2026,Direct Deposit,"3,568.64",0.00,"68,509.22"
ID13210,27-Mar-2026,Interest,417.26,0.00,"13,366.65"
ID13210,19-Mar-2026,Interest,162.59,0.00,"71,253.91"
ID13210,08-Feb-2026,Direct Deposit,"2,682.28",0.00,"42,311.85"
ID13210,09-Feb-2026,Interest,249.34,0.00,"57,971.46"
ID13210,05-Jan-2026,ATM Withdrawal,0.00,257.40,"83,551.75"
ID13210,05-Jan-2026,Direct Deposit,"4,991.54",0.00,"60,456.63"
ID13210,09-Jan-2026,ATM Withdrawal,0.00,563.83,"17,486.04"
ID13210,18-Mar-2026,Transfer,"1,287.26",0.00,"57,499.65"
ID13210,22-Mar-2026,Debit Card,0.00,214.19,"82,791.86"
ID13210,10-Mar-2026,Debit Card,0.00,302.23,"51,291.71"
ID13210,16-Feb-2026,Reversal,"1,662.41",0.00,"71,980.15"
ID13210,19-Jan-2026,Transfer,711.78,0.00,"61,774.52"
ID13210,16-Jan-2026,Payment,"1,755.02",0.00,"75,439.14"
ID13210,13-Feb-2026,Transfer,0.00,716.90,"70,835.68"
ID13210,19-Feb-2026,Interest,422.40,0.00,"28,631.43"
ID13210,02-Mar-2026,Interest,370.19,0.00,"99,531.75"
ID13211,05-Mar-2026,ATM Withdrawal,0.00,821.95,"72,374.16"
ID13211,09-Jan-2026,Payment,0.00,823.39,"31,671.38"
ID13211,03-Feb-2026,ATM Withdrawal,0.00,342.51,"38,384.51"
ID13211,07-Mar-2026,Payment,"1,392.28",0.00,"38,443.69"
ID13211,01-Apr-2026,Direct Deposit,"4,999.35",0.00,"25,949.73"
ID13211,05-Mar-2026,Reversal,0.00,"1,018.47","27,405.98"
ID13211,11-Jan-2026,Charge,0.00,756.53,"51,486.59"
ID13211,19-Mar-2026,Interest,103.26,0.00,"8,251.27"
ID13211,10-Mar-2026,ATM Withdrawal,0.00,551.09,"91,282.70"
ID13211,10-Feb-2026,Payment,384.38,0.00,"24,794.69"
ID13211,02-Mar-2026,Debit Card,0.00,702.50,"11,031.18"
ID13211,25-Jan-2026,Reversal,0.00,183.56,"90,795.02"
ID13211,09-Feb-2026,ATM Withdrawal,0.00,510.04,"31,855.35"
ID13211,19-Jan-2026,Payment,0.00,565.73,"37,725.82"
ID13211,01-Feb-2026,Debit Card,0.00,818.73,"1,783.11"
ID13211,25-Jan-2026,Payment,584.94,0.00,"89,346.72"
ID13211,28-Mar-2026,Reversal,0.00,"1,174.73","92,912.67"
ID13211,14-Feb-2026,ATM Withdrawal,0.00,27.57,"83,310.03"
ID13211,19-Jan-2026,Debit Card,0.00,169.01,"47,712.18"
ID13211,17-Feb-2026,Payment,"1,750.71",0.00,"36,465.91"
ID13212,24-Feb-2026,Interest,365.13,0.00,"88,041.66"
ID13212,14-Feb-2026,Payment,186.26,0.00,"93,352.57"
ID13212,01-Mar-2026,ATM Withdrawal,0.00,718.34,"94,654.53"
ID13212,06-Mar-2026,Payment,382.87,0.00,"24,079.14"
ID13212,05-Jan-2026,ATM Withdrawal,0.00,408.71,"31,600.61"
ID13212,01-Feb-2026,ATM Withdrawal,0.00,765.60,"37,920.27"
ID13212,22-Jan-2026,ATM Withdrawal,0.00,31.97,"53,664.83"
ID13212,05-Feb-2026,Interest,205.61,0.00,"27,258.09"
ID13212,08-Mar-2026,Interest,100.71,0.00,"65,883.76"
ID13212,20-Jan-2026,Transfer,"1,449.00",0.00,"37,751.54"
ID13212,03-Feb-2026,Debit Card,0.00,355.63,"67,034.94"
ID13212,12-Mar-2026,Transfer,0.00,147.58,"91,759.21"
ID13212,23-Mar-2026,Payment,"1,228.84",0.00,"24,927.86"
ID13212,01-Apr-2026,Debit Card,0.00,63.92,"54,086.49"
ID13212,08-Mar-2026,Debit Card,0.00,475.23,"16,398.67"
ID13212,18-Jan-2026,Debit Card,0.00,242.89,"40,062.49"
ID13212,08-Jan-2026,Charge,0.00,370.43,"9,623.04"
ID13212,23-Jan-2026,Reversal,0.00,353.70,"35,428.01"
ID13212,17-Jan-2026,Direct Deposit,"1,166.16",0.00,"33,650.09"
ID13212,16-Jan-2026,Reversal,0.00,"1,385.40","77,756.67"
ID13213,04-Mar-2026,Payment,0.00,"1,167.39","32,878.93"
ID13213,11-Jan-2026,Reversal,"1,529.09",0.00,"7,676.49"
ID13213,19-Feb-2026,Transfer,670.31,0.00,"3,055.72"
ID13213,12-Jan-2026,Debit Card,0.00,916.89,"78,573.44"
ID13213,26-Feb-2026,Interest,474.76,0.00,"65,215.73"
ID13213,30-Mar-2026,Direct Deposit,"3,907.03",0.00,"11,378.65"
ID13213,17-Mar-2026,Interest,117.07,0.00,"59,392.20"
ID13213,21-Jan-2026,Direct Deposit,"1,296.95",0.00,"71,633.86"
ID13213,05-Mar-2026,Debit Card,0.00,932.08,"76,416.21"
ID13213,07-Jan-2026,Interest,99.66,0.00,"69,879.23"
ID13213,23-Jan-2026,Direct Deposit,"3,573.51",0.00,"61,792.63"
ID13213,26-Mar-2026,Debit Card,0.00,986.74,"34,132.26"
ID13213,02-Mar-2026,Charge,0.00,999.08,"77,794.06"
ID13213,30-Jan-2026,Transfer,440.57,0.00,"84,625.55"
ID13213,05-Mar-2026,Payment,"1,970.29",0.00,"39,426.16"
ID13213,04-Mar-2026,ATM Withdrawal,0.00,107.89,"86,760.12"
ID13213,02-Apr-2026,Debit Card,0.00,340.31,"73,964.43"
ID13213,18-Mar-2026,Interest,188.30,0.00,"12,563.90"
ID13213,22-Feb-2026,Debit Card,0.00,836.63,"53,773.57"
ID13213,12-Mar-2026,Transfer,"1,421.71",0.00,"81,180.48"
ID13214,25-Mar-2026,Transfer,0.00,439.72,"25,971.79"
ID13214,19-Jan-2026,Payment,528.50,0.00,"83,866.60"
ID13214,25-Mar-2026,ATM Withdrawal,0.00,543.10,"79,856.07"
ID13214,20-Mar-2026,Debit Card,0.00,851.03,"48,050.70"
ID13214,16-Mar-2026,ATM Withdrawal,0.00,749.16,"88,493.95"
ID13214,13-Feb-2026,Debit Card,0.00,697.64,"11,343.77"
ID13214,17-Jan-2026,Payment,0.00,670.72,"90,460.35"
ID13214,17-Jan-2026,ATM Withdrawal,0.00,164.32,"23,274.50"
ID13214,07-Mar-2026,Payment,131.69,0.00,"22,506.38"
ID13214,25-Jan-2026,Debit Card,0.00,398.04,"22,499.87"
ID13214,23-Feb-2026,Interest,409.09,0.00,"34,991.77"
ID13214,12-Mar-2026,Payment,"1,501.25",0.00,"19,590.73"
ID13214,13-Mar-2026,Debit Card,0.00,690.27,"59,041.53"
ID13214,24-Jan-2026,Reversal,0.00,280.31,"26,966.54"
ID13214,12-Jan-2026,ATM Withdrawal,0.00,245.48,"48,018.87"
ID13214,25-Jan-2026,Debit Card,0.00,114.67,"72,258.48"
ID13214,27-Mar-2026,Payment,0.00,"1,464.36","6,769.62"
ID13214,26-Feb-2026,Payment,0.00,"1,091.18","63,526.75"
ID13214,13-Mar-2026,Reversal,0.00,"1,452.30","27,032.60"
ID13214,16-Feb-2026,Debit Card,0.00,818.97,"55,895.07"
ID13215,28-Jan-2026,Debit Card,0.00,287.83,"37,903.06"
ID13215,24-Mar-2026,Charge,0.00,751.62,"45,414.44"
ID13215,22-Jan-2026,ATM Withdrawal,0.00,62.46,"83,331.43"
ID13215,29-Jan-2026,Direct Deposit,"4,028.39",0.00,"57,550.57"
ID13215,22-Mar-2026,Payment,0.00,151.37,"1,081.82"
ID13215,26-Jan-2026,Charge,0.00,563.46,"78,535.91"
ID13215,17-Mar-2026,Debit Card,0.00,30.94,"92,595.71"
ID13215,30-Jan-2026,Reversal,"1,902.05",0.00,"65,102.17"
ID13215,26-Feb-2026,Payment,157.98,0.00,"30,964.14"
ID13215,01-Apr-2026,ATM Withdrawal,0.00,436.38,"39,364.11"
ID13215,14-Feb-2026,Reversal,"1,949.38",0.00,"1,113.41"
ID13215,27-Mar-2026,Direct Deposit,"1,168.50",0.00,"8,364.24"
ID13215,26-Jan-2026,Debit Card,0.00,957.55,"44,329.01"
ID13215,12-Feb-2026,Payment,0.00,"1,284.26","70,946.89"
ID13215,19-Feb-2026,Transfer,0.00,351.15,"29,253.91"
ID13215,30-Mar-2026,Reversal,0.00,647.51,"71,519.66"
ID13215,04-Feb-2026,Reversal,715.39,0.00,"53,787.12"
ID13215,31-Jan-2026,Payment,0.00,"1,221.50","38,444.96"
ID13215,22-Mar-2026,Interest,243.32,0.00,"87,355.69"
ID13215,13-Jan-2026,Reversal,0.00,961.68,"39,212.95"
ID13216,12-Feb-2026,Direct Deposit,"4,245.84",0.00,"47,943.42"
ID13216,01-Feb-2026,Transfer,398.91,0.00,"47,469.82"
ID13216,03-Apr-2026,Debit Card,0.00,118.77,"52,411.20"
ID13216,06-Mar-2026,Interest,57.64,0.00,"42,744.36"
ID13216,16-Jan-2026,Payment,416.47,0.00,"27,372.29"
ID13216,02-Apr-2026,Direct Deposit,"3,709.95",0.00,"21,355.36"
ID13216,19-Mar-2026,Charge,0.00,226.66,"19,425.86"
ID13216,27-Feb-2026,Transfer,0.00,54.80,"38,256.69"
ID13216,04-Jan-2026,Debit Card,0.00,912.78,"89,980.23"
ID13216,19-Jan-2026,Direct Deposit,"2,574.73",0.00,"64,285.67"
ID13216,27-Feb-2026,Debit Card,0.00,224.82,"73,353.46"
ID13216,11-Feb-2026,Payment,367.89,0.00,"94,304.42"
ID13216,03-Jan-2026,Interest,276.43,0.00,"69,637.58"
ID13216,13-Feb-2026,Reversal,"1,250.59",0.00,"85,485.23"
ID13216,02-Apr-2026,Debit Card,0.00,479.98,"44,580.60"
ID13216,30-Jan-2026,ATM Withdrawal,0.00,524.76,"7,105.43"
ID13216,21-Jan-2026,ATM Withdrawal,0.00,306.02,"72,959.71"
ID13216,16-Feb-2026,Reversal,0.00,342.24,"31,780.73"
ID13216,12-Feb-2026,Debit Card,0.00,487.00,"83,014.47"
ID13216,26-Jan-2026,Interest,56.51,0.00,"16,569.43"
ID13217,08-Jan-2026,Direct Deposit,"3,730.62",0.00,"84,234.56"
ID13217,24-Mar-2026,Debit Card,0.00,246.66,"39,236.95"
ID13217,01-Apr-2026,Reversal,0.00,109.48,"9,220.15"
ID13217,05-Jan-2026,Debit Card,0.00,155.28,"35,776.87"
ID13217,05-Mar-2026,Payment,0.00,371.67,"37,588.78"
ID13217,25-Jan-2026,Transfer,"1,163.47",0.00,"14,642.13"
ID13217,27-Jan-2026,Transfer,"1,309.16",0.00,"39,125.22"
ID13217,23-Jan-2026,Payment,0.00,"1,217.73","94,193.27"
ID13217,31-Mar-2026,Interest,345.67,0.00,"68,195.15"
ID13217,26-Mar-2026,Payment,"1,950.02",0.00,"18,969.99"
ID13217,26-Feb-2026,Direct Deposit,"2,244.79",0.00,"78,198.71"
ID13217,21-Feb-2026,Direct Deposit,"2,578.06",0.00,"58,242.63"
ID13217,22-Jan-2026,ATM Withdrawal,0.00,790.59,"24,249.00"
ID13217,30-Mar-2026,ATM Withdrawal,0.00,639.10,"72,966.79"
ID13217,04-Mar-2026,Reversal,0.00,762.34,"60,799.45"
ID13217,03-Feb-2026,Direct Deposit,"4,423.15",0.00,"4,493.93"
ID13217,20-Feb-2026,Reversal,971.73,0.00,"21,009.58"
ID13217,21-Jan-2026,Interest,481.70,0.00,"20,320.42"
ID13217,08-Jan-2026,Interest,162.85,0.00,"70,459.22"
ID13217,30-Jan-2026,ATM Withdrawal,0.00,34.23,"60,646.07"
ID13218,07-Mar-2026,Transfer,"1,026.00",0.00,"84,638.74"
ID13218,19-Feb-2026,Charge,0.00,269.79,"39,579.68"
ID13218,02-Feb-2026,Interest,77.31,0.00,"95,247.40"
ID13218,10-Jan-2026,Payment,0.00,275.35,"11,803.93"
ID13218,08-Mar-2026,Transfer,0.00,"1,025.71","4,388.65"
ID13218,14-Feb-2026,Debit Card,0.00,555.80,"75,504.66"
ID13218,30-Mar-2026,Payment,0.00,733.62,"33,773.47"
ID13218,03-Jan-2026,Debit Card,0.00,915.76,"66,106.11"
ID13218,30-Jan-2026,Interest,112.33,0.00,"99,187.85"
ID13218,15-Jan-2026,Charge,0.00,174.99,"1,871.33"
ID13218,17-Jan-2026,ATM Withdrawal,0.00,696.19,"3,139.16"
ID13218,08-Mar-2026,Direct Deposit,"4,487.65",0.00,"84,173.23"
ID13218,03-Mar-2026,Transfer,408.69,0.00,"19,037.20"
ID13218,23-Jan-2026,ATM Withdrawal,0.00,936.15,"54,741.39"
ID13218,08-Jan-2026,Interest,28.29,0.00,"75,964.87"
ID13218,09-Mar-2026,Reversal,0.00,823.34,"84,438.46"
ID13218,14-Mar-2026,Transfer,0.00,63.87,"42,590.30"
ID13218,27-Feb-2026,Debit Card,0.00,93.40,"31,742.00"
ID13218,10-Jan-2026,Transfer,"1,589.22",0.00,"1,261.19"
ID13218,10-Feb-2026,Debit Card,0.00,193.32,"74,225.98"
ID13219,11-Feb-2026,Charge,0.00,726.39,"15,689.68"
ID13219,04-Feb-2026,Reversal,595.44,0.00,"66,419.85"
ID13219,16-Feb-2026,ATM Withdrawal,0.00,225.15,"47,102.82"
ID13219,06-Jan-2026,Interest,58.41,0.00,"67,530.26"
ID13219,01-Feb-2026,Transfer,0.00,"1,423.25","94,297.01"
ID13219,24-Feb-2026,Transfer,0.00,"1,160.30","21,450.95"
ID13219,20-Feb-2026,Reversal,0.00,"1,270.82","70,808.08"
ID13219,19-Jan-2026,Interest,66.00,0.00,"96,322.56"
ID13219,23-Jan-2026,ATM Withdrawal,0.00,737.41,"63,749.51"
ID13219,27-Jan-2026,Transfer,0.00,814.33,"33,909.98"
ID13219,01-Feb-2026,Transfer,0.00,68.24,"89,149.95"
ID13219,29-Mar-2026,Debit Card,0.00,529.87,"83,851.39"
ID13219,14-Jan-2026,Transfer,"1,603.92",0.00,"30,244.47"
ID13219,09-Feb-2026,Reversal,0.00,875.77,"2,731.05"
ID13219,12-Feb-2026,Transfer,313.02,0.00,"84,750.47"
ID13219,16-Mar-2026,Transfer,0.00,845.83,"11,919.03"
ID13219,31-Jan-2026,ATM Withdrawal,0.00,185.98,"46,211.24"
ID13219,08-Mar-2026,Charge,0.00,434.18,"69,579.21"
ID13219,09-Mar-2026,Charge,0.00,211.26,"27,296.90"
ID13219,10-Feb-2026,ATM Withdrawal,0.00,891.89,"56,721.14"
ID13220,10-Feb-2026,Payment,974.50,0.00,"33,510.91"
ID13220,18-Mar-2026,Payment,0.00,980.92,"15,900.39"
ID13220,01-Feb-2026,ATM Withdrawal,0.00,638.40,"78,638.53"
ID13220,15-Feb-2026,Transfer,0.00,358.53,"68,733.47"
ID13220,20-Feb-2026,ATM Withdrawal,0.00,421.18,"84,314.56"
ID13220,05-Mar-2026,Interest,203.44,0.00,"71,946.33"
ID13220,17-Mar-2026,Payment,0.00,"1,004.13","73,150.26"
ID13220,27-Mar-2026,Reversal,419.13,0.00,"60,173.92"
ID13220,26-Feb-2026,Debit Card,0.00,459.89,"42,219.70"
ID13220,16-Mar-2026,Charge,0.00,65.56,"20,407.07"
ID13220,04-Feb-2026,Charge,0.00,222.80,"57,154.03"
ID13220,01-Apr-2026,Reversal,0.00,586.47,"92,453.74"
ID13220,05-Feb-2026,Direct Deposit,749.23,0.00,"52,389.50"
ID13220,16-Feb-2026,Direct Deposit,"2,627.38",0.00,"39,964.08"
ID13220,02-Apr-2026,Direct Deposit,"3,984.51",0.00,"17,207.91"
ID13220,04-Jan-2026,Debit Card,0.00,377.08,"2,036.59"
ID13220,14-Jan-2026,Charge,0.00,105.61,"97,891.47"
ID13220,27-Mar-2026,Payment,0.00,956.22,"66,750.90"
ID13220,26-Feb-2026,Direct Deposit,"3,356.36",0.00,"33,604.39"
ID13220,09-Feb-2026,Direct Deposit,"4,913.64",0.00,"51,577.88"
ID13221,27-Mar-2026,Transfer,"1,153.95",0.00,"3,958.68"
ID13221,23-Mar-2026,Payment,0.00,"1,410.83","52,851.18"
ID13221,26-Feb-2026,Payment,0.00,"1,225.38","74,189.10"
ID13221,05-Mar-2026,Direct Deposit,"3,354.17",0.00,"18,458.58"
ID13221,30-Mar-2026,Transfer,0.00,869.41,"80,403.49"
ID13221,17-Jan-2026,ATM Withdrawal,0.00,513.48,"57,713.33"
ID13221,21-Mar-2026,Payment,"1,540.94",0.00,"92,141.11"
ID13221,10-Jan-2026,Transfer,0.00,385.84,"20,533.46"
ID13221,01-Feb-2026,ATM Withdrawal,0.00,930.38,"21,244.00"
ID13221,26-Mar-2026,ATM Withdrawal,0.00,831.54,"47,878.01"
ID13221,06-Mar-2026,Charge,0.00,387.16,"2,249.04"
ID13221,25-Jan-2026,Transfer,0.00,"1,004.62","87,492.15"
ID13221,22-Jan-2026,Direct Deposit,"3,680.96",0.00,"30,947.53"
ID13221,17-Jan-2026,Interest,281.12,0.00,"87,770.45"
ID13221,26-Jan-2026,Payment,447.77,0.00,"13,446.75"
ID13221,01-Apr-2026,Charge,0.00,108.84,"2,916.64"
ID13221,27-Feb-2026,Charge,0.00,164.08,"8,921.93"
ID13221,11-Mar-2026,Payment,"1,274.90",0.00,"11,259.18"
ID13221,25-Mar-2026,Debit Card,0.00,513.92,"94,562.58"
ID13221,28-Feb-2026,Payment,"1,427.50",0.00,"53,491.67"
ID13222,02-Mar-2026,Debit Card,0.00,349.69,"98,022.83"
ID13222,10-Mar-2026,Transfer,0.00,"1,213.88","79,633.86"
ID13222,31-Mar-2026,Debit Card,0.00,28.98,"49,128.68"
ID13222,19-Feb-2026,Direct Deposit,"1,082.00",0.00,"88,692.53"
ID13222,24-Mar-2026,Charge,0.00,341.92,"30,168.14"
ID13222,21-Jan-2026,Interest,475.55,0.00,"8,640.24"
ID13222,18-Jan-2026,Charge,0.00,141.65,"32,588.11"
ID13222,19-Mar-2026,Transfer,0.00,"1,091.87","11,726.88"
ID13222,03-Mar-2026,Debit Card,0.00,109.24,"33,952.11"
ID13222,20-Mar-2026,Charge,0.00,891.08,"39,220.27"
ID13222,01-Apr-2026,Transfer,0.00,366.73,"67,078.79"
ID13222,07-Jan-2026,Reversal,0.00,954.48,"36,150.90"
ID13222,09-Feb-2026,Charge,0.00,157.04,"47,323.66"
ID13222,01-Feb-2026,Debit Card,0.00,491.98,"38,526.83"
ID13222,26-Jan-2026,Debit Card,0.00,820.25,"48,505.41"
ID13222,02-Mar-2026,Reversal,0.00,"1,004.89","28,959.49"
ID13222,11-Jan-2026,Debit Card,0.00,812.86,"36,306.33"
ID13222,22-Jan-2026,Direct Deposit,"2,247.35",0.00,"88,340.30"
ID13222,11-Feb-2026,Reversal,0.00,811.86,"40,616.26"
ID13222,04-Feb-2026,Transfer,0.00,"1,078.91","44,150.40"
ID13223,11-Feb-2026,Reversal,"1,960.06",0.00,"70,323.21"
ID13223,21-Jan-2026,Debit Card,0.00,34.60,"95,430.38"
ID13223,06-Feb-2026,Direct Deposit,"3,489.44",0.00,"82,408.17"
ID13223,31-Jan-2026,Interest,58.31,0.00,"42,511.34"
ID13223,05-Mar-2026,Charge,0.00,997.09,"45,459.96"
ID13223,05-Mar-2026,Reversal,"1,429.79",0.00,"41,184.87"
ID13223,27-Jan-2026,ATM Withdrawal,0.00,463.01,"94,215.34"
ID13223,05-Mar-2026,ATM Withdrawal,0.00,988.12,"4,701.68"
ID13223,24-Mar-2026,Reversal,263.70,0.00,"26,895.95"
ID13223,23-Feb-2026,Debit Card,0.00,125.44,"19,726.24"
ID13223,01-Feb-2026,Direct Deposit,"2,162.53",0.00,"21,578.28"
ID13223,20-Mar-2026,Reversal,"1,001.22",0.00,"93,984.39"
ID13223,26-Jan-2026,Payment,0.00,"1,127.82","62,878.47"
ID13223,04-Feb-2026,ATM Withdrawal,0.00,124.51,"62,029.49"
ID13223,19-Feb-2026,ATM Withdrawal,0.00,567.20,"63,957.20"
ID13223,06-Mar-2026,Interest,185.91,0.00,"29,453.90"
ID13223,02-Feb-2026,Debit Card,0.00,563.97,"69,409.61"
ID13223,15-Mar-2026,ATM Withdrawal,0.00,121.65,"9,617.27"
ID13223,12-Jan-2026,Transfer,0.00,114.95,"65,889.71"
ID13223,11-Mar-2026,Direct Deposit,"2,812.90",0.00,"7,672.83"
ID13224,10-Mar-2026,Debit Card,0.00,492.75,"71,543.27"
ID13224,01-Apr-2026,ATM Withdrawal,0.00,463.50,"46,115.08"
ID13224,14-Mar-2026,Reversal,0.00,261.60,"97,039.09"
ID13224,06-Feb-2026,Interest,291.89,0.00,"11,400.95"
ID13224,24-Feb-2026,Payment,0.00,"1,118.34","51,114.07"
ID13224,27-Jan-2026,ATM Withdrawal,0.00,24.62,"90,223.21"
ID13224,22-Jan-2026,ATM Withdrawal,0.00,36.18,"54,931.65"
ID13224,08-Mar-2026,Charge,0.00,777.95,"12,463.22"
ID13224,06-Mar-2026,Debit Card,0.00,890.56,"40,361.47"
ID13224,16-Jan-2026,Payment,330.13,0.00,"92,562.50"
ID13224,22-Feb-2026,Reversal,0.00,457.37,"8,605.75"
ID13224,07-Mar-2026,Charge,0.00,540.81,"38,105.42"
ID13224,20-Feb-2026,Interest,396.70,0.00,"81,635.39"
ID13224,11-Mar-2026,Reversal,0.00,901.12,"18,629.67"
ID13224,15-Feb-2026,Transfer,0.00,"1,310.62","37,923.32"
ID13224,19-Mar-2026,Transfer,0.00,"1,345.14","16,331.71"
ID13224,05-Jan-2026,Interest,90.64,0.00,"47,373.45"
ID13224,26-Feb-2026,Debit Card,0.00,755.93,"62,419.64"
ID13224,04-Jan-2026,Direct Deposit,"1,875.73",0.00,"78,345.13"
ID13224,28-Feb-2026,Payment,0.00,633.69,"12,001.21"
ID13225,25-Jan-2026,Direct Deposit,"3,983.84",0.00,"37,181.98"
ID13225,13-Feb-2026,Transfer,0.00,554.55,"49,265.77"
ID13225,23-Mar-2026,Transfer,"1,064.45",0.00,"76,504.16"
ID13225,01-Apr-2026,Payment,215.31,0.00,"76,288.34"
ID13225,12-Jan-2026,Payment,335.89,0.00,"30,704.45"
ID13225,04-Feb-2026,Debit Card,0.00,980.05,"58,782.90"
ID13225,11-Feb-2026,Payment,0.00,995.24,"9,549.37"
ID13225,31-Mar-2026,Payment,0.00,706.15,"31,456.30"
ID13225,03-Feb-2026,Interest,149.24,0.00,"48,598.23"
ID13225,10-Feb-2026,Interest,328.69,0.00,"53,967.26"
ID13225,01-Mar-2026,Direct Deposit,"2,121.00",0.00,"50,421.02"
ID13225,08-Jan-2026,Payment,"1,378.73",0.00,"98,275.51"
ID13225,16-Mar-2026,Transfer,"1,082.57",0.00,"64,541.76"
ID13225,13-Mar-2026,Interest,20.25,0.00,"79,455.55"
ID13225,19-Mar-2026,Transfer,0.00,"1,060.45","63,509.17"
ID13225,09-Jan-2026,Charge,0.00,800.31,"70,048.33"
ID13225,15-Mar-2026,Interest,88.28,0.00,"13,499.05"
ID13225,20-Feb-2026,Charge,0.00,388.95,"99,219.41"
ID13225,20-Jan-2026,Direct Deposit,"2,933.84",0.00,"5,608.37"
ID13225,08-Feb-2026,Interest,79.71,0.00,"93,261.55"
ID13226,28-Jan-2026,Payment,0.00,594.46,"70,712.13"
ID13226,02-Feb-2026,Charge,0.00,576.98,"86,683.56"
ID13226,04-Jan-2026,Debit Card,0.00,576.60,"24,993.91"
ID13226,24-Jan-2026,Transfer,0.00,707.25,"18,579.98"
ID13226,29-Jan-2026,ATM Withdrawal,0.00,789.58,"89,327.53"
ID13226,21-Mar-2026,ATM Withdrawal,0.00,162.85,"19,602.84"
ID13226,06-Jan-2026,Interest,379.86,0.00,"78,968.68"
ID13226,27-Mar-2026,Charge,0.00,222.13,"74,010.39"
ID13226,22-Mar-2026,Transfer,0.00,"1,194.23","29,132.17"
ID13226,02-Feb-2026,Reversal,"1,680.77",0.00,"78,940.02"
ID13226,24-Feb-2026,Interest,139.38,0.00,"25,229.42"
ID13226,03-Apr-2026,ATM Withdrawal,0.00,667.61,"58,335.85"
ID13226,19-Feb-2026,Charge,0.00,884.85,"24,938.13"
ID13226,22-Jan-2026,Reversal,0.00,238.80,"46,574.14"
ID13226,27-Jan-2026,Interest,25.46,0.00,"11,554.50"
ID13226,29-Jan-2026,Reversal,918.26,0.00,"99,557.94"
ID13226,18-Feb-2026,Reversal,0.00,728.97,"70,643.89"
ID13226,05-Jan-2026,Interest,25.86,0.00,"14,152.10"
ID13226,25-Mar-2026,Interest,159.47,0.00,"92,453.44"
ID13226,02-Feb-2026,Direct Deposit,"2,923.49",0.00,"61,919.08"
ID13227,11-Mar-2026,Transfer,264.03,0.00,"27,627.83"
ID13227,26-Feb-2026,Reversal,0.00,200.70,"19,508.83"
ID13227,29-Jan-2026,ATM Withdrawal,0.00,93.06,"58,808.16"
ID13227,13-Jan-2026,Payment,0.00,431.20,"67,843.69"
ID13227,19-Mar-2026,ATM Withdrawal,0.00,853.86,"39,073.40"
ID13227,29-Jan-2026,Payment,793.29,0.00,"18,516.99"
ID13227,12-Mar-2026,Charge,0.00,15.53,"81,153.14"
ID13227,10-Jan-2026,ATM Withdrawal,0.00,663.34,"77,314.49"
ID13227,09-Feb-2026,Reversal,0.00,726.65,"29,816.41"
ID13227,16-Feb-2026,Payment,455.81,0.00,"35,517.02"
ID13227,05-Mar-2026,Reversal,903.62,0.00,"27,198.23"
ID13227,05-Feb-2026,Reversal,913.20,0.00,"84,627.88"
ID13227,28-Feb-2026,Payment,"1,457.41",0.00,"70,345.29"
ID13227,08-Jan-2026,Transfer,435.36,0.00,"21,968.80"
ID13227,30-Mar-2026,ATM Withdrawal,0.00,463.39,"66,840.74"
ID13227,01-Feb-2026,Transfer,0.00,730.91,"39,493.65"
ID13227,13-Jan-2026,ATM Withdrawal,0.00,712.04,"68,835.44"
ID13227,11-Feb-2026,Debit Card,0.00,52.46,"19,717.47"
ID13227,13-Feb-2026,Payment,0.00,"1,217.10","96,285.47"
ID13227,12-Jan-2026,Debit Card,0.00,820.82,"58,363.74"
ID13228,25-Feb-2026,Reversal,505.34,0.00,"51,611.67"
ID13228,05-Jan-2026,ATM Withdrawal,0.00,994.42,"26,537.58"
ID13228,21-Jan-2026,ATM Withdrawal,0.00,242.00,"59,582.69"
ID13228,27-Mar-2026,Charge,0.00,217.92,"3,283.12"
ID13228,22-Jan-2026,Charge,0.00,813.64,"85,213.67"
ID13228,16-Jan-2026,Interest,219.56,0.00,"85,451.33"
ID13228,15-Feb-2026,Transfer,0.00,"1,062.91","82,840.55"
ID13228,25-Feb-2026,Transfer,186.26,0.00,"35,922.31"
ID13228,08-Jan-2026,Direct Deposit,"2,279.80",0.00,"28,928.96"
ID13228,21-Feb-2026,Payment,"1,667.84",0.00,"28,368.03"
ID13228,04-Feb-2026,Direct Deposit,"4,724.06",0.00,"45,331.10"
ID13228,26-Feb-2026,Payment,0.00,324.55,"80,803.86"
ID13228,03-Feb-2026,Charge,0.00,539.52,"77,671.91"
ID13228,14-Feb-2026,Reversal,"1,119.68",0.00,"25,143.63"
ID13228,12-Feb-2026,Reversal,0.00,"1,084.79","63,344.09"
ID13228,19-Feb-2026,Charge,0.00,860.32,"58,474.37"
ID13228,27-Feb-2026,Direct Deposit,"4,866.27",0.00,"9,506.01"
ID13228,25-Jan-2026,Interest,287.96,0.00,"37,388.49"
ID13228,12-Feb-2026,Debit Card,0.00,767.38,"21,574.03"
ID13228,27-Mar-2026,ATM Withdrawal,0.00,667.32,"13,191.15"
ID13229,27-Feb-2026,Transfer,0.00,370.08,"67,667.80"
ID13229,24-Feb-2026,Interest,378.05,0.00,"68,672.61"
ID13229,30-Jan-2026,Charge,0.00,782.98,"11,767.66"
ID13229,18-Feb-2026,ATM Withdrawal,0.00,89.74,"46,649.38"
ID13229,16-Mar-2026,Charge,0.00,215.70,"80,815.60"
ID13229,28-Feb-2026,Direct Deposit,"1,112.83",0.00,"72,678.63"
ID13229,05-Feb-2026,Reversal,"1,288.04",0.00,"52,683.48"
ID13229,09-Mar-2026,Payment,539.42,0.00,"16,524.64"
ID13229,25-Mar-2026,Interest,448.63,0.00,"8,771.99"
ID13229,20-Feb-2026,Reversal,283.78,0.00,"8,298.10"
ID13229,16-Feb-2026,Transfer,0.00,775.52,"43,116.72"
ID13229,25-Jan-2026,Transfer,0.00,777.47,"1,760.09"
ID13229,06-Mar-2026,Reversal,0.00,"1,423.69","98,962.17"
ID13229,28-Jan-2026,ATM Withdrawal,0.00,140.28,"57,041.98"
ID13229,14-Mar-2026,Interest,159.55,0.00,"95,130.93"
ID13229,08-Mar-2026,Payment,0.00,"1,208.48","99,458.95"
ID13229,19-Mar-2026,Payment,0.00,119.61,"36,420.52"
ID13229,16-Feb-2026,Payment,"1,974.41",0.00,"57,643.86"
ID13229,11-Jan-2026,Charge,0.00,426.70,"83,367.53"
ID13229,22-Feb-2026,Interest,275.41,0.00,"43,339.10"
ID13230,08-Feb-2026,Payment,0.00,314.82,"50,802.44"
ID13230,12-Mar-2026,Interest,383.13,0.00,"57,203.76"
ID13230,17-Feb-2026,Reversal,0.00,68.02,"26,843.14"
ID13230,16-Feb-2026,Charge,0.00,997.77,"17,043.25"
ID13230,25-Jan-2026,Transfer,161.65,0.00,"57,596.33"
ID13230,26-Feb-2026,Direct Deposit,"2,194.60",0.00,"41,146.79"
ID13230,01-Feb-2026,Transfer,650.56,0.00,"39,683.70"
ID13230,26-Feb-2026,Interest,34.27,0.00,"94,029.91"
ID13230,02-Apr-2026,Payment,"1,350.19",0.00,"76,920.76"
ID13230,26-Mar-2026,Interest,442.89,0.00,"87,539.55"
ID13230,13-Jan-2026,Direct Deposit,"1,095.27",0.00,"45,191.74"
ID13230,02-Feb-2026,Payment,0.00,150.28,"81,826.35"
ID13230,08-Jan-2026,Interest,11.88,0.00,"62,177.90"
ID13230,24-Mar-2026,Transfer,"1,516.80",0.00,"61,566.73"
ID13230,08-Feb-2026,Payment,867.16,0.00,"7,494.32"
ID13230,10-Jan-2026,Direct Deposit,"3,083.00",0.00,"25,642.28"
ID13230,15-Mar-2026,Debit Card,0.00,320.40,"13,035.94"
ID13230,26-Jan-2026,Charge,0.00,327.43,"11,086.12"
ID13230,09-Mar-2026,Reversal,"1,244.59",0.00,"11,756.90"
ID13230,23-Feb-2026,Direct Deposit,"3,865.29",0.00,"97,342.35"
ID13231,01-Apr-2026,Transfer,651.67,0.00,"9,260.76"
ID13231,20-Feb-2026,Debit Card,0.00,337.64,"62,606.22"
ID13231,20-Mar-2026,Interest,332.90,0.00,"89,948.08"
ID13231,23-Feb-2026,Payment,"1,674.57",0.00,"48,090.24"
ID13231,09-Mar-2026,Interest,118.70,0.00,"24,294.63"
ID13231,13-Jan-2026,Direct Deposit,"4,882.82",0.00,"51,856.01"
ID13231,03-Jan-2026,Debit Card,0.00,711.47,"23,637.36"
ID13231,25-Feb-2026,Charge,0.00,757.86,"32,106.38"
ID13231,11-Jan-2026,Charge,0.00,560.18,"68,620.17"
ID13231,10-Feb-2026,Debit Card,0.00,445.29,"49,339.88"
ID13231,21-Mar-2026,Debit Card,0.00,289.67,"25,687.45"
ID13231,28-Mar-2026,Payment,"1,331.54",0.00,"12,273.42"
ID13231,04-Feb-2026,Direct Deposit,"3,652.67",0.00,"59,719.00"
ID13231,15-Mar-2026,Payment,0.00,"1,099.94","72,398.53"
ID13231,29-Mar-2026,Transfer,391.74,0.00,"29,584.26"
ID13231,02-Mar-2026,Transfer,0.00,209.33,"15,359.22"
ID13231,15-Mar-2026,Payment,0.00,197.80,"81,099.71"
ID13231,27-Mar-2026,Transfer,0.00,842.16,"62,214.81"
ID13231,08-Mar-2026,ATM Withdrawal,0.00,848.62,"14,140.69"
ID13231,25-Jan-2026,Transfer,395.45,0.00,"16,085.95"
ID13232,18-Feb-2026,Transfer,0.00,838.20,"53,295.51"
ID13232,21-Mar-2026,Reversal,297.84,0.00,"29,559.68"
ID13232,16-Mar-2026,Interest,64.67,0.00,"30,827.88"
ID13232,02-Apr-2026,ATM Withdrawal,0.00,943.46,"86,305.09"
ID13232,01-Feb-2026,Interest,327.23,0.00,"82,343.93"
ID13232,13-Mar-2026,Direct Deposit,"2,077.33",0.00,"38,502.56"
ID13232,13-Mar-2026,Transfer,0.00,57.69,"10,846.84"
ID13232,20-Mar-2026,Reversal,"1,010.97",0.00,"35,621.74"
ID13232,11-Feb-2026,Charge,0.00,888.76,"38,162.37"
ID13232,03-Apr-2026,Transfer,"1,409.16",0.00,"24,909.15"
ID13232,31-Mar-2026,Interest,399.82,0.00,"86,155.45"
ID13232,10-Mar-2026,Payment,"1,640.30",0.00,"61,889.21"
ID13232,02-Apr-2026,Interest,429.51,0.00,"48,586.82"
ID13232,12-Feb-2026,ATM Withdrawal,0.00,18.64,"76,203.08"
ID13232,22-Feb-2026,ATM Withdrawal,0.00,547.65,"32,138.29"
ID13232,15-Jan-2026,Charge,0.00,238.42,"97,269.41"
ID13232,10-Jan-2026,Debit Card,0.00,713.12,"69,973.81"
ID13232,11-Jan-2026,Reversal,799.28,0.00,"20,472.85"
ID13232,24-Mar-2026,Reversal,581.03,0.00,"17,784.33"
ID13232,08-Jan-2026,Direct Deposit,"4,985.39",0.00,"16,048.17"
ID13233,23-Mar-2026,Charge,0.00,329.99,"49,021.98"
ID13233,02-Mar-2026,Direct Deposit,"3,569.66",0.00,"1,499.56"
ID13233,12-Mar-2026,Interest,397.67,0.00,"96,687.59"
ID13233,08-Mar-2026,Charge,0.00,365.91,"96,784.32"
ID13233,08-Mar-2026,ATM Withdrawal,0.00,438.70,"93,454.34"
ID13233,17-Feb-2026,Transfer,0.00,"1,072.04","63,725.24"
ID13233,07-Feb-2026,Interest,381.85,0.00,"98,121.36"
ID13233,23-Jan-2026,Transfer,0.00,739.71,"72,258.29"
ID13233,23-Mar-2026,Direct Deposit,"1,092.07",0.00,"29,144.21"
ID13233,28-Mar-2026,Transfer,0.00,695.93,"32,928.85"
ID13233,09-Jan-2026,Interest,383.72,0.00,"26,761.25"
ID13233,28-Jan-2026,Charge,0.00,68.67,"17,995.76"
ID13233,08-Jan-2026,Charge,0.00,675.91,"25,823.85"
ID13233,08-Jan-2026,ATM Withdrawal,0.00,885.19,"44,756.47"
ID13233,04-Feb-2026,ATM Withdrawal,0.00,973.77,"61,461.57"
ID13233,08-Feb-2026,ATM Withdrawal,0.00,977.50,"44,209.17"
ID13233,07-Mar-2026,Interest,53.13,0.00,"79,418.38"
ID13233,05-Feb-2026,Interest,264.20,0.00,"68,494.84"
ID13233,04-Jan-2026,ATM Withdrawal,0.00,682.08,"70,434.77"
ID13233,20-Jan-2026,Direct Deposit,"1,066.60",0.00,"59,536.42"
ID13234,23-Feb-2026,Charge,0.00,364.98,"37,167.43"
ID13234,27-Jan-2026,Debit Card,0.00,993.63,"82,577.98"
ID13234,23-Mar-2026,Charge,0.00,676.14,"50,241.72"
ID13234,02-Mar-2026,Direct Deposit,623.63,0.00,"95,780.37"
ID13234,22-Jan-2026,Direct Deposit,"4,094.22",0.00,"71,874.18"
ID13234,26-Feb-2026,Debit Card,0.00,835.33,"57,227.95"
ID13234,03-Apr-2026,Reversal,409.44,0.00,"60,637.07"
ID13234,24-Feb-2026,ATM Withdrawal,0.00,618.13,"73,064.27"
ID13234,19-Feb-2026,Transfer,"1,617.23",0.00,"23,580.05"
ID13234,28-Jan-2026,Reversal,0.00,968.98,"96,660.26"
ID13234,15-Mar-2026,Payment,"1,860.61",0.00,"38,705.86"
ID13234,19-Feb-2026,Debit Card,0.00,763.48,"99,672.57"
ID13234,31-Jan-2026,Transfer,0.00,161.00,"14,524.48"
ID13234,26-Jan-2026,Reversal,423.92,0.00,"9,174.27"
ID13234,18-Mar-2026,Payment,0.00,"1,106.91","32,719.11"
ID13234,26-Jan-2026,Debit Card,0.00,673.47,"89,522.54"
ID13234,25-Mar-2026,Direct Deposit,"3,394.03",0.00,"55,020.08"
ID13234,02-Mar-2026,Payment,0.00,895.51,"1,018.80"
ID13234,19-Mar-2026,Transfer,"1,407.68",0.00,"79,778.51"
ID13234,17-Mar-2026,Payment,"1,700.81",0.00,"20,775.97"
ID13235,17-Mar-2026,Reversal,"1,972.16",0.00,"16,053.81"
ID13235,18-Jan-2026,ATM Withdrawal,0.00,50.81,"17,959.35"
ID13235,14-Jan-2026,Direct Deposit,"3,923.22",0.00,"96,454.27"
ID13235,24-Mar-2026,Reversal,0.00,465.33,"40,696.85"
ID13235,02-Mar-2026,Charge,0.00,914.52,"60,747.52"
ID13235,21-Mar-2026,Direct Deposit,"3,593.94",0.00,"49,749.84"
ID13235,26-Jan-2026,Charge,0.00,615.14,"53,120.66"
ID13235,17-Jan-2026,ATM Withdrawal,0.00,122.83,"99,715.83"
ID13235,16-Feb-2026,Transfer,"1,687.26",0.00,"18,983.24"
ID13235,27-Mar-2026,Direct Deposit,802.90,0.00,"57,257.26"
ID13235,13-Mar-2026,Charge,0.00,723.02,"1,196.65"
ID13235,10-Feb-2026,Direct Deposit,"1,526.98",0.00,"73,408.74"
ID13235,08-Jan-2026,Payment,0.00,144.00,"41,922.37"
ID13235,24-Mar-2026,Reversal,0.00,942.59,"71,515.70"
ID13235,16-Feb-2026,Charge,0.00,527.47,"57,759.96"
ID13235,27-Mar-2026,Interest,175.20,0.00,"75,246.39"
ID13235,22-Jan-2026,ATM Withdrawal,0.00,432.74,"9,784.04"
ID13235,23-Feb-2026,Direct Deposit,881.82,0.00,"7,182.85"
ID13235,05-Jan-2026,Payment,0.00,"1,109.16","32,496.46"
ID13235,02-Apr-2026,Direct Deposit,"1,069.39",0.00,"5,358.75"
ID13236,22-Jan-2026,Debit Card,0.00,797.97,"43,881.40"
ID13236,12-Feb-2026,Reversal,0.00,"1,374.10","94,972.05"
ID13236,27-Jan-2026,Interest,242.72,0.00,"68,792.40"
ID13236,17-Feb-2026,Payment,0.00,953.90,"43,109.23"
ID13236,10-Jan-2026,Direct Deposit,"3,514.86",0.00,"81,396.53"
ID13236,17-Feb-2026,Direct Deposit,"2,945.79",0.00,"87,278.37"
ID13236,05-Jan-2026,Charge,0.00,897.08,"72,865.25"
ID13236,07-Mar-2026,Payment,0.00,84.22,"21,338.41"
ID13236,28-Feb-2026,Payment,"1,367.99",0.00,"9,709.50"
ID13236,03-Jan-2026,Charge,0.00,124.89,"15,473.45"
ID13236,21-Jan-2026,ATM Withdrawal,0.00,473.74,"62,211.19"
ID13236,28-Mar-2026,Reversal,0.00,227.61,"56,804.85"
ID13236,11-Jan-2026,Interest,263.11,0.00,"31,713.57"
ID13236,31-Jan-2026,ATM Withdrawal,0.00,700.40,"70,703.90"
ID13236,12-Mar-2026,Payment,103.87,0.00,"9,497.23"
ID13236,26-Jan-2026,Reversal,0.00,209.87,"24,924.05"
ID13236,06-Mar-2026,Reversal,"1,471.40",0.00,"99,813.27"
ID13236,17-Jan-2026,ATM Withdrawal,0.00,305.45,"15,116.24"
ID13236,07-Mar-2026,Reversal,427.75,0.00,"14,782.80"
ID13236,13-Mar-2026,Charge,0.00,274.41,"19,127.19"
ID13237,16-Jan-2026,ATM Withdrawal,0.00,49.10,"34,283.19"
ID13237,07-Feb-2026,Payment,0.00,300.12,"16,474.80"
ID13237,07-Jan-2026,Interest,80.37,0.00,"15,694.60"
ID13237,07-Jan-2026,Debit Card,0.00,388.39,"96,356.43"
ID13237,21-Mar-2026,Transfer,"1,225.83",0.00,"52,833.46"
ID13237,24-Jan-2026,Interest,342.59,0.00,"53,855.97"
ID13237,27-Feb-2026,Reversal,"1,640.33",0.00,"80,411.12"
ID13237,28-Mar-2026,Payment,0.00,595.11,"58,859.24"
ID13237,23-Mar-2026,Charge,0.00,253.81,"69,024.79"
ID13237,19-Jan-2026,Charge,0.00,595.85,"46,974.51"
ID13237,11-Feb-2026,Transfer,0.00,730.34,"79,129.10"
ID13237,08-Mar-2026,Reversal,"1,069.36",0.00,"15,067.39"
ID13237,30-Mar-2026,Transfer,"1,575.74",0.00,"92,757.58"
ID13237,27-Mar-2026,ATM Withdrawal,0.00,360.74,"72,089.87"
ID13237,24-Mar-2026,Charge,0.00,482.20,"91,766.22"
ID13237,14-Mar-2026,Debit Card,0.00,76.28,"32,350.96"
ID13237,23-Mar-2026,Charge,0.00,286.13,"78,220.72"
ID13237,07-Jan-2026,Direct Deposit,"1,377.54",0.00,"9,116.12"
ID13237,02-Feb-2026,Direct Deposit,"1,848.29",0.00,"70,783.31"
ID13237,30-Jan-2026,ATM Withdrawal,0.00,290.24,"20,794.31"
ID13238,10-Jan-2026,ATM Withdrawal,0.00,399.18,"78,069.99"
ID13238,31-Mar-2026,Payment,0.00,102.96,"58,007.85"
ID13238,27-Mar-2026,Direct Deposit,615.31,0.00,"8,108.10"
ID13238,29-Jan-2026,Debit Card,0.00,94.98,"67,291.01"
ID13238,08-Mar-2026,Transfer,0.00,643.52,"77,405.25"
ID13238,21-Feb-2026,Direct Deposit,"3,606.48",0.00,"11,249.89"
ID13238,05-Feb-2026,ATM Withdrawal,0.00,947.30,"28,395.06"
ID13238,10-Feb-2026,ATM Withdrawal,0.00,729.04,"51,283.81"
ID13238,13-Mar-2026,Interest,149.34,0.00,"20,243.26"
ID13238,20-Feb-2026,Interest,410.22,0.00,"56,888.45"
ID13238,08-Feb-2026,Reversal,0.00,"1,010.83","72,310.68"
ID13238,25-Jan-2026,Payment,0.00,"1,460.40","86,427.83"
ID13238,16-Mar-2026,Payment,0.00,"1,384.32","28,420.37"
ID13238,08-Mar-2026,Direct Deposit,"3,889.32",0.00,"74,357.24"
ID13238,21-Feb-2026,Payment,"1,379.13",0.00,"93,892.89"
ID13238,15-Jan-2026,Debit Card,0.00,493.16,"96,453.72"
ID13238,01-Feb-2026,Payment,0.00,"1,306.69","92,297.05"
ID13238,02-Apr-2026,Reversal,0.00,738.98,"22,236.82"
ID13238,11-Mar-2026,Transfer,0.00,902.04,"38,532.20"
ID13238,02-Mar-2026,Direct Deposit,"3,767.02",0.00,"52,828.80"
ID13239,21-Jan-2026,ATM Withdrawal,0.00,83.00,"52,016.91"
ID13239,20-Jan-2026,Interest,41.53,0.00,"85,350.87"
ID13239,10-Jan-2026,Debit Card,0.00,747.85,"76,361.68"
ID13239,30-Jan-2026,Direct Deposit,"2,058.06",0.00,"40,840.46"
ID13239,09-Jan-2026,Direct Deposit,"1,083.78",0.00,"29,586.44"
ID13239,03-Apr-2026,Payment,0.00,"1,097.75","58,615.48"
ID13239,27-Jan-2026,Interest,318.52,0.00,"13,654.59"
ID13239,23-Jan-2026,Payment,0.00,"1,371.86","85,281.89"
ID13239,28-Feb-2026,Payment,0.00,"1,241.44","47,618.90"
ID13239,24-Jan-2026,ATM Withdrawal,0.00,172.21,"96,290.20"
ID13239,20-Feb-2026,Charge,0.00,644.15,"65,774.05"
ID13239,24-Feb-2026,Payment,239.71,0.00,"83,627.81"
ID13239,11-Jan-2026,Charge,0.00,370.92,"6,298.71"
ID13239,08-Jan-2026,Interest,119.11,0.00,"7,796.11"
ID13239,08-Jan-2026,Charge,0.00,735.10,"65,445.42"
ID13239,20-Mar-2026,Debit Card,0.00,926.68,"58,556.76"
ID13239,21-Mar-2026,Charge,0.00,573.15,"88,400.66"
ID13239,19-Jan-2026,ATM Withdrawal,0.00,219.76,"35,535.45"
ID13239,07-Mar-2026,Direct Deposit,"4,037.97",0.00,"13,862.00"
ID13239,22-Jan-2026,Debit Card,0.00,820.11,"93,794.68"
ID13240,07-Mar-2026,Reversal,0.00,530.01,"2,595.47"
ID13240,17-Feb-2026,Direct Deposit,"3,385.96",0.00,"19,220.31"
ID13240,30-Jan-2026,Reversal,0.00,"1,087.04","20,252.07"
ID13240,23-Feb-2026,Charge,0.00,719.72,"69,950.61"
ID13240,12-Jan-2026,Payment,"1,452.84",0.00,"95,995.14"
ID13240,23-Feb-2026,Charge,0.00,893.02,"43,628.86"
ID13240,19-Jan-2026,Payment,"1,712.29",0.00,"34,877.38"
ID13240,19-Feb-2026,Direct Deposit,"1,535.49",0.00,"92,141.50"
ID13240,07-Jan-2026,Reversal,0.00,"1,229.58","88,523.53"
ID13240,22-Mar-2026,Direct Deposit,"4,840.68",0.00,"32,561.14"
ID13240,11-Jan-2026,Payment,0.00,"1,452.26","21,398.37"
ID13240,10-Mar-2026,Interest,21.43,0.00,"74,458.81"
ID13240,27-Jan-2026,Charge,0.00,678.96,"3,948.65"
ID13240,09-Feb-2026,Direct Deposit,"3,804.98",0.00,"28,453.20"
ID13240,05-Jan-2026,Interest,80.00,0.00,"15,686.84"
ID13240,10-Feb-2026,Interest,41.81,0.00,"81,219.60"
ID13240,20-Feb-2026,Direct Deposit,"4,660.05",0.00,"78,530.44"
ID13240,03-Mar-2026,Reversal,777.13,0.00,"17,840.54"
ID13240,11-Feb-2026,ATM Withdrawal,0.00,808.48,"87,341.40"
ID13240,03-Jan-2026,ATM Withdrawal,0.00,923.89,"46,791.01"
ID13241,09-Jan-2026,Transfer,0.00,"1,065.55","18,662.22"
ID13241,23-Jan-2026,Direct Deposit,554.85,0.00,"69,525.98"
ID13241,15-Mar-2026,Reversal,771.39,0.00,"20,991.80"
ID13241,20-Jan-2026,Direct Deposit,"3,379.35",0.00,"64,208.36"
ID13241,11-Mar-2026,Reversal,"1,977.30",0.00,"9,617.91"
ID13241,26-Mar-2026,Charge,0.00,445.24,"90,614.69"
ID13241,17-Jan-2026,Charge,0.00,201.51,"62,890.88"
ID13241,09-Mar-2026,Debit Card,0.00,611.04,"59,371.42"
ID13241,15-Mar-2026,Direct Deposit,"3,863.21",0.00,"38,684.19"
ID13241,20-Feb-2026,Interest,494.21,0.00,"2,853.45"
ID13241,30-Mar-2026,Reversal,0.00,828.92,"51,116.38"
ID13241,03-Mar-2026,Interest,339.51,0.00,"68,141.64"
ID13241,10-Feb-2026,Payment,0.00,770.06,"83,306.09"
ID13241,20-Feb-2026,Transfer,0.00,405.24,"85,743.70"
ID13241,10-Mar-2026,Transfer,"1,741.36",0.00,"52,441.66"
ID13241,18-Feb-2026,Direct Deposit,"2,684.33",0.00,"62,969.52"
ID13241,25-Feb-2026,Charge,0.00,716.17,"47,318.64"
ID13241,10-Jan-2026,Direct Deposit,"4,440.06",0.00,"65,894.04"
ID13241,21-Feb-2026,Debit Card,0.00,489.59,"47,709.88"
ID13241,18-Mar-2026,Interest,463.22,0.00,"13,670.13"
ID13242,29-Jan-2026,Debit Card,0.00,63.64,"59,024.66"
ID13242,03-Jan-2026,Interest,271.28,0.00,"39,291.75"
ID13242,28-Jan-2026,ATM Withdrawal,0.00,874.15,"20,015.53"
ID13242,31-Mar-2026,ATM Withdrawal,0.00,641.24,"30,760.37"
ID13242,17-Feb-2026,ATM Withdrawal,0.00,748.31,"92,145.95"
ID13242,22-Feb-2026,Charge,0.00,192.60,"54,963.67"
ID13242,04-Feb-2026,Debit Card,0.00,892.21,"13,923.79"
ID13242,08-Feb-2026,Charge,0.00,269.11,"54,123.49"
ID13242,24-Feb-2026,Reversal,0.00,185.37,"53,541.71"
ID13242,28-Jan-2026,Reversal,0.00,805.23,"40,842.44"
ID13242,25-Feb-2026,Direct Deposit,"2,140.35",0.00,"83,771.70"
ID13242,21-Jan-2026,Charge,0.00,651.98,"48,225.91"
ID13242,29-Mar-2026,Reversal,0.00,908.27,"60,183.76"
ID13242,03-Jan-2026,Reversal,0.00,"1,319.10","40,025.16"
ID13242,31-Mar-2026,Transfer,"1,631.26",0.00,"39,028.51"
ID13242,19-Feb-2026,ATM Withdrawal,0.00,944.70,"7,542.66"
ID13242,11-Jan-2026,Charge,0.00,550.43,"84,457.77"
ID13242,13-Jan-2026,Transfer,0.00,992.04,"81,609.23"
ID13242,07-Jan-2026,Interest,212.76,0.00,"77,495.16"
ID13242,06-Mar-2026,Charge,0.00,451.73,"28,404.20"
ID13243,26-Jan-2026,Transfer,0.00,153.16,"53,420.92"
ID13243,03-Apr-2026,Debit Card,0.00,393.77,"70,009.91"
ID13243,09-Feb-2026,Charge,0.00,842.97,"20,237.52"
ID13243,08-Feb-2026,Direct Deposit,"4,669.86",0.00,"25,271.73"
ID13243,02-Mar-2026,Reversal,0.00,"1,423.94","89,043.76"
ID13243,01-Apr-2026,Payment,289.44,0.00,"45,902.84"
ID13243,31-Jan-2026,Interest,60.37,0.00,"67,562.06"
ID13243,10-Feb-2026,Direct Deposit,547.42,0.00,"68,259.79"
ID13243,28-Mar-2026,ATM Withdrawal,0.00,668.40,"80,322.81"
ID13243,27-Jan-2026,ATM Withdrawal,0.00,216.43,"21,554.35"
ID13243,01-Mar-2026,Direct Deposit,596.16,0.00,"66,440.19"
ID13243,13-Mar-2026,Transfer,742.48,0.00,"63,035.89"
ID13243,15-Mar-2026,Transfer,0.00,"1,201.66","33,508.51"
ID13243,15-Mar-2026,Debit Card,0.00,911.08,"61,983.77"
ID13243,23-Jan-2026,Interest,340.16,0.00,"35,815.67"
ID13243,12-Mar-2026,Direct Deposit,"4,530.21",0.00,"90,332.99"
ID13243,11-Feb-2026,Interest,487.95,0.00,"17,978.21"
ID13243,23-Mar-2026,Interest,361.51,0.00,"37,057.05"
ID13243,12-Jan-2026,Debit Card,0.00,271.26,"58,495.35"
ID13243,18-Mar-2026,Charge,0.00,317.90,"59,933.78"
ID13244,06-Mar-2026,Interest,219.43,0.00,"25,113.43"
ID13244,24-Jan-2026,ATM Withdrawal,0.00,711.01,"2,153.64"
ID13244,31-Jan-2026,ATM Withdrawal,0.00,54.40,"40,560.45"
ID13244,30-Mar-2026,ATM Withdrawal,0.00,876.40,"44,266.31"
ID13244,04-Jan-2026,Reversal,946.49,0.00,"81,860.12"
ID13244,10-Feb-2026,Interest,227.35,0.00,"8,004.06"
ID13244,27-Feb-2026,Charge,0.00,265.25,"42,218.43"
ID13244,09-Feb-2026,Debit Card,0.00,983.48,"21,183.20"
ID13244,28-Feb-2026,Interest,174.04,0.00,"78,347.39"
ID13244,13-Mar-2026,Reversal,0.00,727.95,"55,945.09"
ID13244,30-Jan-2026,Payment,224.24,0.00,"39,118.59"
ID13244,23-Jan-2026,Payment,339.05,0.00,"61,331.53"
ID13244,12-Mar-2026,ATM Withdrawal,0.00,392.06,"31,652.48"
ID13244,26-Feb-2026,Interest,98.38,0.00,"36,785.67"
ID13244,14-Feb-2026,Direct Deposit,"3,644.63",0.00,"94,824.19"
ID13244,08-Mar-2026,ATM Withdrawal,0.00,487.77,"41,538.94"
ID13244,07-Jan-2026,Charge,0.00,313.72,"76,821.32"
ID13244,21-Mar-2026,Transfer,0.00,"1,432.09","40,400.92"
ID13244,03-Jan-2026,Reversal,0.00,"1,304.87","56,047.77"
ID13244,03-Apr-2026,Transfer,"1,497.64",0.00,"94,188.81"
ID13245,22-Jan-2026,Transfer,"1,102.01",0.00,"67,390.27"
ID13245,20-Jan-2026,Debit Card,0.00,886.85,"97,042.76"
ID13245,20-Jan-2026,Transfer,747.64,0.00,"93,405.14"
ID13245,29-Jan-2026,Reversal,0.00,173.34,"87,914.73"
ID13245,09-Jan-2026,Direct Deposit,"1,758.40",0.00,"27,877.23"
ID13245,07-Jan-2026,Interest,458.57,0.00,"41,596.01"
ID13245,17-Mar-2026,Direct Deposit,"2,164.02",0.00,"26,220.60"
ID13245,16-Feb-2026,Reversal,0.00,"1,142.84","74,661.04"
ID13245,28-Jan-2026,Payment,0.00,260.19,"92,018.95"
ID13245,19-Mar-2026,Payment,"1,058.77",0.00,"49,997.06"
ID13245,17-Mar-2026,Direct Deposit,"2,026.19",0.00,"58,882.11"
ID13245,04-Feb-2026,Transfer,334.59,0.00,"66,638.12"
ID13245,03-Apr-2026,Debit Card,0.00,609.99,"3,504.02"
ID13245,07-Feb-2026,Interest,339.94,0.00,"88,242.66"
ID13245,28-Mar-2026,ATM Withdrawal,0.00,263.00,"34,018.77"
ID13245,21-Feb-2026,Interest,371.00,0.00,"79,921.16"
ID13245,06-Jan-2026,Reversal,0.00,144.79,"28,211.11"
ID13245,14-Feb-2026,Direct Deposit,"2,048.69",0.00,"74,444.11"
ID13245,15-Jan-2026,Debit Card,0.00,410.59,"37,569.43"
ID13245,18-Mar-2026,Reversal,0.00,80.98,"12,494.43"
ID13246,21-Mar-2026,Payment,0.00,363.50,"85,094.46"
ID13246,12-Feb-2026,Charge,0.00,468.88,"72,650.85"
ID13246,07-Mar-2026,Direct Deposit,829.21,0.00,"97,645.15"
ID13246,25-Feb-2026,ATM Withdrawal,0.00,211.40,"31,722.18"
ID13246,01-Mar-2026,Debit Card,0.00,715.27,"13,504.73"
ID13246,20-Jan-2026,Direct Deposit,"2,766.40",0.00,"72,852.38"
ID13246,04-Feb-2026,Transfer,"1,397.66",0.00,"7,101.56"
ID13246,24-Mar-2026,ATM Withdrawal,0.00,123.86,"20,225.02"
ID13246,29-Jan-2026,Payment,229.72,0.00,"98,144.79"
ID13246,02-Feb-2026,Transfer,"1,092.99",0.00,"21,557.00"
ID13246,12-Feb-2026,Reversal,0.00,"1,002.14","21,661.39"
ID13246,24-Jan-2026,Debit Card,0.00,215.72,"41,335.83"
ID13246,12-Feb-2026,Payment,0.00,"1,297.39","94,538.58"
ID13246,25-Feb-2026,Reversal,154.65,0.00,"27,265.96"
ID13246,17-Feb-2026,Debit Card,0.00,453.93,"83,009.30"
ID13246,29-Mar-2026,Debit Card,0.00,290.96,"52,726.38"
ID13246,12-Mar-2026,Payment,0.00,225.17,"38,473.14"
ID13246,12-Jan-2026,Transfer,"1,441.18",0.00,"36,174.52"
ID13246,15-Mar-2026,Interest,365.63,0.00,"13,924.70"
ID13246,21-Feb-2026,ATM Withdrawal,0.00,913.18,"88,606.45"
ID13247,04-Feb-2026,Direct Deposit,"4,982.75",0.00,"89,777.68"
ID13247,28-Feb-2026,Direct Deposit,"1,052.39",0.00,"36,839.87"
ID13247,21-Feb-2026,Charge,0.00,780.86,"4,787.93"
ID13247,27-Jan-2026,Reversal,"1,485.07",0.00,"88,739.67"
ID13247,15-Mar-2026,Payment,0.00,399.39,"92,954.67"
ID13247,02-Mar-2026,Transfer,0.00,287.51,"12,700.75"
ID13247,02-Mar-2026,ATM Withdrawal,0.00,858.85,"7,171.14"
ID13247,26-Feb-2026,Transfer,"1,853.04",0.00,"40,630.10"
ID13247,30-Jan-2026,Reversal,0.00,836.09,"37,967.14"
ID13247,06-Mar-2026,Transfer,560.17,0.00,"13,082.03"
ID13247,06-Mar-2026,Reversal,0.00,71.98,"6,760.60"
ID13247,19-Jan-2026,Debit Card,0.00,750.82,"50,102.02"
ID13247,17-Jan-2026,Transfer,0.00,484.82,"87,457.92"
ID13247,28-Mar-2026,Reversal,773.76,0.00,"76,223.34"
ID13247,09-Mar-2026,Charge,0.00,200.62,"59,464.35"
ID13247,10-Jan-2026,Direct Deposit,"4,822.83",0.00,"68,800.83"
ID13247,12-Mar-2026,Reversal,226.21,0.00,"80,890.58"
ID13247,28-Jan-2026,Direct Deposit,"1,361.38",0.00,"89,734.72"
ID13247,26-Feb-2026,ATM Withdrawal,0.00,669.63,"87,594.70"
ID13247,05-Feb-2026,Transfer,221.19,0.00,"10,452.26"
ID13248,08-Jan-2026,ATM Withdrawal,0.00,194.66,"81,473.30"
ID13248,19-Jan-2026,Transfer,675.06,0.00,"5,687.36"
ID13248,20-Mar-2026,Direct Deposit,962.40,0.00,"63,212.37"
ID13248,26-Feb-2026,Debit Card,0.00,709.65,"86,440.86"
ID13248,25-Mar-2026,Charge,0.00,913.59,"56,596.70"
ID13248,15-Feb-2026,Payment,992.81,0.00,"61,043.96"
ID13248,27-Jan-2026,Reversal,0.00,513.61,"3,080.78"
ID13248,08-Mar-2026,Transfer,0.00,"1,413.83","56,783.54"
ID13248,15-Mar-2026,Interest,67.03,0.00,"96,800.56"
ID13248,16-Mar-2026,Transfer,157.91,0.00,"33,132.92"
ID13248,03-Apr-2026,Debit Card,0.00,303.89,"25,290.70"
ID13248,07-Jan-2026,Debit Card,0.00,182.09,"29,962.94"
ID13248,18-Jan-2026,Reversal,"1,973.19",0.00,"25,355.76"
ID13248,14-Jan-2026,Reversal,"1,206.79",0.00,"4,463.03"
ID13248,01-Mar-2026,ATM Withdrawal,0.00,243.69,"22,297.50"
ID13248,10-Jan-2026,Debit Card,0.00,756.06,"28,508.85"
ID13248,21-Jan-2026,ATM Withdrawal,0.00,220.46,"49,896.70"
ID13248,10-Feb-2026,Reversal,"1,230.58",0.00,"50,199.12"
ID13248,26-Feb-2026,Reversal,353.97,0.00,"26,517.65"
ID13248,23-Feb-2026,Interest,499.80,0.00,"49,841.68"
ID13249,22-Jan-2026,Debit Card,0.00,379.21,"88,815.56"
ID13249,01-Feb-2026,Direct Deposit,"4,741.68",0.00,"5,013.58"
ID13249,21-Jan-2026,Debit Card,0.00,924.18,"19,169.76"
ID13249,18-Jan-2026,Transfer,0.00,"1,185.09","84,786.25"
ID13249,20-Mar-2026,Charge,0.00,19.92,"58,949.49"
ID13249,24-Mar-2026,Direct Deposit,"1,463.98",0.00,"76,910.18"
ID13249,19-Feb-2026,ATM Withdrawal,0.00,868.67,"19,655.61"
ID13249,01-Feb-2026,Debit Card,0.00,346.99,"82,207.56"
ID13249,09-Feb-2026,Direct Deposit,"4,521.00",0.00,"22,874.47"
ID13249,24-Mar-2026,Direct Deposit,"4,390.17",0.00,"22,997.77"
ID13249,20-Jan-2026,Transfer,288.09,0.00,"23,066.76"
ID13249,27-Feb-2026,Direct Deposit,"1,905.33",0.00,"82,331.61"
ID13249,05-Jan-2026,Direct Deposit,"3,903.61",0.00,"77,181.66"
ID13249,13-Jan-2026,Transfer,235.62,0.00,"14,355.42"
ID13249,14-Mar-2026,Payment,"1,223.20",0.00,"70,999.41"
ID13249,07-Jan-2026,Interest,499.26,0.00,"99,213.91"
ID13249,12-Jan-2026,ATM Withdrawal,0.00,65.41,"14,769.34"
ID13249,05-Mar-2026,Reversal,926.31,0.00,"85,960.17"
ID13249,20-Jan-2026,Reversal,0.00,958.62,"98,757.64"
ID13249,19-Mar-2026,Debit Card,0.00,127.96,"89,490.94"
ID13250,01-Apr-2026,Transfer,"1,619.25",0.00,"63,831.54"
ID13250,14-Jan-2026,Direct Deposit,"4,702.10",0.00,"88,313.55"
ID13250,09-Feb-2026,Direct Deposit,"4,108.74",0.00,"16,369.07"
ID13250,08-Jan-2026,ATM Withdrawal,0.00,518.19,"38,924.81"
ID13250,24-Jan-2026,Interest,88.34,0.00,"54,290.82"
ID13250,31-Jan-2026,Payment,887.29,0.00,"42,969.48"
ID13250,16-Feb-2026,Debit Card,0.00,496.20,"84,505.56"
ID13250,18-Feb-2026,Interest,66.25,0.00,"71,536.44"
ID13250,04-Jan-2026,Interest,242.84,0.00,"35,323.12"
ID13250,26-Feb-2026,Debit Card,0.00,98.25,"10,550.64"
ID13250,21-Jan-2026,ATM Withdrawal,0.00,361.03,"48,040.59"
ID13250,14-Mar-2026,Interest,237.90,0.00,"50,730.66"
ID13250,23-Mar-2026,Charge,0.00,233.68,"14,782.55"
ID13250,17-Mar-2026,Transfer,"1,982.55",0.00,"49,817.39"
ID13250,15-Mar-2026,Charge,0.00,821.56,"55,296.32"
ID13250,27-Jan-2026,Charge,0.00,915.17,"33,930.27"
ID13250,06-Feb-2026,Direct Deposit,"2,294.21",0.00,"86,116.86"
ID13250,21-Jan-2026,ATM Withdrawal,0.00,419.81,"52,928.63"
ID13250,23-Jan-2026,ATM Withdrawal,0.00,230.91,"71,544.22"
ID13250,11-Mar-2026,Transfer,976.10,0.00,"91,195.59"
ID13251,15-Feb-2026,Payment,0.00,"1,260.60","96,592.42"
ID13251,28-Jan-2026,Interest,161.16,0.00,"3,477.08"
ID13251,30-Mar-2026,Interest,320.78,0.00,"23,988.06"
ID13251,13-Jan-2026,Transfer,0.00,206.08,"83,032.41"
ID13251,17-Mar-2026,Payment,"1,240.52",0.00,"96,287.56"
ID13251,24-Feb-2026,Direct Deposit,"1,790.86",0.00,"64,551.17"
ID13251,12-Jan-2026,Payment,0.00,307.86,"24,126.38"
ID13251,06-Feb-2026,Debit Card,0.00,601.56,"9,317.79"
ID13251,28-Mar-2026,Payment,"1,063.78",0.00,"76,878.73"
ID13251,15-Jan-2026,Reversal,0.00,"1,285.63","5,433.52"
ID13251,30-Jan-2026,Transfer,"1,978.83",0.00,"51,566.72"
ID13251,06-Mar-2026,Transfer,0.00,"1,453.00","50,453.56"
ID13251,22-Feb-2026,Interest,101.03,0.00,"41,280.86"
ID13251,27-Jan-2026,ATM Withdrawal,0.00,755.84,"5,431.99"
ID13251,28-Jan-2026,Interest,321.34,0.00,"79,665.18"
ID13251,01-Feb-2026,Charge,0.00,457.63,"87,113.13"
ID13251,06-Feb-2026,Reversal,0.00,553.69,"61,844.15"
ID13251,13-Feb-2026,Transfer,"1,471.30",0.00,"96,048.25"
ID13251,12-Jan-2026,Reversal,303.44,0.00,"59,041.73"
ID13251,03-Jan-2026,Reversal,"1,754.30",0.00,"22,100.56"
ID13252,22-Mar-2026,Direct Deposit,"3,723.42",0.00,"90,914.80"
ID13252,12-Mar-2026,ATM Withdrawal,0.00,760.61,"98,530.20"
ID13252,18-Mar-2026,Interest,231.06,0.00,"3,211.21"
ID13252,25-Mar-2026,Charge,0.00,884.60,"65,191.09"
ID13252,06-Jan-2026,Payment,"1,026.27",0.00,"90,530.35"
ID13252,09-Mar-2026,Debit Card,0.00,131.57,"9,566.92"
ID13252,10-Jan-2026,ATM Withdrawal,0.00,953.33,"40,524.97"
ID13252,10-Feb-2026,Direct Deposit,"3,459.90",0.00,"86,467.79"
ID13252,24-Jan-2026,Charge,0.00,899.27,"72,951.99"
ID13252,26-Mar-2026,Charge,0.00,100.68,"73,475.68"
ID13252,17-Mar-2026,Debit Card,0.00,442.66,"4,528.66"
ID13252,23-Feb-2026,Direct Deposit,"2,818.59",0.00,"77,609.29"
ID13252,18-Mar-2026,Reversal,0.00,657.40,"52,916.29"
ID13252,16-Mar-2026,Debit Card,0.00,289.42,"58,988.03"
ID13252,01-Apr-2026,Debit Card,0.00,682.46,"10,710.29"
ID13252,05-Mar-2026,Direct Deposit,803.62,0.00,"30,307.39"
ID13252,25-Mar-2026,Debit Card,0.00,702.45,"95,251.20"
ID13252,12-Mar-2026,Direct Deposit,"2,835.31",0.00,"4,524.33"
ID13252,13-Feb-2026,Debit Card,0.00,688.07,"89,300.38"
ID13252,20-Jan-2026,Transfer,0.00,668.30,"11,592.07"
ID13253,15-Jan-2026,Debit Card,0.00,787.59,"23,117.49"
ID13253,09-Mar-2026,Debit Card,0.00,229.10,"61,380.32"
ID13253,19-Feb-2026,Charge,0.00,363.30,"31,667.01"
ID13253,25-Jan-2026,Interest,452.12,0.00,"61,156.33"
ID13253,16-Jan-2026,Transfer,0.00,308.29,"12,508.26"
ID13253,24-Mar-2026,Transfer,"1,395.97",0.00,"5,250.75"
ID13253,08-Feb-2026,Interest,111.15,0.00,"64,260.83"
ID13253,21-Mar-2026,Transfer,"1,741.41",0.00,"83,507.61"
ID13253,19-Feb-2026,Debit Card,0.00,734.43,"2,548.28"
ID13253,03-Apr-2026,ATM Withdrawal,0.00,317.21,"16,176.85"
ID13253,06-Mar-2026,Reversal,0.00,974.06,"4,568.97"
ID13253,30-Mar-2026,ATM Withdrawal,0.00,320.86,"40,011.35"
ID13253,19-Jan-2026,Direct Deposit,"4,243.13",0.00,"61,584.47"
ID13253,08-Feb-2026,Payment,295.64,0.00,"88,878.33"
ID13253,22-Mar-2026,Debit Card,0.00,368.43,"76,907.01"
ID13253,16-Mar-2026,Charge,0.00,936.00,"79,548.55"
ID13253,26-Mar-2026,Interest,470.07,0.00,"66,638.53"
ID13253,23-Feb-2026,Reversal,522.38,0.00,"98,922.51"
ID13253,18-Mar-2026,Payment,0.00,"1,126.24","28,314.24"
ID13253,27-Jan-2026,Transfer,434.39,0.00,"26,397.72"
ID13254,25-Mar-2026,Interest,90.77,0.00,"95,571.91"
ID13254,25-Jan-2026,Transfer,0.00,924.68,"30,139.29"
ID13254,06-Jan-2026,Debit Card,0.00,145.64,"12,656.93"
ID13254,03-Feb-2026,ATM Withdrawal,0.00,339.45,"56,780.44"
ID13254,01-Mar-2026,Direct Deposit,550.40,0.00,"18,348.46"
ID13254,13-Jan-2026,Payment,0.00,506.56,"30,460.50"
ID13254,18-Jan-2026,ATM Withdrawal,0.00,555.89,"57,877.83"
ID13254,10-Jan-2026,Reversal,678.38,0.00,"87,536.75"
ID13254,12-Feb-2026,Reversal,0.00,849.53,"50,192.66"
ID13254,23-Feb-2026,ATM Withdrawal,0.00,658.65,"35,961.42"
ID13254,03-Apr-2026,Direct Deposit,"3,661.27",0.00,"24,764.09"
ID13254,23-Feb-2026,Transfer,"1,737.78",0.00,"33,391.34"
ID13254,22-Mar-2026,Payment,0.00,947.11,"15,165.22"
ID13254,15-Jan-2026,Debit Card,0.00,757.01,"70,186.67"
ID13254,10-Feb-2026,Direct Deposit,"3,619.00",0.00,"29,013.99"
ID13254,19-Jan-2026,Reversal,"1,852.83",0.00,"57,750.91"
ID13254,27-Feb-2026,Direct Deposit,"4,075.41",0.00,"74,354.70"
ID13254,04-Feb-2026,Reversal,0.00,"1,364.29","11,721.26"
ID13254,14-Feb-2026,Transfer,0.00,"1,307.97","24,569.78"
ID13254,26-Jan-2026,Reversal,0.00,"1,419.93","93,282.21"
ID13255,03-Feb-2026,ATM Withdrawal,0.00,895.26,"58,362.36"
ID13255,05-Jan-2026,Payment,"1,723.67",0.00,"92,368.63"
ID13255,10-Jan-2026,Payment,"1,415.35",0.00,"1,987.20"
ID13255,14-Feb-2026,ATM Withdrawal,0.00,937.34,"29,245.33"
ID13255,16-Jan-2026,Direct Deposit,"2,837.51",0.00,"83,194.92"
ID13255,10-Mar-2026,Reversal,0.00,942.67,"20,893.59"
ID13255,26-Jan-2026,ATM Withdrawal,0.00,486.37,"21,416.12"
ID13255,28-Mar-2026,Interest,131.67,0.00,"14,448.88"
ID13255,21-Feb-2026,Charge,0.00,56.48,"42,097.95"
ID13255,16-Feb-2026,Reversal,0.00,542.79,"81,056.14"
ID13255,17-Jan-2026,Direct Deposit,"4,436.94",0.00,"91,944.21"
ID13255,08-Feb-2026,Payment,236.24,0.00,"65,737.48"
ID13255,15-Mar-2026,Payment,"1,978.42",0.00,"16,242.86"
ID13255,08-Feb-2026,Interest,471.11,0.00,"25,594.49"
ID13255,11-Jan-2026,Interest,95.26,0.00,"40,489.62"
ID13255,19-Jan-2026,Interest,207.55,0.00,"67,287.51"
ID13255,28-Feb-2026,Debit Card,0.00,732.07,"64,307.20"
ID13255,05-Feb-2026,Interest,339.56,0.00,"83,666.22"
ID13255,30-Jan-2026,Reversal,0.00,534.66,"70,355.90"
ID13255,01-Feb-2026,Debit Card,0.00,372.85,"46,720.16"
ID13256,10-Mar-2026,Charge,0.00,652.92,"53,125.45"
ID13256,21-Feb-2026,Interest,396.16,0.00,"32,542.22"
ID13256,10-Feb-2026,ATM Withdrawal,0.00,74.74,"74,728.99"
ID13256,20-Feb-2026,Debit Card,0.00,431.82,"78,115.97"
ID13256,17-Mar-2026,ATM Withdrawal,0.00,403.22,"11,078.32"
ID13256,12-Jan-2026,Charge,0.00,975.21,"38,459.84"
ID13256,12-Feb-2026,Reversal,115.17,0.00,"53,580.49"
ID13256,05-Feb-2026,Reversal,0.00,370.02,"59,533.44"
ID13256,21-Feb-2026,Transfer,"1,173.85",0.00,"41,581.41"
ID13256,21-Mar-2026,Charge,0.00,109.36,"94,927.30"
ID13256,14-Jan-2026,Debit Card,0.00,612.58,"16,851.60"
ID13256,28-Feb-2026,Transfer,"1,456.78",0.00,"64,762.36"
ID13256,28-Feb-2026,Direct Deposit,"2,242.69",0.00,"91,201.16"
ID13256,15-Mar-2026,Payment,"1,792.27",0.00,"58,389.40"
ID13256,18-Jan-2026,Interest,386.54,0.00,"44,263.01"
ID13256,14-Mar-2026,Payment,0.00,"1,358.37","7,194.24"
ID13256,15-Jan-2026,Transfer,0.00,384.47,"95,101.02"
ID13256,24-Feb-2026,Direct Deposit,"3,211.29",0.00,"35,698.30"
ID13256,20-Jan-2026,Interest,458.29,0.00,"50,172.78"
ID13256,28-Mar-2026,Payment,788.07,0.00,"9,652.78"
ID13257,23-Feb-2026,Transfer,0.00,"1,340.21","52,824.89"
ID13257,28-Jan-2026,Direct Deposit,"4,031.83",0.00,"58,317.57"
ID13257,24-Feb-2026,Debit Card,0.00,238.87,"91,207.67"
ID13257,23-Jan-2026,Transfer,0.00,"1,156.32","65,976.32"
ID13257,22-Feb-2026,Payment,228.87,0.00,"79,356.97"
ID13257,25-Mar-2026,Charge,0.00,994.38,"32,521.73"
ID13257,06-Feb-2026,Charge,0.00,217.71,"16,186.73"
ID13257,01-Apr-2026,Transfer,516.05,0.00,"97,283.03"
ID13257,04-Feb-2026,ATM Withdrawal,0.00,481.37,"39,151.50"
ID13257,13-Mar-2026,Reversal,"1,656.37",0.00,"48,881.26"
ID13257,10-Feb-2026,Payment,0.00,"1,026.34","65,390.38"
ID13257,10-Feb-2026,Charge,0.00,710.42,"90,514.06"
ID13257,12-Feb-2026,ATM Withdrawal,0.00,541.15,"60,516.01"
ID13257,03-Apr-2026,Direct Deposit,"4,643.11",0.00,"43,506.40"
ID13257,19-Mar-2026,ATM Withdrawal,0.00,412.66,"34,186.04"
ID13257,06-Mar-2026,Payment,"1,800.34",0.00,"44,049.09"
ID13257,07-Jan-2026,Debit Card,0.00,619.42,"18,009.09"
ID13257,25-Jan-2026,Transfer,0.00,"1,041.63","65,168.99"
ID13257,13-Jan-2026,Direct Deposit,"1,582.84",0.00,"60,155.23"
ID13257,03-Apr-2026,ATM Withdrawal,0.00,177.08,"36,324.35"
ID13258,25-Feb-2026,Interest,220.81,0.00,"82,290.76"
ID13258,29-Mar-2026,Direct Deposit,"4,726.54",0.00,"39,578.23"
ID13258,03-Apr-2026,Charge,0.00,492.23,"95,591.64"
ID13258,18-Mar-2026,Charge,0.00,680.25,"81,135.85"
ID13258,28-Jan-2026,Transfer,679.90,0.00,"47,810.10"
ID13258,24-Jan-2026,Interest,389.74,0.00,"21,235.50"
ID13258,10-Feb-2026,ATM Withdrawal,0.00,438.78,"94,214.07"
ID13258,12-Mar-2026,ATM Withdrawal,0.00,820.06,"36,972.45"
ID13258,03-Feb-2026,Direct Deposit,"2,709.24",0.00,"86,264.96"
ID13258,17-Feb-2026,Transfer,124.17,0.00,"58,298.88"
ID13258,20-Mar-2026,Interest,458.62,0.00,"18,298.61"
ID13258,07-Feb-2026,Reversal,838.57,0.00,"22,864.09"
ID13258,25-Feb-2026,Reversal,"1,070.03",0.00,"91,193.51"
ID13258,01-Mar-2026,Direct Deposit,"4,264.83",0.00,"72,280.02"
ID13258,17-Feb-2026,Reversal,328.72,0.00,"46,083.65"
ID13258,26-Jan-2026,ATM Withdrawal,0.00,652.55,"52,458.61"
ID13258,30-Jan-2026,Reversal,"1,534.06",0.00,"45,392.90"
ID13258,28-Jan-2026,Direct Deposit,761.27,0.00,"10,467.55"
ID13258,23-Jan-2026,Direct Deposit,"2,188.04",0.00,"54,560.14"
ID13258,31-Mar-2026,Reversal,940.36,0.00,"7,436.15"
ID13259,18-Jan-2026,Charge,0.00,441.76,"15,460.68"
ID13259,03-Feb-2026,Direct Deposit,"4,970.05",0.00,"12,682.82"
ID13259,03-Jan-2026,Charge,0.00,769.72,"22,325.43"
ID13259,30-Mar-2026,Payment,"1,535.02",0.00,"38,386.34"
ID13259,06-Feb-2026,Interest,295.92,0.00,"86,735.78"
ID13259,03-Mar-2026,Payment,0.00,347.42,"37,942.74"
ID13259,17-Feb-2026,Payment,"1,822.21",0.00,"58,014.56"
ID13259,14-Feb-2026,Direct Deposit,"3,784.26",0.00,"17,175.16"
ID13259,05-Mar-2026,ATM Withdrawal,0.00,830.16,"95,963.75"
ID13259,28-Feb-2026,Direct Deposit,"3,762.23",0.00,"49,684.04"
ID13259,08-Jan-2026,Payment,0.00,308.80,"60,597.11"
ID13259,11-Feb-2026,Payment,"1,750.82",0.00,"78,228.11"
ID13259,09-Feb-2026,Charge,0.00,820.14,"13,848.92"
ID13259,20-Jan-2026,Payment,0.00,902.21,"55,152.50"
ID13259,31-Mar-2026,Charge,0.00,244.19,"71,370.28"
ID13259,21-Jan-2026,Direct Deposit,"2,983.69",0.00,"49,139.73"
ID13259,05-Jan-2026,Direct Deposit,"4,685.53",0.00,"16,182.17"
ID13259,15-Mar-2026,Transfer,117.53,0.00,"96,715.31"
ID13259,04-Jan-2026,Interest,54.21,0.00,"29,006.09"
ID13259,17-Mar-2026,ATM Withdrawal,0.00,895.81,"48,962.34"
ID13260,21-Feb-2026,Direct Deposit,"4,643.89",0.00,"87,661.67"
ID13260,20-Mar-2026,Debit Card,0.00,25.75,"13,598.83"
ID13260,09-Feb-2026,Interest,227.26,0.00,"37,767.40"
ID13260,24-Feb-2026,Transfer,"1,375.67",0.00,"20,309.66"
ID13260,09-Feb-2026,Charge,0.00,225.05,"74,715.78"
ID13260,17-Mar-2026,ATM Withdrawal,0.00,676.48,"45,918.44"
ID13260,01-Apr-2026,Reversal,0.00,313.65,"14,927.70"
ID13260,30-Jan-2026,ATM Withdrawal,0.00,694.65,"91,625.68"
ID13260,06-Mar-2026,Payment,0.00,"1,453.19","94,755.91"
ID13260,10-Feb-2026,Reversal,0.00,281.56,"54,601.29"
ID13260,09-Mar-2026,ATM Withdrawal,0.00,493.59,"72,680.77"
ID13260,24-Jan-2026,Reversal,928.32,0.00,"35,621.02"
ID13260,15-Mar-2026,Charge,0.00,125.37,"44,622.18"
ID13260,28-Mar-2026,Direct Deposit,"4,931.05",0.00,"96,487.99"
ID13260,11-Jan-2026,Direct Deposit,"2,018.88",0.00,"96,255.75"
ID13260,29-Jan-2026,Charge,0.00,110.45,"40,613.25"
ID13260,26-Mar-2026,Debit Card,0.00,909.09,"34,732.57"
ID13260,07-Feb-2026,Direct Deposit,"4,826.27",0.00,"18,060.87"
ID13260,13-Jan-2026,Payment,892.14,0.00,"8,843.71"
ID13260,30-Jan-2026,Payment,"1,841.01",0.00,"16,056.78"
ID13261,31-Jan-2026,Interest,84.95,0.00,"8,825.19"
ID13261,25-Jan-2026,Transfer,808.85,0.00,"11,808.46"
ID13261,26-Jan-2026,Debit Card,0.00,292.88,"93,871.35"
ID13261,03-Mar-2026,Direct Deposit,"1,827.49",0.00,"62,939.23"
ID13261,30-Mar-2026,Direct Deposit,"1,386.14",0.00,"96,683.48"
ID13261,20-Mar-2026,Transfer,0.00,"1,285.66","52,013.99"
ID13261,23-Mar-2026,Interest,470.38,0.00,"7,371.76"
ID13261,28-Mar-2026,Reversal,0.00,273.42,"97,732.40"
ID13261,28-Mar-2026,Payment,"1,508.14",0.00,"1,506.15"
ID13261,04-Feb-2026,Payment,278.86,0.00,"58,743.89"
ID13261,11-Feb-2026,Payment,286.59,0.00,"87,935.40"
ID13261,14-Feb-2026,Payment,0.00,"1,203.77","52,672.69"
ID13261,10-Feb-2026,Transfer,847.09,0.00,"30,517.67"
ID13261,19-Mar-2026,Reversal,0.00,"1,197.54","61,071.70"
ID13261,12-Feb-2026,Interest,358.02,0.00,"82,197.81"
ID13261,01-Apr-2026,Interest,353.69,0.00,"77,727.93"
ID13261,17-Jan-2026,Reversal,"1,532.01",0.00,"9,871.13"
ID13261,01-Mar-2026,Charge,0.00,703.76,"20,660.69"
ID13261,24-Jan-2026,Direct Deposit,"3,404.73",0.00,"8,298.89"
ID13261,23-Jan-2026,Interest,458.59,0.00,"48,295.22"
ID13262,26-Mar-2026,ATM Withdrawal,0.00,475.47,"26,012.46"
ID13262,11-Jan-2026,ATM Withdrawal,0.00,253.05,"73,571.44"
ID13262,23-Mar-2026,Debit Card,0.00,827.45,"62,533.14"
ID13262,31-Mar-2026,Interest,111.68,0.00,"65,968.15"
ID13262,01-Feb-2026,Direct Deposit,"3,966.77",0.00,"99,273.51"
ID13262,06-Jan-2026,Reversal,0.00,756.53,"96,426.09"
ID13262,01-Feb-2026,Interest,138.14,0.00,"81,300.13"
ID13262,12-Feb-2026,Reversal,755.20,0.00,"85,333.49"
ID13262,26-Mar-2026,Charge,0.00,382.30,"91,136.02"
ID13262,27-Mar-2026,Transfer,0.00,949.36,"29,380.27"
ID13262,23-Mar-2026,Interest,169.72,0.00,"68,863.97"
ID13262,07-Mar-2026,Debit Card,0.00,989.82,"53,516.50"
ID13262,23-Mar-2026,Interest,79.03,0.00,"2,334.17"
ID13262,12-Mar-2026,Interest,361.24,0.00,"41,399.88"
ID13262,14-Feb-2026,Charge,0.00,765.44,"6,971.24"
ID13262,29-Jan-2026,Interest,442.52,0.00,"11,498.99"
ID13262,17-Jan-2026,Direct Deposit,"4,529.35",0.00,"1,029.99"
ID13262,16-Mar-2026,Charge,0.00,26.70,"82,894.79"
ID13262,13-Mar-2026,Payment,0.00,490.54,"61,084.05"
ID13262,11-Feb-2026,Debit Card,0.00,481.68,"51,049.83"
ID13263,02-Apr-2026,Debit Card,0.00,503.83,"23,125.90"
ID13263,09-Feb-2026,Interest,368.72,0.00,"10,469.32"
ID13263,30-Mar-2026,ATM Withdrawal,0.00,798.32,"61,701.01"
ID13263,28-Mar-2026,Charge,0.00,944.20,"4,393.44"
ID13263,15-Mar-2026,Charge,0.00,773.26,"82,122.66"
ID13263,09-Jan-2026,Payment,0.00,613.15,"1,637.97"
ID13263,26-Jan-2026,Direct Deposit,"1,541.18",0.00,"86,825.39"
ID13263,03-Apr-2026,Interest,469.48,0.00,"25,703.44"
ID13263,15-Mar-2026,Charge,0.00,420.02,"63,691.43"
ID13263,28-Feb-2026,Reversal,262.40,0.00,"23,539.59"
ID13263,30-Mar-2026,Payment,0.00,78.42,"16,493.43"
ID13263,26-Mar-2026,Transfer,0.00,"1,348.50","63,429.88"
ID13263,23-Mar-2026,Reversal,"1,396.47",0.00,"67,812.68"
ID13263,20-Mar-2026,Direct Deposit,"2,402.61",0.00,"60,777.45"
ID13263,14-Mar-2026,Debit Card,0.00,720.63,"34,575.69"
ID13263,01-Mar-2026,Reversal,"1,936.47",0.00,"5,134.83"
ID13263,07-Mar-2026,Debit Card,0.00,923.45,"83,643.27"
ID13263,09-Mar-2026,Reversal,"1,689.48",0.00,"61,431.10"
ID13263,23-Jan-2026,Direct Deposit,"2,421.28",0.00,"51,694.58"
ID13263,11-Mar-2026,ATM Withdrawal,0.00,740.73,"72,901.62"
ID13264,11-Jan-2026,ATM Withdrawal,0.00,562.85,"61,066.23"
ID13264,02-Apr-2026,ATM Withdrawal,0.00,648.57,"70,476.93"
ID13264,25-Feb-2026,Reversal,0.00,500.97,"16,753.40"
ID13264,11-Feb-2026,Debit Card,0.00,920.09,"2,489.80"
ID13264,24-Feb-2026,Debit Card,0.00,231.18,"18,222.51"
ID13264,01-Feb-2026,Charge,0.00,386.72,"88,599.37"
ID13264,09-Feb-2026,Debit Card,0.00,492.08,"46,307.22"
ID13264,31-Mar-2026,Payment,387.49,0.00,"19,535.09"
ID13264,06-Mar-2026,Transfer,0.00,"1,051.68","33,766.88"
ID13264,16-Mar-2026,ATM Withdrawal,0.00,668.97,"89,409.93"
ID13264,29-Jan-2026,Reversal,597.11,0.00,"16,318.15"
ID13264,02-Apr-2026,Direct Deposit,"1,981.96",0.00,"53,954.93"
ID13264,26-Jan-2026,Payment,0.00,341.82,"8,388.35"
ID13264,11-Mar-2026,ATM Withdrawal,0.00,437.54,"69,504.45"
ID13264,17-Jan-2026,Transfer,0.00,947.63,"26,010.82"
ID13264,01-Mar-2026,Reversal,0.00,212.23,"86,111.92"
ID13264,28-Jan-2026,Debit Card,0.00,170.44,"9,854.68"
ID13264,22-Feb-2026,Interest,334.37,0.00,"79,006.28"
ID13264,18-Mar-2026,Payment,443.41,0.00,"82,514.78"
ID13264,07-Jan-2026,Payment,946.27,0.00,"11,380.10"
ID13265,03-Mar-2026,Debit Card,0.00,535.86,"94,003.43"
ID13265,08-Jan-2026,Charge,0.00,214.84,"40,812.26"
ID13265,19-Mar-2026,Debit Card,0.00,48.44,"16,853.94"
ID13265,05-Feb-2026,Interest,161.47,0.00,"34,664.87"
ID13265,15-Mar-2026,Interest,85.03,0.00,"71,514.41"
ID13265,25-Feb-2026,ATM Withdrawal,0.00,938.48,"69,457.26"
ID13265,22-Feb-2026,Direct Deposit,"4,427.50",0.00,"34,030.45"
ID13265,17-Mar-2026,Payment,"1,282.90",0.00,"75,681.12"
ID13265,23-Jan-2026,Reversal,503.81,0.00,"33,191.76"
ID13265,20-Feb-2026,Charge,0.00,646.77,"73,052.58"
ID13265,02-Mar-2026,Debit Card,0.00,648.13,"76,620.90"
ID13265,20-Mar-2026,Debit Card,0.00,596.14,"86,102.44"
ID13265,23-Jan-2026,Payment,0.00,868.65,"6,263.21"
ID13265,29-Mar-2026,Reversal,0.00,238.75,"32,160.48"
ID13265,04-Jan-2026,Interest,375.19,0.00,"40,103.98"
ID13265,14-Feb-2026,Transfer,0.00,949.47,"38,021.34"
ID13265,17-Jan-2026,Reversal,0.00,187.19,"80,244.92"
ID13265,19-Jan-2026,Interest,271.40,0.00,"10,781.09"
ID13265,02-Apr-2026,Transfer,"1,849.37",0.00,"65,247.70"
ID13265,08-Feb-2026,ATM Withdrawal,0.00,98.59,"44,558.12"
ID13266,22-Mar-2026,Reversal,825.04,0.00,"69,603.89"
ID13266,04-Mar-2026,Interest,281.32,0.00,"86,148.38"
ID13266,06-Mar-2026,Interest,96.45,0.00,"4,800.76"
ID13266,28-Jan-2026,Transfer,"1,996.35",0.00,"45,918.80"
ID13266,06-Jan-2026,Debit Card,0.00,44.76,"70,744.13"
ID13266,13-Feb-2026,Interest,463.27,0.00,"94,472.25"
ID13266,13-Jan-2026,Transfer,0.00,"1,311.59","12,541.75"
ID13266,14-Feb-2026,Charge,0.00,470.06,"49,608.88"
ID13266,19-Feb-2026,Payment,"1,613.75",0.00,"7,769.42"
ID13266,03-Jan-2026,Charge,0.00,134.74,"31,256.68"
ID13266,16-Mar-2026,ATM Withdrawal,0.00,368.21,"19,438.09"
ID13266,25-Feb-2026,Reversal,"1,215.28",0.00,"96,436.78"
ID13266,24-Mar-2026,ATM Withdrawal,0.00,210.58,"43,740.40"
ID13266,11-Jan-2026,Reversal,0.00,482.28,"42,477.05"
ID13266,26-Mar-2026,Debit Card,0.00,970.73,"12,313.60"
ID13266,17-Jan-2026,Reversal,"1,720.65",0.00,"86,714.36"
ID13266,17-Mar-2026,Transfer,0.00,"1,377.78","82,340.01"
ID13266,22-Jan-2026,Charge,0.00,722.30,"61,605.22"
ID13266,14-Jan-2026,Interest,244.97,0.00,"66,013.34"
ID13266,29-Mar-2026,ATM Withdrawal,0.00,460.70,"45,459.94"
ID13267,05-Mar-2026,Payment,"1,219.83",0.00,"23,000.24"
ID13267,14-Jan-2026,Charge,0.00,661.57,"23,612.62"
ID13267,27-Feb-2026,ATM Withdrawal,0.00,602.29,"5,072.09"
ID13267,09-Jan-2026,ATM Withdrawal,0.00,26.76,"28,812.65"
ID13267,21-Mar-2026,ATM Withdrawal,0.00,175.56,"30,466.96"
ID13267,13-Feb-2026,Interest,416.88,0.00,"85,138.87"
ID13267,17-Jan-2026,Direct Deposit,"4,055.80",0.00,"38,101.61"
ID13267,08-Jan-2026,ATM Withdrawal,0.00,651.96,"4,012.30"
ID13267,11-Jan-2026,Reversal,432.02,0.00,"34,720.64"
ID13267,12-Mar-2026,Direct Deposit,"1,926.69",0.00,"29,236.05"
ID13267,27-Feb-2026,Interest,288.39,0.00,"47,079.42"
ID13267,23-Mar-2026,Transfer,186.41,0.00,"6,124.81"
ID13267,15-Mar-2026,Direct Deposit,"2,693.61",0.00,"23,476.20"
ID13267,27-Feb-2026,Payment,655.74,0.00,"34,816.54"
ID13267,01-Feb-2026,Debit Card,0.00,387.24,"55,051.14"
ID13267,10-Jan-2026,Interest,233.19,0.00,"13,309.46"
ID13267,09-Feb-2026,Debit Card,0.00,357.03,"56,839.39"
ID13267,19-Feb-2026,Interest,354.70,0.00,"46,752.69"
ID13267,16-Feb-2026,Debit Card,0.00,277.52,"25,096.61"
ID13267,24-Feb-2026,Debit Card,0.00,525.63,"95,507.10"
ID13268,21-Jan-2026,Payment,"1,356.22",0.00,"18,927.44"
ID13268,03-Mar-2026,ATM Withdrawal,0.00,945.45,"58,774.78"
ID13268,09-Mar-2026,Charge,0.00,605.44,"40,180.63"
ID13268,26-Jan-2026,Direct Deposit,"4,296.43",0.00,"12,453.22"
ID13268,01-Feb-2026,Transfer,647.58,0.00,"81,321.03"
ID13268,15-Jan-2026,Direct Deposit,"1,302.86",0.00,"83,005.17"
ID13268,24-Mar-2026,Interest,244.92,0.00,"90,321.97"
ID13268,04-Feb-2026,Reversal,0.00,272.89,"35,805.87"
ID13268,20-Feb-2026,ATM Withdrawal,0.00,472.49,"41,559.87"
ID13268,01-Mar-2026,Charge,0.00,315.88,"63,686.24"
ID13268,08-Feb-2026,Reversal,0.00,506.70,"76,491.50"
ID13268,10-Mar-2026,Direct Deposit,"2,147.85",0.00,"93,233.73"
ID13268,16-Jan-2026,Transfer,840.78,0.00,"2,224.18"
ID13268,11-Feb-2026,Reversal,0.00,"1,024.08","50,554.85"
ID13268,12-Mar-2026,Payment,"1,154.93",0.00,"66,005.68"
ID13268,31-Mar-2026,ATM Withdrawal,0.00,960.36,"49,360.21"
ID13268,01-Apr-2026,Transfer,226.04,0.00,"81,502.98"
ID13268,18-Jan-2026,Direct Deposit,"1,954.26",0.00,"23,045.86"
ID13268,06-Mar-2026,Reversal,0.00,153.96,"54,586.92"
ID13268,14-Feb-2026,Reversal,0.00,"1,010.55","66,287.11"
ID13269,06-Feb-2026,ATM Withdrawal,0.00,469.04,"44,229.59"
ID13269,01-Apr-2026,Charge,0.00,748.00,"25,406.38"
ID13269,15-Feb-2026,Transfer,"1,432.34",0.00,"81,178.33"
ID13269,29-Mar-2026,Payment,"1,155.33",0.00,"35,404.95"
ID13269,28-Jan-2026,Charge,0.00,989.62,"73,772.67"
ID13269,06-Feb-2026,Payment,0.00,"1,260.68","18,835.98"
ID13269,06-Feb-2026,Payment,0.00,"1,093.85","10,256.45"
ID13269,03-Jan-2026,Reversal,0.00,"1,122.87","17,256.51"
ID13269,29-Mar-2026,Reversal,0.00,102.72,"19,973.64"
ID13269,26-Jan-2026,Debit Card,0.00,356.80,"37,177.39"
ID13269,07-Jan-2026,Reversal,0.00,"1,078.13","68,572.29"
ID13269,02-Mar-2026,ATM Withdrawal,0.00,627.17,"43,532.59"
ID13269,02-Mar-2026,Reversal,394.04,0.00,"65,539.43"
ID13269,05-Feb-2026,Direct Deposit,"1,628.64",0.00,"10,872.49"
ID13269,05-Feb-2026,Interest,166.33,0.00,"75,026.07"
ID13269,30-Mar-2026,Debit Card,0.00,207.58,"43,296.45"
ID13269,21-Mar-2026,Reversal,"1,001.04",0.00,"53,249.94"
ID13269,14-Jan-2026,Interest,77.62,0.00,"29,136.46"
ID13269,23-Mar-2026,ATM Withdrawal,0.00,349.38,"44,219.49"
ID13269,14-Mar-2026,Payment,"1,508.80",0.00,"78,572.36"
ID13270,16-Feb-2026,ATM Withdrawal,0.00,788.22,"6,253.27"
ID13270,03-Feb-2026,Reversal,0.00,"1,231.54","78,161.76"
ID13270,16-Mar-2026,Debit Card,0.00,390.07,"31,020.29"
ID13270,03-Mar-2026,Direct Deposit,"1,431.64",0.00,"19,118.54"
ID13270,14-Feb-2026,Payment,963.82,0.00,"81,163.63"
ID13270,02-Mar-2026,Transfer,0.00,"1,402.78","56,381.50"
ID13270,01-Apr-2026,Payment,0.00,"1,053.46","67,872.65"
ID13270,16-Feb-2026,Transfer,533.15,0.00,"22,290.59"
ID13270,10-Jan-2026,Direct Deposit,"3,939.63",0.00,"65,739.41"
ID13270,06-Jan-2026,ATM Withdrawal,0.00,106.04,"91,898.79"
ID13270,23-Mar-2026,Debit Card,0.00,995.45,"48,675.64"
ID13270,01-Apr-2026,Payment,518.15,0.00,"48,743.56"
ID13270,03-Feb-2026,Transfer,0.00,"1,317.26","46,932.10"
ID13270,02-Apr-2026,Charge,0.00,576.12,"63,936.34"
ID13270,04-Mar-2026,Charge,0.00,497.45,"25,316.19"
ID13270,20-Mar-2026,Interest,198.53,0.00,"57,443.24"
ID13270,01-Feb-2026,Payment,638.77,0.00,"98,907.72"
ID13270,13-Feb-2026,Direct Deposit,"2,551.51",0.00,"93,645.91"
ID13270,13-Feb-2026,Reversal,0.00,469.68,"54,249.63"
ID13270,10-Feb-2026,Debit Card,0.00,96.68,"63,265.49"
ID13271,16-Feb-2026,ATM Withdrawal,0.00,384.79,"75,582.45"
ID13271,13-Mar-2026,Charge,0.00,398.15,"60,464.65"
ID13271,20-Feb-2026,Transfer,599.87,0.00,"21,499.82"
ID13271,17-Feb-2026,Charge,0.00,922.98,"30,105.80"
ID13271,11-Feb-2026,Reversal,"1,796.11",0.00,"55,170.38"
ID13271,12-Feb-2026,Direct Deposit,"3,297.98",0.00,"2,308.88"
ID13271,24-Jan-2026,Reversal,0.00,"1,252.59","71,228.75"
ID13271,03-Apr-2026,Direct Deposit,"3,416.72",0.00,"65,860.49"
ID13271,24-Jan-2026,Payment,814.69,0.00,"83,846.57"
ID13271,10-Feb-2026,Interest,78.55,0.00,"30,942.42"
ID13271,26-Jan-2026,Debit Card,0.00,365.60,"17,467.87"
ID13271,23-Feb-2026,Payment,"1,865.14",0.00,"51,531.92"
ID13271,13-Mar-2026,Reversal,0.00,124.31,"54,924.86"
ID13271,31-Jan-2026,Transfer,0.00,642.60,"44,877.26"
ID13271,05-Mar-2026,Reversal,"1,913.31",0.00,"97,451.80"
ID13271,16-Jan-2026,Direct Deposit,"3,245.17",0.00,"20,392.89"
ID13271,13-Jan-2026,Transfer,0.00,638.36,"36,760.22"
ID13271,06-Feb-2026,Direct Deposit,"1,522.18",0.00,"92,861.31"
ID13271,26-Mar-2026,Interest,106.40,0.00,"31,209.81"
ID13271,01-Mar-2026,Reversal,"1,738.15",0.00,"93,597.62"
ID13272,07-Feb-2026,Debit Card,0.00,935.58,"21,269.34"
ID13272,07-Jan-2026,Charge,0.00,881.11,"52,023.53"
ID13272,19-Mar-2026,ATM Withdrawal,0.00,187.33,"27,709.88"
ID13272,16-Feb-2026,Debit Card,0.00,752.50,"33,838.22"
ID13272,22-Jan-2026,Charge,0.00,220.32,"15,809.42"
ID13272,03-Feb-2026,Payment,385.62,0.00,"98,937.53"
ID13272,17-Jan-2026,Charge,0.00,643.26,"86,652.67"
ID13272,21-Mar-2026,Interest,230.00,0.00,"49,052.05"
ID13272,21-Feb-2026,Transfer,0.00,928.85,"1,325.31"
ID13272,15-Jan-2026,ATM Withdrawal,0.00,320.76,"68,869.32"
ID13272,20-Feb-2026,Transfer,"1,789.39",0.00,"42,875.25"
ID13272,19-Jan-2026,Interest,404.64,0.00,"15,485.45"
ID13272,30-Jan-2026,Debit Card,0.00,772.14,"27,682.27"
ID13272,19-Jan-2026,Direct Deposit,"4,809.17",0.00,"48,562.89"
ID13272,01-Mar-2026,Payment,414.64,0.00,"54,397.68"
ID13272,12-Feb-2026,Charge,0.00,82.23,"46,202.20"
ID13272,22-Feb-2026,Payment,899.39,0.00,"87,736.37"
ID13272,26-Mar-2026,Charge,0.00,442.26,"14,069.86"
ID13272,10-Feb-2026,Transfer,124.11,0.00,"74,565.73"
ID13272,28-Mar-2026,Transfer,0.00,198.78,"73,763.42"
ID13273,31-Mar-2026,Payment,"1,466.72",0.00,"76,653.06"
ID13273,09-Mar-2026,Payment,0.00,755.03,"43,937.21"
ID13273,09-Jan-2026,Reversal,0.00,590.45,"17,074.79"
ID13273,25-Jan-2026,Interest,117.04,0.00,"47,404.11"
ID13273,15-Feb-2026,Payment,"1,528.99",0.00,"37,154.03"
ID13273,28-Feb-2026,Debit Card,0.00,490.51,"54,607.83"
ID13273,22-Mar-2026,Reversal,"1,733.82",0.00,"99,979.95"
ID13273,04-Feb-2026,ATM Withdrawal,0.00,571.70,"11,737.70"
ID13273,01-Mar-2026,Charge,0.00,108.24,"90,781.24"
ID13273,19-Jan-2026,Charge,0.00,225.49,"30,399.43"
ID13273,10-Mar-2026,Reversal,717.11,0.00,"78,472.36"
ID13273,10-Mar-2026,Charge,0.00,448.49,"77,376.73"
ID13273,19-Feb-2026,Interest,13.24,0.00,"10,180.47"
ID13273,11-Jan-2026,Interest,466.48,0.00,"11,968.53"
ID13273,17-Mar-2026,Interest,273.45,0.00,"72,113.64"
ID13273,10-Feb-2026,Interest,384.82,0.00,"79,759.57"
ID13273,17-Feb-2026,Charge,0.00,633.70,"6,996.33"
ID13273,07-Jan-2026,Transfer,120.64,0.00,"98,534.63"
ID13273,09-Mar-2026,Interest,321.41,0.00,"70,771.82"
ID13273,07-Mar-2026,Direct Deposit,"2,912.02",0.00,"23,507.28"
ID13274,18-Jan-2026,Payment,0.00,"1,386.00","16,853.88"
ID13274,05-Feb-2026,Transfer,160.20,0.00,"29,195.47"
ID13274,10-Jan-2026,Debit Card,0.00,707.22,"83,858.68"
ID13274,06-Jan-2026,Payment,0.00,518.03,"67,630.25"
ID13274,20-Mar-2026,Direct Deposit,549.13,0.00,"33,605.55"
ID13274,27-Feb-2026,Charge,0.00,13.16,"68,443.20"
ID13274,16-Jan-2026,ATM Withdrawal,0.00,52.07,"36,749.62"
ID13274,27-Jan-2026,Interest,387.32,0.00,"58,853.03"
ID13274,10-Feb-2026,Interest,464.65,0.00,"39,152.61"
ID13274,11-Jan-2026,Debit Card,0.00,324.28,"71,428.06"
ID13274,03-Jan-2026,Direct Deposit,"1,609.76",0.00,"91,498.71"
ID13274,20-Mar-2026,Interest,41.06,0.00,"11,629.00"
ID13274,10-Mar-2026,Interest,129.55,0.00,"81,247.41"
ID13274,05-Feb-2026,Payment,692.32,0.00,"31,367.50"
ID13274,24-Feb-2026,Direct Deposit,"3,090.35",0.00,"19,480.36"
ID13274,15-Feb-2026,Payment,"1,905.13",0.00,"44,064.02"
ID13274,27-Feb-2026,Reversal,0.00,621.46,"54,463.13"
ID13274,22-Feb-2026,Payment,935.58,0.00,"57,855.46"
ID13274,09-Jan-2026,Payment,0.00,76.93,"40,308.42"
ID13274,28-Jan-2026,Debit Card,0.00,463.14,"98,989.03"
ID13275,21-Mar-2026,Transfer,"1,050.31",0.00,"37,897.55"
ID13275,09-Mar-2026,Direct Deposit,"2,066.40",0.00,"88,965.52"
ID13275,16-Jan-2026,Charge,0.00,785.21,"12,811.47"
ID13275,03-Mar-2026,Reversal,0.00,838.42,"86,762.64"
ID13275,07-Jan-2026,Reversal,"1,525.20",0.00,"39,444.76"
ID13275,31-Mar-2026,Interest,326.85,0.00,"39,035.08"
ID13275,18-Mar-2026,Transfer,0.00,199.34,"29,417.06"
ID13275,12-Mar-2026,Debit Card,0.00,519.51,"82,872.90"
ID13275,12-Jan-2026,Charge,0.00,194.68,"33,210.71"
ID13275,25-Jan-2026,ATM Withdrawal,0.00,899.82,"35,906.09"
ID13275,16-Feb-2026,Charge,0.00,416.70,"87,782.61"
ID13275,03-Jan-2026,Interest,30.30,0.00,"61,553.74"
ID13275,28-Jan-2026,Charge,0.00,996.72,"12,782.49"
ID13275,06-Feb-2026,Interest,94.33,0.00,"91,770.60"
ID13275,20-Jan-2026,Debit Card,0.00,309.48,"32,329.35"
ID13275,28-Feb-2026,Reversal,0.00,216.25,"35,887.98"
ID13275,08-Jan-2026,Charge,0.00,920.61,"47,069.69"
ID13275,21-Jan-2026,Transfer,0.00,"1,210.22","16,035.59"
ID13275,19-Feb-2026,Charge,0.00,698.17,"6,873.94"
ID13275,14-Jan-2026,Debit Card,0.00,945.44,"15,975.32"
ID13276,14-Feb-2026,Charge,0.00,427.61,"84,964.90"
ID13276,17-Mar-2026,Direct Deposit,"2,756.92",0.00,"21,161.88"
ID13276,24-Jan-2026,Debit Card,0.00,466.16,"51,090.43"
ID13276,01-Apr-2026,Reversal,0.00,639.61,"50,308.17"
ID13276,07-Mar-2026,Reversal,531.20,0.00,"93,101.49"
ID13276,11-Feb-2026,Payment,345.29,0.00,"14,034.19"
ID13276,08-Feb-2026,ATM Withdrawal,0.00,914.72,"56,960.63"
ID13276,26-Mar-2026,Transfer,261.53,0.00,"25,938.12"
ID13276,03-Feb-2026,Interest,478.30,0.00,"44,455.87"
ID13276,24-Mar-2026,Direct Deposit,"3,599.19",0.00,"17,439.45"
ID13276,14-Feb-2026,Direct Deposit,"4,628.24",0.00,"95,562.03"
ID13276,14-Feb-2026,Interest,139.60,0.00,"31,635.39"
ID13276,24-Jan-2026,Interest,364.31,0.00,"50,957.13"
ID13276,24-Jan-2026,ATM Withdrawal,0.00,736.23,"92,627.88"
ID13276,03-Apr-2026,Interest,454.48,0.00,"56,254.89"
ID13276,13-Jan-2026,ATM Withdrawal,0.00,650.89,"31,649.48"
ID13276,09-Jan-2026,Interest,430.43,0.00,"79,254.44"
ID13276,15-Mar-2026,Payment,527.72,0.00,"7,638.78"
ID13276,14-Jan-2026,Transfer,584.40,0.00,"19,403.72"
ID13276,11-Feb-2026,Interest,35.75,0.00,"49,019.22"
ID13277,13-Mar-2026,Debit Card,0.00,375.12,"85,889.59"
ID13277,16-Feb-2026,Transfer,0.00,"1,365.87","29,347.61"
ID13277,22-Mar-2026,Payment,763.74,0.00,"9,476.93"
ID13277,11-Mar-2026,ATM Withdrawal,0.00,932.49,"23,857.74"
ID13277,28-Feb-2026,ATM Withdrawal,0.00,700.71,"9,038.76"
ID13277,24-Jan-2026,Reversal,253.76,0.00,"32,563.51"
ID13277,16-Feb-2026,Direct Deposit,"3,537.02",0.00,"32,386.94"
ID13277,11-Mar-2026,Payment,0.00,247.03,"2,676.88"
ID13277,11-Jan-2026,Transfer,0.00,"1,456.57","23,863.37"
ID13277,11-Feb-2026,Transfer,0.00,696.61,"68,073.28"
ID13277,15-Mar-2026,Direct Deposit,"4,613.18",0.00,"62,168.07"
ID13277,31-Mar-2026,Charge,0.00,776.28,"57,714.52"
ID13277,10-Feb-2026,ATM Withdrawal,0.00,632.97,"58,660.54"
ID13277,14-Mar-2026,ATM Withdrawal,0.00,851.63,"95,106.88"
ID13277,13-Mar-2026,Payment,0.00,133.19,"39,277.47"
ID13277,04-Mar-2026,Debit Card,0.00,557.60,"64,962.27"
ID13277,22-Jan-2026,Transfer,"1,969.37",0.00,"60,728.32"
ID13277,25-Mar-2026,Interest,317.83,0.00,"54,020.03"
ID13277,09-Feb-2026,Transfer,"1,922.97",0.00,"69,413.13"
ID13277,09-Jan-2026,Direct Deposit,"2,911.75",0.00,"84,183.52"
ID13278,25-Jan-2026,Transfer,586.98,0.00,"99,900.28"
ID13278,20-Jan-2026,Reversal,"1,271.73",0.00,"92,896.58"
ID13278,05-Mar-2026,Payment,"1,536.82",0.00,"33,318.92"
ID13278,30-Jan-2026,Debit Card,0.00,271.26,"98,199.98"
ID13278,13-Jan-2026,Interest,268.40,0.00,"47,308.11"
ID13278,01-Mar-2026,Charge,0.00,860.86,"55,139.78"
ID13278,26-Mar-2026,Interest,237.18,0.00,"87,251.59"
ID13278,31-Mar-2026,Debit Card,0.00,548.70,"46,255.54"
ID13278,22-Jan-2026,Interest,103.17,0.00,"18,063.71"
ID13278,19-Feb-2026,Debit Card,0.00,979.65,"11,480.82"
ID13278,02-Apr-2026,Payment,0.00,"1,060.85","32,801.62"
ID13278,30-Mar-2026,Transfer,0.00,"1,430.64","14,479.93"
ID13278,24-Jan-2026,Transfer,"1,904.81",0.00,"67,266.53"
ID13278,26-Jan-2026,Charge,0.00,570.91,"14,608.63"
ID13278,02-Feb-2026,Charge,0.00,462.49,"10,510.36"
ID13278,13-Feb-2026,Debit Card,0.00,55.76,"42,264.88"
ID13278,12-Jan-2026,Debit Card,0.00,853.82,"66,831.62"
ID13278,11-Mar-2026,Transfer,0.00,"1,429.11","13,943.60"
ID13278,19-Jan-2026,Payment,0.00,279.77,"64,113.73"
ID13278,03-Jan-2026,Transfer,808.56,0.00,"27,313.85"
ID13279,06-Jan-2026,Interest,378.64,0.00,"54,758.85"
ID13279,02-Mar-2026,Debit Card,0.00,774.82,"51,686.46"
ID13279,01-Mar-2026,Transfer,"1,010.70",0.00,"10,114.88"
ID13279,30-Mar-2026,Reversal,0.00,116.51,"89,464.90"
ID13279,20-Jan-2026,Payment,0.00,829.36,"6,072.97"
ID13279,20-Jan-2026,Direct Deposit,"3,029.87",0.00,"1,051.56"
ID13279,25-Mar-2026,Reversal,132.36,0.00,"78,003.19"
ID13279,07-Feb-2026,Payment,429.02,0.00,"29,729.64"
ID13279,26-Feb-2026,Direct Deposit,"3,623.47",0.00,"74,894.03"
ID13279,21-Feb-2026,Reversal,366.94,0.00,"35,189.13"
ID13279,31-Jan-2026,ATM Withdrawal,0.00,747.95,"78,964.33"
ID13279,12-Feb-2026,Debit Card,0.00,740.89,"6,709.46"
ID13279,27-Mar-2026,Reversal,0.00,"1,315.39","23,238.76"
ID13279,24-Jan-2026,Debit Card,0.00,817.28,"85,177.12"
ID13279,24-Feb-2026,Direct Deposit,"3,526.11",0.00,"14,134.55"
ID13279,28-Feb-2026,Debit Card,0.00,572.87,"97,054.95"
ID13279,30-Jan-2026,Debit Card,0.00,54.81,"34,424.07"
ID13279,10-Mar-2026,Debit Card,0.00,434.14,"49,843.11"
ID13279,26-Feb-2026,Transfer,0.00,"1,016.93","71,726.88"
ID13279,10-Feb-2026,Reversal,0.00,108.98,"41,118.08"
ID13280,07-Mar-2026,Charge,0.00,134.00,"59,424.66"
ID13280,30-Jan-2026,ATM Withdrawal,0.00,380.46,"92,453.21"
ID13280,06-Mar-2026,Direct Deposit,"4,563.82",0.00,"42,015.24"
ID13280,10-Jan-2026,Transfer,0.00,427.23,"74,507.21"
ID13280,04-Jan-2026,Debit Card,0.00,524.79,"13,526.11"
ID13280,29-Jan-2026,Direct Deposit,"3,752.27",0.00,"24,875.70"
ID13280,13-Mar-2026,ATM Withdrawal,0.00,513.75,"83,512.78"
ID13280,11-Feb-2026,Payment,0.00,832.42,"48,339.38"
ID13280,26-Mar-2026,Transfer,0.00,212.64,"13,775.80"
ID13280,05-Mar-2026,Debit Card,0.00,256.66,"82,760.39"
ID13280,14-Feb-2026,Direct Deposit,"2,190.04",0.00,"40,736.77"
ID13280,15-Mar-2026,Payment,"1,366.76",0.00,"12,277.13"
ID13280,17-Jan-2026,Charge,0.00,749.19,"63,070.33"
ID13280,03-Mar-2026,Charge,0.00,53.55,"29,469.03"
ID13280,09-Feb-2026,Charge,0.00,703.17,"10,607.05"
ID13280,12-Mar-2026,Debit Card,0.00,90.36,"37,979.20"
ID13280,04-Jan-2026,Charge,0.00,171.25,"13,355.45"
ID13280,14-Feb-2026,Debit Card,0.00,510.62,"92,294.92"
ID13280,02-Apr-2026,Payment,"1,769.84",0.00,"82,138.32"
ID13280,24-Mar-2026,Reversal,263.02,0.00,"85,369.80"
ID13281,04-Feb-2026,Reversal,"1,285.59",0.00,"27,434.98"
ID13281,28-Jan-2026,Reversal,0.00,914.04,"50,692.09"
ID13281,16-Feb-2026,Reversal,843.49,0.00,"91,095.35"
ID13281,02-Apr-2026,Direct Deposit,"3,622.42",0.00,"37,899.87"
ID13281,10-Feb-2026,Transfer,914.81,0.00,"73,375.33"
ID13281,27-Jan-2026,Payment,"1,064.13",0.00,"52,665.13"
ID13281,27-Feb-2026,Payment,0.00,674.88,"16,623.50"
ID13281,11-Mar-2026,Transfer,880.88,0.00,"17,844.66"
ID13281,31-Mar-2026,Reversal,640.08,0.00,"24,469.96"
ID13281,03-Mar-2026,Debit Card,0.00,705.71,"61,800.64"
ID13281,22-Jan-2026,Debit Card,0.00,490.43,"74,363.31"
ID13281,27-Jan-2026,Reversal,770.97,0.00,"94,574.71"
ID13281,04-Jan-2026,Reversal,"1,739.40",0.00,"53,371.41"
ID13281,06-Feb-2026,Debit Card,0.00,314.89,"13,867.39"
ID13281,03-Feb-2026,Charge,0.00,225.99,"33,773.41"
ID13281,22-Feb-2026,Payment,854.17,0.00,"37,366.49"
ID13281,06-Jan-2026,Payment,0.00,107.93,"66,799.35"
ID13281,08-Mar-2026,Direct Deposit,"1,338.88",0.00,"23,070.36"
ID13281,12-Feb-2026,Charge,0.00,389.48,"57,133.18"
ID13281,07-Jan-2026,Payment,0.00,727.23,"66,520.07"
ID13282,02-Feb-2026,Payment,"1,859.61",0.00,"7,911.05"
ID13282,13-Feb-2026,Charge,0.00,630.97,"36,371.54"
ID13282,01-Apr-2026,Direct Deposit,"4,504.19",0.00,"35,461.33"
ID13282,30-Jan-2026,ATM Withdrawal,0.00,915.07,"22,080.93"
ID13282,27-Mar-2026,ATM Withdrawal,0.00,482.12,"12,680.11"
ID13282,20-Jan-2026,Direct Deposit,"4,983.44",0.00,"69,430.73"
ID13282,03-Feb-2026,Interest,342.78,0.00,"19,760.03"
ID13282,12-Mar-2026,Reversal,"1,486.97",0.00,"56,233.84"
ID13282,01-Feb-2026,ATM Withdrawal,0.00,440.89,"8,587.04"
ID13282,03-Apr-2026,Interest,173.80,0.00,"40,641.10"
ID13282,20-Jan-2026,Interest,441.44,0.00,"7,054.93"
ID13282,07-Mar-2026,ATM Withdrawal,0.00,890.75,"20,726.12"
ID13282,13-Mar-2026,Interest,206.79,0.00,"72,054.32"
ID13282,20-Feb-2026,ATM Withdrawal,0.00,657.25,"33,339.20"
ID13282,05-Jan-2026,Payment,491.52,0.00,"34,406.22"
ID13282,06-Jan-2026,Charge,0.00,559.08,"25,712.30"
ID13282,05-Jan-2026,ATM Withdrawal,0.00,20.76,"44,204.70"
ID13282,05-Jan-2026,Direct Deposit,"4,716.35",0.00,"6,155.85"
ID13282,04-Feb-2026,Debit Card,0.00,585.48,"99,731.56"
ID13282,19-Feb-2026,Interest,133.26,0.00,"77,026.57"
ID13283,31-Mar-2026,Debit Card,0.00,689.06,"39,164.23"
ID13283,30-Jan-2026,Reversal,0.00,366.07,"45,786.41"
ID13283,28-Jan-2026,Direct Deposit,"4,623.38",0.00,"10,623.90"
ID13283,05-Feb-2026,Transfer,"1,146.66",0.00,"41,369.30"
ID13283,31-Jan-2026,ATM Withdrawal,0.00,790.24,"12,209.06"
ID13283,07-Jan-2026,Interest,90.80,0.00,"43,133.05"
ID13283,04-Jan-2026,Transfer,636.37,0.00,"35,624.22"
ID13283,01-Apr-2026,Charge,0.00,452.07,"62,944.83"
ID13283,26-Feb-2026,Payment,0.00,243.72,"26,752.95"
ID13283,05-Mar-2026,ATM Withdrawal,0.00,550.54,"23,333.58"
ID13283,16-Mar-2026,Debit Card,0.00,325.27,"89,898.76"
ID13283,24-Jan-2026,Reversal,"1,758.98",0.00,"97,535.30"
ID13283,01-Apr-2026,Payment,"1,458.97",0.00,"48,743.74"
ID13283,22-Jan-2026,Debit Card,0.00,884.58,"70,792.70"
ID13283,18-Mar-2026,Transfer,"1,850.68",0.00,"59,348.91"
ID13283,15-Feb-2026,Debit Card,0.00,822.83,"66,480.37"
ID13283,05-Feb-2026,Payment,0.00,"1,008.00","77,965.79"
ID13283,18-Mar-2026,Charge,0.00,779.50,"72,604.91"
ID13283,03-Feb-2026,ATM Withdrawal,0.00,293.14,"86,387.56"
ID13283,30-Jan-2026,ATM Withdrawal,0.00,988.89,"18,010.87"
ID13284,21-Jan-2026,Transfer,746.68,0.00,"15,665.86"
ID13284,22-Jan-2026,ATM Withdrawal,0.00,424.55,"3,030.38"
ID13284,06-Mar-2026,Debit Card,0.00,263.28,"44,000.36"
ID13284,02-Apr-2026,Direct Deposit,"4,676.57",0.00,"16,401.89"
ID13284,21-Feb-2026,ATM Withdrawal,0.00,383.06,"36,364.45"
ID13284,17-Mar-2026,Charge,0.00,186.47,"84,458.92"
ID13284,14-Jan-2026,ATM Withdrawal,0.00,337.88,"41,107.33"
ID13284,15-Feb-2026,Interest,352.37,0.00,"83,560.55"
ID13284,31-Jan-2026,Payment,0.00,72.13,"98,951.25"
ID13284,21-Mar-2026,Direct Deposit,"2,604.01",0.00,"52,769.63"
ID13284,27-Mar-2026,Charge,0.00,218.39,"61,981.46"
ID13284,04-Mar-2026,Transfer,"1,104.52",0.00,"86,671.33"
ID13284,07-Feb-2026,Transfer,0.00,"1,066.89","37,486.53"
ID13284,16-Mar-2026,Charge,0.00,275.15,"68,745.10"
ID13284,09-Jan-2026,ATM Withdrawal,0.00,713.10,"78,126.99"
ID13284,20-Feb-2026,Payment,"1,812.46",0.00,"13,046.85"
ID13284,09-Mar-2026,Direct Deposit,"4,635.79",0.00,"21,819.41"
ID13284,27-Mar-2026,Interest,180.17,0.00,"83,490.50"
ID13284,09-Jan-2026,ATM Withdrawal,0.00,384.03,"57,832.64"
ID13284,10-Mar-2026,Debit Card,0.00,637.58,"79,762.22"
ID13285,04-Mar-2026,Transfer,"1,935.32",0.00,"56,399.05"
ID13285,02-Apr-2026,Transfer,0.00,280.43,"52,997.72"
ID13285,08-Feb-2026,ATM Withdrawal,0.00,33.93,"50,455.54"
ID13285,22-Jan-2026,Interest,30.44,0.00,"62,704.11"
ID13285,03-Jan-2026,Payment,0.00,363.08,"97,719.51"
ID13285,27-Jan-2026,Payment,"1,137.92",0.00,"17,634.42"
ID13285,27-Feb-2026,Charge,0.00,212.86,"63,004.32"
ID13285,30-Jan-2026,Charge,0.00,878.56,"54,077.36"
ID13285,10-Mar-2026,Direct Deposit,935.86,0.00,"8,906.42"
ID13285,17-Feb-2026,Reversal,529.94,0.00,"5,694.67"
ID13285,14-Feb-2026,Charge,0.00,923.45,"77,511.75"
ID13285,15-Mar-2026,ATM Withdrawal,0.00,929.94,"58,460.19"
ID13285,23-Feb-2026,Payment,"1,165.41",0.00,"31,981.25"
ID13285,10-Jan-2026,Transfer,416.72,0.00,"86,977.07"
ID13285,30-Jan-2026,Direct Deposit,"2,677.16",0.00,"43,109.23"
ID13285,06-Mar-2026,ATM Withdrawal,0.00,618.73,"62,999.14"
ID13285,11-Mar-2026,Payment,0.00,"1,401.24","32,484.89"
ID13285,28-Jan-2026,Reversal,0.00,315.33,"48,595.70"
ID13285,26-Jan-2026,Reversal,0.00,398.41,"62,225.03"
ID13285,04-Feb-2026,Charge,0.00,146.31,"50,259.47"
ID13286,05-Mar-2026,Interest,235.79,0.00,"98,171.11"
ID13286,05-Mar-2026,Reversal,0.00,"1,498.67","4,479.85"
ID13286,06-Feb-2026,ATM Withdrawal,0.00,106.53,"67,457.45"
ID13286,27-Feb-2026,Reversal,0.00,186.30,"34,316.18"
ID13286,08-Feb-2026,Charge,0.00,521.59,"46,954.66"
ID13286,23-Feb-2026,Interest,276.47,0.00,"26,767.26"
ID13286,20-Jan-2026,Reversal,506.29,0.00,"49,260.49"
ID13286,09-Jan-2026,ATM Withdrawal,0.00,634.82,"40,086.30"
ID13286,31-Mar-2026,ATM Withdrawal,0.00,97.88,"90,200.93"
ID13286,07-Feb-2026,Charge,0.00,563.85,"78,341.80"
ID13286,22-Mar-2026,Transfer,0.00,65.65,"77,287.18"
ID13286,18-Feb-2026,Interest,385.56,0.00,"13,744.16"
ID13286,11-Jan-2026,ATM Withdrawal,0.00,417.89,"52,857.52"
ID13286,12-Mar-2026,Debit Card,0.00,289.57,"36,081.27"
ID13286,11-Feb-2026,Transfer,678.76,0.00,"90,419.11"
ID13286,18-Feb-2026,Direct Deposit,"1,461.53",0.00,"39,259.73"
ID13286,07-Jan-2026,Payment,"1,782.00",0.00,"59,013.18"
ID13286,08-Mar-2026,Debit Card,0.00,289.12,"40,625.60"
ID13286,26-Mar-2026,ATM Withdrawal,0.00,699.96,"76,387.73"
ID13286,25-Mar-2026,Reversal,0.00,"1,276.39","50,745.46"
ID13287,15-Jan-2026,ATM Withdrawal,0.00,132.74,"11,858.23"
ID13287,01-Apr-2026,Reversal,927.40,0.00,"3,532.99"
ID13287,25-Jan-2026,Interest,246.90,0.00,"53,812.49"
ID13287,16-Feb-2026,Direct Deposit,"3,549.58",0.00,"29,915.13"
ID13287,26-Mar-2026,ATM Withdrawal,0.00,750.91,"31,831.71"
ID13287,15-Mar-2026,Payment,0.00,447.50,"53,753.75"
ID13287,28-Feb-2026,Charge,0.00,948.85,"37,152.21"
ID13287,09-Jan-2026,Transfer,420.64,0.00,"86,733.82"
ID13287,25-Mar-2026,Direct Deposit,"4,516.73",0.00,"99,507.00"
ID13287,25-Mar-2026,Charge,0.00,305.02,"18,087.82"
ID13287,13-Jan-2026,Payment,"1,954.10",0.00,"18,541.87"
ID13287,22-Feb-2026,Interest,323.98,0.00,"31,224.40"
ID13287,08-Mar-2026,Direct Deposit,"2,189.42",0.00,"20,649.58"
ID13287,29-Mar-2026,Direct Deposit,"2,743.93",0.00,"2,728.14"
ID13287,21-Feb-2026,Interest,497.47,0.00,"62,436.09"
ID13287,09-Mar-2026,Reversal,"1,151.25",0.00,"88,043.87"
ID13287,13-Feb-2026,Payment,0.00,"1,048.57","6,832.08"
ID13287,10-Mar-2026,Payment,0.00,"1,086.20","83,925.39"
ID13287,31-Mar-2026,Reversal,0.00,295.77,"36,678.09"
ID13287,21-Mar-2026,Transfer,252.82,0.00,"93,592.46"
ID13288,18-Jan-2026,Payment,"1,105.80",0.00,"86,481.44"
ID13288,27-Mar-2026,Debit Card,0.00,557.03,"99,664.67"
ID13288,10-Feb-2026,Reversal,0.00,509.91,"89,412.16"
ID13288,12-Mar-2026,Debit Card,0.00,760.04,"70,627.91"
ID13288,29-Mar-2026,Interest,495.05,0.00,"95,524.94"
ID13288,22-Jan-2026,Debit Card,0.00,792.83,"54,987.23"
ID13288,06-Mar-2026,Debit Card,0.00,677.22,"55,248.84"
ID13288,10-Feb-2026,Reversal,626.60,0.00,"42,987.09"
ID13288,02-Mar-2026,Payment,"1,808.46",0.00,"59,581.94"
ID13288,09-Feb-2026,Transfer,157.90,0.00,"28,465.85"
ID13288,18-Jan-2026,Payment,224.35,0.00,"63,929.15"
ID13288,14-Mar-2026,Charge,0.00,14.02,"73,270.26"
ID13288,22-Jan-2026,ATM Withdrawal,0.00,865.88,"28,141.23"
ID13288,31-Jan-2026,Reversal,484.07,0.00,"9,403.11"
ID13288,26-Jan-2026,Interest,132.91,0.00,"6,240.31"
ID13288,03-Mar-2026,Direct Deposit,818.92,0.00,"27,356.49"
ID13288,20-Feb-2026,ATM Withdrawal,0.00,520.36,"38,630.58"
ID13288,31-Mar-2026,Transfer,930.09,0.00,"92,496.13"
ID13288,26-Feb-2026,ATM Withdrawal,0.00,929.13,"22,380.79"
ID13288,19-Jan-2026,ATM Withdrawal,0.00,295.89,"37,504.04"
ID13289,18-Feb-2026,Payment,0.00,915.90,"29,154.98"
ID13289,10-Mar-2026,Transfer,722.95,0.00,"2,670.08"
ID13289,24-Feb-2026,Debit Card,0.00,381.45,"63,889.57"
ID13289,20-Mar-2026,Interest,440.01,0.00,"85,637.69"
ID13289,24-Jan-2026,Debit Card,0.00,926.61,"73,887.58"
ID13289,27-Mar-2026,Payment,"1,916.95",0.00,"53,864.55"
ID13289,12-Mar-2026,Debit Card,0.00,602.62,"26,205.19"
ID13289,20-Jan-2026,Payment,"1,831.68",0.00,"59,609.29"
ID13289,31-Jan-2026,ATM Withdrawal,0.00,423.44,"80,684.91"
ID13289,04-Feb-2026,ATM Withdrawal,0.00,215.29,"6,000.19"
ID13289,20-Jan-2026,Debit Card,0.00,888.31,"70,740.32"
ID13289,13-Jan-2026,Charge,0.00,43.66,"67,104.51"
ID13289,21-Mar-2026,Interest,263.86,0.00,"34,584.72"
ID13289,19-Feb-2026,Payment,"1,203.62",0.00,"26,766.69"
ID13289,12-Mar-2026,Transfer,0.00,209.82,"40,394.61"
ID13289,05-Mar-2026,Interest,147.73,0.00,"43,645.76"
ID13289,16-Mar-2026,Debit Card,0.00,381.47,"3,209.60"
ID13289,13-Jan-2026,Payment,0.00,"1,294.59","33,471.69"
ID13289,04-Jan-2026,Transfer,"1,304.50",0.00,"31,892.45"
ID13289,18-Mar-2026,Direct Deposit,"4,078.06",0.00,"76,683.82"
ID13290,20-Jan-2026,Charge,0.00,561.07,"89,694.00"
ID13290,24-Mar-2026,Payment,0.00,146.75,"85,285.86"
ID13290,27-Mar-2026,ATM Withdrawal,0.00,448.10,"86,033.57"
ID13290,20-Mar-2026,Charge,0.00,954.70,"14,857.45"
ID13290,24-Feb-2026,ATM Withdrawal,0.00,943.76,"21,342.49"
ID13290,28-Mar-2026,Direct Deposit,"3,550.59",0.00,"50,619.75"
ID13290,16-Feb-2026,Debit Card,0.00,363.78,"95,845.27"
ID13290,20-Feb-2026,Direct Deposit,"2,333.09",0.00,"27,123.59"
ID13290,25-Mar-2026,Debit Card,0.00,148.54,"42,413.12"
ID13290,08-Jan-2026,Transfer,613.80,0.00,"34,476.69"
ID13290,20-Feb-2026,Direct Deposit,"3,218.82",0.00,"31,049.08"
ID13290,26-Mar-2026,Charge,0.00,750.87,"63,347.08"
ID13290,28-Feb-2026,Interest,325.57,0.00,"54,681.86"
ID13290,03-Feb-2026,Charge,0.00,767.56,"47,336.00"
ID13290,23-Jan-2026,Reversal,352.32,0.00,"40,445.64"
ID13290,23-Mar-2026,Debit Card,0.00,550.35,"87,601.62"
ID13290,10-Mar-2026,Interest,478.86,0.00,"96,845.69"
ID13290,14-Mar-2026,Debit Card,0.00,362.85,"94,348.10"
ID13290,18-Feb-2026,Payment,0.00,426.31,"3,723.44"
ID13290,15-Mar-2026,Payment,"1,391.97",0.00,"4,628.47"
ID13291,19-Jan-2026,Payment,0.00,"1,228.70","41,281.65"
ID13291,05-Jan-2026,Transfer,0.00,"1,378.34","95,426.11"
ID13291,14-Jan-2026,Charge,0.00,407.02,"92,310.16"
ID13291,16-Feb-2026,Reversal,"1,240.99",0.00,"64,243.67"
ID13291,05-Feb-2026,Charge,0.00,831.89,"88,667.57"
ID13291,30-Mar-2026,Debit Card,0.00,71.70,"38,753.00"
ID13291,09-Feb-2026,Payment,0.00,282.83,"10,065.69"
ID13291,23-Jan-2026,Transfer,0.00,134.78,"12,388.39"
ID13291,17-Jan-2026,Transfer,0.00,"1,427.05","57,853.62"
ID13291,26-Feb-2026,Reversal,"1,667.06",0.00,"2,926.91"
ID13291,04-Jan-2026,Payment,0.00,418.66,"80,462.72"
ID13291,09-Feb-2026,Transfer,"1,910.98",0.00,"39,659.24"
ID13291,31-Mar-2026,Transfer,"1,658.15",0.00,"13,305.16"
ID13291,02-Mar-2026,ATM Withdrawal,0.00,469.80,"19,098.32"
ID13291,19-Mar-2026,Debit Card,0.00,635.61,"44,351.15"
ID13291,17-Feb-2026,Direct Deposit,"3,934.75",0.00,"7,880.92"
ID13291,06-Feb-2026,Charge,0.00,134.89,"20,518.31"
ID13291,13-Jan-2026,ATM Withdrawal,0.00,403.31,"97,305.96"
ID13291,06-Feb-2026,Debit Card,0.00,792.68,"13,791.05"
ID13291,04-Jan-2026,Transfer,773.35,0.00,"79,924.49"
ID13292,25-Jan-2026,Debit Card,0.00,51.55,"50,474.27"
ID13292,29-Mar-2026,Interest,481.79,0.00,"28,015.38"
ID13292,06-Jan-2026,Interest,206.11,0.00,"90,586.94"
ID13292,10-Mar-2026,Debit Card,0.00,461.30,"1,484.40"
ID13292,16-Jan-2026,Transfer,745.59,0.00,"74,644.57"
ID13292,25-Jan-2026,Interest,18.11,0.00,"92,513.93"
ID13292,16-Mar-2026,Interest,365.53,0.00,"2,507.85"
ID13292,01-Mar-2026,Interest,215.84,0.00,"31,374.76"
ID13292,25-Jan-2026,ATM Withdrawal,0.00,319.90,"36,665.06"
ID13292,30-Mar-2026,Transfer,"1,732.65",0.00,"82,995.31"
ID13292,07-Feb-2026,Reversal,"1,522.54",0.00,"1,913.71"
ID13292,18-Jan-2026,ATM Withdrawal,0.00,315.04,"64,347.32"
ID13292,30-Jan-2026,Transfer,0.00,353.10,"90,261.73"
ID13292,15-Feb-2026,Transfer,0.00,"1,223.48","65,521.58"
ID13292,19-Jan-2026,Reversal,874.79,0.00,"70,105.28"
ID13292,24-Jan-2026,Debit Card,0.00,707.30,"69,698.46"
ID13292,09-Mar-2026,Transfer,807.44,0.00,"14,647.89"
ID13292,21-Feb-2026,ATM Withdrawal,0.00,183.08,"23,979.59"
ID13292,29-Mar-2026,Transfer,0.00,248.10,"4,058.43"
ID13292,25-Mar-2026,Direct Deposit,"1,867.58",0.00,"59,964.01"
ID13293,28-Mar-2026,ATM Withdrawal,0.00,285.15,"22,545.61"
ID13293,29-Jan-2026,Debit Card,0.00,639.26,"70,604.49"
ID13293,10-Jan-2026,Transfer,"1,233.63",0.00,"67,735.70"
ID13293,25-Mar-2026,ATM Withdrawal,0.00,675.71,"51,229.92"
ID13293,03-Apr-2026,Interest,246.62,0.00,"40,729.42"
ID13293,08-Feb-2026,ATM Withdrawal,0.00,916.94,"73,680.90"
ID13293,05-Feb-2026,Transfer,"1,890.58",0.00,"4,009.57"
ID13293,25-Jan-2026,Reversal,398.10,0.00,"38,643.58"
ID13293,05-Jan-2026,Charge,0.00,323.58,"71,522.33"
ID13293,07-Jan-2026,Charge,0.00,385.81,"65,357.45"
ID13293,17-Feb-2026,Transfer,0.00,"1,429.48","70,751.77"
ID13293,12-Jan-2026,Charge,0.00,929.36,"88,597.32"
ID13293,01-Feb-2026,Charge,0.00,657.69,"6,380.64"
ID13293,30-Jan-2026,Reversal,0.00,439.91,"45,447.48"
ID13293,05-Feb-2026,Transfer,602.20,0.00,"88,846.85"
ID13293,09-Feb-2026,ATM Withdrawal,0.00,720.85,"41,395.84"
ID13293,20-Mar-2026,Debit Card,0.00,429.79,"81,499.48"
ID13293,09-Jan-2026,ATM Withdrawal,0.00,416.49,"33,513.41"
ID13293,21-Mar-2026,Charge,0.00,269.55,"76,717.76"
ID13293,22-Jan-2026,Interest,489.99,0.00,"20,477.35"
ID13294,17-Mar-2026,ATM Withdrawal,0.00,42.21,"42,377.78"
ID13294,24-Mar-2026,Debit Card,0.00,904.67,"20,001.96"
ID13294,12-Feb-2026,Transfer,"1,358.02",0.00,"57,366.80"
ID13294,06-Feb-2026,Direct Deposit,"2,870.91",0.00,"76,790.80"
ID13294,18-Jan-2026,Interest,417.30,0.00,"12,631.74"
ID13294,25-Jan-2026,Debit Card,0.00,624.88,"91,081.35"
ID13294,14-Jan-2026,Debit Card,0.00,496.94,"43,451.88"
ID13294,19-Feb-2026,Payment,0.00,"1,320.65","87,379.27"
ID13294,06-Mar-2026,Reversal,0.00,676.60,"52,517.41"
ID13294,28-Mar-2026,Charge,0.00,266.01,"73,369.78"
ID13294,23-Jan-2026,Debit Card,0.00,723.62,"31,437.11"
ID13294,18-Feb-2026,ATM Withdrawal,0.00,139.86,"75,611.82"
ID13294,01-Apr-2026,Payment,169.02,0.00,"6,843.02"
ID13294,30-Mar-2026,Payment,330.98,0.00,"2,063.73"
ID13294,21-Jan-2026,Debit Card,0.00,470.09,"84,759.00"
ID13294,04-Feb-2026,Payment,0.00,292.63,"35,231.79"
ID13294,01-Apr-2026,Charge,0.00,955.49,"2,864.19"
ID13294,23-Feb-2026,Direct Deposit,"3,191.14",0.00,"57,092.82"
ID13294,02-Apr-2026,ATM Withdrawal,0.00,596.39,"89,213.75"
ID13294,27-Feb-2026,Direct Deposit,"4,579.80",0.00,"19,843.78"
ID13295,15-Jan-2026,Interest,67.23,0.00,"55,444.25"
ID13295,01-Apr-2026,Payment,267.50,0.00,"74,255.53"
ID13295,19-Jan-2026,Reversal,"1,611.53",0.00,"62,095.23"
ID13295,23-Jan-2026,Interest,467.35,0.00,"59,078.85"
ID13295,11-Mar-2026,Transfer,0.00,"1,468.68","40,009.25"
ID13295,04-Feb-2026,Payment,0.00,"1,364.73","85,424.97"
ID13295,16-Jan-2026,Direct Deposit,"1,007.01",0.00,"94,694.12"
ID13295,19-Feb-2026,ATM Withdrawal,0.00,935.05,"73,330.65"
ID13295,21-Mar-2026,Direct Deposit,"2,767.06",0.00,"92,525.54"
ID13295,05-Feb-2026,Direct Deposit,"2,289.84",0.00,"23,957.49"
ID13295,06-Jan-2026,Direct Deposit,"4,869.71",0.00,"15,830.91"
ID13295,01-Mar-2026,Interest,182.71,0.00,"84,543.90"
ID13295,30-Mar-2026,Direct Deposit,"4,981.11",0.00,"3,575.58"
ID13295,23-Feb-2026,Direct Deposit,"3,960.90",0.00,"60,402.06"
ID13295,24-Feb-2026,Payment,0.00,441.84,"22,572.40"
ID13295,12-Feb-2026,Payment,0.00,73.10,"44,890.27"
ID13295,17-Jan-2026,Payment,0.00,"1,330.82","92,835.30"
ID13295,27-Feb-2026,Reversal,0.00,575.46,"49,648.00"
ID13295,10-Jan-2026,Payment,666.26,0.00,"44,548.64"
ID13295,04-Feb-2026,Interest,69.57,0.00,"4,803.79"
ID13296,28-Jan-2026,Interest,226.00,0.00,"68,325.35"
ID13296,07-Feb-2026,Interest,325.94,0.00,"78,383.18"
ID13296,27-Jan-2026,Reversal,768.64,0.00,"5,987.40"
ID13296,15-Jan-2026,Payment,0.00,247.72,"92,469.30"
ID13296,09-Mar-2026,Debit Card,0.00,629.27,"38,155.91"
ID13296,15-Mar-2026,Interest,382.78,0.00,"15,367.53"
ID13296,24-Jan-2026,Payment,0.00,460.42,"14,109.94"
ID13296,23-Jan-2026,Interest,187.13,0.00,"99,107.15"
ID13296,19-Feb-2026,Charge,0.00,378.16,"35,375.39"
ID13296,26-Jan-2026,Payment,0.00,392.86,"42,956.96"
ID13296,13-Feb-2026,ATM Withdrawal,0.00,572.21,"20,130.33"
ID13296,31-Jan-2026,Payment,169.65,0.00,"25,505.43"
ID13296,14-Mar-2026,Charge,0.00,814.70,"22,706.27"
ID13296,25-Feb-2026,Charge,0.00,807.99,"9,474.90"
ID13296,03-Mar-2026,Debit Card,0.00,548.51,"25,457.37"
ID13296,09-Mar-2026,Reversal,0.00,111.75,"71,218.45"
ID13296,14-Jan-2026,Transfer,0.00,718.25,"54,597.38"
ID13296,10-Feb-2026,Charge,0.00,52.97,"48,468.31"
ID13296,23-Mar-2026,Interest,212.60,0.00,"47,035.35"
ID13296,18-Jan-2026,Interest,164.90,0.00,"47,178.06"
ID13297,21-Mar-2026,Interest,321.44,0.00,"20,070.41"
ID13297,24-Jan-2026,Debit Card,0.00,499.59,"21,931.31"
ID13297,13-Feb-2026,Debit Card,0.00,927.67,"69,373.58"
ID13297,23-Feb-2026,ATM Withdrawal,0.00,189.72,"96,967.01"
ID13297,12-Feb-2026,Reversal,"1,275.03",0.00,"91,542.18"
ID13297,26-Mar-2026,Direct Deposit,805.00,0.00,"71,073.94"
ID13297,20-Jan-2026,Debit Card,0.00,450.47,"8,916.86"
ID13297,02-Apr-2026,ATM Withdrawal,0.00,269.88,"62,690.63"
ID13297,19-Feb-2026,Interest,163.39,0.00,"7,619.67"
ID13297,10-Mar-2026,Transfer,"1,725.93",0.00,"41,822.54"
ID13297,19-Mar-2026,Interest,249.07,0.00,"74,684.58"
ID13297,25-Feb-2026,Interest,426.96,0.00,"56,070.57"
ID13297,27-Feb-2026,Debit Card,0.00,850.08,"9,429.13"
ID13297,23-Jan-2026,Debit Card,0.00,276.13,"4,229.28"
ID13297,09-Jan-2026,ATM Withdrawal,0.00,39.38,"76,916.50"
ID13297,18-Jan-2026,Payment,0.00,531.70,"28,444.11"
ID13297,16-Mar-2026,Direct Deposit,"4,136.02",0.00,"96,596.37"
ID13297,07-Mar-2026,Payment,"1,889.39",0.00,"74,798.14"
ID13297,26-Mar-2026,ATM Withdrawal,0.00,278.11,"97,186.68"
ID13297,21-Mar-2026,Interest,37.31,0.00,"62,790.74"
ID13298,06-Feb-2026,Debit Card,0.00,153.00,"7,676.08"
ID13298,05-Feb-2026,Interest,191.67,0.00,"31,839.38"
ID13298,17-Jan-2026,Payment,0.00,474.49,"48,103.21"
ID13298,03-Apr-2026,Debit Card,0.00,181.75,"68,369.00"
ID13298,22-Feb-2026,Interest,66.60,0.00,"18,932.36"
ID13298,18-Mar-2026,Charge,0.00,871.34,"34,884.54"
ID13298,10-Jan-2026,ATM Withdrawal,0.00,413.68,"62,209.50"
ID13298,17-Feb-2026,Direct Deposit,"4,887.18",0.00,"34,253.40"
ID13298,01-Apr-2026,ATM Withdrawal,0.00,484.70,"54,842.59"
ID13298,07-Mar-2026,Charge,0.00,800.66,"46,642.77"
ID13298,09-Mar-2026,Interest,437.65,0.00,"34,486.12"
ID13298,02-Apr-2026,Payment,0.00,832.80,"38,480.20"
ID13298,17-Mar-2026,Payment,909.07,0.00,"88,393.92"
ID13298,13-Mar-2026,Debit Card,0.00,586.89,"45,300.53"
ID13298,04-Jan-2026,Transfer,0.00,783.06,"89,799.63"
ID13298,28-Mar-2026,Transfer,342.50,0.00,"9,148.21"
ID13298,29-Jan-2026,ATM Withdrawal,0.00,319.78,"83,106.23"
ID13298,11-Jan-2026,Reversal,0.00,"1,321.56","73,143.34"
ID13298,18-Feb-2026,Charge,0.00,78.95,"95,354.94"
ID13298,20-Jan-2026,Direct Deposit,"1,787.46",0.00,"20,319.93"
ID13299,05-Mar-2026,Charge,0.00,47.31,"67,529.80"
ID13299,26-Jan-2026,ATM Withdrawal,0.00,340.24,"83,580.69"
ID13299,09-Mar-2026,Direct Deposit,"3,651.60",0.00,"27,621.69"
ID13299,12-Feb-2026,Reversal,551.29,0.00,"19,462.12"
ID13299,10-Mar-2026,Charge,0.00,972.54,"16,523.51"
ID13299,21-Jan-2026,Charge,0.00,799.76,"14,678.00"
ID13299,11-Jan-2026,Direct Deposit,"3,422.06",0.00,"5,549.81"
ID13299,29-Mar-2026,Debit Card,0.00,98.71,"3,219.51"
ID13299,16-Mar-2026,Reversal,0.00,397.33,"52,931.33"
ID13299,30-Mar-2026,Transfer,0.00,"1,161.36","17,547.19"
ID13299,20-Mar-2026,Interest,265.80,0.00,"5,304.04"
ID13299,15-Mar-2026,Debit Card,0.00,185.82,"95,081.26"
ID13299,02-Feb-2026,Debit Card,0.00,674.32,"70,000.45"
ID13299,26-Jan-2026,Debit Card,0.00,991.19,"74,921.95"
ID13299,16-Mar-2026,Reversal,0.00,319.28,"80,802.31"
ID13299,05-Mar-2026,Interest,62.05,0.00,"47,255.29"
ID13299,17-Feb-2026,Reversal,"1,011.68",0.00,"67,414.52"
ID13299,02-Mar-2026,Reversal,0.00,"1,309.99","64,186.15"
ID13299,30-Mar-2026,Charge,0.00,172.07,"74,540.51"
ID13299,19-Mar-2026,Reversal,742.23,0.00,"29,514.04"
ID13300,25-Jan-2026,Interest,288.08,0.00,"50,320.07"
ID13300,11-Mar-2026,Interest,141.59,0.00,"63,001.69"
ID13300,22-Mar-2026,Payment,700.35,0.00,"99,764.54"
ID13300,26-Jan-2026,Interest,365.31,0.00,"98,955.92"
ID13300,23-Jan-2026,ATM Withdrawal,0.00,383.32,"63,519.63"
ID13300,11-Jan-2026,Debit Card,0.00,380.57,"61,272.39"
ID13300,27-Feb-2026,Charge,0.00,333.28,"69,466.01"
ID13300,22-Feb-2026,Payment,0.00,926.87,"2,638.09"
ID13300,30-Mar-2026,ATM Withdrawal,0.00,875.04,"74,511.78"
ID13300,26-Feb-2026,Payment,0.00,"1,336.91","14,595.34"
ID13300,02-Apr-2026,ATM Withdrawal,0.00,870.80,"76,351.70"
ID13300,03-Feb-2026,Reversal,"1,177.31",0.00,"86,973.15"
ID13300,05-Mar-2026,Payment,"1,425.11",0.00,"65,474.58"
ID13300,08-Jan-2026,Reversal,"1,551.88",0.00,"63,896.32"
ID13300,23-Feb-2026,Payment,0.00,53.84,"55,296.43"
ID13300,05-Jan-2026,ATM Withdrawal,0.00,769.52,"84,000.79"
ID13300,29-Jan-2026,Direct Deposit,"2,120.56",0.00,"68,634.32"
ID13300,06-Jan-2026,Interest,441.91,0.00,"21,823.33"
ID13300,23-Jan-2026,Direct Deposit,"3,807.46",0.00,"68,115.75"
ID13300,06-Mar-2026,Debit Card,0.00,552.56,"68,256.68"
ID13301,10-Feb-2026,Reversal,0.00,374.26,"81,466.99"
ID13301,18-Mar-2026,Debit Card,0.00,782.21,"6,283.05"
ID13301,08-Feb-2026,Reversal,0.00,803.34,"78,105.48"
ID13301,16-Feb-2026,Direct Deposit,"4,749.82",0.00,"13,407.55"
ID13301,05-Mar-2026,Payment,0.00,869.83,"41,537.45"
ID13301,16-Feb-2026,Transfer,0.00,245.47,"55,376.99"
ID13301,20-Jan-2026,Interest,336.90,0.00,"48,292.49"
ID13301,05-Jan-2026,Payment,774.46,0.00,"70,691.23"
ID13301,04-Mar-2026,Debit Card,0.00,811.27,"69,445.16"
ID13301,10-Jan-2026,Direct Deposit,784.36,0.00,"85,106.64"
ID13301,11-Jan-2026,ATM Withdrawal,0.00,385.33,"26,597.19"
ID13301,14-Feb-2026,Reversal,189.76,0.00,"65,260.00"
ID13301,28-Jan-2026,Debit Card,0.00,854.48,"16,252.82"
ID13301,12-Jan-2026,Charge,0.00,28.08,"33,026.54"
ID13301,28-Feb-2026,Interest,150.55,0.00,"39,555.33"
ID13301,10-Mar-2026,Transfer,0.00,62.38,"82,607.31"
ID13301,15-Mar-2026,Debit Card,0.00,246.11,"77,210.67"
ID13301,10-Mar-2026,Reversal,0.00,695.83,"11,613.77"
ID13301,06-Jan-2026,Charge,0.00,444.08,"24,164.68"
ID13301,17-Jan-2026,Reversal,956.60,0.00,"62,591.63"
ID13302,01-Mar-2026,Direct Deposit,"1,383.19",0.00,"81,604.23"
ID13302,01-Mar-2026,Debit Card,0.00,342.26,"93,549.06"
ID13302,07-Feb-2026,ATM Withdrawal,0.00,928.47,"79,993.06"
ID13302,28-Feb-2026,Payment,"1,153.76",0.00,"82,736.20"
ID13302,05-Jan-2026,ATM Withdrawal,0.00,290.08,"5,497.41"
ID13302,02-Mar-2026,Debit Card,0.00,640.48,"6,813.38"
ID13302,26-Feb-2026,ATM Withdrawal,0.00,759.26,"60,764.05"
ID13302,11-Feb-2026,Charge,0.00,817.51,"79,317.07"
ID13302,20-Mar-2026,Reversal,0.00,73.26,"6,102.69"
ID13302,26-Feb-2026,Interest,183.54,0.00,"87,005.51"
ID13302,16-Jan-2026,Payment,530.91,0.00,"81,727.19"
ID13302,25-Mar-2026,Debit Card,0.00,390.08,"99,182.68"
ID13302,16-Jan-2026,Charge,0.00,222.08,"28,323.20"
ID13302,13-Jan-2026,Payment,408.03,0.00,"46,161.50"
ID13302,03-Apr-2026,Transfer,"1,617.00",0.00,"90,882.97"
ID13302,28-Jan-2026,ATM Withdrawal,0.00,315.53,"54,692.63"
ID13302,07-Feb-2026,ATM Withdrawal,0.00,986.33,"96,391.18"
ID13302,17-Jan-2026,ATM Withdrawal,0.00,250.05,"18,451.55"
ID13302,22-Feb-2026,Reversal,0.00,"1,487.60","68,590.21"
ID13302,26-Jan-2026,Payment,"1,543.33",0.00,"26,032.54"
ID13303,04-Feb-2026,ATM Withdrawal,0.00,667.87,"1,996.89"
ID13303,19-Mar-2026,Payment,796.84,0.00,"52,932.82"
ID13303,16-Jan-2026,Payment,572.05,0.00,"18,971.45"
ID13303,29-Jan-2026,Interest,300.48,0.00,"40,923.17"
ID13303,09-Feb-2026,Debit Card,0.00,218.58,"9,380.90"
ID13303,26-Jan-2026,Interest,491.57,0.00,"72,591.62"
ID13303,04-Feb-2026,Interest,447.15,0.00,"17,097.73"
ID13303,18-Mar-2026,Reversal,0.00,894.77,"58,249.66"
ID13303,30-Mar-2026,Transfer,946.88,0.00,"66,332.90"
ID13303,10-Mar-2026,Debit Card,0.00,390.52,"38,418.49"
ID13303,31-Mar-2026,ATM Withdrawal,0.00,672.15,"83,737.72"
ID13303,10-Jan-2026,Transfer,"1,678.21",0.00,"50,597.16"
ID13303,12-Jan-2026,Transfer,274.03,0.00,"46,231.72"
ID13303,27-Feb-2026,Reversal,"1,816.38",0.00,"32,027.04"
ID13303,02-Apr-2026,ATM Withdrawal,0.00,85.37,"36,648.59"
ID13303,15-Mar-2026,Payment,"1,527.52",0.00,"73,674.68"
ID13303,01-Feb-2026,Reversal,"1,312.27",0.00,"19,489.68"
ID13303,09-Mar-2026,Direct Deposit,"3,290.80",0.00,"37,385.62"
ID13303,25-Mar-2026,Charge,0.00,343.55,"51,457.21"
ID13303,21-Mar-2026,ATM Withdrawal,0.00,227.01,"42,727.74"
ID13304,04-Jan-2026,Direct Deposit,"3,486.72",0.00,"98,795.84"
ID13304,07-Feb-2026,Interest,445.66,0.00,"6,685.03"
ID13304,14-Jan-2026,Direct Deposit,"1,889.30",0.00,"81,741.60"
ID13304,14-Feb-2026,Debit Card,0.00,254.47,"98,820.60"
ID13304,02-Mar-2026,Debit Card,0.00,134.67,"33,011.99"
ID13304,25-Mar-2026,Reversal,0.00,432.00,"30,093.04"
ID13304,29-Jan-2026,ATM Withdrawal,0.00,187.33,"2,435.54"
ID13304,31-Jan-2026,Interest,464.79,0.00,"78,831.57"
ID13304,31-Jan-2026,Debit Card,0.00,17.53,"31,702.88"
ID13304,26-Mar-2026,Payment,0.00,760.40,"22,810.30"
ID13304,19-Mar-2026,Payment,267.48,0.00,"68,695.10"
ID13304,19-Mar-2026,Interest,373.14,0.00,"54,563.48"
ID13304,09-Feb-2026,Interest,254.41,0.00,"13,045.24"
ID13304,07-Jan-2026,Transfer,"1,963.43",0.00,"73,438.86"
ID13304,23-Mar-2026,Interest,45.10,0.00,"88,266.02"
ID13304,16-Jan-2026,Payment,"1,821.26",0.00,"80,074.48"
ID13304,23-Feb-2026,Charge,0.00,494.22,"57,424.78"
ID13304,03-Mar-2026,ATM Withdrawal,0.00,285.64,"88,069.17"
ID13304,04-Mar-2026,Payment,970.31,0.00,"80,752.04"
ID13304,25-Feb-2026,Direct Deposit,"1,264.78",0.00,"76,489.26"
ID13305,09-Jan-2026,Direct Deposit,"3,680.20",0.00,"99,218.10"
ID13305,02-Apr-2026,Charge,0.00,937.85,"46,444.26"
ID13305,20-Feb-2026,Reversal,476.98,0.00,"12,677.31"
ID13305,07-Jan-2026,Charge,0.00,762.22,"1,378.50"
ID13305,15-Mar-2026,Debit Card,0.00,637.99,"2,605.76"
ID13305,17-Jan-2026,Interest,458.02,0.00,"10,547.48"
ID13305,29-Jan-2026,Reversal,0.00,945.05,"23,044.06"
ID13305,04-Jan-2026,Charge,0.00,774.45,"80,062.06"
ID13305,27-Mar-2026,ATM Withdrawal,0.00,300.55,"2,460.59"
ID13305,05-Feb-2026,Charge,0.00,14.61,"4,443.27"
ID13305,01-Apr-2026,Charge,0.00,178.83,"77,255.53"
ID13305,17-Feb-2026,Direct Deposit,"3,266.61",0.00,"11,456.56"
ID13305,02-Feb-2026,Direct Deposit,"4,567.91",0.00,"36,172.27"
ID13305,03-Jan-2026,ATM Withdrawal,0.00,236.45,"1,597.59"
ID13305,26-Feb-2026,Direct Deposit,646.70,0.00,"31,071.70"
ID13305,01-Feb-2026,Debit Card,0.00,612.83,"91,474.32"
ID13305,26-Mar-2026,Debit Card,0.00,438.23,"35,082.42"
ID13305,21-Jan-2026,Interest,412.99,0.00,"26,961.26"
ID13305,15-Mar-2026,Transfer,0.00,"1,377.82","20,365.36"
ID13305,18-Jan-2026,Interest,392.55,0.00,"59,290.68"
ID13306,07-Jan-2026,Payment,639.86,0.00,"45,276.78"
ID13306,16-Mar-2026,Interest,386.63,0.00,"66,979.67"
ID13306,18-Feb-2026,Payment,"1,448.81",0.00,"93,865.21"
ID13306,03-Feb-2026,Charge,0.00,180.43,"46,792.32"
ID13306,16-Feb-2026,ATM Withdrawal,0.00,720.82,"6,208.58"
ID13306,15-Feb-2026,Direct Deposit,"2,862.93",0.00,"57,467.58"
ID13306,15-Feb-2026,Debit Card,0.00,759.52,"68,454.44"
ID13306,17-Feb-2026,Interest,25.66,0.00,"7,498.70"
ID13306,14-Mar-2026,Debit Card,0.00,920.68,"83,642.34"
ID13306,29-Mar-2026,Transfer,0.00,412.02,"13,693.14"
ID13306,08-Jan-2026,Reversal,563.37,0.00,"34,019.88"
ID13306,09-Mar-2026,Payment,0.00,727.30,"61,553.13"
ID13306,03-Feb-2026,Reversal,0.00,861.22,"74,649.37"
ID13306,10-Jan-2026,Debit Card,0.00,813.86,"91,654.34"
ID13306,18-Feb-2026,Transfer,0.00,540.97,"80,882.85"
ID13306,19-Jan-2026,Payment,0.00,106.27,"2,032.61"
ID13306,24-Jan-2026,Reversal,0.00,"1,383.47","94,300.69"
ID13306,04-Feb-2026,ATM Withdrawal,0.00,869.46,"14,391.79"
ID13306,19-Feb-2026,Transfer,0.00,399.27,"53,951.11"
ID13306,11-Feb-2026,Reversal,"1,386.24",0.00,"60,014.45"
ID13307,15-Feb-2026,ATM Withdrawal,0.00,289.33,"61,012.01"
ID13307,05-Mar-2026,Direct Deposit,"4,178.06",0.00,"47,060.49"
ID13307,18-Mar-2026,Charge,0.00,829.95,"27,824.33"
ID13307,19-Mar-2026,Reversal,"1,704.51",0.00,"44,573.88"
ID13307,25-Jan-2026,Transfer,0.00,"1,059.18","74,756.86"
ID13307,20-Mar-2026,Debit Card,0.00,497.14,"45,935.43"
ID13307,10-Mar-2026,Transfer,0.00,"1,326.15","9,586.86"
ID13307,30-Jan-2026,Payment,0.00,883.97,"22,163.86"
ID13307,07-Feb-2026,ATM Withdrawal,0.00,134.32,"99,584.47"
ID13307,01-Apr-2026,Debit Card,0.00,752.60,"31,916.08"
ID13307,06-Feb-2026,ATM Withdrawal,0.00,601.53,"73,234.76"
ID13307,02-Mar-2026,Payment,"1,356.67",0.00,"21,420.45"
ID13307,25-Mar-2026,Reversal,0.00,"1,382.70","88,439.26"
ID13307,30-Mar-2026,Payment,"1,243.75",0.00,"24,589.30"
ID13307,16-Jan-2026,Charge,0.00,147.40,"32,517.64"
ID13307,07-Feb-2026,Payment,"1,200.00",0.00,"24,343.36"
ID13307,07-Jan-2026,Interest,177.34,0.00,"44,864.22"
ID13307,26-Jan-2026,Payment,627.18,0.00,"80,688.71"
ID13307,25-Feb-2026,Interest,182.65,0.00,"23,834.47"
ID13307,07-Feb-2026,Charge,0.00,20.39,"24,264.36"
ID13308,08-Jan-2026,Interest,56.69,0.00,"26,836.72"
ID13308,13-Feb-2026,Reversal,"1,122.79",0.00,"12,635.01"
ID13308,05-Mar-2026,ATM Withdrawal,0.00,77.91,"9,606.83"
ID13308,20-Jan-2026,Transfer,0.00,915.63,"48,833.98"
ID13308,14-Jan-2026,Direct Deposit,"4,385.18",0.00,"17,082.55"
ID13308,13-Mar-2026,Interest,113.08,0.00,"62,225.04"
ID13308,23-Mar-2026,Direct Deposit,777.56,0.00,"50,036.62"
ID13308,05-Jan-2026,Transfer,348.43,0.00,"49,316.95"
ID13308,03-Apr-2026,Reversal,0.00,244.62,"35,968.61"
ID13308,20-Feb-2026,Debit Card,0.00,518.54,"42,718.38"
ID13308,14-Feb-2026,Interest,288.92,0.00,"39,301.31"
ID13308,31-Jan-2026,Direct Deposit,"2,441.21",0.00,"46,584.84"
ID13308,24-Jan-2026,Debit Card,0.00,652.62,"91,756.73"
ID13308,15-Jan-2026,Reversal,0.00,"1,099.74","23,096.79"
ID13308,28-Jan-2026,Interest,35.03,0.00,"1,546.93"
ID13308,13-Jan-2026,Reversal,525.96,0.00,"5,291.31"
ID13308,10-Jan-2026,Payment,202.55,0.00,"77,379.77"
ID13308,31-Mar-2026,Interest,454.43,0.00,"93,911.41"
ID13308,22-Feb-2026,Interest,452.08,0.00,"17,830.03"
ID13308,02-Feb-2026,Reversal,299.33,0.00,"40,335.24"
ID13309,17-Mar-2026,Transfer,201.42,0.00,"85,515.60"
ID13309,23-Feb-2026,Direct Deposit,"1,810.81",0.00,"8,084.14"
ID13309,31-Jan-2026,Reversal,0.00,"1,301.27","90,671.89"
ID13309,27-Jan-2026,Transfer,0.00,"1,220.00","59,217.87"
ID13309,04-Feb-2026,Interest,228.80,0.00,"95,421.83"
ID13309,08-Feb-2026,ATM Withdrawal,0.00,622.91,"83,922.10"
ID13309,28-Jan-2026,Charge,0.00,333.16,"15,988.71"
ID13309,23-Jan-2026,Interest,148.29,0.00,"2,386.67"
ID13309,01-Apr-2026,Direct Deposit,"1,010.79",0.00,"20,261.72"
ID13309,16-Feb-2026,Debit Card,0.00,510.25,"17,836.37"
ID13309,26-Jan-2026,Charge,0.00,723.21,"71,683.31"
ID13309,14-Jan-2026,Reversal,0.00,"1,406.56","38,482.68"
ID13309,15-Jan-2026,Transfer,0.00,655.69,"10,124.47"
ID13309,25-Feb-2026,Reversal,"1,438.00",0.00,"36,774.46"
ID13309,28-Mar-2026,Charge,0.00,693.06,"36,120.69"
ID13309,16-Jan-2026,Debit Card,0.00,362.27,"61,309.61"
ID13309,30-Jan-2026,ATM Withdrawal,0.00,162.42,"55,635.67"
ID13309,12-Mar-2026,Payment,770.42,0.00,"32,254.89"
ID13309,08-Feb-2026,Transfer,0.00,799.21,"83,443.71"
ID13309,28-Mar-2026,Interest,59.08,0.00,"12,098.19"
ID13310,17-Jan-2026,Debit Card,0.00,398.42,"64,697.11"
ID13310,02-Apr-2026,Direct Deposit,"1,263.60",0.00,"14,501.43"
ID13310,01-Mar-2026,Payment,"1,070.54",0.00,"64,549.50"
ID13310,19-Feb-2026,Direct Deposit,"1,420.38",0.00,"33,221.50"
ID13310,16-Mar-2026,Charge,0.00,725.56,"51,359.17"
ID13310,12-Mar-2026,Interest,171.44,0.00,"72,075.60"
ID13310,20-Mar-2026,ATM Withdrawal,0.00,106.92,"41,781.41"
ID13310,27-Mar-2026,Payment,0.00,585.16,"25,581.91"
ID13310,14-Mar-2026,Reversal,0.00,"1,379.46","35,948.01"
ID13310,17-Feb-2026,Transfer,"1,150.22",0.00,"30,661.66"
ID13310,07-Feb-2026,ATM Withdrawal,0.00,316.80,"32,238.51"
ID13310,03-Jan-2026,Direct Deposit,"2,730.44",0.00,"31,739.40"
ID13310,23-Mar-2026,ATM Withdrawal,0.00,373.99,"23,679.60"
ID13310,10-Feb-2026,Reversal,0.00,660.00,"15,579.75"
ID13310,03-Apr-2026,Reversal,0.00,"1,220.08","49,041.28"
ID13310,03-Apr-2026,Payment,"1,463.89",0.00,"86,247.15"
ID13310,28-Jan-2026,Interest,109.74,0.00,"39,719.07"
ID13310,07-Jan-2026,Transfer,268.58,0.00,"37,392.87"
ID13310,24-Jan-2026,ATM Withdrawal,0.00,396.36,"63,363.50"
ID13310,26-Jan-2026,Debit Card,0.00,825.51,"63,359.59"
ID13311,11-Mar-2026,Direct Deposit,"1,220.49",0.00,"35,138.48"
ID13311,27-Jan-2026,Reversal,0.00,556.46,"97,680.63"
ID13311,03-Apr-2026,Debit Card,0.00,207.42,"78,173.12"
ID13311,21-Mar-2026,ATM Withdrawal,0.00,558.04,"28,437.53"
ID13311,24-Feb-2026,Interest,80.97,0.00,"43,995.97"
ID13311,23-Jan-2026,Charge,0.00,577.96,"63,206.46"
ID13311,21-Jan-2026,Direct Deposit,"1,166.43",0.00,"13,945.99"
ID13311,16-Mar-2026,Charge,0.00,746.30,"16,615.58"
ID13311,01-Mar-2026,Debit Card,0.00,55.80,"77,680.07"
ID13311,27-Jan-2026,Debit Card,0.00,941.64,"92,799.74"
ID13311,17-Mar-2026,Direct Deposit,"1,190.59",0.00,"49,057.44"
ID13311,31-Jan-2026,Debit Card,0.00,900.17,"18,200.83"
ID13311,15-Mar-2026,ATM Withdrawal,0.00,949.28,"80,163.47"
ID13311,30-Jan-2026,Direct Deposit,"3,453.98",0.00,"37,587.22"
ID13311,08-Feb-2026,Interest,25.55,0.00,"17,629.19"
ID13311,21-Jan-2026,Charge,0.00,358.20,"94,827.85"
ID13311,19-Feb-2026,ATM Withdrawal,0.00,937.74,"83,685.02"
ID13311,14-Feb-2026,Direct Deposit,"1,994.70",0.00,"78,886.33"
ID13311,08-Jan-2026,Charge,0.00,871.56,"37,323.77"
ID13311,03-Feb-2026,Transfer,0.00,"1,291.42","32,938.72"
ID13312,14-Feb-2026,Direct Deposit,"1,023.72",0.00,"67,866.89"
ID13312,06-Feb-2026,ATM Withdrawal,0.00,423.68,"25,059.86"
ID13312,12-Jan-2026,Transfer,"1,492.83",0.00,"50,783.48"
ID13312,24-Mar-2026,Charge,0.00,415.12,"30,645.88"
ID13312,28-Mar-2026,Payment,615.05,0.00,"83,920.82"
ID13312,13-Feb-2026,Charge,0.00,333.95,"32,286.90"
ID13312,27-Mar-2026,ATM Withdrawal,0.00,691.39,"7,313.80"
ID13312,12-Mar-2026,Payment,"1,323.48",0.00,"36,500.21"
ID13312,15-Jan-2026,Transfer,"1,549.61",0.00,"13,195.42"
ID13312,26-Mar-2026,Direct Deposit,"4,727.78",0.00,"47,994.97"
ID13312,07-Feb-2026,Direct Deposit,"1,594.79",0.00,"43,115.86"
ID13312,20-Feb-2026,Payment,453.56,0.00,"11,305.70"
ID13312,04-Jan-2026,Reversal,312.54,0.00,"8,727.66"
ID13312,09-Mar-2026,Transfer,"1,520.63",0.00,"30,455.98"
ID13312,14-Feb-2026,Reversal,151.53,0.00,"75,228.07"
ID13312,31-Mar-2026,Transfer,0.00,179.82,"27,241.89"
ID13312,10-Feb-2026,ATM Withdrawal,0.00,519.22,"95,084.94"
ID13312,15-Feb-2026,Reversal,0.00,"1,352.62","23,107.14"
ID13312,06-Mar-2026,Direct Deposit,"1,633.51",0.00,"77,834.91"
ID13312,16-Jan-2026,Debit Card,0.00,519.56,"72,973.42"
ID13313,31-Mar-2026,ATM Withdrawal,0.00,726.48,"60,142.45"
ID13313,16-Mar-2026,Payment,0.00,"1,496.48","71,698.08"
ID13313,24-Mar-2026,Charge,0.00,724.65,"95,180.45"
ID13313,03-Feb-2026,Direct Deposit,"1,811.38",0.00,"28,115.14"
ID13313,08-Feb-2026,Charge,0.00,780.95,"29,642.96"
ID13313,30-Mar-2026,Payment,758.50,0.00,"99,784.42"
ID13313,18-Mar-2026,Reversal,584.39,0.00,"5,161.16"
ID13313,10-Feb-2026,Charge,0.00,645.34,"75,379.38"
ID13313,22-Mar-2026,Debit Card,0.00,678.82,"9,001.70"
ID13313,11-Jan-2026,Transfer,470.47,0.00,"65,121.86"
ID13313,05-Feb-2026,Charge,0.00,21.15,"1,077.01"
ID13313,12-Mar-2026,Direct Deposit,"3,162.95",0.00,"73,302.34"
ID13313,25-Mar-2026,Charge,0.00,998.71,"32,903.16"
ID13313,19-Jan-2026,Transfer,230.42,0.00,"78,855.56"
ID13313,04-Feb-2026,Reversal,"1,154.58",0.00,"94,476.80"
ID13313,25-Jan-2026,Reversal,0.00,671.13,"22,102.18"
ID13313,29-Jan-2026,Direct Deposit,"3,796.08",0.00,"27,261.52"
ID13313,05-Mar-2026,Reversal,0.00,855.47,"31,542.61"
ID13313,17-Jan-2026,Debit Card,0.00,98.56,"45,613.67"
ID13313,04-Jan-2026,Charge,0.00,350.66,"75,084.00"
ID13314,30-Jan-2026,ATM Withdrawal,0.00,175.03,"75,611.50"
ID13314,17-Jan-2026,Direct Deposit,"1,242.24",0.00,"55,931.64"
ID13314,03-Apr-2026,Payment,0.00,"1,483.69","11,025.01"
ID13314,10-Mar-2026,Direct Deposit,"4,235.62",0.00,"7,550.33"
ID13314,26-Mar-2026,Transfer,0.00,"1,375.64","47,754.24"
ID13314,26-Mar-2026,ATM Withdrawal,0.00,584.88,"3,385.15"
ID13314,27-Mar-2026,Payment,460.49,0.00,"16,249.17"
ID13314,06-Mar-2026,Interest,212.52,0.00,"88,542.81"
ID13314,21-Feb-2026,ATM Withdrawal,0.00,186.93,"99,492.17"
ID13314,11-Mar-2026,Transfer,0.00,310.90,"79,650.74"
ID13314,29-Mar-2026,Direct Deposit,"4,614.44",0.00,"55,287.16"
ID13314,25-Feb-2026,Reversal,0.00,306.91,"15,670.51"
ID13314,03-Jan-2026,Reversal,"1,905.94",0.00,"3,550.69"
ID13314,25-Mar-2026,Interest,83.34,0.00,"93,323.89"
ID13314,24-Mar-2026,Direct Deposit,"3,731.50",0.00,"70,567.26"
ID13314,19-Feb-2026,Reversal,0.00,464.77,"39,788.60"
ID13314,02-Apr-2026,Debit Card,0.00,699.96,"3,251.36"
ID13314,12-Mar-2026,Charge,0.00,300.25,"47,512.45"
ID13314,16-Jan-2026,ATM Withdrawal,0.00,373.40,"69,247.92"
ID13314,20-Jan-2026,Payment,370.49,0.00,"84,537.97"
ID13315,07-Jan-2026,Reversal,"1,952.50",0.00,"91,606.36"
ID13315,06-Feb-2026,Direct Deposit,696.53,0.00,"12,052.45"
ID13315,23-Feb-2026,Direct Deposit,"1,592.87",0.00,"44,019.12"
ID13315,08-Jan-2026,Charge,0.00,779.50,"49,556.80"
ID13315,31-Mar-2026,Reversal,0.00,453.13,"40,870.67"
ID13315,28-Feb-2026,Direct Deposit,"1,322.66",0.00,"11,910.39"
ID13315,26-Mar-2026,ATM Withdrawal,0.00,807.15,"11,755.57"
ID13315,03-Feb-2026,Reversal,0.00,95.02,"31,647.42"
ID13315,18-Feb-2026,Payment,0.00,375.57,"9,201.96"
ID13315,02-Feb-2026,Interest,423.91,0.00,"98,410.13"
ID13315,02-Feb-2026,ATM Withdrawal,0.00,524.85,"14,141.81"
ID13315,17-Jan-2026,Interest,423.33,0.00,"35,688.34"
ID13315,08-Jan-2026,Payment,985.64,0.00,"10,361.30"
ID13315,27-Jan-2026,Charge,0.00,596.90,"50,673.70"
ID13315,06-Mar-2026,Interest,463.39,0.00,"3,975.40"
ID13315,21-Jan-2026,Payment,0.00,518.10,"66,023.89"
ID13315,06-Mar-2026,Charge,0.00,361.43,"62,647.74"
ID13315,13-Feb-2026,Transfer,0.00,68.63,"26,703.54"
ID13315,18-Feb-2026,Transfer,0.00,261.39,"10,264.81"
ID13315,01-Feb-2026,ATM Withdrawal,0.00,677.37,"41,084.77"
ID13316,23-Mar-2026,Charge,0.00,286.65,"47,639.22"
ID13316,17-Feb-2026,Direct Deposit,"4,909.68",0.00,"41,344.67"
ID13316,14-Mar-2026,Transfer,0.00,287.37,"99,170.53"
ID13316,20-Mar-2026,ATM Withdrawal,0.00,347.99,"82,866.22"
ID13316,11-Feb-2026,Charge,0.00,158.09,"63,621.59"
ID13316,10-Feb-2026,Transfer,0.00,"1,258.63","75,259.20"
ID13316,19-Mar-2026,Interest,204.13,0.00,"62,045.74"
ID13316,20-Jan-2026,Charge,0.00,737.08,"72,996.18"
ID13316,14-Jan-2026,Reversal,0.00,679.39,"42,803.07"
ID13316,19-Mar-2026,Direct Deposit,"3,602.89",0.00,"60,123.78"
ID13316,03-Apr-2026,Charge,0.00,253.03,"80,275.48"
ID13316,21-Mar-2026,Debit Card,0.00,856.82,"68,116.74"
ID13316,12-Feb-2026,Debit Card,0.00,931.46,"6,797.44"
ID13316,07-Jan-2026,Interest,78.65,0.00,"83,256.67"
ID13316,24-Feb-2026,Debit Card,0.00,846.85,"21,255.37"
ID13316,04-Jan-2026,Debit Card,0.00,770.41,"51,532.80"
ID13316,30-Jan-2026,Charge,0.00,918.81,"7,094.58"
ID13316,20-Jan-2026,Transfer,"1,097.18",0.00,"29,166.37"
ID13316,18-Jan-2026,Payment,0.00,"1,085.83","83,892.68"
ID13316,29-Jan-2026,Transfer,0.00,"1,039.58","81,924.47"
ID13317,24-Feb-2026,Charge,0.00,602.91,"85,159.44"
ID13317,17-Mar-2026,Payment,588.42,0.00,"93,837.11"
ID13317,25-Jan-2026,Direct Deposit,"3,283.42",0.00,"26,009.91"
ID13317,03-Mar-2026,Payment,0.00,"1,112.88","22,631.83"
ID13317,19-Jan-2026,Transfer,0.00,325.01,"72,338.73"
ID13317,07-Mar-2026,Interest,369.01,0.00,"29,307.30"
ID13317,10-Feb-2026,Debit Card,0.00,406.58,"35,131.34"
ID13317,29-Jan-2026,ATM Withdrawal,0.00,446.60,"2,632.60"
ID13317,25-Feb-2026,Direct Deposit,"1,625.52",0.00,"28,218.59"
ID13317,28-Jan-2026,Transfer,0.00,419.62,"86,868.51"
ID13317,30-Mar-2026,Debit Card,0.00,80.76,"47,259.58"
ID13317,02-Apr-2026,Charge,0.00,721.96,"70,687.51"
ID13317,27-Mar-2026,Direct Deposit,"1,020.06",0.00,"91,837.86"
ID13317,18-Jan-2026,Interest,170.46,0.00,"79,249.41"
ID13317,17-Feb-2026,Interest,160.13,0.00,"52,715.83"
ID13317,24-Jan-2026,Direct Deposit,"2,693.25",0.00,"3,418.75"
ID13317,12-Mar-2026,Interest,204.24,0.00,"44,687.06"
ID13317,22-Mar-2026,Reversal,"1,592.84",0.00,"37,955.05"
ID13317,04-Jan-2026,Direct Deposit,"2,254.11",0.00,"68,553.52"
ID13317,07-Feb-2026,Payment,312.69,0.00,"2,208.95"
ID13318,24-Mar-2026,Reversal,946.01,0.00,"34,196.13"
ID13318,06-Mar-2026,Interest,246.02,0.00,"3,296.10"
ID13318,21-Jan-2026,Payment,"1,200.65",0.00,"50,331.55"
ID13318,19-Jan-2026,Debit Card,0.00,655.18,"73,739.06"
ID13318,29-Jan-2026,ATM Withdrawal,0.00,527.38,"1,935.21"
ID13318,12-Feb-2026,Interest,209.92,0.00,"53,123.57"
ID13318,19-Jan-2026,Debit Card,0.00,895.78,"66,411.04"
ID13318,17-Mar-2026,Interest,38.22,0.00,"30,856.89"
ID13318,17-Feb-2026,Charge,0.00,116.89,"67,699.42"
ID13318,25-Jan-2026,Transfer,0.00,749.87,"87,958.84"
ID13318,05-Jan-2026,Payment,133.22,0.00,"65,833.16"
ID13318,10-Jan-2026,Transfer,863.81,0.00,"8,933.14"
ID13318,04-Jan-2026,Charge,0.00,804.14,"92,106.37"
ID13318,14-Feb-2026,Direct Deposit,"2,263.17",0.00,"5,760.55"
ID13318,07-Mar-2026,Transfer,0.00,360.71,"78,612.51"
ID13318,18-Feb-2026,Reversal,0.00,956.29,"57,092.14"
ID13318,22-Mar-2026,Debit Card,0.00,603.06,"58,197.83"
ID13318,17-Mar-2026,Direct Deposit,"4,433.24",0.00,"78,525.31"
ID13318,28-Mar-2026,Charge,0.00,476.30,"57,910.59"
ID13318,14-Mar-2026,Interest,358.97,0.00,"29,066.18"
ID13319,24-Mar-2026,Direct Deposit,"4,344.51",0.00,"20,267.42"
ID13319,01-Feb-2026,Interest,138.22,0.00,"70,059.79"
ID13319,27-Mar-2026,Interest,340.26,0.00,"21,571.70"
ID13319,14-Jan-2026,Interest,462.00,0.00,"31,960.41"
ID13319,19-Feb-2026,Charge,0.00,467.74,"98,511.60"
ID13319,18-Feb-2026,Direct Deposit,"1,723.29",0.00,"9,859.70"
ID13319,01-Feb-2026,Transfer,0.00,149.07,"86,088.78"
ID13319,01-Apr-2026,Charge,0.00,934.46,"24,313.54"
ID13319,13-Jan-2026,Debit Card,0.00,711.74,"32,380.80"
ID13319,11-Feb-2026,ATM Withdrawal,0.00,219.32,"11,756.74"
ID13319,09-Jan-2026,Payment,"1,457.97",0.00,"63,852.83"
ID13319,02-Feb-2026,Charge,0.00,586.96,"52,585.83"
ID13319,04-Mar-2026,Charge,0.00,452.66,"3,334.10"
ID13319,28-Jan-2026,ATM Withdrawal,0.00,807.65,"90,915.28"
ID13319,09-Jan-2026,Charge,0.00,335.57,"12,267.49"
ID13319,27-Jan-2026,Interest,316.47,0.00,"82,697.15"
ID13319,09-Jan-2026,Charge,0.00,159.65,"31,320.75"
ID13319,23-Mar-2026,Direct Deposit,"1,374.09",0.00,"24,461.15"
ID13319,20-Feb-2026,ATM Withdrawal,0.00,512.00,"76,810.22"
ID13319,28-Jan-2026,Payment,0.00,718.42,"37,945.98"
ID13320,14-Jan-2026,Payment,0.00,"1,141.63","3,469.65"
ID13320,12-Mar-2026,Payment,"1,519.77",0.00,"91,461.53"
ID13320,09-Mar-2026,Interest,125.56,0.00,"63,661.13"
ID13320,22-Feb-2026,Direct Deposit,"3,779.41",0.00,"50,794.62"
ID13320,30-Mar-2026,Interest,439.03,0.00,"50,518.77"
ID13320,22-Mar-2026,Transfer,"1,692.91",0.00,"22,601.47"
ID13320,26-Jan-2026,Direct Deposit,"1,883.13",0.00,"39,319.58"
ID13320,24-Jan-2026,Reversal,0.00,290.25,"15,572.28"
ID13320,27-Feb-2026,Interest,31.33,0.00,"99,174.04"
ID13320,23-Jan-2026,Interest,112.25,0.00,"48,647.51"
ID13320,16-Feb-2026,ATM Withdrawal,0.00,324.26,"20,282.31"
ID13320,10-Mar-2026,Direct Deposit,"3,599.94",0.00,"84,724.77"
ID13320,09-Mar-2026,Direct Deposit,"2,748.34",0.00,"86,686.16"
ID13320,04-Mar-2026,Reversal,0.00,340.13,"73,646.51"
ID13320,19-Jan-2026,Interest,21.66,0.00,"61,230.39"
ID13320,03-Apr-2026,Payment,0.00,511.34,"87,055.47"
ID13320,07-Jan-2026,Interest,296.66,0.00,"3,360.64"
ID13320,25-Mar-2026,Charge,0.00,670.85,"14,635.39"
ID13320,13-Jan-2026,ATM Withdrawal,0.00,442.08,"6,091.69"
ID13320,21-Feb-2026,Debit Card,0.00,72.13,"58,951.45"
ID13321,24-Feb-2026,Payment,738.79,0.00,"52,433.99"
ID13321,19-Feb-2026,Payment,"1,971.08",0.00,"7,102.23"
ID13321,13-Jan-2026,Direct Deposit,632.58,0.00,"94,031.36"
ID13321,05-Feb-2026,Interest,37.97,0.00,"54,159.75"
ID13321,01-Apr-2026,Interest,111.46,0.00,"25,087.37"
ID13321,01-Mar-2026,Interest,290.75,0.00,"65,071.53"
ID13321,28-Jan-2026,Direct Deposit,"1,262.09",0.00,"41,035.63"
ID13321,03-Feb-2026,Payment,0.00,711.42,"58,800.29"
ID13321,24-Mar-2026,Reversal,"1,714.17",0.00,"79,688.12"
ID13321,01-Feb-2026,Payment,"1,687.05",0.00,"79,577.28"
ID13321,10-Feb-2026,Transfer,"1,343.33",0.00,"84,874.33"
ID13321,19-Mar-2026,Transfer,0.00,230.09,"60,156.50"
ID13321,16-Jan-2026,Reversal,0.00,842.41,"59,925.21"
ID13321,20-Jan-2026,Reversal,"1,233.05",0.00,"33,742.44"
ID13321,29-Jan-2026,Interest,386.46,0.00,"74,651.44"
ID13321,26-Feb-2026,Payment,"1,417.90",0.00,"94,632.39"
ID13321,20-Mar-2026,Reversal,"1,914.06",0.00,"33,134.56"
ID13321,24-Mar-2026,Direct Deposit,"2,050.92",0.00,"3,198.63"
ID13321,31-Jan-2026,Direct Deposit,"4,992.25",0.00,"98,755.25"
ID13321,07-Mar-2026,Payment,"1,938.76",0.00,"24,449.70"
ID13322,20-Feb-2026,Debit Card,0.00,12.43,"95,149.56"
ID13322,29-Jan-2026,Interest,354.09,0.00,"91,609.34"
ID13322,29-Mar-2026,Debit Card,0.00,203.65,"33,167.82"
ID13322,04-Feb-2026,Reversal,0.00,"1,239.37","60,502.23"
ID13322,19-Jan-2026,Charge,0.00,22.72,"36,577.98"
ID13322,27-Feb-2026,Transfer,948.01,0.00,"3,094.30"
ID13322,01-Apr-2026,Interest,302.50,0.00,"60,074.97"
ID13322,30-Jan-2026,Reversal,"1,321.33",0.00,"76,319.34"
ID13322,24-Jan-2026,Reversal,122.24,0.00,"54,015.21"
ID13322,24-Mar-2026,Debit Card,0.00,841.76,"18,066.83"
ID13322,07-Mar-2026,Payment,0.00,774.51,"44,937.26"
ID13322,14-Jan-2026,Reversal,"1,201.76",0.00,"42,392.59"
ID13322,07-Mar-2026,Transfer,192.62,0.00,"2,565.24"
ID13322,25-Feb-2026,Interest,455.66,0.00,"17,401.99"
ID13322,05-Mar-2026,Payment,0.00,685.27,"4,247.90"
ID13322,15-Mar-2026,Payment,"1,505.85",0.00,"5,207.01"
ID13322,24-Jan-2026,Reversal,0.00,389.29,"39,486.19"
ID13322,16-Mar-2026,Payment,0.00,304.77,"24,599.50"
ID13322,03-Feb-2026,Reversal,213.68,0.00,"34,182.40"
ID13322,24-Jan-2026,Charge,0.00,173.07,"53,155.09"
ID13323,02-Mar-2026,Charge,0.00,777.95,"59,960.21"
ID13323,20-Mar-2026,Direct Deposit,"1,123.83",0.00,"88,261.22"
ID13323,15-Mar-2026,Direct Deposit,"1,388.56",0.00,"50,762.16"
ID13323,25-Jan-2026,Transfer,0.00,"1,491.65","36,102.49"
ID13323,20-Mar-2026,ATM Withdrawal,0.00,303.01,"36,259.63"
ID13323,30-Jan-2026,Direct Deposit,"4,628.70",0.00,"74,350.39"
ID13323,28-Jan-2026,Direct Deposit,"4,366.05",0.00,"20,530.86"
ID13323,03-Mar-2026,Reversal,0.00,"1,181.21","70,894.71"
ID13323,18-Mar-2026,Payment,403.82,0.00,"81,198.55"
ID13323,26-Mar-2026,Direct Deposit,"1,727.30",0.00,"78,344.78"
ID13323,27-Mar-2026,ATM Withdrawal,0.00,177.49,"6,588.99"
ID13323,22-Mar-2026,Payment,0.00,"1,488.40","22,305.81"
ID13323,17-Mar-2026,Transfer,"1,197.40",0.00,"6,392.36"
ID13323,17-Feb-2026,Reversal,0.00,"1,425.81","29,984.78"
ID13323,02-Feb-2026,Reversal,202.52,0.00,"88,040.08"
ID13323,01-Apr-2026,Payment,0.00,225.72,"67,271.80"
ID13323,04-Jan-2026,ATM Withdrawal,0.00,247.86,"27,962.00"
ID13323,31-Jan-2026,ATM Withdrawal,0.00,267.55,"37,583.29"
ID13323,08-Mar-2026,Debit Card,0.00,51.47,"54,194.86"
ID13323,13-Jan-2026,Transfer,"1,758.85",0.00,"68,889.29"
ID13324,02-Mar-2026,Debit Card,0.00,99.72,"4,279.48"
ID13324,04-Jan-2026,Reversal,0.00,224.99,"27,756.30"
ID13324,28-Feb-2026,Interest,33.29,0.00,"64,253.20"
ID13324,08-Mar-2026,Reversal,310.68,0.00,"66,907.34"
ID13324,29-Mar-2026,Transfer,"1,743.38",0.00,"96,850.73"
ID13324,03-Mar-2026,Payment,0.00,259.67,"13,592.80"
ID13324,22-Jan-2026,ATM Withdrawal,0.00,771.39,"18,831.64"
ID13324,01-Apr-2026,Transfer,152.60,0.00,"22,648.38"
ID13324,09-Mar-2026,Charge,0.00,120.96,"93,948.96"
ID13324,01-Mar-2026,Transfer,"1,626.88",0.00,"34,205.84"
ID13324,09-Mar-2026,Direct Deposit,"4,588.52",0.00,"48,025.81"
ID13324,01-Apr-2026,Direct Deposit,"3,411.20",0.00,"21,466.72"
ID13324,27-Mar-2026,Reversal,"1,655.64",0.00,"77,826.05"
ID13324,14-Jan-2026,Debit Card,0.00,431.44,"43,916.59"
ID13324,17-Jan-2026,Charge,0.00,259.80,"85,550.64"
ID13324,02-Apr-2026,ATM Withdrawal,0.00,472.19,"12,498.23"
ID13324,08-Feb-2026,Reversal,459.53,0.00,"14,796.52"
ID13324,02-Apr-2026,ATM Withdrawal,0.00,934.85,"66,641.61"
ID13324,30-Jan-2026,Payment,894.20,0.00,"66,520.76"
ID13324,15-Feb-2026,Payment,883.76,0.00,"8,563.03"
ID13325,04-Mar-2026,Transfer,0.00,130.47,"77,224.31"
ID13325,19-Mar-2026,Debit Card,0.00,198.12,"92,592.77"
ID13325,27-Mar-2026,ATM Withdrawal,0.00,101.98,"22,818.87"
ID13325,17-Mar-2026,Direct Deposit,"3,496.23",0.00,"36,210.06"
ID13325,29-Jan-2026,Reversal,0.00,417.26,"71,568.80"
ID13325,20-Mar-2026,Payment,0.00,"1,119.64","4,961.49"
ID13325,04-Feb-2026,Interest,37.61,0.00,"30,650.29"
ID13325,13-Mar-2026,Interest,227.12,0.00,"18,184.02"
ID13325,22-Mar-2026,Reversal,0.00,332.61,"99,351.31"
ID13325,08-Jan-2026,Charge,0.00,475.34,"95,859.69"
ID13325,14-Jan-2026,Transfer,0.00,669.33,"85,714.55"
ID13325,05-Feb-2026,Interest,98.11,0.00,"47,722.67"
ID13325,07-Feb-2026,Interest,454.49,0.00,"37,747.71"
ID13325,27-Mar-2026,ATM Withdrawal,0.00,891.23,"89,522.79"
ID13325,07-Feb-2026,Reversal,"1,793.99",0.00,"30,500.62"
ID13325,01-Mar-2026,Reversal,842.80,0.00,"33,054.29"
ID13325,28-Mar-2026,Charge,0.00,722.14,"57,251.02"
ID13325,25-Mar-2026,Interest,404.03,0.00,"97,824.42"
ID13325,15-Mar-2026,Direct Deposit,"1,146.21",0.00,"72,358.34"
ID13325,24-Jan-2026,ATM Withdrawal,0.00,67.47,"45,636.84"
ID13326,18-Feb-2026,Debit Card,0.00,131.38,"27,036.09"
ID13326,29-Jan-2026,Direct Deposit,"4,810.15",0.00,"15,614.32"
ID13326,12-Mar-2026,Transfer,0.00,699.43,"95,466.68"
ID13326,27-Feb-2026,Direct Deposit,"4,245.54",0.00,"9,676.99"
ID13326,18-Mar-2026,Debit Card,0.00,337.29,"61,248.69"
ID13326,01-Feb-2026,Payment,0.00,68.69,"32,903.13"
ID13326,08-Feb-2026,Debit Card,0.00,719.09,"44,065.44"
ID13326,29-Jan-2026,Payment,"1,844.71",0.00,"21,775.05"
ID13326,27-Feb-2026,ATM Withdrawal,0.00,993.21,"78,589.54"
ID13326,09-Mar-2026,Charge,0.00,507.40,"86,529.52"
ID13326,25-Mar-2026,Direct Deposit,523.45,0.00,"85,614.51"
ID13326,09-Jan-2026,Payment,0.00,536.55,"7,976.06"
ID13326,13-Jan-2026,ATM Withdrawal,0.00,441.32,"27,868.49"
ID13326,06-Jan-2026,Direct Deposit,"4,702.73",0.00,"24,148.87"
ID13326,15-Mar-2026,ATM Withdrawal,0.00,322.28,"69,439.18"
ID13326,29-Jan-2026,Reversal,"1,333.48",0.00,"68,945.66"
ID13326,13-Feb-2026,Interest,109.20,0.00,"93,084.15"
ID13326,26-Feb-2026,Debit Card,0.00,305.62,"86,403.59"
ID13326,09-Jan-2026,Interest,412.75,0.00,"82,103.18"
ID13326,28-Jan-2026,ATM Withdrawal,0.00,100.85,"19,437.04"
ID13327,27-Feb-2026,Charge,0.00,767.00,"4,159.35"
ID13327,24-Feb-2026,Charge,0.00,431.72,"24,685.20"
ID13327,20-Jan-2026,ATM Withdrawal,0.00,775.65,"3,000.80"
ID13327,30-Jan-2026,Direct Deposit,"3,108.82",0.00,"51,712.57"
ID13327,03-Mar-2026,Interest,217.57,0.00,"24,657.65"
ID13327,19-Jan-2026,ATM Withdrawal,0.00,37.30,"78,070.98"
ID13327,06-Mar-2026,Interest,440.86,0.00,"15,689.15"
ID13327,23-Feb-2026,Interest,121.74,0.00,"37,123.51"
ID13327,02-Feb-2026,ATM Withdrawal,0.00,234.50,"97,121.94"
ID13327,29-Jan-2026,Interest,146.49,0.00,"27,577.73"
ID13327,08-Jan-2026,Charge,0.00,751.27,"74,029.42"
ID13327,20-Mar-2026,Payment,543.24,0.00,"64,432.22"
ID13327,23-Jan-2026,Reversal,0.00,717.31,"79,251.06"
ID13327,30-Jan-2026,ATM Withdrawal,0.00,153.43,"24,000.29"
ID13327,28-Mar-2026,Direct Deposit,853.32,0.00,"20,055.53"
ID13327,05-Jan-2026,Direct Deposit,"1,096.17",0.00,"8,670.04"
ID13327,28-Jan-2026,Transfer,0.00,930.29,"27,807.27"
ID13327,14-Mar-2026,Transfer,0.00,103.48,"55,927.35"
ID13327,10-Jan-2026,Direct Deposit,"3,931.54",0.00,"55,683.78"
ID13327,12-Jan-2026,Payment,0.00,573.84,"57,048.16"
ID13328,27-Jan-2026,Transfer,225.57,0.00,"25,180.86"
ID13328,08-Jan-2026,Debit Card,0.00,92.20,"87,792.84"
ID13328,24-Jan-2026,Reversal,0.00,972.90,"82,719.79"
ID13328,09-Jan-2026,Payment,"1,578.15",0.00,"59,132.82"
ID13328,18-Jan-2026,Charge,0.00,438.50,"45,466.33"
ID13328,12-Jan-2026,Interest,30.75,0.00,"96,290.52"
ID13328,20-Feb-2026,Payment,0.00,"1,484.90","37,924.16"
ID13328,21-Mar-2026,Interest,454.33,0.00,"38,070.04"
ID13328,06-Jan-2026,Interest,135.26,0.00,"38,777.33"
ID13328,01-Feb-2026,Transfer,0.00,360.15,"77,483.91"
ID13328,27-Feb-2026,ATM Withdrawal,0.00,515.77,"31,398.81"
ID13328,12-Mar-2026,Debit Card,0.00,491.43,"6,647.02"
ID13328,17-Jan-2026,Reversal,0.00,757.26,"66,644.70"
ID13328,25-Jan-2026,Charge,0.00,192.20,"66,968.23"
ID13328,07-Mar-2026,Direct Deposit,"1,652.89",0.00,"34,584.56"
ID13328,15-Mar-2026,Debit Card,0.00,173.69,"72,685.63"
ID13328,27-Jan-2026,Interest,430.66,0.00,"37,096.81"
ID13328,25-Feb-2026,ATM Withdrawal,0.00,959.00,"23,137.23"
ID13328,10-Feb-2026,Debit Card,0.00,832.81,"86,561.25"
ID13328,30-Mar-2026,Interest,333.62,0.00,"91,040.75"
ID13329,09-Jan-2026,Reversal,0.00,"1,374.00","92,963.47"
ID13329,20-Feb-2026,Charge,0.00,172.92,"35,201.59"
ID13329,21-Jan-2026,Charge,0.00,665.75,"56,914.21"
ID13329,21-Mar-2026,Debit Card,0.00,605.39,"93,207.72"
ID13329,08-Jan-2026,Transfer,"1,913.42",0.00,"5,595.66"
ID13329,15-Feb-2026,Debit Card,0.00,757.99,"70,545.49"
ID13329,21-Jan-2026,Payment,"1,983.90",0.00,"34,799.19"
ID13329,22-Jan-2026,Payment,"1,646.84",0.00,"69,095.52"
ID13329,23-Feb-2026,Transfer,"1,998.44",0.00,"94,306.08"
ID13329,12-Jan-2026,Transfer,"1,826.76",0.00,"93,197.21"
ID13329,25-Mar-2026,Payment,237.60,0.00,"8,755.84"
ID13329,17-Feb-2026,Charge,0.00,846.80,"82,100.15"
ID13329,18-Jan-2026,Direct Deposit,635.83,0.00,"60,763.35"
ID13329,03-Jan-2026,ATM Withdrawal,0.00,94.92,"37,939.79"
ID13329,28-Jan-2026,ATM Withdrawal,0.00,431.31,"2,744.06"
ID13329,10-Jan-2026,Reversal,0.00,352.03,"98,955.69"
ID13329,06-Jan-2026,Transfer,0.00,"1,176.84","94,469.92"
ID13329,08-Mar-2026,Direct Deposit,"3,796.62",0.00,"86,988.08"
ID13329,26-Jan-2026,Debit Card,0.00,749.95,"13,477.96"
ID13329,23-Jan-2026,Direct Deposit,"4,124.10",0.00,"46,537.86"
ID13330,28-Jan-2026,Charge,0.00,161.83,"84,694.59"
ID13330,23-Feb-2026,Charge,0.00,457.09,"96,251.84"
ID13330,23-Feb-2026,Interest,27.49,0.00,"47,414.80"
ID13330,22-Feb-2026,Payment,442.43,0.00,"86,468.94"
ID13330,03-Jan-2026,Debit Card,0.00,818.48,"31,521.09"
ID13330,09-Feb-2026,Interest,213.02,0.00,"28,849.20"
ID13330,02-Feb-2026,ATM Withdrawal,0.00,672.37,"86,111.07"
ID13330,13-Jan-2026,Interest,99.89,0.00,"81,365.82"
ID13330,12-Mar-2026,Direct Deposit,"3,602.80",0.00,"7,198.12"
ID13330,11-Jan-2026,Charge,0.00,152.16,"35,881.08"
ID13330,02-Mar-2026,ATM Withdrawal,0.00,774.22,"36,446.23"
ID13330,16-Mar-2026,Transfer,"1,968.01",0.00,"30,422.95"
ID13330,23-Feb-2026,Reversal,344.76,0.00,"52,908.04"
ID13330,27-Feb-2026,Direct Deposit,"4,812.89",0.00,"51,476.46"
ID13330,28-Jan-2026,Debit Card,0.00,127.15,"55,261.59"
ID13330,09-Mar-2026,Direct Deposit,"3,187.51",0.00,"22,895.68"
ID13330,19-Feb-2026,Reversal,0.00,119.08,"72,914.98"
ID13330,22-Jan-2026,Payment,"1,012.58",0.00,"6,723.51"
ID13330,17-Mar-2026,Reversal,"1,910.28",0.00,"85,083.66"
ID13330,07-Feb-2026,Debit Card,0.00,410.02,"19,969.78"
ID13331,19-Jan-2026,Payment,526.91,0.00,"90,786.01"
ID13331,25-Jan-2026,Interest,40.33,0.00,"74,441.81"
ID13331,19-Feb-2026,ATM Withdrawal,0.00,62.31,"91,960.90"
ID13331,25-Mar-2026,Direct Deposit,"2,435.80",0.00,"83,418.45"
ID13331,12-Feb-2026,Charge,0.00,832.60,"86,908.40"
ID13331,19-Mar-2026,Transfer,837.19,0.00,"59,336.64"
ID13331,04-Feb-2026,Transfer,0.00,"1,326.64","98,958.87"
ID13331,10-Jan-2026,Reversal,"1,561.90",0.00,"30,182.80"
ID13331,30-Mar-2026,Payment,0.00,287.71,"65,373.34"
ID13331,05-Mar-2026,Interest,378.80,0.00,"37,436.37"
ID13331,25-Feb-2026,Reversal,0.00,875.40,"83,685.62"
ID13331,29-Mar-2026,Interest,339.32,0.00,"96,590.22"
ID13331,06-Jan-2026,Debit Card,0.00,681.06,"65,783.00"
ID13331,11-Mar-2026,Interest,64.11,0.00,"49,394.70"
ID13331,28-Feb-2026,Interest,53.81,0.00,"73,431.93"
ID13331,21-Jan-2026,Transfer,0.00,203.86,"59,650.65"
ID13331,13-Jan-2026,Reversal,0.00,"1,230.37","45,265.61"
ID13331,03-Jan-2026,Direct Deposit,"3,881.36",0.00,"47,595.68"
ID13331,10-Jan-2026,ATM Withdrawal,0.00,643.28,"98,504.33"
ID13331,03-Apr-2026,Payment,0.00,"1,050.38","53,657.36"
ID13332,21-Feb-2026,Direct Deposit,"2,270.73",0.00,"47,279.86"
ID13332,14-Jan-2026,Transfer,0.00,368.47,"41,502.64"
ID13332,23-Feb-2026,Payment,"1,946.72",0.00,"28,712.86"
ID13332,15-Mar-2026,Payment,0.00,276.96,"98,256.78"
ID13332,25-Jan-2026,ATM Withdrawal,0.00,197.65,"85,582.81"
ID13332,17-Feb-2026,Interest,478.72,0.00,"66,855.76"
ID13332,07-Jan-2026,Direct Deposit,"4,223.39",0.00,"91,920.12"
ID13332,07-Jan-2026,Reversal,"1,732.28",0.00,"68,483.36"
ID13332,27-Mar-2026,Transfer,169.01,0.00,"61,582.82"
ID13332,23-Jan-2026,ATM Withdrawal,0.00,309.71,"20,899.22"
ID13332,04-Mar-2026,ATM Withdrawal,0.00,69.45,"46,442.84"
ID13332,20-Feb-2026,Transfer,"1,331.65",0.00,"23,371.67"
ID13332,22-Mar-2026,Reversal,919.77,0.00,"75,084.30"
ID13332,05-Mar-2026,Debit Card,0.00,173.77,"25,293.98"
ID13332,08-Jan-2026,Payment,0.00,"1,096.59","7,568.05"
ID13332,14-Feb-2026,Direct Deposit,"4,320.02",0.00,"54,180.20"
ID13332,16-Feb-2026,Payment,0.00,"1,285.23","22,240.88"
ID13332,01-Apr-2026,ATM Withdrawal,0.00,830.67,"13,267.71"
ID13332,22-Mar-2026,ATM Withdrawal,0.00,638.80,"43,825.45"
ID13332,04-Feb-2026,Transfer,856.57,0.00,"85,210.16"
ID13333,07-Jan-2026,Direct Deposit,"1,790.17",0.00,"50,345.78"
ID13333,22-Feb-2026,Direct Deposit,"1,315.19",0.00,"19,875.42"
ID13333,05-Mar-2026,Payment,"1,582.67",0.00,"27,252.33"
ID13333,11-Jan-2026,Transfer,939.92,0.00,"79,615.93"
ID13333,11-Feb-2026,Charge,0.00,559.51,"38,728.61"
ID13333,18-Feb-2026,Debit Card,0.00,991.67,"59,780.56"
ID13333,26-Feb-2026,Charge,0.00,713.30,"90,132.25"
ID13333,06-Feb-2026,Reversal,0.00,443.60,"47,049.13"
ID13333,25-Mar-2026,Transfer,0.00,156.57,"73,258.09"
ID13333,06-Mar-2026,Charge,0.00,589.63,"42,028.33"
ID13333,27-Jan-2026,Reversal,0.00,"1,001.76","4,283.67"
ID13333,04-Feb-2026,Charge,0.00,598.67,"80,344.92"
ID13333,07-Mar-2026,Transfer,0.00,"1,123.02","26,835.57"
ID13333,07-Feb-2026,Direct Deposit,"1,966.34",0.00,"63,659.16"
ID13333,27-Jan-2026,ATM Withdrawal,0.00,865.60,"2,234.27"
ID13333,12-Feb-2026,Payment,411.73,0.00,"17,506.44"
ID13333,16-Mar-2026,ATM Withdrawal,0.00,917.36,"58,527.57"
ID13333,27-Mar-2026,Debit Card,0.00,249.00,"38,070.73"
ID13333,22-Feb-2026,Direct Deposit,"4,761.73",0.00,"78,079.14"
ID13333,25-Jan-2026,Charge,0.00,91.08,"82,362.40"
ID13334,05-Feb-2026,Interest,77.27,0.00,"85,518.76"
ID13334,07-Mar-2026,Payment,"1,540.88",0.00,"44,825.97"
ID13334,14-Jan-2026,ATM Withdrawal,0.00,188.36,"3,896.24"
ID13334,28-Feb-2026,Interest,272.92,0.00,"67,432.10"
ID13334,31-Mar-2026,Charge,0.00,864.04,"44,765.01"
ID13334,03-Feb-2026,Charge,0.00,219.62,"94,411.69"
ID13334,10-Feb-2026,Direct Deposit,"1,041.02",0.00,"90,680.43"
ID13334,28-Feb-2026,ATM Withdrawal,0.00,894.31,"14,337.86"
ID13334,28-Mar-2026,Interest,295.28,0.00,"24,401.10"
ID13334,29-Mar-2026,Payment,"1,534.65",0.00,"18,683.33"
ID13334,10-Mar-2026,Payment,0.00,"1,033.71","93,286.85"
ID13334,03-Mar-2026,Reversal,0.00,880.75,"36,738.58"
ID13334,16-Jan-2026,Reversal,0.00,"1,291.54","34,716.59"
ID13334,13-Jan-2026,Payment,0.00,"1,313.88","46,051.33"
ID13334,30-Mar-2026,Reversal,0.00,226.43,"38,809.21"
ID13334,23-Feb-2026,Charge,0.00,733.12,"64,736.23"
ID13334,10-Jan-2026,Charge,0.00,770.43,"78,239.77"
ID13334,24-Feb-2026,Payment,0.00,258.95,"97,371.83"
ID13334,27-Feb-2026,Debit Card,0.00,748.84,"71,279.72"
ID13334,24-Feb-2026,Reversal,0.00,264.10,"15,487.66"
ID13335,13-Jan-2026,Charge,0.00,407.78,"19,801.89"
ID13335,19-Feb-2026,Reversal,589.05,0.00,"51,539.69"
ID13335,15-Feb-2026,ATM Withdrawal,0.00,955.95,"28,548.15"
ID13335,09-Jan-2026,ATM Withdrawal,0.00,388.59,"38,987.12"
ID13335,05-Jan-2026,Charge,0.00,662.79,"53,103.37"
ID13335,19-Mar-2026,Transfer,"1,060.19",0.00,"21,604.09"
ID13335,10-Feb-2026,Reversal,0.00,953.28,"51,182.26"
ID13335,10-Mar-2026,Direct Deposit,"1,968.86",0.00,"15,192.24"
ID13335,08-Feb-2026,Charge,0.00,695.82,"49,536.15"
ID13335,18-Feb-2026,Interest,445.00,0.00,"18,818.38"
ID13335,18-Mar-2026,Direct Deposit,561.77,0.00,"10,208.60"
ID13335,25-Mar-2026,Interest,308.15,0.00,"68,678.58"
ID13335,26-Jan-2026,Direct Deposit,"1,408.50",0.00,"55,419.08"
ID13335,24-Mar-2026,Charge,0.00,285.52,"72,463.71"
ID13335,02-Apr-2026,Payment,0.00,"1,414.59","22,685.93"
ID13335,01-Apr-2026,Debit Card,0.00,852.82,"63,718.70"
ID13335,16-Jan-2026,Charge,0.00,447.32,"63,084.22"
ID13335,17-Jan-2026,ATM Withdrawal,0.00,195.08,"84,755.86"
ID13335,27-Mar-2026,Transfer,0.00,858.44,"78,179.59"
ID13335,30-Jan-2026,Payment,0.00,"1,270.99","29,196.04"
ID13336,24-Mar-2026,Transfer,"1,279.52",0.00,"94,048.57"
ID13336,08-Mar-2026,Payment,"1,204.00",0.00,"48,284.70"
ID13336,12-Jan-2026,Transfer,944.56,0.00,"20,793.69"
ID13336,18-Mar-2026,Interest,313.28,0.00,"83,157.63"
ID13336,23-Feb-2026,Reversal,0.00,544.21,"28,261.90"
ID13336,22-Jan-2026,Payment,0.00,"1,134.61","36,291.74"
ID13336,13-Jan-2026,Debit Card,0.00,405.85,"65,226.92"
ID13336,15-Feb-2026,Direct Deposit,"3,219.26",0.00,"60,138.77"
ID13336,21-Mar-2026,Interest,298.13,0.00,"45,916.82"
ID13336,30-Mar-2026,Direct Deposit,"1,594.26",0.00,"83,718.75"
ID13336,23-Mar-2026,Debit Card,0.00,450.69,"65,556.29"
ID13336,03-Mar-2026,Charge,0.00,607.89,"15,770.60"
ID13336,01-Mar-2026,Payment,0.00,231.19,"93,193.40"
ID13336,27-Feb-2026,Reversal,"1,321.99",0.00,"77,160.45"
ID13336,07-Mar-2026,ATM Withdrawal,0.00,185.34,"4,997.24"
ID13336,24-Mar-2026,ATM Withdrawal,0.00,402.78,"82,310.50"
ID13336,06-Jan-2026,Interest,351.64,0.00,"16,246.55"
ID13336,02-Feb-2026,Charge,0.00,393.71,"69,053.83"
ID13336,09-Feb-2026,ATM Withdrawal,0.00,716.67,"78,549.64"
ID13336,31-Mar-2026,Direct Deposit,"3,657.58",0.00,"2,844.52"
ID13337,16-Mar-2026,Reversal,"1,176.59",0.00,"99,257.22"
ID13337,10-Jan-2026,Direct Deposit,"1,794.19",0.00,"76,869.71"
ID13337,23-Feb-2026,Payment,0.00,434.85,"58,932.17"
ID13337,28-Mar-2026,Interest,126.92,0.00,"48,479.12"
ID13337,13-Jan-2026,Charge,0.00,39.30,"80,337.34"
ID13337,06-Mar-2026,Transfer,710.68,0.00,"65,963.92"
ID13337,30-Mar-2026,Charge,0.00,294.85,"32,735.80"
ID13337,18-Feb-2026,Payment,0.00,642.57,"8,561.61"
ID13337,06-Jan-2026,Transfer,0.00,561.06,"5,210.57"
ID13337,05-Feb-2026,Transfer,0.00,"1,168.80","97,912.57"
ID13337,25-Jan-2026,Charge,0.00,379.18,"21,934.16"
ID13337,13-Jan-2026,Debit Card,0.00,252.05,"14,085.56"
ID13337,30-Jan-2026,Interest,127.50,0.00,"67,960.73"
ID13337,09-Jan-2026,Transfer,603.53,0.00,"76,749.06"
ID13337,04-Feb-2026,Direct Deposit,572.51,0.00,"73,198.46"
ID13337,24-Feb-2026,Debit Card,0.00,275.65,"64,400.45"
ID13337,21-Jan-2026,Charge,0.00,52.94,"4,971.21"
ID13337,12-Feb-2026,Direct Deposit,"4,198.07",0.00,"32,247.56"
ID13337,11-Feb-2026,Reversal,0.00,188.99,"59,077.19"
ID13337,14-Feb-2026,ATM Withdrawal,0.00,867.52,"46,755.96"
ID13338,09-Jan-2026,ATM Withdrawal,0.00,901.46,"97,448.24"
ID13338,14-Mar-2026,ATM Withdrawal,0.00,362.02,"9,485.26"
ID13338,11-Jan-2026,Reversal,507.35,0.00,"11,388.77"
ID13338,16-Jan-2026,Payment,0.00,"1,475.15","64,276.92"
ID13338,16-Mar-2026,Payment,0.00,795.59,"35,685.54"
ID13338,20-Feb-2026,Debit Card,0.00,378.34,"40,649.82"
ID13338,18-Jan-2026,Payment,869.28,0.00,"68,235.05"
ID13338,03-Jan-2026,ATM Withdrawal,0.00,95.65,"56,002.05"
ID13338,16-Feb-2026,Charge,0.00,62.99,"65,289.05"
ID13338,09-Feb-2026,Interest,250.81,0.00,"60,116.90"
ID13338,01-Mar-2026,Charge,0.00,319.35,"9,246.86"
ID13338,29-Mar-2026,Charge,0.00,601.87,"97,176.90"
ID13338,18-Feb-2026,Payment,"1,986.90",0.00,"37,463.46"
ID13338,19-Feb-2026,Direct Deposit,"2,303.29",0.00,"5,194.95"
ID13338,31-Jan-2026,Debit Card,0.00,302.42,"3,809.73"
ID13338,09-Feb-2026,ATM Withdrawal,0.00,59.57,"31,096.39"
ID13338,19-Mar-2026,Direct Deposit,"2,129.18",0.00,"10,124.59"
ID13338,13-Feb-2026,Charge,0.00,629.40,"65,270.31"
ID13338,19-Mar-2026,Transfer,0.00,136.17,"31,971.45"
ID13338,02-Apr-2026,ATM Withdrawal,0.00,83.09,"57,783.38"
ID13339,20-Feb-2026,Transfer,0.00,"1,425.37","42,469.77"
ID13339,02-Feb-2026,Interest,310.91,0.00,"77,485.91"
ID13339,27-Jan-2026,Interest,66.01,0.00,"42,707.80"
ID13339,10-Mar-2026,Transfer,0.00,"1,447.17","47,105.67"
ID13339,17-Feb-2026,ATM Withdrawal,0.00,731.30,"34,991.06"
ID13339,15-Feb-2026,Interest,407.86,0.00,"71,752.67"
ID13339,21-Mar-2026,Charge,0.00,447.58,"88,474.93"
ID13339,28-Feb-2026,Payment,183.78,0.00,"15,808.23"
ID13339,09-Mar-2026,Reversal,847.34,0.00,"65,020.77"
ID13339,01-Mar-2026,Reversal,0.00,636.51,"1,978.61"
ID13339,02-Feb-2026,ATM Withdrawal,0.00,262.29,"95,695.35"
ID13339,05-Feb-2026,Charge,0.00,791.89,"3,168.89"
ID13339,17-Feb-2026,Transfer,818.88,0.00,"27,856.45"
ID13339,22-Jan-2026,Debit Card,0.00,132.74,"45,676.32"
ID13339,21-Jan-2026,Debit Card,0.00,713.13,"53,261.62"
ID13339,11-Mar-2026,Interest,44.05,0.00,"26,510.56"
ID13339,19-Feb-2026,ATM Withdrawal,0.00,397.17,"86,844.48"
ID13339,23-Feb-2026,Payment,0.00,835.39,"70,763.91"
ID13339,26-Feb-2026,Debit Card,0.00,743.59,"56,900.79"
ID13339,13-Feb-2026,Payment,0.00,779.07,"73,453.81"
ID13340,30-Mar-2026,Direct Deposit,"1,981.18",0.00,"54,755.96"
ID13340,03-Apr-2026,Charge,0.00,704.38,"95,758.21"
ID13340,18-Feb-2026,Payment,0.00,596.44,"25,952.99"
ID13340,17-Mar-2026,ATM Withdrawal,0.00,560.08,"69,641.17"
ID13340,14-Mar-2026,Payment,551.42,0.00,"64,153.55"
ID13340,07-Feb-2026,Transfer,0.00,275.12,"19,454.28"
ID13340,06-Jan-2026,Debit Card,0.00,130.24,"94,921.51"
ID13340,19-Feb-2026,Charge,0.00,215.48,"47,153.74"
ID13340,21-Feb-2026,Reversal,0.00,"1,108.70","48,715.98"
ID13340,29-Jan-2026,Transfer,"1,520.64",0.00,"24,138.63"
ID13340,23-Feb-2026,Direct Deposit,"4,284.00",0.00,"77,931.34"
ID13340,26-Jan-2026,Payment,757.27,0.00,"3,224.29"
ID13340,05-Jan-2026,Reversal,"1,406.17",0.00,"41,983.53"
ID13340,05-Jan-2026,ATM Withdrawal,0.00,567.30,"22,474.10"
ID13340,19-Mar-2026,Interest,69.28,0.00,"14,484.34"
ID13340,10-Mar-2026,Payment,"1,991.75",0.00,"50,175.98"
ID13340,25-Jan-2026,Charge,0.00,594.68,"92,267.78"
ID13340,24-Feb-2026,Interest,194.99,0.00,"23,745.46"
ID13340,05-Mar-2026,Charge,0.00,218.36,"68,385.29"
ID13340,27-Jan-2026,ATM Withdrawal,0.00,367.47,"65,109.58"
ID13341,27-Feb-2026,Debit Card,0.00,263.88,"11,416.69"
ID13341,22-Jan-2026,ATM Withdrawal,0.00,285.34,"45,505.83"
ID13341,06-Feb-2026,Direct Deposit,"1,722.45",0.00,"60,022.09"
ID13341,27-Feb-2026,Interest,408.85,0.00,"2,730.96"
ID13341,12-Mar-2026,Charge,0.00,646.23,"63,868.59"
ID13341,20-Jan-2026,Payment,"1,099.61",0.00,"20,648.58"
ID13341,22-Mar-2026,Interest,54.43,0.00,"70,819.69"
ID13341,30-Jan-2026,Reversal,0.00,225.55,"59,395.23"
ID13341,02-Apr-2026,Reversal,0.00,516.34,"12,625.71"
ID13341,22-Feb-2026,Direct Deposit,"2,093.29",0.00,"46,442.84"
ID13341,12-Jan-2026,Interest,137.19,0.00,"1,609.15"
ID13341,03-Mar-2026,Direct Deposit,"2,732.56",0.00,"69,089.18"
ID13341,06-Mar-2026,ATM Withdrawal,0.00,843.97,"57,627.39"
ID13341,10-Feb-2026,Direct Deposit,"2,672.34",0.00,"68,355.06"
ID13341,13-Mar-2026,Direct Deposit,"4,673.38",0.00,"48,129.30"
ID13341,20-Jan-2026,Direct Deposit,"3,443.74",0.00,"74,964.81"
ID13341,20-Jan-2026,ATM Withdrawal,0.00,373.38,"20,982.94"
ID13341,14-Feb-2026,Transfer,"1,038.81",0.00,"49,607.25"
ID13341,04-Feb-2026,ATM Withdrawal,0.00,805.53,"89,762.43"
ID13341,31-Jan-2026,Reversal,996.94,0.00,"50,889.43"
ID13342,31-Mar-2026,Charge,0.00,669.56,"4,598.48"
ID13342,03-Feb-2026,Payment,0.00,71.58,"28,382.59"
ID13342,17-Jan-2026,ATM Withdrawal,0.00,542.53,"30,087.14"
ID13342,26-Jan-2026,Payment,0.00,359.39,"87,227.96"
ID13342,10-Feb-2026,Charge,0.00,933.84,"95,541.41"
ID13342,12-Mar-2026,Reversal,"1,309.41",0.00,"36,047.58"
ID13342,22-Feb-2026,Reversal,0.00,"1,131.59","39,793.95"
ID13342,24-Feb-2026,Reversal,0.00,"1,249.73","15,617.69"
ID13342,21-Jan-2026,Charge,0.00,912.34,"8,081.36"
ID13342,20-Jan-2026,Payment,224.85,0.00,"80,416.44"
ID13342,01-Feb-2026,Payment,"1,741.23",0.00,"76,374.08"
ID13342,18-Feb-2026,Debit Card,0.00,840.52,"56,548.49"
ID13342,04-Mar-2026,Charge,0.00,690.06,"39,414.54"
ID13342,16-Mar-2026,Direct Deposit,820.29,0.00,"99,032.55"
ID13342,26-Jan-2026,Charge,0.00,250.50,"23,950.58"
ID13342,24-Jan-2026,ATM Withdrawal,0.00,928.85,"19,206.95"
ID13342,19-Feb-2026,Direct Deposit,"1,464.26",0.00,"23,426.34"
ID13342,11-Jan-2026,Interest,146.66,0.00,"73,200.90"
ID13342,27-Feb-2026,Direct Deposit,"3,875.81",0.00,"10,110.21"
ID13342,17-Feb-2026,Debit Card,0.00,216.02,"25,937.57"
ID13343,07-Jan-2026,Charge,0.00,74.97,"71,204.34"
ID13343,08-Jan-2026,Direct Deposit,"2,424.67",0.00,"13,773.92"
ID13343,06-Feb-2026,Reversal,"1,195.05",0.00,"23,067.88"
ID13343,04-Mar-2026,ATM Withdrawal,0.00,562.31,"94,167.34"
ID13343,01-Feb-2026,Direct Deposit,"2,503.44",0.00,"82,182.54"
ID13343,11-Mar-2026,Transfer,"1,889.95",0.00,"56,107.01"
ID13343,15-Feb-2026,Reversal,"1,609.60",0.00,"39,074.91"
ID13343,01-Apr-2026,Charge,0.00,184.75,"94,523.93"
ID13343,06-Feb-2026,Direct Deposit,750.56,0.00,"41,419.43"
ID13343,07-Jan-2026,Debit Card,0.00,482.43,"5,937.86"
ID13343,20-Jan-2026,Direct Deposit,630.07,0.00,"89,501.75"
ID13343,03-Jan-2026,Transfer,0.00,347.60,"33,780.82"
ID13343,19-Jan-2026,Interest,24.45,0.00,"51,305.06"
ID13343,14-Jan-2026,Payment,0.00,"1,115.73","4,866.85"
ID13343,31-Mar-2026,Transfer,"1,896.06",0.00,"73,806.03"
ID13343,22-Feb-2026,Reversal,870.62,0.00,"50,472.73"
ID13343,12-Mar-2026,Payment,"1,986.79",0.00,"44,163.11"
ID13343,06-Feb-2026,Payment,0.00,518.13,"49,640.96"
ID13343,06-Feb-2026,Payment,0.00,"1,356.12","21,819.27"
ID13343,16-Feb-2026,Debit Card,0.00,994.71,"79,356.71"
ID13344,11-Jan-2026,Direct Deposit,"1,645.58",0.00,"31,274.68"
ID13344,10-Mar-2026,Direct Deposit,"2,433.86",0.00,"47,044.67"
ID13344,12-Jan-2026,Payment,0.00,958.36,"94,161.47"
ID13344,16-Feb-2026,ATM Withdrawal,0.00,999.55,"64,056.60"
ID13344,25-Feb-2026,Transfer,0.00,426.11,"50,245.53"
ID13344,23-Feb-2026,Transfer,"1,619.60",0.00,"57,033.68"
ID13344,22-Mar-2026,ATM Withdrawal,0.00,163.41,"94,206.96"
ID13344,03-Mar-2026,Transfer,0.00,226.95,"34,481.69"
ID13344,04-Feb-2026,Direct Deposit,"1,227.30",0.00,"44,115.96"
ID13344,27-Feb-2026,Payment,0.00,497.98,"77,960.54"
ID13344,28-Feb-2026,Payment,304.31,0.00,"5,322.13"
ID13344,24-Mar-2026,Interest,204.97,0.00,"58,335.09"
ID13344,04-Jan-2026,ATM Withdrawal,0.00,958.04,"71,971.73"
ID13344,25-Feb-2026,Payment,"1,051.77",0.00,"68,037.21"
ID13344,12-Jan-2026,Reversal,0.00,"1,027.96","87,271.53"
ID13344,10-Mar-2026,Transfer,0.00,990.96,"41,145.36"
ID13344,23-Jan-2026,Direct Deposit,"2,441.96",0.00,"55,634.56"
ID13344,19-Feb-2026,Charge,0.00,468.14,"26,388.77"
ID13344,22-Jan-2026,Interest,432.79,0.00,"32,122.67"
ID13344,21-Feb-2026,Transfer,0.00,"1,142.86","34,991.23"
ID13345,06-Feb-2026,Debit Card,0.00,174.17,"39,160.04"
ID13345,21-Mar-2026,Reversal,0.00,699.55,"20,531.00"
ID13345,05-Mar-2026,Reversal,0.00,621.18,"37,672.31"
ID13345,29-Mar-2026,ATM Withdrawal,0.00,894.09,"46,130.35"
ID13345,14-Feb-2026,Direct Deposit,"2,954.81",0.00,"60,058.83"
ID13345,03-Feb-2026,Reversal,126.77,0.00,"83,643.92"
ID13345,03-Apr-2026,Transfer,0.00,"1,400.25","68,724.78"
ID13345,26-Jan-2026,Payment,0.00,183.01,"67,241.03"
ID13345,28-Jan-2026,ATM Withdrawal,0.00,104.88,"48,311.50"
ID13345,02-Feb-2026,ATM Withdrawal,0.00,938.37,"16,441.75"
ID13345,31-Jan-2026,Charge,0.00,533.23,"51,202.89"
ID13345,02-Apr-2026,Direct Deposit,"2,443.13",0.00,"99,103.13"
ID13345,12-Mar-2026,Reversal,0.00,892.64,"77,227.90"
ID13345,02-Apr-2026,ATM Withdrawal,0.00,771.16,"27,913.88"
ID13345,06-Feb-2026,Charge,0.00,141.92,"68,918.41"
ID13345,18-Jan-2026,Payment,0.00,74.76,"58,459.58"
ID13345,10-Feb-2026,Direct Deposit,"3,534.42",0.00,"99,190.23"
ID13345,23-Mar-2026,Interest,20.32,0.00,"13,230.40"
ID13345,07-Mar-2026,Interest,409.62,0.00,"44,181.03"
ID13345,15-Mar-2026,Debit Card,0.00,240.57,"85,519.42"
ID13346,20-Feb-2026,Transfer,0.00,185.58,"18,009.84"
ID13346,04-Mar-2026,Debit Card,0.00,200.90,"23,169.66"
ID13346,31-Mar-2026,Reversal,"1,974.35",0.00,"73,510.07"
ID13346,20-Jan-2026,Debit Card,0.00,178.94,"3,991.09"
ID13346,24-Feb-2026,Payment,0.00,512.14,"11,226.48"
ID13346,25-Mar-2026,Interest,321.10,0.00,"91,561.80"
ID13346,18-Jan-2026,Charge,0.00,348.80,"24,199.84"
ID13346,19-Mar-2026,Interest,16.70,0.00,"58,082.27"
ID13346,31-Mar-2026,Charge,0.00,968.45,"14,927.92"
ID13346,05-Mar-2026,Reversal,0.00,"1,195.26","4,398.68"
ID13346,13-Feb-2026,Transfer,0.00,987.45,"87,070.72"
ID13346,02-Feb-2026,Direct Deposit,"1,918.48",0.00,"82,870.33"
ID13346,28-Jan-2026,Direct Deposit,"4,957.29",0.00,"79,989.74"
ID13346,21-Feb-2026,Interest,197.18,0.00,"32,165.20"
ID13346,19-Mar-2026,Reversal,"1,599.05",0.00,"35,161.92"
ID13346,03-Jan-2026,Reversal,0.00,699.12,"45,533.54"
ID13346,24-Mar-2026,Reversal,0.00,"1,220.73","25,285.11"
ID13346,03-Jan-2026,Payment,"1,069.92",0.00,"62,554.44"
ID13346,17-Mar-2026,Debit Card,0.00,316.24,"62,276.32"
ID13346,02-Feb-2026,Reversal,138.79,0.00,"39,083.96"
ID13347,01-Feb-2026,ATM Withdrawal,0.00,984.20,"97,861.13"
ID13347,10-Jan-2026,Reversal,0.00,932.89,"85,142.22"
ID13347,11-Mar-2026,Debit Card,0.00,703.86,"97,791.00"
ID13347,22-Feb-2026,Debit Card,0.00,191.32,"52,413.26"
ID13347,18-Mar-2026,Debit Card,0.00,440.36,"42,709.54"
ID13347,23-Mar-2026,ATM Withdrawal,0.00,669.48,"99,158.85"
ID13347,01-Mar-2026,Charge,0.00,498.88,"27,171.74"
ID13347,31-Mar-2026,ATM Withdrawal,0.00,618.87,"12,298.16"
ID13347,03-Apr-2026,Debit Card,0.00,367.55,"42,288.96"
ID13347,04-Mar-2026,Reversal,0.00,495.79,"75,315.01"
ID13347,24-Feb-2026,Payment,0.00,820.27,"75,028.83"
ID13347,18-Jan-2026,Transfer,"1,967.01",0.00,"25,071.11"
ID13347,26-Feb-2026,Payment,"1,367.94",0.00,"46,980.95"
ID13347,07-Jan-2026,Payment,766.27,0.00,"39,644.02"
ID13347,22-Jan-2026,Interest,30.18,0.00,"28,302.11"
ID13347,21-Jan-2026,Direct Deposit,"3,729.66",0.00,"60,127.49"
ID13347,04-Jan-2026,Transfer,284.41,0.00,"20,996.23"
ID13347,22-Feb-2026,Transfer,545.54,0.00,"90,873.63"
ID13347,01-Mar-2026,Transfer,489.74,0.00,"64,339.27"
ID13347,09-Mar-2026,Direct Deposit,"2,482.44",0.00,"55,787.20"
ID13348,16-Feb-2026,ATM Withdrawal,0.00,363.81,"9,663.00"
ID13348,14-Mar-2026,ATM Withdrawal,0.00,27.84,"45,831.08"
ID13348,17-Mar-2026,Transfer,233.01,0.00,"17,099.44"
ID13348,02-Feb-2026,Debit Card,0.00,806.00,"34,050.28"
ID13348,28-Jan-2026,ATM Withdrawal,0.00,725.74,"85,470.14"
ID13348,25-Mar-2026,ATM Withdrawal,0.00,193.30,"85,990.65"
ID13348,26-Feb-2026,Transfer,0.00,131.75,"81,566.47"
ID13348,21-Mar-2026,ATM Withdrawal,0.00,916.84,"5,389.21"
ID13348,27-Jan-2026,Interest,258.16,0.00,"51,032.64"
ID13348,21-Jan-2026,Charge,0.00,660.51,"55,070.07"
ID13348,23-Mar-2026,Charge,0.00,346.10,"72,412.42"
ID13348,20-Jan-2026,Payment,613.53,0.00,"67,816.66"
ID13348,31-Mar-2026,Direct Deposit,"2,369.14",0.00,"43,695.54"
ID13348,17-Feb-2026,Payment,823.86,0.00,"54,633.77"
ID13348,15-Mar-2026,Reversal,940.47,0.00,"83,821.15"
ID13348,11-Mar-2026,Direct Deposit,"2,973.66",0.00,"23,863.30"
ID13348,16-Mar-2026,Charge,0.00,947.24,"89,140.16"
ID13348,02-Apr-2026,Charge,0.00,36.16,"97,481.05"
ID13348,26-Jan-2026,Transfer,0.00,866.99,"81,417.48"
ID13348,03-Jan-2026,Charge,0.00,695.77,"68,768.41"
ID13349,27-Feb-2026,Interest,23.40,0.00,"98,859.18"
ID13349,14-Jan-2026,Payment,"1,150.59",0.00,"12,453.28"
ID13349,12-Feb-2026,Reversal,0.00,"1,426.85","6,041.12"
ID13349,30-Mar-2026,Reversal,"1,606.61",0.00,"70,924.00"
ID13349,31-Jan-2026,Interest,458.96,0.00,"23,648.99"
ID13349,14-Mar-2026,Reversal,0.00,"1,202.49","83,950.44"
ID13349,01-Apr-2026,Charge,0.00,153.48,"36,963.71"
ID13349,14-Jan-2026,Charge,0.00,468.06,"87,900.41"
ID13349,20-Feb-2026,Debit Card,0.00,571.53,"10,686.06"
ID13349,02-Apr-2026,Reversal,122.37,0.00,"76,389.68"
ID13349,20-Mar-2026,Payment,0.00,859.23,"2,832.11"
ID13349,27-Jan-2026,ATM Withdrawal,0.00,13.95,"32,782.05"
ID13349,01-Mar-2026,Transfer,"1,181.08",0.00,"56,358.34"
ID13349,15-Feb-2026,Interest,215.96,0.00,"34,882.00"
ID13349,28-Feb-2026,Interest,271.96,0.00,"34,656.44"
ID13349,20-Jan-2026,ATM Withdrawal,0.00,708.96,"53,730.86"
ID13349,25-Jan-2026,Debit Card,0.00,833.15,"72,405.29"
ID13349,01-Apr-2026,Charge,0.00,395.68,"82,416.79"
ID13349,13-Jan-2026,ATM Withdrawal,0.00,243.34,"36,032.06"
ID13349,02-Apr-2026,Interest,497.37,0.00,"19,718.85"
ID13350,04-Mar-2026,Payment,"1,775.89",0.00,"50,152.12"
ID13350,27-Mar-2026,Charge,0.00,987.14,"45,517.08"
ID13350,18-Mar-2026,Interest,164.03,0.00,"49,113.11"
ID13350,12-Jan-2026,Transfer,"1,245.18",0.00,"36,781.76"
ID13350,28-Jan-2026,Interest,397.43,0.00,"29,340.79"
ID13350,16-Mar-2026,Debit Card,0.00,563.56,"22,787.64"
ID13350,04-Mar-2026,Payment,412.80,0.00,"23,396.96"
ID13350,08-Mar-2026,Direct Deposit,"1,479.34",0.00,"6,707.42"
ID13350,12-Feb-2026,Transfer,"1,368.00",0.00,"97,194.50"
ID13350,21-Mar-2026,Interest,143.50,0.00,"11,255.05"
ID13350,03-Apr-2026,Direct Deposit,"1,452.49",0.00,"15,761.03"
ID13350,17-Jan-2026,ATM Withdrawal,0.00,420.23,"58,866.47"
ID13350,01-Mar-2026,Interest,63.12,0.00,"14,140.48"
ID13350,03-Feb-2026,ATM Withdrawal,0.00,942.84,"17,192.64"
ID13350,05-Mar-2026,Debit Card,0.00,895.39,"94,565.66"
ID13350,11-Mar-2026,ATM Withdrawal,0.00,104.41,"5,019.99"
ID13350,18-Mar-2026,ATM Withdrawal,0.00,74.80,"61,568.81"
ID13350,21-Feb-2026,Transfer,0.00,611.03,"16,532.03"
ID13350,05-Feb-2026,Charge,0.00,794.12,"8,406.10"
ID13350,24-Feb-2026,Debit Card,0.00,80.69,"83,560.08"
ID13351,16-Mar-2026,Payment,0.00,792.42,"54,360.03"
ID13351,05-Jan-2026,Interest,110.13,0.00,"11,356.19"
ID13351,08-Jan-2026,Direct Deposit,"4,438.07",0.00,"41,827.00"
ID13351,03-Feb-2026,Payment,"1,458.39",0.00,"4,587.40"
ID13351,23-Jan-2026,Charge,0.00,657.77,"22,505.45"
ID13351,25-Feb-2026,Debit Card,0.00,873.00,"58,711.84"
ID13351,12-Mar-2026,Transfer,607.19,0.00,"72,006.54"
ID13351,03-Feb-2026,Payment,812.65,0.00,"77,634.05"
ID13351,07-Mar-2026,Payment,0.00,573.85,"67,714.77"
ID13351,26-Mar-2026,Charge,0.00,886.27,"73,965.22"
ID13351,01-Feb-2026,ATM Withdrawal,0.00,780.73,"88,682.48"
ID13351,01-Feb-2026,ATM Withdrawal,0.00,976.72,"99,872.30"
ID13351,01-Mar-2026,Reversal,0.00,"1,240.96","53,148.18"
ID13351,10-Jan-2026,ATM Withdrawal,0.00,65.44,"37,714.49"
ID13351,22-Jan-2026,Charge,0.00,518.23,"81,154.64"
ID13351,25-Jan-2026,Direct Deposit,"4,816.57",0.00,"84,647.92"
ID13351,31-Mar-2026,Debit Card,0.00,748.83,"67,066.24"
ID13351,03-Jan-2026,Debit Card,0.00,976.05,"33,901.39"
ID13351,29-Jan-2026,ATM Withdrawal,0.00,32.33,"2,585.47"
ID13351,05-Jan-2026,ATM Withdrawal,0.00,747.50,"57,708.86"
ID13352,13-Mar-2026,Reversal,"1,912.08",0.00,"62,944.40"
ID13352,03-Jan-2026,Reversal,"1,988.04",0.00,"97,386.92"
ID13352,15-Feb-2026,Charge,0.00,635.12,"66,847.49"
ID13352,16-Feb-2026,ATM Withdrawal,0.00,736.11,"44,292.05"
ID13352,12-Mar-2026,Reversal,"1,756.27",0.00,"60,695.77"
ID13352,03-Jan-2026,Direct Deposit,988.87,0.00,"90,838.40"
ID13352,17-Feb-2026,Transfer,0.00,464.74,"41,182.25"
ID13352,13-Mar-2026,Reversal,0.00,337.82,"29,904.82"
ID13352,12-Jan-2026,Debit Card,0.00,480.90,"76,493.37"
ID13352,04-Feb-2026,Charge,0.00,41.10,"39,768.59"
ID13352,29-Mar-2026,Reversal,474.85,0.00,"19,498.94"
ID13352,10-Jan-2026,Interest,371.42,0.00,"4,586.51"
ID13352,23-Feb-2026,Direct Deposit,"2,431.91",0.00,"53,092.53"
ID13352,09-Mar-2026,Payment,0.00,"1,049.18","76,896.65"
ID13352,25-Feb-2026,Direct Deposit,"2,840.27",0.00,"14,466.24"
ID13352,21-Jan-2026,Transfer,790.14,0.00,"26,831.00"
ID13352,31-Mar-2026,Charge,0.00,184.88,"28,347.89"
ID13352,13-Jan-2026,Debit Card,0.00,91.35,"46,964.02"
ID13352,25-Mar-2026,Direct Deposit,"3,680.45",0.00,"99,742.17"
ID13352,24-Jan-2026,Transfer,372.06,0.00,"2,254.21"
ID13353,19-Mar-2026,ATM Withdrawal,0.00,678.28,"3,132.74"
ID13353,27-Feb-2026,Payment,"1,780.10",0.00,"5,092.30"
ID13353,09-Jan-2026,Direct Deposit,"1,170.11",0.00,"43,050.58"
ID13353,11-Feb-2026,Transfer,"1,396.27",0.00,"64,311.86"
ID13353,31-Mar-2026,Direct Deposit,"3,391.51",0.00,"55,270.55"
ID13353,24-Jan-2026,Payment,0.00,674.27,"24,089.08"
ID13353,19-Jan-2026,Debit Card,0.00,384.14,"48,124.12"
ID13353,13-Jan-2026,Debit Card,0.00,352.50,"42,653.25"
ID13353,07-Jan-2026,Payment,0.00,791.19,"5,004.52"
ID13353,16-Jan-2026,Interest,404.69,0.00,"28,920.48"
ID13353,06-Jan-2026,Debit Card,0.00,572.97,"66,466.02"
ID13353,11-Mar-2026,Debit Card,0.00,434.53,"48,355.83"
ID13353,19-Mar-2026,Transfer,675.62,0.00,"35,289.14"
ID13353,13-Feb-2026,ATM Withdrawal,0.00,894.64,"31,272.03"
ID13353,22-Feb-2026,Payment,0.00,854.39,"10,731.18"
ID13353,17-Jan-2026,Charge,0.00,289.56,"80,195.37"
ID13353,25-Feb-2026,ATM Withdrawal,0.00,108.41,"56,263.44"
ID13353,23-Jan-2026,Reversal,0.00,157.82,"66,433.57"
ID13353,15-Jan-2026,Transfer,"1,612.23",0.00,"9,163.91"
ID13353,04-Jan-2026,ATM Withdrawal,0.00,188.95,"87,893.05"
ID13354,25-Feb-2026,ATM Withdrawal,0.00,264.44,"98,820.86"
ID13354,10-Jan-2026,Reversal,0.00,"1,211.34","77,545.99"
ID13354,07-Jan-2026,Reversal,945.35,0.00,"89,671.35"
ID13354,15-Mar-2026,ATM Withdrawal,0.00,940.08,"80,183.07"
ID13354,20-Mar-2026,Debit Card,0.00,849.56,"73,776.11"
ID13354,13-Jan-2026,Charge,0.00,355.07,"24,596.29"
ID13354,22-Mar-2026,ATM Withdrawal,0.00,739.08,"92,831.38"
ID13354,04-Jan-2026,Charge,0.00,375.61,"73,852.94"
ID13354,29-Jan-2026,ATM Withdrawal,0.00,118.00,"79,339.53"
ID13354,05-Jan-2026,Direct Deposit,"4,203.30",0.00,"8,281.26"
ID13354,08-Mar-2026,Charge,0.00,19.63,"93,961.24"
ID13354,18-Jan-2026,Interest,324.49,0.00,"73,819.60"
ID13354,18-Mar-2026,Charge,0.00,187.65,"16,673.88"
ID13354,23-Jan-2026,Interest,106.59,0.00,"49,584.75"
ID13354,24-Feb-2026,Interest,336.35,0.00,"23,149.80"
ID13354,07-Jan-2026,Payment,575.61,0.00,"1,337.32"
ID13354,16-Jan-2026,ATM Withdrawal,0.00,23.66,"63,987.67"
ID13354,29-Mar-2026,Direct Deposit,"1,736.78",0.00,"51,370.57"
ID13354,03-Feb-2026,Charge,0.00,961.19,"14,415.85"
ID13354,03-Mar-2026,Reversal,0.00,843.11,"85,328.78"
ID13355,04-Feb-2026,Transfer,0.00,"1,204.20","36,496.65"
ID13355,06-Jan-2026,Debit Card,0.00,948.03,"31,115.81"
ID13355,26-Jan-2026,Interest,320.20,0.00,"84,041.23"
ID13355,04-Feb-2026,Interest,111.53,0.00,"94,804.23"
ID13355,13-Jan-2026,Direct Deposit,"3,981.04",0.00,"15,689.71"
ID13355,02-Apr-2026,ATM Withdrawal,0.00,967.23,"73,887.08"
ID13355,20-Feb-2026,Debit Card,0.00,656.12,"48,096.37"
ID13355,17-Mar-2026,Interest,366.87,0.00,"33,241.22"
ID13355,05-Mar-2026,Charge,0.00,323.66,"5,791.22"
ID13355,17-Jan-2026,Charge,0.00,821.39,"77,026.72"
ID13355,18-Feb-2026,Reversal,0.00,660.95,"4,267.53"
ID13355,31-Mar-2026,Reversal,488.14,0.00,"37,263.32"
ID13355,04-Mar-2026,ATM Withdrawal,0.00,41.87,"65,114.55"
ID13355,30-Mar-2026,Transfer,306.07,0.00,"41,887.91"
ID13355,03-Feb-2026,ATM Withdrawal,0.00,782.63,"59,362.61"
ID13355,12-Feb-2026,Reversal,0.00,932.88,"53,854.73"
ID13355,05-Mar-2026,Interest,167.22,0.00,"5,318.49"
ID13355,18-Mar-2026,Direct Deposit,"2,888.71",0.00,"92,979.02"
ID13355,27-Jan-2026,Transfer,0.00,"1,238.13","98,404.59"
ID13355,12-Feb-2026,Charge,0.00,722.58,"86,410.97"
ID13356,04-Feb-2026,Payment,0.00,530.36,"17,731.11"
ID13356,28-Mar-2026,ATM Withdrawal,0.00,351.28,"45,496.01"
ID13356,27-Mar-2026,ATM Withdrawal,0.00,297.98,"24,981.42"
ID13356,09-Mar-2026,Interest,493.67,0.00,"61,728.49"
ID13356,21-Feb-2026,Transfer,0.00,212.53,"87,226.53"
ID13356,09-Feb-2026,Transfer,"1,750.20",0.00,"23,840.84"
ID13356,04-Mar-2026,ATM Withdrawal,0.00,436.09,"70,960.47"
ID13356,10-Jan-2026,Reversal,"1,704.65",0.00,"48,547.85"
ID13356,12-Mar-2026,Transfer,0.00,557.91,"31,011.36"
ID13356,16-Jan-2026,Charge,0.00,981.16,"85,444.77"
ID13356,26-Feb-2026,Debit Card,0.00,370.13,"12,994.84"
ID13356,05-Feb-2026,Transfer,976.34,0.00,"89,107.67"
ID13356,24-Feb-2026,Debit Card,0.00,223.24,"65,717.14"
ID13356,11-Jan-2026,ATM Withdrawal,0.00,506.02,"59,203.38"
ID13356,05-Jan-2026,Payment,"1,488.92",0.00,"79,139.26"
ID13356,19-Jan-2026,Interest,466.54,0.00,"16,997.09"
ID13356,31-Mar-2026,Debit Card,0.00,714.03,"71,947.30"
ID13356,12-Jan-2026,Charge,0.00,238.12,"50,906.53"
ID13356,16-Feb-2026,ATM Withdrawal,0.00,310.11,"20,000.66"
ID13356,25-Mar-2026,ATM Withdrawal,0.00,570.26,"58,375.31"
ID13357,12-Mar-2026,Transfer,"1,064.89",0.00,"97,968.54"
ID13357,16-Jan-2026,Transfer,0.00,"1,123.66","93,921.98"
ID13357,28-Mar-2026,Payment,"1,972.15",0.00,"33,931.80"
ID13357,08-Jan-2026,Payment,0.00,"1,205.84","33,936.53"
ID13357,06-Feb-2026,Direct Deposit,"1,570.78",0.00,"23,309.05"
ID13357,15-Mar-2026,Direct Deposit,"2,527.14",0.00,"75,289.37"
ID13357,03-Mar-2026,Interest,175.65,0.00,"6,472.17"
ID13357,01-Mar-2026,Payment,"1,067.09",0.00,"59,409.25"
ID13357,11-Feb-2026,Charge,0.00,64.90,"67,531.57"
ID13357,29-Jan-2026,Debit Card,0.00,684.75,"23,854.87"
ID13357,15-Jan-2026,Reversal,"1,072.94",0.00,"13,040.17"
ID13357,21-Feb-2026,Payment,0.00,"1,158.45","79,267.33"
ID13357,17-Feb-2026,Transfer,0.00,"1,346.62","79,410.06"
ID13357,16-Mar-2026,Transfer,0.00,"1,277.56","7,617.44"
ID13357,19-Mar-2026,ATM Withdrawal,0.00,627.28,"30,206.55"
ID13357,18-Jan-2026,Payment,"1,612.36",0.00,"73,409.10"
ID13357,25-Jan-2026,Interest,91.24,0.00,"31,040.56"
ID13357,23-Jan-2026,ATM Withdrawal,0.00,28.15,"79,807.01"
ID13357,01-Apr-2026,Debit Card,0.00,683.11,"85,322.05"
ID13357,04-Mar-2026,ATM Withdrawal,0.00,26.09,"99,862.86"
ID13358,02-Apr-2026,Payment,"1,880.98",0.00,"9,674.29"
ID13358,08-Jan-2026,Charge,0.00,946.04,"60,380.13"
ID13358,10-Mar-2026,Transfer,718.23,0.00,"58,253.17"
ID13358,03-Apr-2026,ATM Withdrawal,0.00,956.08,"81,352.56"
ID13358,25-Mar-2026,Reversal,422.66,0.00,"83,282.92"
ID13358,19-Mar-2026,Transfer,878.95,0.00,"20,355.96"
ID13358,30-Jan-2026,Direct Deposit,"2,986.80",0.00,"40,041.24"
ID13358,04-Feb-2026,Reversal,746.62,0.00,"89,959.01"
ID13358,13-Mar-2026,Direct Deposit,778.02,0.00,"76,836.40"
ID13358,01-Apr-2026,Interest,245.24,0.00,"56,957.53"
ID13358,24-Feb-2026,Direct Deposit,"4,219.14",0.00,"4,672.38"
ID13358,04-Jan-2026,Transfer,0.00,"1,241.12","28,256.86"
ID13358,17-Jan-2026,Debit Card,0.00,796.78,"13,382.18"
ID13358,04-Jan-2026,Payment,"1,709.70",0.00,"50,497.10"
ID13358,28-Mar-2026,Charge,0.00,143.14,"53,891.04"
ID13358,20-Mar-2026,Reversal,"1,846.19",0.00,"6,991.21"
ID13358,12-Mar-2026,Direct Deposit,"2,988.42",0.00,"83,796.92"
ID13358,18-Feb-2026,Payment,869.30,0.00,"63,046.48"
ID13358,18-Mar-2026,Transfer,"1,085.61",0.00,"33,916.74"
ID13358,03-Jan-2026,ATM Withdrawal,0.00,375.41,"45,105.52"
ID13359,01-Mar-2026,Interest,495.45,0.00,"11,401.93"
ID13359,11-Jan-2026,Charge,0.00,376.41,"89,511.79"
ID13359,21-Mar-2026,Interest,98.85,0.00,"91,167.77"
ID13359,27-Feb-2026,Interest,269.91,0.00,"25,820.37"
ID13359,13-Jan-2026,Interest,100.80,0.00,"26,635.07"
ID13359,18-Mar-2026,Interest,324.19,0.00,"96,710.03"
ID13359,06-Mar-2026,Direct Deposit,"3,895.48",0.00,"24,018.89"
ID13359,29-Mar-2026,Interest,479.66,0.00,"13,196.47"
ID13359,03-Mar-2026,Charge,0.00,181.26,"35,288.17"
ID13359,18-Feb-2026,Direct Deposit,"2,850.17",0.00,"65,098.63"
ID13359,09-Mar-2026,Transfer,"1,867.22",0.00,"22,554.23"
ID13359,19-Feb-2026,Direct Deposit,"3,705.18",0.00,"57,656.89"
ID13359,28-Mar-2026,Reversal,"1,310.61",0.00,"68,071.98"
ID13359,24-Jan-2026,Transfer,0.00,521.83,"52,731.47"
ID13359,21-Jan-2026,Transfer,"1,946.58",0.00,"83,843.74"
ID13359,16-Feb-2026,Interest,397.45,0.00,"55,390.58"
ID13359,17-Feb-2026,Direct Deposit,"4,554.19",0.00,"47,085.30"
ID13359,31-Jan-2026,Transfer,"1,310.87",0.00,"58,638.53"
ID13359,24-Jan-2026,Payment,0.00,"1,447.04","65,951.98"
ID13359,04-Jan-2026,Debit Card,0.00,551.77,"30,511.97"
ID13360,07-Jan-2026,Charge,0.00,794.72,"33,880.12"
ID13360,23-Jan-2026,Transfer,550.68,0.00,"81,446.14"
ID13360,27-Jan-2026,ATM Withdrawal,0.00,71.75,"60,064.64"
ID13360,07-Jan-2026,Debit Card,0.00,276.29,"52,159.67"
ID13360,06-Feb-2026,Direct Deposit,"1,361.84",0.00,"64,686.09"
ID13360,15-Jan-2026,Payment,0.00,"1,137.14","18,483.27"
ID13360,30-Mar-2026,Charge,0.00,281.47,"84,180.53"
ID13360,15-Jan-2026,Charge,0.00,309.53,"19,318.01"
ID13360,07-Feb-2026,Reversal,0.00,86.17,"29,641.02"
ID13360,30-Mar-2026,Transfer,491.30,0.00,"34,315.72"
ID13360,21-Feb-2026,Payment,0.00,127.66,"7,204.35"
ID13360,19-Feb-2026,Interest,190.71,0.00,"50,218.84"
ID13360,29-Mar-2026,ATM Withdrawal,0.00,637.90,"54,856.32"
ID13360,02-Mar-2026,Payment,"1,468.66",0.00,"49,203.48"
ID13360,23-Jan-2026,Transfer,0.00,"1,138.22","49,241.57"
ID13360,14-Feb-2026,Transfer,0.00,967.35,"28,225.00"
ID13360,04-Mar-2026,Direct Deposit,754.87,0.00,"98,413.72"
ID13360,20-Mar-2026,Direct Deposit,"4,932.61",0.00,"80,133.07"
ID13360,30-Jan-2026,Transfer,"1,442.83",0.00,"83,552.13"
ID13360,22-Mar-2026,ATM Withdrawal,0.00,528.90,"27,412.76"
ID13361,01-Feb-2026,Payment,277.10,0.00,"69,830.91"
ID13361,09-Mar-2026,Debit Card,0.00,206.54,"69,106.93"
ID13361,21-Mar-2026,Transfer,0.00,124.83,"40,358.24"
ID13361,26-Mar-2026,Interest,54.49,0.00,"35,612.61"
ID13361,27-Mar-2026,Charge,0.00,839.16,"16,235.06"
ID13361,18-Jan-2026,Reversal,0.00,"1,093.84","56,798.17"
ID13361,20-Mar-2026,Debit Card,0.00,153.53,"4,888.49"
ID13361,23-Mar-2026,Charge,0.00,18.05,"10,762.51"
ID13361,31-Mar-2026,Payment,"1,663.31",0.00,"67,580.94"
ID13361,13-Jan-2026,Reversal,"1,566.36",0.00,"52,528.23"
ID13361,12-Jan-2026,Charge,0.00,347.91,"44,319.87"
ID13361,23-Jan-2026,Transfer,902.83,0.00,"42,755.68"
ID13361,23-Mar-2026,Direct Deposit,"3,581.08",0.00,"7,936.13"
ID13361,27-Jan-2026,Charge,0.00,797.08,"53,276.43"
ID13361,11-Mar-2026,Payment,"1,208.79",0.00,"92,345.49"
ID13361,23-Feb-2026,Direct Deposit,"1,309.08",0.00,"7,116.39"
ID13361,07-Feb-2026,Transfer,"1,029.97",0.00,"66,537.49"
ID13361,24-Jan-2026,Reversal,215.73,0.00,"59,082.94"
ID13361,11-Jan-2026,Payment,0.00,"1,280.52","34,015.66"
ID13361,01-Mar-2026,Charge,0.00,64.77,"28,791.88"
ID13362,31-Jan-2026,ATM Withdrawal,0.00,693.70,"11,319.24"
ID13362,03-Apr-2026,ATM Withdrawal,0.00,408.49,"30,842.35"
ID13362,11-Jan-2026,Debit Card,0.00,763.71,"71,279.60"
ID13362,06-Feb-2026,ATM Withdrawal,0.00,652.35,"61,323.23"
ID13362,27-Mar-2026,Charge,0.00,249.70,"56,634.30"
ID13362,22-Jan-2026,Transfer,0.00,"1,330.58","32,505.68"
ID13362,12-Mar-2026,Charge,0.00,262.81,"27,055.34"
ID13362,13-Jan-2026,Reversal,0.00,"1,060.18","96,879.88"
ID13362,21-Feb-2026,Charge,0.00,277.22,"77,789.99"
ID13362,02-Feb-2026,Debit Card,0.00,348.33,"55,476.59"
ID13362,27-Feb-2026,Transfer,780.94,0.00,"27,891.97"
ID13362,20-Feb-2026,Reversal,"1,495.58",0.00,"90,215.86"
ID13362,15-Jan-2026,Charge,0.00,283.64,"86,580.27"
ID13362,11-Feb-2026,Debit Card,0.00,269.54,"70,277.93"
ID13362,26-Jan-2026,Charge,0.00,230.68,"92,911.03"
ID13362,05-Feb-2026,Payment,903.12,0.00,"35,765.81"
ID13362,09-Jan-2026,Interest,77.35,0.00,"12,388.55"
ID13362,11-Mar-2026,Direct Deposit,"1,891.94",0.00,"55,190.87"
ID13362,24-Jan-2026,ATM Withdrawal,0.00,811.72,"78,135.90"
ID13362,16-Feb-2026,Direct Deposit,"1,751.85",0.00,"62,864.89"
ID13363,10-Mar-2026,Debit Card,0.00,688.12,"5,167.83"
ID13363,29-Mar-2026,Transfer,0.00,646.48,"38,877.23"
ID13363,08-Jan-2026,Interest,321.96,0.00,"36,306.81"
ID13363,15-Feb-2026,Charge,0.00,884.43,"42,886.42"
ID13363,09-Jan-2026,Reversal,"1,316.70",0.00,"64,182.12"
ID13363,03-Mar-2026,Interest,402.89,0.00,"16,357.20"
ID13363,01-Feb-2026,Payment,"1,861.76",0.00,"37,714.66"
ID13363,27-Jan-2026,Reversal,0.00,"1,411.41","9,328.05"
ID13363,23-Jan-2026,Reversal,0.00,"1,315.04","97,685.96"
ID13363,05-Jan-2026,Direct Deposit,"2,995.19",0.00,"12,304.33"
ID13363,16-Feb-2026,Reversal,782.46,0.00,"92,839.95"
ID13363,03-Feb-2026,Transfer,0.00,"1,497.95","75,442.29"
ID13363,19-Jan-2026,Payment,0.00,648.40,"12,986.33"
ID13363,19-Jan-2026,Payment,"1,663.17",0.00,"70,484.86"
ID13363,31-Jan-2026,Payment,832.31,0.00,"84,746.78"
ID13363,17-Jan-2026,Interest,179.08,0.00,"1,416.84"
ID13363,11-Feb-2026,Payment,216.07,0.00,"57,761.77"
ID13363,17-Mar-2026,Transfer,0.00,"1,062.50","70,061.10"
ID13363,19-Mar-2026,Transfer,0.00,"1,388.08","40,336.88"
ID13363,22-Feb-2026,Charge,0.00,821.40,"23,082.24"
ID13364,01-Feb-2026,Direct Deposit,"4,563.51",0.00,"90,945.45"
ID13364,11-Feb-2026,ATM Withdrawal,0.00,960.41,"85,103.21"
ID13364,23-Feb-2026,Charge,0.00,661.89,"59,507.86"
ID13364,24-Jan-2026,Reversal,0.00,926.31,"32,191.37"
ID13364,24-Mar-2026,ATM Withdrawal,0.00,877.35,"11,801.56"
ID13364,22-Mar-2026,Transfer,0.00,965.64,"80,657.28"
ID13364,27-Feb-2026,Reversal,0.00,"1,024.65","50,660.21"
ID13364,04-Feb-2026,Reversal,0.00,234.87,"6,748.69"
ID13364,10-Mar-2026,Charge,0.00,503.47,"15,899.05"
ID13364,08-Jan-2026,ATM Withdrawal,0.00,683.24,"74,814.06"
ID13364,07-Mar-2026,Transfer,0.00,911.59,"60,167.57"
ID13364,31-Mar-2026,Interest,36.91,0.00,"50,762.97"
ID13364,09-Jan-2026,Transfer,"1,153.18",0.00,"92,514.40"
ID13364,29-Jan-2026,Reversal,899.42,0.00,"3,233.64"
ID13364,24-Feb-2026,Interest,25.99,0.00,"58,763.86"
ID13364,19-Mar-2026,Payment,"1,601.81",0.00,"80,474.61"
ID13364,26-Jan-2026,Transfer,0.00,233.88,"26,740.61"
ID13364,15-Mar-2026,Reversal,0.00,304.03,"5,039.52"
ID13364,18-Feb-2026,Interest,391.73,0.00,"65,491.43"
ID13364,14-Feb-2026,Interest,214.05,0.00,"99,856.77"
ID13365,23-Feb-2026,Direct Deposit,"3,752.91",0.00,"23,569.06"
ID13365,20-Feb-2026,Debit Card,0.00,292.92,"8,187.84"
ID13365,27-Feb-2026,Direct Deposit,"4,617.38",0.00,"23,495.99"
ID13365,10-Feb-2026,Transfer,321.79,0.00,"90,627.78"
ID13365,08-Mar-2026,Direct Deposit,"4,194.97",0.00,"44,102.18"
ID13365,22-Jan-2026,Interest,408.28,0.00,"73,072.14"
ID13365,29-Jan-2026,Interest,493.04,0.00,"81,476.46"
ID13365,24-Jan-2026,ATM Withdrawal,0.00,508.14,"74,938.47"
ID13365,27-Mar-2026,Reversal,0.00,"1,296.58","98,941.45"
ID13365,13-Mar-2026,Interest,491.77,0.00,"9,063.90"
ID13365,07-Feb-2026,ATM Withdrawal,0.00,721.11,"87,729.31"
ID13365,06-Jan-2026,Reversal,"1,730.21",0.00,"9,162.89"
ID13365,28-Mar-2026,Charge,0.00,894.87,"69,875.11"
ID13365,08-Mar-2026,Transfer,"1,445.98",0.00,"18,609.26"
ID13365,18-Jan-2026,ATM Withdrawal,0.00,189.76,"19,539.02"
ID13365,01-Mar-2026,Transfer,0.00,"1,420.98","60,361.83"
ID13365,26-Feb-2026,Interest,112.48,0.00,"74,480.86"
ID13365,07-Jan-2026,Reversal,0.00,"1,388.05","25,149.52"
ID13365,13-Jan-2026,Direct Deposit,"3,958.49",0.00,"63,335.86"
ID13365,28-Mar-2026,Reversal,594.77,0.00,"11,034.72"
ID13366,11-Jan-2026,ATM Withdrawal,0.00,903.05,"56,182.57"
ID13366,21-Mar-2026,Debit Card,0.00,121.51,"67,226.06"
ID13366,21-Feb-2026,Transfer,604.15,0.00,"94,087.87"
ID13366,22-Mar-2026,Transfer,0.00,876.91,"38,960.47"
ID13366,20-Mar-2026,Direct Deposit,"2,892.60",0.00,"70,441.40"
ID13366,15-Feb-2026,ATM Withdrawal,0.00,735.72,"5,225.46"
ID13366,20-Feb-2026,Reversal,323.01,0.00,"44,863.36"
ID13366,21-Mar-2026,Charge,0.00,957.67,"50,960.85"
ID13366,24-Mar-2026,ATM Withdrawal,0.00,561.18,"34,743.92"
ID13366,22-Feb-2026,Debit Card,0.00,16.45,"89,067.88"
ID13366,14-Feb-2026,Charge,0.00,59.63,"81,077.39"
ID13366,19-Mar-2026,Debit Card,0.00,489.68,"74,896.10"
ID13366,20-Mar-2026,Charge,0.00,48.01,"92,742.64"
ID13366,23-Jan-2026,Interest,47.82,0.00,"83,245.15"
ID13366,05-Feb-2026,Debit Card,0.00,20.32,"88,222.36"
ID13366,15-Mar-2026,Interest,208.77,0.00,"39,924.06"
ID13366,04-Jan-2026,Debit Card,0.00,575.80,"62,283.79"
ID13366,10-Feb-2026,Payment,0.00,"1,184.20","96,226.32"
ID13366,08-Mar-2026,Transfer,0.00,52.80,"78,882.32"
ID13366,14-Jan-2026,Direct Deposit,"1,080.75",0.00,"38,006.84"
ID13367,13-Mar-2026,Debit Card,0.00,741.05,"15,716.43"
ID13367,30-Mar-2026,ATM Withdrawal,0.00,355.95,"77,615.85"
ID13367,22-Mar-2026,Debit Card,0.00,548.82,"27,086.16"
ID13367,20-Mar-2026,Reversal,0.00,"1,138.05","91,835.81"
ID13367,15-Mar-2026,Debit Card,0.00,857.31,"21,433.09"
ID13367,04-Mar-2026,ATM Withdrawal,0.00,472.06,"6,692.21"
ID13367,23-Mar-2026,Transfer,"1,140.51",0.00,"90,108.53"
ID13367,28-Feb-2026,Transfer,0.00,764.24,"77,971.90"
ID13367,18-Mar-2026,Reversal,"1,521.67",0.00,"24,643.41"
ID13367,10-Feb-2026,Debit Card,0.00,572.17,"23,242.73"
ID13367,25-Jan-2026,Charge,0.00,130.15,"28,799.26"
ID13367,07-Mar-2026,Direct Deposit,"2,658.81",0.00,"8,248.13"
ID13367,04-Mar-2026,Interest,192.84,0.00,"68,811.37"
ID13367,23-Feb-2026,Payment,654.41,0.00,"16,218.74"
ID13367,12-Jan-2026,Interest,75.17,0.00,"16,896.41"
ID13367,25-Jan-2026,Direct Deposit,"4,683.54",0.00,"41,362.92"
ID13367,29-Jan-2026,Reversal,"1,678.23",0.00,"39,735.01"
ID13367,10-Mar-2026,Transfer,0.00,"1,445.99","21,350.50"
ID13367,09-Feb-2026,ATM Withdrawal,0.00,882.42,"88,385.01"
ID13367,11-Mar-2026,Debit Card,0.00,31.02,"95,328.30"
ID13368,22-Feb-2026,Reversal,386.19,0.00,"94,108.61"
ID13368,06-Jan-2026,Charge,0.00,520.75,"89,322.19"
ID13368,12-Jan-2026,Payment,0.00,"1,050.27","80,793.69"
ID13368,02-Mar-2026,Direct Deposit,"3,761.54",0.00,"52,239.58"
ID13368,23-Mar-2026,Direct Deposit,697.26,0.00,"60,482.96"
ID13368,06-Mar-2026,ATM Withdrawal,0.00,428.47,"69,709.43"
ID13368,16-Feb-2026,Interest,414.82,0.00,"8,742.12"
ID13368,25-Mar-2026,Charge,0.00,866.85,"73,204.63"
ID13368,21-Jan-2026,ATM Withdrawal,0.00,519.40,"72,090.49"
ID13368,04-Mar-2026,Payment,"1,605.87",0.00,"44,225.76"
ID13368,09-Mar-2026,Charge,0.00,525.02,"57,375.36"
ID13368,01-Feb-2026,Interest,253.81,0.00,"41,234.01"
ID13368,13-Mar-2026,Payment,0.00,"1,423.26","71,834.37"
ID13368,02-Mar-2026,Payment,"1,228.30",0.00,"10,722.47"
ID13368,02-Feb-2026,Interest,14.99,0.00,"66,722.11"
ID13368,06-Mar-2026,ATM Withdrawal,0.00,379.18,"25,208.32"
ID13368,06-Jan-2026,Reversal,"1,801.52",0.00,"35,198.32"
ID13368,07-Jan-2026,Reversal,497.92,0.00,"41,644.53"
ID13368,09-Feb-2026,Payment,"1,288.39",0.00,"48,749.12"
ID13368,10-Jan-2026,Payment,"1,746.89",0.00,"60,371.57"
ID13369,28-Feb-2026,Reversal,0.00,665.23,"35,459.12"
ID13369,08-Feb-2026,Interest,347.17,0.00,"16,049.89"
ID13369,21-Jan-2026,Interest,266.94,0.00,"30,332.54"
ID13369,01-Apr-2026,Payment,0.00,604.76,"96,112.18"
ID13369,18-Mar-2026,Direct Deposit,"3,882.09",0.00,"74,157.89"
ID13369,04-Jan-2026,Transfer,777.21,0.00,"30,231.81"
ID13369,05-Mar-2026,Interest,257.25,0.00,"9,105.54"
ID13369,03-Mar-2026,Charge,0.00,489.91,"46,846.61"
ID13369,20-Mar-2026,Payment,0.00,83.47,"72,806.67"
ID13369,15-Jan-2026,Reversal,"1,931.58",0.00,"83,639.61"
ID13369,01-Apr-2026,Debit Card,0.00,510.32,"57,252.65"
ID13369,27-Feb-2026,Charge,0.00,339.55,"25,669.74"
ID13369,25-Mar-2026,ATM Withdrawal,0.00,630.98,"93,507.80"
ID13369,28-Jan-2026,Direct Deposit,"4,476.69",0.00,"18,257.78"
ID13369,06-Feb-2026,ATM Withdrawal,0.00,197.18,"3,339.69"
ID13369,14-Feb-2026,Direct Deposit,"2,720.68",0.00,"95,027.07"
ID13369,09-Mar-2026,ATM Withdrawal,0.00,74.51,"6,082.32"
ID13369,22-Jan-2026,Charge,0.00,451.93,"69,807.08"
ID13369,16-Jan-2026,Reversal,"1,323.10",0.00,"67,593.69"
ID13369,20-Feb-2026,Reversal,"1,683.80",0.00,"33,989.55"
ID13370,26-Jan-2026,Interest,186.78,0.00,"59,847.14"
ID13370,21-Feb-2026,Payment,493.90,0.00,"53,328.21"
ID13370,26-Mar-2026,Debit Card,0.00,694.11,"44,532.59"
ID13370,29-Mar-2026,Payment,908.80,0.00,"93,730.12"
ID13370,20-Mar-2026,Payment,820.83,0.00,"13,985.23"
ID13370,27-Mar-2026,Interest,277.45,0.00,"31,325.79"
ID13370,26-Feb-2026,Interest,193.89,0.00,"9,525.82"
ID13370,02-Feb-2026,Interest,37.29,0.00,"97,086.86"
ID13370,29-Mar-2026,Interest,401.41,0.00,"73,000.93"
ID13370,04-Mar-2026,ATM Withdrawal,0.00,612.80,"88,046.51"
ID13370,08-Feb-2026,Debit Card,0.00,540.64,"84,728.50"
ID13370,20-Feb-2026,Transfer,0.00,103.12,"74,358.83"
ID13370,09-Jan-2026,Payment,0.00,390.93,"90,757.62"
ID13370,07-Feb-2026,Payment,0.00,294.48,"23,955.02"
ID13370,03-Feb-2026,Charge,0.00,862.57,"49,015.93"
ID13370,08-Feb-2026,Direct Deposit,"4,260.18",0.00,"75,878.79"
ID13370,05-Jan-2026,Payment,0.00,366.61,"21,610.29"
ID13370,04-Feb-2026,ATM Withdrawal,0.00,902.99,"28,879.92"
ID13370,17-Jan-2026,Debit Card,0.00,897.83,"7,139.98"
ID13370,06-Feb-2026,Payment,"1,347.32",0.00,"65,823.18"
ID13371,06-Jan-2026,Charge,0.00,543.67,"94,740.53"
ID13371,23-Jan-2026,Charge,0.00,152.68,"59,077.14"
ID13371,25-Feb-2026,Charge,0.00,944.30,"53,430.95"
ID13371,10-Jan-2026,Debit Card,0.00,542.89,"79,213.72"
ID13371,17-Mar-2026,Direct Deposit,"3,957.02",0.00,"37,350.22"
ID13371,19-Jan-2026,Reversal,0.00,502.13,"87,603.90"
ID13371,22-Jan-2026,Payment,"1,004.54",0.00,"92,056.68"
ID13371,11-Mar-2026,Direct Deposit,"4,960.23",0.00,"9,034.56"
ID13371,03-Mar-2026,ATM Withdrawal,0.00,69.28,"50,367.39"
ID13371,17-Mar-2026,Reversal,0.00,786.17,"68,866.27"
ID13371,30-Mar-2026,ATM Withdrawal,0.00,876.00,"79,795.94"
ID13371,07-Mar-2026,Transfer,"1,067.39",0.00,"92,650.43"
ID13371,21-Mar-2026,Payment,"1,309.84",0.00,"50,916.99"
ID13371,23-Mar-2026,Transfer,"1,070.28",0.00,"38,613.93"
ID13371,12-Mar-2026,ATM Withdrawal,0.00,176.14,"11,697.26"
ID13371,13-Feb-2026,Charge,0.00,441.62,"14,048.99"
ID13371,15-Feb-2026,Interest,48.83,0.00,"4,425.88"
ID13371,09-Mar-2026,Transfer,"1,571.25",0.00,"85,376.68"
ID13371,17-Mar-2026,ATM Withdrawal,0.00,181.93,"22,410.21"
ID13371,27-Jan-2026,Direct Deposit,"3,503.80",0.00,"58,404.89"
ID13372,27-Mar-2026,ATM Withdrawal,0.00,540.82,"20,902.24"
ID13372,28-Jan-2026,Reversal,"1,231.54",0.00,"48,478.91"
ID13372,22-Feb-2026,Charge,0.00,324.87,"29,908.50"
ID13372,16-Jan-2026,Payment,0.00,377.78,"26,427.01"
ID13372,05-Feb-2026,Debit Card,0.00,434.08,"15,695.73"
ID13372,28-Feb-2026,ATM Withdrawal,0.00,535.46,"63,782.30"
ID13372,05-Jan-2026,Debit Card,0.00,693.05,"45,182.13"
ID13372,04-Jan-2026,Debit Card,0.00,479.83,"68,419.15"
ID13372,20-Feb-2026,ATM Withdrawal,0.00,894.69,"9,944.84"
ID13372,08-Mar-2026,Transfer,"1,760.86",0.00,"85,807.22"
ID13372,26-Mar-2026,Transfer,705.93,0.00,"4,230.98"
ID13372,06-Feb-2026,Interest,173.28,0.00,"6,609.37"
ID13372,26-Feb-2026,Debit Card,0.00,408.93,"76,334.69"
ID13372,18-Mar-2026,ATM Withdrawal,0.00,156.32,"14,580.57"
ID13372,30-Jan-2026,Payment,0.00,341.50,"23,826.07"
ID13372,22-Mar-2026,ATM Withdrawal,0.00,115.81,"20,849.53"
ID13372,10-Mar-2026,Debit Card,0.00,62.37,"19,135.10"
ID13372,26-Mar-2026,Transfer,0.00,"1,420.64","86,395.64"
ID13372,03-Mar-2026,Transfer,0.00,684.54,"91,525.92"
ID13372,14-Jan-2026,Charge,0.00,233.61,"84,268.16"
ID13373,07-Mar-2026,Reversal,0.00,275.20,"80,013.76"
ID13373,21-Feb-2026,Charge,0.00,967.06,"91,700.83"
ID13373,11-Jan-2026,Debit Card,0.00,36.52,"15,275.56"
ID13373,16-Mar-2026,Interest,124.55,0.00,"62,587.95"
ID13373,19-Mar-2026,Transfer,"1,900.43",0.00,"93,412.29"
ID13373,11-Feb-2026,Direct Deposit,"4,149.99",0.00,"76,693.66"
ID13373,07-Feb-2026,Interest,275.10,0.00,"96,821.44"
ID13373,25-Jan-2026,ATM Withdrawal,0.00,549.52,"3,942.67"
ID13373,23-Mar-2026,Direct Deposit,"4,779.55",0.00,"71,231.02"
ID13373,09-Mar-2026,Charge,0.00,653.41,"77,634.19"
ID13373,12-Feb-2026,Payment,0.00,304.70,"42,233.10"
ID13373,13-Feb-2026,Transfer,"1,878.94",0.00,"92,411.00"
ID13373,04-Feb-2026,Direct Deposit,"3,063.30",0.00,"8,939.53"
ID13373,26-Jan-2026,Direct Deposit,"3,827.75",0.00,"79,540.30"
ID13373,05-Feb-2026,Transfer,"1,645.43",0.00,"71,644.64"
ID13373,25-Jan-2026,Direct Deposit,971.93,0.00,"11,205.67"
ID13373,03-Jan-2026,ATM Withdrawal,0.00,519.19,"66,272.82"
ID13373,16-Jan-2026,Transfer,"1,585.01",0.00,"87,354.15"
ID13373,08-Jan-2026,Reversal,0.00,737.37,"88,399.67"
ID13373,22-Jan-2026,Interest,293.21,0.00,"35,603.35"
ID13374,17-Jan-2026,Interest,163.18,0.00,"90,097.27"
ID13374,11-Jan-2026,Debit Card,0.00,671.68,"59,104.96"
ID13374,26-Mar-2026,Payment,0.00,126.93,"57,201.03"
ID13374,06-Feb-2026,Interest,322.86,0.00,"55,276.04"
ID13374,01-Mar-2026,Payment,"1,223.04",0.00,"38,354.93"
ID13374,31-Jan-2026,Reversal,"1,688.32",0.00,"51,550.94"
ID13374,15-Jan-2026,ATM Withdrawal,0.00,746.47,"34,114.01"
ID13374,22-Feb-2026,Debit Card,0.00,528.88,"26,687.91"
ID13374,29-Jan-2026,Transfer,966.80,0.00,"86,194.38"
ID13374,26-Jan-2026,ATM Withdrawal,0.00,349.03,"76,883.64"
ID13374,07-Mar-2026,Debit Card,0.00,761.14,"83,580.32"
ID13374,14-Jan-2026,Reversal,836.50,0.00,"58,062.42"
ID13374,17-Jan-2026,Payment,"1,869.84",0.00,"59,200.67"
ID13374,03-Mar-2026,Transfer,"1,626.89",0.00,"7,993.05"
ID13374,19-Feb-2026,Interest,484.20,0.00,"8,504.09"
ID13374,07-Jan-2026,Interest,479.20,0.00,"31,548.12"
ID13374,28-Jan-2026,Payment,0.00,154.33,"69,960.59"
ID13374,07-Mar-2026,Transfer,221.49,0.00,"62,914.04"
ID13374,10-Feb-2026,Direct Deposit,"2,438.30",0.00,"43,032.68"
ID13374,10-Mar-2026,Debit Card,0.00,556.97,"83,812.08"
ID13375,15-Jan-2026,Direct Deposit,"2,110.11",0.00,"27,006.48"
ID13375,24-Feb-2026,Transfer,0.00,115.89,"17,965.42"
ID13375,30-Jan-2026,Interest,305.51,0.00,"25,440.20"
ID13375,13-Feb-2026,Reversal,"1,481.73",0.00,"14,054.28"
ID13375,13-Jan-2026,Reversal,"1,842.76",0.00,"82,629.75"
ID13375,12-Feb-2026,Charge,0.00,345.29,"55,059.81"
ID13375,08-Feb-2026,Reversal,"1,757.70",0.00,"22,561.05"
ID13375,09-Feb-2026,Reversal,0.00,"1,389.07","78,475.78"
ID13375,22-Feb-2026,Debit Card,0.00,418.32,"53,640.92"
ID13375,25-Jan-2026,Interest,266.30,0.00,"66,232.85"
ID13375,18-Feb-2026,Debit Card,0.00,226.93,"32,749.62"
ID13375,25-Mar-2026,Transfer,"1,877.17",0.00,"8,486.90"
ID13375,25-Jan-2026,Direct Deposit,820.01,0.00,"76,785.62"
ID13375,26-Jan-2026,Charge,0.00,425.67,"81,062.09"
ID13375,17-Jan-2026,Charge,0.00,255.67,"16,925.18"
ID13375,13-Feb-2026,Direct Deposit,"1,094.89",0.00,"55,304.27"
ID13375,04-Feb-2026,Transfer,0.00,"1,151.00","32,896.25"
ID13375,18-Jan-2026,Debit Card,0.00,493.96,"66,139.75"
ID13375,29-Mar-2026,Interest,80.92,0.00,"61,648.49"
ID13375,24-Feb-2026,Charge,0.00,341.67,"87,868.67"
ID13376,21-Jan-2026,Payment,115.69,0.00,"67,316.89"
ID13376,17-Jan-2026,ATM Withdrawal,0.00,970.00,"59,237.56"
ID13376,01-Mar-2026,Direct Deposit,"3,536.24",0.00,"68,290.89"
ID13376,10-Jan-2026,ATM Withdrawal,0.00,945.17,"89,175.57"
ID13376,19-Jan-2026,Reversal,0.00,"1,370.82","80,963.29"
ID13376,05-Mar-2026,Debit Card,0.00,143.83,"38,874.36"
ID13376,22-Mar-2026,Charge,0.00,319.54,"37,902.78"
ID13376,17-Jan-2026,Direct Deposit,"2,737.61",0.00,"56,376.18"
ID13376,11-Mar-2026,Reversal,"1,175.12",0.00,"49,531.68"
ID13376,13-Jan-2026,Transfer,0.00,678.00,"4,415.63"
ID13376,07-Jan-2026,Direct Deposit,"3,474.99",0.00,"57,839.58"
ID13376,31-Jan-2026,ATM Withdrawal,0.00,545.26,"76,438.63"
ID13376,08-Jan-2026,ATM Withdrawal,0.00,616.14,"72,369.07"
ID13376,30-Mar-2026,Payment,"1,086.30",0.00,"57,178.64"
ID13376,16-Mar-2026,Payment,0.00,"1,302.88","64,352.87"
ID13376,19-Mar-2026,Direct Deposit,758.53,0.00,"34,891.42"
ID13376,12-Mar-2026,Direct Deposit,629.90,0.00,"21,975.81"
ID13376,05-Jan-2026,Debit Card,0.00,590.01,"45,374.58"
ID13376,15-Jan-2026,Reversal,"1,085.67",0.00,"50,173.96"
ID13376,23-Jan-2026,Transfer,"1,474.45",0.00,"19,064.75"
ID13377,30-Jan-2026,Direct Deposit,"1,418.37",0.00,"54,936.75"
ID13377,12-Jan-2026,Direct Deposit,"1,545.31",0.00,"4,374.07"
ID13377,24-Mar-2026,Reversal,"1,671.21",0.00,"72,693.23"
ID13377,11-Feb-2026,Transfer,426.63,0.00,"26,123.21"
ID13377,05-Feb-2026,Transfer,528.89,0.00,"9,007.24"
ID13377,08-Jan-2026,ATM Withdrawal,0.00,786.32,"36,151.99"
ID13377,25-Feb-2026,Interest,491.93,0.00,"52,707.64"
ID13377,18-Feb-2026,ATM Withdrawal,0.00,53.44,"76,687.71"
ID13377,22-Mar-2026,Charge,0.00,343.84,"1,399.79"
ID13377,01-Apr-2026,Payment,304.40,0.00,"10,988.88"
ID13377,12-Jan-2026,Payment,947.59,0.00,"16,793.31"
ID13377,31-Jan-2026,Direct Deposit,959.43,0.00,"65,725.34"
ID13377,01-Feb-2026,Payment,0.00,"1,067.42","81,194.81"
ID13377,27-Feb-2026,ATM Withdrawal,0.00,701.17,"14,019.63"
ID13377,20-Jan-2026,Interest,350.45,0.00,"55,557.23"
ID13377,12-Feb-2026,Payment,"1,630.32",0.00,"71,577.74"
ID13377,27-Jan-2026,ATM Withdrawal,0.00,526.93,"44,412.21"
ID13377,03-Jan-2026,Payment,0.00,"1,079.96","6,724.57"
ID13377,27-Feb-2026,Interest,482.57,0.00,"87,459.64"
ID13377,22-Jan-2026,Direct Deposit,"1,049.06",0.00,"18,748.21"
ID13378,17-Feb-2026,Transfer,418.98,0.00,"93,566.32"
ID13378,29-Mar-2026,Interest,89.90,0.00,"79,404.07"
ID13378,13-Feb-2026,Debit Card,0.00,286.91,"20,093.25"
ID13378,22-Mar-2026,Transfer,"1,507.06",0.00,"86,508.49"
ID13378,07-Jan-2026,ATM Withdrawal,0.00,166.89,"29,381.78"
ID13378,17-Feb-2026,Charge,0.00,735.43,"59,512.45"
ID13378,28-Jan-2026,Payment,"1,878.75",0.00,"28,715.72"
ID13378,18-Jan-2026,Interest,187.74,0.00,"23,365.53"
ID13378,18-Feb-2026,Charge,0.00,784.09,"51,953.89"
ID13378,05-Feb-2026,Direct Deposit,"4,632.34",0.00,"13,244.63"
ID13378,07-Mar-2026,Debit Card,0.00,495.72,"81,736.38"
ID13378,03-Apr-2026,Reversal,"1,562.48",0.00,"20,011.29"
ID13378,02-Feb-2026,Payment,182.52,0.00,"58,943.06"
ID13378,29-Jan-2026,ATM Withdrawal,0.00,200.65,"65,642.29"
ID13378,05-Jan-2026,Direct Deposit,"4,179.05",0.00,"26,922.19"
ID13378,25-Jan-2026,Charge,0.00,722.81,"41,005.94"
ID13378,22-Feb-2026,Charge,0.00,122.66,"47,234.15"
ID13378,24-Jan-2026,ATM Withdrawal,0.00,797.83,"39,751.25"
ID13378,12-Mar-2026,Direct Deposit,"2,218.26",0.00,"11,648.88"
ID13378,01-Mar-2026,Direct Deposit,"3,216.37",0.00,"65,222.94"
ID13379,25-Feb-2026,Payment,691.00,0.00,"94,869.25"
ID13379,19-Feb-2026,Reversal,0.00,490.64,"18,579.89"
ID13379,26-Feb-2026,Interest,293.27,0.00,"34,850.57"
ID13379,28-Mar-2026,Transfer,0.00,184.26,"21,476.40"
ID13379,24-Mar-2026,Charge,0.00,496.00,"86,692.08"
ID13379,18-Feb-2026,Interest,493.20,0.00,"11,459.08"
ID13379,12-Jan-2026,ATM Withdrawal,0.00,348.94,"98,255.23"
ID13379,20-Jan-2026,Reversal,482.43,0.00,"47,911.40"
ID13379,18-Jan-2026,Direct Deposit,"1,878.99",0.00,"51,857.67"
ID13379,28-Jan-2026,Direct Deposit,"3,949.64",0.00,"97,547.90"
ID13379,05-Feb-2026,Payment,0.00,401.70,"68,962.59"
ID13379,18-Mar-2026,Debit Card,0.00,217.21,"33,994.95"
ID13379,02-Mar-2026,Transfer,738.00,0.00,"72,217.58"
ID13379,05-Jan-2026,Reversal,"1,468.51",0.00,"58,412.99"
ID13379,12-Mar-2026,Payment,"1,435.18",0.00,"51,546.95"
ID13379,01-Feb-2026,Debit Card,0.00,180.44,"31,259.92"
ID13379,22-Feb-2026,Payment,"1,185.45",0.00,"20,016.36"
ID13379,13-Jan-2026,Debit Card,0.00,904.76,"30,607.36"
ID13379,06-Feb-2026,Debit Card,0.00,221.54,"83,318.23"
ID13379,11-Jan-2026,Reversal,0.00,514.58,"58,533.99"
ID13380,24-Mar-2026,ATM Withdrawal,0.00,877.14,"67,015.74"
ID13380,06-Feb-2026,Reversal,"1,383.80",0.00,"42,790.81"
ID13380,05-Mar-2026,ATM Withdrawal,0.00,145.30,"42,373.75"
ID13380,09-Feb-2026,Payment,0.00,"1,431.76","40,117.16"
ID13380,17-Jan-2026,Debit Card,0.00,680.36,"31,224.98"
ID13380,27-Feb-2026,Debit Card,0.00,856.60,"90,179.61"
ID13380,08-Feb-2026,Debit Card,0.00,868.79,"36,103.76"
ID13380,25-Feb-2026,Interest,203.50,0.00,"43,943.12"
ID13380,08-Jan-2026,Debit Card,0.00,355.52,"3,046.80"
ID13380,13-Feb-2026,Direct Deposit,"1,187.50",0.00,"98,292.58"
ID13380,24-Feb-2026,Charge,0.00,308.40,"64,199.08"
ID13380,25-Jan-2026,Transfer,"1,209.50",0.00,"21,751.11"
ID13380,11-Mar-2026,Debit Card,0.00,376.00,"95,295.74"
ID13380,04-Mar-2026,Debit Card,0.00,668.12,"1,952.41"
ID13380,24-Jan-2026,Payment,0.00,557.24,"41,172.82"
ID13380,04-Mar-2026,Debit Card,0.00,480.28,"69,750.57"
ID13380,31-Mar-2026,Debit Card,0.00,405.68,"33,214.78"
ID13380,14-Feb-2026,Charge,0.00,977.51,"36,872.85"
ID13380,11-Mar-2026,Direct Deposit,"2,227.26",0.00,"59,371.97"
ID13380,13-Jan-2026,Charge,0.00,511.91,"30,052.71"
ID13381,07-Mar-2026,ATM Withdrawal,0.00,965.01,"96,616.98"
ID13381,21-Jan-2026,ATM Withdrawal,0.00,630.99,"5,002.12"
ID13381,27-Mar-2026,Payment,"1,405.78",0.00,"2,294.14"
ID13381,11-Mar-2026,Charge,0.00,713.88,"9,678.67"
ID13381,06-Feb-2026,Debit Card,0.00,524.62,"80,467.14"
ID13381,30-Jan-2026,Transfer,"1,471.86",0.00,"48,790.18"
ID13381,12-Feb-2026,ATM Withdrawal,0.00,973.52,"61,093.51"
ID13381,06-Mar-2026,Interest,141.09,0.00,"57,166.05"
ID13381,12-Jan-2026,ATM Withdrawal,0.00,278.34,"98,496.52"
ID13381,23-Mar-2026,Transfer,470.42,0.00,"89,300.93"
ID13381,04-Feb-2026,Debit Card,0.00,941.49,"98,850.55"
ID13381,22-Jan-2026,Direct Deposit,"2,764.10",0.00,"76,303.26"
ID13381,15-Mar-2026,Interest,149.26,0.00,"70,310.84"
ID13381,24-Jan-2026,Transfer,0.00,480.02,"88,878.40"
ID13381,22-Mar-2026,Debit Card,0.00,243.14,"39,031.00"
ID13381,18-Feb-2026,Debit Card,0.00,167.97,"77,635.92"
ID13381,30-Jan-2026,Payment,391.14,0.00,"69,386.94"
ID13381,30-Jan-2026,Payment,923.02,0.00,"3,729.51"
ID13381,14-Mar-2026,Debit Card,0.00,462.69,"49,231.57"
ID13381,06-Jan-2026,Charge,0.00,817.30,"41,471.87"
ID13382,01-Feb-2026,Payment,0.00,"1,082.42","81,875.54"
ID13382,11-Mar-2026,Debit Card,0.00,72.88,"72,413.63"
ID13382,23-Mar-2026,Direct Deposit,608.99,0.00,"57,376.27"
ID13382,24-Jan-2026,Reversal,0.00,694.41,"50,237.73"
ID13382,26-Jan-2026,Reversal,0.00,602.85,"9,277.53"
ID13382,28-Mar-2026,Interest,144.50,0.00,"71,617.87"
ID13382,10-Feb-2026,Interest,277.25,0.00,"29,800.84"
ID13382,15-Mar-2026,Charge,0.00,993.61,"87,648.27"
ID13382,04-Feb-2026,Direct Deposit,"2,888.10",0.00,"36,128.62"
ID13382,12-Feb-2026,Interest,370.14,0.00,"11,674.42"
ID13382,24-Feb-2026,Direct Deposit,"3,850.46",0.00,"81,635.74"
ID13382,14-Mar-2026,Interest,313.57,0.00,"52,282.07"
ID13382,22-Mar-2026,Interest,34.14,0.00,"83,335.59"
ID13382,21-Jan-2026,Payment,753.70,0.00,"34,907.48"
ID13382,20-Jan-2026,Debit Card,0.00,497.94,"4,026.00"
ID13382,07-Jan-2026,Payment,"1,302.57",0.00,"13,996.09"
ID13382,06-Jan-2026,ATM Withdrawal,0.00,651.78,"48,597.73"
ID13382,27-Feb-2026,Charge,0.00,496.36,"43,608.57"
ID13382,28-Jan-2026,Transfer,578.56,0.00,"94,466.30"
ID13382,14-Jan-2026,ATM Withdrawal,0.00,46.86,"28,900.70"
ID13383,24-Mar-2026,Transfer,"1,217.58",0.00,"92,703.58"
ID13383,27-Feb-2026,Charge,0.00,428.15,"52,387.42"
ID13383,25-Jan-2026,Payment,0.00,184.11,"23,383.86"
ID13383,03-Feb-2026,Charge,0.00,174.11,"51,147.07"
ID13383,24-Mar-2026,ATM Withdrawal,0.00,540.22,"48,648.40"
ID13383,16-Feb-2026,Interest,411.10,0.00,"89,629.60"
ID13383,06-Mar-2026,Charge,0.00,291.02,"87,811.01"
ID13383,31-Mar-2026,Payment,197.34,0.00,"92,373.08"
ID13383,12-Feb-2026,Transfer,0.00,392.31,"43,919.37"
ID13383,22-Jan-2026,Charge,0.00,499.25,"65,070.62"
ID13383,27-Jan-2026,Payment,0.00,407.36,"28,081.63"
ID13383,01-Mar-2026,Direct Deposit,"3,797.90",0.00,"26,449.28"
ID13383,18-Feb-2026,Direct Deposit,"1,095.07",0.00,"90,917.62"
ID13383,06-Mar-2026,Transfer,154.89,0.00,"80,252.64"
ID13383,14-Mar-2026,Transfer,0.00,893.89,"4,897.09"
ID13383,22-Jan-2026,Debit Card,0.00,903.94,"41,740.66"
ID13383,06-Mar-2026,Direct Deposit,"3,646.27",0.00,"40,414.49"
ID13383,07-Jan-2026,Transfer,0.00,104.99,"19,087.89"
ID13383,09-Mar-2026,Reversal,0.00,281.51,"38,242.26"
ID13383,14-Feb-2026,Charge,0.00,559.46,"38,104.77"
ID13384,17-Feb-2026,Reversal,0.00,439.54,"28,992.79"
ID13384,23-Feb-2026,ATM Withdrawal,0.00,528.19,"43,713.60"
ID13384,20-Jan-2026,Debit Card,0.00,326.58,"36,876.20"
ID13384,16-Jan-2026,Charge,0.00,876.28,"16,302.91"
ID13384,24-Jan-2026,Charge,0.00,81.23,"78,069.10"
ID13384,19-Jan-2026,Payment,0.00,210.32,"39,976.98"
ID13384,21-Jan-2026,Direct Deposit,"1,982.05",0.00,"31,872.33"
ID13384,03-Mar-2026,Reversal,0.00,131.98,"52,463.97"
ID13384,09-Jan-2026,Charge,0.00,26.35,"61,194.27"
ID13384,16-Feb-2026,Payment,0.00,451.22,"98,988.59"
ID13384,25-Jan-2026,Reversal,992.09,0.00,"45,346.72"
ID13384,25-Mar-2026,Reversal,0.00,"1,324.90","59,409.13"
ID13384,03-Apr-2026,Reversal,0.00,"1,358.98","72,574.00"
ID13384,21-Feb-2026,Transfer,0.00,74.43,"7,990.27"
ID13384,12-Jan-2026,Transfer,907.94,0.00,"47,134.49"
ID13384,02-Feb-2026,Direct Deposit,"4,706.59",0.00,"31,394.29"
ID13384,20-Feb-2026,Interest,231.70,0.00,"14,906.19"
ID13384,06-Jan-2026,Payment,0.00,184.30,"85,592.27"
ID13384,16-Feb-2026,Charge,0.00,329.93,"54,848.33"
ID13384,12-Feb-2026,Direct Deposit,"1,429.65",0.00,"78,439.43"
ID13385,22-Mar-2026,Transfer,0.00,"1,211.34","30,444.02"
ID13385,07-Mar-2026,Transfer,631.56,0.00,"36,745.21"
ID13385,05-Feb-2026,Direct Deposit,"4,766.44",0.00,"56,579.59"
ID13385,05-Feb-2026,Direct Deposit,"2,454.61",0.00,"32,272.50"
ID13385,11-Feb-2026,Direct Deposit,"1,315.69",0.00,"89,060.68"
ID13385,01-Mar-2026,Debit Card,0.00,954.11,"60,119.65"
ID13385,27-Mar-2026,Payment,"1,736.55",0.00,"53,210.31"
ID13385,17-Mar-2026,Charge,0.00,717.75,"36,965.56"
ID13385,04-Mar-2026,Reversal,484.41,0.00,"2,178.14"
ID13385,26-Mar-2026,Debit Card,0.00,861.04,"23,602.81"
ID13385,03-Feb-2026,Reversal,"1,672.28",0.00,"50,636.83"
ID13385,17-Jan-2026,Interest,104.97,0.00,"98,139.53"
ID13385,29-Jan-2026,ATM Withdrawal,0.00,373.14,"21,323.12"
ID13385,22-Jan-2026,Charge,0.00,783.16,"24,594.66"
ID13385,09-Mar-2026,Payment,0.00,519.17,"58,010.53"
ID13385,25-Feb-2026,Reversal,0.00,264.03,"24,814.72"
ID13385,05-Jan-2026,Interest,426.67,0.00,"73,015.56"
ID13385,30-Jan-2026,Payment,221.26,0.00,"53,484.97"
ID13385,20-Mar-2026,Transfer,123.81,0.00,"10,088.86"
ID13385,20-Mar-2026,Interest,355.03,0.00,"16,800.22"
ID13386,26-Feb-2026,Transfer,590.54,0.00,"28,611.00"
ID13386,20-Jan-2026,Interest,73.14,0.00,"23,790.87"
ID13386,04-Feb-2026,Transfer,256.77,0.00,"21,183.64"
ID13386,22-Mar-2026,Charge,0.00,553.50,"45,126.81"
ID13386,11-Jan-2026,Reversal,0.00,645.44,"65,802.78"
ID13386,31-Mar-2026,Interest,244.12,0.00,"73,634.65"
ID13386,22-Jan-2026,Direct Deposit,"4,065.31",0.00,"79,890.90"
ID13386,22-Jan-2026,Direct Deposit,"2,230.61",0.00,"15,971.96"
ID13386,09-Jan-2026,Charge,0.00,572.91,"47,141.63"
ID13386,12-Feb-2026,Charge,0.00,11.78,"34,633.88"
ID13386,17-Jan-2026,Interest,310.47,0.00,"39,466.00"
ID13386,17-Mar-2026,Charge,0.00,520.85,"44,863.97"
ID13386,02-Feb-2026,Charge,0.00,876.23,"91,289.20"
ID13386,20-Jan-2026,Interest,131.91,0.00,"80,858.45"
ID13386,25-Jan-2026,Reversal,"1,017.26",0.00,"85,869.56"
ID13386,18-Feb-2026,Reversal,0.00,"1,206.15","1,295.24"
ID13386,02-Apr-2026,Interest,341.32,0.00,"22,592.97"
ID13386,03-Jan-2026,Debit Card,0.00,937.12,"96,844.63"
ID13386,23-Feb-2026,Debit Card,0.00,403.05,"3,665.17"
ID13386,10-Mar-2026,Reversal,"1,363.57",0.00,"90,942.83"
ID13387,01-Apr-2026,Payment,0.00,739.79,"49,165.06"
ID13387,15-Mar-2026,Charge,0.00,801.71,"33,437.50"
ID13387,23-Feb-2026,Charge,0.00,238.13,"6,718.55"
ID13387,02-Feb-2026,Transfer,0.00,712.12,"14,494.41"
ID13387,14-Mar-2026,Interest,453.15,0.00,"43,161.45"
ID13387,27-Jan-2026,ATM Withdrawal,0.00,591.72,"66,283.02"
ID13387,16-Feb-2026,Charge,0.00,109.72,"49,783.21"
ID13387,13-Feb-2026,Direct Deposit,"1,407.17",0.00,"89,813.28"
ID13387,07-Jan-2026,Payment,0.00,"1,260.35","24,345.77"
ID13387,22-Jan-2026,ATM Withdrawal,0.00,489.44,"59,633.50"
ID13387,28-Feb-2026,Debit Card,0.00,69.33,"5,678.59"
ID13387,22-Mar-2026,Transfer,0.00,859.11,"68,866.81"
ID13387,03-Apr-2026,ATM Withdrawal,0.00,419.25,"94,105.21"
ID13387,21-Jan-2026,Debit Card,0.00,416.56,"18,940.96"
ID13387,14-Jan-2026,Reversal,566.97,0.00,"65,112.13"
ID13387,09-Jan-2026,Charge,0.00,517.12,"28,917.09"
ID13387,23-Mar-2026,Reversal,"1,589.47",0.00,"4,716.67"
ID13387,02-Mar-2026,Charge,0.00,628.09,"36,928.93"
ID13387,21-Mar-2026,Reversal,"1,469.59",0.00,"54,987.82"
ID13387,11-Feb-2026,Payment,"1,405.56",0.00,"35,082.24"
ID13388,10-Mar-2026,Interest,302.99,0.00,"20,468.68"
ID13388,28-Jan-2026,Interest,425.09,0.00,"58,656.06"
ID13388,04-Mar-2026,Interest,330.89,0.00,"42,383.25"
ID13388,17-Jan-2026,ATM Withdrawal,0.00,622.90,"43,463.52"
ID13388,20-Mar-2026,Charge,0.00,484.59,"87,587.05"
ID13388,14-Jan-2026,Transfer,474.31,0.00,"83,293.14"
ID13388,06-Feb-2026,Charge,0.00,347.21,"55,100.89"
ID13388,28-Mar-2026,ATM Withdrawal,0.00,211.29,"94,761.45"
ID13388,15-Jan-2026,ATM Withdrawal,0.00,934.17,"34,585.88"
ID13388,25-Mar-2026,Transfer,0.00,388.99,"8,749.32"
ID13388,02-Feb-2026,Interest,282.95,0.00,"24,609.09"
ID13388,17-Feb-2026,ATM Withdrawal,0.00,884.52,"40,999.78"
ID13388,03-Jan-2026,Direct Deposit,"1,297.88",0.00,"19,890.77"
ID13388,24-Jan-2026,Interest,371.86,0.00,"54,817.61"
ID13388,20-Jan-2026,Reversal,0.00,"1,396.66","58,083.29"
ID13388,09-Feb-2026,Reversal,0.00,722.27,"72,482.93"
ID13388,04-Feb-2026,Debit Card,0.00,733.04,"49,017.63"
ID13388,29-Mar-2026,Interest,195.25,0.00,"29,249.03"
ID13388,28-Jan-2026,Payment,0.00,"1,111.90","29,212.75"
ID13388,23-Feb-2026,Debit Card,0.00,663.60,"6,209.97"
ID13389,02-Mar-2026,Reversal,548.17,0.00,"31,559.45"
ID13389,02-Mar-2026,Transfer,"1,963.07",0.00,"8,798.45"
ID13389,28-Mar-2026,Direct Deposit,"3,679.40",0.00,"42,428.52"
ID13389,09-Feb-2026,Reversal,"1,397.67",0.00,"21,521.36"
ID13389,24-Feb-2026,Interest,180.63,0.00,"51,903.39"
ID13389,25-Mar-2026,Reversal,0.00,189.07,"82,822.02"
ID13389,19-Feb-2026,Direct Deposit,"3,123.34",0.00,"91,126.57"
ID13389,15-Mar-2026,Interest,97.58,0.00,"38,586.16"
ID13389,07-Jan-2026,Reversal,"1,763.41",0.00,"18,258.23"
ID13389,31-Mar-2026,Charge,0.00,293.31,"39,334.84"
ID13389,01-Mar-2026,Transfer,334.97,0.00,"34,032.75"
ID13389,23-Feb-2026,Payment,906.74,0.00,"95,102.22"
ID13389,03-Jan-2026,Interest,365.21,0.00,"52,761.86"
ID13389,28-Jan-2026,Direct Deposit,"1,608.17",0.00,"19,072.25"
ID13389,14-Jan-2026,Direct Deposit,"1,783.28",0.00,"75,186.62"
ID13389,29-Jan-2026,Charge,0.00,395.26,"26,557.85"
ID13389,04-Jan-2026,Interest,298.71,0.00,"29,163.18"
ID13389,31-Jan-2026,Transfer,"1,481.75",0.00,"50,577.97"
ID13389,21-Feb-2026,Payment,444.12,0.00,"57,993.11"
ID13389,26-Mar-2026,Direct Deposit,"4,912.06",0.00,"59,990.95"
ID13390,24-Mar-2026,Transfer,"1,580.88",0.00,"65,473.33"
ID13390,17-Feb-2026,Transfer,595.70,0.00,"98,028.10"
ID13390,26-Feb-2026,Interest,181.92,0.00,"21,021.30"
ID13390,28-Feb-2026,Direct Deposit,"1,271.79",0.00,"20,844.81"
ID13390,05-Feb-2026,Payment,0.00,454.09,"85,261.38"
ID13390,10-Mar-2026,Debit Card,0.00,633.60,"3,396.49"
ID13390,09-Jan-2026,Debit Card,0.00,483.50,"43,043.16"
ID13390,28-Jan-2026,Direct Deposit,"2,061.16",0.00,"2,461.42"
ID13390,06-Feb-2026,ATM Withdrawal,0.00,606.16,"37,954.17"
ID13390,30-Jan-2026,Payment,"1,845.84",0.00,"46,170.53"
ID13390,12-Mar-2026,Transfer,0.00,972.26,"84,733.57"
ID13390,08-Feb-2026,Charge,0.00,979.62,"56,105.48"
ID13390,16-Feb-2026,ATM Withdrawal,0.00,702.58,"36,709.91"
ID13390,10-Jan-2026,Direct Deposit,"1,735.09",0.00,"65,983.99"
ID13390,07-Mar-2026,Debit Card,0.00,61.41,"80,912.00"
ID13390,05-Jan-2026,Interest,220.31,0.00,"58,125.43"
ID13390,15-Feb-2026,Transfer,574.87,0.00,"67,929.02"
ID13390,26-Mar-2026,Debit Card,0.00,980.68,"84,765.68"
ID13390,22-Mar-2026,Direct Deposit,"3,304.54",0.00,"16,814.77"
ID13390,04-Feb-2026,Payment,"1,526.32",0.00,"54,866.61"
ID13391,22-Jan-2026,Debit Card,0.00,915.61,"30,924.62"
ID13391,20-Jan-2026,Charge,0.00,33.18,"34,208.16"
ID13391,18-Mar-2026,ATM Withdrawal,0.00,619.74,"2,533.54"
ID13391,26-Mar-2026,Interest,75.88,0.00,"46,522.12"
ID13391,22-Feb-2026,Debit Card,0.00,178.11,"78,173.11"
ID13391,24-Mar-2026,ATM Withdrawal,0.00,108.87,"71,465.89"
ID13391,02-Feb-2026,Payment,"1,758.51",0.00,"67,730.59"
ID13391,27-Mar-2026,Transfer,477.01,0.00,"94,961.31"
ID13391,27-Feb-2026,Transfer,682.11,0.00,"48,189.28"
ID13391,08-Jan-2026,Direct Deposit,"1,413.68",0.00,"22,167.19"
ID13391,28-Feb-2026,Reversal,0.00,191.73,"90,013.29"
ID13391,31-Mar-2026,Interest,283.14,0.00,"78,189.54"
ID13391,21-Jan-2026,Payment,565.01,0.00,"33,120.36"
ID13391,06-Feb-2026,Payment,678.30,0.00,"55,626.50"
ID13391,07-Jan-2026,Interest,25.93,0.00,"41,431.65"
ID13391,03-Feb-2026,Interest,212.08,0.00,"9,693.78"
ID13391,19-Jan-2026,Debit Card,0.00,198.20,"4,364.34"
ID13391,19-Jan-2026,Reversal,0.00,"1,313.84","77,638.94"
ID13391,28-Mar-2026,Charge,0.00,805.10,"18,370.85"
ID13391,27-Feb-2026,Debit Card,0.00,184.00,"76,134.48"
ID13392,13-Feb-2026,Transfer,744.27,0.00,"29,632.47"
ID13392,07-Feb-2026,Interest,283.14,0.00,"40,162.16"
ID13392,21-Jan-2026,Interest,380.90,0.00,"8,145.59"
ID13392,05-Jan-2026,Debit Card,0.00,782.06,"45,370.02"
ID13392,05-Feb-2026,ATM Withdrawal,0.00,439.01,"66,154.97"
ID13392,28-Jan-2026,Interest,282.42,0.00,"59,509.12"
ID13392,19-Jan-2026,Debit Card,0.00,30.88,"12,107.75"
ID13392,20-Feb-2026,Reversal,0.00,"1,193.86","90,294.22"
ID13392,11-Jan-2026,Payment,0.00,226.50,"46,881.86"
ID13392,19-Feb-2026,Charge,0.00,553.56,"12,594.76"
ID13392,21-Feb-2026,ATM Withdrawal,0.00,261.78,"56,153.34"
ID13392,19-Mar-2026,Transfer,0.00,324.66,"31,138.35"
ID13392,13-Jan-2026,Interest,123.37,0.00,"12,139.17"
ID13392,08-Jan-2026,Transfer,0.00,"1,259.08","72,375.34"
ID13392,30-Mar-2026,Debit Card,0.00,714.88,"52,365.41"
ID13392,01-Feb-2026,ATM Withdrawal,0.00,440.62,"7,104.94"
ID13392,20-Mar-2026,Direct Deposit,"4,699.18",0.00,"22,154.16"
ID13392,29-Jan-2026,ATM Withdrawal,0.00,712.48,"26,427.27"
ID13392,17-Jan-2026,Debit Card,0.00,496.22,"16,160.71"
ID13392,01-Feb-2026,Direct Deposit,"4,808.91",0.00,"90,011.22"
ID13393,13-Mar-2026,Charge,0.00,90.63,"14,446.73"
ID13393,20-Feb-2026,Direct Deposit,"1,954.91",0.00,"71,072.14"
ID13393,14-Jan-2026,Interest,30.96,0.00,"48,467.63"
ID13393,18-Feb-2026,Charge,0.00,347.51,"57,359.74"
ID13393,19-Jan-2026,Interest,55.63,0.00,"65,511.68"
ID13393,09-Jan-2026,Direct Deposit,"4,888.51",0.00,"41,758.09"
ID13393,08-Feb-2026,Payment,0.00,965.44,"45,624.16"
ID13393,14-Mar-2026,ATM Withdrawal,0.00,755.64,"43,592.88"
ID13393,03-Jan-2026,Charge,0.00,382.82,"84,550.96"
ID13393,28-Jan-2026,Debit Card,0.00,821.92,"34,308.94"
ID13393,20-Feb-2026,Interest,354.02,0.00,"11,494.05"
ID13393,22-Feb-2026,Debit Card,0.00,820.22,"10,656.77"
ID13393,09-Jan-2026,Charge,0.00,496.28,"36,387.96"
ID13393,21-Jan-2026,Reversal,"1,474.40",0.00,"79,281.35"
ID13393,11-Jan-2026,ATM Withdrawal,0.00,324.72,"66,027.68"
ID13393,14-Jan-2026,Debit Card,0.00,643.93,"87,144.44"
ID13393,22-Mar-2026,Reversal,114.49,0.00,"13,799.36"
ID13393,30-Jan-2026,Reversal,"1,621.79",0.00,"48,943.05"
ID13393,27-Jan-2026,Debit Card,0.00,580.67,"47,401.88"
ID13393,03-Apr-2026,ATM Withdrawal,0.00,336.51,"56,844.35"
ID13394,10-Feb-2026,Transfer,0.00,343.43,"78,176.90"
ID13394,30-Mar-2026,Reversal,492.96,0.00,"66,290.06"
ID13394,27-Mar-2026,Transfer,0.00,"1,237.22","80,268.72"
ID13394,23-Mar-2026,Transfer,"1,146.63",0.00,"21,461.42"
ID13394,03-Apr-2026,Direct Deposit,"4,582.73",0.00,"48,688.22"
ID13394,26-Mar-2026,Direct Deposit,"1,334.42",0.00,"13,487.09"
ID13394,04-Mar-2026,ATM Withdrawal,0.00,760.72,"86,862.07"
ID13394,15-Jan-2026,Reversal,0.00,208.14,"96,577.80"
ID13394,26-Mar-2026,Charge,0.00,986.80,"22,584.46"
ID13394,04-Feb-2026,Payment,0.00,344.39,"5,287.32"
ID13394,26-Jan-2026,Interest,130.61,0.00,"7,815.76"
ID13394,13-Jan-2026,Charge,0.00,54.83,"27,923.61"
ID13394,23-Feb-2026,ATM Withdrawal,0.00,62.97,"31,617.92"
ID13394,03-Jan-2026,ATM Withdrawal,0.00,302.92,"64,807.03"
ID13394,01-Mar-2026,Payment,"1,463.10",0.00,"77,521.39"
ID13394,15-Jan-2026,Transfer,"1,416.71",0.00,"6,357.82"
ID13394,04-Jan-2026,Reversal,422.07,0.00,"63,344.57"
ID13394,09-Mar-2026,Interest,21.19,0.00,"22,391.90"
ID13394,05-Feb-2026,Transfer,0.00,"1,490.20","21,061.22"
ID13394,30-Mar-2026,ATM Withdrawal,0.00,335.70,"30,852.20"
ID13395,04-Feb-2026,Charge,0.00,401.93,"86,745.17"
ID13395,05-Jan-2026,Interest,157.65,0.00,"56,001.37"
ID13395,15-Feb-2026,Debit Card,0.00,248.67,"96,096.75"
ID13395,16-Feb-2026,Debit Card,0.00,555.75,"33,344.24"
ID13395,15-Jan-2026,Direct Deposit,"2,544.43",0.00,"68,092.11"
ID13395,05-Mar-2026,Charge,0.00,396.41,"81,544.50"
ID13395,01-Feb-2026,Payment,268.54,0.00,"58,069.77"
ID13395,04-Mar-2026,Debit Card,0.00,524.96,"18,266.60"
ID13395,10-Mar-2026,Charge,0.00,948.20,"43,085.08"
ID13395,17-Jan-2026,Transfer,0.00,937.67,"87,180.51"
ID13395,02-Mar-2026,Reversal,607.52,0.00,"85,877.77"
ID13395,28-Jan-2026,Direct Deposit,"2,514.95",0.00,"23,515.97"
ID13395,20-Jan-2026,Reversal,0.00,820.73,"66,473.39"
ID13395,23-Mar-2026,Direct Deposit,"4,185.96",0.00,"66,894.20"
ID13395,18-Jan-2026,Debit Card,0.00,478.39,"85,123.53"
ID13395,06-Feb-2026,Interest,199.16,0.00,"87,078.78"
ID13395,09-Jan-2026,Debit Card,0.00,991.25,"4,554.80"
ID13395,29-Mar-2026,Transfer,0.00,470.99,"42,882.36"
ID13395,24-Mar-2026,Charge,0.00,878.90,"62,395.12"
ID13395,31-Mar-2026,Transfer,0.00,641.86,"6,512.10"
ID13396,27-Feb-2026,Interest,357.63,0.00,"52,142.67"
ID13396,13-Jan-2026,Interest,214.55,0.00,"70,170.14"
ID13396,04-Feb-2026,Charge,0.00,108.37,"79,910.73"
ID13396,26-Jan-2026,Charge,0.00,619.15,"12,174.92"
ID13396,11-Jan-2026,Charge,0.00,277.90,"52,207.59"
ID13396,13-Feb-2026,Reversal,"1,863.00",0.00,"10,264.77"
ID13396,26-Feb-2026,Payment,"1,274.88",0.00,"31,079.05"
ID13396,31-Jan-2026,Reversal,0.00,890.01,"61,170.22"
ID13396,13-Mar-2026,Payment,608.03,0.00,"97,385.87"
ID13396,23-Feb-2026,Reversal,543.83,0.00,"65,880.65"
ID13396,01-Mar-2026,Debit Card,0.00,558.15,"91,218.70"
ID13396,01-Feb-2026,Debit Card,0.00,258.31,"3,973.10"
ID13396,05-Feb-2026,Debit Card,0.00,270.85,"33,240.65"
ID13396,26-Jan-2026,Payment,"1,855.19",0.00,"89,000.55"
ID13396,11-Feb-2026,Transfer,0.00,213.27,"65,268.65"
ID13396,04-Jan-2026,Payment,0.00,"1,291.41","51,214.15"
ID13396,28-Feb-2026,Direct Deposit,"3,620.49",0.00,"51,799.92"
ID13396,15-Feb-2026,Debit Card,0.00,707.15,"44,658.59"
ID13396,28-Feb-2026,Transfer,0.00,634.40,"96,950.29"
ID13396,19-Feb-2026,Transfer,721.59,0.00,"16,562.02"
ID13397,24-Mar-2026,Reversal,576.95,0.00,"14,159.53"
ID13397,19-Feb-2026,Direct Deposit,"4,904.18",0.00,"52,018.75"
ID13397,01-Apr-2026,Charge,0.00,981.27,"56,166.11"
ID13397,31-Mar-2026,ATM Withdrawal,0.00,794.69,"7,533.45"
ID13397,07-Feb-2026,Payment,"1,467.06",0.00,"89,934.65"
ID13397,09-Jan-2026,Transfer,0.00,807.57,"70,568.22"
ID13397,23-Mar-2026,Reversal,0.00,898.46,"94,100.28"
ID13397,05-Mar-2026,Charge,0.00,925.36,"82,929.98"
ID13397,02-Feb-2026,ATM Withdrawal,0.00,855.38,"4,240.11"
ID13397,08-Mar-2026,Reversal,0.00,348.69,"69,762.22"
ID13397,02-Apr-2026,ATM Withdrawal,0.00,301.19,"51,939.85"
ID13397,11-Jan-2026,Charge,0.00,639.89,"35,293.97"
ID13397,09-Feb-2026,Interest,60.50,0.00,"29,010.83"
ID13397,17-Mar-2026,Transfer,0.00,610.72,"11,400.66"
ID13397,11-Feb-2026,Payment,0.00,"1,159.38","89,298.25"
ID13397,26-Mar-2026,ATM Withdrawal,0.00,473.72,"49,783.03"
ID13397,09-Jan-2026,Transfer,0.00,937.12,"85,712.74"
ID13397,22-Jan-2026,Interest,449.29,0.00,"22,340.69"
ID13397,07-Mar-2026,Transfer,"1,017.66",0.00,"19,033.15"
ID13397,25-Feb-2026,Payment,973.07,0.00,"33,936.88"
ID13398,23-Feb-2026,Payment,948.29,0.00,"16,018.09"
ID13398,25-Jan-2026,Reversal,"1,685.52",0.00,"30,894.15"
ID13398,12-Jan-2026,Transfer,0.00,855.76,"79,021.04"
ID13398,01-Feb-2026,Transfer,"1,873.32",0.00,"26,672.98"
ID13398,29-Jan-2026,Direct Deposit,"3,728.24",0.00,"62,659.68"
ID13398,26-Jan-2026,Direct Deposit,"3,804.10",0.00,"75,698.19"
ID13398,22-Mar-2026,Debit Card,0.00,997.41,"59,862.92"
ID13398,10-Feb-2026,Transfer,0.00,101.50,"13,985.33"
ID13398,02-Feb-2026,Payment,279.54,0.00,"79,875.71"
ID13398,17-Jan-2026,Reversal,"1,394.69",0.00,"47,170.75"
ID13398,25-Mar-2026,Interest,405.41,0.00,"37,911.63"
ID13398,19-Feb-2026,Direct Deposit,"3,295.59",0.00,"86,377.83"
ID13398,05-Mar-2026,Direct Deposit,"3,221.13",0.00,"10,864.75"
ID13398,08-Jan-2026,Charge,0.00,639.31,"80,618.49"
ID13398,31-Mar-2026,Debit Card,0.00,902.24,"36,858.79"
ID13398,02-Apr-2026,Transfer,125.96,0.00,"58,603.39"
ID13398,01-Feb-2026,Payment,0.00,226.71,"25,236.40"
ID13398,20-Jan-2026,Interest,396.72,0.00,"17,618.13"
ID13398,03-Feb-2026,Payment,"1,620.36",0.00,"33,201.35"
ID13398,09-Mar-2026,Interest,368.14,0.00,"2,529.64"
ID13399,28-Mar-2026,Charge,0.00,166.33,"73,232.83"
ID13399,02-Mar-2026,Charge,0.00,829.71,"49,982.08"
ID13399,15-Jan-2026,Transfer,826.31,0.00,"60,978.59"
ID13399,04-Feb-2026,Debit Card,0.00,518.95,"17,545.72"
ID13399,04-Mar-2026,Direct Deposit,"1,917.84",0.00,"61,770.90"
ID13399,14-Jan-2026,Charge,0.00,780.33,"23,800.52"
ID13399,16-Mar-2026,Payment,"1,427.65",0.00,"55,609.17"
ID13399,17-Jan-2026,Interest,486.39,0.00,"64,829.65"
ID13399,12-Jan-2026,Direct Deposit,"1,197.37",0.00,"68,575.76"
ID13399,01-Apr-2026,ATM Withdrawal,0.00,768.42,"40,863.12"
ID13399,10-Jan-2026,ATM Withdrawal,0.00,942.14,"95,642.39"
ID13399,19-Mar-2026,Direct Deposit,"4,511.19",0.00,"15,284.14"
ID13399,04-Jan-2026,Reversal,887.14,0.00,"19,613.77"
ID13399,15-Mar-2026,Interest,145.70,0.00,"90,986.71"
ID13399,07-Mar-2026,Charge,0.00,805.98,"26,536.12"
ID13399,30-Mar-2026,Charge,0.00,42.72,"85,245.60"
ID13399,13-Jan-2026,Payment,0.00,167.14,"44,173.50"
ID13399,18-Jan-2026,Interest,338.32,0.00,"6,394.98"
ID13399,24-Mar-2026,Debit Card,0.00,606.87,"74,580.50"
ID13399,19-Jan-2026,Charge,0.00,394.62,"71,878.87"
ID13400,26-Jan-2026,Payment,0.00,817.56,"10,646.03"
ID13400,18-Feb-2026,Debit Card,0.00,296.55,"49,932.55"
ID13400,20-Jan-2026,Debit Card,0.00,723.55,"95,384.75"
ID13400,23-Feb-2026,Direct Deposit,"1,923.22",0.00,"1,270.07"
ID13400,27-Feb-2026,Payment,0.00,624.25,"47,193.60"
ID13400,07-Mar-2026,Direct Deposit,"2,464.93",0.00,"54,574.06"
ID13400,12-Mar-2026,Reversal,"1,655.17",0.00,"19,294.06"
ID13400,24-Mar-2026,Payment,0.00,303.52,"11,519.72"
ID13400,12-Jan-2026,Direct Deposit,"3,528.13",0.00,"70,725.87"
ID13400,02-Apr-2026,Transfer,"1,514.29",0.00,"96,001.51"
ID13400,02-Apr-2026,Transfer,0.00,888.95,"35,448.10"
ID13400,19-Jan-2026,ATM Withdrawal,0.00,393.13,"3,748.57"
ID13400,22-Mar-2026,Payment,0.00,971.25,"55,053.82"
ID13400,02-Apr-2026,Transfer,"1,554.00",0.00,"78,453.37"
ID13400,27-Mar-2026,Charge,0.00,812.27,"28,519.63"
ID13400,17-Mar-2026,ATM Withdrawal,0.00,80.94,"83,449.69"
ID13400,23-Mar-2026,Charge,0.00,583.32,"42,642.57"
ID13400,24-Mar-2026,ATM Withdrawal,0.00,24.23,"46,580.83"
ID13400,25-Mar-2026,Reversal,0.00,521.30,"59,923.93"
ID13400,28-Feb-2026,Debit Card,0.00,561.59,"8,412.72"
ID13401,23-Jan-2026,Direct Deposit,"2,889.16",0.00,"78,236.98"
ID13401,03-Jan-2026,ATM Withdrawal,0.00,327.86,"57,178.69"
ID13401,17-Feb-2026,Interest,361.84,0.00,"28,280.32"
ID13401,02-Apr-2026,Reversal,"1,993.22",0.00,"17,906.66"
ID13401,02-Apr-2026,Charge,0.00,231.51,"95,642.12"
ID13401,13-Mar-2026,Interest,461.78,0.00,"81,144.62"
ID13401,08-Feb-2026,ATM Withdrawal,0.00,587.45,"15,992.45"
ID13401,20-Feb-2026,Interest,288.32,0.00,"20,717.70"
ID13401,03-Mar-2026,Reversal,0.00,711.97,"17,438.15"
ID13401,03-Mar-2026,Debit Card,0.00,747.46,"30,891.81"
ID13401,16-Jan-2026,ATM Withdrawal,0.00,291.23,"10,815.98"
ID13401,20-Jan-2026,ATM Withdrawal,0.00,345.84,"51,749.79"
ID13401,03-Apr-2026,Direct Deposit,"1,277.15",0.00,"87,229.10"
ID13401,04-Feb-2026,Interest,301.06,0.00,"59,811.57"
ID13401,19-Mar-2026,Transfer,0.00,83.53,"6,750.67"
ID13401,27-Mar-2026,Payment,0.00,172.51,"21,613.68"
ID13401,01-Mar-2026,Charge,0.00,566.46,"86,392.40"
ID13401,19-Feb-2026,Direct Deposit,981.15,0.00,"35,402.54"
ID13401,05-Mar-2026,ATM Withdrawal,0.00,45.66,"81,255.54"
ID13401,22-Feb-2026,Debit Card,0.00,986.66,"55,894.07"
ID13402,24-Jan-2026,Debit Card,0.00,950.19,"29,942.54"
ID13402,27-Mar-2026,Charge,0.00,617.88,"46,517.18"
ID13402,08-Feb-2026,ATM Withdrawal,0.00,180.93,"6,806.74"
ID13402,16-Feb-2026,Debit Card,0.00,505.99,"78,194.75"
ID13402,05-Mar-2026,ATM Withdrawal,0.00,808.93,"54,932.78"
ID13402,21-Jan-2026,Reversal,0.00,"1,261.60","42,005.89"
ID13402,07-Feb-2026,Payment,0.00,"1,278.62","6,364.50"
ID13402,30-Jan-2026,Transfer,"1,846.30",0.00,"99,962.27"
ID13402,26-Feb-2026,Direct Deposit,"1,134.46",0.00,"83,545.34"
ID13402,11-Feb-2026,Payment,0.00,"1,315.05","13,457.60"
ID13402,09-Feb-2026,Interest,70.78,0.00,"56,257.12"
ID13402,01-Apr-2026,Charge,0.00,502.31,"44,997.33"
ID13402,14-Jan-2026,Charge,0.00,884.06,"58,964.98"
ID13402,20-Jan-2026,Interest,245.33,0.00,"6,757.91"
ID13402,27-Mar-2026,Payment,0.00,102.77,"8,158.64"
ID13402,11-Mar-2026,Interest,322.84,0.00,"52,460.77"
ID13402,25-Mar-2026,Direct Deposit,"3,622.98",0.00,"58,553.74"
ID13402,23-Feb-2026,Charge,0.00,940.32,"47,569.20"
ID13402,30-Jan-2026,Debit Card,0.00,192.40,"8,318.26"
ID13402,24-Feb-2026,ATM Withdrawal,0.00,585.05,"93,058.61"
ID13403,16-Feb-2026,Direct Deposit,"4,663.44",0.00,"54,392.71"
ID13403,30-Jan-2026,Transfer,0.00,154.88,"38,136.22"
ID13403,08-Feb-2026,Reversal,"1,700.68",0.00,"19,660.90"
ID13403,17-Mar-2026,Direct Deposit,"3,001.22",0.00,"39,598.45"
ID13403,25-Mar-2026,Direct Deposit,"3,818.90",0.00,"77,241.98"
ID13403,05-Feb-2026,Direct Deposit,"1,542.08",0.00,"65,987.75"
ID13403,19-Jan-2026,Payment,"1,263.39",0.00,"2,330.56"
ID13403,12-Feb-2026,Debit Card,0.00,853.60,"3,756.28"
ID13403,20-Feb-2026,Payment,378.29,0.00,"62,056.47"
ID13403,29-Jan-2026,Charge,0.00,971.04,"68,527.36"
ID13403,04-Mar-2026,Charge,0.00,514.87,"83,718.22"
ID13403,18-Feb-2026,Interest,320.86,0.00,"58,894.25"
ID13403,30-Jan-2026,Reversal,0.00,248.48,"86,483.31"
ID13403,26-Jan-2026,Reversal,0.00,553.96,"29,436.74"
ID13403,28-Mar-2026,Reversal,283.91,0.00,"28,948.49"
ID13403,27-Mar-2026,Interest,56.88,0.00,"14,916.46"
ID13403,02-Feb-2026,Debit Card,0.00,125.42,"76,540.00"
ID13403,03-Jan-2026,Transfer,292.71,0.00,"47,735.16"
ID13403,07-Mar-2026,Interest,474.95,0.00,"47,353.69"
ID13403,27-Feb-2026,Charge,0.00,906.52,"64,315.41"
ID13404,10-Mar-2026,Charge,0.00,515.19,"86,937.88"
ID13404,17-Jan-2026,Charge,0.00,709.34,"53,583.26"
ID13404,17-Jan-2026,Reversal,0.00,708.55,"37,029.48"
ID13404,05-Mar-2026,Reversal,0.00,996.76,"13,999.03"
ID13404,05-Feb-2026,Transfer,0.00,105.32,"91,335.12"
ID13404,25-Feb-2026,Reversal,0.00,"1,296.27","33,640.08"
ID13404,02-Apr-2026,ATM Withdrawal,0.00,905.69,"59,536.51"
ID13404,25-Jan-2026,Interest,322.19,0.00,"88,444.70"
ID13404,04-Mar-2026,Debit Card,0.00,655.69,"60,963.19"
ID13404,04-Mar-2026,Reversal,0.00,207.39,"71,834.47"
ID13404,02-Feb-2026,ATM Withdrawal,0.00,910.99,"89,707.75"
ID13404,18-Jan-2026,Interest,263.77,0.00,"78,376.41"
ID13404,08-Feb-2026,Reversal,951.23,0.00,"21,801.57"
ID13404,07-Mar-2026,Debit Card,0.00,364.53,"50,198.10"
ID13404,22-Mar-2026,ATM Withdrawal,0.00,552.28,"78,407.80"
ID13404,30-Mar-2026,Debit Card,0.00,974.26,"12,053.06"
ID13404,04-Feb-2026,Charge,0.00,615.77,"87,886.75"
ID13404,17-Mar-2026,Debit Card,0.00,871.72,"86,879.17"
ID13404,22-Feb-2026,Payment,504.21,0.00,"80,038.41"
ID13404,03-Jan-2026,Reversal,0.00,404.56,"61,457.77"
ID13405,16-Jan-2026,Transfer,296.62,0.00,"18,161.93"
ID13405,29-Jan-2026,Transfer,557.78,0.00,"82,890.08"
ID13405,26-Feb-2026,Direct Deposit,"2,468.01",0.00,"51,049.25"
ID13405,12-Mar-2026,Interest,29.95,0.00,"24,919.32"
ID13405,26-Feb-2026,Transfer,0.00,395.33,"71,817.16"
ID13405,24-Feb-2026,Transfer,0.00,"1,444.02","31,276.64"
ID13405,05-Mar-2026,Interest,356.18,0.00,"54,558.51"
ID13405,23-Feb-2026,ATM Withdrawal,0.00,472.04,"30,188.38"
ID13405,16-Mar-2026,Reversal,"1,677.18",0.00,"57,097.37"
ID13405,22-Feb-2026,Debit Card,0.00,378.77,"33,070.45"
ID13405,23-Jan-2026,Charge,0.00,185.08,"5,013.52"
ID13405,21-Mar-2026,Direct Deposit,587.07,0.00,"20,683.82"
ID13405,22-Mar-2026,Charge,0.00,782.80,"82,403.01"
ID13405,01-Feb-2026,ATM Withdrawal,0.00,298.87,"63,393.11"
ID13405,28-Feb-2026,Interest,328.43,0.00,"70,773.91"
ID13405,17-Feb-2026,Interest,479.90,0.00,"43,279.67"
ID13405,24-Jan-2026,ATM Withdrawal,0.00,512.70,"86,591.60"
ID13405,27-Jan-2026,ATM Withdrawal,0.00,644.55,"71,932.69"
ID13405,01-Feb-2026,Direct Deposit,"2,256.76",0.00,"32,345.51"
ID13405,21-Jan-2026,Transfer,"1,133.15",0.00,"1,463.89"
ID13406,25-Mar-2026,Transfer,0.00,513.47,"93,542.51"
ID13406,24-Feb-2026,Reversal,0.00,690.49,"87,163.66"
ID13406,15-Mar-2026,Payment,"1,186.96",0.00,"15,879.46"
ID13406,10-Jan-2026,Debit Card,0.00,761.40,"14,246.38"
ID13406,08-Jan-2026,Direct Deposit,"4,850.70",0.00,"57,388.56"
ID13406,27-Jan-2026,Payment,0.00,"1,397.76","42,851.57"
ID13406,02-Feb-2026,Charge,0.00,41.11,"40,352.50"
ID13406,02-Feb-2026,Debit Card,0.00,121.14,"56,009.08"
ID13406,27-Feb-2026,Payment,677.95,0.00,"47,881.93"
ID13406,18-Jan-2026,Reversal,"1,187.87",0.00,"85,447.24"
ID13406,01-Feb-2026,Payment,0.00,"1,399.87","81,074.89"
ID13406,21-Mar-2026,Transfer,0.00,"1,234.37","79,673.98"
ID13406,06-Mar-2026,Transfer,0.00,294.25,"64,210.39"
ID13406,01-Apr-2026,Payment,"1,230.42",0.00,"84,328.13"
ID13406,11-Feb-2026,Interest,446.45,0.00,"98,071.63"
ID13406,07-Mar-2026,Direct Deposit,"2,020.77",0.00,"65,892.82"
ID13406,08-Feb-2026,Debit Card,0.00,626.42,"27,034.29"
ID13406,19-Feb-2026,Transfer,0.00,"1,160.67","6,955.42"
ID13406,10-Mar-2026,Debit Card,0.00,509.43,"61,921.50"
ID13406,05-Jan-2026,ATM Withdrawal,0.00,757.27,"13,941.43"
ID13407,20-Mar-2026,Payment,0.00,874.81,"80,757.35"
ID13407,17-Feb-2026,Debit Card,0.00,23.06,"28,826.44"
ID13407,16-Feb-2026,Payment,0.00,"1,279.90","5,601.38"
ID13407,08-Mar-2026,Transfer,"1,364.48",0.00,"72,927.44"
ID13407,06-Jan-2026,ATM Withdrawal,0.00,306.70,"20,754.74"
ID13407,01-Mar-2026,Charge,0.00,256.81,"94,898.21"
ID13407,03-Mar-2026,Direct Deposit,"2,566.84",0.00,"1,179.86"
ID13407,26-Jan-2026,Transfer,0.00,969.20,"42,113.48"
ID13407,03-Feb-2026,Interest,401.79,0.00,"52,657.19"
ID13407,22-Mar-2026,Charge,0.00,297.31,"70,074.36"
ID13407,17-Feb-2026,Reversal,"1,024.49",0.00,"86,845.88"
ID13407,26-Mar-2026,Charge,0.00,828.67,"57,597.77"
ID13407,10-Mar-2026,Reversal,0.00,676.34,"69,326.23"
ID13407,07-Feb-2026,ATM Withdrawal,0.00,831.48,"29,767.76"
ID13407,20-Feb-2026,Charge,0.00,458.62,"57,477.12"
ID13407,27-Jan-2026,Direct Deposit,"3,061.08",0.00,"46,993.84"
ID13407,06-Jan-2026,ATM Withdrawal,0.00,886.43,"71,993.67"
ID13407,06-Jan-2026,Direct Deposit,"1,287.39",0.00,"90,896.33"
ID13407,10-Mar-2026,Direct Deposit,"4,563.09",0.00,"83,332.50"
ID13407,04-Jan-2026,Debit Card,0.00,873.09,"72,974.67"
ID13408,07-Jan-2026,Charge,0.00,340.52,"25,381.39"
ID13408,09-Mar-2026,Transfer,0.00,"1,197.19","5,317.69"
ID13408,07-Mar-2026,Payment,0.00,830.17,"78,827.66"
ID13408,21-Mar-2026,Reversal,494.47,0.00,"83,451.71"
ID13408,24-Feb-2026,Reversal,0.00,"1,469.49","53,085.99"
ID13408,09-Feb-2026,ATM Withdrawal,0.00,306.58,"95,880.56"
ID13408,28-Mar-2026,Payment,936.51,0.00,"8,795.70"
ID13408,02-Feb-2026,Interest,16.64,0.00,"7,039.44"
ID13408,30-Jan-2026,Interest,491.15,0.00,"77,808.69"
ID13408,20-Feb-2026,Payment,0.00,133.94,"81,009.50"
ID13408,27-Feb-2026,Charge,0.00,307.64,"63,221.17"
ID13408,18-Feb-2026,ATM Withdrawal,0.00,961.68,"24,682.18"
ID13408,19-Mar-2026,Reversal,"1,808.05",0.00,"21,612.18"
ID13408,16-Feb-2026,Charge,0.00,768.39,"79,107.81"
ID13408,14-Feb-2026,Transfer,0.00,650.44,"65,378.50"
ID13408,26-Feb-2026,Direct Deposit,"4,016.54",0.00,"6,300.87"
ID13408,23-Mar-2026,Charge,0.00,719.91,"80,207.05"
ID13408,15-Mar-2026,Reversal,0.00,732.71,"14,546.55"
ID13408,07-Mar-2026,Reversal,0.00,421.86,"72,894.55"
ID13408,28-Mar-2026,Payment,923.75,0.00,"76,253.53"
ID13409,09-Feb-2026,ATM Withdrawal,0.00,932.83,"32,898.91"
ID13409,22-Feb-2026,Payment,"1,621.66",0.00,"28,902.34"
ID13409,08-Feb-2026,Reversal,"1,660.66",0.00,"86,700.19"
ID13409,06-Jan-2026,Transfer,583.25,0.00,"16,134.84"
ID13409,17-Jan-2026,Interest,36.59,0.00,"1,585.43"
ID13409,03-Jan-2026,Direct Deposit,"2,483.05",0.00,"37,168.68"
ID13409,16-Mar-2026,Charge,0.00,898.78,"95,207.15"
ID13409,03-Apr-2026,Debit Card,0.00,970.43,"43,612.49"
ID13409,19-Mar-2026,Debit Card,0.00,105.38,"26,847.41"
ID13409,29-Mar-2026,Charge,0.00,203.54,"42,464.17"
ID13409,08-Jan-2026,Transfer,0.00,"1,334.39","92,981.62"
ID13409,12-Mar-2026,ATM Withdrawal,0.00,775.28,"1,087.56"
ID13409,18-Feb-2026,Reversal,0.00,"1,314.64","9,041.73"
ID13409,25-Mar-2026,Interest,337.23,0.00,"32,140.04"
ID13409,08-Feb-2026,Payment,0.00,"1,466.69","57,514.34"
ID13409,21-Mar-2026,ATM Withdrawal,0.00,660.96,"34,465.73"
ID13409,22-Feb-2026,Interest,374.30,0.00,"48,458.38"
ID13409,15-Jan-2026,Debit Card,0.00,202.32,"38,297.20"
ID13409,20-Feb-2026,ATM Withdrawal,0.00,661.81,"70,683.96"
ID13409,20-Feb-2026,Direct Deposit,"4,250.42",0.00,"61,884.57"
ID13410,16-Mar-2026,Debit Card,0.00,802.09,"53,373.28"
ID13410,14-Jan-2026,Direct Deposit,813.34,0.00,"45,688.94"
ID13410,16-Mar-2026,Reversal,770.89,0.00,"66,956.46"
ID13410,20-Feb-2026,Interest,300.20,0.00,"48,435.61"
ID13410,25-Mar-2026,Payment,0.00,"1,273.68","79,801.03"
ID13410,01-Apr-2026,Direct Deposit,"3,578.33",0.00,"85,656.07"
ID13410,10-Feb-2026,Payment,"1,972.50",0.00,"30,176.12"
ID13410,07-Feb-2026,Direct Deposit,"1,151.12",0.00,"73,458.66"
ID13410,01-Mar-2026,Transfer,"1,603.84",0.00,"37,878.83"
ID13410,13-Jan-2026,ATM Withdrawal,0.00,590.18,"7,026.21"
ID13410,20-Mar-2026,Direct Deposit,"1,135.37",0.00,"62,804.82"
ID13410,09-Jan-2026,Payment,0.00,961.89,"20,620.41"
ID13410,28-Feb-2026,Debit Card,0.00,931.02,"31,485.72"
ID13410,10-Mar-2026,Interest,61.93,0.00,"97,981.85"
ID13410,20-Mar-2026,ATM Withdrawal,0.00,538.81,"9,485.54"
ID13410,12-Mar-2026,Transfer,0.00,843.91,"71,195.56"
ID13410,24-Feb-2026,ATM Withdrawal,0.00,400.00,"9,444.68"
ID13410,20-Jan-2026,ATM Withdrawal,0.00,283.94,"13,544.90"
ID13410,09-Jan-2026,Transfer,0.00,"1,257.95","4,020.08"
ID13410,25-Feb-2026,Reversal,"1,732.20",0.00,"37,910.49"
ID13411,09-Feb-2026,Direct Deposit,"2,952.91",0.00,"87,309.45"
ID13411,02-Feb-2026,Payment,0.00,442.24,"29,196.13"
ID13411,18-Mar-2026,Debit Card,0.00,794.63,"24,096.60"
ID13411,10-Jan-2026,Direct Deposit,"4,666.80",0.00,"58,765.94"
ID13411,20-Feb-2026,Charge,0.00,91.61,"1,337.14"
ID13411,16-Jan-2026,Payment,0.00,444.23,"49,321.70"
ID13411,15-Jan-2026,Charge,0.00,625.62,"7,683.00"
ID13411,03-Mar-2026,Direct Deposit,"1,810.94",0.00,"3,544.66"
ID13411,27-Feb-2026,Debit Card,0.00,151.71,"53,108.95"
ID13411,18-Feb-2026,Interest,497.39,0.00,"49,488.83"
ID13411,16-Feb-2026,Transfer,"1,534.04",0.00,"70,496.31"
ID13411,13-Jan-2026,ATM Withdrawal,0.00,918.61,"20,627.50"
ID13411,01-Feb-2026,Charge,0.00,121.86,"55,123.95"
ID13411,18-Jan-2026,Direct Deposit,"2,719.93",0.00,"97,474.71"
ID13411,23-Jan-2026,ATM Withdrawal,0.00,238.05,"47,504.22"
ID13411,02-Mar-2026,ATM Withdrawal,0.00,184.31,"15,607.96"
ID13411,22-Feb-2026,ATM Withdrawal,0.00,816.14,"54,934.31"
ID13411,07-Feb-2026,Debit Card,0.00,744.52,"42,270.03"
ID13411,04-Feb-2026,Debit Card,0.00,17.44,"76,076.58"
ID13411,06-Feb-2026,Reversal,0.00,"1,496.89","94,457.69"
ID13412,24-Mar-2026,Direct Deposit,691.70,0.00,"4,396.64"
ID13412,27-Jan-2026,ATM Withdrawal,0.00,247.97,"70,503.50"
ID13412,11-Mar-2026,Transfer,642.49,0.00,"82,434.28"
ID13412,23-Jan-2026,Debit Card,0.00,512.81,"76,300.03"
ID13412,20-Mar-2026,Debit Card,0.00,160.40,"64,725.87"
ID13412,21-Mar-2026,Transfer,287.63,0.00,"93,510.84"
ID13412,14-Mar-2026,Interest,23.84,0.00,"13,886.91"
ID13412,21-Feb-2026,Reversal,"1,465.45",0.00,"41,310.81"
ID13412,27-Jan-2026,Transfer,0.00,571.16,"60,991.35"
ID13412,13-Feb-2026,Debit Card,0.00,364.15,"46,830.87"
ID13412,22-Mar-2026,Charge,0.00,676.72,"81,111.45"
ID13412,19-Feb-2026,Debit Card,0.00,491.80,"70,557.67"
ID13412,14-Mar-2026,Debit Card,0.00,335.24,"43,922.24"
ID13412,03-Apr-2026,ATM Withdrawal,0.00,232.95,"24,910.37"
ID13412,09-Jan-2026,ATM Withdrawal,0.00,466.31,"4,739.59"
ID13412,17-Feb-2026,Reversal,0.00,"1,093.42","54,965.36"
ID13412,06-Feb-2026,Payment,831.00,0.00,"3,207.70"
ID13412,17-Jan-2026,Interest,69.15,0.00,"22,157.41"
ID13412,17-Jan-2026,Charge,0.00,307.96,"47,066.41"
ID13412,13-Jan-2026,Direct Deposit,"2,481.17",0.00,"35,962.90"
ID13413,24-Mar-2026,Direct Deposit,"4,325.72",0.00,"18,897.08"
ID13413,23-Feb-2026,Interest,196.06,0.00,"63,372.12"
ID13413,04-Jan-2026,Direct Deposit,"1,525.48",0.00,"78,730.02"
ID13413,10-Mar-2026,Reversal,0.00,"1,128.47","47,020.28"
ID13413,13-Feb-2026,Payment,487.29,0.00,"85,595.14"
ID13413,15-Jan-2026,Transfer,0.00,67.94,"22,156.45"
ID13413,17-Mar-2026,Direct Deposit,"2,127.11",0.00,"23,827.73"
ID13413,21-Mar-2026,Reversal,0.00,960.06,"48,629.63"
ID13413,13-Feb-2026,Charge,0.00,468.79,"71,038.87"
ID13413,01-Feb-2026,Reversal,0.00,"1,148.51","20,598.90"
ID13413,06-Jan-2026,ATM Withdrawal,0.00,197.39,"81,888.33"
ID13413,13-Mar-2026,Direct Deposit,"2,408.97",0.00,"56,884.24"
ID13413,02-Feb-2026,Direct Deposit,"1,124.78",0.00,"73,001.20"
ID13413,07-Jan-2026,Charge,0.00,229.33,"33,151.18"
ID13413,07-Mar-2026,Interest,14.16,0.00,"71,997.57"
ID13413,15-Jan-2026,ATM Withdrawal,0.00,679.55,"99,025.61"
ID13413,13-Feb-2026,ATM Withdrawal,0.00,75.62,"35,940.37"
ID13413,01-Mar-2026,ATM Withdrawal,0.00,941.82,"6,428.67"
ID13413,16-Mar-2026,Charge,0.00,418.69,"28,138.16"
ID13413,12-Feb-2026,ATM Withdrawal,0.00,91.61,"82,664.12"
ID13414,04-Feb-2026,Payment,0.00,"1,278.93","52,283.59"
ID13414,28-Mar-2026,ATM Withdrawal,0.00,138.20,"26,529.11"
ID13414,22-Feb-2026,Payment,0.00,220.84,"75,613.33"
ID13414,19-Jan-2026,Charge,0.00,706.54,"30,912.54"
ID13414,28-Mar-2026,Reversal,0.00,"1,049.47","65,018.91"
ID13414,27-Feb-2026,Charge,0.00,158.92,"67,436.11"
ID13414,31-Mar-2026,Charge,0.00,56.85,"1,256.08"
ID13414,02-Apr-2026,Payment,0.00,874.00,"69,541.89"
ID13414,23-Feb-2026,Interest,318.44,0.00,"38,640.38"
ID13414,13-Feb-2026,Reversal,0.00,702.43,"61,205.19"
ID13414,08-Feb-2026,Payment,0.00,134.23,"80,478.13"
ID13414,02-Feb-2026,Transfer,977.82,0.00,"92,011.50"
ID13414,02-Feb-2026,Payment,0.00,780.08,"49,140.88"
ID13414,05-Jan-2026,Reversal,0.00,131.75,"54,568.41"
ID13414,30-Jan-2026,Debit Card,0.00,340.44,"54,825.82"
ID13414,10-Feb-2026,Debit Card,0.00,524.62,"74,790.44"
ID13414,28-Jan-2026,Charge,0.00,829.19,"70,192.18"
ID13414,21-Mar-2026,Charge,0.00,971.07,"32,011.87"
ID13414,01-Feb-2026,Debit Card,0.00,989.68,"71,840.12"
ID13414,29-Mar-2026,Payment,0.00,562.26,"62,641.95"
ID13415,30-Jan-2026,Payment,0.00,783.07,"97,910.55"
ID13415,20-Jan-2026,ATM Withdrawal,0.00,470.72,"80,111.70"
ID13415,24-Feb-2026,Direct Deposit,"2,289.34",0.00,"47,291.27"
ID13415,21-Mar-2026,Charge,0.00,79.50,"94,154.46"
ID13415,13-Feb-2026,Payment,166.29,0.00,"17,100.10"
ID13415,25-Mar-2026,Direct Deposit,"1,168.05",0.00,"61,945.74"
ID13415,13-Feb-2026,Debit Card,0.00,536.90,"15,270.72"
ID13415,08-Mar-2026,ATM Withdrawal,0.00,256.08,"58,550.25"
ID13415,05-Mar-2026,Charge,0.00,815.95,"73,508.00"
ID13415,21-Jan-2026,Charge,0.00,529.74,"45,313.63"
ID13415,17-Jan-2026,Transfer,0.00,730.04,"36,111.94"
ID13415,28-Mar-2026,Direct Deposit,"4,474.42",0.00,"61,373.69"
ID13415,04-Feb-2026,Reversal,0.00,436.81,"59,506.51"
ID13415,17-Feb-2026,Charge,0.00,373.18,"3,629.70"
ID13415,12-Jan-2026,Direct Deposit,"4,383.35",0.00,"74,628.85"
ID13415,03-Mar-2026,Payment,"1,938.44",0.00,"30,040.76"
ID13415,29-Jan-2026,Reversal,0.00,399.70,"67,480.98"
ID13415,13-Jan-2026,Direct Deposit,836.47,0.00,"66,808.11"
ID13415,27-Feb-2026,Reversal,0.00,920.29,"81,142.23"
ID13415,05-Mar-2026,Direct Deposit,"2,092.16",0.00,"42,954.54"
ID13416,31-Jan-2026,Transfer,"1,992.25",0.00,"1,143.33"
ID13416,30-Mar-2026,Payment,"1,248.08",0.00,"88,851.39"
ID13416,16-Jan-2026,Direct Deposit,"3,478.74",0.00,"55,877.37"
ID13416,19-Mar-2026,Charge,0.00,219.45,"62,746.08"
ID13416,19-Feb-2026,ATM Withdrawal,0.00,916.79,"77,436.33"
ID13416,30-Mar-2026,Transfer,0.00,787.63,"21,535.26"
ID13416,15-Mar-2026,Direct Deposit,"2,637.92",0.00,"35,783.17"
ID13416,04-Mar-2026,Transfer,0.00,174.42,"40,438.74"
ID13416,31-Jan-2026,Debit Card,0.00,34.70,"89,195.38"
ID13416,11-Mar-2026,Debit Card,0.00,528.04,"26,082.56"
ID13416,05-Feb-2026,Debit Card,0.00,654.60,"57,341.43"
ID13416,11-Jan-2026,Direct Deposit,"4,018.68",0.00,"3,503.63"
ID13416,28-Mar-2026,Transfer,"1,789.59",0.00,"57,223.55"
ID13416,18-Jan-2026,Reversal,617.48,0.00,"18,423.67"
ID13416,21-Jan-2026,Interest,198.46,0.00,"84,804.99"
ID13416,30-Mar-2026,Interest,136.07,0.00,"52,239.88"
ID13416,28-Jan-2026,Interest,39.77,0.00,"90,160.85"
ID13416,24-Mar-2026,Direct Deposit,"2,993.54",0.00,"42,094.94"
ID13416,24-Jan-2026,Transfer,0.00,"1,227.71","83,479.81"
ID13416,23-Mar-2026,Transfer,0.00,835.63,"48,607.50"
ID13417,06-Mar-2026,ATM Withdrawal,0.00,597.83,"49,587.16"
ID13417,01-Mar-2026,Payment,0.00,975.87,"42,166.60"
ID13417,22-Feb-2026,Transfer,0.00,216.69,"55,118.62"
ID13417,25-Mar-2026,Payment,0.00,"1,387.41","60,124.82"
ID13417,01-Apr-2026,Charge,0.00,982.83,"58,765.54"
ID13417,24-Feb-2026,Transfer,812.65,0.00,"46,440.87"
ID13417,05-Feb-2026,Reversal,0.00,562.54,"76,405.09"
ID13417,05-Jan-2026,Transfer,674.53,0.00,"66,512.33"
ID13417,09-Feb-2026,Payment,0.00,477.40,"48,397.07"
ID13417,31-Mar-2026,Transfer,0.00,460.17,"63,591.82"
ID13417,03-Mar-2026,Debit Card,0.00,625.90,"73,887.58"
ID13417,19-Feb-2026,Debit Card,0.00,375.82,"18,136.56"
ID13417,12-Jan-2026,Payment,0.00,877.74,"59,013.14"
ID13417,05-Jan-2026,Payment,924.14,0.00,"80,320.17"
ID13417,16-Feb-2026,Reversal,392.20,0.00,"62,956.59"
ID13417,15-Feb-2026,Transfer,0.00,"1,432.16","69,549.75"
ID13417,19-Mar-2026,Charge,0.00,838.92,"33,832.50"
ID13417,25-Jan-2026,Charge,0.00,167.55,"33,565.77"
ID13417,10-Mar-2026,Reversal,"1,821.47",0.00,"35,321.78"
ID13417,19-Mar-2026,Reversal,0.00,659.53,"93,360.99"
ID13418,29-Jan-2026,Charge,0.00,554.63,"49,309.96"
ID13418,05-Feb-2026,Debit Card,0.00,134.48,"49,284.36"
ID13418,07-Jan-2026,Interest,122.18,0.00,"79,159.52"
ID13418,18-Mar-2026,Charge,0.00,688.55,"22,926.18"
ID13418,21-Feb-2026,Direct Deposit,"1,793.93",0.00,"80,170.44"
ID13418,03-Mar-2026,Debit Card,0.00,431.44,"85,459.40"
ID13418,23-Jan-2026,ATM Withdrawal,0.00,693.37,"4,228.28"
ID13418,19-Jan-2026,Reversal,"1,135.61",0.00,"25,498.88"
ID13418,11-Jan-2026,Transfer,0.00,202.77,"62,797.41"
ID13418,15-Feb-2026,Transfer,0.00,945.06,"89,114.70"
ID13418,26-Jan-2026,Interest,217.76,0.00,"25,671.35"
ID13418,20-Mar-2026,Interest,209.31,0.00,"77,009.34"
ID13418,24-Mar-2026,Charge,0.00,291.52,"62,347.07"
ID13418,17-Feb-2026,Payment,"1,157.68",0.00,"55,618.50"
ID13418,15-Mar-2026,Debit Card,0.00,905.30,"16,967.29"
ID13418,28-Jan-2026,Charge,0.00,61.86,"70,033.42"
ID13418,31-Jan-2026,Direct Deposit,"4,832.41",0.00,"18,502.02"
ID13418,21-Jan-2026,ATM Withdrawal,0.00,81.82,"60,735.19"
ID13418,17-Jan-2026,Transfer,786.62,0.00,"91,319.12"
ID13418,17-Feb-2026,Interest,307.42,0.00,"13,352.21"
ID13419,15-Feb-2026,Direct Deposit,"1,713.65",0.00,"57,224.81"
ID13419,29-Jan-2026,Payment,0.00,561.52,"38,553.27"
ID13419,01-Feb-2026,Debit Card,0.00,210.00,"7,024.12"
ID13419,31-Mar-2026,Reversal,0.00,210.18,"5,144.73"
ID13419,16-Mar-2026,Direct Deposit,"1,510.75",0.00,"5,165.53"
ID13419,23-Jan-2026,Debit Card,0.00,363.42,"55,193.01"
ID13419,09-Jan-2026,Direct Deposit,"4,480.51",0.00,"40,904.66"
ID13419,04-Feb-2026,Payment,"1,101.32",0.00,"68,931.90"
ID13419,07-Mar-2026,Debit Card,0.00,986.08,"70,943.40"
ID13419,22-Mar-2026,Interest,271.29,0.00,"52,291.16"
ID13419,09-Mar-2026,Reversal,"1,086.74",0.00,"94,912.45"
ID13419,24-Mar-2026,Interest,499.63,0.00,"31,862.92"
ID13419,12-Jan-2026,Interest,299.19,0.00,"18,318.03"
ID13419,29-Jan-2026,Reversal,430.73,0.00,"35,878.44"
ID13419,08-Mar-2026,Direct Deposit,"3,178.82",0.00,"49,642.10"
ID13419,31-Jan-2026,Debit Card,0.00,441.72,"62,354.47"
ID13419,27-Mar-2026,Charge,0.00,296.80,"98,965.14"
ID13419,19-Mar-2026,Transfer,0.00,259.07,"25,932.87"
ID13419,16-Jan-2026,Interest,226.74,0.00,"44,362.06"
ID13419,05-Mar-2026,Direct Deposit,"4,535.96",0.00,"75,928.86"
ID13420,26-Mar-2026,Payment,"1,198.70",0.00,"33,843.19"
ID13420,20-Jan-2026,Transfer,715.60,0.00,"98,960.75"
ID13420,19-Jan-2026,ATM Withdrawal,0.00,474.82,"37,873.18"
ID13420,25-Feb-2026,Reversal,0.00,183.47,"66,247.75"
ID13420,20-Mar-2026,ATM Withdrawal,0.00,489.47,"36,432.55"
ID13420,07-Mar-2026,Reversal,0.00,"1,142.49","72,207.56"
ID13420,17-Feb-2026,Direct Deposit,"4,588.79",0.00,"47,667.33"
ID13420,22-Jan-2026,Payment,0.00,"1,136.46","32,850.07"
ID13420,14-Jan-2026,Transfer,"1,360.99",0.00,"77,127.33"
ID13420,12-Jan-2026,Payment,"1,440.33",0.00,"59,692.23"
ID13420,25-Jan-2026,Reversal,"1,966.02",0.00,"46,053.33"
ID13420,15-Jan-2026,Transfer,"1,158.90",0.00,"65,094.90"
ID13420,29-Jan-2026,Transfer,"1,491.81",0.00,"55,560.91"
ID13420,15-Feb-2026,Direct Deposit,"2,926.96",0.00,"38,912.97"
ID13420,27-Jan-2026,Charge,0.00,853.62,"67,161.20"
ID13420,28-Feb-2026,Reversal,936.68,0.00,"46,483.44"
ID13420,25-Mar-2026,Payment,449.52,0.00,"26,179.52"
ID13420,09-Feb-2026,Direct Deposit,"2,603.93",0.00,"78,746.74"
ID13420,17-Mar-2026,Transfer,198.98,0.00,"93,222.28"
ID13420,21-Jan-2026,Payment,166.85,0.00,"29,670.29"
ID13421,25-Jan-2026,Transfer,0.00,176.35,"68,196.76"
ID13421,16-Jan-2026,Reversal,410.37,0.00,"31,002.94"
ID13421,17-Mar-2026,Charge,0.00,454.80,"62,326.58"
ID13421,04-Feb-2026,Interest,413.45,0.00,"63,054.71"
ID13421,10-Jan-2026,Direct Deposit,"2,917.59",0.00,"83,108.88"
ID13421,25-Mar-2026,Charge,0.00,279.41,"30,130.49"
ID13421,14-Jan-2026,Reversal,0.00,732.43,"42,067.11"
ID13421,03-Apr-2026,Reversal,0.00,666.48,"50,300.61"
ID13421,06-Mar-2026,Charge,0.00,946.44,"87,886.28"
ID13421,30-Jan-2026,Reversal,659.44,0.00,"75,061.44"
ID13421,06-Feb-2026,Charge,0.00,286.43,"41,134.29"
ID13421,19-Jan-2026,Debit Card,0.00,347.66,"43,718.62"
ID13421,08-Feb-2026,Interest,223.20,0.00,"4,565.98"
ID13421,15-Mar-2026,Charge,0.00,919.58,"84,034.93"
ID13421,05-Jan-2026,Interest,411.18,0.00,"34,113.43"
ID13421,02-Mar-2026,Debit Card,0.00,333.28,"78,499.72"
ID13421,01-Apr-2026,Reversal,0.00,"1,218.62","80,258.07"
ID13421,20-Feb-2026,Reversal,0.00,965.70,"26,348.83"
ID13421,14-Mar-2026,Interest,191.94,0.00,"23,624.07"
ID13421,03-Apr-2026,Charge,0.00,226.16,"70,011.29"
ID13422,07-Mar-2026,Interest,438.15,0.00,"32,471.92"
ID13422,29-Jan-2026,Charge,0.00,230.21,"16,451.84"
ID13422,02-Feb-2026,Transfer,"1,068.39",0.00,"65,227.13"
ID13422,28-Jan-2026,Direct Deposit,"2,147.28",0.00,"25,530.38"
ID13422,23-Feb-2026,Direct Deposit,"2,369.27",0.00,"15,189.71"
ID13422,20-Jan-2026,ATM Withdrawal,0.00,588.95,"21,304.41"
ID13422,11-Mar-2026,Direct Deposit,"4,075.98",0.00,"27,098.42"
ID13422,15-Feb-2026,Reversal,0.00,535.66,"30,630.44"
ID13422,11-Mar-2026,Reversal,0.00,448.49,"62,491.01"
ID13422,20-Feb-2026,ATM Withdrawal,0.00,614.60,"46,469.75"
ID13422,21-Mar-2026,Reversal,0.00,"1,219.49","71,979.69"
ID13422,15-Feb-2026,Interest,374.38,0.00,"3,819.93"
ID13422,28-Jan-2026,Direct Deposit,"3,645.84",0.00,"24,171.20"
ID13422,15-Jan-2026,Debit Card,0.00,235.02,"9,992.59"
ID13422,05-Feb-2026,Charge,0.00,413.31,"94,912.72"
ID13422,24-Feb-2026,Charge,0.00,856.61,"98,985.97"
ID13422,26-Mar-2026,Reversal,0.00,"1,114.72","27,043.29"
ID13422,06-Feb-2026,Charge,0.00,550.19,"69,181.57"
ID13422,22-Feb-2026,Charge,0.00,914.07,"7,492.96"
ID13422,27-Jan-2026,Payment,0.00,726.44,"60,268.68"
ID13423,28-Jan-2026,Charge,0.00,370.95,"67,322.49"
ID13423,28-Feb-2026,Charge,0.00,434.94,"15,894.76"
ID13423,01-Feb-2026,ATM Withdrawal,0.00,515.28,"42,370.91"
ID13423,06-Mar-2026,Direct Deposit,"3,054.45",0.00,"73,788.66"
ID13423,24-Feb-2026,Interest,29.09,0.00,"69,713.34"
ID13423,08-Jan-2026,Payment,0.00,"1,306.37","5,004.07"
ID13423,02-Apr-2026,Transfer,0.00,929.41,"89,724.39"
ID13423,24-Feb-2026,Transfer,0.00,696.96,"49,842.87"
ID13423,22-Mar-2026,Reversal,329.87,0.00,"40,857.21"
ID13423,27-Mar-2026,Reversal,0.00,913.00,"99,523.17"
ID13423,17-Mar-2026,Direct Deposit,"2,986.98",0.00,"35,300.75"
ID13423,11-Mar-2026,Interest,349.76,0.00,"75,419.64"
ID13423,16-Jan-2026,Direct Deposit,"1,029.17",0.00,"17,274.81"
ID13423,27-Mar-2026,Direct Deposit,"1,651.51",0.00,"1,158.78"
ID13423,11-Feb-2026,Interest,203.18,0.00,"49,679.00"
ID13423,26-Mar-2026,Interest,367.05,0.00,"66,874.55"
ID13423,02-Mar-2026,Transfer,0.00,466.44,"18,671.74"
ID13423,06-Mar-2026,Direct Deposit,"1,575.57",0.00,"50,878.76"
ID13423,02-Feb-2026,Payment,"1,778.15",0.00,"63,158.51"
ID13423,16-Mar-2026,Debit Card,0.00,632.08,"92,298.83"
ID13424,19-Jan-2026,Direct Deposit,780.68,0.00,"49,604.62"
ID13424,03-Mar-2026,Reversal,100.77,0.00,"85,112.04"
ID13424,14-Mar-2026,Direct Deposit,"2,511.41",0.00,"94,010.61"
ID13424,12-Jan-2026,Transfer,"1,710.77",0.00,"54,944.86"
ID13424,05-Feb-2026,Reversal,0.00,"1,427.70","81,515.19"
ID13424,02-Apr-2026,Interest,319.41,0.00,"88,288.25"
ID13424,11-Jan-2026,Direct Deposit,"1,593.00",0.00,"77,273.14"
ID13424,04-Feb-2026,Direct Deposit,"1,077.08",0.00,"99,050.20"
ID13424,06-Mar-2026,Interest,398.05,0.00,"84,082.16"
ID13424,28-Mar-2026,Direct Deposit,"2,113.85",0.00,"76,845.35"
ID13424,16-Feb-2026,Interest,432.66,0.00,"14,375.35"
ID13424,13-Feb-2026,Charge,0.00,267.15,"70,540.45"
ID13424,02-Feb-2026,Transfer,0.00,728.71,"73,122.56"
ID13424,17-Mar-2026,Debit Card,0.00,116.26,"43,477.57"
ID13424,20-Mar-2026,Interest,448.44,0.00,"77,142.29"
ID13424,01-Mar-2026,Transfer,154.17,0.00,"30,825.24"
ID13424,05-Feb-2026,Reversal,0.00,565.54,"70,400.90"
ID13424,24-Mar-2026,Direct Deposit,"4,934.21",0.00,"60,055.69"
ID13424,15-Mar-2026,Payment,"1,250.49",0.00,"45,961.01"
ID13424,29-Mar-2026,Payment,"1,285.82",0.00,"90,282.42"
ID13425,04-Mar-2026,Reversal,"1,706.07",0.00,"12,194.59"
ID13425,28-Jan-2026,Charge,0.00,609.00,"95,973.03"
ID13425,01-Feb-2026,Direct Deposit,794.26,0.00,"68,128.67"
ID13425,14-Mar-2026,Charge,0.00,477.12,"16,596.92"
ID13425,02-Feb-2026,Payment,386.02,0.00,"61,730.24"
ID13425,07-Jan-2026,ATM Withdrawal,0.00,777.29,"77,949.12"
ID13425,03-Jan-2026,Payment,0.00,720.78,"67,806.70"
ID13425,21-Mar-2026,Charge,0.00,156.94,"43,903.91"
ID13425,05-Jan-2026,Transfer,0.00,691.15,"61,661.92"
ID13425,02-Mar-2026,Charge,0.00,985.19,"87,560.41"
ID13425,26-Mar-2026,Reversal,0.00,"1,324.55","2,648.99"
ID13425,26-Mar-2026,Direct Deposit,"3,866.36",0.00,"31,695.43"
ID13425,27-Feb-2026,Direct Deposit,"3,643.59",0.00,"37,690.05"
ID13425,11-Jan-2026,Transfer,0.00,681.96,"6,834.03"
ID13425,18-Jan-2026,Transfer,"1,349.91",0.00,"23,490.00"
ID13425,16-Mar-2026,Interest,155.17,0.00,"96,430.50"
ID13425,10-Jan-2026,Payment,573.22,0.00,"88,192.14"
ID13425,25-Jan-2026,Transfer,"1,394.97",0.00,"5,081.33"
ID13425,31-Mar-2026,Debit Card,0.00,921.54,"59,264.91"
ID13425,18-Mar-2026,Payment,0.00,"1,218.35","48,243.30"
ID13426,08-Jan-2026,Charge,0.00,683.56,"85,085.11"
ID13426,03-Apr-2026,Debit Card,0.00,409.65,"3,409.86"
ID13426,28-Mar-2026,Debit Card,0.00,182.52,"17,104.14"
ID13426,12-Jan-2026,Charge,0.00,739.72,"81,091.81"
ID13426,01-Apr-2026,Interest,181.49,0.00,"54,121.97"
ID13426,05-Jan-2026,Interest,324.15,0.00,"6,946.39"
ID13426,15-Jan-2026,Charge,0.00,56.82,"54,257.77"
ID13426,08-Jan-2026,Reversal,307.55,0.00,"73,806.71"
ID13426,21-Jan-2026,Interest,18.23,0.00,"39,734.36"
ID13426,07-Mar-2026,Debit Card,0.00,245.33,"96,340.48"
ID13426,19-Feb-2026,Transfer,0.00,105.78,"37,657.44"
ID13426,10-Feb-2026,Transfer,0.00,"1,049.56","81,728.11"
ID13426,09-Feb-2026,Transfer,0.00,"1,226.91","61,704.04"
ID13426,16-Jan-2026,ATM Withdrawal,0.00,384.52,"43,302.91"
ID13426,13-Feb-2026,Transfer,974.85,0.00,"16,833.20"
ID13426,03-Feb-2026,Charge,0.00,883.69,"98,531.17"
ID13426,25-Feb-2026,ATM Withdrawal,0.00,729.04,"33,110.99"
ID13426,09-Feb-2026,Reversal,750.95,0.00,"10,388.23"
ID13426,26-Feb-2026,Debit Card,0.00,91.09,"83,489.55"
ID13426,23-Feb-2026,ATM Withdrawal,0.00,163.07,"18,859.93"
ID13427,27-Feb-2026,ATM Withdrawal,0.00,949.01,"16,678.20"
ID13427,25-Jan-2026,ATM Withdrawal,0.00,708.33,"97,779.67"
ID13427,23-Mar-2026,ATM Withdrawal,0.00,963.64,"10,186.26"
ID13427,01-Mar-2026,Payment,652.50,0.00,"12,053.67"
ID13427,19-Jan-2026,Payment,0.00,"1,334.18","70,674.71"
ID13427,25-Jan-2026,Direct Deposit,"3,192.85",0.00,"96,143.08"
ID13427,14-Feb-2026,ATM Withdrawal,0.00,476.90,"26,495.00"
ID13427,20-Feb-2026,Charge,0.00,540.74,"82,121.39"
ID13427,10-Feb-2026,Direct Deposit,"2,781.71",0.00,"52,649.02"
ID13427,17-Mar-2026,Direct Deposit,"2,900.77",0.00,"61,822.16"
ID13427,12-Mar-2026,Reversal,877.68,0.00,"34,566.98"
ID13427,22-Jan-2026,Transfer,0.00,95.17,"7,536.01"
ID13427,29-Jan-2026,Payment,0.00,559.98,"7,738.45"
ID13427,29-Jan-2026,ATM Withdrawal,0.00,624.22,"28,004.22"
ID13427,12-Mar-2026,Debit Card,0.00,654.78,"55,739.73"
ID13427,03-Mar-2026,Direct Deposit,"4,636.40",0.00,"15,531.24"
ID13427,16-Mar-2026,Charge,0.00,248.28,"88,275.99"
ID13427,08-Feb-2026,Charge,0.00,663.38,"59,768.03"
ID13427,25-Jan-2026,Transfer,"1,306.55",0.00,"77,445.80"
ID13427,10-Feb-2026,Debit Card,0.00,953.76,"70,099.54"
ID13428,19-Mar-2026,Debit Card,0.00,840.83,"75,576.73"
ID13428,29-Mar-2026,Debit Card,0.00,144.36,"1,048.20"
ID13428,26-Jan-2026,Reversal,0.00,601.49,"34,590.51"
ID13428,02-Feb-2026,Transfer,0.00,906.54,"3,698.99"
ID13428,03-Mar-2026,Direct Deposit,"3,016.98",0.00,"33,961.20"
ID13428,20-Mar-2026,Debit Card,0.00,959.71,"42,903.00"
ID13428,20-Feb-2026,Direct Deposit,739.87,0.00,"18,065.63"
ID13428,17-Jan-2026,Direct Deposit,"2,087.98",0.00,"15,087.08"
ID13428,07-Feb-2026,Charge,0.00,939.13,"45,587.73"
ID13428,21-Feb-2026,ATM Withdrawal,0.00,414.81,"66,739.15"
ID13428,22-Jan-2026,Debit Card,0.00,712.14,"1,701.07"
ID13428,31-Mar-2026,Transfer,441.00,0.00,"58,188.64"
ID13428,18-Mar-2026,Reversal,"1,872.51",0.00,"83,109.97"
ID13428,11-Mar-2026,Transfer,"1,118.23",0.00,"3,740.10"
ID13428,11-Mar-2026,ATM Withdrawal,0.00,771.29,"15,326.18"
ID13428,28-Feb-2026,Charge,0.00,753.80,"80,104.43"
ID13428,03-Jan-2026,ATM Withdrawal,0.00,179.63,"80,083.48"
ID13428,24-Feb-2026,Payment,"1,553.10",0.00,"34,501.34"
ID13428,25-Feb-2026,Debit Card,0.00,498.38,"91,390.03"
ID13428,03-Mar-2026,ATM Withdrawal,0.00,834.21,"72,110.16"
ID13429,15-Mar-2026,Charge,0.00,253.26,"79,234.80"
ID13429,22-Mar-2026,Transfer,"1,795.27",0.00,"97,028.33"
ID13429,11-Feb-2026,Debit Card,0.00,57.45,"22,091.63"
ID13429,28-Feb-2026,Reversal,813.80,0.00,"46,582.41"
ID13429,29-Mar-2026,Debit Card,0.00,615.40,"55,628.66"
ID13429,31-Mar-2026,Charge,0.00,951.08,"65,519.72"
ID13429,09-Mar-2026,Reversal,"1,570.15",0.00,"7,928.23"
ID13429,20-Feb-2026,ATM Withdrawal,0.00,470.49,"90,684.50"
ID13429,14-Feb-2026,Interest,392.06,0.00,"92,356.61"
ID13429,01-Mar-2026,Debit Card,0.00,716.48,"47,895.66"
ID13429,12-Feb-2026,Interest,495.63,0.00,"16,240.70"
ID13429,28-Jan-2026,ATM Withdrawal,0.00,848.67,"55,429.36"
ID13429,28-Jan-2026,Payment,342.03,0.00,"32,549.11"
ID13429,29-Jan-2026,Direct Deposit,"1,622.36",0.00,"83,856.20"
ID13429,08-Feb-2026,Charge,0.00,194.72,"48,726.37"
ID13429,11-Feb-2026,Transfer,0.00,763.81,"83,617.04"
ID13429,01-Apr-2026,Direct Deposit,"2,295.65",0.00,"81,946.17"
ID13429,13-Jan-2026,Interest,491.11,0.00,"95,943.95"
ID13429,11-Mar-2026,Direct Deposit,"2,689.53",0.00,"70,218.12"
ID13429,25-Jan-2026,Charge,0.00,923.42,"60,901.75"
ID13430,05-Jan-2026,Transfer,0.00,763.69,"84,115.54"
ID13430,17-Feb-2026,Debit Card,0.00,565.84,"27,182.78"
ID13430,03-Feb-2026,Transfer,0.00,992.19,"62,132.16"
ID13430,29-Jan-2026,ATM Withdrawal,0.00,836.02,"68,393.78"
ID13430,04-Mar-2026,Transfer,735.13,0.00,"66,000.60"
ID13430,28-Feb-2026,Charge,0.00,229.35,"98,384.70"
ID13430,22-Jan-2026,Transfer,"1,653.26",0.00,"98,088.80"
ID13430,13-Jan-2026,ATM Withdrawal,0.00,284.61,"31,581.86"
ID13430,24-Feb-2026,Direct Deposit,"3,151.44",0.00,"17,367.16"
ID13430,16-Feb-2026,Debit Card,0.00,398.70,"9,171.85"
ID13430,25-Feb-2026,Transfer,701.84,0.00,"71,673.56"
ID13430,11-Jan-2026,Debit Card,0.00,797.23,"16,304.11"
ID13430,06-Mar-2026,Debit Card,0.00,449.48,"47,704.77"
ID13430,04-Feb-2026,Transfer,"1,563.08",0.00,"48,850.94"
ID13430,02-Feb-2026,Debit Card,0.00,767.48,"38,823.31"
ID13430,21-Jan-2026,Reversal,0.00,55.22,"39,242.94"
ID13430,02-Apr-2026,Direct Deposit,"3,799.27",0.00,"13,365.03"
ID13430,19-Feb-2026,Reversal,846.94,0.00,"13,477.23"
ID13430,23-Mar-2026,Direct Deposit,"4,691.90",0.00,"20,038.65"
ID13430,14-Mar-2026,Reversal,444.38,0.00,"2,291.96"
ID13431,26-Mar-2026,Payment,"1,746.38",0.00,"59,332.67"
ID13431,14-Jan-2026,ATM Withdrawal,0.00,484.99,"34,130.02"
ID13431,20-Feb-2026,Transfer,419.17,0.00,"30,383.95"
ID13431,02-Feb-2026,Reversal,0.00,298.41,"16,786.91"
ID13431,03-Feb-2026,Direct Deposit,"2,026.54",0.00,"58,308.23"
ID13431,22-Feb-2026,Transfer,0.00,"1,369.44","28,152.15"
ID13431,25-Mar-2026,Debit Card,0.00,956.30,"75,108.51"
ID13431,16-Feb-2026,Transfer,0.00,202.08,"46,591.96"
ID13431,18-Mar-2026,Payment,"1,435.03",0.00,"4,050.42"
ID13431,18-Mar-2026,ATM Withdrawal,0.00,792.41,"34,523.85"
ID13431,25-Feb-2026,Transfer,"1,568.85",0.00,"80,592.81"
ID13431,02-Apr-2026,Payment,774.56,0.00,"85,662.28"
ID13431,15-Mar-2026,Payment,329.36,0.00,"84,866.06"
ID13431,12-Jan-2026,Reversal,0.00,596.96,"32,067.64"
ID13431,06-Jan-2026,Interest,221.50,0.00,"91,880.80"
ID13431,20-Mar-2026,Reversal,0.00,"1,012.51","44,663.08"
ID13431,17-Jan-2026,Reversal,0.00,"1,006.53","60,310.51"
ID13431,12-Feb-2026,Direct Deposit,"4,290.87",0.00,"76,874.77"
ID13431,17-Jan-2026,Transfer,0.00,128.60,"25,129.00"
ID13431,20-Jan-2026,Direct Deposit,"4,526.65",0.00,"24,204.28"
ID13432,18-Jan-2026,Transfer,0.00,"1,027.70","8,012.67"
ID13432,27-Feb-2026,Interest,355.87,0.00,"45,670.73"
ID13432,06-Jan-2026,Interest,322.11,0.00,"34,008.04"
ID13432,02-Apr-2026,Transfer,"1,984.83",0.00,"18,250.92"
ID13432,06-Feb-2026,Direct Deposit,"2,211.45",0.00,"53,571.84"
ID13432,18-Jan-2026,ATM Withdrawal,0.00,52.61,"12,395.64"
ID13432,25-Feb-2026,Payment,"1,365.98",0.00,"99,924.58"
ID13432,30-Mar-2026,Payment,0.00,524.63,"77,803.53"
ID13432,21-Feb-2026,Charge,0.00,223.39,"83,253.40"
ID13432,16-Feb-2026,Direct Deposit,"4,884.11",0.00,"80,983.91"
ID13432,20-Mar-2026,Transfer,0.00,741.19,"80,284.49"
ID13432,16-Jan-2026,Direct Deposit,"3,167.93",0.00,"68,776.82"
ID13432,02-Feb-2026,ATM Withdrawal,0.00,546.64,"60,760.32"
ID13432,22-Jan-2026,Reversal,0.00,197.63,"62,217.99"
ID13432,24-Mar-2026,Interest,281.49,0.00,"18,520.95"
ID13432,28-Feb-2026,Transfer,"1,882.56",0.00,"29,210.41"
ID13432,16-Feb-2026,Reversal,0.00,"1,202.82","69,079.02"
ID13432,05-Jan-2026,Interest,229.04,0.00,"72,499.05"
ID13432,26-Mar-2026,Interest,429.07,0.00,"71,447.02"
ID13432,02-Apr-2026,Payment,"1,433.52",0.00,"12,821.46"
ID13433,25-Jan-2026,ATM Withdrawal,0.00,963.10,"42,601.65"
ID13433,08-Jan-2026,Transfer,"1,219.81",0.00,"59,842.50"
ID13433,16-Mar-2026,Direct Deposit,"1,427.00",0.00,"20,005.96"
ID13433,14-Feb-2026,ATM Withdrawal,0.00,642.92,"74,802.16"
ID13433,09-Mar-2026,Payment,0.00,"1,447.07","26,134.80"
ID13433,25-Mar-2026,Payment,"1,770.89",0.00,"87,600.28"
ID13433,17-Mar-2026,Transfer,911.74,0.00,"84,490.13"
ID13433,06-Jan-2026,Charge,0.00,741.02,"20,492.49"
ID13433,25-Mar-2026,ATM Withdrawal,0.00,958.63,"63,002.59"
ID13433,21-Mar-2026,Reversal,186.47,0.00,"93,261.07"
ID13433,22-Feb-2026,Reversal,"1,806.11",0.00,"84,043.93"
ID13433,18-Jan-2026,Charge,0.00,607.12,"89,975.83"
ID13433,11-Feb-2026,Charge,0.00,90.42,"53,865.00"
ID13433,13-Feb-2026,Interest,295.66,0.00,"56,860.79"
ID13433,03-Jan-2026,Transfer,0.00,230.05,"83,681.56"
ID13433,28-Jan-2026,Reversal,"1,277.33",0.00,"14,318.15"
ID13433,25-Feb-2026,Charge,0.00,391.23,"25,056.46"
ID13433,29-Jan-2026,Payment,0.00,"1,343.00","64,031.66"
ID13433,07-Jan-2026,Direct Deposit,"2,993.33",0.00,"1,426.97"
ID13433,05-Jan-2026,ATM Withdrawal,0.00,916.27,"16,672.74"
ID13434,15-Jan-2026,Debit Card,0.00,828.01,"56,766.67"
ID13434,14-Feb-2026,ATM Withdrawal,0.00,45.52,"17,539.72"
ID13434,18-Jan-2026,Interest,251.40,0.00,"58,807.30"
ID13434,05-Feb-2026,Interest,293.53,0.00,"37,261.58"
ID13434,14-Mar-2026,Interest,71.60,0.00,"14,936.81"
ID13434,14-Jan-2026,Charge,0.00,685.20,"95,504.61"
ID13434,21-Feb-2026,Debit Card,0.00,30.31,"27,255.47"
ID13434,02-Apr-2026,Debit Card,0.00,205.87,"78,821.70"
ID13434,22-Feb-2026,Payment,0.00,"1,483.12","8,078.11"
ID13434,19-Mar-2026,Debit Card,0.00,352.72,"33,395.13"
ID13434,27-Feb-2026,Direct Deposit,"1,295.49",0.00,"57,071.17"
ID13434,21-Mar-2026,Charge,0.00,464.41,"40,562.68"
ID13434,05-Feb-2026,ATM Withdrawal,0.00,185.69,"59,959.94"
ID13434,31-Jan-2026,ATM Withdrawal,0.00,72.33,"77,768.01"
ID13434,14-Feb-2026,Transfer,567.77,0.00,"2,444.19"
ID13434,03-Mar-2026,Direct Deposit,"2,309.71",0.00,"29,233.01"
ID13434,27-Mar-2026,Interest,405.29,0.00,"43,361.21"
ID13434,31-Jan-2026,Debit Card,0.00,751.72,"18,719.26"
ID13434,03-Mar-2026,Payment,0.00,"1,014.89","43,800.61"
ID13434,14-Feb-2026,ATM Withdrawal,0.00,789.52,"59,650.63"
ID13435,15-Jan-2026,Debit Card,0.00,841.96,"59,286.86"
ID13435,26-Jan-2026,Charge,0.00,200.47,"93,475.01"
ID13435,04-Mar-2026,Interest,246.14,0.00,"60,894.98"
ID13435,17-Feb-2026,Charge,0.00,692.27,"83,587.75"
ID13435,02-Feb-2026,Reversal,0.00,954.18,"37,525.81"
ID13435,05-Feb-2026,Reversal,0.00,"1,493.06","6,504.46"
ID13435,17-Feb-2026,Debit Card,0.00,517.42,"78,582.56"
ID13435,07-Feb-2026,Payment,299.57,0.00,"39,043.03"
ID13435,31-Mar-2026,Reversal,0.00,"1,376.86","71,198.32"
ID13435,16-Jan-2026,Reversal,654.00,0.00,"94,081.37"
ID13435,02-Feb-2026,Interest,436.34,0.00,"91,091.72"
ID13435,22-Feb-2026,Debit Card,0.00,98.54,"17,568.91"
ID13435,21-Feb-2026,Debit Card,0.00,552.37,"20,423.43"
ID13435,25-Feb-2026,Payment,0.00,834.40,"69,803.53"
ID13435,02-Apr-2026,Direct Deposit,"4,530.08",0.00,"97,805.61"
ID13435,25-Mar-2026,Interest,266.50,0.00,"91,331.29"
ID13435,21-Jan-2026,Reversal,"1,293.36",0.00,"97,727.31"
ID13435,14-Jan-2026,Payment,0.00,"1,179.56","68,694.97"
ID13435,26-Mar-2026,ATM Withdrawal,0.00,910.23,"34,052.46"
ID13435,23-Jan-2026,Debit Card,0.00,955.85,"98,852.87"
ID13436,01-Apr-2026,Charge,0.00,275.72,"41,730.56"
ID13436,26-Jan-2026,Debit Card,0.00,606.45,"34,123.69"
ID13436,19-Feb-2026,Charge,0.00,635.11,"99,740.06"
ID13436,10-Feb-2026,Charge,0.00,738.03,"12,713.53"
ID13436,21-Jan-2026,Interest,332.80,0.00,"90,751.09"
ID13436,09-Jan-2026,Debit Card,0.00,960.78,"53,371.14"
ID13436,08-Feb-2026,Interest,397.33,0.00,"12,069.60"
ID13436,28-Mar-2026,Reversal,0.00,"1,408.81","99,329.11"
ID13436,17-Feb-2026,Interest,128.74,0.00,"9,615.88"
ID13436,18-Mar-2026,Transfer,"1,675.69",0.00,"19,459.17"
ID13436,09-Feb-2026,Interest,476.95,0.00,"79,444.93"
ID13436,15-Feb-2026,Transfer,636.38,0.00,"85,421.02"
ID13436,13-Feb-2026,Payment,"1,050.75",0.00,"38,680.38"
ID13436,25-Jan-2026,Transfer,0.00,548.18,"15,224.18"
ID13436,25-Feb-2026,Reversal,"1,644.68",0.00,"12,305.55"
ID13436,09-Jan-2026,Debit Card,0.00,841.39,"74,806.30"
ID13436,16-Mar-2026,Payment,0.00,181.83,"78,426.91"
ID13436,08-Feb-2026,Charge,0.00,867.73,"36,620.61"
ID13436,18-Feb-2026,Reversal,822.91,0.00,"21,310.95"
ID13436,05-Jan-2026,Interest,97.60,0.00,"91,665.21"
ID13437,16-Feb-2026,Payment,0.00,"1,181.50","50,293.30"
ID13437,16-Feb-2026,Interest,123.41,0.00,"66,810.50"
ID13437,07-Mar-2026,Payment,"1,144.12",0.00,"63,067.24"
ID13437,29-Mar-2026,ATM Withdrawal,0.00,467.11,"74,246.31"
ID13437,19-Jan-2026,Transfer,"1,678.08",0.00,"70,267.34"
ID13437,18-Feb-2026,Payment,"1,722.20",0.00,"52,501.24"
ID13437,19-Feb-2026,Reversal,0.00,726.65,"25,169.07"
ID13437,27-Jan-2026,Direct Deposit,"1,888.02",0.00,"48,673.21"
ID13437,20-Feb-2026,Reversal,683.89,0.00,"33,988.16"
ID13437,29-Mar-2026,Transfer,0.00,144.69,"26,160.68"
ID13437,25-Jan-2026,Debit Card,0.00,808.90,"30,077.96"
ID13437,18-Jan-2026,Charge,0.00,220.05,"26,873.49"
ID13437,28-Mar-2026,Reversal,317.90,0.00,"2,427.38"
ID13437,29-Mar-2026,Charge,0.00,875.11,"23,491.66"
ID13437,07-Mar-2026,Debit Card,0.00,766.48,"60,194.67"
ID13437,06-Feb-2026,Charge,0.00,702.03,"52,498.60"
ID13437,05-Feb-2026,Debit Card,0.00,928.72,"90,856.25"
ID13437,30-Mar-2026,Payment,318.92,0.00,"21,318.70"
ID13437,04-Feb-2026,Transfer,841.58,0.00,"75,661.29"
ID13437,11-Feb-2026,Debit Card,0.00,620.51,"37,388.77"
ID13438,05-Feb-2026,Reversal,0.00,721.94,"6,596.60"
ID13438,09-Mar-2026,ATM Withdrawal,0.00,411.15,"67,687.78"
ID13438,06-Feb-2026,Charge,0.00,208.89,"25,431.56"
ID13438,14-Feb-2026,Transfer,"1,508.37",0.00,"6,897.15"
ID13438,20-Feb-2026,Transfer,0.00,212.36,"92,630.43"
ID13438,26-Mar-2026,Interest,243.79,0.00,"23,205.07"
ID13438,21-Mar-2026,Debit Card,0.00,383.07,"21,981.94"
ID13438,17-Mar-2026,Charge,0.00,513.17,"81,999.50"
ID13438,15-Mar-2026,Transfer,163.51,0.00,"98,335.94"
ID13438,21-Jan-2026,Debit Card,0.00,617.66,"87,882.15"
ID13438,19-Feb-2026,Payment,0.00,359.34,"68,606.77"
ID13438,24-Mar-2026,Payment,"1,665.13",0.00,"46,018.30"
ID13438,27-Mar-2026,Payment,0.00,"1,187.81","21,928.11"
ID13438,26-Feb-2026,Debit Card,0.00,370.69,"83,082.22"
ID13438,14-Feb-2026,Interest,436.45,0.00,"94,267.87"
ID13438,25-Jan-2026,Interest,373.80,0.00,"90,508.01"
ID13438,04-Jan-2026,Interest,305.47,0.00,"35,313.80"
ID13438,06-Jan-2026,Charge,0.00,994.71,"24,361.34"
ID13438,16-Feb-2026,Payment,323.43,0.00,"15,175.51"
ID13438,06-Jan-2026,Reversal,392.16,0.00,"58,917.10"
ID13439,07-Jan-2026,Charge,0.00,526.05,"35,151.70"
ID13439,28-Mar-2026,Interest,135.71,0.00,"12,380.06"
ID13439,13-Mar-2026,Debit Card,0.00,479.84,"44,218.15"
ID13439,23-Jan-2026,Direct Deposit,"3,574.91",0.00,"35,882.27"
ID13439,18-Mar-2026,Direct Deposit,"3,129.10",0.00,"59,114.45"
ID13439,04-Jan-2026,Charge,0.00,955.50,"88,252.46"
ID13439,11-Feb-2026,Debit Card,0.00,818.55,"22,366.76"
ID13439,08-Feb-2026,Reversal,"1,542.29",0.00,"65,769.41"
ID13439,12-Jan-2026,Direct Deposit,"3,465.01",0.00,"89,958.11"
ID13439,09-Mar-2026,Payment,0.00,"1,135.58","16,643.39"
ID13439,24-Jan-2026,Direct Deposit,"4,750.83",0.00,"54,866.16"
ID13439,23-Mar-2026,Payment,"1,855.36",0.00,"84,531.55"
ID13439,06-Mar-2026,Direct Deposit,"4,968.84",0.00,"99,039.90"
ID13439,18-Feb-2026,Transfer,"1,306.71",0.00,"14,081.14"
ID13439,13-Feb-2026,Direct Deposit,"2,464.67",0.00,"75,685.22"
ID13439,11-Feb-2026,Transfer,139.63,0.00,"18,369.94"
ID13439,03-Mar-2026,Interest,485.98,0.00,"70,440.60"
ID13439,18-Mar-2026,Transfer,771.24,0.00,"14,419.84"
ID13439,22-Jan-2026,Interest,453.10,0.00,"3,206.27"
ID13439,01-Apr-2026,Debit Card,0.00,991.51,"4,094.09"
ID13440,03-Mar-2026,Direct Deposit,"2,178.73",0.00,"79,366.28"
ID13440,25-Mar-2026,ATM Withdrawal,0.00,624.41,"18,431.50"
ID13440,01-Apr-2026,Transfer,312.96,0.00,"72,614.48"
ID13440,30-Mar-2026,Charge,0.00,61.04,"45,681.41"
ID13440,20-Feb-2026,Debit Card,0.00,530.55,"24,771.29"
ID13440,15-Feb-2026,Reversal,0.00,289.66,"21,106.99"
ID13440,03-Feb-2026,Transfer,"1,148.95",0.00,"24,231.45"
ID13440,13-Jan-2026,Payment,0.00,"1,017.71","79,446.70"
ID13440,27-Jan-2026,Payment,0.00,380.11,"46,055.39"
ID13440,01-Apr-2026,Charge,0.00,276.14,"67,241.88"
ID13440,13-Feb-2026,Debit Card,0.00,25.72,"88,594.07"
ID13440,09-Jan-2026,Transfer,"1,434.55",0.00,"48,470.98"
ID13440,03-Mar-2026,Debit Card,0.00,81.06,"2,391.76"
ID13440,17-Mar-2026,Charge,0.00,914.17,"58,408.82"
ID13440,01-Apr-2026,Reversal,963.51,0.00,"32,656.50"
ID13440,30-Jan-2026,Reversal,0.00,"1,082.63","52,842.75"
ID13440,24-Jan-2026,Debit Card,0.00,488.94,"14,369.46"
ID13440,01-Apr-2026,Reversal,0.00,561.66,"71,967.07"
ID13440,18-Feb-2026,Reversal,928.39,0.00,"26,710.21"
ID13440,08-Feb-2026,ATM Withdrawal,0.00,514.46,"38,882.73"
ID13441,17-Mar-2026,Direct Deposit,"1,067.75",0.00,"57,168.02"
ID13441,30-Mar-2026,Transfer,347.59,0.00,"98,366.40"
ID13441,01-Apr-2026,ATM Withdrawal,0.00,352.88,"7,840.64"
ID13441,21-Feb-2026,Debit Card,0.00,395.55,"64,686.96"
ID13441,21-Mar-2026,Debit Card,0.00,730.92,"41,423.43"
ID13441,21-Feb-2026,Payment,0.00,"1,379.88","44,703.31"
ID13441,01-Feb-2026,Debit Card,0.00,159.93,"87,935.33"
ID13441,01-Mar-2026,Direct Deposit,"2,073.39",0.00,"59,367.54"
ID13441,28-Feb-2026,Direct Deposit,"1,733.68",0.00,"11,148.28"
ID13441,26-Feb-2026,Transfer,0.00,640.16,"90,687.81"
ID13441,10-Jan-2026,Reversal,0.00,"1,470.49","27,080.63"
ID13441,18-Feb-2026,Reversal,706.92,0.00,"72,523.67"
ID13441,02-Mar-2026,Debit Card,0.00,555.09,"45,979.08"
ID13441,23-Feb-2026,Payment,0.00,867.49,"98,583.52"
ID13441,23-Jan-2026,Charge,0.00,20.09,"26,799.66"
ID13441,29-Jan-2026,ATM Withdrawal,0.00,85.50,"5,121.05"
ID13441,30-Mar-2026,Reversal,0.00,968.87,"70,054.25"
ID13441,08-Jan-2026,Payment,"1,118.82",0.00,"10,993.74"
ID13441,25-Mar-2026,Debit Card,0.00,178.79,"91,019.15"
ID13441,20-Jan-2026,Reversal,0.00,658.27,"62,049.76"
ID13442,02-Mar-2026,Reversal,0.00,"1,207.40","62,677.07"
ID13442,11-Jan-2026,Interest,311.92,0.00,"8,835.07"
ID13442,01-Feb-2026,Payment,0.00,778.96,"59,842.00"
ID13442,17-Mar-2026,Charge,0.00,754.35,"15,074.11"
ID13442,10-Jan-2026,Payment,477.25,0.00,"68,279.26"
ID13442,24-Jan-2026,Debit Card,0.00,37.72,"10,084.19"
ID13442,03-Jan-2026,Direct Deposit,"3,091.29",0.00,"51,594.96"
ID13442,03-Apr-2026,Charge,0.00,922.31,"75,544.62"
ID13442,27-Jan-2026,Debit Card,0.00,321.78,"79,598.68"
ID13442,24-Jan-2026,Direct Deposit,"1,717.49",0.00,"32,645.39"
ID13442,27-Feb-2026,Debit Card,0.00,655.39,"82,410.03"
ID13442,02-Apr-2026,Payment,"1,098.08",0.00,"30,893.09"
ID13442,23-Mar-2026,Transfer,"1,106.94",0.00,"47,292.22"
ID13442,01-Feb-2026,ATM Withdrawal,0.00,600.06,"62,314.77"
ID13442,25-Mar-2026,Reversal,0.00,"1,439.95","39,778.14"
ID13442,12-Jan-2026,Transfer,0.00,"1,186.15","4,407.67"
ID13442,20-Feb-2026,Reversal,"1,579.14",0.00,"14,745.40"
ID13442,18-Jan-2026,Reversal,0.00,949.86,"67,657.11"
ID13442,03-Mar-2026,ATM Withdrawal,0.00,91.31,"2,455.08"
ID13442,28-Jan-2026,Payment,721.61,0.00,"30,078.90"
ID13443,30-Jan-2026,Transfer,896.00,0.00,"4,383.98"
ID13443,30-Mar-2026,Payment,0.00,217.56,"6,524.36"
ID13443,27-Mar-2026,Transfer,0.00,565.83,"19,178.78"
ID13443,29-Mar-2026,Payment,0.00,"1,304.50","6,841.65"
ID13443,17-Mar-2026,Payment,"1,224.21",0.00,"90,664.11"
ID13443,16-Feb-2026,Interest,332.99,0.00,"64,756.96"
ID13443,15-Jan-2026,Debit Card,0.00,854.16,"15,223.37"
ID13443,04-Feb-2026,Transfer,0.00,"1,020.24","6,885.17"
ID13443,09-Jan-2026,Reversal,0.00,"1,110.37","21,649.95"
ID13443,03-Jan-2026,Direct Deposit,"2,575.34",0.00,"9,281.73"
ID13443,10-Feb-2026,Reversal,0.00,"1,066.63","20,497.80"
ID13443,16-Mar-2026,Interest,376.99,0.00,"39,844.08"
ID13443,01-Apr-2026,Interest,450.41,0.00,"91,623.13"
ID13443,03-Jan-2026,Charge,0.00,434.92,"39,482.05"
ID13443,10-Mar-2026,Interest,179.89,0.00,"43,711.95"
ID13443,04-Feb-2026,Transfer,0.00,811.94,"11,533.52"
ID13443,23-Feb-2026,Direct Deposit,"2,745.62",0.00,"39,797.11"
ID13443,31-Mar-2026,Transfer,0.00,173.35,"44,591.48"
ID13443,10-Feb-2026,Direct Deposit,"4,907.04",0.00,"6,104.20"
ID13443,05-Mar-2026,Interest,175.52,0.00,"33,057.33"
ID13444,29-Mar-2026,Reversal,0.00,344.86,"56,341.41"
ID13444,24-Jan-2026,Charge,0.00,957.07,"65,085.56"
ID13444,01-Apr-2026,Payment,937.19,0.00,"11,859.60"
ID13444,25-Mar-2026,Payment,395.72,0.00,"94,319.06"
ID13444,30-Jan-2026,Reversal,"1,107.13",0.00,"41,596.85"
ID13444,28-Feb-2026,Direct Deposit,"2,339.39",0.00,"24,421.93"
ID13444,09-Feb-2026,Reversal,"1,244.21",0.00,"54,946.36"
ID13444,23-Jan-2026,Debit Card,0.00,22.63,"86,191.49"
ID13444,04-Mar-2026,Direct Deposit,"4,478.09",0.00,"87,990.32"
ID13444,14-Mar-2026,ATM Withdrawal,0.00,415.95,"91,479.29"
ID13444,17-Feb-2026,ATM Withdrawal,0.00,306.81,"17,178.33"
ID13444,07-Mar-2026,Debit Card,0.00,612.71,"18,659.58"
ID13444,26-Jan-2026,Reversal,"1,706.95",0.00,"28,007.46"
ID13444,05-Feb-2026,Payment,"1,945.12",0.00,"56,793.31"
ID13444,27-Feb-2026,Transfer,"1,710.79",0.00,"57,354.44"
ID13444,09-Mar-2026,Transfer,"1,278.27",0.00,"56,941.49"
ID13444,24-Jan-2026,Charge,0.00,512.28,"54,466.50"
ID13444,15-Jan-2026,Charge,0.00,260.34,"69,119.73"
ID13444,19-Jan-2026,ATM Withdrawal,0.00,410.54,"66,177.81"
ID13444,01-Mar-2026,ATM Withdrawal,0.00,255.12,"11,156.00"
ID13445,01-Mar-2026,ATM Withdrawal,0.00,745.14,"46,909.42"
ID13445,01-Mar-2026,Interest,127.12,0.00,"21,470.46"
ID13445,30-Mar-2026,Charge,0.00,150.60,"18,016.67"
ID13445,22-Mar-2026,Transfer,0.00,"1,176.14","81,340.50"
ID13445,05-Jan-2026,Debit Card,0.00,504.92,"54,980.24"
ID13445,26-Jan-2026,ATM Withdrawal,0.00,908.14,"94,144.03"
ID13445,12-Mar-2026,Reversal,"1,739.83",0.00,"65,942.61"
ID13445,08-Jan-2026,Direct Deposit,"2,866.94",0.00,"77,587.94"
ID13445,19-Jan-2026,Direct Deposit,"2,542.93",0.00,"47,702.47"
ID13445,19-Jan-2026,Direct Deposit,"3,432.61",0.00,"78,507.95"
ID13445,26-Mar-2026,Debit Card,0.00,26.14,"26,498.94"
ID13445,29-Jan-2026,Charge,0.00,395.76,"53,135.56"
ID13445,16-Mar-2026,Payment,"1,891.93",0.00,"21,376.41"
ID13445,04-Feb-2026,Charge,0.00,918.64,"37,726.08"
ID13445,28-Feb-2026,Transfer,854.19,0.00,"84,984.09"
ID13445,07-Mar-2026,Payment,380.59,0.00,"75,493.65"
ID13445,11-Feb-2026,Direct Deposit,"3,140.44",0.00,"85,308.35"
ID13445,10-Feb-2026,Reversal,788.46,0.00,"38,212.44"
ID13445,03-Feb-2026,Reversal,0.00,"1,053.63","94,231.38"
ID13445,28-Jan-2026,Reversal,737.38,0.00,"70,545.72"
ID13446,18-Mar-2026,ATM Withdrawal,0.00,565.45,"30,537.83"
ID13446,22-Feb-2026,Transfer,0.00,"1,277.36","6,658.63"
ID13446,23-Feb-2026,Debit Card,0.00,46.42,"88,100.75"
ID13446,06-Feb-2026,Reversal,535.06,0.00,"75,278.83"
ID13446,22-Jan-2026,Interest,474.96,0.00,"9,624.17"
ID13446,23-Jan-2026,Debit Card,0.00,298.15,"95,658.69"
ID13446,04-Mar-2026,Reversal,"1,649.14",0.00,"13,173.87"
ID13446,11-Mar-2026,Transfer,0.00,687.10,"30,686.43"
ID13446,26-Feb-2026,Payment,920.08,0.00,"32,550.44"
ID13446,19-Mar-2026,Charge,0.00,126.82,"69,621.56"
ID13446,28-Jan-2026,Debit Card,0.00,789.67,"61,094.08"
ID13446,16-Mar-2026,Payment,0.00,885.52,"89,240.53"
ID13446,28-Mar-2026,Charge,0.00,89.47,"40,259.32"
ID13446,27-Feb-2026,Reversal,"1,596.54",0.00,"95,805.46"
ID13446,26-Feb-2026,Reversal,0.00,636.43,"4,419.33"
ID13446,01-Feb-2026,Direct Deposit,"3,526.71",0.00,"84,309.56"
ID13446,16-Mar-2026,Charge,0.00,603.32,"38,615.13"
ID13446,30-Mar-2026,Debit Card,0.00,926.33,"95,384.69"
ID13446,25-Jan-2026,Interest,404.81,0.00,"69,078.69"
ID13446,08-Feb-2026,Debit Card,0.00,690.67,"36,871.25"
ID13447,12-Jan-2026,ATM Withdrawal,0.00,249.54,"83,586.14"
ID13447,08-Feb-2026,Transfer,0.00,250.92,"29,645.36"
ID13447,10-Feb-2026,ATM Withdrawal,0.00,584.15,"19,225.71"
ID13447,09-Feb-2026,Reversal,"1,361.34",0.00,"32,258.25"
ID13447,16-Feb-2026,Reversal,481.21,0.00,"35,627.61"
ID13447,18-Jan-2026,Direct Deposit,"3,781.17",0.00,"38,668.05"
ID13447,17-Mar-2026,Payment,"1,422.20",0.00,"60,054.23"
ID13447,20-Feb-2026,ATM Withdrawal,0.00,530.21,"39,136.92"
ID13447,01-Mar-2026,Interest,394.33,0.00,"34,253.77"
ID13447,31-Jan-2026,Interest,171.87,0.00,"55,161.59"
ID13447,03-Jan-2026,Debit Card,0.00,992.33,"58,948.74"
ID13447,17-Jan-2026,Payment,"1,012.82",0.00,"50,799.04"
ID13447,27-Mar-2026,Interest,335.82,0.00,"25,162.29"
ID13447,16-Mar-2026,Transfer,0.00,720.68,"47,904.70"
ID13447,06-Feb-2026,Transfer,0.00,974.53,"32,890.26"
ID13447,09-Jan-2026,Payment,621.12,0.00,"71,600.52"
ID13447,05-Jan-2026,Direct Deposit,"1,110.50",0.00,"1,790.21"
ID13447,10-Feb-2026,Debit Card,0.00,746.54,"24,168.22"
ID13447,02-Mar-2026,Charge,0.00,817.47,"52,174.39"
ID13447,09-Mar-2026,Charge,0.00,833.13,"86,993.12"
ID13448,20-Feb-2026,ATM Withdrawal,0.00,337.57,"20,733.02"
ID13448,02-Feb-2026,ATM Withdrawal,0.00,320.32,"13,305.79"
ID13448,03-Feb-2026,ATM Withdrawal,0.00,791.91,"40,560.63"
ID13448,24-Mar-2026,ATM Withdrawal,0.00,228.50,"13,720.79"
ID13448,07-Jan-2026,Direct Deposit,"4,178.25",0.00,"37,402.69"
ID13448,04-Feb-2026,Interest,58.24,0.00,"93,867.09"
ID13448,19-Jan-2026,ATM Withdrawal,0.00,691.89,"8,046.31"
ID13448,25-Feb-2026,Transfer,213.34,0.00,"83,450.45"
ID13448,16-Jan-2026,ATM Withdrawal,0.00,887.15,"26,988.89"
ID13448,10-Jan-2026,Payment,0.00,328.34,"7,524.21"
ID13448,31-Jan-2026,ATM Withdrawal,0.00,946.71,"56,947.98"
ID13448,30-Mar-2026,Charge,0.00,678.73,"8,823.38"
ID13448,18-Mar-2026,Transfer,0.00,715.84,"52,288.13"
ID13448,06-Jan-2026,Reversal,0.00,"1,177.45","36,764.06"
ID13448,07-Feb-2026,ATM Withdrawal,0.00,56.48,"54,220.40"
ID13448,07-Feb-2026,ATM Withdrawal,0.00,708.01,"91,466.43"
ID13448,29-Jan-2026,Reversal,837.08,0.00,"12,344.94"
ID13448,08-Jan-2026,ATM Withdrawal,0.00,417.76,"8,343.03"
ID13448,28-Jan-2026,Debit Card,0.00,580.32,"74,366.91"
ID13448,21-Feb-2026,Debit Card,0.00,66.41,"42,450.13"
ID13449,09-Jan-2026,Interest,434.43,0.00,"70,978.04"
ID13449,26-Feb-2026,Debit Card,0.00,974.05,"87,450.13"
ID13449,27-Jan-2026,Charge,0.00,82.31,"29,303.87"
ID13449,15-Mar-2026,Transfer,"1,424.38",0.00,"21,940.04"
ID13449,11-Jan-2026,Transfer,519.01,0.00,"65,922.86"
ID13449,24-Feb-2026,Interest,487.57,0.00,"88,936.76"
ID13449,11-Mar-2026,Payment,"1,172.42",0.00,"48,575.22"
ID13449,15-Jan-2026,Interest,84.76,0.00,"77,655.04"
ID13449,11-Mar-2026,Debit Card,0.00,414.85,"76,554.05"
ID13449,03-Apr-2026,Transfer,0.00,"1,113.79","68,062.22"
ID13449,07-Feb-2026,Payment,0.00,"1,429.92","85,450.29"
ID13449,07-Mar-2026,Transfer,"1,460.65",0.00,"82,709.20"
ID13449,25-Feb-2026,ATM Withdrawal,0.00,145.46,"33,056.92"
ID13449,29-Jan-2026,ATM Withdrawal,0.00,121.52,"47,603.69"
ID13449,01-Feb-2026,Payment,0.00,808.34,"86,722.06"
ID13449,14-Jan-2026,Interest,382.93,0.00,"82,345.84"
ID13449,22-Feb-2026,Interest,402.17,0.00,"15,370.44"
ID13449,13-Jan-2026,Charge,0.00,772.00,"62,083.41"
ID13449,23-Mar-2026,Payment,0.00,796.00,"58,783.68"
ID13449,28-Feb-2026,Debit Card,0.00,313.70,"52,741.94"
ID13450,28-Mar-2026,Debit Card,0.00,616.33,"74,959.73"
ID13450,03-Apr-2026,Charge,0.00,608.88,"65,022.36"
ID13450,10-Mar-2026,Payment,0.00,620.31,"42,217.93"
ID13450,20-Mar-2026,Direct Deposit,"1,093.09",0.00,"33,295.79"
ID13450,17-Mar-2026,Transfer,0.00,126.43,"92,451.74"
ID13450,21-Jan-2026,Reversal,153.58,0.00,"37,182.08"
ID13450,15-Mar-2026,ATM Withdrawal,0.00,602.31,"57,547.10"
ID13450,28-Feb-2026,Interest,222.30,0.00,"37,127.93"
ID13450,18-Feb-2026,Charge,0.00,69.01,"96,175.26"
ID13450,28-Jan-2026,Direct Deposit,"1,051.90",0.00,"23,032.17"
ID13450,21-Feb-2026,Debit Card,0.00,380.45,"8,453.19"
ID13450,19-Jan-2026,Direct Deposit,"4,490.46",0.00,"76,107.43"
ID13450,13-Jan-2026,ATM Withdrawal,0.00,863.04,"78,000.81"
ID13450,12-Feb-2026,Interest,469.52,0.00,"89,507.15"
ID13450,28-Mar-2026,ATM Withdrawal,0.00,591.20,"65,216.10"
ID13450,24-Jan-2026,Charge,0.00,653.12,"67,189.60"
ID13450,25-Feb-2026,Debit Card,0.00,157.76,"79,303.47"
ID13450,25-Feb-2026,Interest,482.52,0.00,"50,816.60"
ID13450,11-Feb-2026,Direct Deposit,"2,509.64",0.00,"74,050.28"
ID13450,23-Feb-2026,Debit Card,0.00,594.12,"34,891.12"
ID13451,06-Mar-2026,Transfer,402.04,0.00,"69,684.83"
ID13451,30-Jan-2026,Debit Card,0.00,60.23,"6,567.41"
ID13451,06-Feb-2026,Transfer,"1,360.38",0.00,"10,001.05"
ID13451,22-Jan-2026,Reversal,0.00,644.32,"45,637.13"
ID13451,10-Feb-2026,Charge,0.00,400.19,"8,112.40"
ID13451,03-Mar-2026,Debit Card,0.00,367.34,"57,527.15"
ID13451,08-Feb-2026,Payment,"1,962.34",0.00,"16,809.52"
ID13451,09-Jan-2026,Interest,16.17,0.00,"80,182.33"
ID13451,10-Mar-2026,ATM Withdrawal,0.00,170.08,"8,167.21"
ID13451,21-Mar-2026,Interest,249.88,0.00,"59,125.60"
ID13451,07-Mar-2026,Direct Deposit,"1,341.28",0.00,"24,977.85"
ID13451,16-Feb-2026,ATM Withdrawal,0.00,322.12,"4,203.25"
ID13451,15-Jan-2026,Debit Card,0.00,847.09,"99,513.05"
ID13451,11-Jan-2026,Reversal,526.07,0.00,"30,149.49"
ID13451,24-Mar-2026,Reversal,"1,265.86",0.00,"58,738.45"
ID13451,26-Jan-2026,Transfer,0.00,"1,468.76","41,810.43"
ID13451,02-Mar-2026,ATM Withdrawal,0.00,299.51,"36,130.77"
ID13451,15-Feb-2026,Charge,0.00,608.74,"86,523.29"
ID13451,03-Jan-2026,Debit Card,0.00,828.69,"29,321.30"
ID13451,21-Jan-2026,Charge,0.00,865.97,"50,457.94"
ID13452,08-Jan-2026,Transfer,0.00,"1,263.69","98,673.81"
ID13452,05-Mar-2026,Interest,254.19,0.00,"73,670.55"
ID13452,16-Mar-2026,ATM Withdrawal,0.00,847.24,"24,428.47"
ID13452,06-Feb-2026,Interest,295.55,0.00,"80,962.07"
ID13452,24-Jan-2026,Payment,0.00,740.53,"87,119.76"
ID13452,24-Mar-2026,Charge,0.00,981.20,"94,357.42"
ID13452,10-Jan-2026,Charge,0.00,352.61,"2,770.76"
ID13452,14-Jan-2026,Debit Card,0.00,20.09,"51,552.23"
ID13452,13-Mar-2026,Direct Deposit,"2,427.96",0.00,"45,823.67"
ID13452,09-Jan-2026,Debit Card,0.00,370.77,"28,423.01"
ID13452,10-Mar-2026,Transfer,131.52,0.00,"13,824.51"
ID13452,20-Feb-2026,Reversal,0.00,889.87,"74,309.69"
ID13452,01-Mar-2026,Payment,0.00,179.13,"2,144.00"
ID13452,03-Jan-2026,Charge,0.00,970.88,"91,967.96"
ID13452,04-Jan-2026,Interest,416.72,0.00,"58,259.67"
ID13452,31-Mar-2026,Reversal,0.00,941.64,"76,283.63"
ID13452,24-Mar-2026,Interest,125.24,0.00,"38,230.83"
ID13452,23-Feb-2026,Reversal,"1,902.10",0.00,"74,746.04"
ID13452,22-Mar-2026,Reversal,"1,056.60",0.00,"65,173.49"
ID13452,06-Mar-2026,Payment,"1,604.47",0.00,"87,230.40"
ID13453,10-Jan-2026,Direct Deposit,"2,922.18",0.00,"45,557.41"
ID13453,28-Jan-2026,ATM Withdrawal,0.00,169.07,"85,347.26"
ID13453,21-Jan-2026,Reversal,272.39,0.00,"96,457.90"
ID13453,09-Mar-2026,ATM Withdrawal,0.00,664.33,"96,706.09"
ID13453,22-Jan-2026,Interest,424.13,0.00,"89,763.68"
ID13453,25-Feb-2026,Payment,184.53,0.00,"83,783.59"
ID13453,17-Feb-2026,Interest,411.71,0.00,"64,088.35"
ID13453,16-Feb-2026,Charge,0.00,500.77,"93,162.02"
ID13453,31-Jan-2026,Direct Deposit,"2,361.17",0.00,"88,592.95"
ID13453,02-Feb-2026,Transfer,0.00,"1,133.83","61,177.99"
ID13453,27-Feb-2026,Payment,"1,184.06",0.00,"36,844.73"
ID13453,24-Jan-2026,ATM Withdrawal,0.00,434.65,"95,629.33"
ID13453,07-Feb-2026,Charge,0.00,357.73,"56,112.88"
ID13453,17-Jan-2026,Interest,277.75,0.00,"46,816.48"
ID13453,04-Jan-2026,Interest,97.16,0.00,"24,712.55"
ID13453,18-Feb-2026,Transfer,0.00,171.17,"63,479.26"
ID13453,03-Apr-2026,ATM Withdrawal,0.00,255.63,"98,198.19"
ID13453,11-Feb-2026,Direct Deposit,"3,224.26",0.00,"70,218.16"
ID13453,08-Mar-2026,Debit Card,0.00,724.83,"74,717.60"
ID13453,12-Jan-2026,ATM Withdrawal,0.00,549.36,"65,082.18"
ID13454,25-Jan-2026,Interest,279.75,0.00,"40,792.20"
ID13454,06-Feb-2026,ATM Withdrawal,0.00,477.70,"83,693.25"
ID13454,26-Jan-2026,Reversal,0.00,849.08,"42,314.31"
ID13454,09-Jan-2026,Transfer,"1,438.88",0.00,"58,486.04"
ID13454,01-Apr-2026,Payment,0.00,"1,208.78","98,232.86"
ID13454,21-Mar-2026,Charge,0.00,566.65,"10,571.97"
ID13454,20-Feb-2026,Direct Deposit,"3,888.59",0.00,"7,127.32"
ID13454,19-Mar-2026,Interest,80.28,0.00,"18,757.03"
ID13454,07-Feb-2026,Transfer,"1,350.88",0.00,"44,559.96"
ID13454,30-Jan-2026,Direct Deposit,"1,253.28",0.00,"71,839.40"
ID13454,27-Feb-2026,Transfer,"1,890.66",0.00,"52,035.04"
ID13454,05-Mar-2026,Payment,0.00,742.09,"85,112.98"
ID13454,29-Jan-2026,Transfer,"1,586.00",0.00,"32,094.81"
ID13454,05-Jan-2026,Direct Deposit,"4,391.46",0.00,"19,698.39"
ID13454,16-Mar-2026,Charge,0.00,725.00,"69,812.59"
ID13454,13-Jan-2026,Reversal,814.04,0.00,"77,938.14"
ID13454,16-Mar-2026,Reversal,468.25,0.00,"60,979.15"
ID13454,11-Feb-2026,Debit Card,0.00,923.52,"62,645.07"
ID13454,23-Mar-2026,ATM Withdrawal,0.00,655.55,"85,361.34"
ID13454,24-Feb-2026,Direct Deposit,"1,853.00",0.00,"38,268.21"
ID13455,18-Jan-2026,Transfer,0.00,375.58,"13,176.44"
ID13455,19-Mar-2026,Debit Card,0.00,311.44,"55,681.58"
ID13455,24-Feb-2026,Charge,0.00,518.93,"16,682.53"
ID13455,10-Feb-2026,Transfer,"1,000.62",0.00,"26,767.09"
ID13455,15-Jan-2026,Direct Deposit,930.40,0.00,"9,304.93"
ID13455,20-Feb-2026,Charge,0.00,64.10,"91,489.58"
ID13455,04-Mar-2026,Debit Card,0.00,147.09,"24,778.53"
ID13455,28-Jan-2026,Direct Deposit,"2,395.55",0.00,"25,294.16"
ID13455,26-Jan-2026,Direct Deposit,"1,102.78",0.00,"94,717.60"
ID13455,09-Mar-2026,Transfer,"1,413.22",0.00,"89,356.48"
ID13455,14-Mar-2026,ATM Withdrawal,0.00,49.41,"78,211.48"
ID13455,28-Jan-2026,Charge,0.00,645.50,"55,066.22"
ID13455,09-Feb-2026,Payment,"1,205.63",0.00,"65,109.58"
ID13455,27-Jan-2026,Transfer,"1,839.59",0.00,"3,699.80"
ID13455,25-Mar-2026,Debit Card,0.00,224.45,"36,200.93"
ID13455,25-Jan-2026,Debit Card,0.00,623.99,"60,947.77"
ID13455,29-Jan-2026,Debit Card,0.00,156.81,"77,721.44"
ID13455,07-Jan-2026,Interest,294.03,0.00,"98,754.29"
ID13455,13-Mar-2026,ATM Withdrawal,0.00,33.11,"10,295.72"
ID13455,30-Jan-2026,Payment,"1,355.48",0.00,"5,667.33"
ID13456,19-Feb-2026,Interest,241.60,0.00,"47,178.56"
ID13456,16-Feb-2026,Reversal,0.00,"1,264.42","97,722.45"
ID13456,23-Jan-2026,Transfer,"1,273.78",0.00,"15,630.10"
ID13456,02-Apr-2026,Charge,0.00,984.58,"3,275.32"
ID13456,02-Feb-2026,Reversal,"1,740.21",0.00,"75,001.26"
ID13456,15-Jan-2026,Reversal,"1,732.15",0.00,"64,388.15"
ID13456,17-Mar-2026,Transfer,0.00,942.82,"38,189.77"
ID13456,04-Feb-2026,Debit Card,0.00,883.95,"62,544.55"
ID13456,18-Feb-2026,Reversal,159.12,0.00,"5,319.57"
ID13456,08-Jan-2026,Reversal,0.00,867.22,"41,873.21"
ID13456,06-Feb-2026,Charge,0.00,398.76,"35,154.56"
ID13456,24-Feb-2026,ATM Withdrawal,0.00,614.70,"35,116.19"
ID13456,15-Jan-2026,Interest,425.83,0.00,"18,635.84"
ID13456,08-Feb-2026,Debit Card,0.00,638.94,"91,682.34"
ID13456,27-Feb-2026,Reversal,"1,744.00",0.00,"34,943.59"
ID13456,17-Jan-2026,Reversal,0.00,666.37,"52,887.72"
ID13456,20-Feb-2026,Interest,93.68,0.00,"89,025.55"
ID13456,29-Mar-2026,Interest,247.72,0.00,"68,663.11"
ID13456,15-Feb-2026,Interest,423.41,0.00,"4,456.38"
ID13456,28-Jan-2026,Direct Deposit,"3,239.02",0.00,"23,942.46"
ID13457,07-Jan-2026,Debit Card,0.00,661.65,"54,788.74"
ID13457,06-Mar-2026,Debit Card,0.00,158.89,"70,357.27"
ID13457,16-Jan-2026,Debit Card,0.00,77.21,"3,329.91"
ID13457,27-Feb-2026,Debit Card,0.00,197.08,"65,962.92"
ID13457,15-Jan-2026,ATM Withdrawal,0.00,901.65,"83,998.98"
ID13457,28-Feb-2026,ATM Withdrawal,0.00,967.57,"94,959.32"
ID13457,09-Jan-2026,Debit Card,0.00,415.79,"70,030.12"
ID13457,16-Mar-2026,ATM Withdrawal,0.00,941.68,"63,646.92"
ID13457,15-Feb-2026,ATM Withdrawal,0.00,894.86,"90,966.83"
ID13457,09-Mar-2026,Interest,438.24,0.00,"2,651.49"
ID13457,18-Feb-2026,Debit Card,0.00,890.39,"76,298.13"
ID13457,28-Mar-2026,Charge,0.00,348.80,"14,346.98"
ID13457,05-Feb-2026,Interest,158.74,0.00,"31,930.99"
ID13457,04-Feb-2026,Transfer,0.00,340.35,"57,664.75"
ID13457,29-Mar-2026,Payment,0.00,"1,057.18","69,293.03"
ID13457,24-Feb-2026,Debit Card,0.00,800.91,"3,813.45"
ID13457,05-Mar-2026,Reversal,0.00,374.24,"89,980.11"
ID13457,02-Mar-2026,Payment,"1,687.88",0.00,"15,290.29"
ID13457,03-Apr-2026,Debit Card,0.00,460.30,"22,722.17"
ID13457,19-Mar-2026,Charge,0.00,226.86,"29,728.38"
ID13458,08-Jan-2026,Reversal,0.00,866.31,"16,823.84"
ID13458,19-Mar-2026,Reversal,0.00,102.01,"21,419.36"
ID13458,29-Jan-2026,Payment,"1,868.68",0.00,"17,463.34"
ID13458,21-Mar-2026,Charge,0.00,583.10,"8,011.47"
ID13458,27-Jan-2026,Transfer,"1,989.32",0.00,"52,970.96"
ID13458,05-Mar-2026,Payment,447.73,0.00,"87,835.92"
ID13458,28-Feb-2026,ATM Withdrawal,0.00,536.15,"88,184.61"
ID13458,10-Feb-2026,Charge,0.00,302.90,"12,231.36"
ID13458,01-Feb-2026,Interest,214.95,0.00,"34,421.32"
ID13458,31-Jan-2026,Charge,0.00,649.04,"80,210.39"
ID13458,30-Mar-2026,Direct Deposit,539.14,0.00,"16,688.56"
ID13458,13-Jan-2026,Payment,0.00,171.68,"63,147.92"
ID13458,17-Jan-2026,Reversal,0.00,996.01,"9,645.94"
ID13458,14-Mar-2026,Charge,0.00,142.79,"94,171.33"
ID13458,08-Jan-2026,Debit Card,0.00,159.75,"50,382.35"
ID13458,13-Mar-2026,Debit Card,0.00,441.11,"22,348.18"
ID13458,17-Jan-2026,Debit Card,0.00,38.54,"41,763.23"
ID13458,24-Feb-2026,ATM Withdrawal,0.00,73.75,"12,579.06"
ID13458,27-Jan-2026,Charge,0.00,987.05,"27,614.26"
ID13458,14-Jan-2026,Debit Card,0.00,790.63,"91,009.43"
ID13459,27-Feb-2026,Transfer,260.10,0.00,"82,450.97"
ID13459,17-Jan-2026,Charge,0.00,60.08,"67,718.48"
ID13459,06-Jan-2026,Debit Card,0.00,662.61,"84,346.12"
ID13459,12-Mar-2026,ATM Withdrawal,0.00,276.59,"35,349.02"
ID13459,19-Jan-2026,Payment,0.00,"1,321.43","83,640.56"
ID13459,19-Mar-2026,Transfer,0.00,847.11,"20,659.16"
ID13459,29-Mar-2026,Direct Deposit,"2,539.71",0.00,"74,526.61"
ID13459,05-Mar-2026,Charge,0.00,640.39,"26,540.37"
ID13459,19-Mar-2026,Reversal,0.00,266.04,"42,064.72"
ID13459,27-Feb-2026,Payment,0.00,"1,451.06","13,279.62"
ID13459,10-Mar-2026,Transfer,"1,691.13",0.00,"57,448.32"
ID13459,27-Feb-2026,Reversal,279.83,0.00,"66,856.63"
ID13459,19-Jan-2026,Interest,352.40,0.00,"1,870.71"
ID13459,17-Feb-2026,Payment,289.22,0.00,"54,861.80"
ID13459,09-Jan-2026,Payment,"1,721.61",0.00,"15,225.70"
ID13459,20-Mar-2026,Interest,226.33,0.00,"68,055.12"
ID13459,08-Feb-2026,Payment,290.63,0.00,"34,778.92"
ID13459,21-Feb-2026,Interest,55.96,0.00,"6,615.19"
ID13459,02-Apr-2026,Reversal,"1,382.06",0.00,"52,162.24"
ID13459,11-Mar-2026,Charge,0.00,429.12,"59,368.86"
ID13460,16-Feb-2026,ATM Withdrawal,0.00,284.19,"33,004.67"
ID13460,22-Mar-2026,Interest,252.82,0.00,"82,472.16"
ID13460,01-Feb-2026,Transfer,0.00,930.14,"14,442.49"
ID13460,03-Feb-2026,Payment,0.00,"1,470.90","49,099.74"
ID13460,04-Jan-2026,Reversal,"1,441.84",0.00,"46,031.86"
ID13460,22-Mar-2026,Debit Card,0.00,624.37,"90,836.22"
ID13460,30-Jan-2026,Reversal,0.00,130.80,"99,367.35"
ID13460,21-Jan-2026,Debit Card,0.00,838.47,"91,666.84"
ID13460,29-Mar-2026,Transfer,"1,160.47",0.00,"42,093.24"
ID13460,17-Jan-2026,Direct Deposit,"3,249.20",0.00,"92,779.56"
ID13460,02-Mar-2026,Direct Deposit,"3,875.44",0.00,"83,290.56"
ID13460,05-Feb-2026,Direct Deposit,"3,529.79",0.00,"38,208.32"
ID13460,02-Mar-2026,Transfer,0.00,768.47,"89,081.44"
ID13460,21-Mar-2026,Direct Deposit,"2,958.79",0.00,"16,255.79"
ID13460,14-Mar-2026,ATM Withdrawal,0.00,354.93,"75,882.99"
ID13460,08-Jan-2026,Debit Card,0.00,89.41,"34,417.26"
ID13460,15-Jan-2026,Charge,0.00,283.77,"45,958.04"
ID13460,29-Jan-2026,Transfer,831.02,0.00,"20,684.39"
ID13460,31-Jan-2026,Charge,0.00,969.75,"25,990.41"
ID13460,26-Mar-2026,Transfer,0.00,"1,167.35","65,192.08"
ID13461,26-Jan-2026,Charge,0.00,796.37,"13,058.36"
ID13461,27-Mar-2026,Payment,0.00,612.18,"85,196.21"
ID13461,20-Jan-2026,Direct Deposit,"2,257.98",0.00,"12,009.95"
ID13461,13-Feb-2026,Interest,277.05,0.00,"15,584.22"
ID13461,19-Jan-2026,Reversal,241.97,0.00,"12,251.06"
ID13461,26-Mar-2026,Charge,0.00,312.26,"52,577.26"
ID13461,02-Apr-2026,Reversal,"1,906.89",0.00,"31,763.95"
ID13461,29-Mar-2026,Reversal,0.00,"1,214.83","60,239.50"
ID13461,03-Jan-2026,ATM Withdrawal,0.00,816.76,"30,638.75"
ID13461,07-Mar-2026,Payment,0.00,631.39,"64,197.37"
ID13461,17-Feb-2026,Reversal,833.08,0.00,"53,526.95"
ID13461,13-Mar-2026,Charge,0.00,906.23,"33,565.46"
ID13461,30-Jan-2026,Interest,61.77,0.00,"24,041.84"
ID13461,16-Feb-2026,Interest,206.89,0.00,"13,853.24"
ID13461,10-Mar-2026,Payment,0.00,"1,343.61","34,542.14"
ID13461,11-Feb-2026,Payment,"1,098.94",0.00,"85,389.97"
ID13461,04-Mar-2026,Reversal,"1,594.32",0.00,"34,668.09"
ID13461,30-Mar-2026,Transfer,0.00,262.14,"60,343.58"
ID13461,19-Jan-2026,Direct Deposit,"2,219.85",0.00,"39,318.26"
ID13461,04-Feb-2026,Direct Deposit,"1,128.95",0.00,"8,342.94"
ID13462,07-Jan-2026,Direct Deposit,"4,253.00",0.00,"66,178.17"
ID13462,18-Feb-2026,Direct Deposit,"2,536.12",0.00,"20,960.98"
ID13462,22-Mar-2026,Reversal,0.00,942.58,"49,630.43"
ID13462,08-Jan-2026,Direct Deposit,"3,073.48",0.00,"15,345.40"
ID13462,17-Mar-2026,Transfer,143.38,0.00,"94,956.09"
ID13462,02-Mar-2026,Transfer,"1,336.77",0.00,"75,577.18"
ID13462,23-Feb-2026,Charge,0.00,854.86,"15,706.29"
ID13462,22-Mar-2026,Debit Card,0.00,253.60,"86,728.51"
ID13462,26-Jan-2026,Payment,411.05,0.00,"17,150.20"
ID13462,23-Mar-2026,Debit Card,0.00,432.75,"90,591.06"
ID13462,12-Feb-2026,Interest,268.81,0.00,"15,480.96"
ID13462,24-Mar-2026,Reversal,"1,000.17",0.00,"81,063.58"
ID13462,09-Mar-2026,Transfer,0.00,"1,226.54","92,813.23"
ID13462,17-Mar-2026,ATM Withdrawal,0.00,640.43,"55,269.59"
ID13462,18-Jan-2026,Debit Card,0.00,356.88,"15,814.38"
ID13462,23-Feb-2026,Transfer,278.24,0.00,"19,783.00"
ID13462,27-Mar-2026,ATM Withdrawal,0.00,636.40,"58,800.71"
ID13462,14-Feb-2026,Debit Card,0.00,345.64,"23,648.00"
ID13462,15-Feb-2026,Transfer,0.00,701.91,"39,749.55"
ID13462,01-Apr-2026,Reversal,0.00,"1,246.61","74,689.45"
ID13463,22-Jan-2026,Direct Deposit,"3,439.17",0.00,"25,994.83"
ID13463,01-Apr-2026,ATM Withdrawal,0.00,61.92,"27,059.71"
ID13463,05-Mar-2026,Interest,119.34,0.00,"80,845.59"
ID13463,25-Feb-2026,Reversal,992.96,0.00,"78,724.09"
ID13463,22-Feb-2026,Transfer,0.00,359.29,"90,815.36"
ID13463,03-Feb-2026,Transfer,0.00,884.57,"14,569.96"
ID13463,01-Mar-2026,Transfer,0.00,264.17,"68,807.79"
ID13463,25-Jan-2026,ATM Withdrawal,0.00,786.59,"3,862.33"
ID13463,04-Feb-2026,Reversal,0.00,180.44,"75,539.78"
ID13463,29-Mar-2026,Debit Card,0.00,964.92,"21,846.42"
ID13463,03-Feb-2026,Reversal,144.13,0.00,"73,780.25"
ID13463,26-Feb-2026,Interest,167.44,0.00,"76,766.42"
ID13463,01-Feb-2026,Direct Deposit,538.70,0.00,"81,099.43"
ID13463,14-Jan-2026,Direct Deposit,"4,702.69",0.00,"68,672.31"
ID13463,23-Mar-2026,Transfer,0.00,"1,463.85","71,599.97"
ID13463,01-Mar-2026,ATM Withdrawal,0.00,662.15,"83,711.91"
ID13463,14-Feb-2026,Interest,488.06,0.00,"23,035.94"
ID13463,15-Feb-2026,Payment,0.00,"1,464.37","78,117.04"
ID13463,01-Apr-2026,Debit Card,0.00,83.57,"30,607.55"
ID13463,09-Feb-2026,Reversal,"1,358.47",0.00,"3,883.46"
ID13464,13-Jan-2026,Payment,0.00,"1,146.82","5,911.36"
ID13464,12-Feb-2026,Debit Card,0.00,572.04,"59,820.30"
ID13464,29-Jan-2026,Transfer,0.00,641.16,"41,434.22"
ID13464,18-Jan-2026,Direct Deposit,"3,093.81",0.00,"90,415.79"
ID13464,26-Feb-2026,Direct Deposit,650.58,0.00,"30,807.87"
ID13464,04-Jan-2026,Direct Deposit,"4,345.63",0.00,"52,239.44"
ID13464,03-Mar-2026,Charge,0.00,49.53,"71,244.17"
ID13464,20-Mar-2026,Payment,618.21,0.00,"33,447.74"
ID13464,06-Mar-2026,Charge,0.00,493.17,"39,533.82"
ID13464,13-Mar-2026,Debit Card,0.00,398.34,"51,859.84"
ID13464,19-Feb-2026,ATM Withdrawal,0.00,955.88,"89,957.57"
ID13464,20-Mar-2026,Charge,0.00,40.52,"93,810.09"
ID13464,06-Feb-2026,Payment,735.75,0.00,"10,696.63"
ID13464,12-Mar-2026,Charge,0.00,12.91,"67,646.16"
ID13464,30-Mar-2026,Interest,351.34,0.00,"91,341.65"
ID13464,14-Feb-2026,Interest,146.91,0.00,"89,530.74"
ID13464,22-Jan-2026,Interest,328.23,0.00,"83,407.32"
ID13464,06-Mar-2026,Payment,0.00,"1,309.54","54,793.25"
ID13464,20-Jan-2026,ATM Withdrawal,0.00,787.50,"42,247.38"
ID13464,18-Feb-2026,Reversal,"1,719.75",0.00,"82,119.68"
ID13465,10-Jan-2026,Charge,0.00,775.48,"28,881.08"
ID13465,12-Mar-2026,Payment,"1,737.03",0.00,"4,708.44"
ID13465,06-Mar-2026,ATM Withdrawal,0.00,483.48,"84,408.32"
ID13465,01-Apr-2026,Interest,368.28,0.00,"14,623.32"
ID13465,26-Feb-2026,Transfer,0.00,"1,149.09","21,681.29"
ID13465,23-Feb-2026,Direct Deposit,"3,593.31",0.00,"12,457.70"
ID13465,22-Feb-2026,Charge,0.00,262.90,"67,684.88"
ID13465,14-Feb-2026,Transfer,0.00,"1,431.82","46,545.89"
ID13465,13-Jan-2026,ATM Withdrawal,0.00,513.73,"63,977.04"
ID13465,26-Jan-2026,Transfer,"1,937.47",0.00,"20,711.35"
ID13465,24-Mar-2026,ATM Withdrawal,0.00,126.45,"80,438.83"
ID13465,06-Feb-2026,Reversal,0.00,"1,246.53","89,873.14"
ID13465,05-Mar-2026,Transfer,0.00,562.62,"39,740.88"
ID13465,16-Mar-2026,Debit Card,0.00,347.96,"38,931.09"
ID13465,04-Mar-2026,Debit Card,0.00,860.25,"73,563.63"
ID13465,19-Mar-2026,Debit Card,0.00,86.63,"41,789.62"
ID13465,13-Jan-2026,Reversal,"1,593.29",0.00,"37,712.91"
ID13465,28-Jan-2026,Reversal,0.00,538.49,"47,447.96"
ID13465,18-Jan-2026,Charge,0.00,932.56,"31,673.52"
ID13465,08-Feb-2026,ATM Withdrawal,0.00,440.66,"85,117.05"
ID13466,26-Jan-2026,Direct Deposit,"3,534.89",0.00,"82,626.14"
ID13466,07-Jan-2026,Debit Card,0.00,661.56,"84,329.79"
ID13466,24-Feb-2026,Interest,217.21,0.00,"63,863.24"
ID13466,17-Mar-2026,Direct Deposit,900.33,0.00,"3,881.12"
ID13466,09-Mar-2026,ATM Withdrawal,0.00,828.07,"59,458.11"
ID13466,04-Feb-2026,Payment,"1,862.62",0.00,"87,979.43"
ID13466,26-Jan-2026,Direct Deposit,"1,382.21",0.00,"66,042.94"
ID13466,14-Mar-2026,Charge,0.00,122.53,"37,022.53"
ID13466,22-Mar-2026,ATM Withdrawal,0.00,182.49,"40,977.12"
ID13466,23-Feb-2026,Charge,0.00,955.74,"16,110.74"
ID13466,17-Mar-2026,Direct Deposit,"2,004.93",0.00,"50,896.90"
ID13466,09-Feb-2026,Debit Card,0.00,923.26,"76,533.94"
ID13466,28-Mar-2026,Payment,0.00,429.66,"10,902.17"
ID13466,31-Jan-2026,Charge,0.00,244.03,"12,019.90"
ID13466,05-Feb-2026,Direct Deposit,"3,974.29",0.00,"16,964.71"
ID13466,30-Jan-2026,Transfer,313.85,0.00,"3,692.51"
ID13466,06-Jan-2026,Reversal,0.00,"1,407.48","25,150.88"
ID13466,06-Mar-2026,Interest,65.05,0.00,"33,656.10"
ID13466,25-Mar-2026,Direct Deposit,"2,668.66",0.00,"38,992.48"
ID13466,30-Mar-2026,Charge,0.00,513.72,"75,823.13"
ID13467,19-Jan-2026,Direct Deposit,"4,682.62",0.00,"75,237.72"
ID13467,06-Jan-2026,Interest,462.94,0.00,"7,946.68"
ID13467,23-Feb-2026,Payment,223.60,0.00,"27,423.25"
ID13467,27-Jan-2026,Interest,43.45,0.00,"3,713.55"
ID13467,19-Feb-2026,Payment,0.00,126.39,"30,202.67"
ID13467,27-Jan-2026,Direct Deposit,"4,142.40",0.00,"6,516.04"
ID13467,30-Jan-2026,Payment,"1,098.08",0.00,"58,470.05"
ID13467,04-Jan-2026,ATM Withdrawal,0.00,369.67,"28,999.86"
ID13467,04-Jan-2026,Charge,0.00,286.65,"67,200.69"
ID13467,30-Mar-2026,ATM Withdrawal,0.00,318.06,"46,624.91"
ID13467,04-Mar-2026,Debit Card,0.00,931.30,"77,693.27"
ID13467,01-Feb-2026,ATM Withdrawal,0.00,369.91,"11,170.29"
ID13467,23-Feb-2026,Debit Card,0.00,587.86,"40,990.99"
ID13467,03-Mar-2026,ATM Withdrawal,0.00,578.67,"42,286.80"
ID13467,04-Feb-2026,Reversal,"1,501.60",0.00,"19,648.16"
ID13467,05-Jan-2026,Charge,0.00,628.71,"62,357.41"
ID13467,15-Mar-2026,Interest,373.28,0.00,"59,936.16"
ID13467,19-Jan-2026,Transfer,0.00,409.62,"43,516.86"
ID13467,04-Feb-2026,Interest,197.19,0.00,"55,759.08"
ID13467,09-Feb-2026,Interest,23.15,0.00,"41,762.33"
ID13468,22-Jan-2026,Transfer,0.00,557.59,"42,027.41"
ID13468,24-Feb-2026,Debit Card,0.00,475.07,"38,142.36"
ID13468,10-Mar-2026,Transfer,0.00,177.92,"79,753.43"
ID13468,19-Mar-2026,Charge,0.00,512.90,"92,333.11"
ID13468,22-Feb-2026,Reversal,0.00,677.42,"55,769.57"
ID13468,22-Jan-2026,Debit Card,0.00,554.95,"34,502.40"
ID13468,27-Feb-2026,Interest,227.83,0.00,"83,985.09"
ID13468,09-Feb-2026,Reversal,0.00,383.71,"63,864.38"
ID13468,18-Mar-2026,Reversal,0.00,385.14,"21,606.67"
ID13468,01-Mar-2026,Debit Card,0.00,587.40,"40,941.60"
ID13468,07-Feb-2026,Reversal,0.00,"1,213.21","21,802.71"
ID13468,17-Mar-2026,Direct Deposit,"2,327.32",0.00,"85,059.09"
ID13468,15-Mar-2026,Charge,0.00,851.38,"77,172.33"
ID13468,07-Mar-2026,Payment,836.64,0.00,"27,245.12"
ID13468,29-Jan-2026,ATM Withdrawal,0.00,864.01,"49,293.05"
ID13468,02-Feb-2026,Debit Card,0.00,125.45,"63,268.32"
ID13468,20-Mar-2026,ATM Withdrawal,0.00,544.41,"25,410.39"
ID13468,04-Jan-2026,Transfer,713.24,0.00,"30,306.34"
ID13468,18-Mar-2026,Interest,324.36,0.00,"88,747.11"
ID13468,11-Feb-2026,Charge,0.00,569.87,"81,431.13"
ID13469,21-Feb-2026,Direct Deposit,"3,519.62",0.00,"97,545.23"
ID13469,05-Feb-2026,Transfer,0.00,"1,250.95","15,642.85"
ID13469,06-Mar-2026,Reversal,"1,296.22",0.00,"74,631.40"
ID13469,12-Jan-2026,Charge,0.00,137.28,"41,837.75"
ID13469,04-Mar-2026,Charge,0.00,54.72,"74,549.57"
ID13469,10-Jan-2026,Payment,964.09,0.00,"87,813.99"
ID13469,24-Mar-2026,Payment,383.78,0.00,"75,650.78"
ID13469,07-Jan-2026,Charge,0.00,166.41,"49,752.46"
ID13469,28-Mar-2026,ATM Withdrawal,0.00,596.91,"68,758.19"
ID13469,29-Jan-2026,Reversal,0.00,75.96,"84,559.43"
ID13469,01-Apr-2026,ATM Withdrawal,0.00,281.83,"33,205.84"
ID13469,01-Mar-2026,Charge,0.00,276.34,"55,539.51"
ID13469,22-Jan-2026,Charge,0.00,873.50,"24,359.14"
ID13469,16-Feb-2026,Interest,358.53,0.00,"9,122.12"
ID13469,01-Apr-2026,Interest,459.91,0.00,"28,699.86"
ID13469,05-Feb-2026,Interest,156.90,0.00,"74,815.28"
ID13469,03-Apr-2026,Direct Deposit,"1,128.16",0.00,"24,657.97"
ID13469,13-Jan-2026,ATM Withdrawal,0.00,209.52,"78,798.82"
ID13469,31-Jan-2026,Direct Deposit,"4,538.09",0.00,"30,427.24"
ID13469,22-Feb-2026,Payment,0.00,292.05,"61,985.38"
ID13470,02-Mar-2026,Reversal,0.00,974.05,"41,651.38"
ID13470,12-Mar-2026,Payment,0.00,243.23,"99,470.71"
ID13470,14-Mar-2026,Payment,0.00,418.82,"61,367.98"
ID13470,22-Jan-2026,Payment,0.00,210.91,"94,586.11"
ID13470,17-Mar-2026,ATM Withdrawal,0.00,708.81,"52,977.00"
ID13470,06-Jan-2026,Debit Card,0.00,687.51,"96,334.64"
ID13470,15-Jan-2026,Reversal,0.00,459.91,"38,181.90"
ID13470,14-Feb-2026,Reversal,0.00,"1,417.48","61,628.83"
ID13470,13-Mar-2026,Payment,0.00,222.56,"12,278.20"
ID13470,24-Mar-2026,ATM Withdrawal,0.00,480.93,"49,088.12"
ID13470,09-Jan-2026,Payment,0.00,718.72,"37,370.65"
ID13470,10-Jan-2026,Transfer,0.00,138.61,"96,804.26"
ID13470,28-Mar-2026,Interest,129.43,0.00,"9,404.02"
ID13470,20-Feb-2026,Debit Card,0.00,269.22,"98,884.61"
ID13470,11-Feb-2026,ATM Withdrawal,0.00,497.15,"3,454.50"
ID13470,17-Jan-2026,Direct Deposit,"2,797.31",0.00,"21,161.95"
ID13470,18-Mar-2026,Interest,401.59,0.00,"82,151.38"
ID13470,22-Mar-2026,ATM Withdrawal,0.00,402.35,"92,763.99"
ID13470,23-Jan-2026,ATM Withdrawal,0.00,643.27,"32,536.40"
ID13470,28-Mar-2026,ATM Withdrawal,0.00,778.69,"48,106.98"
ID13471,20-Jan-2026,Payment,"1,571.85",0.00,"42,673.41"
ID13471,23-Feb-2026,Payment,0.00,591.62,"99,297.63"
ID13471,27-Mar-2026,Interest,153.14,0.00,"47,498.44"
ID13471,11-Jan-2026,Transfer,0.00,806.86,"69,864.72"
ID13471,20-Mar-2026,Debit Card,0.00,646.50,"46,531.87"
ID13471,28-Jan-2026,Payment,0.00,344.29,"86,391.98"
ID13471,06-Jan-2026,Charge,0.00,481.41,"62,654.71"
ID13471,17-Jan-2026,Interest,370.42,0.00,"25,635.89"
ID13471,20-Jan-2026,Transfer,348.91,0.00,"14,923.40"
ID13471,10-Feb-2026,Charge,0.00,416.87,"32,606.89"
ID13471,13-Feb-2026,Direct Deposit,"2,956.48",0.00,"2,371.20"
ID13471,19-Feb-2026,Transfer,0.00,"1,380.05","40,618.65"
ID13471,08-Mar-2026,Reversal,0.00,183.15,"31,122.50"
ID13471,12-Mar-2026,Interest,488.84,0.00,"49,342.10"
ID13471,01-Apr-2026,Debit Card,0.00,474.55,"12,787.67"
ID13471,21-Jan-2026,Interest,399.39,0.00,"20,456.95"
ID13471,16-Mar-2026,Interest,217.09,0.00,"82,451.93"
ID13471,10-Feb-2026,Direct Deposit,"1,634.07",0.00,"7,233.98"
ID13471,03-Jan-2026,Payment,0.00,"1,050.29","69,141.67"
ID13471,08-Feb-2026,Transfer,0.00,"1,044.86","14,415.50"
ID13472,30-Jan-2026,Payment,"1,659.68",0.00,"32,009.21"
ID13472,01-Apr-2026,Payment,457.19,0.00,"8,956.92"
ID13472,30-Jan-2026,Interest,422.43,0.00,"54,101.47"
ID13472,11-Mar-2026,Charge,0.00,698.43,"76,121.67"
ID13472,11-Jan-2026,Transfer,0.00,917.00,"12,027.17"
ID13472,16-Jan-2026,Transfer,0.00,130.60,"68,597.07"
ID13472,23-Jan-2026,Payment,629.56,0.00,"43,907.53"
ID13472,03-Mar-2026,Transfer,437.51,0.00,"76,943.67"
ID13472,01-Mar-2026,Reversal,"1,972.54",0.00,"42,561.56"
ID13472,17-Feb-2026,Debit Card,0.00,53.76,"66,370.15"
ID13472,31-Mar-2026,Debit Card,0.00,90.14,"27,138.21"
ID13472,17-Jan-2026,Interest,360.26,0.00,"11,748.52"
ID13472,28-Feb-2026,ATM Withdrawal,0.00,224.28,"93,231.94"
ID13472,02-Mar-2026,Payment,0.00,188.39,"52,356.22"
ID13472,07-Jan-2026,Charge,0.00,991.01,"68,143.01"
ID13472,08-Mar-2026,Payment,"1,841.76",0.00,"61,110.88"
ID13472,23-Mar-2026,Debit Card,0.00,43.65,"84,713.87"
ID13472,03-Jan-2026,Payment,0.00,560.29,"34,372.96"
ID13472,14-Feb-2026,ATM Withdrawal,0.00,532.47,"19,383.44"
ID13472,04-Jan-2026,Payment,0.00,408.89,"29,091.17"
ID13473,02-Feb-2026,ATM Withdrawal,0.00,459.09,"71,223.55"
ID13473,01-Apr-2026,Reversal,"1,645.17",0.00,"86,213.28"
ID13473,15-Jan-2026,Debit Card,0.00,788.60,"70,106.30"
ID13473,15-Jan-2026,Direct Deposit,"3,392.30",0.00,"11,607.92"
ID13473,30-Mar-2026,Debit Card,0.00,419.63,"21,747.29"
ID13473,18-Jan-2026,Direct Deposit,"2,114.88",0.00,"24,617.79"
ID13473,10-Feb-2026,Transfer,"1,206.11",0.00,"22,883.43"
ID13473,26-Feb-2026,Transfer,0.00,224.56,"87,491.56"
ID13473,20-Jan-2026,Direct Deposit,"2,010.01",0.00,"33,016.92"
ID13473,09-Feb-2026,Payment,"1,290.21",0.00,"29,860.23"
ID13473,13-Mar-2026,Transfer,320.24,0.00,"61,190.83"
ID13473,13-Jan-2026,Transfer,"1,313.94",0.00,"14,052.13"
ID13473,19-Feb-2026,Transfer,849.77,0.00,"45,799.87"
ID13473,15-Jan-2026,Payment,"1,729.64",0.00,"69,531.88"
ID13473,31-Jan-2026,Interest,410.65,0.00,"73,370.96"
ID13473,21-Mar-2026,Debit Card,0.00,177.31,"49,400.64"
ID13473,14-Jan-2026,Payment,0.00,683.79,"57,788.91"
ID13473,02-Mar-2026,ATM Withdrawal,0.00,831.25,"52,761.99"
ID13473,01-Apr-2026,Payment,106.99,0.00,"66,574.54"
ID13473,13-Mar-2026,ATM Withdrawal,0.00,387.62,"27,513.89"
ID13474,02-Feb-2026,Debit Card,0.00,954.52,"80,410.66"
ID13474,29-Jan-2026,Transfer,0.00,"1,370.22","7,543.98"
ID13474,05-Feb-2026,Reversal,0.00,908.66,"81,581.98"
ID13474,06-Mar-2026,Payment,938.03,0.00,"2,922.47"
ID13474,13-Jan-2026,Transfer,0.00,415.55,"17,117.91"
ID13474,19-Feb-2026,Reversal,208.75,0.00,"96,874.20"
ID13474,12-Mar-2026,ATM Withdrawal,0.00,414.76,"66,479.87"
ID13474,23-Feb-2026,Reversal,"1,253.74",0.00,"77,595.02"
ID13474,05-Mar-2026,Charge,0.00,468.19,"82,487.21"
ID13474,21-Feb-2026,Interest,411.72,0.00,"33,894.70"
ID13474,06-Feb-2026,Direct Deposit,"1,206.05",0.00,"8,067.10"
ID13474,30-Mar-2026,Transfer,217.24,0.00,"14,851.09"
ID13474,11-Feb-2026,Reversal,0.00,696.59,"41,324.29"
ID13474,18-Jan-2026,Charge,0.00,884.18,"82,135.90"
ID13474,08-Jan-2026,Interest,76.34,0.00,"65,173.46"
ID13474,21-Jan-2026,Payment,0.00,"1,352.94","45,361.83"
ID13474,19-Feb-2026,Direct Deposit,811.31,0.00,"89,141.27"
ID13474,05-Jan-2026,ATM Withdrawal,0.00,351.17,"49,740.22"
ID13474,05-Mar-2026,Transfer,456.65,0.00,"90,946.10"
ID13474,14-Jan-2026,ATM Withdrawal,0.00,544.74,"86,555.20"
ID13475,23-Feb-2026,Payment,"1,700.85",0.00,"13,803.84"
ID13475,29-Jan-2026,Transfer,0.00,495.00,"98,999.31"
ID13475,26-Mar-2026,ATM Withdrawal,0.00,83.18,"94,867.73"
ID13475,07-Feb-2026,Transfer,0.00,246.77,"7,186.39"
ID13475,11-Jan-2026,ATM Withdrawal,0.00,131.33,"38,805.61"
ID13475,02-Apr-2026,Interest,432.65,0.00,"2,703.38"
ID13475,14-Feb-2026,Direct Deposit,"2,095.43",0.00,"61,413.65"
ID13475,27-Mar-2026,Charge,0.00,901.87,"44,869.37"
ID13475,05-Feb-2026,Direct Deposit,"2,144.81",0.00,"30,360.67"
ID13475,04-Mar-2026,Reversal,0.00,"1,343.20","33,914.60"
ID13475,28-Jan-2026,Interest,83.95,0.00,"22,654.70"
ID13475,27-Mar-2026,Reversal,0.00,515.16,"17,129.42"
ID13475,31-Mar-2026,Interest,181.66,0.00,"82,196.39"
ID13475,06-Jan-2026,Debit Card,0.00,978.29,"93,686.99"
ID13475,07-Jan-2026,Payment,0.00,79.82,"90,613.77"
ID13475,16-Jan-2026,Debit Card,0.00,97.73,"71,739.48"
ID13475,08-Jan-2026,Transfer,445.58,0.00,"29,835.13"
ID13475,29-Mar-2026,Debit Card,0.00,721.96,"97,050.44"
ID13475,25-Mar-2026,Direct Deposit,"1,865.31",0.00,"63,796.04"
ID13475,02-Apr-2026,Direct Deposit,"4,062.73",0.00,"61,891.30"
ID13476,14-Feb-2026,Payment,651.09,0.00,"72,588.01"
ID13476,26-Jan-2026,Debit Card,0.00,194.22,"56,715.18"
ID13476,21-Jan-2026,Interest,248.31,0.00,"49,500.89"
ID13476,26-Jan-2026,Reversal,0.00,515.02,"69,118.73"
ID13476,03-Feb-2026,Debit Card,0.00,772.09,"80,247.60"
ID13476,24-Jan-2026,Transfer,"1,166.67",0.00,"15,277.84"
ID13476,19-Mar-2026,Payment,0.00,176.48,"92,464.68"
ID13476,18-Mar-2026,Reversal,0.00,86.70,"71,361.70"
ID13476,15-Mar-2026,Direct Deposit,"1,464.30",0.00,"2,666.00"
ID13476,17-Jan-2026,Debit Card,0.00,400.08,"90,823.24"
ID13476,26-Mar-2026,Debit Card,0.00,578.81,"28,972.33"
ID13476,18-Mar-2026,ATM Withdrawal,0.00,613.15,"61,052.77"
ID13476,25-Mar-2026,Charge,0.00,15.84,"69,139.00"
ID13476,12-Mar-2026,Transfer,"1,070.58",0.00,"94,501.10"
ID13476,04-Feb-2026,Payment,418.41,0.00,"28,732.58"
ID13476,16-Feb-2026,Payment,0.00,"1,249.71","68,544.71"
ID13476,13-Jan-2026,Interest,303.84,0.00,"13,504.35"
ID13476,28-Mar-2026,Interest,95.92,0.00,"13,559.65"
ID13476,02-Apr-2026,ATM Withdrawal,0.00,957.35,"33,658.95"
ID13476,21-Jan-2026,ATM Withdrawal,0.00,249.23,"35,173.49"
ID13477,01-Mar-2026,Reversal,0.00,"1,212.06","74,674.00"
ID13477,24-Jan-2026,Transfer,0.00,"1,376.63","75,764.57"
ID13477,26-Feb-2026,Direct Deposit,"3,099.03",0.00,"60,884.52"
ID13477,07-Mar-2026,ATM Withdrawal,0.00,221.23,"2,015.20"
ID13477,03-Mar-2026,Transfer,0.00,793.05,"9,641.36"
ID13477,14-Feb-2026,Direct Deposit,"2,547.64",0.00,"69,350.61"
ID13477,09-Mar-2026,Charge,0.00,277.30,"6,193.60"
ID13477,21-Feb-2026,Transfer,0.00,66.19,"73,701.83"
ID13477,16-Jan-2026,ATM Withdrawal,0.00,627.60,"70,177.17"
ID13477,04-Mar-2026,Reversal,0.00,"1,262.06","65,881.94"
ID13477,22-Mar-2026,Transfer,0.00,479.30,"74,372.49"
ID13477,22-Feb-2026,ATM Withdrawal,0.00,702.14,"61,599.94"
ID13477,08-Jan-2026,Charge,0.00,471.27,"10,318.87"
ID13477,31-Jan-2026,Debit Card,0.00,955.25,"76,816.67"
ID13477,08-Mar-2026,Interest,376.69,0.00,"66,274.94"
ID13477,14-Jan-2026,Payment,"1,847.34",0.00,"9,058.13"
ID13477,06-Feb-2026,ATM Withdrawal,0.00,821.10,"70,662.83"
ID13477,22-Feb-2026,Payment,"1,219.55",0.00,"61,117.72"
ID13477,21-Mar-2026,Transfer,0.00,"1,348.22","85,099.55"
ID13477,31-Mar-2026,Transfer,0.00,195.25,"89,601.84"
ID13478,08-Mar-2026,Transfer,0.00,847.62,"55,668.43"
ID13478,10-Jan-2026,Payment,0.00,"1,233.32","17,818.17"
ID13478,29-Jan-2026,Debit Card,0.00,577.35,"29,716.56"
ID13478,27-Jan-2026,Transfer,0.00,"1,130.85","72,569.87"
ID13478,06-Mar-2026,Reversal,142.85,0.00,"57,079.14"
ID13478,26-Feb-2026,Transfer,189.22,0.00,"32,199.81"
ID13478,28-Feb-2026,Transfer,"1,301.95",0.00,"60,605.60"
ID13478,24-Feb-2026,Payment,206.67,0.00,"43,661.46"
ID13478,13-Jan-2026,Direct Deposit,600.21,0.00,"39,883.59"
ID13478,05-Jan-2026,Direct Deposit,"1,387.21",0.00,"39,021.71"
ID13478,26-Feb-2026,Reversal,439.66,0.00,"38,425.76"
ID13478,24-Mar-2026,Charge,0.00,753.80,"95,643.64"
ID13478,07-Feb-2026,Direct Deposit,"3,941.34",0.00,"99,814.60"
ID13478,12-Feb-2026,Reversal,0.00,"1,247.79","11,273.05"
ID13478,12-Jan-2026,Transfer,0.00,210.27,"57,729.21"
ID13478,18-Feb-2026,ATM Withdrawal,0.00,377.90,"87,020.80"
ID13478,11-Mar-2026,Transfer,0.00,808.72,"58,427.78"
ID13478,28-Feb-2026,Charge,0.00,247.70,"53,843.71"
ID13478,22-Jan-2026,Debit Card,0.00,680.88,"4,506.64"
ID13478,03-Mar-2026,Charge,0.00,912.26,"88,087.90"
ID13479,23-Jan-2026,ATM Withdrawal,0.00,476.43,"99,199.46"
ID13479,19-Feb-2026,Reversal,585.05,0.00,"40,521.45"
ID13479,11-Feb-2026,Interest,363.95,0.00,"78,319.36"
ID13479,16-Jan-2026,Charge,0.00,640.00,"79,433.88"
ID13479,22-Feb-2026,Transfer,"1,822.34",0.00,"68,321.47"
ID13479,06-Jan-2026,Interest,187.15,0.00,"54,355.22"
ID13479,11-Mar-2026,ATM Withdrawal,0.00,529.28,"50,222.98"
ID13479,29-Mar-2026,Charge,0.00,198.31,"21,264.57"
ID13479,11-Feb-2026,Debit Card,0.00,857.44,"30,941.27"
ID13479,25-Feb-2026,Debit Card,0.00,566.73,"72,174.26"
ID13479,10-Mar-2026,Payment,942.43,0.00,"78,788.11"
ID13479,03-Apr-2026,Reversal,"1,161.26",0.00,"48,316.08"
ID13479,21-Mar-2026,Interest,231.34,0.00,"66,965.73"
ID13479,02-Apr-2026,Charge,0.00,706.77,"20,611.28"
ID13479,15-Mar-2026,Debit Card,0.00,603.89,"58,487.44"
ID13479,19-Jan-2026,Debit Card,0.00,876.04,"99,783.90"
ID13479,15-Jan-2026,Payment,542.86,0.00,"55,096.59"
ID13479,19-Feb-2026,Debit Card,0.00,725.90,"45,538.21"
ID13479,14-Feb-2026,Charge,0.00,249.04,"54,232.46"
ID13479,23-Mar-2026,Transfer,0.00,800.20,"39,533.46"
ID13480,24-Feb-2026,Debit Card,0.00,783.81,"8,831.50"
ID13480,15-Feb-2026,Payment,0.00,439.48,"30,728.00"
ID13480,09-Mar-2026,Direct Deposit,718.39,0.00,"33,500.22"
ID13480,06-Feb-2026,Charge,0.00,718.95,"12,237.22"
ID13480,17-Jan-2026,Direct Deposit,620.14,0.00,"26,448.25"
ID13480,17-Jan-2026,Payment,0.00,"1,189.55","71,590.96"
ID13480,19-Jan-2026,Payment,716.72,0.00,"82,989.44"
ID13480,07-Mar-2026,Charge,0.00,763.57,"83,400.08"
ID13480,12-Feb-2026,Transfer,107.78,0.00,"48,485.39"
ID13480,15-Jan-2026,Charge,0.00,802.78,"24,044.65"
ID13480,22-Mar-2026,ATM Withdrawal,0.00,171.84,"85,533.33"
ID13480,30-Jan-2026,Charge,0.00,153.07,"77,515.66"
ID13480,07-Jan-2026,Payment,"1,482.52",0.00,"96,999.49"
ID13480,04-Feb-2026,Payment,0.00,733.90,"58,426.27"
ID13480,25-Mar-2026,Payment,542.56,0.00,"10,442.98"
ID13480,17-Jan-2026,Direct Deposit,"3,326.21",0.00,"3,709.54"
ID13480,14-Feb-2026,Charge,0.00,582.06,"32,149.76"
ID13480,03-Feb-2026,Interest,75.44,0.00,"34,048.31"
ID13480,25-Jan-2026,ATM Withdrawal,0.00,57.90,"98,294.34"
ID13480,14-Feb-2026,Debit Card,0.00,99.27,"51,300.78"
ID13481,09-Feb-2026,Payment,827.14,0.00,"43,730.55"
ID13481,25-Feb-2026,Charge,0.00,261.86,"42,545.64"
ID13481,03-Feb-2026,Debit Card,0.00,122.10,"43,521.87"
ID13481,29-Mar-2026,Interest,231.77,0.00,"94,653.98"
ID13481,23-Feb-2026,Reversal,0.00,701.26,"28,587.71"
ID13481,10-Jan-2026,Debit Card,0.00,746.22,"96,019.42"
ID13481,17-Mar-2026,Reversal,0.00,"1,179.45","38,688.83"
ID13481,23-Jan-2026,ATM Withdrawal,0.00,679.69,"43,074.42"
ID13481,13-Jan-2026,Debit Card,0.00,901.31,"23,924.57"
ID13481,09-Jan-2026,Reversal,971.38,0.00,"51,090.69"
ID13481,03-Jan-2026,Transfer,0.00,747.58,"7,164.37"
ID13481,30-Mar-2026,Reversal,936.50,0.00,"29,214.12"
ID13481,08-Mar-2026,Reversal,"1,525.34",0.00,"5,833.93"
ID13481,30-Mar-2026,Reversal,0.00,"1,474.35","50,885.79"
ID13481,14-Jan-2026,Transfer,0.00,"1,421.88","73,994.31"
ID13481,01-Mar-2026,Direct Deposit,880.95,0.00,"73,223.31"
ID13481,19-Mar-2026,Reversal,0.00,281.55,"37,260.40"
ID13481,23-Mar-2026,Reversal,0.00,893.18,"12,923.32"
ID13481,16-Mar-2026,Debit Card,0.00,98.04,"96,524.11"
ID13481,07-Mar-2026,Transfer,0.00,"1,330.81","41,300.38"
ID13482,19-Jan-2026,Transfer,0.00,438.19,"64,171.86"
ID13482,21-Mar-2026,Direct Deposit,"1,937.37",0.00,"48,853.71"
ID13482,27-Mar-2026,Reversal,0.00,698.51,"71,862.78"
ID13482,10-Feb-2026,Payment,"1,560.52",0.00,"3,071.99"
ID13482,22-Feb-2026,Direct Deposit,"4,201.36",0.00,"59,200.63"
ID13482,10-Feb-2026,Direct Deposit,"4,171.02",0.00,"56,722.91"
ID13482,20-Feb-2026,ATM Withdrawal,0.00,596.42,"30,699.60"
ID13482,20-Jan-2026,Charge,0.00,633.15,"10,853.38"
ID13482,27-Feb-2026,Transfer,"1,350.47",0.00,"19,033.09"
ID13482,17-Mar-2026,Debit Card,0.00,224.77,"57,362.55"
ID13482,10-Feb-2026,Debit Card,0.00,10.27,"90,356.56"
ID13482,10-Jan-2026,Direct Deposit,"2,906.57",0.00,"47,455.47"
ID13482,18-Feb-2026,Debit Card,0.00,445.01,"44,298.15"
ID13482,16-Feb-2026,Reversal,"1,611.85",0.00,"8,306.42"
ID13482,21-Jan-2026,Reversal,0.00,"1,319.99","96,121.43"
ID13482,13-Jan-2026,Payment,0.00,"1,402.69","40,490.62"
ID13482,23-Feb-2026,Reversal,0.00,830.53,"8,662.12"
ID13482,21-Feb-2026,Direct Deposit,926.19,0.00,"42,461.95"
ID13482,10-Mar-2026,Reversal,"1,397.95",0.00,"16,454.42"
ID13482,05-Jan-2026,Charge,0.00,106.81,"54,310.68"
ID13483,01-Apr-2026,Debit Card,0.00,416.30,"20,767.17"
ID13483,17-Feb-2026,Reversal,0.00,952.22,"56,369.40"
ID13483,11-Jan-2026,Transfer,"1,077.25",0.00,"39,530.17"
ID13483,02-Apr-2026,Debit Card,0.00,611.54,"26,105.47"
ID13483,27-Mar-2026,Interest,225.12,0.00,"19,212.74"
ID13483,11-Mar-2026,ATM Withdrawal,0.00,171.81,"17,244.38"
ID13483,03-Mar-2026,Transfer,0.00,"1,177.75","52,248.00"
ID13483,08-Mar-2026,Reversal,0.00,748.98,"29,557.17"
ID13483,16-Jan-2026,Interest,265.38,0.00,"79,401.16"
ID13483,20-Mar-2026,ATM Withdrawal,0.00,728.52,"87,549.88"
ID13483,10-Mar-2026,Reversal,"1,860.48",0.00,"26,655.82"
ID13483,13-Feb-2026,Charge,0.00,775.11,"65,064.56"
ID13483,04-Mar-2026,ATM Withdrawal,0.00,335.50,"56,233.99"
ID13483,22-Jan-2026,Charge,0.00,167.62,"40,617.00"
ID13483,19-Feb-2026,Debit Card,0.00,442.52,"54,063.37"
ID13483,25-Jan-2026,Reversal,0.00,58.92,"7,568.59"
ID13483,16-Feb-2026,ATM Withdrawal,0.00,334.20,"59,357.81"
ID13483,20-Jan-2026,Payment,230.88,0.00,"21,181.03"
ID13483,11-Jan-2026,Debit Card,0.00,542.23,"26,498.63"
ID13483,07-Mar-2026,Transfer,323.37,0.00,"46,505.64"
ID13484,20-Mar-2026,Charge,0.00,115.76,"84,718.50"
ID13484,26-Jan-2026,Transfer,0.00,103.95,"70,556.34"
ID13484,07-Jan-2026,Payment,0.00,735.93,"91,089.02"
ID13484,26-Feb-2026,Payment,958.41,0.00,"29,002.46"
ID13484,05-Jan-2026,Payment,0.00,"1,333.34","21,053.87"
ID13484,17-Jan-2026,Payment,725.55,0.00,"34,021.66"
ID13484,03-Mar-2026,Direct Deposit,667.07,0.00,"7,072.91"
ID13484,13-Mar-2026,Direct Deposit,"3,376.08",0.00,"3,451.19"
ID13484,13-Mar-2026,Payment,500.27,0.00,"74,475.42"
ID13484,11-Jan-2026,Payment,"1,563.90",0.00,"79,773.63"
ID13484,31-Jan-2026,ATM Withdrawal,0.00,518.17,"71,218.22"
ID13484,22-Mar-2026,Reversal,"1,749.86",0.00,"19,034.76"
ID13484,03-Mar-2026,Interest,305.09,0.00,"83,652.30"
ID13484,21-Jan-2026,Direct Deposit,646.10,0.00,"25,167.43"
ID13484,04-Jan-2026,Payment,"1,908.21",0.00,"29,565.58"
ID13484,02-Feb-2026,Charge,0.00,185.98,"66,515.91"
ID13484,15-Feb-2026,Debit Card,0.00,10.46,"43,144.95"
ID13484,16-Jan-2026,Interest,112.35,0.00,"58,193.93"
ID13484,12-Mar-2026,Payment,0.00,884.05,"91,231.23"
ID13484,12-Feb-2026,Interest,42.51,0.00,"81,380.24"
ID13485,20-Jan-2026,Interest,306.91,0.00,"28,185.53"
ID13485,28-Mar-2026,Payment,0.00,"1,276.21","22,943.68"
ID13485,27-Jan-2026,ATM Withdrawal,0.00,112.84,"25,533.08"
ID13485,05-Mar-2026,ATM Withdrawal,0.00,890.87,"64,920.40"
ID13485,01-Feb-2026,Direct Deposit,"3,436.28",0.00,"64,593.37"
ID13485,19-Jan-2026,Reversal,0.00,469.70,"43,207.79"
ID13485,28-Feb-2026,ATM Withdrawal,0.00,425.95,"57,165.84"
ID13485,15-Mar-2026,Debit Card,0.00,108.58,"76,881.92"
ID13485,07-Mar-2026,Payment,0.00,"1,144.43","50,028.30"
ID13485,20-Mar-2026,Interest,463.83,0.00,"61,803.31"
ID13485,31-Jan-2026,Debit Card,0.00,287.49,"32,868.70"
ID13485,16-Mar-2026,Interest,435.40,0.00,"79,395.62"
ID13485,05-Mar-2026,Interest,10.51,0.00,"99,987.25"
ID13485,08-Feb-2026,Direct Deposit,"2,745.93",0.00,"11,035.57"
ID13485,16-Jan-2026,Payment,"1,712.53",0.00,"51,728.67"
ID13485,19-Mar-2026,Transfer,157.79,0.00,"4,908.50"
ID13485,26-Jan-2026,Payment,946.50,0.00,"82,182.85"
ID13485,06-Jan-2026,Charge,0.00,143.65,"51,544.60"
ID13485,23-Feb-2026,Transfer,0.00,"1,126.13","60,188.40"
ID13485,07-Feb-2026,Direct Deposit,"2,756.08",0.00,"75,484.66"
ID13486,10-Jan-2026,Direct Deposit,"2,778.41",0.00,"26,113.89"
ID13486,06-Feb-2026,Charge,0.00,615.46,"82,081.99"
ID13486,06-Jan-2026,Interest,164.61,0.00,"59,068.93"
ID13486,25-Jan-2026,Debit Card,0.00,13.82,"39,724.81"
ID13486,15-Feb-2026,Direct Deposit,"3,622.40",0.00,"40,287.54"
ID13486,06-Mar-2026,Reversal,0.00,738.52,"31,245.68"
ID13486,15-Jan-2026,Charge,0.00,651.47,"34,198.74"
ID13486,11-Mar-2026,Charge,0.00,377.66,"50,770.07"
ID13486,26-Feb-2026,Direct Deposit,"2,775.50",0.00,"97,804.26"
ID13486,20-Jan-2026,Interest,132.59,0.00,"92,224.43"
ID13486,06-Feb-2026,ATM Withdrawal,0.00,785.09,"50,930.26"
ID13486,21-Jan-2026,Transfer,906.87,0.00,"77,896.97"
ID13486,16-Mar-2026,Transfer,0.00,"1,455.16","62,472.52"
ID13486,06-Feb-2026,Charge,0.00,909.97,"36,695.00"
ID13486,08-Jan-2026,Charge,0.00,290.75,"37,256.21"
ID13486,17-Jan-2026,ATM Withdrawal,0.00,679.63,"59,969.12"
ID13486,16-Feb-2026,Debit Card,0.00,540.87,"59,799.15"
ID13486,24-Mar-2026,Charge,0.00,146.27,"19,538.63"
ID13486,23-Mar-2026,Payment,887.62,0.00,"90,576.65"
ID13486,18-Jan-2026,Direct Deposit,"1,416.82",0.00,"26,924.35"
ID13487,13-Mar-2026,Debit Card,0.00,309.23,"37,764.22"
ID13487,25-Feb-2026,ATM Withdrawal,0.00,192.00,"13,644.77"
ID13487,07-Jan-2026,Transfer,0.00,996.58,"38,125.58"
ID13487,06-Feb-2026,Transfer,295.87,0.00,"26,369.15"
ID13487,08-Mar-2026,Direct Deposit,"3,720.11",0.00,"65,119.22"
ID13487,28-Jan-2026,Reversal,0.00,822.04,"58,968.12"
ID13487,01-Feb-2026,Transfer,634.79,0.00,"87,090.34"
ID13487,26-Mar-2026,Payment,0.00,868.23,"99,834.74"
ID13487,13-Feb-2026,ATM Withdrawal,0.00,766.38,"44,311.83"
ID13487,02-Mar-2026,Transfer,"1,277.20",0.00,"11,159.00"
ID13487,16-Jan-2026,Transfer,193.78,0.00,"29,914.28"
ID13487,29-Mar-2026,Charge,0.00,609.90,"97,180.97"
ID13487,16-Jan-2026,Debit Card,0.00,432.40,"43,175.18"
ID13487,26-Mar-2026,Reversal,0.00,"1,484.31","47,404.57"
ID13487,19-Jan-2026,Payment,"1,277.11",0.00,"90,572.70"
ID13487,03-Mar-2026,Transfer,"1,853.94",0.00,"41,431.56"
ID13487,08-Jan-2026,ATM Withdrawal,0.00,813.38,"23,173.05"
ID13487,22-Mar-2026,ATM Withdrawal,0.00,967.95,"77,958.78"
ID13487,24-Feb-2026,Charge,0.00,124.88,"71,714.45"
ID13487,28-Mar-2026,ATM Withdrawal,0.00,607.51,"18,930.48"
ID13488,03-Feb-2026,Charge,0.00,874.49,"78,645.58"
ID13488,25-Feb-2026,Transfer,0.00,"1,125.12","88,585.30"
ID13488,14-Feb-2026,Interest,335.72,0.00,"32,472.05"
ID13488,09-Feb-2026,Interest,228.30,0.00,"64,192.63"
ID13488,29-Mar-2026,Payment,506.67,0.00,"73,925.07"
ID13488,28-Feb-2026,Interest,241.59,0.00,"65,099.30"
ID13488,27-Jan-2026,Payment,299.14,0.00,"30,564.39"
ID13488,27-Jan-2026,Reversal,0.00,530.63,"90,387.58"
ID13488,18-Jan-2026,Payment,0.00,644.91,"51,249.71"
ID13488,21-Feb-2026,Reversal,"1,358.43",0.00,"26,144.43"
ID13488,05-Jan-2026,Debit Card,0.00,529.09,"70,805.06"
ID13488,01-Mar-2026,ATM Withdrawal,0.00,242.34,"43,510.73"
ID13488,21-Mar-2026,Interest,468.56,0.00,"76,815.13"
ID13488,01-Apr-2026,Charge,0.00,442.26,"40,201.39"
ID13488,28-Feb-2026,Charge,0.00,624.61,"32,378.33"
ID13488,15-Mar-2026,Direct Deposit,"4,717.41",0.00,"74,405.27"
ID13488,04-Mar-2026,Payment,0.00,"1,324.93","74,306.55"
ID13488,26-Jan-2026,Reversal,0.00,393.99,"51,507.39"
ID13488,01-Feb-2026,Transfer,"1,415.61",0.00,"16,258.21"
ID13488,31-Jan-2026,ATM Withdrawal,0.00,132.59,"72,533.76"
ID13489,05-Mar-2026,Direct Deposit,"3,416.51",0.00,"15,389.00"
ID13489,26-Jan-2026,Direct Deposit,"2,856.11",0.00,"5,448.70"
ID13489,04-Jan-2026,Charge,0.00,750.83,"90,599.27"
ID13489,27-Feb-2026,Debit Card,0.00,937.30,"67,068.21"
ID13489,22-Mar-2026,Charge,0.00,714.95,"59,821.69"
ID13489,01-Apr-2026,Payment,0.00,875.68,"2,070.63"
ID13489,16-Mar-2026,Interest,21.81,0.00,"4,831.25"
ID13489,04-Mar-2026,ATM Withdrawal,0.00,837.59,"54,067.17"
ID13489,18-Mar-2026,Payment,0.00,"1,277.00","55,078.33"
ID13489,22-Jan-2026,Transfer,"1,133.49",0.00,"74,147.72"
ID13489,30-Jan-2026,ATM Withdrawal,0.00,703.21,"56,739.36"
ID13489,19-Jan-2026,Debit Card,0.00,900.21,"79,112.22"
ID13489,03-Feb-2026,Interest,38.64,0.00,"42,079.21"
ID13489,27-Jan-2026,Debit Card,0.00,760.22,"10,997.56"
ID13489,26-Jan-2026,ATM Withdrawal,0.00,510.79,"34,817.16"
ID13489,26-Jan-2026,Transfer,0.00,711.03,"76,744.22"
ID13489,12-Jan-2026,ATM Withdrawal,0.00,879.44,"34,605.76"
ID13489,20-Jan-2026,Interest,274.46,0.00,"71,160.41"
ID13489,11-Mar-2026,Payment,988.12,0.00,"35,005.77"
ID13489,09-Feb-2026,Direct Deposit,"4,745.44",0.00,"6,616.76"
ID13490,13-Mar-2026,Debit Card,0.00,515.59,"40,549.41"
ID13490,20-Feb-2026,Direct Deposit,"1,152.59",0.00,"11,922.00"
ID13490,17-Jan-2026,Debit Card,0.00,887.43,"1,826.14"
ID13490,08-Feb-2026,Debit Card,0.00,492.34,"61,131.22"
ID13490,03-Apr-2026,Reversal,0.00,659.98,"93,118.37"
ID13490,12-Jan-2026,Interest,250.16,0.00,"8,961.37"
ID13490,13-Feb-2026,Transfer,"1,278.63",0.00,"30,584.29"
ID13490,25-Mar-2026,Reversal,"1,773.92",0.00,"87,970.61"
ID13490,22-Mar-2026,Interest,310.21,0.00,"14,577.95"
ID13490,15-Feb-2026,Payment,0.00,85.77,"96,129.83"
ID13490,18-Jan-2026,Debit Card,0.00,176.13,"83,769.83"
ID13490,20-Jan-2026,Direct Deposit,"1,445.90",0.00,"46,492.78"
ID13490,05-Feb-2026,Interest,486.02,0.00,"61,073.11"
ID13490,17-Jan-2026,ATM Withdrawal,0.00,27.42,"34,591.72"
ID13490,27-Mar-2026,Debit Card,0.00,897.69,"23,017.77"
ID13490,07-Feb-2026,Reversal,771.05,0.00,"34,045.04"
ID13490,05-Feb-2026,Reversal,574.93,0.00,"92,676.80"
ID13490,22-Jan-2026,Interest,16.76,0.00,"36,495.99"
ID13490,13-Jan-2026,Payment,703.75,0.00,"53,841.65"
ID13490,21-Mar-2026,Interest,163.55,0.00,"47,855.47"
ID13491,06-Jan-2026,Payment,"1,268.87",0.00,"67,593.22"
ID13491,03-Jan-2026,Debit Card,0.00,894.11,"70,167.21"
ID13491,10-Feb-2026,Debit Card,0.00,180.86,"2,166.14"
ID13491,02-Apr-2026,Payment,0.00,965.49,"95,107.24"
ID13491,04-Jan-2026,Debit Card,0.00,351.72,"87,223.49"
ID13491,09-Mar-2026,Payment,0.00,527.46,"56,978.01"
ID13491,27-Feb-2026,Payment,"1,467.38",0.00,"69,638.41"
ID13491,20-Jan-2026,Payment,"1,284.09",0.00,"57,163.60"
ID13491,30-Jan-2026,Charge,0.00,273.76,"66,795.61"
ID13491,03-Jan-2026,Debit Card,0.00,133.68,"68,349.42"
ID13491,02-Feb-2026,Reversal,0.00,"1,143.14","95,032.67"
ID13491,29-Mar-2026,Transfer,914.78,0.00,"88,569.24"
ID13491,07-Jan-2026,Payment,"1,840.72",0.00,"92,302.63"
ID13491,12-Feb-2026,Direct Deposit,"4,281.48",0.00,"12,215.73"
ID13491,27-Mar-2026,Reversal,"1,334.08",0.00,"46,307.36"
ID13491,26-Mar-2026,Transfer,0.00,162.40,"70,429.29"
ID13491,02-Mar-2026,Debit Card,0.00,766.89,"23,759.13"
ID13491,29-Jan-2026,Payment,"1,361.84",0.00,"71,839.78"
ID13491,28-Jan-2026,Interest,72.50,0.00,"87,765.14"
ID13491,05-Feb-2026,Charge,0.00,997.43,"68,473.18"
ID13492,21-Mar-2026,Reversal,"1,505.33",0.00,"26,772.27"
ID13492,28-Feb-2026,Reversal,"1,405.59",0.00,"56,631.48"
ID13492,20-Jan-2026,Interest,366.64,0.00,"39,558.98"
ID13492,03-Jan-2026,Payment,"1,844.57",0.00,"93,955.22"
ID13492,28-Jan-2026,ATM Withdrawal,0.00,352.84,"60,591.20"
ID13492,04-Jan-2026,Interest,34.17,0.00,"24,031.83"
ID13492,12-Mar-2026,Direct Deposit,"2,257.47",0.00,"65,362.24"
ID13492,04-Mar-2026,Debit Card,0.00,449.90,"39,744.39"
ID13492,24-Mar-2026,ATM Withdrawal,0.00,326.07,"73,283.72"
ID13492,22-Jan-2026,Reversal,"1,318.82",0.00,"14,132.71"
ID13492,14-Mar-2026,Charge,0.00,257.34,"39,676.20"
ID13492,31-Mar-2026,Charge,0.00,123.24,"28,812.93"
ID13492,20-Feb-2026,Interest,444.21,0.00,"29,930.13"
ID13492,31-Jan-2026,Direct Deposit,"3,768.76",0.00,"53,979.00"
ID13492,22-Mar-2026,Reversal,0.00,"1,491.80","83,033.54"
ID13492,12-Jan-2026,Debit Card,0.00,827.28,"34,005.96"
ID13492,15-Jan-2026,Direct Deposit,"2,542.40",0.00,"94,138.06"
ID13492,22-Jan-2026,Reversal,"1,859.70",0.00,"82,506.46"
ID13492,05-Jan-2026,Debit Card,0.00,26.39,"2,647.08"
ID13492,03-Feb-2026,ATM Withdrawal,0.00,459.10,"28,149.41"
ID13493,22-Feb-2026,Interest,388.39,0.00,"37,844.31"
ID13493,21-Feb-2026,Charge,0.00,74.69,"81,670.73"
ID13493,08-Feb-2026,Interest,59.72,0.00,"33,186.17"
ID13493,07-Jan-2026,ATM Withdrawal,0.00,198.33,"74,471.08"
ID13493,01-Feb-2026,Payment,177.29,0.00,"91,869.18"
ID13493,05-Mar-2026,ATM Withdrawal,0.00,550.85,"61,515.41"
ID13493,08-Mar-2026,Direct Deposit,"4,218.46",0.00,"9,111.36"
ID13493,01-Mar-2026,Charge,0.00,856.88,"79,888.66"
ID13493,22-Feb-2026,ATM Withdrawal,0.00,834.66,"71,588.66"
ID13493,04-Mar-2026,Interest,257.39,0.00,"67,980.34"
ID13493,30-Mar-2026,Direct Deposit,"4,866.50",0.00,"49,554.77"
ID13493,28-Jan-2026,Reversal,"1,558.16",0.00,"3,992.66"
ID13493,28-Jan-2026,Reversal,0.00,353.58,"25,564.21"
ID13493,21-Feb-2026,Charge,0.00,98.79,"9,610.28"
ID13493,10-Mar-2026,Payment,719.30,0.00,"49,240.66"
ID13493,28-Feb-2026,Payment,"1,307.98",0.00,"65,960.46"
ID13493,04-Jan-2026,Charge,0.00,771.74,"17,846.09"
ID13493,15-Jan-2026,ATM Withdrawal,0.00,840.23,"86,760.31"
ID13493,16-Mar-2026,ATM Withdrawal,0.00,37.03,"99,085.66"
ID13493,08-Mar-2026,Transfer,"1,783.07",0.00,"46,604.80"
ID13494,27-Mar-2026,ATM Withdrawal,0.00,421.43,"33,316.01"
ID13494,11-Jan-2026,ATM Withdrawal,0.00,41.17,"49,284.17"
ID13494,18-Mar-2026,Debit Card,0.00,117.21,"50,367.46"
ID13494,22-Jan-2026,Transfer,"1,183.41",0.00,"25,627.38"
ID13494,04-Feb-2026,Transfer,0.00,728.32,"26,273.95"
ID13494,27-Mar-2026,Interest,487.52,0.00,"16,539.45"
ID13494,08-Feb-2026,ATM Withdrawal,0.00,426.74,"96,528.83"
ID13494,01-Mar-2026,Reversal,212.66,0.00,"58,607.90"
ID13494,09-Feb-2026,Charge,0.00,325.98,"22,789.98"
ID13494,14-Jan-2026,Transfer,527.98,0.00,"85,834.21"
ID13494,10-Mar-2026,Reversal,0.00,"1,305.50","5,408.98"
ID13494,24-Mar-2026,Direct Deposit,"4,208.18",0.00,"50,285.47"
ID13494,14-Jan-2026,Interest,125.07,0.00,"29,982.04"
ID13494,09-Feb-2026,Payment,"1,816.02",0.00,"67,435.37"
ID13494,12-Mar-2026,Debit Card,0.00,163.08,"17,860.52"
ID13494,19-Feb-2026,Interest,226.25,0.00,"53,676.97"
ID13494,21-Jan-2026,Payment,956.73,0.00,"64,443.50"
ID13494,23-Mar-2026,Payment,0.00,744.72,"38,066.34"
ID13494,15-Mar-2026,Direct Deposit,"2,001.80",0.00,"92,243.93"
ID13494,18-Feb-2026,Reversal,311.20,0.00,"54,013.64"
ID13495,18-Mar-2026,Payment,"1,807.84",0.00,"64,705.75"
ID13495,25-Feb-2026,Reversal,141.42,0.00,"46,649.10"
ID13495,01-Feb-2026,Direct Deposit,"3,626.16",0.00,"66,997.52"
ID13495,03-Apr-2026,Payment,0.00,155.23,"62,258.76"
ID13495,16-Feb-2026,Charge,0.00,933.05,"51,785.91"
ID13495,03-Jan-2026,Debit Card,0.00,50.64,"1,659.90"
ID13495,07-Feb-2026,Debit Card,0.00,387.18,"99,875.40"
ID13495,26-Mar-2026,Charge,0.00,509.62,"25,357.09"
ID13495,18-Mar-2026,Charge,0.00,81.58,"43,499.06"
ID13495,16-Feb-2026,ATM Withdrawal,0.00,668.99,"80,035.43"
ID13495,28-Mar-2026,Reversal,0.00,960.56,"29,328.81"
ID13495,06-Mar-2026,Payment,"1,379.56",0.00,"66,987.51"
ID13495,27-Mar-2026,Reversal,"1,188.15",0.00,"78,533.14"
ID13495,11-Feb-2026,Reversal,722.24,0.00,"76,952.96"
ID13495,01-Feb-2026,Interest,450.82,0.00,"38,615.39"
ID13495,23-Jan-2026,Transfer,"1,900.86",0.00,"67,530.70"
ID13495,28-Mar-2026,Transfer,"1,840.56",0.00,"78,300.66"
ID13495,18-Mar-2026,Debit Card,0.00,237.82,"37,819.78"
ID13495,10-Jan-2026,Debit Card,0.00,180.53,"17,456.48"
ID13495,15-Feb-2026,Reversal,"1,554.94",0.00,"77,709.43"
ID13496,23-Feb-2026,Direct Deposit,"3,804.52",0.00,"23,625.48"
ID13496,15-Mar-2026,ATM Withdrawal,0.00,385.11,"85,622.34"
ID13496,30-Mar-2026,Direct Deposit,"1,896.98",0.00,"19,247.68"
ID13496,09-Mar-2026,Interest,401.87,0.00,"46,161.92"
ID13496,07-Mar-2026,Charge,0.00,655.16,"68,992.76"
ID13496,17-Feb-2026,Reversal,0.00,101.02,"68,695.44"
ID13496,28-Mar-2026,Direct Deposit,"2,791.90",0.00,"89,560.78"
ID13496,03-Feb-2026,Reversal,"1,906.34",0.00,"83,309.16"
ID13496,12-Feb-2026,Interest,49.74,0.00,"11,209.44"
ID13496,02-Mar-2026,Transfer,"1,509.28",0.00,"71,235.68"
ID13496,05-Feb-2026,Debit Card,0.00,269.68,"51,792.49"
ID13496,20-Mar-2026,Payment,"1,904.54",0.00,"83,598.51"
ID13496,08-Jan-2026,Reversal,0.00,986.81,"47,394.54"
ID13496,19-Mar-2026,Debit Card,0.00,158.39,"43,244.14"
ID13496,03-Feb-2026,Transfer,0.00,347.28,"72,925.04"
ID13496,31-Jan-2026,Charge,0.00,343.69,"18,741.02"
ID13496,26-Jan-2026,Debit Card,0.00,26.35,"7,110.70"
ID13496,22-Jan-2026,Debit Card,0.00,592.80,"42,764.26"
ID13496,25-Mar-2026,Charge,0.00,570.70,"1,995.17"
ID13496,23-Feb-2026,Charge,0.00,157.96,"71,224.41"
ID13497,04-Feb-2026,ATM Withdrawal,0.00,649.83,"57,012.34"
ID13497,09-Jan-2026,Debit Card,0.00,208.51,"65,345.31"
ID13497,13-Jan-2026,Transfer,229.63,0.00,"24,010.84"
ID13497,06-Mar-2026,ATM Withdrawal,0.00,751.04,"99,907.93"
ID13497,20-Jan-2026,Charge,0.00,341.03,"90,734.41"
ID13497,16-Jan-2026,ATM Withdrawal,0.00,31.59,"17,868.38"
ID13497,04-Mar-2026,Interest,471.68,0.00,"23,698.04"
ID13497,27-Mar-2026,Debit Card,0.00,467.49,"54,834.55"
ID13497,01-Apr-2026,Payment,"1,186.69",0.00,"45,544.59"
ID13497,18-Mar-2026,Reversal,"1,999.74",0.00,"39,238.82"
ID13497,04-Jan-2026,Direct Deposit,712.43,0.00,"65,324.75"
ID13497,17-Jan-2026,Charge,0.00,557.10,"26,035.75"
ID13497,31-Jan-2026,Payment,0.00,914.58,"70,643.94"
ID13497,10-Jan-2026,Payment,181.75,0.00,"77,824.96"
ID13497,21-Mar-2026,Charge,0.00,946.94,"18,269.48"
ID13497,19-Mar-2026,Charge,0.00,683.29,"2,305.47"
ID13497,11-Feb-2026,Payment,0.00,786.67,"1,764.00"
ID13497,20-Feb-2026,Direct Deposit,"4,897.27",0.00,"2,895.76"
ID13497,15-Feb-2026,Charge,0.00,782.85,"43,268.71"
ID13497,05-Feb-2026,Reversal,678.24,0.00,"77,819.28"
ID13498,11-Mar-2026,ATM Withdrawal,0.00,201.74,"60,466.35"
ID13498,15-Feb-2026,Reversal,0.00,"1,090.78","10,041.20"
ID13498,09-Jan-2026,Direct Deposit,"3,683.71",0.00,"44,733.19"
ID13498,29-Mar-2026,Transfer,0.00,146.49,"47,878.99"
ID13498,24-Mar-2026,Payment,0.00,994.65,"22,442.84"
ID13498,17-Jan-2026,Debit Card,0.00,852.45,"46,585.55"
ID13498,30-Jan-2026,Reversal,727.24,0.00,"56,767.65"
ID13498,20-Jan-2026,Debit Card,0.00,413.84,"92,821.16"
ID13498,02-Apr-2026,Transfer,0.00,"1,125.45","40,972.73"
ID13498,01-Feb-2026,Reversal,"1,121.04",0.00,"12,868.92"
ID13498,09-Jan-2026,Direct Deposit,"3,630.13",0.00,"42,067.55"
ID13498,19-Jan-2026,Debit Card,0.00,368.81,"49,410.95"
ID13498,27-Mar-2026,Debit Card,0.00,558.75,"14,548.92"
ID13498,18-Feb-2026,ATM Withdrawal,0.00,92.82,"57,117.67"
ID13498,16-Jan-2026,Payment,761.56,0.00,"36,452.09"
ID13498,24-Mar-2026,Charge,0.00,799.69,"55,849.44"
ID13498,28-Mar-2026,Direct Deposit,"4,127.31",0.00,"49,595.62"
ID13498,11-Mar-2026,Debit Card,0.00,392.70,"8,332.51"
ID13498,15-Jan-2026,Payment,0.00,684.19,"50,666.19"
ID13498,04-Mar-2026,ATM Withdrawal,0.00,539.99,"11,596.64"
ID13499,01-Mar-2026,Transfer,0.00,960.91,"93,768.66"
ID13499,08-Jan-2026,ATM Withdrawal,0.00,598.21,"11,866.79"
ID13499,28-Mar-2026,Transfer,0.00,785.92,"61,365.88"
ID13499,06-Feb-2026,Charge,0.00,859.79,"68,923.48"
ID13499,23-Jan-2026,Interest,448.12,0.00,"83,198.97"
ID13499,12-Jan-2026,Reversal,0.00,368.54,"23,831.69"
ID13499,11-Feb-2026,Reversal,"1,091.01",0.00,"33,241.77"
ID13499,26-Feb-2026,Interest,15.95,0.00,"54,043.54"
ID13499,14-Jan-2026,ATM Withdrawal,0.00,188.67,"36,592.10"
ID13499,12-Feb-2026,Interest,178.15,0.00,"80,237.87"
ID13499,01-Apr-2026,Reversal,388.16,0.00,"51,869.18"
ID13499,19-Mar-2026,Reversal,"1,771.04",0.00,"77,131.57"
ID13499,13-Jan-2026,Debit Card,0.00,399.73,"20,827.11"
ID13499,15-Jan-2026,Debit Card,0.00,712.32,"63,497.24"
ID13499,22-Jan-2026,Reversal,0.00,910.28,"57,022.03"
ID13499,15-Jan-2026,Direct Deposit,855.02,0.00,"17,266.96"
ID13499,08-Feb-2026,ATM Withdrawal,0.00,737.91,"5,232.35"
ID13499,18-Mar-2026,Debit Card,0.00,454.99,"29,104.76"
ID13499,14-Jan-2026,ATM Withdrawal,0.00,453.12,"55,552.19"
ID13499,25-Feb-2026,Transfer,"1,897.73",0.00,"61,447.51"
