customer_id,Date,Description,Deposits,Withdrawls,Balance
ID13500,19-Mar-2026,Charge,0.00,563.17,"67,600.04"
ID13500,22-Mar-2026,ATM Withdrawal,0.00,921.06,"70,230.49"
ID13500,16-Feb-2026,Interest,435.53,0.00,"16,282.30"
ID13500,18-Mar-2026,Debit Card,0.00,990.29,"10,341.17"
ID13500,17-Feb-2026,Payment,0.00,"1,460.51","7,852.50"
ID13500,12-Feb-2026,Reversal,0.00,748.10,"63,340.30"
ID13500,15-Jan-2026,Direct Deposit,"2,420.74",0.00,"40,457.39"
ID13500,25-Feb-2026,Charge,0.00,538.03,"6,277.23"
ID13500,24-Jan-2026,Direct Deposit,"1,865.02",0.00,"85,348.65"
ID13500,11-Jan-2026,Direct Deposit,"4,086.28",0.00,"73,516.47"
ID13500,16-Feb-2026,Direct Deposit,"2,858.76",0.00,"58,782.84"
ID13500,06-Mar-2026,Debit Card,0.00,25.57,"58,548.54"
ID13500,13-Feb-2026,Transfer,0.00,"1,272.37","16,302.79"
ID13500,13-Mar-2026,Reversal,0.00,281.54,"49,963.56"
ID13500,29-Jan-2026,Payment,0.00,451.24,"97,840.94"
ID13500,14-Jan-2026,Direct Deposit,"2,906.02",0.00,"46,265.62"
ID13500,19-Feb-2026,Direct Deposit,"4,042.60",0.00,"27,277.71"
ID13500,31-Jan-2026,Reversal,0.00,427.81,"88,011.65"
ID13500,22-Feb-2026,Reversal,680.97,0.00,"30,792.88"
ID13500,23-Feb-2026,Debit Card,0.00,360.94,"43,435.92"
ID13501,24-Mar-2026,ATM Withdrawal,0.00,824.44,"28,025.27"
ID13501,12-Jan-2026,Interest,84.93,0.00,"2,433.11"
ID13501,13-Feb-2026,Charge,0.00,196.24,"6,941.99"
ID13501,08-Mar-2026,Reversal,610.42,0.00,"87,629.39"
ID13501,18-Feb-2026,Payment,"1,947.81",0.00,"50,454.20"
ID13501,15-Jan-2026,Transfer,131.77,0.00,"96,115.77"
ID13501,03-Mar-2026,Payment,"1,155.06",0.00,"76,214.98"
ID13501,14-Mar-2026,Payment,0.00,"1,086.32","71,380.43"
ID13501,23-Mar-2026,Charge,0.00,594.23,"25,615.92"
ID13501,20-Mar-2026,Payment,0.00,"1,456.80","53,845.26"
ID13501,26-Jan-2026,Payment,828.09,0.00,"4,988.05"
ID13501,08-Jan-2026,Payment,107.62,0.00,"75,493.46"
ID13501,25-Mar-2026,Reversal,513.92,0.00,"32,533.65"
ID13501,10-Mar-2026,Payment,0.00,371.37,"25,421.31"
ID13501,31-Jan-2026,Direct Deposit,"2,507.82",0.00,"33,760.62"
ID13501,03-Jan-2026,ATM Withdrawal,0.00,601.19,"51,467.21"
ID13501,17-Jan-2026,Debit Card,0.00,646.18,"93,958.49"
ID13501,01-Mar-2026,Direct Deposit,"1,403.03",0.00,"34,803.16"
ID13501,23-Jan-2026,ATM Withdrawal,0.00,537.24,"57,072.05"
ID13501,22-Mar-2026,Transfer,"1,749.39",0.00,"4,808.03"
ID13502,03-Apr-2026,Charge,0.00,171.45,"15,211.90"
ID13502,29-Jan-2026,Charge,0.00,870.95,"33,896.29"
ID13502,22-Mar-2026,ATM Withdrawal,0.00,912.49,"16,537.30"
ID13502,25-Jan-2026,Direct Deposit,576.44,0.00,"75,611.14"
ID13502,13-Jan-2026,Charge,0.00,412.56,"37,540.16"
ID13502,09-Feb-2026,Reversal,814.60,0.00,"10,564.14"
ID13502,22-Jan-2026,ATM Withdrawal,0.00,210.83,"42,212.26"
ID13502,28-Jan-2026,Debit Card,0.00,326.41,"7,016.28"
ID13502,01-Feb-2026,ATM Withdrawal,0.00,122.63,"52,993.46"
ID13502,27-Feb-2026,Payment,334.97,0.00,"54,621.92"
ID13502,31-Mar-2026,Transfer,0.00,294.28,"50,568.50"
ID13502,17-Jan-2026,Interest,253.54,0.00,"94,857.42"
ID13502,21-Mar-2026,Interest,149.67,0.00,"78,626.05"
ID13502,01-Apr-2026,Direct Deposit,"3,202.32",0.00,"79,600.02"
ID13502,02-Apr-2026,Transfer,"1,854.26",0.00,"65,650.11"
ID13502,20-Jan-2026,Interest,189.45,0.00,"46,095.10"
ID13502,13-Jan-2026,Direct Deposit,"4,207.10",0.00,"75,308.25"
ID13502,11-Mar-2026,Payment,0.00,"1,031.56","66,764.40"
ID13502,15-Jan-2026,Direct Deposit,"3,983.72",0.00,"19,784.40"
ID13502,21-Jan-2026,Direct Deposit,"2,248.79",0.00,"56,671.26"
ID13503,06-Feb-2026,Charge,0.00,718.04,"42,284.82"
ID13503,02-Apr-2026,Interest,295.55,0.00,"11,313.51"
ID13503,02-Apr-2026,Charge,0.00,648.39,"63,416.60"
ID13503,09-Mar-2026,ATM Withdrawal,0.00,883.09,"84,325.13"
ID13503,24-Mar-2026,Payment,0.00,319.52,"54,837.32"
ID13503,30-Jan-2026,Transfer,0.00,"1,331.12","23,349.66"
ID13503,29-Jan-2026,Payment,0.00,"1,247.73","39,688.21"
ID13503,06-Jan-2026,Charge,0.00,629.96,"36,950.10"
ID13503,01-Apr-2026,Direct Deposit,"4,132.47",0.00,"15,829.13"
ID13503,24-Mar-2026,Payment,0.00,183.92,"71,770.66"
ID13503,02-Apr-2026,Charge,0.00,974.94,"2,503.73"
ID13503,24-Jan-2026,Payment,0.00,814.93,"36,683.17"
ID13503,10-Mar-2026,Interest,364.65,0.00,"1,072.12"
ID13503,06-Jan-2026,Direct Deposit,"2,539.21",0.00,"19,961.93"
ID13503,20-Jan-2026,Transfer,569.76,0.00,"87,816.89"
ID13503,07-Feb-2026,ATM Withdrawal,0.00,299.56,"96,920.57"
ID13503,28-Jan-2026,Reversal,0.00,459.00,"26,375.32"
ID13503,13-Mar-2026,Reversal,895.26,0.00,"69,578.72"
ID13503,14-Mar-2026,Direct Deposit,"4,109.78",0.00,"59,786.55"
ID13503,26-Jan-2026,ATM Withdrawal,0.00,730.08,"27,836.46"
ID13504,13-Mar-2026,Transfer,0.00,68.75,"43,733.53"
ID13504,08-Feb-2026,Direct Deposit,"2,919.64",0.00,"21,618.14"
ID13504,16-Jan-2026,Payment,0.00,493.89,"75,130.62"
ID13504,21-Jan-2026,Transfer,0.00,481.69,"34,463.38"
ID13504,05-Mar-2026,ATM Withdrawal,0.00,192.94,"8,126.13"
ID13504,13-Mar-2026,Reversal,0.00,"1,083.43","57,016.09"
ID13504,09-Feb-2026,ATM Withdrawal,0.00,662.67,"33,966.98"
ID13504,25-Mar-2026,ATM Withdrawal,0.00,702.71,"7,763.24"
ID13504,18-Mar-2026,Debit Card,0.00,514.21,"69,042.49"
ID13504,01-Feb-2026,ATM Withdrawal,0.00,721.39,"5,126.28"
ID13504,05-Feb-2026,Debit Card,0.00,195.87,"61,922.60"
ID13504,26-Jan-2026,Interest,196.76,0.00,"5,835.16"
ID13504,27-Feb-2026,Transfer,738.38,0.00,"57,081.10"
ID13504,18-Feb-2026,Transfer,0.00,322.54,"79,254.96"
ID13504,02-Apr-2026,Interest,351.32,0.00,"46,854.55"
ID13504,16-Mar-2026,Payment,868.55,0.00,"90,629.10"
ID13504,06-Jan-2026,Direct Deposit,"1,991.63",0.00,"85,770.14"
ID13504,07-Jan-2026,Interest,59.33,0.00,"82,734.60"
ID13504,10-Mar-2026,ATM Withdrawal,0.00,407.32,"45,057.67"
ID13504,27-Jan-2026,Debit Card,0.00,710.25,"27,618.64"
ID13505,16-Mar-2026,Payment,"1,555.27",0.00,"51,521.21"
ID13505,12-Jan-2026,ATM Withdrawal,0.00,739.02,"76,132.06"
ID13505,18-Mar-2026,Payment,"1,688.33",0.00,"88,350.47"
ID13505,15-Feb-2026,Interest,100.87,0.00,"48,625.37"
ID13505,01-Apr-2026,Transfer,0.00,801.69,"92,613.26"
ID13505,25-Feb-2026,ATM Withdrawal,0.00,972.57,"71,596.14"
ID13505,18-Feb-2026,Debit Card,0.00,488.42,"34,796.51"
ID13505,16-Feb-2026,Transfer,514.62,0.00,"65,711.58"
ID13505,03-Mar-2026,Payment,602.11,0.00,"35,958.42"
ID13505,11-Feb-2026,ATM Withdrawal,0.00,22.98,"85,762.94"
ID13505,06-Mar-2026,Direct Deposit,"3,702.36",0.00,"46,912.74"
ID13505,22-Jan-2026,Debit Card,0.00,631.91,"14,244.74"
ID13505,21-Mar-2026,Reversal,"1,504.21",0.00,"90,414.79"
ID13505,21-Mar-2026,Charge,0.00,201.15,"82,290.58"
ID13505,23-Jan-2026,Debit Card,0.00,606.89,"91,625.86"
ID13505,27-Feb-2026,ATM Withdrawal,0.00,842.61,"88,344.17"
ID13505,28-Feb-2026,ATM Withdrawal,0.00,479.75,"60,490.45"
ID13505,07-Feb-2026,Transfer,0.00,489.50,"53,146.34"
ID13505,11-Mar-2026,Debit Card,0.00,360.84,"79,834.16"
ID13505,11-Jan-2026,Payment,"1,806.64",0.00,"33,757.54"
ID13506,24-Mar-2026,Reversal,0.00,"1,407.80","3,735.00"
ID13506,28-Jan-2026,Charge,0.00,413.38,"75,036.65"
ID13506,02-Mar-2026,Debit Card,0.00,158.00,"51,043.66"
ID13506,01-Apr-2026,Reversal,357.44,0.00,"80,915.42"
ID13506,13-Jan-2026,Transfer,"1,153.94",0.00,"33,003.46"
ID13506,25-Jan-2026,Direct Deposit,"3,511.33",0.00,"68,259.97"
ID13506,20-Mar-2026,ATM Withdrawal,0.00,27.63,"35,869.23"
ID13506,08-Jan-2026,Direct Deposit,"3,168.13",0.00,"75,855.20"
ID13506,03-Apr-2026,ATM Withdrawal,0.00,44.29,"3,250.03"
ID13506,19-Feb-2026,Transfer,0.00,161.81,"30,124.04"
ID13506,11-Feb-2026,ATM Withdrawal,0.00,500.02,"90,103.05"
ID13506,02-Apr-2026,ATM Withdrawal,0.00,861.71,"62,993.62"
ID13506,04-Jan-2026,Debit Card,0.00,531.13,"86,891.05"
ID13506,29-Jan-2026,Direct Deposit,"2,949.87",0.00,"65,558.34"
ID13506,06-Feb-2026,Charge,0.00,829.65,"25,460.05"
ID13506,12-Jan-2026,Transfer,359.62,0.00,"68,258.14"
ID13506,22-Feb-2026,Debit Card,0.00,575.43,"47,391.74"
ID13506,01-Feb-2026,Direct Deposit,"3,535.43",0.00,"26,221.56"
ID13506,30-Jan-2026,Reversal,787.00,0.00,"89,343.76"
ID13506,09-Jan-2026,Payment,"1,632.27",0.00,"55,255.20"
ID13507,17-Jan-2026,Charge,0.00,623.75,"95,053.24"
ID13507,05-Mar-2026,Charge,0.00,45.91,"78,408.25"
ID13507,22-Jan-2026,Reversal,"1,406.80",0.00,"94,220.37"
ID13507,20-Mar-2026,Interest,305.74,0.00,"44,466.69"
ID13507,04-Jan-2026,Reversal,0.00,492.66,"2,271.72"
ID13507,09-Jan-2026,Payment,"1,464.25",0.00,"53,472.71"
ID13507,29-Mar-2026,Reversal,"1,052.59",0.00,"88,030.63"
ID13507,22-Mar-2026,Reversal,833.94,0.00,"90,245.43"
ID13507,05-Feb-2026,Interest,86.06,0.00,"15,091.47"
ID13507,04-Mar-2026,Direct Deposit,"4,233.60",0.00,"89,707.00"
ID13507,26-Jan-2026,Transfer,"1,042.62",0.00,"16,792.53"
ID13507,20-Jan-2026,Debit Card,0.00,366.17,"47,933.09"
ID13507,29-Mar-2026,Payment,0.00,275.55,"25,224.16"
ID13507,31-Mar-2026,Debit Card,0.00,890.15,"8,840.70"
ID13507,13-Feb-2026,Transfer,"1,437.48",0.00,"15,489.21"
ID13507,01-Mar-2026,Transfer,0.00,137.90,"99,676.76"
ID13507,22-Feb-2026,Charge,0.00,943.74,"63,103.32"
ID13507,14-Feb-2026,Interest,169.87,0.00,"52,784.29"
ID13507,11-Feb-2026,Direct Deposit,"1,976.53",0.00,"76,175.38"
ID13507,03-Jan-2026,Payment,0.00,480.31,"81,768.73"
ID13508,31-Mar-2026,ATM Withdrawal,0.00,350.64,"34,970.59"
ID13508,12-Feb-2026,ATM Withdrawal,0.00,182.65,"2,084.62"
ID13508,03-Feb-2026,ATM Withdrawal,0.00,343.91,"83,160.97"
ID13508,17-Mar-2026,ATM Withdrawal,0.00,133.99,"74,323.36"
ID13508,10-Jan-2026,Reversal,0.00,224.57,"7,101.34"
ID13508,29-Jan-2026,Payment,703.63,0.00,"4,997.48"
ID13508,08-Jan-2026,Reversal,0.00,451.13,"56,079.05"
ID13508,14-Feb-2026,ATM Withdrawal,0.00,789.16,"71,856.42"
ID13508,22-Feb-2026,Interest,441.92,0.00,"73,885.22"
ID13508,05-Mar-2026,Reversal,"1,514.44",0.00,"69,564.95"
ID13508,02-Apr-2026,Direct Deposit,"1,597.69",0.00,"38,631.25"
ID13508,22-Feb-2026,Charge,0.00,579.40,"92,628.61"
ID13508,06-Feb-2026,Charge,0.00,221.91,"20,371.58"
ID13508,01-Mar-2026,Transfer,"1,477.04",0.00,"62,083.26"
ID13508,08-Feb-2026,Payment,0.00,"1,487.58","19,479.28"
ID13508,06-Feb-2026,Charge,0.00,283.00,"75,909.69"
ID13508,14-Mar-2026,Payment,0.00,"1,068.39","63,132.82"
ID13508,17-Mar-2026,ATM Withdrawal,0.00,182.13,"20,116.97"
ID13508,21-Mar-2026,Reversal,"1,867.90",0.00,"18,501.41"
ID13508,01-Feb-2026,Interest,172.63,0.00,"10,160.05"
ID13509,04-Mar-2026,Transfer,920.43,0.00,"80,244.47"
ID13509,26-Jan-2026,Charge,0.00,36.50,"12,342.96"
ID13509,28-Mar-2026,Debit Card,0.00,913.73,"4,266.62"
ID13509,19-Feb-2026,Transfer,0.00,910.46,"72,019.41"
ID13509,24-Mar-2026,Debit Card,0.00,813.75,"9,515.44"
ID13509,18-Mar-2026,Direct Deposit,"4,253.18",0.00,"63,055.94"
ID13509,25-Jan-2026,Interest,487.66,0.00,"19,073.65"
ID13509,05-Feb-2026,Interest,238.92,0.00,"31,327.98"
ID13509,15-Mar-2026,Payment,0.00,"1,245.48","90,241.21"
ID13509,22-Jan-2026,Charge,0.00,461.71,"41,697.79"
ID13509,26-Mar-2026,Transfer,"1,706.42",0.00,"78,205.01"
ID13509,15-Feb-2026,Transfer,0.00,483.81,"44,106.25"
ID13509,12-Feb-2026,ATM Withdrawal,0.00,916.01,"33,205.89"
ID13509,31-Jan-2026,Charge,0.00,124.66,"82,671.11"
ID13509,12-Feb-2026,Transfer,0.00,672.86,"43,106.82"
ID13509,11-Feb-2026,Direct Deposit,"3,842.11",0.00,"69,804.57"
ID13509,10-Mar-2026,ATM Withdrawal,0.00,407.32,"77,097.65"
ID13509,29-Mar-2026,ATM Withdrawal,0.00,668.03,"67,573.60"
ID13509,15-Jan-2026,Interest,240.38,0.00,"85,024.23"
ID13509,01-Mar-2026,Direct Deposit,"1,221.92",0.00,"41,765.94"
ID13510,31-Mar-2026,Interest,15.65,0.00,"21,196.38"
ID13510,20-Mar-2026,ATM Withdrawal,0.00,151.68,"54,793.13"
ID13510,16-Mar-2026,Reversal,0.00,"1,200.39","81,821.60"
ID13510,19-Mar-2026,Interest,410.87,0.00,"73,218.42"
ID13510,11-Mar-2026,Charge,0.00,856.11,"22,551.95"
ID13510,27-Feb-2026,Reversal,0.00,940.57,"76,339.14"
ID13510,10-Mar-2026,Direct Deposit,"4,824.42",0.00,"8,880.39"
ID13510,21-Mar-2026,Debit Card,0.00,862.36,"30,152.74"
ID13510,01-Mar-2026,Direct Deposit,"4,148.13",0.00,"56,952.71"
ID13510,13-Feb-2026,Charge,0.00,68.61,"91,512.98"
ID13510,20-Jan-2026,Payment,0.00,499.61,"4,884.77"
ID13510,29-Jan-2026,Payment,575.31,0.00,"15,161.13"
ID13510,03-Apr-2026,Interest,403.36,0.00,"96,049.21"
ID13510,05-Mar-2026,Direct Deposit,"3,728.44",0.00,"1,974.87"
ID13510,20-Feb-2026,Charge,0.00,975.85,"43,353.35"
ID13510,06-Jan-2026,Reversal,"1,251.87",0.00,"79,078.42"
ID13510,23-Mar-2026,Reversal,0.00,390.53,"82,543.33"
ID13510,11-Mar-2026,Charge,0.00,739.22,"42,335.57"
ID13510,03-Feb-2026,Transfer,589.45,0.00,"25,202.67"
ID13510,09-Mar-2026,Payment,"1,973.53",0.00,"53,010.50"
ID13511,17-Feb-2026,Payment,0.00,"1,170.91","46,069.96"
ID13511,20-Jan-2026,Debit Card,0.00,977.81,"1,293.02"
ID13511,03-Apr-2026,Reversal,0.00,"1,297.03","34,536.81"
ID13511,12-Feb-2026,Reversal,"1,591.73",0.00,"25,853.94"
ID13511,01-Feb-2026,Reversal,807.46,0.00,"43,839.44"
ID13511,26-Mar-2026,Direct Deposit,"2,940.77",0.00,"37,480.15"
ID13511,13-Mar-2026,Transfer,0.00,173.17,"93,221.96"
ID13511,23-Feb-2026,Direct Deposit,"2,371.09",0.00,"18,056.95"
ID13511,12-Mar-2026,Interest,277.74,0.00,"19,864.37"
ID13511,04-Mar-2026,ATM Withdrawal,0.00,839.49,"3,420.25"
ID13511,22-Jan-2026,Reversal,"1,397.12",0.00,"21,352.10"
ID13511,24-Feb-2026,ATM Withdrawal,0.00,215.62,"1,598.15"
ID13511,02-Apr-2026,Transfer,"1,020.64",0.00,"76,367.89"
ID13511,23-Mar-2026,Reversal,382.60,0.00,"66,815.06"
ID13511,03-Mar-2026,Direct Deposit,"3,722.70",0.00,"16,204.53"
ID13511,03-Feb-2026,Direct Deposit,"1,415.65",0.00,"89,577.85"
ID13511,06-Jan-2026,Reversal,0.00,857.87,"50,163.30"
ID13511,07-Jan-2026,Direct Deposit,"3,265.76",0.00,"22,475.35"
ID13511,11-Jan-2026,Direct Deposit,"3,515.20",0.00,"70,264.26"
ID13511,17-Jan-2026,Charge,0.00,43.32,"1,019.51"
ID13512,12-Feb-2026,Transfer,"1,762.93",0.00,"90,857.86"
ID13512,10-Mar-2026,Transfer,0.00,"1,000.33","87,497.76"
ID13512,25-Mar-2026,Interest,309.31,0.00,"18,568.81"
ID13512,17-Mar-2026,Interest,223.86,0.00,"98,996.93"
ID13512,21-Mar-2026,Direct Deposit,"2,106.99",0.00,"38,813.29"
ID13512,04-Feb-2026,Interest,329.92,0.00,"98,717.25"
ID13512,17-Feb-2026,ATM Withdrawal,0.00,575.83,"79,246.83"
ID13512,21-Jan-2026,Payment,"1,831.03",0.00,"45,680.68"
ID13512,22-Jan-2026,Reversal,0.00,"1,148.20","33,795.55"
ID13512,23-Jan-2026,Reversal,0.00,767.95,"91,919.81"
ID13512,19-Mar-2026,Direct Deposit,"2,728.18",0.00,"79,271.57"
ID13512,19-Mar-2026,Direct Deposit,"1,996.59",0.00,"5,397.81"
ID13512,12-Feb-2026,Transfer,0.00,346.93,"16,302.48"
ID13512,15-Feb-2026,Reversal,"1,325.66",0.00,"75,667.90"
ID13512,12-Mar-2026,ATM Withdrawal,0.00,367.03,"1,164.98"
ID13512,15-Mar-2026,Interest,192.68,0.00,"4,217.80"
ID13512,01-Feb-2026,ATM Withdrawal,0.00,643.75,"89,883.06"
ID13512,25-Feb-2026,ATM Withdrawal,0.00,33.26,"45,042.60"
ID13512,26-Feb-2026,Payment,0.00,"1,217.30","62,915.07"
ID13512,03-Mar-2026,Debit Card,0.00,711.09,"35,703.61"
ID13513,25-Mar-2026,Charge,0.00,783.86,"10,081.65"
ID13513,24-Jan-2026,Interest,64.24,0.00,"12,441.04"
ID13513,12-Mar-2026,ATM Withdrawal,0.00,167.16,"96,094.36"
ID13513,14-Feb-2026,Payment,882.50,0.00,"4,383.47"
ID13513,20-Mar-2026,Transfer,0.00,241.98,"64,946.49"
ID13513,25-Jan-2026,ATM Withdrawal,0.00,255.24,"89,694.01"
ID13513,25-Mar-2026,ATM Withdrawal,0.00,353.73,"39,439.20"
ID13513,02-Apr-2026,Direct Deposit,"4,847.63",0.00,"87,997.43"
ID13513,06-Jan-2026,Direct Deposit,"4,283.03",0.00,"66,731.75"
ID13513,15-Jan-2026,Payment,0.00,"1,213.36","42,038.47"
ID13513,28-Feb-2026,Charge,0.00,546.21,"88,038.29"
ID13513,16-Jan-2026,Reversal,0.00,702.44,"55,615.92"
ID13513,21-Feb-2026,Debit Card,0.00,455.82,"20,130.52"
ID13513,28-Jan-2026,Reversal,0.00,340.11,"67,029.83"
ID13513,05-Mar-2026,Direct Deposit,"3,752.74",0.00,"95,974.50"
ID13513,20-Mar-2026,ATM Withdrawal,0.00,284.89,"7,697.52"
ID13513,05-Feb-2026,Payment,215.71,0.00,"45,793.81"
ID13513,26-Feb-2026,Interest,495.99,0.00,"81,157.06"
ID13513,27-Feb-2026,Charge,0.00,336.28,"82,690.48"
ID13513,03-Jan-2026,Direct Deposit,"2,721.91",0.00,"62,207.74"
ID13514,20-Mar-2026,Reversal,964.24,0.00,"5,756.05"
ID13514,29-Jan-2026,Reversal,0.00,704.17,"27,225.26"
ID13514,08-Mar-2026,Transfer,0.00,705.20,"71,710.27"
ID13514,02-Apr-2026,Direct Deposit,"2,435.47",0.00,"73,887.91"
ID13514,06-Mar-2026,Reversal,645.77,0.00,"94,551.25"
ID13514,20-Feb-2026,Charge,0.00,266.81,"60,609.10"
ID13514,19-Mar-2026,Payment,0.00,690.50,"45,838.08"
ID13514,01-Mar-2026,ATM Withdrawal,0.00,340.92,"88,808.27"
ID13514,03-Feb-2026,Interest,289.88,0.00,"47,799.91"
ID13514,18-Jan-2026,Interest,484.67,0.00,"67,434.58"
ID13514,26-Mar-2026,Payment,0.00,"1,421.04","11,212.40"
ID13514,18-Feb-2026,Reversal,0.00,161.30,"16,723.64"
ID13514,13-Jan-2026,Charge,0.00,339.34,"10,181.19"
ID13514,01-Feb-2026,ATM Withdrawal,0.00,812.51,"27,439.93"
ID13514,11-Jan-2026,Transfer,"1,642.73",0.00,"31,652.45"
ID13514,02-Mar-2026,Direct Deposit,"1,300.05",0.00,"67,675.71"
ID13514,09-Mar-2026,Charge,0.00,980.30,"59,717.10"
ID13514,16-Jan-2026,Debit Card,0.00,81.76,"49,347.62"
ID13514,09-Jan-2026,Debit Card,0.00,390.68,"22,822.88"
ID13514,25-Feb-2026,Transfer,0.00,939.33,"98,470.77"
ID13515,19-Jan-2026,Reversal,0.00,944.18,"24,654.43"
ID13515,03-Apr-2026,Reversal,250.42,0.00,"15,147.72"
ID13515,04-Jan-2026,ATM Withdrawal,0.00,653.63,"63,418.26"
ID13515,01-Mar-2026,Transfer,867.45,0.00,"15,674.87"
ID13515,21-Jan-2026,Direct Deposit,"3,035.06",0.00,"18,749.80"
ID13515,19-Mar-2026,Reversal,"1,850.81",0.00,"64,930.04"
ID13515,03-Feb-2026,Reversal,0.00,938.91,"52,163.43"
ID13515,25-Feb-2026,Interest,296.43,0.00,"75,994.96"
ID13515,22-Mar-2026,Direct Deposit,643.55,0.00,"80,760.86"
ID13515,31-Jan-2026,Payment,499.80,0.00,"23,720.89"
ID13515,10-Jan-2026,Direct Deposit,"2,434.47",0.00,"74,819.92"
ID13515,13-Mar-2026,ATM Withdrawal,0.00,550.79,"88,725.14"
ID13515,17-Mar-2026,Direct Deposit,"3,272.02",0.00,"25,410.45"
ID13515,02-Apr-2026,Charge,0.00,997.30,"48,482.18"
ID13515,22-Mar-2026,Interest,434.09,0.00,"85,082.86"
ID13515,23-Feb-2026,Charge,0.00,748.92,"52,817.61"
ID13515,07-Mar-2026,Interest,489.89,0.00,"45,381.38"
ID13515,02-Feb-2026,Payment,0.00,"1,280.23","24,444.56"
ID13515,05-Feb-2026,Payment,0.00,507.68,"89,487.76"
ID13515,20-Feb-2026,ATM Withdrawal,0.00,895.82,"58,964.81"
ID13516,17-Feb-2026,Reversal,0.00,149.76,"84,002.31"
ID13516,07-Feb-2026,ATM Withdrawal,0.00,461.59,"67,222.32"
ID13516,14-Feb-2026,Reversal,0.00,115.74,"92,599.95"
ID13516,21-Mar-2026,Direct Deposit,"3,101.84",0.00,"48,533.75"
ID13516,05-Jan-2026,Reversal,0.00,499.77,"49,841.67"
ID13516,28-Jan-2026,Direct Deposit,650.72,0.00,"84,799.23"
ID13516,21-Mar-2026,Transfer,"1,228.38",0.00,"64,483.70"
ID13516,20-Feb-2026,Interest,63.95,0.00,"35,599.16"
ID13516,24-Feb-2026,ATM Withdrawal,0.00,272.39,"3,558.74"
ID13516,18-Mar-2026,Interest,187.24,0.00,"49,694.66"
ID13516,08-Jan-2026,Transfer,0.00,882.65,"94,175.16"
ID13516,07-Jan-2026,Interest,400.83,0.00,"68,444.51"
ID13516,14-Mar-2026,ATM Withdrawal,0.00,609.04,"7,805.50"
ID13516,23-Feb-2026,ATM Withdrawal,0.00,968.83,"32,225.44"
ID13516,26-Mar-2026,Debit Card,0.00,112.49,"51,756.16"
ID13516,05-Feb-2026,Reversal,"1,114.40",0.00,"78,101.54"
ID13516,15-Mar-2026,Payment,844.04,0.00,"2,948.62"
ID13516,08-Jan-2026,Debit Card,0.00,135.79,"66,829.66"
ID13516,02-Apr-2026,ATM Withdrawal,0.00,890.04,"97,284.63"
ID13516,29-Mar-2026,ATM Withdrawal,0.00,492.97,"85,005.08"
ID13517,02-Apr-2026,Reversal,0.00,248.68,"39,862.05"
ID13517,22-Feb-2026,Charge,0.00,386.86,"48,977.69"
ID13517,21-Feb-2026,Reversal,452.81,0.00,"49,842.98"
ID13517,16-Jan-2026,Debit Card,0.00,383.06,"16,510.95"
ID13517,18-Feb-2026,Transfer,"1,805.08",0.00,"88,131.66"
ID13517,18-Mar-2026,Reversal,629.99,0.00,"5,134.65"
ID13517,22-Feb-2026,Payment,572.90,0.00,"22,911.62"
ID13517,30-Jan-2026,Interest,441.11,0.00,"66,347.29"
ID13517,08-Jan-2026,Interest,369.36,0.00,"55,605.66"
ID13517,17-Jan-2026,ATM Withdrawal,0.00,100.66,"6,546.27"
ID13517,13-Feb-2026,Debit Card,0.00,960.11,"67,294.87"
ID13517,16-Jan-2026,Interest,96.87,0.00,"93,026.66"
ID13517,20-Mar-2026,Transfer,0.00,"1,333.73","90,052.50"
ID13517,03-Apr-2026,Charge,0.00,522.83,"13,334.55"
ID13517,25-Feb-2026,Charge,0.00,27.22,"63,259.20"
ID13517,21-Jan-2026,Payment,828.04,0.00,"94,253.74"
ID13517,23-Mar-2026,Direct Deposit,"3,363.12",0.00,"80,661.52"
ID13517,05-Feb-2026,Transfer,0.00,"1,188.72","64,310.25"
ID13517,24-Jan-2026,Transfer,"1,516.90",0.00,"13,623.90"
ID13517,15-Mar-2026,Debit Card,0.00,791.50,"18,895.81"
ID13518,26-Jan-2026,Debit Card,0.00,240.86,"81,887.35"
ID13518,19-Feb-2026,Interest,395.20,0.00,"89,137.20"
ID13518,06-Mar-2026,Interest,166.39,0.00,"44,059.56"
ID13518,01-Feb-2026,Debit Card,0.00,713.50,"68,457.93"
ID13518,29-Mar-2026,Payment,"1,773.22",0.00,"37,591.76"
ID13518,09-Mar-2026,ATM Withdrawal,0.00,825.71,"21,437.62"
ID13518,08-Jan-2026,ATM Withdrawal,0.00,514.98,"92,613.72"
ID13518,14-Jan-2026,Transfer,0.00,"1,176.79","54,263.42"
ID13518,17-Feb-2026,Payment,"1,721.67",0.00,"29,458.54"
ID13518,14-Mar-2026,Payment,0.00,"1,285.16","94,749.90"
ID13518,24-Mar-2026,Debit Card,0.00,926.99,"19,213.33"
ID13518,11-Mar-2026,Interest,280.78,0.00,"20,153.20"
ID13518,11-Feb-2026,Interest,367.69,0.00,"91,855.61"
ID13518,28-Feb-2026,Reversal,718.52,0.00,"73,295.43"
ID13518,04-Feb-2026,Payment,"1,888.79",0.00,"55,238.14"
ID13518,24-Mar-2026,Reversal,0.00,533.94,"31,094.94"
ID13518,10-Jan-2026,Payment,794.80,0.00,"94,221.05"
ID13518,22-Mar-2026,Charge,0.00,688.10,"40,576.32"
ID13518,09-Jan-2026,Direct Deposit,"2,306.19",0.00,"65,753.11"
ID13518,28-Feb-2026,Transfer,"1,433.08",0.00,"54,932.58"
ID13519,07-Feb-2026,Reversal,0.00,192.57,"54,665.73"
ID13519,13-Jan-2026,Transfer,0.00,246.96,"15,290.98"
ID13519,11-Jan-2026,Reversal,0.00,312.94,"23,090.86"
ID13519,04-Jan-2026,Direct Deposit,"4,261.98",0.00,"80,764.30"
ID13519,03-Mar-2026,Transfer,"1,668.94",0.00,"41,608.66"
ID13519,30-Jan-2026,Transfer,139.06,0.00,"71,764.09"
ID13519,18-Feb-2026,ATM Withdrawal,0.00,499.36,"14,850.34"
ID13519,19-Mar-2026,ATM Withdrawal,0.00,107.12,"95,596.60"
ID13519,11-Feb-2026,Transfer,453.62,0.00,"59,837.46"
ID13519,09-Jan-2026,Transfer,0.00,359.69,"63,976.70"
ID13519,02-Mar-2026,Charge,0.00,412.20,"95,473.17"
ID13519,07-Jan-2026,Reversal,"1,586.43",0.00,"95,260.26"
ID13519,11-Mar-2026,Payment,0.00,"1,238.30","97,189.97"
ID13519,22-Mar-2026,Reversal,0.00,987.38,"24,412.79"
ID13519,23-Mar-2026,Transfer,0.00,490.57,"26,345.98"
ID13519,22-Jan-2026,Reversal,369.86,0.00,"78,791.42"
ID13519,28-Jan-2026,ATM Withdrawal,0.00,15.02,"92,353.24"
ID13519,08-Mar-2026,Transfer,0.00,535.78,"18,259.16"
ID13519,09-Mar-2026,Direct Deposit,"2,903.87",0.00,"40,513.64"
ID13519,16-Mar-2026,Interest,383.24,0.00,"82,922.31"
ID13520,23-Feb-2026,Direct Deposit,"3,685.03",0.00,"33,046.20"
ID13520,15-Mar-2026,Charge,0.00,967.66,"61,899.22"
ID13520,25-Jan-2026,Reversal,0.00,"1,016.86","22,035.49"
ID13520,24-Mar-2026,Payment,0.00,"1,102.76","60,058.87"
ID13520,25-Mar-2026,Transfer,0.00,"1,076.71","71,793.33"
ID13520,12-Feb-2026,Interest,85.70,0.00,"97,484.04"
ID13520,24-Mar-2026,Charge,0.00,158.14,"16,637.38"
ID13520,24-Feb-2026,Direct Deposit,868.07,0.00,"18,546.50"
ID13520,09-Mar-2026,Charge,0.00,53.32,"16,383.11"
ID13520,01-Feb-2026,Transfer,0.00,706.55,"9,026.85"
ID13520,26-Mar-2026,Interest,370.70,0.00,"44,336.57"
ID13520,22-Feb-2026,Direct Deposit,"3,385.74",0.00,"41,403.92"
ID13520,26-Jan-2026,Interest,343.41,0.00,"2,702.89"
ID13520,01-Feb-2026,Reversal,739.43,0.00,"19,313.90"
ID13520,02-Apr-2026,ATM Withdrawal,0.00,155.55,"29,341.14"
ID13520,16-Mar-2026,Interest,426.33,0.00,"2,052.53"
ID13520,29-Mar-2026,Interest,282.97,0.00,"32,152.41"
ID13520,13-Feb-2026,Reversal,0.00,584.17,"68,295.70"
ID13520,05-Feb-2026,Charge,0.00,615.96,"61,131.71"
ID13520,09-Jan-2026,Transfer,0.00,"1,463.79","77,012.03"
ID13521,27-Mar-2026,Payment,"1,156.22",0.00,"62,455.70"
ID13521,23-Feb-2026,ATM Withdrawal,0.00,985.49,"4,323.43"
ID13521,05-Jan-2026,Transfer,"1,465.70",0.00,"37,636.38"
ID13521,25-Feb-2026,Reversal,299.76,0.00,"7,746.92"
ID13521,03-Jan-2026,Charge,0.00,578.60,"90,161.66"
ID13521,27-Feb-2026,Transfer,0.00,614.55,"28,775.53"
ID13521,28-Jan-2026,ATM Withdrawal,0.00,679.32,"29,405.97"
ID13521,27-Mar-2026,Charge,0.00,734.11,"12,561.40"
ID13521,02-Apr-2026,Transfer,792.95,0.00,"28,311.15"
ID13521,02-Feb-2026,Direct Deposit,"3,558.17",0.00,"17,321.64"
ID13521,17-Feb-2026,Reversal,0.00,"1,491.59","7,172.85"
ID13521,24-Mar-2026,Payment,0.00,780.27,"4,309.96"
ID13521,08-Feb-2026,Transfer,0.00,"1,000.40","27,085.00"
ID13521,24-Mar-2026,Charge,0.00,263.43,"27,708.60"
ID13521,14-Feb-2026,Payment,0.00,"1,451.67","21,498.91"
ID13521,06-Jan-2026,Direct Deposit,"2,951.34",0.00,"13,626.43"
ID13521,27-Jan-2026,Payment,0.00,"1,427.78","72,719.67"
ID13521,01-Mar-2026,ATM Withdrawal,0.00,475.83,"6,413.65"
ID13521,07-Mar-2026,Payment,0.00,121.20,"95,892.72"
ID13521,01-Feb-2026,Direct Deposit,"1,013.27",0.00,"21,988.42"
ID13522,02-Apr-2026,Payment,0.00,985.30,"3,573.74"
ID13522,21-Jan-2026,Charge,0.00,774.75,"52,217.97"
ID13522,22-Jan-2026,Debit Card,0.00,302.26,"97,658.44"
ID13522,17-Jan-2026,Reversal,"1,519.39",0.00,"94,276.35"
ID13522,07-Feb-2026,Interest,24.59,0.00,"36,746.75"
ID13522,24-Jan-2026,Debit Card,0.00,835.28,"59,427.19"
ID13522,07-Mar-2026,Reversal,0.00,224.28,"21,263.67"
ID13522,23-Feb-2026,Debit Card,0.00,399.96,"17,563.94"
ID13522,12-Feb-2026,Transfer,"1,509.76",0.00,"2,252.90"
ID13522,11-Feb-2026,ATM Withdrawal,0.00,516.88,"5,722.65"
ID13522,13-Mar-2026,Reversal,"1,444.35",0.00,"48,748.94"
ID13522,21-Feb-2026,Reversal,"1,641.86",0.00,"79,067.90"
ID13522,15-Mar-2026,Transfer,"1,447.74",0.00,"35,125.90"
ID13522,16-Mar-2026,Payment,0.00,822.86,"88,846.79"
ID13522,09-Jan-2026,ATM Withdrawal,0.00,999.03,"11,890.60"
ID13522,17-Feb-2026,Interest,107.66,0.00,"58,515.52"
ID13522,04-Jan-2026,Transfer,0.00,553.76,"45,582.59"
ID13522,02-Mar-2026,Debit Card,0.00,941.85,"1,427.83"
ID13522,01-Apr-2026,Reversal,"1,380.05",0.00,"11,057.85"
ID13522,12-Mar-2026,Charge,0.00,947.08,"5,147.59"
ID13523,12-Mar-2026,Reversal,825.67,0.00,"93,593.12"
ID13523,06-Mar-2026,Reversal,873.58,0.00,"51,961.33"
ID13523,02-Mar-2026,Payment,0.00,439.75,"44,030.26"
ID13523,05-Feb-2026,Interest,36.31,0.00,"37,048.61"
ID13523,18-Jan-2026,Charge,0.00,86.55,"38,117.63"
ID13523,17-Mar-2026,Reversal,"1,793.15",0.00,"46,876.50"
ID13523,12-Jan-2026,Transfer,0.00,137.27,"46,102.97"
ID13523,10-Mar-2026,Direct Deposit,"1,413.91",0.00,"62,503.49"
ID13523,18-Feb-2026,Charge,0.00,642.09,"61,887.84"
ID13523,27-Mar-2026,Charge,0.00,624.04,"44,215.61"
ID13523,10-Mar-2026,Direct Deposit,"1,399.52",0.00,"98,857.83"
ID13523,12-Mar-2026,Payment,0.00,315.63,"6,288.46"
ID13523,03-Mar-2026,Interest,476.65,0.00,"70,862.08"
ID13523,10-Jan-2026,Charge,0.00,646.33,"80,921.08"
ID13523,01-Feb-2026,Charge,0.00,393.52,"14,164.98"
ID13523,15-Jan-2026,ATM Withdrawal,0.00,240.69,"7,269.60"
ID13523,16-Feb-2026,Payment,352.28,0.00,"84,304.19"
ID13523,07-Feb-2026,Payment,0.00,55.13,"2,268.20"
ID13523,19-Mar-2026,ATM Withdrawal,0.00,110.49,"42,116.03"
ID13523,17-Mar-2026,ATM Withdrawal,0.00,818.65,"97,178.22"
ID13524,24-Mar-2026,ATM Withdrawal,0.00,633.98,"96,317.69"
ID13524,16-Mar-2026,Reversal,797.14,0.00,"37,692.75"
ID13524,11-Feb-2026,Interest,325.56,0.00,"44,837.43"
ID13524,30-Jan-2026,Charge,0.00,166.40,"83,516.34"
ID13524,10-Mar-2026,ATM Withdrawal,0.00,149.96,"63,271.13"
ID13524,30-Jan-2026,Interest,294.46,0.00,"92,612.49"
ID13524,23-Jan-2026,Transfer,727.09,0.00,"40,309.39"
ID13524,23-Feb-2026,Payment,855.10,0.00,"92,162.59"
ID13524,18-Mar-2026,Interest,209.70,0.00,"90,346.73"
ID13524,20-Mar-2026,Payment,207.02,0.00,"22,531.93"
ID13524,15-Feb-2026,Charge,0.00,996.27,"99,163.39"
ID13524,13-Feb-2026,ATM Withdrawal,0.00,733.99,"10,261.09"
ID13524,09-Jan-2026,Interest,496.37,0.00,"62,148.22"
ID13524,23-Jan-2026,Charge,0.00,649.28,"63,419.08"
ID13524,17-Jan-2026,Charge,0.00,64.85,"16,809.55"
ID13524,29-Mar-2026,Payment,"1,411.14",0.00,"67,583.11"
ID13524,05-Jan-2026,Payment,"1,447.30",0.00,"64,798.95"
ID13524,03-Apr-2026,Reversal,0.00,"1,417.56","74,302.90"
ID13524,11-Feb-2026,Reversal,"1,977.01",0.00,"48,376.48"
ID13524,01-Mar-2026,Reversal,"1,235.33",0.00,"98,032.07"
ID13525,03-Mar-2026,Reversal,0.00,"1,128.82","43,751.04"
ID13525,27-Jan-2026,Direct Deposit,"1,806.51",0.00,"46,840.55"
ID13525,13-Feb-2026,Interest,65.63,0.00,"77,229.19"
ID13525,09-Mar-2026,Interest,316.09,0.00,"38,336.19"
ID13525,15-Jan-2026,Debit Card,0.00,804.08,"1,678.35"
ID13525,10-Feb-2026,Transfer,"1,154.69",0.00,"7,657.36"
ID13525,09-Mar-2026,Reversal,731.27,0.00,"46,810.83"
ID13525,22-Jan-2026,ATM Withdrawal,0.00,461.70,"69,299.13"
ID13525,29-Jan-2026,Reversal,961.28,0.00,"10,907.85"
ID13525,10-Feb-2026,ATM Withdrawal,0.00,195.83,"49,963.63"
ID13525,15-Mar-2026,Charge,0.00,966.36,"45,639.11"
ID13525,07-Mar-2026,Charge,0.00,804.75,"3,386.93"
ID13525,13-Jan-2026,Debit Card,0.00,762.36,"37,031.14"
ID13525,22-Jan-2026,Transfer,"1,068.68",0.00,"87,167.30"
ID13525,25-Mar-2026,Payment,0.00,475.12,"19,475.85"
ID13525,20-Jan-2026,Charge,0.00,844.44,"71,537.65"
ID13525,15-Jan-2026,Direct Deposit,"2,314.74",0.00,"3,081.25"
ID13525,20-Mar-2026,Debit Card,0.00,554.84,"37,245.40"
ID13525,09-Jan-2026,ATM Withdrawal,0.00,628.03,"18,229.58"
ID13525,23-Feb-2026,Transfer,0.00,421.11,"96,196.91"
ID13526,28-Mar-2026,ATM Withdrawal,0.00,512.12,"70,901.24"
ID13526,26-Jan-2026,Debit Card,0.00,329.97,"22,901.07"
ID13526,04-Jan-2026,Debit Card,0.00,476.02,"93,601.68"
ID13526,08-Mar-2026,Reversal,0.00,828.61,"7,818.18"
ID13526,05-Jan-2026,Debit Card,0.00,440.48,"39,538.67"
ID13526,17-Feb-2026,Reversal,"1,124.32",0.00,"25,525.09"
ID13526,18-Mar-2026,Direct Deposit,"2,390.18",0.00,"16,596.97"
ID13526,04-Mar-2026,Reversal,"1,784.71",0.00,"52,402.24"
ID13526,11-Jan-2026,Charge,0.00,345.08,"31,302.00"
ID13526,24-Feb-2026,Interest,354.31,0.00,"35,574.19"
ID13526,23-Feb-2026,ATM Withdrawal,0.00,341.46,"1,822.82"
ID13526,13-Feb-2026,Debit Card,0.00,198.87,"63,075.63"
ID13526,23-Jan-2026,Direct Deposit,"1,047.72",0.00,"7,213.81"
ID13526,14-Mar-2026,Interest,386.99,0.00,"2,228.78"
ID13526,02-Feb-2026,Debit Card,0.00,976.10,"10,876.61"
ID13526,31-Jan-2026,Charge,0.00,226.37,"43,599.70"
ID13526,19-Feb-2026,Charge,0.00,783.57,"85,378.23"
ID13526,08-Jan-2026,Debit Card,0.00,925.44,"21,814.37"
ID13526,17-Mar-2026,ATM Withdrawal,0.00,863.28,"76,777.62"
ID13526,17-Jan-2026,ATM Withdrawal,0.00,227.79,"67,449.78"
ID13527,29-Jan-2026,ATM Withdrawal,0.00,976.29,"44,117.63"
ID13527,27-Jan-2026,Charge,0.00,883.83,"48,713.04"
ID13527,28-Mar-2026,ATM Withdrawal,0.00,840.43,"4,573.94"
ID13527,01-Feb-2026,Charge,0.00,667.51,"31,026.15"
ID13527,31-Mar-2026,Debit Card,0.00,553.77,"1,468.78"
ID13527,30-Jan-2026,Debit Card,0.00,58.76,"85,169.23"
ID13527,27-Feb-2026,Direct Deposit,"4,792.88",0.00,"74,262.99"
ID13527,14-Mar-2026,Payment,0.00,923.15,"25,555.81"
ID13527,12-Jan-2026,Interest,257.98,0.00,"96,939.57"
ID13527,22-Jan-2026,Reversal,0.00,311.80,"48,688.30"
ID13527,17-Feb-2026,Payment,399.77,0.00,"40,570.68"
ID13527,07-Feb-2026,Charge,0.00,213.78,"7,373.21"
ID13527,10-Mar-2026,ATM Withdrawal,0.00,999.66,"53,729.90"
ID13527,11-Feb-2026,ATM Withdrawal,0.00,898.60,"27,479.59"
ID13527,24-Jan-2026,Direct Deposit,"4,145.76",0.00,"3,107.15"
ID13527,10-Jan-2026,ATM Withdrawal,0.00,762.40,"8,884.88"
ID13527,18-Jan-2026,Payment,0.00,702.19,"51,471.50"
ID13527,04-Feb-2026,Charge,0.00,150.72,"11,143.15"
ID13527,12-Jan-2026,Direct Deposit,"4,210.11",0.00,"93,069.31"
ID13527,04-Feb-2026,Interest,339.38,0.00,"49,363.09"
ID13528,31-Mar-2026,Debit Card,0.00,736.62,"84,821.45"
ID13528,26-Jan-2026,Interest,478.06,0.00,"8,961.69"
ID13528,27-Feb-2026,Debit Card,0.00,857.78,"72,183.26"
ID13528,23-Mar-2026,Payment,"1,980.78",0.00,"33,713.43"
ID13528,04-Feb-2026,Charge,0.00,115.79,"83,395.98"
ID13528,29-Mar-2026,ATM Withdrawal,0.00,739.62,"49,333.77"
ID13528,13-Feb-2026,Debit Card,0.00,173.56,"88,809.91"
ID13528,01-Mar-2026,Direct Deposit,"2,583.39",0.00,"25,407.38"
ID13528,14-Jan-2026,Charge,0.00,526.80,"66,775.12"
ID13528,26-Mar-2026,Interest,206.43,0.00,"75,908.49"
ID13528,10-Feb-2026,Transfer,"1,469.94",0.00,"20,875.16"
ID13528,01-Feb-2026,Charge,0.00,564.51,"67,439.50"
ID13528,21-Mar-2026,Reversal,0.00,829.75,"7,820.93"
ID13528,14-Jan-2026,Debit Card,0.00,444.93,"36,837.34"
ID13528,04-Mar-2026,Debit Card,0.00,47.18,"24,867.76"
ID13528,18-Mar-2026,Payment,0.00,"1,316.27","78,515.39"
ID13528,08-Jan-2026,Charge,0.00,128.21,"90,502.83"
ID13528,15-Jan-2026,Direct Deposit,556.67,0.00,"14,139.67"
ID13528,05-Mar-2026,Reversal,156.36,0.00,"11,775.39"
ID13528,13-Feb-2026,ATM Withdrawal,0.00,288.42,"5,302.59"
ID13529,04-Jan-2026,Reversal,0.00,990.44,"33,749.36"
ID13529,12-Jan-2026,Reversal,0.00,"1,338.42","52,679.74"
ID13529,14-Feb-2026,Transfer,0.00,"1,353.15","37,047.94"
ID13529,17-Feb-2026,Payment,0.00,"1,226.44","79,285.79"
ID13529,10-Feb-2026,Charge,0.00,174.83,"14,439.12"
ID13529,05-Feb-2026,Charge,0.00,449.96,"26,394.47"
ID13529,25-Mar-2026,ATM Withdrawal,0.00,63.84,"45,906.55"
ID13529,18-Mar-2026,Transfer,0.00,917.28,"7,245.52"
ID13529,29-Mar-2026,Reversal,0.00,732.01,"94,512.31"
ID13529,31-Jan-2026,Transfer,"1,719.83",0.00,"7,708.05"
ID13529,07-Feb-2026,Debit Card,0.00,144.10,"39,029.84"
ID13529,13-Mar-2026,Payment,"1,466.55",0.00,"5,508.77"
ID13529,04-Jan-2026,ATM Withdrawal,0.00,729.88,"57,243.68"
ID13529,20-Feb-2026,Transfer,0.00,445.14,"55,912.65"
ID13529,12-Mar-2026,Direct Deposit,"1,152.04",0.00,"8,355.25"
ID13529,12-Jan-2026,Transfer,0.00,906.19,"95,915.66"
ID13529,24-Feb-2026,Transfer,0.00,"1,403.59","19,886.43"
ID13529,04-Mar-2026,Charge,0.00,685.62,"70,505.54"
ID13529,07-Mar-2026,ATM Withdrawal,0.00,685.34,"24,062.86"
ID13529,17-Jan-2026,ATM Withdrawal,0.00,982.25,"70,349.93"
ID13530,24-Jan-2026,Transfer,"1,728.01",0.00,"41,102.24"
ID13530,11-Feb-2026,Debit Card,0.00,543.71,"51,731.09"
ID13530,26-Jan-2026,Debit Card,0.00,749.08,"40,431.17"
ID13530,24-Jan-2026,Charge,0.00,214.03,"74,569.44"
ID13530,21-Feb-2026,Interest,197.29,0.00,"3,769.85"
ID13530,11-Mar-2026,Debit Card,0.00,702.84,"1,267.42"
ID13530,14-Feb-2026,Charge,0.00,384.80,"38,162.89"
ID13530,15-Feb-2026,Transfer,823.62,0.00,"41,586.41"
ID13530,06-Mar-2026,Reversal,0.00,"1,287.69","14,748.46"
ID13530,25-Mar-2026,Interest,373.76,0.00,"41,721.49"
ID13530,16-Mar-2026,Debit Card,0.00,135.18,"93,934.91"
ID13530,31-Jan-2026,Transfer,0.00,386.14,"22,715.81"
ID13530,05-Feb-2026,ATM Withdrawal,0.00,518.22,"95,262.93"
ID13530,30-Mar-2026,Interest,379.60,0.00,"44,100.21"
ID13530,13-Jan-2026,Payment,483.56,0.00,"45,857.06"
ID13530,13-Jan-2026,Interest,353.97,0.00,"56,305.58"
ID13530,05-Mar-2026,Transfer,0.00,"1,481.64","2,268.99"
ID13530,11-Jan-2026,Debit Card,0.00,863.61,"31,185.23"
ID13530,29-Mar-2026,Transfer,0.00,65.12,"23,568.21"
ID13530,18-Mar-2026,Direct Deposit,"2,974.83",0.00,"16,911.72"
ID13531,02-Feb-2026,Interest,418.81,0.00,"2,453.17"
ID13531,15-Jan-2026,Direct Deposit,541.61,0.00,"97,673.88"
ID13531,09-Mar-2026,Charge,0.00,747.96,"65,084.75"
ID13531,11-Mar-2026,ATM Withdrawal,0.00,337.21,"70,571.94"
ID13531,07-Mar-2026,Charge,0.00,660.46,"86,170.56"
ID13531,08-Jan-2026,Debit Card,0.00,20.35,"61,235.31"
ID13531,18-Jan-2026,Direct Deposit,"3,565.63",0.00,"72,611.80"
ID13531,21-Mar-2026,Payment,0.00,879.26,"8,547.19"
ID13531,23-Jan-2026,Direct Deposit,"2,425.80",0.00,"18,643.15"
ID13531,16-Feb-2026,ATM Withdrawal,0.00,443.53,"21,370.35"
ID13531,25-Feb-2026,Reversal,0.00,"1,258.79","2,953.74"
ID13531,04-Feb-2026,Payment,412.44,0.00,"90,633.87"
ID13531,18-Mar-2026,Debit Card,0.00,569.55,"83,120.96"
ID13531,12-Feb-2026,Debit Card,0.00,87.52,"84,387.86"
ID13531,24-Jan-2026,Direct Deposit,"4,389.91",0.00,"87,218.66"
ID13531,22-Feb-2026,Payment,0.00,"1,255.49","14,531.15"
ID13531,25-Feb-2026,Direct Deposit,"3,512.68",0.00,"11,294.75"
ID13531,11-Mar-2026,Debit Card,0.00,901.69,"81,566.07"
ID13531,17-Feb-2026,Transfer,282.51,0.00,"31,109.19"
ID13531,18-Mar-2026,ATM Withdrawal,0.00,576.61,"48,395.34"
ID13532,19-Jan-2026,Charge,0.00,832.05,"90,398.64"
ID13532,19-Mar-2026,Reversal,0.00,"1,380.64","44,137.06"
ID13532,25-Jan-2026,Debit Card,0.00,741.52,"80,164.59"
ID13532,09-Mar-2026,Interest,18.92,0.00,"29,237.53"
ID13532,11-Mar-2026,Direct Deposit,"4,822.11",0.00,"32,017.45"
ID13532,25-Feb-2026,Direct Deposit,"1,242.76",0.00,"46,597.97"
ID13532,06-Mar-2026,Payment,742.55,0.00,"10,212.17"
ID13532,28-Feb-2026,ATM Withdrawal,0.00,500.17,"40,265.59"
ID13532,23-Jan-2026,Payment,0.00,863.39,"69,852.49"
ID13532,03-Feb-2026,Payment,0.00,512.95,"49,891.05"
ID13532,19-Mar-2026,Debit Card,0.00,650.67,"94,637.93"
ID13532,16-Mar-2026,Direct Deposit,"2,099.76",0.00,"24,433.06"
ID13532,26-Feb-2026,Reversal,"1,176.60",0.00,"82,912.63"
ID13532,26-Mar-2026,ATM Withdrawal,0.00,719.68,"70,172.69"
ID13532,19-Feb-2026,Debit Card,0.00,309.66,"63,679.99"
ID13532,18-Mar-2026,Charge,0.00,174.39,"51,549.29"
ID13532,21-Mar-2026,ATM Withdrawal,0.00,495.31,"6,948.43"
ID13532,15-Jan-2026,Direct Deposit,"4,205.69",0.00,"58,298.56"
ID13532,01-Apr-2026,Charge,0.00,649.33,"95,615.00"
ID13532,04-Jan-2026,Charge,0.00,109.62,"27,225.46"
ID13533,14-Feb-2026,Transfer,"1,002.24",0.00,"41,191.34"
ID13533,19-Mar-2026,ATM Withdrawal,0.00,161.74,"35,992.62"
ID13533,05-Mar-2026,Charge,0.00,892.47,"6,297.76"
ID13533,30-Jan-2026,Debit Card,0.00,651.52,"95,181.47"
ID13533,29-Jan-2026,Charge,0.00,465.30,"88,051.60"
ID13533,03-Apr-2026,Transfer,"1,131.13",0.00,"51,387.78"
ID13533,08-Mar-2026,Debit Card,0.00,72.77,"97,089.92"
ID13533,29-Jan-2026,Interest,341.17,0.00,"98,956.75"
ID13533,29-Jan-2026,Reversal,0.00,453.73,"90,026.02"
ID13533,01-Mar-2026,Direct Deposit,"1,509.71",0.00,"80,297.68"
ID13533,27-Jan-2026,Payment,"1,285.85",0.00,"9,690.53"
ID13533,05-Feb-2026,Charge,0.00,345.40,"79,813.19"
ID13533,06-Mar-2026,Interest,83.12,0.00,"49,209.42"
ID13533,10-Feb-2026,Debit Card,0.00,917.45,"68,430.46"
ID13533,28-Mar-2026,Payment,"1,952.04",0.00,"66,938.58"
ID13533,25-Feb-2026,Reversal,0.00,826.67,"99,813.55"
ID13533,28-Jan-2026,ATM Withdrawal,0.00,508.39,"4,898.06"
ID13533,24-Mar-2026,Payment,184.46,0.00,"73,927.35"
ID13533,03-Mar-2026,Reversal,0.00,"1,053.98","61,715.78"
ID13533,23-Mar-2026,Direct Deposit,"4,321.64",0.00,"5,921.04"
ID13534,20-Jan-2026,Transfer,"1,689.76",0.00,"50,465.09"
ID13534,30-Jan-2026,Payment,0.00,858.74,"8,620.77"
ID13534,02-Mar-2026,Charge,0.00,610.91,"1,163.13"
ID13534,12-Mar-2026,Reversal,"1,967.62",0.00,"33,588.22"
ID13534,18-Jan-2026,Payment,384.60,0.00,"20,206.85"
ID13534,04-Feb-2026,Debit Card,0.00,726.88,"52,726.92"
ID13534,09-Mar-2026,Charge,0.00,679.69,"84,179.86"
ID13534,28-Mar-2026,Charge,0.00,161.54,"5,108.04"
ID13534,07-Mar-2026,Interest,100.61,0.00,"25,997.43"
ID13534,21-Feb-2026,Transfer,0.00,603.72,"49,822.31"
ID13534,13-Feb-2026,Payment,313.49,0.00,"1,211.21"
ID13534,14-Mar-2026,Payment,0.00,"1,135.91","35,456.88"
ID13534,24-Jan-2026,Debit Card,0.00,127.60,"58,775.93"
ID13534,25-Feb-2026,ATM Withdrawal,0.00,794.35,"39,084.13"
ID13534,02-Feb-2026,Charge,0.00,911.56,"37,430.72"
ID13534,24-Mar-2026,ATM Withdrawal,0.00,638.94,"98,396.71"
ID13534,13-Feb-2026,Payment,603.31,0.00,"40,544.75"
ID13534,18-Jan-2026,Debit Card,0.00,694.61,"54,012.20"
ID13534,31-Jan-2026,ATM Withdrawal,0.00,712.18,"90,860.73"
ID13534,22-Mar-2026,ATM Withdrawal,0.00,175.76,"91,022.34"
ID13535,11-Feb-2026,ATM Withdrawal,0.00,217.63,"50,931.48"
ID13535,15-Jan-2026,Interest,347.03,0.00,"19,846.69"
ID13535,05-Feb-2026,Direct Deposit,794.68,0.00,"18,337.55"
ID13535,10-Feb-2026,Interest,287.50,0.00,"71,463.20"
ID13535,06-Jan-2026,Transfer,353.94,0.00,"91,951.65"
ID13535,05-Mar-2026,Interest,415.35,0.00,"98,435.31"
ID13535,11-Mar-2026,Payment,"1,075.03",0.00,"72,494.10"
ID13535,26-Mar-2026,Transfer,0.00,"1,308.47","89,917.83"
ID13535,11-Mar-2026,Interest,412.67,0.00,"94,602.68"
ID13535,23-Feb-2026,ATM Withdrawal,0.00,750.53,"44,684.52"
ID13535,12-Jan-2026,Charge,0.00,957.63,"86,114.79"
ID13535,10-Feb-2026,Direct Deposit,"2,147.69",0.00,"17,516.74"
ID13535,19-Mar-2026,ATM Withdrawal,0.00,875.47,"25,374.30"
ID13535,21-Mar-2026,ATM Withdrawal,0.00,121.95,"36,711.85"
ID13535,22-Mar-2026,Transfer,0.00,"1,016.20","21,309.95"
ID13535,03-Apr-2026,Payment,0.00,117.39,"65,121.70"
ID13535,03-Jan-2026,Payment,0.00,988.26,"8,484.67"
ID13535,15-Feb-2026,Direct Deposit,"4,286.10",0.00,"95,444.50"
ID13535,12-Mar-2026,Payment,0.00,428.34,"2,295.61"
ID13535,03-Feb-2026,Direct Deposit,"2,027.40",0.00,"76,724.96"
ID13536,22-Mar-2026,Direct Deposit,"2,386.10",0.00,"86,523.30"
ID13536,03-Jan-2026,Direct Deposit,"4,981.45",0.00,"3,717.20"
ID13536,18-Feb-2026,Transfer,0.00,"1,394.82","38,445.37"
ID13536,03-Feb-2026,Transfer,0.00,"1,411.14","16,604.82"
ID13536,03-Mar-2026,ATM Withdrawal,0.00,526.58,"20,030.46"
ID13536,26-Jan-2026,Reversal,0.00,"1,360.66","14,580.51"
ID13536,31-Mar-2026,Interest,395.29,0.00,"68,141.34"
ID13536,15-Jan-2026,Direct Deposit,"4,065.21",0.00,"5,672.15"
ID13536,03-Feb-2026,Charge,0.00,941.25,"72,573.50"
ID13536,17-Mar-2026,Payment,0.00,91.62,"64,234.14"
ID13536,09-Mar-2026,Transfer,0.00,"1,153.30","24,310.82"
ID13536,06-Jan-2026,Interest,153.21,0.00,"25,808.91"
ID13536,03-Apr-2026,Reversal,0.00,962.77,"61,851.03"
ID13536,10-Feb-2026,Transfer,183.71,0.00,"54,200.54"
ID13536,19-Mar-2026,Interest,479.21,0.00,"11,726.22"
ID13536,28-Jan-2026,ATM Withdrawal,0.00,760.46,"30,982.32"
ID13536,13-Jan-2026,Debit Card,0.00,894.75,"69,397.07"
ID13536,29-Jan-2026,Transfer,"1,333.87",0.00,"76,220.67"
ID13536,03-Apr-2026,Reversal,0.00,"1,472.73","92,415.81"
ID13536,05-Jan-2026,Charge,0.00,38.47,"83,190.01"
ID13537,28-Feb-2026,Direct Deposit,"4,558.31",0.00,"45,282.80"
ID13537,05-Mar-2026,Payment,0.00,758.59,"66,883.97"
ID13537,19-Jan-2026,Debit Card,0.00,547.80,"82,656.53"
ID13537,15-Feb-2026,Interest,367.20,0.00,"44,239.78"
ID13537,07-Jan-2026,Transfer,177.48,0.00,"8,638.61"
ID13537,09-Jan-2026,Interest,192.89,0.00,"73,863.43"
ID13537,02-Feb-2026,Charge,0.00,835.43,"62,901.81"
ID13537,11-Mar-2026,Debit Card,0.00,49.11,"54,005.74"
ID13537,04-Mar-2026,Interest,327.85,0.00,"98,764.07"
ID13537,05-Mar-2026,Payment,"1,329.16",0.00,"98,782.83"
ID13537,09-Mar-2026,Charge,0.00,653.49,"11,961.53"
ID13537,02-Feb-2026,ATM Withdrawal,0.00,147.70,"70,890.75"
ID13537,15-Feb-2026,ATM Withdrawal,0.00,868.85,"92,804.60"
ID13537,15-Feb-2026,Interest,157.06,0.00,"20,037.90"
ID13537,11-Feb-2026,Debit Card,0.00,712.77,"27,846.69"
ID13537,27-Mar-2026,Debit Card,0.00,758.87,"11,076.85"
ID13537,31-Mar-2026,Charge,0.00,870.85,"6,943.52"
ID13537,12-Feb-2026,Payment,0.00,801.79,"34,411.01"
ID13537,20-Jan-2026,Direct Deposit,"1,084.90",0.00,"97,083.93"
ID13537,29-Mar-2026,ATM Withdrawal,0.00,236.10,"86,944.24"
ID13538,21-Mar-2026,Direct Deposit,"4,037.22",0.00,"42,222.32"
ID13538,27-Mar-2026,Transfer,"1,384.68",0.00,"13,968.80"
ID13538,30-Jan-2026,ATM Withdrawal,0.00,962.30,"3,646.39"
ID13538,02-Feb-2026,Reversal,361.31,0.00,"20,115.43"
ID13538,24-Feb-2026,Transfer,0.00,151.84,"20,593.13"
ID13538,17-Mar-2026,Payment,"1,171.04",0.00,"85,355.58"
ID13538,19-Mar-2026,Charge,0.00,192.51,"28,161.78"
ID13538,17-Mar-2026,Charge,0.00,391.35,"8,579.71"
ID13538,27-Feb-2026,Direct Deposit,"2,416.27",0.00,"99,541.27"
ID13538,23-Jan-2026,ATM Withdrawal,0.00,691.38,"92,976.05"
ID13538,20-Feb-2026,Debit Card,0.00,680.83,"47,125.43"
ID13538,22-Jan-2026,Reversal,0.00,"1,154.86","23,892.57"
ID13538,09-Mar-2026,Debit Card,0.00,823.27,"82,702.51"
ID13538,17-Feb-2026,Reversal,0.00,"1,476.31","99,923.21"
ID13538,22-Mar-2026,Payment,"1,124.05",0.00,"19,070.40"
ID13538,22-Jan-2026,Reversal,0.00,171.74,"41,231.07"
ID13538,04-Jan-2026,Direct Deposit,"2,095.74",0.00,"30,603.29"
ID13538,28-Jan-2026,Payment,193.22,0.00,"16,106.42"
ID13538,19-Jan-2026,Debit Card,0.00,943.70,"39,826.85"
ID13538,20-Mar-2026,Charge,0.00,467.66,"74,005.60"
ID13539,09-Jan-2026,Transfer,0.00,384.84,"14,616.85"
ID13539,21-Jan-2026,ATM Withdrawal,0.00,602.29,"90,014.49"
ID13539,04-Mar-2026,Transfer,0.00,615.55,"70,181.22"
ID13539,27-Mar-2026,Transfer,210.31,0.00,"63,590.36"
ID13539,07-Feb-2026,Payment,0.00,157.73,"54,350.54"
ID13539,05-Feb-2026,Payment,0.00,139.59,"72,793.51"
ID13539,25-Mar-2026,Transfer,0.00,"1,212.96","9,011.48"
ID13539,03-Jan-2026,Payment,0.00,"1,026.13","98,071.26"
ID13539,14-Feb-2026,Payment,"1,323.58",0.00,"34,843.77"
ID13539,11-Jan-2026,ATM Withdrawal,0.00,956.25,"10,129.45"
ID13539,16-Mar-2026,Direct Deposit,"3,393.22",0.00,"4,411.96"
ID13539,14-Feb-2026,Direct Deposit,"2,810.54",0.00,"19,200.99"
ID13539,16-Jan-2026,Payment,0.00,"1,420.18","63,365.37"
ID13539,14-Jan-2026,Reversal,165.24,0.00,"34,688.36"
ID13539,09-Mar-2026,Charge,0.00,281.10,"64,871.16"
ID13539,25-Feb-2026,Interest,44.48,0.00,"27,961.78"
ID13539,29-Jan-2026,Interest,161.57,0.00,"82,024.56"
ID13539,10-Feb-2026,Reversal,0.00,"1,374.50","65,919.45"
ID13539,26-Jan-2026,Charge,0.00,210.27,"32,393.72"
ID13539,13-Feb-2026,Transfer,0.00,244.83,"64,892.63"
ID13540,04-Mar-2026,Direct Deposit,"2,650.37",0.00,"15,970.35"
ID13540,22-Mar-2026,Debit Card,0.00,82.69,"46,551.12"
ID13540,16-Feb-2026,Debit Card,0.00,586.49,"80,546.17"
ID13540,23-Jan-2026,Debit Card,0.00,834.50,"44,317.75"
ID13540,26-Feb-2026,Interest,348.90,0.00,"56,553.93"
ID13540,04-Mar-2026,Transfer,688.49,0.00,"12,434.42"
ID13540,16-Feb-2026,Payment,0.00,848.82,"80,260.94"
ID13540,01-Apr-2026,Debit Card,0.00,875.69,"38,218.26"
ID13540,20-Jan-2026,ATM Withdrawal,0.00,358.17,"52,130.45"
ID13540,11-Feb-2026,Reversal,"1,304.83",0.00,"41,267.89"
ID13540,15-Mar-2026,ATM Withdrawal,0.00,120.97,"53,272.41"
ID13540,09-Feb-2026,Charge,0.00,156.28,"8,552.29"
ID13540,26-Jan-2026,Direct Deposit,"4,100.37",0.00,"44,637.82"
ID13540,11-Feb-2026,Debit Card,0.00,187.61,"65,140.84"
ID13540,28-Mar-2026,Payment,145.45,0.00,"57,848.62"
ID13540,01-Feb-2026,Direct Deposit,"4,025.29",0.00,"94,703.23"
ID13540,12-Mar-2026,Direct Deposit,"3,900.73",0.00,"39,670.26"
ID13540,09-Feb-2026,Interest,85.04,0.00,"91,335.97"
ID13540,08-Mar-2026,Debit Card,0.00,647.37,"88,756.38"
ID13540,05-Jan-2026,Debit Card,0.00,82.03,"62,850.33"
ID13541,02-Feb-2026,Debit Card,0.00,412.78,"21,072.27"
ID13541,28-Mar-2026,Debit Card,0.00,885.81,"38,633.83"
ID13541,01-Apr-2026,ATM Withdrawal,0.00,720.30,"21,421.43"
ID13541,22-Jan-2026,Reversal,0.00,981.93,"90,431.20"
ID13541,17-Jan-2026,Interest,156.47,0.00,"49,960.59"
ID13541,29-Jan-2026,Payment,722.43,0.00,"69,668.60"
ID13541,03-Feb-2026,Charge,0.00,383.78,"14,355.24"
ID13541,26-Mar-2026,ATM Withdrawal,0.00,802.56,"26,845.97"
ID13541,12-Mar-2026,ATM Withdrawal,0.00,793.65,"85,438.96"
ID13541,27-Jan-2026,Interest,95.54,0.00,"53,007.59"
ID13541,30-Mar-2026,Charge,0.00,395.88,"19,571.28"
ID13541,19-Feb-2026,ATM Withdrawal,0.00,711.87,"4,259.99"
ID13541,02-Feb-2026,Payment,108.40,0.00,"60,305.19"
ID13541,11-Jan-2026,Reversal,"1,492.23",0.00,"68,582.94"
ID13541,06-Feb-2026,Charge,0.00,435.00,"25,646.19"
ID13541,10-Mar-2026,Reversal,437.87,0.00,"63,722.60"
ID13541,10-Jan-2026,Payment,"1,908.44",0.00,"33,060.49"
ID13541,20-Jan-2026,Payment,0.00,768.50,"2,350.75"
ID13541,24-Jan-2026,Direct Deposit,"4,412.74",0.00,"65,103.92"
ID13541,03-Jan-2026,Payment,"1,319.83",0.00,"33,385.55"
ID13542,02-Apr-2026,Charge,0.00,632.98,"54,546.49"
ID13542,28-Feb-2026,Direct Deposit,"1,283.66",0.00,"36,792.82"
ID13542,23-Jan-2026,Interest,199.85,0.00,"21,724.59"
ID13542,08-Mar-2026,Charge,0.00,645.04,"3,601.10"
ID13542,08-Mar-2026,Debit Card,0.00,64.10,"96,754.60"
ID13542,14-Jan-2026,Reversal,"1,996.43",0.00,"27,749.12"
ID13542,17-Feb-2026,Payment,0.00,344.64,"53,317.15"
ID13542,07-Jan-2026,Direct Deposit,"3,502.00",0.00,"89,289.54"
ID13542,13-Feb-2026,ATM Withdrawal,0.00,195.68,"94,506.65"
ID13542,03-Feb-2026,ATM Withdrawal,0.00,379.14,"68,759.11"
ID13542,18-Jan-2026,Interest,260.10,0.00,"19,264.67"
ID13542,18-Feb-2026,Interest,472.09,0.00,"71,701.64"
ID13542,12-Mar-2026,Payment,"1,892.50",0.00,"65,262.35"
ID13542,22-Mar-2026,Reversal,587.75,0.00,"98,682.62"
ID13542,11-Mar-2026,Payment,0.00,739.37,"41,568.01"
ID13542,18-Feb-2026,Direct Deposit,"4,619.56",0.00,"55,443.00"
ID13542,21-Feb-2026,Debit Card,0.00,749.60,"92,315.74"
ID13542,20-Jan-2026,Payment,0.00,420.73,"92,595.68"
ID13542,01-Feb-2026,Interest,369.63,0.00,"21,320.06"
ID13542,13-Mar-2026,Reversal,"1,051.54",0.00,"17,855.94"
ID13543,28-Mar-2026,Transfer,0.00,"1,384.43","32,863.14"
ID13543,24-Jan-2026,Transfer,"1,996.32",0.00,"68,260.65"
ID13543,24-Mar-2026,Direct Deposit,"1,535.07",0.00,"3,045.46"
ID13543,29-Jan-2026,Payment,0.00,847.06,"29,289.41"
ID13543,08-Mar-2026,Transfer,0.00,844.75,"69,808.84"
ID13543,26-Jan-2026,Transfer,0.00,600.44,"59,167.52"
ID13543,22-Mar-2026,Interest,119.35,0.00,"55,814.20"
ID13543,13-Mar-2026,ATM Withdrawal,0.00,439.85,"60,332.54"
ID13543,10-Feb-2026,Debit Card,0.00,201.08,"60,220.82"
ID13543,17-Jan-2026,Charge,0.00,915.66,"21,088.84"
ID13543,28-Mar-2026,Transfer,127.27,0.00,"90,529.90"
ID13543,11-Feb-2026,Interest,451.69,0.00,"20,131.62"
ID13543,03-Apr-2026,Reversal,0.00,650.17,"45,499.54"
ID13543,27-Mar-2026,ATM Withdrawal,0.00,497.88,"20,733.35"
ID13543,16-Jan-2026,Payment,"1,250.68",0.00,"55,217.76"
ID13543,21-Mar-2026,Reversal,343.92,0.00,"38,486.21"
ID13543,03-Jan-2026,Transfer,"1,228.96",0.00,"74,227.23"
ID13543,10-Mar-2026,Direct Deposit,"4,418.30",0.00,"80,234.23"
ID13543,25-Jan-2026,ATM Withdrawal,0.00,819.00,"46,409.39"
ID13543,29-Mar-2026,Direct Deposit,"1,079.79",0.00,"2,871.31"
ID13544,06-Jan-2026,Debit Card,0.00,314.31,"21,172.18"
ID13544,14-Mar-2026,Reversal,882.01,0.00,"60,097.26"
ID13544,07-Jan-2026,Payment,0.00,"1,043.25","1,588.42"
ID13544,20-Jan-2026,Direct Deposit,"1,146.79",0.00,"48,917.86"
ID13544,20-Jan-2026,Interest,59.05,0.00,"41,817.72"
ID13544,01-Feb-2026,Interest,18.45,0.00,"57,817.40"
ID13544,29-Jan-2026,Reversal,0.00,614.49,"59,429.82"
ID13544,21-Mar-2026,Charge,0.00,123.89,"26,949.28"
ID13544,10-Feb-2026,Direct Deposit,"3,654.77",0.00,"95,738.43"
ID13544,25-Feb-2026,Charge,0.00,295.80,"52,107.88"
ID13544,16-Jan-2026,Reversal,0.00,"1,136.01","45,509.01"
ID13544,24-Mar-2026,ATM Withdrawal,0.00,979.90,"92,699.11"
ID13544,13-Feb-2026,Reversal,825.42,0.00,"96,722.13"
ID13544,21-Mar-2026,Interest,89.08,0.00,"82,724.74"
ID13544,03-Apr-2026,Interest,167.29,0.00,"88,054.37"
ID13544,12-Feb-2026,Debit Card,0.00,602.83,"13,311.23"
ID13544,14-Feb-2026,Reversal,0.00,895.26,"68,359.21"
ID13544,30-Jan-2026,Transfer,0.00,840.29,"87,351.26"
ID13544,09-Jan-2026,Direct Deposit,"3,421.92",0.00,"70,705.42"
ID13544,05-Feb-2026,Reversal,0.00,659.55,"48,373.44"
ID13545,11-Feb-2026,ATM Withdrawal,0.00,520.10,"20,381.85"
ID13545,28-Jan-2026,ATM Withdrawal,0.00,521.67,"73,010.04"
ID13545,15-Jan-2026,Direct Deposit,552.62,0.00,"99,205.75"
ID13545,03-Mar-2026,Direct Deposit,"4,907.53",0.00,"53,241.31"
ID13545,04-Mar-2026,Debit Card,0.00,230.12,"9,975.88"
ID13545,10-Jan-2026,Payment,"1,693.38",0.00,"42,067.43"
ID13545,08-Feb-2026,Debit Card,0.00,760.15,"31,829.29"
ID13545,11-Jan-2026,Payment,"1,337.97",0.00,"41,359.56"
ID13545,06-Mar-2026,Reversal,"1,745.31",0.00,"48,296.23"
ID13545,07-Feb-2026,Charge,0.00,516.87,"82,102.10"
ID13545,17-Mar-2026,Transfer,0.00,289.43,"55,922.20"
ID13545,28-Jan-2026,Interest,281.37,0.00,"15,046.94"
ID13545,18-Mar-2026,Payment,"1,516.19",0.00,"35,971.21"
ID13545,13-Feb-2026,Charge,0.00,609.23,"47,258.84"
ID13545,17-Jan-2026,Charge,0.00,986.47,"20,661.88"
ID13545,28-Feb-2026,Reversal,0.00,972.12,"41,547.20"
ID13545,09-Jan-2026,Charge,0.00,699.23,"45,261.70"
ID13545,18-Jan-2026,Charge,0.00,770.51,"94,865.64"
ID13545,03-Feb-2026,Charge,0.00,394.46,"47,963.38"
ID13545,02-Apr-2026,Debit Card,0.00,623.28,"83,764.14"
ID13546,11-Mar-2026,Transfer,"1,224.30",0.00,"28,090.76"
ID13546,10-Mar-2026,Reversal,"1,351.74",0.00,"47,171.99"
ID13546,15-Feb-2026,Payment,0.00,262.37,"72,145.30"
ID13546,11-Feb-2026,Debit Card,0.00,994.26,"46,492.87"
ID13546,27-Feb-2026,Payment,"1,406.41",0.00,"25,103.77"
ID13546,10-Jan-2026,Interest,489.31,0.00,"39,622.05"
ID13546,16-Jan-2026,Charge,0.00,729.51,"76,092.44"
ID13546,18-Jan-2026,Reversal,0.00,359.30,"65,239.04"
ID13546,22-Jan-2026,Payment,"1,239.69",0.00,"62,486.57"
ID13546,29-Jan-2026,Interest,234.82,0.00,"64,302.43"
ID13546,07-Jan-2026,Direct Deposit,"1,252.90",0.00,"1,930.70"
ID13546,10-Feb-2026,Charge,0.00,836.53,"76,205.04"
ID13546,22-Feb-2026,Interest,105.36,0.00,"89,394.01"
ID13546,23-Feb-2026,Reversal,0.00,341.47,"74,710.15"
ID13546,15-Jan-2026,Transfer,0.00,"1,210.70","68,292.68"
ID13546,24-Jan-2026,Direct Deposit,"3,948.51",0.00,"52,251.22"
ID13546,17-Mar-2026,Payment,0.00,368.96,"46,984.74"
ID13546,03-Apr-2026,Payment,651.86,0.00,"6,649.32"
ID13546,31-Jan-2026,Reversal,492.43,0.00,"11,648.34"
ID13546,23-Mar-2026,Direct Deposit,"4,381.90",0.00,"50,085.50"
ID13547,26-Feb-2026,Debit Card,0.00,905.20,"69,924.59"
ID13547,11-Mar-2026,Interest,94.89,0.00,"73,002.41"
ID13547,07-Feb-2026,Transfer,"1,604.18",0.00,"32,533.63"
ID13547,10-Jan-2026,Reversal,0.00,466.40,"3,312.33"
ID13547,08-Feb-2026,Reversal,0.00,904.41,"50,054.98"
ID13547,04-Jan-2026,Transfer,"1,679.75",0.00,"66,045.90"
ID13547,24-Mar-2026,Transfer,0.00,"1,443.18","2,802.97"
ID13547,28-Feb-2026,ATM Withdrawal,0.00,250.00,"49,550.65"
ID13547,04-Mar-2026,Direct Deposit,"2,981.93",0.00,"78,368.23"
ID13547,12-Jan-2026,Payment,"1,679.43",0.00,"68,307.98"
ID13547,18-Mar-2026,Transfer,620.20,0.00,"22,456.55"
ID13547,27-Jan-2026,Charge,0.00,485.80,"5,356.19"
ID13547,21-Jan-2026,Interest,286.56,0.00,"19,729.66"
ID13547,17-Mar-2026,Reversal,"1,518.21",0.00,"56,829.32"
ID13547,07-Mar-2026,Reversal,0.00,"1,416.41","54,353.67"
ID13547,02-Feb-2026,Transfer,768.41,0.00,"76,482.29"
ID13547,05-Jan-2026,ATM Withdrawal,0.00,644.80,"14,071.47"
ID13547,31-Jan-2026,Direct Deposit,"3,900.42",0.00,"64,360.24"
ID13547,14-Feb-2026,Transfer,0.00,"1,485.24","78,304.06"
ID13547,06-Jan-2026,Charge,0.00,548.20,"96,533.77"
ID13548,09-Mar-2026,Debit Card,0.00,469.43,"24,425.54"
ID13548,02-Feb-2026,Interest,194.12,0.00,"58,382.32"
ID13548,16-Feb-2026,Direct Deposit,"2,576.39",0.00,"49,604.08"
ID13548,10-Mar-2026,Transfer,0.00,905.29,"42,406.71"
ID13548,18-Feb-2026,Debit Card,0.00,613.36,"67,163.17"
ID13548,04-Jan-2026,Debit Card,0.00,539.86,"36,978.69"
ID13548,17-Jan-2026,ATM Withdrawal,0.00,167.75,"55,546.73"
ID13548,29-Jan-2026,ATM Withdrawal,0.00,808.88,"34,172.36"
ID13548,09-Feb-2026,Reversal,179.05,0.00,"19,427.08"
ID13548,05-Mar-2026,Reversal,915.70,0.00,"71,550.91"
ID13548,27-Mar-2026,Interest,357.97,0.00,"1,114.04"
ID13548,10-Feb-2026,Interest,359.36,0.00,"86,387.77"
ID13548,27-Mar-2026,Debit Card,0.00,125.06,"78,085.20"
ID13548,08-Feb-2026,Reversal,0.00,651.66,"88,212.89"
ID13548,31-Mar-2026,Debit Card,0.00,736.89,"95,637.91"
ID13548,12-Mar-2026,Debit Card,0.00,857.69,"88,947.88"
ID13548,30-Jan-2026,ATM Withdrawal,0.00,782.58,"21,840.23"
ID13548,23-Mar-2026,Payment,0.00,216.97,"8,439.71"
ID13548,06-Feb-2026,Debit Card,0.00,860.24,"94,957.32"
ID13548,15-Mar-2026,Interest,193.52,0.00,"34,777.64"
ID13549,02-Mar-2026,Interest,472.67,0.00,"67,473.96"
ID13549,09-Mar-2026,Interest,222.79,0.00,"19,461.20"
ID13549,11-Mar-2026,ATM Withdrawal,0.00,926.95,"87,939.48"
ID13549,01-Apr-2026,Direct Deposit,577.79,0.00,"90,894.72"
ID13549,22-Jan-2026,Payment,801.75,0.00,"82,750.48"
ID13549,11-Jan-2026,Direct Deposit,"2,948.03",0.00,"82,232.13"
ID13549,22-Feb-2026,Direct Deposit,"1,540.36",0.00,"83,131.06"
ID13549,20-Jan-2026,ATM Withdrawal,0.00,935.19,"94,789.98"
ID13549,18-Jan-2026,ATM Withdrawal,0.00,109.69,"4,781.58"
ID13549,21-Feb-2026,Direct Deposit,"4,984.84",0.00,"74,237.08"
ID13549,02-Apr-2026,Debit Card,0.00,238.55,"34,778.97"
ID13549,24-Jan-2026,Interest,44.19,0.00,"68,101.43"
ID13549,29-Mar-2026,Payment,999.66,0.00,"27,115.40"
ID13549,20-Mar-2026,ATM Withdrawal,0.00,880.62,"37,653.03"
ID13549,08-Jan-2026,Interest,480.22,0.00,"80,922.26"
ID13549,19-Feb-2026,Payment,"1,294.01",0.00,"58,717.38"
ID13549,09-Feb-2026,Charge,0.00,635.31,"5,376.46"
ID13549,21-Mar-2026,ATM Withdrawal,0.00,252.20,"98,275.89"
ID13549,30-Mar-2026,Interest,99.43,0.00,"95,184.32"
ID13549,01-Apr-2026,Payment,0.00,"1,050.88","75,653.82"
ID13550,12-Jan-2026,Debit Card,0.00,433.48,"77,019.08"
ID13550,17-Jan-2026,ATM Withdrawal,0.00,932.00,"74,188.11"
ID13550,15-Feb-2026,Charge,0.00,113.46,"89,368.69"
ID13550,26-Mar-2026,Direct Deposit,959.51,0.00,"8,361.30"
ID13550,03-Feb-2026,Payment,0.00,954.14,"40,975.55"
ID13550,23-Jan-2026,Direct Deposit,"1,076.40",0.00,"58,100.02"
ID13550,11-Mar-2026,Reversal,"1,114.14",0.00,"52,479.47"
ID13550,08-Mar-2026,Charge,0.00,364.12,"24,929.58"
ID13550,31-Mar-2026,ATM Withdrawal,0.00,922.20,"90,132.91"
ID13550,11-Jan-2026,Payment,0.00,"1,375.39","65,666.39"
ID13550,15-Mar-2026,Debit Card,0.00,276.82,"10,237.97"
ID13550,06-Jan-2026,Transfer,0.00,229.63,"47,059.14"
ID13550,31-Jan-2026,Direct Deposit,"1,957.20",0.00,"60,566.31"
ID13550,04-Jan-2026,Direct Deposit,"4,751.68",0.00,"39,469.12"
ID13550,20-Feb-2026,Direct Deposit,"2,400.61",0.00,"62,142.78"
ID13550,15-Jan-2026,Charge,0.00,415.23,"68,247.78"
ID13550,04-Jan-2026,Payment,0.00,86.67,"60,669.56"
ID13550,17-Feb-2026,ATM Withdrawal,0.00,583.38,"46,761.37"
ID13550,05-Feb-2026,Charge,0.00,848.68,"15,116.42"
ID13550,17-Jan-2026,ATM Withdrawal,0.00,312.54,"24,231.84"
ID13551,11-Feb-2026,Payment,218.57,0.00,"90,010.03"
ID13551,03-Mar-2026,Reversal,0.00,721.21,"42,803.98"
ID13551,08-Feb-2026,Transfer,0.00,671.12,"43,718.51"
ID13551,15-Mar-2026,Direct Deposit,820.23,0.00,"78,105.94"
ID13551,11-Mar-2026,Direct Deposit,"3,591.19",0.00,"75,049.44"
ID13551,21-Jan-2026,Transfer,0.00,209.60,"43,159.46"
ID13551,13-Jan-2026,ATM Withdrawal,0.00,841.34,"32,156.73"
ID13551,20-Feb-2026,Payment,"1,942.57",0.00,"15,468.11"
ID13551,19-Jan-2026,Reversal,613.91,0.00,"6,923.16"
ID13551,25-Jan-2026,Transfer,"1,807.29",0.00,"35,317.10"
ID13551,11-Mar-2026,Debit Card,0.00,922.05,"4,136.22"
ID13551,02-Mar-2026,Reversal,0.00,906.35,"7,591.19"
ID13551,19-Jan-2026,Payment,968.05,0.00,"50,745.29"
ID13551,16-Jan-2026,Reversal,"1,081.25",0.00,"49,186.10"
ID13551,15-Feb-2026,Transfer,0.00,865.51,"46,737.14"
ID13551,14-Feb-2026,Charge,0.00,267.49,"24,868.28"
ID13551,14-Feb-2026,Debit Card,0.00,725.26,"77,092.44"
ID13551,03-Mar-2026,Payment,0.00,607.53,"93,885.44"
ID13551,13-Jan-2026,Direct Deposit,550.33,0.00,"64,029.25"
ID13551,17-Mar-2026,Charge,0.00,141.92,"55,548.62"
ID13552,08-Feb-2026,Payment,710.72,0.00,"40,819.10"
ID13552,14-Mar-2026,Debit Card,0.00,636.90,"60,002.11"
ID13552,13-Feb-2026,Charge,0.00,317.00,"15,147.43"
ID13552,28-Feb-2026,Debit Card,0.00,57.74,"69,732.10"
ID13552,19-Jan-2026,Direct Deposit,"3,535.04",0.00,"64,178.60"
ID13552,02-Mar-2026,Interest,366.91,0.00,"38,855.58"
ID13552,25-Mar-2026,Interest,252.81,0.00,"43,692.15"
ID13552,20-Feb-2026,Interest,200.43,0.00,"3,928.42"
ID13552,25-Jan-2026,Debit Card,0.00,999.67,"26,633.69"
ID13552,07-Mar-2026,Charge,0.00,359.79,"45,624.69"
ID13552,19-Jan-2026,ATM Withdrawal,0.00,877.50,"28,737.65"
ID13552,04-Feb-2026,ATM Withdrawal,0.00,288.27,"38,026.61"
ID13552,09-Feb-2026,Payment,"1,190.55",0.00,"21,693.39"
ID13552,29-Jan-2026,Interest,477.09,0.00,"68,799.81"
ID13552,25-Jan-2026,ATM Withdrawal,0.00,787.33,"9,985.22"
ID13552,14-Mar-2026,Transfer,392.19,0.00,"2,989.15"
ID13552,12-Feb-2026,Debit Card,0.00,352.13,"39,679.61"
ID13552,15-Feb-2026,Transfer,0.00,"1,212.11","64,753.33"
ID13552,19-Jan-2026,Transfer,814.63,0.00,"67,601.13"
ID13552,10-Feb-2026,Interest,150.91,0.00,"9,530.79"
ID13553,07-Feb-2026,Debit Card,0.00,404.10,"85,610.23"
ID13553,21-Feb-2026,Charge,0.00,299.92,"89,009.95"
ID13553,25-Jan-2026,Debit Card,0.00,79.68,"13,915.55"
ID13553,31-Mar-2026,Transfer,0.00,"1,343.01","56,172.48"
ID13553,29-Mar-2026,Charge,0.00,584.87,"69,327.56"
ID13553,17-Jan-2026,Transfer,"1,151.84",0.00,"47,037.22"
ID13553,21-Mar-2026,Debit Card,0.00,309.72,"47,415.50"
ID13553,20-Feb-2026,Reversal,0.00,819.68,"48,807.32"
ID13553,27-Mar-2026,Transfer,0.00,"1,371.86","18,805.40"
ID13553,29-Jan-2026,Interest,48.92,0.00,"29,195.60"
ID13553,20-Feb-2026,Direct Deposit,"2,545.30",0.00,"55,816.63"
ID13553,08-Jan-2026,Charge,0.00,232.42,"48,834.33"
ID13553,02-Apr-2026,Interest,217.99,0.00,"2,883.04"
ID13553,14-Mar-2026,ATM Withdrawal,0.00,830.44,"41,593.21"
ID13553,24-Feb-2026,Direct Deposit,"3,606.64",0.00,"65,391.74"
ID13553,08-Feb-2026,Reversal,0.00,"1,270.66","32,437.55"
ID13553,10-Mar-2026,Reversal,"1,622.65",0.00,"6,848.32"
ID13553,05-Jan-2026,Debit Card,0.00,153.34,"45,306.06"
ID13553,20-Mar-2026,Interest,422.60,0.00,"71,666.81"
ID13553,14-Mar-2026,Reversal,"1,447.62",0.00,"36,404.42"
ID13554,20-Jan-2026,Reversal,0.00,340.12,"98,211.95"
ID13554,17-Jan-2026,Debit Card,0.00,575.60,"86,193.86"
ID13554,17-Mar-2026,Payment,0.00,294.22,"60,509.92"
ID13554,18-Mar-2026,Reversal,0.00,"1,432.10","35,683.93"
ID13554,10-Mar-2026,Direct Deposit,"2,104.55",0.00,"75,007.19"
ID13554,21-Jan-2026,Payment,333.12,0.00,"77,092.49"
ID13554,01-Feb-2026,Debit Card,0.00,673.96,"48,226.20"
ID13554,26-Feb-2026,Reversal,0.00,614.80,"78,322.45"
ID13554,28-Feb-2026,Interest,163.32,0.00,"14,340.47"
ID13554,25-Jan-2026,Transfer,"1,897.34",0.00,"44,711.67"
ID13554,21-Feb-2026,Interest,76.80,0.00,"51,634.37"
ID13554,08-Jan-2026,Interest,206.04,0.00,"11,493.40"
ID13554,16-Feb-2026,Payment,0.00,77.85,"20,798.12"
ID13554,18-Mar-2026,Reversal,"1,030.63",0.00,"58,847.02"
ID13554,24-Mar-2026,ATM Withdrawal,0.00,96.91,"70,175.39"
ID13554,18-Mar-2026,Charge,0.00,96.15,"30,666.41"
ID13554,01-Apr-2026,Transfer,535.87,0.00,"29,086.67"
ID13554,14-Feb-2026,Transfer,"1,708.52",0.00,"71,693.99"
ID13554,18-Mar-2026,Transfer,"1,200.78",0.00,"88,580.13"
ID13554,28-Feb-2026,Payment,"1,287.81",0.00,"20,611.07"
ID13555,30-Mar-2026,Payment,0.00,204.03,"71,339.31"
ID13555,19-Feb-2026,Direct Deposit,"4,163.43",0.00,"39,605.97"
ID13555,13-Mar-2026,Direct Deposit,"2,621.40",0.00,"86,933.89"
ID13555,01-Apr-2026,Payment,"1,810.26",0.00,"67,389.42"
ID13555,19-Feb-2026,ATM Withdrawal,0.00,613.91,"97,490.20"
ID13555,07-Mar-2026,Direct Deposit,"2,750.27",0.00,"88,681.63"
ID13555,22-Jan-2026,Payment,854.90,0.00,"18,953.15"
ID13555,19-Jan-2026,Direct Deposit,"1,258.99",0.00,"26,163.72"
ID13555,18-Mar-2026,Debit Card,0.00,927.61,"55,600.86"
ID13555,20-Feb-2026,ATM Withdrawal,0.00,950.92,"44,691.53"
ID13555,15-Jan-2026,Charge,0.00,757.87,"99,598.10"
ID13555,12-Jan-2026,ATM Withdrawal,0.00,797.56,"74,451.81"
ID13555,04-Jan-2026,ATM Withdrawal,0.00,827.24,"99,443.63"
ID13555,17-Jan-2026,Transfer,0.00,"1,187.69","92,847.57"
ID13555,21-Jan-2026,Interest,161.69,0.00,"55,473.87"
ID13555,23-Mar-2026,Payment,0.00,90.74,"78,331.29"
ID13555,28-Mar-2026,Reversal,"1,430.44",0.00,"80,045.50"
ID13555,10-Jan-2026,Interest,259.24,0.00,"10,982.96"
ID13555,08-Feb-2026,Transfer,0.00,634.09,"19,717.25"
ID13555,08-Jan-2026,Debit Card,0.00,907.72,"52,740.32"
ID13556,14-Feb-2026,Interest,479.87,0.00,"5,027.71"
ID13556,03-Apr-2026,Debit Card,0.00,850.07,"95,711.45"
ID13556,01-Feb-2026,Charge,0.00,420.30,"18,152.30"
ID13556,30-Jan-2026,Direct Deposit,"1,742.87",0.00,"91,400.39"
ID13556,06-Jan-2026,Reversal,916.83,0.00,"48,937.87"
ID13556,03-Feb-2026,Charge,0.00,598.26,"74,102.26"
ID13556,27-Jan-2026,Charge,0.00,726.69,"35,371.24"
ID13556,17-Mar-2026,Charge,0.00,419.43,"31,429.65"
ID13556,18-Feb-2026,Transfer,0.00,"1,124.96","30,970.67"
ID13556,04-Mar-2026,Direct Deposit,"1,980.99",0.00,"4,426.17"
ID13556,05-Jan-2026,ATM Withdrawal,0.00,741.47,"65,224.84"
ID13556,23-Jan-2026,ATM Withdrawal,0.00,973.12,"28,853.11"
ID13556,13-Jan-2026,Charge,0.00,891.93,"56,547.78"
ID13556,29-Jan-2026,Payment,0.00,"1,456.59","11,993.06"
ID13556,16-Feb-2026,Charge,0.00,569.91,"12,564.00"
ID13556,07-Mar-2026,Direct Deposit,"1,610.14",0.00,"69,120.64"
ID13556,13-Jan-2026,ATM Withdrawal,0.00,376.75,"48,509.94"
ID13556,18-Jan-2026,ATM Withdrawal,0.00,977.09,"37,551.01"
ID13556,28-Jan-2026,ATM Withdrawal,0.00,255.65,"52,607.82"
ID13556,07-Jan-2026,Debit Card,0.00,331.03,"26,016.52"
ID13557,28-Mar-2026,Transfer,"1,041.53",0.00,"90,951.35"
ID13557,13-Feb-2026,ATM Withdrawal,0.00,230.62,"48,310.15"
ID13557,26-Feb-2026,Payment,585.22,0.00,"50,157.11"
ID13557,28-Feb-2026,Direct Deposit,"4,119.28",0.00,"75,996.19"
ID13557,01-Feb-2026,Charge,0.00,809.93,"36,392.06"
ID13557,29-Mar-2026,Direct Deposit,"2,920.86",0.00,"9,584.88"
ID13557,03-Jan-2026,Transfer,0.00,669.36,"78,881.76"
ID13557,12-Feb-2026,Interest,98.36,0.00,"96,408.84"
ID13557,13-Mar-2026,Debit Card,0.00,129.96,"38,757.60"
ID13557,11-Feb-2026,Debit Card,0.00,791.49,"73,321.77"
ID13557,19-Jan-2026,Charge,0.00,159.61,"5,201.57"
ID13557,09-Mar-2026,Transfer,"1,794.53",0.00,"32,931.76"
ID13557,17-Mar-2026,Interest,409.43,0.00,"38,995.29"
ID13557,26-Feb-2026,Direct Deposit,"2,877.55",0.00,"29,032.59"
ID13557,22-Mar-2026,Charge,0.00,13.47,"84,475.91"
ID13557,01-Mar-2026,ATM Withdrawal,0.00,508.25,"51,904.82"
ID13557,08-Mar-2026,Charge,0.00,943.73,"9,415.66"
ID13557,13-Mar-2026,Transfer,"1,632.43",0.00,"88,096.17"
ID13557,23-Mar-2026,ATM Withdrawal,0.00,690.20,"85,270.47"
ID13557,19-Mar-2026,Interest,460.49,0.00,"97,513.01"
ID13558,20-Mar-2026,Payment,352.37,0.00,"37,759.56"
ID13558,22-Mar-2026,Interest,303.96,0.00,"49,040.95"
ID13558,29-Jan-2026,Interest,106.69,0.00,"81,433.96"
ID13558,30-Mar-2026,Direct Deposit,586.02,0.00,"79,483.24"
ID13558,28-Feb-2026,Interest,192.73,0.00,"23,118.93"
ID13558,30-Mar-2026,Interest,61.21,0.00,"11,702.87"
ID13558,03-Mar-2026,Direct Deposit,"1,999.20",0.00,"88,030.37"
ID13558,11-Feb-2026,Payment,0.00,637.16,"62,994.07"
ID13558,23-Jan-2026,Transfer,"1,655.18",0.00,"14,631.25"
ID13558,01-Mar-2026,Debit Card,0.00,125.25,"18,925.07"
ID13558,05-Jan-2026,Payment,945.07,0.00,"49,489.15"
ID13558,08-Feb-2026,Reversal,"1,243.37",0.00,"11,720.67"
ID13558,11-Feb-2026,Charge,0.00,249.06,"82,968.28"
ID13558,06-Feb-2026,Charge,0.00,349.35,"13,089.07"
ID13558,18-Feb-2026,Interest,286.22,0.00,"11,810.49"
ID13558,14-Feb-2026,Reversal,794.00,0.00,"8,246.43"
ID13558,18-Mar-2026,Transfer,0.00,"1,438.44","39,104.13"
ID13558,07-Feb-2026,Direct Deposit,"3,201.03",0.00,"58,946.52"
ID13558,15-Mar-2026,Debit Card,0.00,745.21,"38,342.43"
ID13558,26-Mar-2026,Debit Card,0.00,984.27,"17,613.16"
ID13559,12-Jan-2026,Transfer,0.00,380.05,"77,331.77"
ID13559,05-Jan-2026,Charge,0.00,580.77,"21,521.33"
ID13559,25-Jan-2026,Charge,0.00,221.41,"37,928.41"
ID13559,10-Mar-2026,Direct Deposit,"3,129.20",0.00,"97,188.53"
ID13559,28-Jan-2026,Charge,0.00,578.58,"64,304.55"
ID13559,22-Jan-2026,Direct Deposit,"3,977.78",0.00,"19,791.42"
ID13559,14-Mar-2026,Direct Deposit,"2,969.61",0.00,"67,263.13"
ID13559,04-Mar-2026,Transfer,400.11,0.00,"51,280.16"
ID13559,11-Jan-2026,Transfer,0.00,507.64,"74,582.61"
ID13559,16-Feb-2026,Interest,218.45,0.00,"10,280.15"
ID13559,06-Mar-2026,Charge,0.00,309.86,"10,355.89"
ID13559,25-Mar-2026,Direct Deposit,"4,886.54",0.00,"69,771.87"
ID13559,09-Feb-2026,Interest,107.75,0.00,"46,006.35"
ID13559,28-Feb-2026,Direct Deposit,"3,285.21",0.00,"6,814.05"
ID13559,10-Jan-2026,Interest,149.77,0.00,"78,831.81"
ID13559,24-Jan-2026,Charge,0.00,825.89,"28,671.60"
ID13559,28-Jan-2026,Charge,0.00,480.41,"25,206.96"
ID13559,23-Jan-2026,Reversal,0.00,"1,131.14","94,113.84"
ID13559,31-Mar-2026,Interest,482.18,0.00,"90,892.23"
ID13559,15-Mar-2026,Reversal,565.13,0.00,"34,730.28"
ID13560,02-Mar-2026,Debit Card,0.00,89.93,"74,254.09"
ID13560,05-Jan-2026,Transfer,"1,235.74",0.00,"92,408.02"
ID13560,05-Jan-2026,Interest,39.56,0.00,"18,616.75"
ID13560,26-Jan-2026,Direct Deposit,"2,926.44",0.00,"40,346.92"
ID13560,02-Apr-2026,Debit Card,0.00,795.50,"93,823.39"
ID13560,14-Mar-2026,Interest,198.35,0.00,"24,904.19"
ID13560,31-Jan-2026,Charge,0.00,356.62,"33,499.87"
ID13560,11-Feb-2026,Reversal,"1,618.27",0.00,"74,241.39"
ID13560,31-Jan-2026,ATM Withdrawal,0.00,705.97,"88,437.40"
ID13560,03-Jan-2026,Transfer,"1,145.38",0.00,"62,913.16"
ID13560,17-Jan-2026,Interest,490.50,0.00,"99,697.54"
ID13560,03-Feb-2026,Payment,0.00,"1,014.51","91,284.92"
ID13560,10-Mar-2026,Debit Card,0.00,414.89,"44,804.80"
ID13560,07-Jan-2026,Direct Deposit,"2,612.05",0.00,"3,199.15"
ID13560,27-Feb-2026,Reversal,892.00,0.00,"64,911.94"
ID13560,17-Jan-2026,Payment,0.00,"1,411.26","42,621.44"
ID13560,09-Mar-2026,Direct Deposit,"3,625.28",0.00,"52,080.86"
ID13560,10-Mar-2026,Reversal,0.00,"1,455.19","18,402.13"
ID13560,16-Feb-2026,Debit Card,0.00,271.90,"15,231.22"
ID13560,20-Feb-2026,Charge,0.00,830.16,"84,065.27"
ID13561,18-Jan-2026,Direct Deposit,"1,589.58",0.00,"14,119.40"
ID13561,10-Mar-2026,Transfer,"1,273.13",0.00,"98,107.57"
ID13561,28-Feb-2026,Transfer,0.00,636.01,"79,475.65"
ID13561,17-Jan-2026,Transfer,0.00,"1,245.89","88,104.24"
ID13561,17-Feb-2026,Reversal,0.00,547.40,"88,482.67"
ID13561,06-Jan-2026,Reversal,"1,804.41",0.00,"92,509.15"
ID13561,05-Feb-2026,ATM Withdrawal,0.00,797.71,"3,932.07"
ID13561,16-Jan-2026,Interest,178.77,0.00,"38,725.24"
ID13561,28-Mar-2026,Debit Card,0.00,249.31,"49,951.23"
ID13561,07-Jan-2026,Interest,141.09,0.00,"15,433.49"
ID13561,14-Mar-2026,Debit Card,0.00,783.32,"98,968.06"
ID13561,01-Feb-2026,Charge,0.00,20.35,"7,309.69"
ID13561,12-Jan-2026,Interest,199.96,0.00,"43,093.60"
ID13561,04-Jan-2026,Debit Card,0.00,619.93,"94,121.68"
ID13561,16-Mar-2026,Payment,914.63,0.00,"92,338.17"
ID13561,09-Feb-2026,Payment,"1,345.52",0.00,"20,640.38"
ID13561,13-Mar-2026,Payment,0.00,682.94,"82,372.85"
ID13561,03-Feb-2026,Charge,0.00,763.91,"91,173.67"
ID13561,20-Feb-2026,Payment,"1,034.03",0.00,"75,166.27"
ID13561,24-Jan-2026,Interest,240.43,0.00,"25,833.86"
ID13562,26-Jan-2026,Transfer,0.00,"1,193.96","87,987.87"
ID13562,20-Jan-2026,Payment,0.00,252.53,"8,149.33"
ID13562,26-Jan-2026,Reversal,0.00,"1,472.89","38,349.18"
ID13562,03-Mar-2026,Direct Deposit,"3,616.05",0.00,"28,662.27"
ID13562,16-Mar-2026,Transfer,0.00,"1,000.33","28,270.60"
ID13562,25-Mar-2026,ATM Withdrawal,0.00,890.61,"89,093.74"
ID13562,31-Mar-2026,Reversal,0.00,"1,144.90","68,298.08"
ID13562,05-Feb-2026,Interest,171.99,0.00,"75,428.28"
ID13562,13-Mar-2026,ATM Withdrawal,0.00,279.08,"17,061.94"
ID13562,23-Jan-2026,ATM Withdrawal,0.00,969.89,"87,242.75"
ID13562,07-Mar-2026,Transfer,0.00,335.88,"31,483.04"
ID13562,17-Feb-2026,Interest,368.61,0.00,"99,528.19"
ID13562,04-Mar-2026,Charge,0.00,875.48,"76,287.26"
ID13562,12-Jan-2026,Direct Deposit,"4,510.04",0.00,"15,003.21"
ID13562,15-Feb-2026,Transfer,"1,032.81",0.00,"94,646.10"
ID13562,05-Mar-2026,Payment,"1,602.32",0.00,"34,501.16"
ID13562,03-Jan-2026,Direct Deposit,"2,033.74",0.00,"43,934.59"
ID13562,01-Mar-2026,ATM Withdrawal,0.00,327.16,"13,678.01"
ID13562,30-Mar-2026,Direct Deposit,"1,532.35",0.00,"45,405.60"
ID13562,01-Feb-2026,Interest,262.51,0.00,"11,336.43"
ID13563,12-Jan-2026,Payment,"1,974.35",0.00,"51,133.89"
ID13563,24-Feb-2026,Transfer,"1,419.91",0.00,"34,767.34"
ID13563,23-Feb-2026,ATM Withdrawal,0.00,936.76,"72,067.57"
ID13563,12-Jan-2026,Direct Deposit,921.28,0.00,"9,543.14"
ID13563,24-Mar-2026,Direct Deposit,"3,801.51",0.00,"72,663.10"
ID13563,02-Apr-2026,Transfer,0.00,566.73,"26,398.61"
ID13563,30-Jan-2026,ATM Withdrawal,0.00,519.90,"67,514.82"
ID13563,02-Feb-2026,Transfer,776.65,0.00,"57,824.43"
ID13563,13-Feb-2026,Payment,0.00,788.85,"30,135.77"
ID13563,05-Mar-2026,Reversal,0.00,940.16,"71,655.30"
ID13563,12-Feb-2026,Direct Deposit,"2,295.62",0.00,"65,923.92"
ID13563,22-Jan-2026,Direct Deposit,"4,704.18",0.00,"6,711.05"
ID13563,25-Feb-2026,Direct Deposit,"3,065.89",0.00,"7,436.48"
ID13563,26-Jan-2026,ATM Withdrawal,0.00,816.71,"38,161.81"
ID13563,29-Mar-2026,Reversal,"1,976.55",0.00,"49,767.67"
ID13563,23-Mar-2026,Debit Card,0.00,503.22,"47,697.69"
ID13563,11-Jan-2026,Interest,103.33,0.00,"24,089.72"
ID13563,26-Feb-2026,Debit Card,0.00,85.91,"22,335.99"
ID13563,08-Feb-2026,Interest,26.17,0.00,"22,338.75"
ID13563,11-Mar-2026,Debit Card,0.00,900.07,"45,105.72"
ID13564,20-Mar-2026,Transfer,"1,642.17",0.00,"8,621.14"
ID13564,19-Feb-2026,ATM Withdrawal,0.00,223.24,"35,047.30"
ID13564,15-Mar-2026,Transfer,0.00,842.15,"73,828.93"
ID13564,19-Jan-2026,ATM Withdrawal,0.00,348.41,"90,400.70"
ID13564,02-Feb-2026,ATM Withdrawal,0.00,921.25,"46,609.80"
ID13564,15-Feb-2026,Payment,0.00,744.19,"95,691.03"
ID13564,29-Jan-2026,Reversal,797.66,0.00,"95,508.54"
ID13564,10-Feb-2026,Transfer,317.11,0.00,"46,883.26"
ID13564,24-Jan-2026,Reversal,"1,238.40",0.00,"68,313.63"
ID13564,22-Feb-2026,Interest,105.34,0.00,"5,866.69"
ID13564,12-Feb-2026,Debit Card,0.00,757.39,"15,168.45"
ID13564,05-Jan-2026,Transfer,0.00,256.93,"31,862.98"
ID13564,03-Feb-2026,ATM Withdrawal,0.00,708.33,"48,182.24"
ID13564,23-Mar-2026,Transfer,0.00,"1,225.07","56,832.31"
ID13564,27-Mar-2026,Interest,23.55,0.00,"73,419.85"
ID13564,28-Jan-2026,Charge,0.00,538.31,"30,409.00"
ID13564,15-Mar-2026,Interest,302.72,0.00,"45,655.56"
ID13564,14-Jan-2026,Payment,535.89,0.00,"82,394.68"
ID13564,18-Feb-2026,Debit Card,0.00,361.32,"74,465.18"
ID13564,04-Jan-2026,Interest,238.62,0.00,"51,952.26"
ID13565,26-Feb-2026,ATM Withdrawal,0.00,456.66,"61,840.58"
ID13565,08-Feb-2026,Transfer,"1,434.36",0.00,"90,469.13"
ID13565,21-Mar-2026,Direct Deposit,"2,171.33",0.00,"70,551.57"
ID13565,01-Feb-2026,Payment,798.55,0.00,"85,128.04"
ID13565,04-Mar-2026,Debit Card,0.00,66.99,"3,933.67"
ID13565,20-Mar-2026,Transfer,0.00,696.84,"94,843.03"
ID13565,29-Jan-2026,ATM Withdrawal,0.00,59.02,"85,492.49"
ID13565,25-Jan-2026,Interest,331.67,0.00,"30,635.39"
ID13565,03-Feb-2026,Debit Card,0.00,169.26,"42,129.18"
ID13565,13-Jan-2026,Transfer,390.99,0.00,"54,684.17"
ID13565,01-Feb-2026,Charge,0.00,977.21,"24,810.54"
ID13565,16-Feb-2026,Direct Deposit,"4,461.62",0.00,"87,933.54"
ID13565,10-Feb-2026,ATM Withdrawal,0.00,157.87,"11,327.32"
ID13565,10-Jan-2026,Transfer,0.00,"1,395.31","19,142.49"
ID13565,31-Jan-2026,ATM Withdrawal,0.00,787.32,"73,638.47"
ID13565,13-Feb-2026,Debit Card,0.00,265.12,"86,581.92"
ID13565,19-Jan-2026,Direct Deposit,"1,323.66",0.00,"96,291.83"
ID13565,28-Mar-2026,Interest,104.22,0.00,"42,375.63"
ID13565,27-Jan-2026,Charge,0.00,351.50,"80,125.27"
ID13565,06-Mar-2026,Payment,"1,408.60",0.00,"77,836.05"
ID13566,15-Mar-2026,Transfer,0.00,"1,416.11","30,445.83"
ID13566,10-Feb-2026,ATM Withdrawal,0.00,687.32,"29,637.65"
ID13566,26-Jan-2026,Payment,0.00,"1,000.38","70,745.81"
ID13566,08-Jan-2026,Transfer,0.00,112.76,"42,969.81"
ID13566,19-Mar-2026,Payment,"1,399.73",0.00,"85,638.52"
ID13566,19-Jan-2026,Payment,"1,650.38",0.00,"30,670.60"
ID13566,03-Feb-2026,Charge,0.00,524.81,"45,614.88"
ID13566,21-Feb-2026,Transfer,"1,103.60",0.00,"22,573.97"
ID13566,10-Mar-2026,Charge,0.00,897.00,"41,319.69"
ID13566,06-Mar-2026,Reversal,"1,450.27",0.00,"64,137.65"
ID13566,11-Jan-2026,Transfer,283.65,0.00,"56,597.49"
ID13566,30-Mar-2026,Reversal,"1,433.75",0.00,"10,271.52"
ID13566,13-Mar-2026,Interest,303.59,0.00,"36,381.96"
ID13566,14-Mar-2026,Interest,466.10,0.00,"96,607.84"
ID13566,02-Mar-2026,Charge,0.00,962.42,"3,026.11"
ID13566,18-Jan-2026,Transfer,0.00,582.37,"60,603.87"
ID13566,06-Jan-2026,Transfer,211.78,0.00,"30,519.70"
ID13566,05-Jan-2026,ATM Withdrawal,0.00,110.45,"51,560.84"
ID13566,29-Jan-2026,Transfer,280.92,0.00,"90,801.51"
ID13566,29-Mar-2026,Charge,0.00,486.42,"50,097.54"
ID13567,28-Jan-2026,Charge,0.00,587.15,"99,883.75"
ID13567,07-Mar-2026,Interest,136.96,0.00,"11,702.73"
ID13567,09-Mar-2026,Transfer,617.01,0.00,"45,905.61"
ID13567,12-Jan-2026,ATM Withdrawal,0.00,269.36,"53,047.38"
ID13567,01-Apr-2026,Interest,247.92,0.00,"72,091.30"
ID13567,24-Feb-2026,ATM Withdrawal,0.00,75.87,"75,494.72"
ID13567,31-Mar-2026,Transfer,"1,706.37",0.00,"63,045.13"
ID13567,03-Jan-2026,Payment,"1,697.69",0.00,"67,760.13"
ID13567,04-Mar-2026,Reversal,0.00,581.15,"74,306.20"
ID13567,19-Mar-2026,Charge,0.00,317.11,"59,740.50"
ID13567,11-Feb-2026,Payment,"1,318.26",0.00,"10,848.41"
ID13567,13-Feb-2026,Direct Deposit,"1,026.49",0.00,"52,149.40"
ID13567,21-Mar-2026,Transfer,563.88,0.00,"48,371.92"
ID13567,27-Feb-2026,Direct Deposit,"3,104.84",0.00,"58,361.96"
ID13567,13-Feb-2026,Direct Deposit,"1,818.94",0.00,"48,712.69"
ID13567,20-Feb-2026,Payment,0.00,158.41,"36,727.82"
ID13567,21-Mar-2026,Debit Card,0.00,336.01,"42,501.82"
ID13567,22-Jan-2026,Direct Deposit,"3,525.57",0.00,"64,664.40"
ID13567,16-Feb-2026,Debit Card,0.00,911.24,"19,941.55"
ID13567,14-Mar-2026,Debit Card,0.00,548.89,"79,968.29"
ID13568,01-Mar-2026,Payment,0.00,"1,378.19","19,388.40"
ID13568,19-Jan-2026,Transfer,0.00,"1,413.97","98,378.49"
ID13568,05-Feb-2026,ATM Withdrawal,0.00,486.43,"37,180.21"
ID13568,28-Mar-2026,ATM Withdrawal,0.00,926.72,"58,693.17"
ID13568,21-Jan-2026,Charge,0.00,802.58,"28,596.42"
ID13568,05-Jan-2026,Charge,0.00,511.82,"83,833.90"
ID13568,01-Mar-2026,ATM Withdrawal,0.00,871.81,"52,509.97"
ID13568,13-Mar-2026,Direct Deposit,"1,719.22",0.00,"8,611.14"
ID13568,19-Feb-2026,Debit Card,0.00,31.88,"15,187.73"
ID13568,16-Jan-2026,Direct Deposit,"2,745.37",0.00,"70,671.36"
ID13568,21-Jan-2026,Transfer,0.00,936.96,"17,194.65"
ID13568,20-Feb-2026,Reversal,966.57,0.00,"4,571.99"
ID13568,10-Feb-2026,Interest,289.05,0.00,"57,485.65"
ID13568,12-Feb-2026,ATM Withdrawal,0.00,223.69,"38,658.08"
ID13568,22-Mar-2026,Direct Deposit,"1,130.71",0.00,"61,314.80"
ID13568,02-Apr-2026,Charge,0.00,356.82,"47,787.33"
ID13568,18-Jan-2026,Payment,0.00,175.00,"19,995.94"
ID13568,26-Feb-2026,ATM Withdrawal,0.00,549.61,"55,767.27"
ID13568,17-Feb-2026,Interest,39.56,0.00,"15,526.27"
ID13568,10-Mar-2026,Interest,60.32,0.00,"6,393.14"
ID13569,23-Jan-2026,Payment,763.18,0.00,"50,624.75"
ID13569,03-Jan-2026,Payment,452.89,0.00,"81,283.27"
ID13569,28-Jan-2026,ATM Withdrawal,0.00,40.72,"16,663.52"
ID13569,04-Mar-2026,Charge,0.00,754.45,"74,351.51"
ID13569,10-Jan-2026,Payment,0.00,313.56,"15,907.20"
ID13569,27-Feb-2026,Payment,0.00,280.35,"42,601.97"
ID13569,23-Mar-2026,Debit Card,0.00,809.35,"76,182.65"
ID13569,16-Mar-2026,Payment,0.00,"1,487.32","45,970.06"
ID13569,01-Apr-2026,Interest,171.67,0.00,"66,733.36"
ID13569,22-Mar-2026,Interest,36.57,0.00,"62,249.67"
ID13569,18-Jan-2026,Reversal,0.00,"1,158.25","81,917.63"
ID13569,18-Feb-2026,Direct Deposit,"1,439.21",0.00,"41,790.85"
ID13569,28-Mar-2026,Payment,462.52,0.00,"91,308.14"
ID13569,23-Feb-2026,ATM Withdrawal,0.00,141.49,"57,723.22"
ID13569,13-Jan-2026,Reversal,0.00,234.43,"32,846.32"
ID13569,12-Mar-2026,Charge,0.00,163.62,"48,667.49"
ID13569,04-Jan-2026,Payment,"1,528.98",0.00,"8,368.09"
ID13569,22-Mar-2026,Charge,0.00,179.71,"64,649.95"
ID13569,14-Feb-2026,Charge,0.00,463.69,"41,667.94"
ID13569,21-Mar-2026,Payment,"1,595.04",0.00,"14,737.53"
ID13570,01-Apr-2026,Charge,0.00,124.79,"32,831.24"
ID13570,04-Mar-2026,Transfer,0.00,"1,202.92","44,398.60"
ID13570,23-Mar-2026,ATM Withdrawal,0.00,900.76,"99,592.28"
ID13570,28-Feb-2026,Payment,795.90,0.00,"26,927.06"
ID13570,10-Feb-2026,ATM Withdrawal,0.00,897.89,"92,563.30"
ID13570,01-Mar-2026,Transfer,471.95,0.00,"27,889.42"
ID13570,30-Mar-2026,Debit Card,0.00,289.00,"30,531.77"
ID13570,24-Jan-2026,ATM Withdrawal,0.00,402.87,"31,535.91"
ID13570,24-Jan-2026,ATM Withdrawal,0.00,901.37,"12,500.84"
ID13570,14-Jan-2026,Debit Card,0.00,711.79,"75,474.35"
ID13570,29-Jan-2026,ATM Withdrawal,0.00,194.01,"77,139.26"
ID13570,22-Feb-2026,Interest,359.92,0.00,"47,668.60"
ID13570,25-Feb-2026,ATM Withdrawal,0.00,29.00,"53,054.11"
ID13570,24-Mar-2026,Debit Card,0.00,127.59,"98,100.41"
ID13570,09-Feb-2026,Interest,480.20,0.00,"56,163.16"
ID13570,05-Feb-2026,Charge,0.00,311.11,"11,460.59"
ID13570,07-Mar-2026,Debit Card,0.00,277.09,"38,958.90"
ID13570,20-Jan-2026,Charge,0.00,709.77,"77,848.59"
ID13570,08-Mar-2026,Interest,291.12,0.00,"27,106.73"
ID13570,01-Apr-2026,Direct Deposit,"2,341.33",0.00,"37,028.60"
ID13571,23-Jan-2026,Interest,355.79,0.00,"46,529.78"
ID13571,09-Feb-2026,ATM Withdrawal,0.00,285.92,"31,255.59"
ID13571,13-Mar-2026,Interest,489.38,0.00,"95,192.55"
ID13571,12-Feb-2026,Direct Deposit,"1,769.20",0.00,"20,606.94"
ID13571,21-Mar-2026,Direct Deposit,"1,100.71",0.00,"41,357.53"
ID13571,22-Feb-2026,Reversal,0.00,751.25,"85,928.16"
ID13571,18-Jan-2026,Transfer,"1,643.78",0.00,"10,616.16"
ID13571,31-Mar-2026,Reversal,266.85,0.00,"8,818.11"
ID13571,11-Jan-2026,Transfer,"1,683.15",0.00,"58,734.07"
ID13571,01-Mar-2026,Interest,439.05,0.00,"3,851.98"
ID13571,05-Jan-2026,Debit Card,0.00,794.63,"83,467.89"
ID13571,17-Jan-2026,ATM Withdrawal,0.00,783.38,"50,984.33"
ID13571,16-Feb-2026,Direct Deposit,"2,320.93",0.00,"88,836.82"
ID13571,27-Mar-2026,Payment,"1,416.72",0.00,"43,318.33"
ID13571,21-Feb-2026,Debit Card,0.00,241.73,"54,080.56"
ID13571,28-Feb-2026,Transfer,0.00,277.08,"32,048.43"
ID13571,14-Feb-2026,ATM Withdrawal,0.00,760.66,"92,498.87"
ID13571,26-Mar-2026,Interest,278.90,0.00,"85,486.68"
ID13571,28-Mar-2026,Charge,0.00,226.14,"44,872.28"
ID13571,22-Feb-2026,Debit Card,0.00,453.14,"28,295.19"
ID13572,18-Mar-2026,Reversal,0.00,561.73,"65,357.99"
ID13572,31-Jan-2026,Debit Card,0.00,969.61,"14,099.99"
ID13572,23-Feb-2026,ATM Withdrawal,0.00,934.61,"10,142.07"
ID13572,05-Jan-2026,ATM Withdrawal,0.00,634.42,"99,060.76"
ID13572,23-Feb-2026,Debit Card,0.00,233.24,"50,076.36"
ID13572,14-Feb-2026,ATM Withdrawal,0.00,406.07,"78,756.61"
ID13572,26-Jan-2026,Debit Card,0.00,82.74,"78,604.52"
ID13572,25-Feb-2026,Interest,78.42,0.00,"35,347.32"
ID13572,28-Feb-2026,Reversal,0.00,516.10,"5,094.82"
ID13572,24-Feb-2026,Charge,0.00,834.42,"50,411.74"
ID13572,17-Feb-2026,Charge,0.00,607.01,"83,269.16"
ID13572,01-Mar-2026,Payment,0.00,"1,414.09","21,797.66"
ID13572,05-Jan-2026,Interest,197.52,0.00,"75,997.17"
ID13572,12-Feb-2026,Interest,348.83,0.00,"61,345.29"
ID13572,07-Jan-2026,Debit Card,0.00,365.33,"1,142.67"
ID13572,15-Jan-2026,Payment,0.00,"1,005.77","28,543.39"
ID13572,31-Jan-2026,Reversal,232.44,0.00,"97,137.72"
ID13572,01-Mar-2026,Interest,175.62,0.00,"16,511.54"
ID13572,12-Feb-2026,Charge,0.00,889.42,"50,999.16"
ID13572,03-Mar-2026,Payment,504.85,0.00,"35,080.36"
ID13573,21-Jan-2026,Transfer,0.00,"1,147.48","88,431.26"
ID13573,18-Jan-2026,ATM Withdrawal,0.00,192.09,"69,406.26"
ID13573,13-Jan-2026,Debit Card,0.00,607.94,"87,022.70"
ID13573,12-Jan-2026,Debit Card,0.00,351.62,"28,066.29"
ID13573,20-Jan-2026,Interest,29.91,0.00,"58,612.62"
ID13573,30-Mar-2026,Payment,0.00,403.85,"32,096.45"
ID13573,20-Mar-2026,ATM Withdrawal,0.00,92.72,"42,403.10"
ID13573,16-Mar-2026,Interest,70.16,0.00,"18,000.31"
ID13573,10-Feb-2026,Direct Deposit,"4,980.00",0.00,"59,176.67"
ID13573,04-Feb-2026,ATM Withdrawal,0.00,924.04,"1,145.88"
ID13573,01-Feb-2026,Debit Card,0.00,854.31,"53,301.88"
ID13573,27-Feb-2026,Direct Deposit,"4,900.90",0.00,"59,820.54"
ID13573,17-Jan-2026,Interest,360.29,0.00,"28,030.20"
ID13573,12-Mar-2026,ATM Withdrawal,0.00,414.79,"74,434.27"
ID13573,28-Feb-2026,Reversal,"1,303.90",0.00,"96,693.12"
ID13573,19-Jan-2026,Interest,132.25,0.00,"94,930.32"
ID13573,26-Mar-2026,Payment,"1,498.72",0.00,"95,158.60"
ID13573,05-Mar-2026,Payment,509.44,0.00,"99,255.61"
ID13573,31-Jan-2026,ATM Withdrawal,0.00,699.28,"67,429.50"
ID13573,19-Mar-2026,Reversal,0.00,528.68,"97,028.09"
ID13574,03-Apr-2026,Interest,61.38,0.00,"55,601.54"
ID13574,13-Jan-2026,Interest,169.08,0.00,"16,261.47"
ID13574,05-Jan-2026,Reversal,0.00,"1,231.48","29,274.12"
ID13574,29-Jan-2026,Interest,145.48,0.00,"29,250.42"
ID13574,23-Mar-2026,Transfer,"1,561.50",0.00,"76,531.04"
ID13574,24-Mar-2026,ATM Withdrawal,0.00,384.46,"33,204.75"
ID13574,11-Feb-2026,ATM Withdrawal,0.00,798.62,"47,236.81"
ID13574,20-Jan-2026,Reversal,0.00,"1,204.92","18,836.00"
ID13574,22-Feb-2026,ATM Withdrawal,0.00,333.17,"96,605.93"
ID13574,07-Mar-2026,Debit Card,0.00,874.86,"99,676.34"
ID13574,27-Feb-2026,Transfer,"1,396.18",0.00,"77,796.48"
ID13574,20-Feb-2026,Debit Card,0.00,144.59,"70,195.23"
ID13574,26-Feb-2026,Interest,142.28,0.00,"73,184.92"
ID13574,10-Feb-2026,Reversal,"1,656.58",0.00,"55,321.45"
ID13574,31-Jan-2026,Charge,0.00,124.56,"75,472.58"
ID13574,14-Feb-2026,Debit Card,0.00,664.06,"38,009.09"
ID13574,24-Jan-2026,Debit Card,0.00,569.15,"76,048.31"
ID13574,17-Feb-2026,Debit Card,0.00,787.33,"32,252.32"
ID13574,07-Feb-2026,Debit Card,0.00,247.64,"5,338.08"
ID13574,21-Jan-2026,Payment,0.00,916.66,"37,420.78"
ID13575,04-Jan-2026,Direct Deposit,"1,904.34",0.00,"58,501.49"
ID13575,12-Feb-2026,Debit Card,0.00,820.47,"74,588.50"
ID13575,23-Jan-2026,Transfer,429.70,0.00,"28,961.58"
ID13575,03-Apr-2026,Interest,218.31,0.00,"32,883.64"
ID13575,13-Feb-2026,Interest,22.17,0.00,"69,695.31"
ID13575,25-Jan-2026,Interest,468.21,0.00,"49,618.87"
ID13575,01-Feb-2026,ATM Withdrawal,0.00,208.36,"98,147.07"
ID13575,20-Mar-2026,Debit Card,0.00,205.60,"6,136.00"
ID13575,10-Jan-2026,Transfer,0.00,192.29,"22,252.41"
ID13575,23-Feb-2026,Interest,174.45,0.00,"17,797.06"
ID13575,21-Feb-2026,Charge,0.00,956.20,"23,650.95"
ID13575,11-Feb-2026,Debit Card,0.00,491.48,"1,695.47"
ID13575,20-Mar-2026,Debit Card,0.00,11.87,"11,505.77"
ID13575,04-Mar-2026,Transfer,0.00,705.16,"91,138.06"
ID13575,14-Feb-2026,Charge,0.00,752.10,"6,061.61"
ID13575,12-Feb-2026,ATM Withdrawal,0.00,14.26,"64,959.78"
ID13575,28-Feb-2026,Payment,0.00,831.11,"98,766.39"
ID13575,07-Jan-2026,Reversal,0.00,"1,267.51","81,327.35"
ID13575,09-Feb-2026,Charge,0.00,737.96,"21,062.82"
ID13575,02-Feb-2026,Direct Deposit,"3,395.51",0.00,"52,581.18"
ID13576,26-Feb-2026,ATM Withdrawal,0.00,87.00,"52,116.91"
ID13576,25-Feb-2026,Debit Card,0.00,790.37,"34,067.90"
ID13576,18-Jan-2026,Transfer,"1,738.73",0.00,"12,857.63"
ID13576,15-Jan-2026,Payment,"1,432.92",0.00,"48,694.40"
ID13576,18-Mar-2026,Transfer,"1,601.50",0.00,"20,950.01"
ID13576,28-Mar-2026,Transfer,0.00,736.06,"21,710.79"
ID13576,15-Mar-2026,Interest,256.04,0.00,"13,137.62"
ID13576,02-Apr-2026,Reversal,0.00,"1,143.67","70,041.04"
ID13576,21-Jan-2026,Payment,225.17,0.00,"69,292.66"
ID13576,16-Jan-2026,Interest,280.30,0.00,"41,381.58"
ID13576,03-Apr-2026,Debit Card,0.00,756.44,"9,236.05"
ID13576,26-Jan-2026,Charge,0.00,724.66,"59,791.32"
ID13576,26-Feb-2026,Transfer,0.00,654.25,"5,055.72"
ID13576,15-Jan-2026,Charge,0.00,247.27,"2,018.22"
ID13576,28-Mar-2026,Direct Deposit,"1,572.75",0.00,"32,498.62"
ID13576,25-Feb-2026,Charge,0.00,454.57,"58,785.40"
ID13576,09-Feb-2026,Transfer,0.00,597.35,"77,403.80"
ID13576,22-Jan-2026,Transfer,711.10,0.00,"42,207.42"
ID13576,06-Feb-2026,Transfer,549.68,0.00,"55,622.87"
ID13576,30-Jan-2026,Debit Card,0.00,886.86,"9,151.43"
ID13577,07-Mar-2026,Transfer,"1,688.41",0.00,"67,680.15"
ID13577,28-Mar-2026,Reversal,650.62,0.00,"72,382.05"
ID13577,02-Apr-2026,Charge,0.00,313.49,"95,917.00"
ID13577,11-Feb-2026,Payment,930.25,0.00,"52,972.16"
ID13577,08-Mar-2026,Reversal,0.00,434.80,"27,188.55"
ID13577,18-Feb-2026,Debit Card,0.00,445.13,"44,456.69"
ID13577,04-Jan-2026,Direct Deposit,"1,191.99",0.00,"56,570.09"
ID13577,13-Mar-2026,Direct Deposit,"2,925.49",0.00,"65,788.84"
ID13577,02-Feb-2026,Interest,51.50,0.00,"36,275.18"
ID13577,11-Jan-2026,Charge,0.00,363.18,"28,100.13"
ID13577,03-Feb-2026,Payment,0.00,397.19,"56,635.10"
ID13577,02-Mar-2026,Transfer,0.00,137.25,"36,835.31"
ID13577,21-Feb-2026,Charge,0.00,534.96,"41,185.29"
ID13577,05-Mar-2026,Reversal,120.39,0.00,"70,253.49"
ID13577,29-Mar-2026,Charge,0.00,924.54,"34,322.19"
ID13577,17-Jan-2026,Interest,19.33,0.00,"71,966.48"
ID13577,06-Feb-2026,Transfer,684.31,0.00,"24,396.22"
ID13577,16-Jan-2026,ATM Withdrawal,0.00,915.48,"87,421.25"
ID13577,03-Feb-2026,Direct Deposit,694.25,0.00,"9,592.49"
ID13577,28-Jan-2026,Reversal,0.00,617.14,"20,039.55"
ID13578,06-Mar-2026,Reversal,795.19,0.00,"27,755.37"
ID13578,03-Apr-2026,Transfer,0.00,296.62,"23,879.18"
ID13578,19-Mar-2026,Interest,487.97,0.00,"25,902.36"
ID13578,06-Jan-2026,Charge,0.00,482.79,"91,315.93"
ID13578,03-Apr-2026,Reversal,"1,769.33",0.00,"26,569.20"
ID13578,05-Mar-2026,Direct Deposit,"3,925.71",0.00,"53,299.77"
ID13578,23-Jan-2026,ATM Withdrawal,0.00,865.20,"5,046.84"
ID13578,08-Jan-2026,Charge,0.00,922.92,"63,949.70"
ID13578,10-Mar-2026,Reversal,"1,885.48",0.00,"86,963.81"
ID13578,12-Jan-2026,Reversal,0.00,"1,486.32","80,546.76"
ID13578,27-Mar-2026,Charge,0.00,70.87,"38,180.63"
ID13578,22-Mar-2026,Interest,88.43,0.00,"51,579.86"
ID13578,17-Jan-2026,Transfer,918.77,0.00,"19,340.07"
ID13578,03-Mar-2026,Payment,0.00,755.52,"10,311.69"
ID13578,05-Mar-2026,Payment,"1,148.53",0.00,"38,856.46"
ID13578,29-Mar-2026,Direct Deposit,"4,531.26",0.00,"41,958.56"
ID13578,11-Jan-2026,Debit Card,0.00,73.96,"36,786.39"
ID13578,04-Mar-2026,Interest,342.74,0.00,"36,587.33"
ID13578,25-Jan-2026,Direct Deposit,"4,000.21",0.00,"11,355.28"
ID13578,27-Jan-2026,Charge,0.00,761.01,"20,879.32"
ID13579,28-Jan-2026,Interest,212.73,0.00,"44,715.82"
ID13579,07-Feb-2026,Payment,0.00,"1,427.11","46,024.52"
ID13579,23-Jan-2026,Interest,219.23,0.00,"1,052.46"
ID13579,09-Mar-2026,Reversal,"1,197.47",0.00,"46,612.86"
ID13579,04-Jan-2026,Direct Deposit,"4,722.98",0.00,"31,465.05"
ID13579,10-Feb-2026,Charge,0.00,898.44,"13,843.90"
ID13579,01-Apr-2026,Debit Card,0.00,998.36,"77,856.56"
ID13579,07-Mar-2026,Debit Card,0.00,115.65,"71,836.83"
ID13579,11-Feb-2026,Payment,0.00,"1,331.67","50,832.59"
ID13579,07-Feb-2026,Direct Deposit,"2,724.41",0.00,"98,017.33"
ID13579,21-Jan-2026,Debit Card,0.00,270.20,"33,838.13"
ID13579,19-Feb-2026,Direct Deposit,"2,860.57",0.00,"18,577.08"
ID13579,30-Mar-2026,Direct Deposit,"1,325.93",0.00,"59,220.13"
ID13579,03-Apr-2026,Payment,0.00,512.03,"53,533.35"
ID13579,18-Feb-2026,ATM Withdrawal,0.00,658.87,"18,629.64"
ID13579,31-Jan-2026,Payment,0.00,699.38,"98,891.59"
ID13579,12-Jan-2026,Payment,0.00,230.18,"76,358.72"
ID13579,06-Mar-2026,Debit Card,0.00,375.50,"79,702.28"
ID13579,23-Feb-2026,Transfer,437.64,0.00,"98,504.00"
ID13579,05-Jan-2026,Direct Deposit,"3,281.95",0.00,"11,949.53"
ID13580,21-Jan-2026,Interest,220.53,0.00,"69,414.70"
ID13580,02-Feb-2026,Debit Card,0.00,943.73,"59,127.14"
ID13580,30-Jan-2026,Reversal,0.00,249.84,"28,499.79"
ID13580,30-Jan-2026,Direct Deposit,"1,839.90",0.00,"98,775.29"
ID13580,30-Mar-2026,Reversal,916.32,0.00,"44,096.07"
ID13580,16-Feb-2026,Transfer,"1,572.18",0.00,"51,705.44"
ID13580,08-Feb-2026,Charge,0.00,547.61,"47,713.15"
ID13580,25-Mar-2026,Charge,0.00,317.35,"45,576.05"
ID13580,11-Jan-2026,Transfer,283.98,0.00,"64,312.78"
ID13580,06-Jan-2026,Debit Card,0.00,201.16,"36,286.35"
ID13580,17-Mar-2026,Transfer,0.00,530.20,"22,402.67"
ID13580,09-Jan-2026,Transfer,"1,047.53",0.00,"52,388.31"
ID13580,23-Feb-2026,Debit Card,0.00,752.22,"28,207.71"
ID13580,06-Jan-2026,Direct Deposit,"2,859.98",0.00,"33,757.27"
ID13580,21-Feb-2026,Charge,0.00,478.50,"4,873.67"
ID13580,11-Feb-2026,Reversal,0.00,802.93,"66,583.74"
ID13580,28-Jan-2026,Debit Card,0.00,739.19,"99,913.40"
ID13580,13-Mar-2026,Charge,0.00,427.45,"90,787.63"
ID13580,05-Mar-2026,Interest,158.49,0.00,"80,611.42"
ID13580,31-Mar-2026,Charge,0.00,501.65,"97,160.81"
ID13581,10-Mar-2026,Interest,379.11,0.00,"74,798.39"
ID13581,04-Mar-2026,Transfer,"1,216.28",0.00,"80,666.96"
ID13581,19-Jan-2026,Direct Deposit,"2,751.09",0.00,"75,021.17"
ID13581,24-Mar-2026,Interest,49.39,0.00,"33,301.96"
ID13581,18-Mar-2026,Debit Card,0.00,338.35,"62,995.39"
ID13581,25-Jan-2026,Direct Deposit,"3,227.13",0.00,"87,527.25"
ID13581,07-Mar-2026,Debit Card,0.00,544.19,"32,996.76"
ID13581,08-Mar-2026,ATM Withdrawal,0.00,773.23,"89,222.54"
ID13581,06-Mar-2026,Reversal,0.00,"1,349.39","61,219.05"
ID13581,29-Jan-2026,Reversal,0.00,"1,075.04","22,668.37"
ID13581,07-Mar-2026,Debit Card,0.00,262.47,"57,847.39"
ID13581,13-Feb-2026,Payment,110.85,0.00,"13,435.22"
ID13581,08-Jan-2026,Payment,"1,667.80",0.00,"58,256.55"
ID13581,29-Mar-2026,Charge,0.00,863.10,"78,715.25"
ID13581,21-Mar-2026,Transfer,0.00,143.50,"10,218.85"
ID13581,12-Feb-2026,Direct Deposit,"2,715.02",0.00,"23,773.36"
ID13581,16-Mar-2026,Charge,0.00,569.29,"11,202.11"
ID13581,11-Mar-2026,Transfer,0.00,779.05,"84,772.71"
ID13581,12-Mar-2026,Interest,451.31,0.00,"25,734.18"
ID13581,09-Feb-2026,Transfer,504.83,0.00,"86,525.99"
ID13582,04-Feb-2026,Payment,0.00,"1,013.31","23,391.36"
ID13582,25-Mar-2026,Debit Card,0.00,91.10,"45,114.17"
ID13582,16-Mar-2026,Direct Deposit,"4,210.53",0.00,"78,441.30"
ID13582,07-Feb-2026,Charge,0.00,399.00,"16,086.27"
ID13582,13-Feb-2026,ATM Withdrawal,0.00,788.88,"21,162.60"
ID13582,18-Feb-2026,Payment,0.00,117.06,"39,362.60"
ID13582,13-Mar-2026,Direct Deposit,"4,426.39",0.00,"65,213.01"
ID13582,28-Jan-2026,Charge,0.00,713.75,"40,439.25"
ID13582,25-Feb-2026,Interest,213.90,0.00,"3,061.92"
ID13582,21-Mar-2026,Charge,0.00,436.39,"35,938.18"
ID13582,22-Feb-2026,ATM Withdrawal,0.00,25.40,"26,859.48"
ID13582,26-Mar-2026,Direct Deposit,"3,964.94",0.00,"9,515.46"
ID13582,12-Mar-2026,Transfer,302.86,0.00,"74,984.35"
ID13582,20-Feb-2026,Charge,0.00,433.50,"63,395.32"
ID13582,09-Mar-2026,Interest,322.70,0.00,"92,415.57"
ID13582,06-Feb-2026,Charge,0.00,911.88,"12,014.76"
ID13582,09-Feb-2026,Debit Card,0.00,43.24,"20,439.71"
ID13582,20-Feb-2026,Transfer,"1,619.71",0.00,"16,554.52"
ID13582,28-Mar-2026,ATM Withdrawal,0.00,806.21,"44,109.10"
ID13582,13-Mar-2026,Payment,0.00,"1,423.54","9,600.04"
ID13583,19-Mar-2026,Transfer,799.53,0.00,"67,396.94"
ID13583,26-Jan-2026,Charge,0.00,11.09,"83,419.10"
ID13583,04-Jan-2026,Charge,0.00,63.44,"2,277.24"
ID13583,07-Mar-2026,Transfer,"1,002.37",0.00,"93,175.88"
ID13583,24-Jan-2026,ATM Withdrawal,0.00,879.24,"52,015.73"
ID13583,09-Feb-2026,Transfer,565.94,0.00,"13,067.48"
ID13583,01-Mar-2026,Charge,0.00,794.19,"24,160.44"
ID13583,24-Jan-2026,Debit Card,0.00,834.75,"57,575.21"
ID13583,15-Mar-2026,Transfer,147.66,0.00,"80,365.96"
ID13583,17-Feb-2026,Payment,299.44,0.00,"54,660.46"
ID13583,06-Mar-2026,Charge,0.00,859.99,"59,738.16"
ID13583,18-Feb-2026,Payment,0.00,329.20,"44,678.12"
ID13583,27-Jan-2026,Charge,0.00,769.66,"26,939.44"
ID13583,30-Mar-2026,Charge,0.00,305.93,"67,222.05"
ID13583,16-Feb-2026,Direct Deposit,"4,056.34",0.00,"57,274.28"
ID13583,09-Feb-2026,Transfer,0.00,460.38,"15,411.74"
ID13583,30-Jan-2026,Transfer,0.00,"1,027.15","71,265.12"
ID13583,09-Jan-2026,Reversal,0.00,"1,134.91","3,339.46"
ID13583,08-Jan-2026,Payment,402.12,0.00,"51,223.10"
ID13583,16-Mar-2026,Interest,416.79,0.00,"17,432.34"
ID13584,26-Jan-2026,Charge,0.00,822.18,"10,561.24"
ID13584,29-Jan-2026,ATM Withdrawal,0.00,13.13,"98,087.05"
ID13584,29-Mar-2026,ATM Withdrawal,0.00,772.83,"60,175.48"
ID13584,13-Jan-2026,Charge,0.00,388.14,"36,305.83"
ID13584,11-Feb-2026,Charge,0.00,211.84,"32,097.54"
ID13584,07-Mar-2026,Direct Deposit,"1,636.93",0.00,"97,753.57"
ID13584,15-Mar-2026,Interest,466.75,0.00,"30,133.72"
ID13584,13-Feb-2026,Direct Deposit,"2,555.84",0.00,"87,054.29"
ID13584,23-Jan-2026,Debit Card,0.00,274.01,"54,803.63"
ID13584,26-Mar-2026,Payment,107.95,0.00,"2,741.18"
ID13584,01-Mar-2026,Interest,334.92,0.00,"3,471.23"
ID13584,17-Feb-2026,Interest,251.94,0.00,"63,602.01"
ID13584,31-Jan-2026,ATM Withdrawal,0.00,571.58,"52,973.97"
ID13584,12-Jan-2026,Payment,650.32,0.00,"95,303.00"
ID13584,25-Mar-2026,Payment,552.68,0.00,"78,164.50"
ID13584,11-Mar-2026,ATM Withdrawal,0.00,301.75,"44,971.77"
ID13584,02-Mar-2026,Reversal,738.56,0.00,"91,927.26"
ID13584,23-Mar-2026,Direct Deposit,"1,692.11",0.00,"61,441.02"
ID13584,01-Mar-2026,Interest,60.86,0.00,"58,736.88"
ID13584,26-Feb-2026,Charge,0.00,867.99,"68,151.03"
ID13585,16-Jan-2026,Direct Deposit,"2,802.26",0.00,"2,229.34"
ID13585,19-Jan-2026,Transfer,165.88,0.00,"5,445.57"
ID13585,19-Jan-2026,Interest,463.10,0.00,"87,951.45"
ID13585,30-Mar-2026,Charge,0.00,695.95,"31,099.41"
ID13585,30-Mar-2026,Payment,0.00,708.90,"15,185.16"
ID13585,17-Jan-2026,ATM Withdrawal,0.00,340.06,"47,121.54"
ID13585,05-Mar-2026,ATM Withdrawal,0.00,769.80,"91,206.64"
ID13585,17-Feb-2026,Debit Card,0.00,755.86,"53,977.34"
ID13585,01-Feb-2026,Interest,129.43,0.00,"40,862.33"
ID13585,09-Feb-2026,Payment,"1,629.43",0.00,"19,167.53"
ID13585,06-Feb-2026,Reversal,0.00,"1,491.75","28,021.64"
ID13585,25-Jan-2026,Reversal,0.00,140.14,"80,190.57"
ID13585,25-Mar-2026,ATM Withdrawal,0.00,173.41,"40,725.28"
ID13585,19-Jan-2026,Direct Deposit,"2,052.47",0.00,"28,953.82"
ID13585,29-Jan-2026,Transfer,0.00,"1,383.28","14,939.84"
ID13585,10-Mar-2026,ATM Withdrawal,0.00,371.54,"57,113.09"
ID13585,11-Feb-2026,Direct Deposit,"1,770.99",0.00,"58,973.06"
ID13585,26-Feb-2026,ATM Withdrawal,0.00,578.43,"50,891.54"
ID13585,11-Jan-2026,Payment,0.00,652.14,"8,799.71"
ID13585,17-Feb-2026,Transfer,0.00,"1,461.10","22,821.74"
ID13586,16-Feb-2026,Debit Card,0.00,503.47,"11,155.18"
ID13586,16-Feb-2026,Interest,82.81,0.00,"31,889.05"
ID13586,19-Mar-2026,Payment,"1,236.85",0.00,"99,365.84"
ID13586,05-Jan-2026,Interest,295.20,0.00,"30,194.09"
ID13586,18-Feb-2026,Interest,342.51,0.00,"68,473.74"
ID13586,27-Feb-2026,Payment,"1,876.65",0.00,"94,784.14"
ID13586,23-Feb-2026,Payment,626.41,0.00,"40,635.29"
ID13586,31-Jan-2026,Interest,452.87,0.00,"61,677.22"
ID13586,08-Jan-2026,Payment,0.00,782.00,"28,290.31"
ID13586,08-Feb-2026,Reversal,773.88,0.00,"51,708.51"
ID13586,25-Mar-2026,Direct Deposit,"3,116.40",0.00,"84,934.23"
ID13586,25-Feb-2026,Debit Card,0.00,554.47,"32,292.63"
ID13586,18-Mar-2026,Direct Deposit,"4,412.94",0.00,"66,080.04"
ID13586,22-Feb-2026,Debit Card,0.00,775.56,"76,496.62"
ID13586,08-Jan-2026,Interest,323.83,0.00,"72,119.65"
ID13586,02-Feb-2026,Reversal,"1,307.73",0.00,"51,104.12"
ID13586,31-Jan-2026,Charge,0.00,718.51,"34,608.31"
ID13586,11-Mar-2026,ATM Withdrawal,0.00,588.60,"3,078.81"
ID13586,23-Feb-2026,ATM Withdrawal,0.00,155.72,"52,577.41"
ID13586,12-Jan-2026,Payment,"1,371.71",0.00,"40,514.16"
ID13587,16-Mar-2026,Payment,"1,937.21",0.00,"67,990.51"
ID13587,11-Jan-2026,Reversal,0.00,137.26,"14,695.11"
ID13587,12-Feb-2026,Debit Card,0.00,12.80,"94,762.59"
ID13587,30-Mar-2026,Debit Card,0.00,748.81,"24,766.79"
ID13587,20-Mar-2026,Payment,269.27,0.00,"67,008.61"
ID13587,24-Feb-2026,Reversal,0.00,862.08,"2,027.57"
ID13587,26-Mar-2026,Charge,0.00,707.88,"27,103.76"
ID13587,09-Feb-2026,Charge,0.00,657.28,"95,942.93"
ID13587,05-Jan-2026,Interest,243.56,0.00,"55,675.76"
ID13587,06-Feb-2026,Transfer,"1,502.47",0.00,"84,535.49"
ID13587,26-Feb-2026,Reversal,0.00,220.26,"31,630.46"
ID13587,05-Mar-2026,Debit Card,0.00,144.99,"75,239.15"
ID13587,09-Feb-2026,Charge,0.00,160.37,"62,315.57"
ID13587,16-Jan-2026,Charge,0.00,626.52,"3,872.63"
ID13587,20-Feb-2026,Transfer,0.00,808.85,"46,460.50"
ID13587,14-Feb-2026,Reversal,0.00,311.55,"43,731.70"
ID13587,27-Feb-2026,Payment,0.00,174.74,"91,027.46"
ID13587,03-Jan-2026,Charge,0.00,450.02,"36,426.24"
ID13587,11-Feb-2026,Reversal,572.80,0.00,"84,228.70"
ID13587,07-Feb-2026,ATM Withdrawal,0.00,861.82,"26,104.79"
ID13588,03-Apr-2026,Transfer,467.19,0.00,"74,437.63"
ID13588,20-Jan-2026,Debit Card,0.00,239.80,"31,205.42"
ID13588,18-Feb-2026,Interest,214.31,0.00,"58,861.53"
ID13588,12-Jan-2026,ATM Withdrawal,0.00,446.94,"83,725.89"
ID13588,14-Jan-2026,Debit Card,0.00,647.52,"25,463.23"
ID13588,21-Mar-2026,Reversal,0.00,668.71,"18,957.49"
ID13588,25-Feb-2026,Reversal,"1,614.68",0.00,"21,823.23"
ID13588,29-Mar-2026,Direct Deposit,"2,216.20",0.00,"85,370.89"
ID13588,12-Jan-2026,Transfer,0.00,722.28,"27,079.07"
ID13588,01-Feb-2026,Debit Card,0.00,843.56,"61,248.37"
ID13588,20-Mar-2026,Reversal,"1,654.21",0.00,"58,554.74"
ID13588,18-Mar-2026,Charge,0.00,921.24,"50,703.12"
ID13588,07-Mar-2026,Payment,0.00,991.18,"73,108.52"
ID13588,01-Apr-2026,Charge,0.00,135.56,"37,874.73"
ID13588,05-Jan-2026,Charge,0.00,814.71,"3,668.06"
ID13588,16-Feb-2026,Direct Deposit,"4,663.68",0.00,"28,648.22"
ID13588,14-Mar-2026,Debit Card,0.00,626.06,"95,674.02"
ID13588,11-Mar-2026,Payment,"1,565.77",0.00,"37,983.20"
ID13588,03-Jan-2026,Payment,0.00,321.44,"55,092.36"
ID13588,10-Feb-2026,Interest,178.34,0.00,"1,322.29"
ID13589,04-Feb-2026,Transfer,0.00,750.43,"58,574.16"
ID13589,26-Jan-2026,Reversal,0.00,180.24,"94,159.70"
ID13589,10-Mar-2026,Transfer,0.00,"1,023.86","74,808.03"
ID13589,11-Jan-2026,ATM Withdrawal,0.00,779.87,"2,860.96"
ID13589,15-Jan-2026,Charge,0.00,951.87,"42,044.82"
ID13589,15-Jan-2026,Reversal,335.12,0.00,"44,960.03"
ID13589,09-Feb-2026,Reversal,921.99,0.00,"7,746.01"
ID13589,16-Feb-2026,Charge,0.00,450.81,"58,006.40"
ID13589,27-Jan-2026,Direct Deposit,"4,165.70",0.00,"53,689.53"
ID13589,15-Mar-2026,Direct Deposit,"4,715.16",0.00,"93,499.79"
ID13589,23-Mar-2026,Payment,562.62,0.00,"66,447.97"
ID13589,06-Jan-2026,Payment,"1,886.69",0.00,"89,003.25"
ID13589,10-Jan-2026,Direct Deposit,"3,910.63",0.00,"70,940.50"
ID13589,06-Mar-2026,Transfer,0.00,"1,484.97","78,537.79"
ID13589,08-Mar-2026,Reversal,0.00,"1,023.93","53,585.85"
ID13589,08-Mar-2026,Interest,200.06,0.00,"62,357.87"
ID13589,16-Feb-2026,Reversal,"1,857.22",0.00,"4,275.41"
ID13589,05-Jan-2026,Reversal,"1,693.68",0.00,"38,501.29"
ID13589,28-Jan-2026,Transfer,0.00,745.45,"29,293.80"
ID13589,18-Mar-2026,Transfer,0.00,307.51,"30,553.22"
ID13590,13-Jan-2026,Reversal,"1,970.49",0.00,"4,450.78"
ID13590,02-Feb-2026,Transfer,0.00,947.21,"6,858.85"
ID13590,20-Feb-2026,Direct Deposit,"2,823.58",0.00,"29,192.96"
ID13590,14-Feb-2026,Payment,"1,777.56",0.00,"45,377.31"
ID13590,01-Feb-2026,Interest,388.12,0.00,"15,467.72"
ID13590,11-Mar-2026,Payment,0.00,"1,481.63","21,882.29"
ID13590,06-Feb-2026,ATM Withdrawal,0.00,935.57,"37,797.40"
ID13590,11-Jan-2026,Direct Deposit,566.53,0.00,"42,886.06"
ID13590,09-Mar-2026,Payment,"1,817.41",0.00,"10,633.09"
ID13590,02-Apr-2026,Debit Card,0.00,878.92,"43,627.40"
ID13590,27-Mar-2026,Interest,118.60,0.00,"17,991.02"
ID13590,09-Mar-2026,Charge,0.00,720.31,"98,199.58"
ID13590,31-Mar-2026,Interest,198.46,0.00,"24,967.45"
ID13590,26-Jan-2026,Direct Deposit,"4,607.36",0.00,"42,989.59"
ID13590,16-Jan-2026,Interest,313.24,0.00,"45,905.16"
ID13590,01-Feb-2026,Interest,351.84,0.00,"26,046.24"
ID13590,13-Jan-2026,Charge,0.00,775.12,"77,438.54"
ID13590,10-Mar-2026,Interest,459.14,0.00,"53,423.76"
ID13590,02-Feb-2026,Payment,"1,846.52",0.00,"44,963.51"
ID13590,03-Apr-2026,Transfer,0.00,343.25,"19,129.47"
ID13591,04-Feb-2026,Reversal,0.00,792.54,"99,187.19"
ID13591,14-Feb-2026,Direct Deposit,"4,173.73",0.00,"14,541.55"
ID13591,06-Jan-2026,Direct Deposit,"3,540.41",0.00,"6,418.44"
ID13591,15-Feb-2026,Direct Deposit,730.92,0.00,"51,097.14"
ID13591,08-Mar-2026,Reversal,"1,027.59",0.00,"22,018.20"
ID13591,29-Jan-2026,Interest,264.81,0.00,"35,478.30"
ID13591,05-Mar-2026,Interest,12.01,0.00,"40,918.81"
ID13591,18-Mar-2026,Payment,0.00,596.03,"15,537.15"
ID13591,08-Jan-2026,Reversal,637.87,0.00,"55,844.25"
ID13591,05-Mar-2026,Direct Deposit,"2,340.04",0.00,"12,533.03"
ID13591,04-Feb-2026,Debit Card,0.00,784.94,"93,247.43"
ID13591,03-Apr-2026,Direct Deposit,"3,544.02",0.00,"56,417.37"
ID13591,06-Mar-2026,Payment,0.00,"1,305.89","36,333.97"
ID13591,08-Mar-2026,Interest,137.76,0.00,"91,461.83"
ID13591,03-Apr-2026,Reversal,"1,162.45",0.00,"20,427.66"
ID13591,25-Jan-2026,Payment,0.00,606.37,"11,377.03"
ID13591,06-Jan-2026,Direct Deposit,939.49,0.00,"41,936.43"
ID13591,01-Apr-2026,Debit Card,0.00,475.88,"85,151.44"
ID13591,16-Mar-2026,Charge,0.00,352.36,"43,439.42"
ID13591,11-Feb-2026,Reversal,"1,123.11",0.00,"2,559.89"
ID13592,27-Mar-2026,Payment,0.00,"1,084.55","42,365.37"
ID13592,19-Feb-2026,Debit Card,0.00,841.17,"2,696.25"
ID13592,21-Feb-2026,Direct Deposit,"3,766.24",0.00,"19,861.46"
ID13592,19-Mar-2026,Payment,0.00,977.18,"75,846.03"
ID13592,06-Mar-2026,Transfer,570.03,0.00,"82,914.85"
ID13592,01-Feb-2026,Debit Card,0.00,294.57,"95,024.24"
ID13592,14-Feb-2026,Reversal,445.99,0.00,"80,137.99"
ID13592,23-Jan-2026,ATM Withdrawal,0.00,511.62,"6,481.24"
ID13592,18-Jan-2026,Interest,32.75,0.00,"97,793.04"
ID13592,08-Jan-2026,Debit Card,0.00,789.03,"22,409.80"
ID13592,23-Mar-2026,Payment,490.46,0.00,"23,268.85"
ID13592,14-Jan-2026,Payment,961.60,0.00,"23,847.70"
ID13592,15-Jan-2026,Debit Card,0.00,351.16,"15,518.95"
ID13592,17-Mar-2026,Transfer,0.00,"1,339.56","36,076.99"
ID13592,20-Feb-2026,Debit Card,0.00,111.90,"34,614.04"
ID13592,17-Feb-2026,Interest,123.31,0.00,"58,877.03"
ID13592,28-Jan-2026,Reversal,"1,542.35",0.00,"66,216.48"
ID13592,21-Jan-2026,Transfer,0.00,"1,425.43","22,798.84"
ID13592,14-Feb-2026,Debit Card,0.00,234.02,"85,154.63"
ID13592,31-Jan-2026,Charge,0.00,87.95,"78,907.79"
ID13593,05-Feb-2026,Payment,104.41,0.00,"48,489.32"
ID13593,14-Feb-2026,Debit Card,0.00,861.80,"85,938.67"
ID13593,02-Apr-2026,ATM Withdrawal,0.00,125.15,"4,735.64"
ID13593,20-Jan-2026,Reversal,0.00,"1,489.11","78,718.16"
ID13593,18-Feb-2026,Direct Deposit,"3,511.64",0.00,"66,668.37"
ID13593,10-Mar-2026,Transfer,0.00,"1,402.96","3,780.44"
ID13593,03-Mar-2026,Payment,989.19,0.00,"17,233.52"
ID13593,03-Feb-2026,Direct Deposit,"3,427.01",0.00,"60,508.95"
ID13593,10-Jan-2026,Reversal,508.17,0.00,"77,197.10"
ID13593,20-Mar-2026,ATM Withdrawal,0.00,430.36,"10,730.46"
ID13593,11-Mar-2026,Payment,"1,112.42",0.00,"63,423.69"
ID13593,24-Mar-2026,Charge,0.00,682.59,"99,009.67"
ID13593,08-Jan-2026,Charge,0.00,208.75,"1,950.52"
ID13593,27-Feb-2026,ATM Withdrawal,0.00,212.41,"42,414.18"
ID13593,07-Mar-2026,Payment,0.00,"1,495.11","64,544.40"
ID13593,13-Jan-2026,Transfer,122.70,0.00,"51,411.60"
ID13593,31-Mar-2026,Charge,0.00,634.40,"70,794.09"
ID13593,29-Jan-2026,ATM Withdrawal,0.00,659.74,"67,184.26"
ID13593,19-Mar-2026,Reversal,573.41,0.00,"79,930.24"
ID13593,11-Feb-2026,ATM Withdrawal,0.00,351.55,"67,561.82"
ID13594,08-Jan-2026,Direct Deposit,"1,095.16",0.00,"50,421.07"
ID13594,16-Feb-2026,Reversal,0.00,"1,295.52","27,153.76"
ID13594,03-Jan-2026,Direct Deposit,"3,164.57",0.00,"71,322.75"
ID13594,05-Mar-2026,Payment,0.00,300.48,"36,359.62"
ID13594,12-Mar-2026,Payment,0.00,805.19,"68,102.73"
ID13594,26-Mar-2026,Charge,0.00,686.05,"91,520.51"
ID13594,19-Mar-2026,Charge,0.00,450.67,"50,491.17"
ID13594,09-Jan-2026,Reversal,254.41,0.00,"26,597.09"
ID13594,14-Feb-2026,ATM Withdrawal,0.00,109.24,"93,759.83"
ID13594,16-Feb-2026,Payment,0.00,"1,227.76","72,647.62"
ID13594,25-Feb-2026,Payment,0.00,"1,297.60","8,058.80"
ID13594,11-Feb-2026,Interest,35.15,0.00,"13,494.62"
ID13594,22-Jan-2026,Direct Deposit,"4,344.72",0.00,"60,453.07"
ID13594,03-Feb-2026,Reversal,0.00,453.92,"1,009.86"
ID13594,20-Feb-2026,Interest,157.43,0.00,"88,121.74"
ID13594,11-Feb-2026,Transfer,0.00,237.75,"29,244.12"
ID13594,21-Mar-2026,Charge,0.00,805.96,"15,849.25"
ID13594,17-Jan-2026,ATM Withdrawal,0.00,98.45,"75,113.13"
ID13594,23-Feb-2026,Direct Deposit,"3,088.69",0.00,"19,144.99"
ID13594,23-Mar-2026,Charge,0.00,19.49,"81,667.53"
ID13595,21-Jan-2026,Reversal,0.00,326.16,"94,010.96"
ID13595,27-Mar-2026,Direct Deposit,"4,753.34",0.00,"41,802.62"
ID13595,14-Mar-2026,Debit Card,0.00,349.47,"54,726.21"
ID13595,05-Jan-2026,Direct Deposit,"1,813.16",0.00,"43,391.69"
ID13595,08-Mar-2026,ATM Withdrawal,0.00,814.72,"70,553.03"
ID13595,18-Feb-2026,ATM Withdrawal,0.00,362.00,"96,730.36"
ID13595,16-Mar-2026,Reversal,925.73,0.00,"59,543.60"
ID13595,08-Mar-2026,ATM Withdrawal,0.00,121.91,"17,204.35"
ID13595,25-Jan-2026,Direct Deposit,"1,411.17",0.00,"16,842.08"
ID13595,16-Feb-2026,Transfer,0.00,706.64,"6,357.48"
ID13595,30-Mar-2026,Charge,0.00,357.77,"94,271.30"
ID13595,30-Mar-2026,Charge,0.00,801.66,"25,967.46"
ID13595,14-Mar-2026,Reversal,0.00,473.79,"58,495.00"
ID13595,28-Feb-2026,Reversal,"1,411.22",0.00,"19,507.23"
ID13595,25-Feb-2026,Debit Card,0.00,899.88,"1,250.73"
ID13595,05-Jan-2026,ATM Withdrawal,0.00,867.28,"73,241.22"
ID13595,08-Feb-2026,Interest,223.76,0.00,"59,287.26"
ID13595,27-Jan-2026,Direct Deposit,"3,831.65",0.00,"95,620.62"
ID13595,07-Jan-2026,Payment,0.00,802.56,"37,312.84"
ID13595,18-Feb-2026,ATM Withdrawal,0.00,123.37,"81,281.95"
ID13596,18-Jan-2026,Reversal,0.00,571.99,"34,859.51"
ID13596,15-Jan-2026,Interest,107.87,0.00,"42,874.42"
ID13596,24-Feb-2026,Direct Deposit,"1,479.41",0.00,"70,673.29"
ID13596,21-Jan-2026,Payment,475.62,0.00,"52,682.23"
ID13596,02-Mar-2026,Debit Card,0.00,536.19,"54,196.91"
ID13596,07-Jan-2026,Transfer,0.00,783.98,"8,848.20"
ID13596,08-Jan-2026,ATM Withdrawal,0.00,954.77,"85,206.75"
ID13596,12-Jan-2026,ATM Withdrawal,0.00,212.42,"53,599.42"
ID13596,29-Jan-2026,Payment,842.97,0.00,"66,449.56"
ID13596,09-Mar-2026,Interest,91.60,0.00,"90,830.78"
ID13596,26-Feb-2026,Charge,0.00,549.16,"70,753.08"
ID13596,21-Feb-2026,Debit Card,0.00,643.58,"43,783.40"
ID13596,03-Feb-2026,Reversal,0.00,"1,316.13","18,291.41"
ID13596,28-Feb-2026,Direct Deposit,"4,488.48",0.00,"32,506.39"
ID13596,27-Jan-2026,Reversal,0.00,"1,243.88","72,881.50"
ID13596,13-Jan-2026,Debit Card,0.00,895.32,"28,548.79"
ID13596,06-Feb-2026,Direct Deposit,"4,922.33",0.00,"15,365.59"
ID13596,27-Feb-2026,Charge,0.00,611.05,"90,873.50"
ID13596,20-Jan-2026,Direct Deposit,"4,103.08",0.00,"59,124.78"
ID13596,06-Jan-2026,Transfer,0.00,"1,033.33","22,023.29"
ID13597,21-Feb-2026,ATM Withdrawal,0.00,593.79,"16,788.13"
ID13597,02-Feb-2026,Direct Deposit,"1,985.57",0.00,"53,079.76"
ID13597,25-Jan-2026,Charge,0.00,653.09,"51,065.83"
ID13597,05-Mar-2026,ATM Withdrawal,0.00,761.27,"30,796.42"
ID13597,11-Feb-2026,Debit Card,0.00,817.17,"10,152.11"
ID13597,04-Jan-2026,Debit Card,0.00,630.40,"28,191.86"
ID13597,20-Mar-2026,Transfer,0.00,"1,409.53","82,210.10"
ID13597,12-Mar-2026,Debit Card,0.00,112.53,"30,395.83"
ID13597,06-Feb-2026,Direct Deposit,"1,272.83",0.00,"10,783.17"
ID13597,11-Feb-2026,Interest,370.08,0.00,"61,172.96"
ID13597,09-Mar-2026,Debit Card,0.00,197.22,"68,204.46"
ID13597,25-Feb-2026,Debit Card,0.00,114.31,"69,538.97"
ID13597,06-Mar-2026,Reversal,0.00,956.77,"65,458.73"
ID13597,29-Mar-2026,Debit Card,0.00,583.10,"10,743.95"
ID13597,22-Mar-2026,Transfer,990.09,0.00,"22,381.33"
ID13597,30-Jan-2026,Reversal,729.41,0.00,"39,800.68"
ID13597,15-Mar-2026,ATM Withdrawal,0.00,733.49,"88,293.78"
ID13597,08-Mar-2026,Interest,303.45,0.00,"20,136.28"
ID13597,02-Feb-2026,Payment,0.00,552.72,"88,472.50"
ID13597,09-Jan-2026,Transfer,0.00,51.90,"28,005.87"
ID13598,13-Jan-2026,Direct Deposit,"3,875.21",0.00,"62,897.63"
ID13598,01-Feb-2026,Interest,342.11,0.00,"62,422.67"
ID13598,20-Jan-2026,Charge,0.00,340.83,"4,811.47"
ID13598,21-Mar-2026,Direct Deposit,"3,201.52",0.00,"29,765.38"
ID13598,03-Mar-2026,Transfer,0.00,713.86,"99,398.12"
ID13598,26-Mar-2026,Payment,0.00,813.20,"49,813.40"
ID13598,27-Mar-2026,Payment,0.00,617.44,"65,073.03"
ID13598,08-Mar-2026,Direct Deposit,"3,621.75",0.00,"74,044.23"
ID13598,10-Mar-2026,Charge,0.00,350.14,"14,811.02"
ID13598,06-Feb-2026,Charge,0.00,75.56,"66,610.26"
ID13598,05-Jan-2026,Reversal,0.00,866.45,"32,109.70"
ID13598,28-Mar-2026,Debit Card,0.00,917.64,"18,241.56"
ID13598,06-Mar-2026,Reversal,0.00,"1,472.19","96,993.10"
ID13598,26-Mar-2026,Payment,332.89,0.00,"15,950.25"
ID13598,24-Mar-2026,Payment,"1,119.22",0.00,"81,577.21"
ID13598,02-Feb-2026,Interest,71.62,0.00,"29,692.08"
ID13598,27-Mar-2026,Reversal,376.14,0.00,"77,473.44"
ID13598,05-Feb-2026,Reversal,"1,539.27",0.00,"73,981.72"
ID13598,17-Mar-2026,Debit Card,0.00,45.61,"97,610.05"
ID13598,21-Feb-2026,Debit Card,0.00,111.72,"70,080.91"
ID13599,04-Mar-2026,Reversal,600.83,0.00,"43,893.84"
ID13599,06-Jan-2026,Interest,40.68,0.00,"11,351.99"
ID13599,27-Feb-2026,Interest,108.24,0.00,"15,944.83"
ID13599,22-Mar-2026,Interest,269.39,0.00,"93,273.73"
ID13599,20-Mar-2026,Charge,0.00,714.78,"52,450.65"
ID13599,04-Jan-2026,ATM Withdrawal,0.00,564.35,"20,576.46"
ID13599,25-Mar-2026,Debit Card,0.00,331.34,"48,313.04"
ID13599,22-Jan-2026,Reversal,"1,938.22",0.00,"80,028.43"
ID13599,09-Feb-2026,Debit Card,0.00,475.67,"59,652.90"
ID13599,03-Feb-2026,Charge,0.00,837.79,"39,366.40"
ID13599,19-Mar-2026,ATM Withdrawal,0.00,401.88,"34,818.03"
ID13599,25-Mar-2026,Direct Deposit,"4,174.22",0.00,"87,717.98"
ID13599,03-Mar-2026,Charge,0.00,563.41,"89,255.99"
ID13599,16-Jan-2026,Direct Deposit,"2,974.21",0.00,"28,861.16"
ID13599,26-Mar-2026,ATM Withdrawal,0.00,530.15,"6,740.18"
ID13599,26-Feb-2026,ATM Withdrawal,0.00,724.93,"99,612.98"
ID13599,16-Mar-2026,Payment,"1,454.63",0.00,"57,462.62"
ID13599,31-Mar-2026,Transfer,"1,335.23",0.00,"71,730.40"
ID13599,03-Apr-2026,Charge,0.00,150.96,"14,346.83"
ID13599,30-Jan-2026,Reversal,0.00,"1,119.52","10,880.58"
ID13600,19-Jan-2026,Transfer,0.00,307.89,"98,798.70"
ID13600,28-Feb-2026,Charge,0.00,222.32,"99,438.87"
ID13600,15-Feb-2026,Transfer,0.00,169.71,"4,248.55"
ID13600,31-Jan-2026,Direct Deposit,"2,252.87",0.00,"33,419.83"
ID13600,01-Mar-2026,Direct Deposit,"4,815.31",0.00,"32,054.66"
ID13600,23-Feb-2026,Reversal,0.00,844.93,"64,912.32"
ID13600,20-Mar-2026,Transfer,"1,621.92",0.00,"21,317.82"
ID13600,28-Jan-2026,Interest,362.68,0.00,"30,823.00"
ID13600,23-Jan-2026,Debit Card,0.00,889.18,"77,995.41"
ID13600,15-Mar-2026,Interest,265.22,0.00,"59,288.26"
ID13600,01-Mar-2026,Reversal,0.00,"1,389.36","56,279.32"
ID13600,06-Mar-2026,ATM Withdrawal,0.00,487.70,"84,170.35"
ID13600,23-Feb-2026,Interest,121.09,0.00,"76,785.39"
ID13600,10-Jan-2026,ATM Withdrawal,0.00,562.59,"52,893.06"
ID13600,06-Feb-2026,Transfer,688.32,0.00,"46,109.61"
ID13600,20-Jan-2026,ATM Withdrawal,0.00,648.21,"84,654.88"
ID13600,03-Mar-2026,Direct Deposit,"4,841.07",0.00,"40,983.83"
ID13600,24-Feb-2026,Transfer,348.75,0.00,"5,229.81"
ID13600,29-Mar-2026,Interest,418.20,0.00,"26,875.95"
ID13600,09-Jan-2026,Payment,0.00,802.15,"14,082.53"
ID13601,15-Jan-2026,Charge,0.00,498.62,"6,305.04"
ID13601,15-Feb-2026,Interest,61.25,0.00,"24,861.18"
ID13601,14-Feb-2026,Direct Deposit,"1,928.32",0.00,"42,390.52"
ID13601,01-Mar-2026,Charge,0.00,984.49,"65,757.00"
ID13601,23-Jan-2026,Reversal,830.26,0.00,"19,099.41"
ID13601,04-Mar-2026,Reversal,0.00,"1,479.49","20,478.28"
ID13601,15-Jan-2026,Payment,0.00,433.09,"28,381.06"
ID13601,09-Feb-2026,Transfer,0.00,619.92,"39,841.89"
ID13601,27-Jan-2026,Charge,0.00,117.08,"25,376.45"
ID13601,08-Feb-2026,ATM Withdrawal,0.00,645.07,"5,144.51"
ID13601,19-Jan-2026,Transfer,0.00,"1,246.97","47,274.39"
ID13601,13-Mar-2026,ATM Withdrawal,0.00,412.58,"4,098.50"
ID13601,13-Feb-2026,Reversal,"1,419.42",0.00,"48,275.19"
ID13601,07-Mar-2026,Charge,0.00,213.75,"61,980.16"
ID13601,13-Mar-2026,Transfer,0.00,230.56,"62,245.49"
ID13601,08-Feb-2026,Interest,82.36,0.00,"34,263.07"
ID13601,18-Feb-2026,Direct Deposit,637.79,0.00,"44,124.83"
ID13601,09-Mar-2026,Interest,279.04,0.00,"97,256.96"
ID13601,24-Jan-2026,Interest,449.64,0.00,"4,791.10"
ID13601,09-Jan-2026,Debit Card,0.00,351.64,"10,311.79"
ID13602,15-Mar-2026,Charge,0.00,666.93,"31,049.46"
ID13602,06-Mar-2026,ATM Withdrawal,0.00,417.70,"98,930.12"
ID13602,11-Feb-2026,Payment,"1,574.16",0.00,"58,052.50"
ID13602,10-Feb-2026,Charge,0.00,100.12,"3,074.59"
ID13602,13-Mar-2026,ATM Withdrawal,0.00,402.33,"44,888.87"
ID13602,23-Jan-2026,Charge,0.00,930.14,"22,380.79"
ID13602,29-Mar-2026,Interest,367.59,0.00,"14,507.53"
ID13602,01-Mar-2026,Reversal,0.00,647.56,"12,467.88"
ID13602,22-Jan-2026,Reversal,"1,393.67",0.00,"49,310.33"
ID13602,19-Mar-2026,Interest,395.90,0.00,"10,452.15"
ID13602,20-Feb-2026,Transfer,"1,188.10",0.00,"42,194.59"
ID13602,04-Mar-2026,Debit Card,0.00,605.90,"37,523.96"
ID13602,03-Mar-2026,Direct Deposit,"1,154.91",0.00,"53,212.44"
ID13602,28-Feb-2026,Reversal,0.00,"1,051.33","39,637.87"
ID13602,20-Jan-2026,Charge,0.00,730.65,"1,435.84"
ID13602,26-Feb-2026,Reversal,0.00,412.48,"91,828.07"
ID13602,17-Mar-2026,Transfer,807.69,0.00,"36,655.76"
ID13602,09-Mar-2026,Payment,0.00,387.63,"16,320.24"
ID13602,26-Feb-2026,Debit Card,0.00,681.57,"65,803.18"
ID13602,23-Jan-2026,Interest,295.97,0.00,"81,509.77"
ID13603,08-Mar-2026,Direct Deposit,"4,661.98",0.00,"23,049.58"
ID13603,04-Mar-2026,Direct Deposit,779.14,0.00,"71,432.95"
ID13603,15-Feb-2026,Debit Card,0.00,682.99,"51,625.14"
ID13603,12-Jan-2026,Reversal,0.00,329.89,"33,687.79"
ID13603,27-Jan-2026,Charge,0.00,881.54,"69,957.03"
ID13603,09-Mar-2026,Charge,0.00,378.38,"5,970.31"
ID13603,24-Feb-2026,ATM Withdrawal,0.00,340.84,"67,977.05"
ID13603,09-Jan-2026,Payment,0.00,614.19,"18,782.57"
ID13603,29-Jan-2026,Reversal,"1,533.76",0.00,"25,541.93"
ID13603,02-Apr-2026,Direct Deposit,859.75,0.00,"64,000.18"
ID13603,03-Apr-2026,Payment,"1,704.78",0.00,"41,023.57"
ID13603,23-Feb-2026,Debit Card,0.00,686.53,"69,882.72"
ID13603,22-Jan-2026,Payment,211.95,0.00,"46,480.70"
ID13603,16-Mar-2026,Debit Card,0.00,902.88,"46,783.79"
ID13603,30-Mar-2026,Interest,380.52,0.00,"27,712.99"
ID13603,04-Feb-2026,Debit Card,0.00,525.49,"41,275.63"
ID13603,07-Jan-2026,Direct Deposit,"4,444.38",0.00,"49,721.20"
ID13603,13-Feb-2026,Direct Deposit,610.04,0.00,"65,257.07"
ID13603,03-Apr-2026,ATM Withdrawal,0.00,513.59,"65,714.58"
ID13603,29-Mar-2026,Reversal,0.00,"1,338.73","46,927.75"
ID13604,11-Jan-2026,Debit Card,0.00,63.06,"82,453.40"
ID13604,09-Jan-2026,Interest,320.59,0.00,"91,674.50"
ID13604,31-Mar-2026,Direct Deposit,"2,726.38",0.00,"90,527.88"
ID13604,23-Feb-2026,Debit Card,0.00,767.53,"4,199.77"
ID13604,11-Jan-2026,Direct Deposit,539.47,0.00,"83,318.53"
ID13604,21-Jan-2026,Reversal,0.00,"1,271.17","90,525.59"
ID13604,12-Feb-2026,Direct Deposit,"4,352.01",0.00,"82,541.49"
ID13604,11-Mar-2026,ATM Withdrawal,0.00,954.22,"16,046.48"
ID13604,15-Feb-2026,ATM Withdrawal,0.00,842.18,"58,464.61"
ID13604,12-Jan-2026,ATM Withdrawal,0.00,888.61,"97,707.52"
ID13604,30-Jan-2026,Reversal,"1,644.95",0.00,"77,146.51"
ID13604,04-Jan-2026,Interest,99.73,0.00,"73,162.24"
ID13604,24-Mar-2026,Direct Deposit,"4,828.84",0.00,"49,468.71"
ID13604,25-Feb-2026,Payment,0.00,"1,378.59","73,599.92"
ID13604,26-Jan-2026,Charge,0.00,187.28,"85,213.38"
ID13604,25-Mar-2026,Charge,0.00,439.65,"73,273.15"
ID13604,02-Mar-2026,Interest,481.96,0.00,"94,624.78"
ID13604,20-Jan-2026,Direct Deposit,"2,008.27",0.00,"81,290.09"
ID13604,07-Jan-2026,Direct Deposit,"3,764.44",0.00,"8,848.90"
ID13604,08-Feb-2026,Interest,280.55,0.00,"50,173.27"
ID13605,03-Feb-2026,ATM Withdrawal,0.00,763.33,"15,887.21"
ID13605,18-Jan-2026,Interest,255.22,0.00,"92,547.86"
ID13605,13-Feb-2026,Reversal,0.00,642.75,"56,908.28"
ID13605,08-Jan-2026,Payment,0.00,"1,093.80","75,964.23"
ID13605,20-Jan-2026,Transfer,"1,608.63",0.00,"1,436.18"
ID13605,09-Jan-2026,Reversal,0.00,181.50,"18,402.00"
ID13605,26-Feb-2026,Debit Card,0.00,502.26,"88,688.42"
ID13605,29-Jan-2026,ATM Withdrawal,0.00,397.63,"43,855.00"
ID13605,02-Apr-2026,Payment,0.00,"1,129.33","42,533.33"
ID13605,06-Jan-2026,Direct Deposit,"1,432.71",0.00,"70,489.75"
ID13605,23-Jan-2026,Debit Card,0.00,275.77,"59,139.20"
ID13605,16-Mar-2026,Reversal,0.00,156.68,"82,564.61"
ID13605,25-Mar-2026,Reversal,0.00,413.79,"97,744.24"
ID13605,08-Mar-2026,Payment,0.00,"1,473.40","81,774.38"
ID13605,26-Jan-2026,Payment,0.00,"1,466.69","60,738.48"
ID13605,10-Feb-2026,Transfer,0.00,639.05,"48,856.80"
ID13605,25-Jan-2026,Debit Card,0.00,665.52,"15,214.65"
ID13605,07-Jan-2026,Debit Card,0.00,896.14,"9,670.86"
ID13605,20-Mar-2026,Charge,0.00,938.80,"68,718.54"
ID13605,01-Apr-2026,Payment,0.00,911.32,"37,364.13"
ID13606,09-Mar-2026,Debit Card,0.00,294.98,"10,894.37"
ID13606,05-Jan-2026,Interest,455.60,0.00,"92,734.58"
ID13606,20-Feb-2026,Interest,73.20,0.00,"7,100.50"
ID13606,12-Feb-2026,Debit Card,0.00,410.11,"56,914.60"
ID13606,11-Jan-2026,Transfer,"1,037.07",0.00,"78,202.17"
ID13606,07-Jan-2026,Interest,133.35,0.00,"53,266.16"
ID13606,05-Mar-2026,Charge,0.00,235.75,"20,441.92"
ID13606,21-Mar-2026,Charge,0.00,529.92,"27,406.88"
ID13606,05-Feb-2026,Payment,0.00,855.39,"36,800.30"
ID13606,21-Jan-2026,Payment,135.64,0.00,"69,013.69"
ID13606,14-Mar-2026,Debit Card,0.00,367.65,"74,630.00"
ID13606,25-Mar-2026,ATM Withdrawal,0.00,811.07,"61,252.04"
ID13606,09-Jan-2026,Transfer,0.00,991.01,"22,232.74"
ID13606,02-Mar-2026,ATM Withdrawal,0.00,453.01,"36,861.37"
ID13606,15-Jan-2026,Reversal,975.68,0.00,"57,979.28"
ID13606,28-Mar-2026,Debit Card,0.00,254.90,"58,596.73"
ID13606,03-Mar-2026,Charge,0.00,203.75,"27,224.58"
ID13606,08-Jan-2026,Charge,0.00,392.10,"52,836.77"
ID13606,19-Jan-2026,Transfer,"1,890.94",0.00,"95,097.94"
ID13606,07-Jan-2026,Interest,195.59,0.00,"87,407.01"
ID13607,28-Mar-2026,Transfer,0.00,"1,476.50","31,954.81"
ID13607,10-Feb-2026,Interest,74.09,0.00,"33,706.07"
ID13607,26-Feb-2026,ATM Withdrawal,0.00,135.09,"18,204.08"
ID13607,30-Mar-2026,Reversal,"1,333.21",0.00,"7,698.51"
ID13607,07-Mar-2026,Charge,0.00,541.47,"68,110.28"
ID13607,27-Mar-2026,Reversal,550.95,0.00,"8,399.76"
ID13607,01-Feb-2026,Charge,0.00,189.08,"86,886.13"
ID13607,06-Mar-2026,ATM Withdrawal,0.00,63.88,"46,584.98"
ID13607,08-Mar-2026,Transfer,0.00,"1,325.08","55,094.08"
ID13607,13-Jan-2026,ATM Withdrawal,0.00,72.30,"53,551.22"
ID13607,02-Mar-2026,Charge,0.00,198.21,"10,169.45"
ID13607,22-Feb-2026,Payment,0.00,654.21,"52,356.11"
ID13607,28-Feb-2026,Reversal,0.00,231.65,"15,693.76"
ID13607,11-Mar-2026,Charge,0.00,718.30,"26,555.24"
ID13607,16-Jan-2026,Reversal,0.00,439.39,"13,450.48"
ID13607,27-Feb-2026,Payment,870.90,0.00,"58,620.58"
ID13607,14-Jan-2026,Interest,240.98,0.00,"28,547.45"
ID13607,15-Mar-2026,Payment,0.00,"1,010.27","27,491.17"
ID13607,27-Feb-2026,Interest,489.91,0.00,"36,558.37"
ID13607,06-Mar-2026,Interest,308.16,0.00,"7,396.86"
ID13608,07-Feb-2026,Reversal,0.00,"1,260.09","13,969.80"
ID13608,19-Mar-2026,ATM Withdrawal,0.00,545.45,"58,701.80"
ID13608,26-Jan-2026,Payment,0.00,"1,412.57","92,992.26"
ID13608,28-Mar-2026,Reversal,0.00,"1,079.17","76,830.75"
ID13608,01-Apr-2026,Payment,0.00,165.13,"68,899.15"
ID13608,10-Jan-2026,Payment,0.00,"1,332.84","76,633.79"
ID13608,30-Jan-2026,Direct Deposit,"2,763.92",0.00,"50,867.86"
ID13608,14-Mar-2026,ATM Withdrawal,0.00,149.89,"53,892.91"
ID13608,19-Jan-2026,ATM Withdrawal,0.00,28.06,"18,558.22"
ID13608,03-Apr-2026,Reversal,"1,757.91",0.00,"20,866.04"
ID13608,10-Mar-2026,Payment,0.00,976.89,"26,397.71"
ID13608,15-Jan-2026,Debit Card,0.00,912.00,"70,001.11"
ID13608,27-Jan-2026,ATM Withdrawal,0.00,853.55,"53,523.76"
ID13608,02-Feb-2026,ATM Withdrawal,0.00,929.09,"18,819.52"
ID13608,06-Feb-2026,ATM Withdrawal,0.00,990.81,"83,630.28"
ID13608,15-Mar-2026,Direct Deposit,"3,171.65",0.00,"96,859.93"
ID13608,28-Mar-2026,ATM Withdrawal,0.00,799.80,"85,650.74"
ID13608,23-Mar-2026,Charge,0.00,190.02,"41,063.93"
ID13608,14-Jan-2026,ATM Withdrawal,0.00,844.35,"28,603.71"
ID13608,22-Feb-2026,Reversal,656.82,0.00,"23,608.51"
ID13609,02-Apr-2026,Interest,198.71,0.00,"35,424.31"
ID13609,28-Feb-2026,Debit Card,0.00,903.77,"25,693.15"
ID13609,02-Mar-2026,Direct Deposit,"1,601.14",0.00,"7,496.88"
ID13609,27-Feb-2026,Direct Deposit,"2,798.20",0.00,"61,140.35"
ID13609,05-Jan-2026,Reversal,"1,942.63",0.00,"2,283.76"
ID13609,10-Mar-2026,Charge,0.00,101.43,"28,831.48"
ID13609,06-Feb-2026,Direct Deposit,"2,539.42",0.00,"65,118.29"
ID13609,10-Mar-2026,Interest,244.94,0.00,"6,717.35"
ID13609,18-Feb-2026,Transfer,0.00,539.53,"87,269.33"
ID13609,19-Jan-2026,Interest,23.43,0.00,"81,651.58"
ID13609,11-Jan-2026,Transfer,0.00,502.14,"89,232.51"
ID13609,13-Jan-2026,Debit Card,0.00,396.46,"23,296.83"
ID13609,28-Feb-2026,Debit Card,0.00,507.24,"32,274.20"
ID13609,01-Mar-2026,Interest,11.52,0.00,"3,325.05"
ID13609,19-Mar-2026,Charge,0.00,757.89,"76,732.53"
ID13609,25-Jan-2026,ATM Withdrawal,0.00,90.58,"65,463.69"
ID13609,22-Mar-2026,Interest,463.11,0.00,"29,423.30"
ID13609,03-Feb-2026,Charge,0.00,359.33,"79,920.29"
ID13609,28-Feb-2026,Direct Deposit,944.73,0.00,"65,939.67"
ID13609,06-Mar-2026,ATM Withdrawal,0.00,819.79,"25,795.80"
ID13610,27-Feb-2026,Payment,995.32,0.00,"32,153.67"
ID13610,01-Mar-2026,ATM Withdrawal,0.00,733.20,"26,992.82"
ID13610,21-Mar-2026,Interest,101.91,0.00,"45,887.77"
ID13610,29-Mar-2026,Direct Deposit,"1,588.58",0.00,"39,481.87"
ID13610,19-Mar-2026,Charge,0.00,833.98,"96,498.39"
ID13610,17-Mar-2026,Direct Deposit,"4,059.54",0.00,"6,098.81"
ID13610,21-Mar-2026,Interest,460.60,0.00,"82,846.38"
ID13610,09-Jan-2026,Reversal,0.00,"1,468.35","4,818.14"
ID13610,22-Jan-2026,Interest,310.49,0.00,"99,727.72"
ID13610,16-Feb-2026,Reversal,640.28,0.00,"61,337.95"
ID13610,13-Jan-2026,ATM Withdrawal,0.00,662.82,"93,821.17"
ID13610,01-Apr-2026,Interest,324.60,0.00,"88,281.31"
ID13610,01-Mar-2026,Debit Card,0.00,921.77,"88,036.10"
ID13610,10-Mar-2026,Payment,0.00,549.10,"84,240.84"
ID13610,30-Mar-2026,Transfer,0.00,"1,139.52","5,687.93"
ID13610,16-Mar-2026,Debit Card,0.00,95.01,"38,521.03"
ID13610,26-Mar-2026,Payment,148.43,0.00,"81,363.03"
ID13610,03-Mar-2026,Debit Card,0.00,871.56,"49,793.50"
ID13610,09-Feb-2026,Debit Card,0.00,155.88,"37,164.26"
ID13610,17-Mar-2026,ATM Withdrawal,0.00,615.39,"71,117.00"
ID13611,22-Mar-2026,ATM Withdrawal,0.00,514.65,"80,212.96"
ID13611,06-Feb-2026,Reversal,0.00,"1,036.78","11,658.24"
ID13611,16-Feb-2026,Payment,0.00,192.16,"88,308.78"
ID13611,08-Mar-2026,Payment,"1,002.61",0.00,"93,878.15"
ID13611,05-Mar-2026,Payment,0.00,241.72,"30,934.26"
ID13611,13-Feb-2026,ATM Withdrawal,0.00,787.29,"44,250.83"
ID13611,07-Mar-2026,Interest,154.24,0.00,"4,402.52"
ID13611,03-Jan-2026,Payment,0.00,"1,109.51","51,451.51"
ID13611,19-Jan-2026,Direct Deposit,"4,312.09",0.00,"73,882.84"
ID13611,14-Jan-2026,Transfer,851.92,0.00,"83,104.71"
ID13611,05-Jan-2026,Charge,0.00,413.50,"89,218.76"
ID13611,23-Jan-2026,Charge,0.00,936.92,"78,927.53"
ID13611,08-Mar-2026,Transfer,949.07,0.00,"13,487.09"
ID13611,05-Feb-2026,Interest,342.84,0.00,"39,215.88"
ID13611,15-Jan-2026,ATM Withdrawal,0.00,661.47,"57,824.40"
ID13611,18-Feb-2026,Charge,0.00,380.68,"13,835.27"
ID13611,13-Mar-2026,Payment,0.00,343.26,"43,054.88"
ID13611,03-Feb-2026,Interest,312.32,0.00,"66,124.01"
ID13611,27-Jan-2026,Transfer,270.29,0.00,"30,003.96"
ID13611,11-Feb-2026,Direct Deposit,974.44,0.00,"29,624.85"
ID13612,27-Jan-2026,Payment,0.00,700.63,"91,520.88"
ID13612,01-Apr-2026,Direct Deposit,794.38,0.00,"5,998.19"
ID13612,06-Feb-2026,Interest,166.34,0.00,"40,668.42"
ID13612,05-Jan-2026,Reversal,318.12,0.00,"94,552.22"
ID13612,24-Jan-2026,ATM Withdrawal,0.00,592.46,"89,230.76"
ID13612,17-Feb-2026,Interest,164.13,0.00,"51,423.69"
ID13612,26-Feb-2026,Direct Deposit,"3,681.46",0.00,"41,101.93"
ID13612,28-Feb-2026,Interest,358.98,0.00,"42,725.95"
ID13612,11-Jan-2026,Debit Card,0.00,960.33,"21,364.89"
ID13612,15-Jan-2026,Interest,197.61,0.00,"18,764.29"
ID13612,06-Feb-2026,Debit Card,0.00,642.74,"76,063.99"
ID13612,09-Feb-2026,ATM Withdrawal,0.00,176.59,"94,343.32"
ID13612,08-Feb-2026,Direct Deposit,"3,120.73",0.00,"61,416.02"
ID13612,22-Mar-2026,ATM Withdrawal,0.00,622.03,"2,042.53"
ID13612,09-Feb-2026,Debit Card,0.00,283.23,"4,104.19"
ID13612,22-Jan-2026,Direct Deposit,"1,085.43",0.00,"69,642.49"
ID13612,04-Jan-2026,Direct Deposit,"2,010.70",0.00,"10,993.85"
ID13612,13-Mar-2026,Debit Card,0.00,392.62,"90,048.78"
ID13612,14-Jan-2026,ATM Withdrawal,0.00,230.81,"59,212.71"
ID13612,05-Mar-2026,Charge,0.00,194.30,"82,424.52"
ID13613,30-Jan-2026,Debit Card,0.00,733.42,"17,630.36"
ID13613,20-Mar-2026,Debit Card,0.00,730.59,"42,366.18"
ID13613,05-Feb-2026,ATM Withdrawal,0.00,480.42,"32,482.25"
ID13613,01-Mar-2026,Interest,183.39,0.00,"35,830.23"
ID13613,07-Feb-2026,Interest,13.83,0.00,"34,579.89"
ID13613,03-Feb-2026,ATM Withdrawal,0.00,816.04,"39,193.80"
ID13613,25-Feb-2026,Payment,0.00,765.09,"74,540.51"
ID13613,18-Mar-2026,Reversal,779.86,0.00,"20,345.64"
ID13613,07-Mar-2026,Transfer,"1,534.97",0.00,"91,643.69"
ID13613,16-Mar-2026,Direct Deposit,502.49,0.00,"91,100.22"
ID13613,09-Jan-2026,Direct Deposit,"2,669.41",0.00,"32,787.69"
ID13613,24-Jan-2026,ATM Withdrawal,0.00,502.21,"32,295.13"
ID13613,16-Feb-2026,Charge,0.00,310.28,"46,555.96"
ID13613,20-Mar-2026,Direct Deposit,685.18,0.00,"61,746.60"
ID13613,09-Mar-2026,Reversal,0.00,325.58,"29,186.95"
ID13613,10-Feb-2026,Reversal,574.55,0.00,"98,054.78"
ID13613,02-Apr-2026,Transfer,0.00,560.63,"20,644.90"
ID13613,24-Jan-2026,Direct Deposit,"4,224.00",0.00,"54,352.35"
ID13613,12-Feb-2026,Transfer,"1,108.65",0.00,"70,599.89"
ID13613,21-Mar-2026,Transfer,921.02,0.00,"84,559.06"
ID13614,22-Jan-2026,Reversal,"1,910.87",0.00,"99,457.28"
ID13614,09-Mar-2026,Charge,0.00,343.60,"35,763.21"
ID13614,22-Feb-2026,Direct Deposit,"3,257.62",0.00,"77,427.61"
ID13614,25-Jan-2026,Reversal,434.74,0.00,"29,920.14"
ID13614,13-Mar-2026,Direct Deposit,"4,214.43",0.00,"7,111.71"
ID13614,19-Feb-2026,ATM Withdrawal,0.00,318.71,"4,676.29"
ID13614,09-Jan-2026,Transfer,0.00,262.14,"30,562.36"
ID13614,04-Jan-2026,Direct Deposit,"2,135.31",0.00,"21,138.23"
ID13614,15-Feb-2026,Direct Deposit,"2,541.38",0.00,"89,553.31"
ID13614,23-Jan-2026,Charge,0.00,729.23,"26,331.57"
ID13614,28-Feb-2026,Debit Card,0.00,720.86,"21,419.27"
ID13614,25-Feb-2026,Reversal,0.00,654.98,"62,795.65"
ID13614,02-Mar-2026,Payment,0.00,497.60,"36,443.97"
ID13614,31-Mar-2026,Charge,0.00,80.61,"55,553.80"
ID13614,30-Mar-2026,Direct Deposit,"2,339.14",0.00,"11,228.25"
ID13614,11-Mar-2026,Transfer,0.00,"1,092.18","23,549.86"
ID13614,17-Jan-2026,ATM Withdrawal,0.00,641.89,"81,862.51"
ID13614,28-Jan-2026,Transfer,0.00,898.74,"44,802.83"
ID13614,09-Jan-2026,Reversal,0.00,"1,029.50","35,131.25"
ID13614,16-Mar-2026,Reversal,0.00,845.65,"52,683.46"
ID13615,07-Mar-2026,ATM Withdrawal,0.00,911.87,"1,458.30"
ID13615,11-Jan-2026,Debit Card,0.00,352.52,"86,577.98"
ID13615,01-Mar-2026,Reversal,0.00,"1,320.04","80,035.25"
ID13615,12-Feb-2026,Debit Card,0.00,442.00,"40,171.47"
ID13615,16-Jan-2026,ATM Withdrawal,0.00,162.01,"58,048.50"
ID13615,23-Mar-2026,Transfer,0.00,952.86,"54,817.96"
ID13615,02-Mar-2026,ATM Withdrawal,0.00,181.15,"53,606.95"
ID13615,20-Mar-2026,Debit Card,0.00,806.83,"20,629.25"
ID13615,15-Jan-2026,Charge,0.00,110.14,"91,992.07"
ID13615,27-Feb-2026,ATM Withdrawal,0.00,899.81,"97,241.40"
ID13615,15-Feb-2026,Direct Deposit,899.35,0.00,"80,117.47"
ID13615,21-Jan-2026,Charge,0.00,663.26,"34,894.49"
ID13615,31-Jan-2026,Reversal,260.86,0.00,"70,380.22"
ID13615,02-Apr-2026,Charge,0.00,524.47,"12,183.42"
ID13615,16-Jan-2026,Charge,0.00,138.95,"71,701.28"
ID13615,06-Mar-2026,Charge,0.00,57.86,"93,095.85"
ID13615,31-Jan-2026,ATM Withdrawal,0.00,735.72,"36,428.51"
ID13615,10-Jan-2026,Transfer,0.00,195.24,"11,210.48"
ID13615,04-Feb-2026,Direct Deposit,"3,531.51",0.00,"22,082.87"
ID13615,28-Jan-2026,Transfer,0.00,"1,069.21","68,019.95"
ID13616,27-Feb-2026,Transfer,"1,050.29",0.00,"95,592.97"
ID13616,18-Jan-2026,Charge,0.00,404.61,"4,603.59"
ID13616,18-Feb-2026,Transfer,783.91,0.00,"41,417.56"
ID13616,07-Mar-2026,Debit Card,0.00,357.90,"31,781.10"
ID13616,23-Mar-2026,Debit Card,0.00,93.21,"23,561.50"
ID13616,13-Mar-2026,Transfer,0.00,"1,020.37","7,083.90"
ID13616,11-Jan-2026,Interest,441.81,0.00,"54,605.38"
ID13616,08-Jan-2026,Debit Card,0.00,383.65,"78,040.36"
ID13616,29-Jan-2026,ATM Withdrawal,0.00,690.36,"59,269.03"
ID13616,23-Jan-2026,Transfer,839.62,0.00,"10,591.01"
ID13616,03-Feb-2026,Interest,287.84,0.00,"83,325.11"
ID13616,26-Jan-2026,Interest,199.53,0.00,"77,289.15"
ID13616,05-Feb-2026,Direct Deposit,"1,952.07",0.00,"55,132.38"
ID13616,23-Jan-2026,Payment,151.98,0.00,"89,489.75"
ID13616,28-Feb-2026,ATM Withdrawal,0.00,509.00,"5,307.01"
ID13616,26-Mar-2026,ATM Withdrawal,0.00,134.42,"42,769.09"
ID13616,25-Feb-2026,Reversal,"1,909.96",0.00,"84,208.29"
ID13616,26-Mar-2026,Debit Card,0.00,530.64,"44,130.34"
ID13616,05-Feb-2026,Reversal,"1,786.03",0.00,"8,941.02"
ID13616,20-Feb-2026,Transfer,724.85,0.00,"11,009.70"
ID13617,14-Jan-2026,Interest,197.57,0.00,"19,033.94"
ID13617,28-Jan-2026,Reversal,0.00,"1,089.23","67,575.52"
ID13617,10-Jan-2026,Direct Deposit,"2,534.46",0.00,"22,477.36"
ID13617,22-Feb-2026,Transfer,0.00,75.61,"82,572.44"
ID13617,31-Jan-2026,Direct Deposit,"1,059.78",0.00,"53,143.55"
ID13617,13-Jan-2026,Debit Card,0.00,391.48,"24,983.29"
ID13617,14-Jan-2026,Direct Deposit,"1,458.15",0.00,"62,662.50"
ID13617,15-Jan-2026,Direct Deposit,"2,007.63",0.00,"41,312.86"
ID13617,15-Mar-2026,Interest,137.69,0.00,"95,957.90"
ID13617,02-Feb-2026,Charge,0.00,385.50,"61,798.56"
ID13617,18-Feb-2026,ATM Withdrawal,0.00,636.02,"47,579.61"
ID13617,18-Jan-2026,Interest,253.89,0.00,"37,913.02"
ID13617,09-Mar-2026,Transfer,0.00,455.33,"52,601.65"
ID13617,05-Mar-2026,Charge,0.00,186.21,"34,198.30"
ID13617,22-Feb-2026,Debit Card,0.00,590.22,"95,534.76"
ID13617,08-Mar-2026,Interest,188.64,0.00,"81,414.68"
ID13617,10-Feb-2026,Debit Card,0.00,702.47,"81,210.34"
ID13617,01-Apr-2026,ATM Withdrawal,0.00,338.41,"40,005.52"
ID13617,01-Mar-2026,Transfer,"1,488.13",0.00,"59,002.96"
ID13617,05-Feb-2026,Transfer,"1,622.23",0.00,"80,683.95"
ID13618,21-Jan-2026,Debit Card,0.00,770.71,"90,501.04"
ID13618,06-Feb-2026,Direct Deposit,"1,561.05",0.00,"90,608.98"
ID13618,18-Mar-2026,Reversal,"1,640.27",0.00,"42,528.44"
ID13618,18-Jan-2026,Payment,0.00,"1,187.12","39,411.10"
ID13618,12-Feb-2026,Charge,0.00,756.08,"51,727.65"
ID13618,16-Feb-2026,Interest,364.10,0.00,"21,496.61"
ID13618,20-Mar-2026,Interest,379.08,0.00,"95,561.19"
ID13618,23-Feb-2026,ATM Withdrawal,0.00,770.61,"22,503.68"
ID13618,11-Mar-2026,Interest,137.06,0.00,"34,661.72"
ID13618,02-Mar-2026,Interest,142.18,0.00,"38,684.48"
ID13618,29-Jan-2026,Debit Card,0.00,472.27,"33,515.15"
ID13618,07-Feb-2026,Interest,38.52,0.00,"24,599.36"
ID13618,24-Jan-2026,Direct Deposit,"3,844.10",0.00,"70,258.72"
ID13618,16-Mar-2026,Charge,0.00,311.40,"90,484.12"
ID13618,01-Feb-2026,Direct Deposit,"3,182.51",0.00,"90,668.01"
ID13618,22-Feb-2026,Direct Deposit,"4,336.99",0.00,"82,982.27"
ID13618,02-Feb-2026,Transfer,0.00,872.12,"7,266.60"
ID13618,28-Jan-2026,Reversal,"1,976.55",0.00,"84,263.23"
ID13618,01-Mar-2026,Debit Card,0.00,542.55,"45,076.51"
ID13618,22-Feb-2026,Reversal,611.80,0.00,"67,354.82"
ID13619,17-Jan-2026,Reversal,0.00,361.57,"5,886.02"
ID13619,23-Jan-2026,Payment,0.00,"1,186.24","52,251.09"
ID13619,20-Mar-2026,Interest,185.98,0.00,"98,987.18"
ID13619,22-Feb-2026,Direct Deposit,"2,283.98",0.00,"3,521.50"
ID13619,02-Feb-2026,Debit Card,0.00,263.89,"23,636.00"
ID13619,11-Mar-2026,Transfer,197.14,0.00,"16,912.23"
ID13619,31-Jan-2026,Payment,"1,561.91",0.00,"80,671.46"
ID13619,04-Feb-2026,ATM Withdrawal,0.00,453.71,"11,802.06"
ID13619,14-Feb-2026,Interest,239.82,0.00,"98,653.44"
ID13619,16-Jan-2026,ATM Withdrawal,0.00,326.80,"36,030.57"
ID13619,10-Mar-2026,Charge,0.00,920.74,"12,088.36"
ID13619,27-Mar-2026,Reversal,0.00,338.66,"52,500.77"
ID13619,24-Mar-2026,Payment,234.92,0.00,"79,815.02"
ID13619,02-Mar-2026,Debit Card,0.00,949.56,"62,222.70"
ID13619,11-Jan-2026,ATM Withdrawal,0.00,334.28,"4,762.25"
ID13619,24-Feb-2026,Charge,0.00,186.71,"30,859.70"
ID13619,14-Jan-2026,Transfer,"1,056.92",0.00,"94,668.87"
ID13619,24-Jan-2026,Payment,0.00,"1,170.67","69,903.37"
ID13619,23-Feb-2026,Direct Deposit,"2,815.22",0.00,"69,626.40"
ID13619,27-Feb-2026,Direct Deposit,"2,313.08",0.00,"79,408.51"
ID13620,10-Jan-2026,ATM Withdrawal,0.00,814.48,"69,214.84"
ID13620,27-Feb-2026,Reversal,"1,770.39",0.00,"22,916.32"
ID13620,30-Jan-2026,Transfer,"1,018.89",0.00,"56,130.65"
ID13620,27-Jan-2026,Reversal,0.00,995.43,"8,745.71"
ID13620,19-Jan-2026,Direct Deposit,"1,811.87",0.00,"93,806.07"
ID13620,12-Jan-2026,Charge,0.00,546.86,"36,139.42"
ID13620,28-Jan-2026,Transfer,0.00,"1,117.06","62,157.88"
ID13620,06-Jan-2026,Direct Deposit,"2,008.88",0.00,"84,940.89"
ID13620,21-Feb-2026,Interest,457.66,0.00,"24,697.53"
ID13620,09-Feb-2026,Reversal,"1,147.56",0.00,"8,309.11"
ID13620,25-Mar-2026,Interest,347.50,0.00,"6,938.12"
ID13620,20-Jan-2026,Debit Card,0.00,553.38,"32,879.24"
ID13620,31-Mar-2026,Interest,138.33,0.00,"7,430.65"
ID13620,03-Feb-2026,Debit Card,0.00,949.30,"92,908.69"
ID13620,21-Feb-2026,Interest,161.94,0.00,"66,316.47"
ID13620,12-Mar-2026,Transfer,"1,455.86",0.00,"88,264.18"
ID13620,21-Feb-2026,Payment,0.00,161.59,"1,790.18"
ID13620,04-Mar-2026,Interest,250.04,0.00,"22,612.69"
ID13620,23-Mar-2026,Direct Deposit,"4,946.83",0.00,"51,389.80"
ID13620,07-Jan-2026,Direct Deposit,"4,046.75",0.00,"13,811.68"
ID13621,06-Jan-2026,Interest,233.40,0.00,"20,107.71"
ID13621,15-Mar-2026,Interest,53.00,0.00,"8,046.71"
ID13621,08-Mar-2026,ATM Withdrawal,0.00,92.84,"98,443.26"
ID13621,08-Jan-2026,Debit Card,0.00,882.61,"25,450.43"
ID13621,05-Feb-2026,Direct Deposit,"3,103.28",0.00,"36,523.09"
ID13621,15-Jan-2026,Charge,0.00,67.83,"12,940.79"
ID13621,29-Jan-2026,ATM Withdrawal,0.00,729.71,"45,469.01"
ID13621,30-Jan-2026,Payment,0.00,"1,044.87","9,877.12"
ID13621,10-Feb-2026,Charge,0.00,891.94,"75,725.16"
ID13621,03-Apr-2026,Charge,0.00,640.55,"82,217.05"
ID13621,13-Feb-2026,Transfer,0.00,117.48,"20,384.44"
ID13621,09-Jan-2026,Debit Card,0.00,323.44,"32,668.80"
ID13621,21-Jan-2026,Payment,0.00,80.96,"89,237.87"
ID13621,31-Mar-2026,Debit Card,0.00,934.20,"88,878.30"
ID13621,18-Mar-2026,Direct Deposit,"3,510.04",0.00,"76,862.28"
ID13621,07-Jan-2026,Debit Card,0.00,731.28,"25,530.03"
ID13621,17-Jan-2026,Transfer,876.69,0.00,"77,931.58"
ID13621,03-Mar-2026,ATM Withdrawal,0.00,341.02,"37,562.22"
ID13621,23-Feb-2026,Payment,"1,269.32",0.00,"22,755.07"
ID13621,06-Jan-2026,ATM Withdrawal,0.00,788.05,"82,567.65"
ID13622,13-Jan-2026,Direct Deposit,"4,101.03",0.00,"90,099.14"
ID13622,14-Jan-2026,Payment,"1,289.22",0.00,"83,747.13"
ID13622,12-Mar-2026,Interest,251.24,0.00,"36,433.47"
ID13622,28-Jan-2026,Payment,0.00,"1,434.93","23,170.45"
ID13622,12-Mar-2026,Charge,0.00,129.59,"77,018.64"
ID13622,03-Apr-2026,Charge,0.00,287.16,"17,875.10"
ID13622,01-Feb-2026,Charge,0.00,398.85,"62,848.38"
ID13622,04-Mar-2026,Direct Deposit,"4,586.89",0.00,"72,059.32"
ID13622,28-Mar-2026,Payment,0.00,432.31,"94,893.17"
ID13622,14-Mar-2026,Transfer,"1,270.24",0.00,"21,909.06"
ID13622,31-Mar-2026,Direct Deposit,"2,953.72",0.00,"90,674.29"
ID13622,19-Jan-2026,Charge,0.00,505.15,"26,235.32"
ID13622,08-Feb-2026,Transfer,0.00,"1,065.40","93,311.74"
ID13622,17-Mar-2026,Transfer,0.00,272.34,"29,188.05"
ID13622,12-Mar-2026,Interest,464.28,0.00,"25,622.63"
ID13622,03-Apr-2026,ATM Withdrawal,0.00,345.71,"20,991.56"
ID13622,07-Mar-2026,Reversal,"1,548.68",0.00,"84,199.93"
ID13622,25-Feb-2026,Debit Card,0.00,375.05,"44,258.77"
ID13622,26-Jan-2026,Transfer,0.00,136.45,"33,925.22"
ID13622,08-Mar-2026,Charge,0.00,825.12,"96,038.66"
ID13623,25-Feb-2026,Interest,268.07,0.00,"94,788.01"
ID13623,13-Jan-2026,Charge,0.00,936.11,"94,200.41"
ID13623,19-Feb-2026,Debit Card,0.00,112.43,"86,912.84"
ID13623,19-Jan-2026,Transfer,945.27,0.00,"68,333.40"
ID13623,12-Jan-2026,Direct Deposit,"1,376.55",0.00,"73,754.17"
ID13623,21-Feb-2026,Debit Card,0.00,782.68,"78,380.18"
ID13623,21-Jan-2026,Transfer,0.00,"1,089.28","88,016.19"
ID13623,31-Mar-2026,Charge,0.00,864.43,"55,644.23"
ID13623,16-Mar-2026,Charge,0.00,664.02,"25,110.57"
ID13623,07-Jan-2026,Debit Card,0.00,58.87,"5,010.88"
ID13623,12-Jan-2026,Reversal,0.00,"1,236.66","77,222.90"
ID13623,11-Jan-2026,Direct Deposit,"4,958.96",0.00,"88,397.96"
ID13623,06-Mar-2026,ATM Withdrawal,0.00,410.15,"7,439.86"
ID13623,14-Jan-2026,Payment,938.22,0.00,"56,590.82"
ID13623,23-Feb-2026,Transfer,0.00,285.28,"41,818.34"
ID13623,22-Jan-2026,Interest,297.28,0.00,"25,707.79"
ID13623,21-Jan-2026,Charge,0.00,628.64,"73,904.89"
ID13623,17-Jan-2026,Charge,0.00,758.14,"84,759.75"
ID13623,18-Feb-2026,ATM Withdrawal,0.00,635.41,"15,825.87"
ID13623,20-Jan-2026,Direct Deposit,"4,949.49",0.00,"30,067.20"
ID13624,13-Jan-2026,ATM Withdrawal,0.00,522.13,"49,287.61"
ID13624,17-Jan-2026,Direct Deposit,"2,642.01",0.00,"36,648.03"
ID13624,27-Mar-2026,Interest,187.76,0.00,"4,776.15"
ID13624,24-Mar-2026,Payment,757.94,0.00,"25,270.72"
ID13624,20-Jan-2026,Interest,210.40,0.00,"50,350.41"
ID13624,26-Mar-2026,Reversal,0.00,497.16,"85,294.26"
ID13624,09-Feb-2026,Reversal,0.00,60.13,"20,341.64"
ID13624,13-Mar-2026,Debit Card,0.00,934.20,"40,719.28"
ID13624,21-Feb-2026,Transfer,0.00,"1,218.50","3,533.06"
ID13624,07-Mar-2026,Charge,0.00,246.07,"1,025.99"
ID13624,10-Mar-2026,Debit Card,0.00,759.32,"15,790.36"
ID13624,04-Mar-2026,Payment,199.86,0.00,"44,903.87"
ID13624,12-Mar-2026,Interest,16.68,0.00,"31,758.13"
ID13624,09-Jan-2026,Charge,0.00,421.59,"35,649.98"
ID13624,20-Jan-2026,Direct Deposit,"2,509.95",0.00,"26,812.02"
ID13624,11-Jan-2026,ATM Withdrawal,0.00,905.44,"44,566.45"
ID13624,26-Feb-2026,Transfer,0.00,"1,127.80","72,899.74"
ID13624,08-Feb-2026,Reversal,"1,855.77",0.00,"10,045.79"
ID13624,03-Apr-2026,Transfer,0.00,810.23,"2,375.23"
ID13624,25-Feb-2026,Payment,0.00,963.41,"33,806.71"
ID13625,18-Jan-2026,Reversal,"1,194.43",0.00,"78,837.39"
ID13625,18-Jan-2026,Interest,394.25,0.00,"83,843.61"
ID13625,20-Mar-2026,ATM Withdrawal,0.00,449.57,"25,958.58"
ID13625,20-Jan-2026,Debit Card,0.00,671.67,"43,762.67"
ID13625,09-Mar-2026,Interest,175.38,0.00,"77,045.76"
ID13625,03-Mar-2026,Payment,0.00,274.72,"28,354.62"
ID13625,03-Jan-2026,Reversal,0.00,"1,174.63","75,522.44"
ID13625,02-Mar-2026,Debit Card,0.00,465.89,"38,879.77"
ID13625,30-Mar-2026,Direct Deposit,"1,641.34",0.00,"90,159.08"
ID13625,27-Mar-2026,Direct Deposit,"1,619.94",0.00,"30,322.75"
ID13625,14-Feb-2026,Transfer,0.00,215.13,"64,790.18"
ID13625,09-Jan-2026,Direct Deposit,"2,252.39",0.00,"25,709.57"
ID13625,10-Mar-2026,Payment,0.00,919.91,"25,023.71"
ID13625,19-Feb-2026,ATM Withdrawal,0.00,839.85,"36,917.20"
ID13625,14-Feb-2026,Interest,104.81,0.00,"92,110.79"
ID13625,02-Mar-2026,Debit Card,0.00,78.88,"39,770.39"
ID13625,18-Mar-2026,Reversal,999.68,0.00,"14,154.79"
ID13625,06-Feb-2026,Debit Card,0.00,39.57,"84,017.86"
ID13625,13-Mar-2026,Transfer,0.00,646.44,"73,115.66"
ID13625,26-Jan-2026,Direct Deposit,"3,082.79",0.00,"1,004.80"
ID13626,14-Jan-2026,Reversal,839.54,0.00,"96,094.16"
ID13626,27-Jan-2026,Payment,0.00,293.25,"99,626.09"
ID13626,02-Mar-2026,ATM Withdrawal,0.00,671.41,"89,254.79"
ID13626,17-Mar-2026,Direct Deposit,"4,597.84",0.00,"58,293.30"
ID13626,17-Jan-2026,ATM Withdrawal,0.00,885.79,"65,846.35"
ID13626,27-Jan-2026,Transfer,"1,660.37",0.00,"31,169.76"
ID13626,06-Feb-2026,Debit Card,0.00,286.03,"33,785.75"
ID13626,02-Feb-2026,ATM Withdrawal,0.00,782.45,"73,277.02"
ID13626,18-Feb-2026,Payment,"1,311.86",0.00,"41,092.23"
ID13626,15-Jan-2026,Charge,0.00,507.61,"49,303.66"
ID13626,29-Mar-2026,ATM Withdrawal,0.00,657.66,"62,871.16"
ID13626,18-Feb-2026,Interest,17.06,0.00,"76,727.63"
ID13626,12-Jan-2026,Charge,0.00,810.81,"89,508.61"
ID13626,23-Jan-2026,Reversal,0.00,492.53,"23,195.18"
ID13626,05-Mar-2026,Charge,0.00,84.28,"63,787.37"
ID13626,04-Mar-2026,Debit Card,0.00,948.83,"66,883.18"
ID13626,23-Jan-2026,Interest,490.87,0.00,"42,665.92"
ID13626,25-Mar-2026,ATM Withdrawal,0.00,491.51,"23,713.83"
ID13626,30-Jan-2026,Transfer,494.34,0.00,"80,264.18"
ID13626,04-Jan-2026,Interest,334.78,0.00,"97,230.05"
ID13627,08-Jan-2026,Debit Card,0.00,732.02,"70,919.93"
ID13627,14-Jan-2026,Payment,499.93,0.00,"74,513.14"
ID13627,03-Jan-2026,Reversal,0.00,443.59,"87,341.19"
ID13627,02-Apr-2026,Direct Deposit,560.54,0.00,"14,575.89"
ID13627,18-Mar-2026,Payment,351.02,0.00,"75,152.68"
ID13627,10-Mar-2026,Charge,0.00,729.56,"38,409.00"
ID13627,21-Mar-2026,Debit Card,0.00,658.49,"44,064.75"
ID13627,04-Jan-2026,Reversal,0.00,"1,065.03","56,236.99"
ID13627,28-Jan-2026,Payment,0.00,173.60,"4,530.45"
ID13627,23-Jan-2026,Direct Deposit,"2,022.57",0.00,"52,760.47"
ID13627,07-Feb-2026,Charge,0.00,200.52,"24,986.86"
ID13627,20-Jan-2026,Direct Deposit,"2,955.73",0.00,"11,113.76"
ID13627,11-Jan-2026,ATM Withdrawal,0.00,727.65,"84,804.12"
ID13627,19-Mar-2026,ATM Withdrawal,0.00,989.08,"37,053.08"
ID13627,08-Feb-2026,Interest,320.57,0.00,"39,062.17"
ID13627,14-Feb-2026,Debit Card,0.00,688.48,"75,472.75"
ID13627,06-Feb-2026,Payment,0.00,"1,099.73","29,089.19"
ID13627,07-Jan-2026,Direct Deposit,"3,866.03",0.00,"30,436.41"
ID13627,08-Jan-2026,ATM Withdrawal,0.00,124.25,"9,642.59"
ID13627,18-Jan-2026,Direct Deposit,"3,759.55",0.00,"46,147.75"
ID13628,21-Feb-2026,Charge,0.00,739.93,"89,586.47"
ID13628,18-Jan-2026,Debit Card,0.00,988.27,"83,064.42"
ID13628,15-Jan-2026,Reversal,"1,035.81",0.00,"34,993.88"
ID13628,27-Mar-2026,Interest,456.89,0.00,"35,789.89"
ID13628,25-Mar-2026,ATM Withdrawal,0.00,344.05,"35,343.68"
ID13628,14-Feb-2026,Debit Card,0.00,177.85,"54,026.15"
ID13628,10-Mar-2026,Transfer,0.00,"1,182.83","44,867.75"
ID13628,20-Feb-2026,Interest,362.98,0.00,"43,771.15"
ID13628,16-Feb-2026,Payment,655.73,0.00,"62,859.15"
ID13628,18-Feb-2026,Interest,163.55,0.00,"80,767.12"
ID13628,18-Feb-2026,Reversal,0.00,"1,080.75","5,020.07"
ID13628,03-Mar-2026,Reversal,"1,603.34",0.00,"95,881.89"
ID13628,25-Jan-2026,Charge,0.00,335.38,"69,310.38"
ID13628,21-Mar-2026,Charge,0.00,204.19,"79,629.68"
ID13628,17-Mar-2026,Transfer,"1,653.22",0.00,"54,314.07"
ID13628,21-Jan-2026,Transfer,0.00,369.24,"50,966.59"
ID13628,03-Feb-2026,Reversal,675.05,0.00,"35,346.93"
ID13628,11-Jan-2026,ATM Withdrawal,0.00,945.95,"18,388.47"
ID13628,13-Mar-2026,Payment,"1,779.78",0.00,"30,749.83"
ID13628,30-Jan-2026,Reversal,294.26,0.00,"74,399.85"
ID13629,08-Mar-2026,Interest,195.40,0.00,"80,505.34"
ID13629,05-Feb-2026,Payment,0.00,675.37,"19,070.40"
ID13629,31-Mar-2026,Direct Deposit,"2,262.05",0.00,"93,809.68"
ID13629,05-Mar-2026,Transfer,"1,907.45",0.00,"12,841.41"
ID13629,20-Mar-2026,Debit Card,0.00,758.47,"32,259.99"
ID13629,20-Feb-2026,Charge,0.00,208.94,"82,073.70"
ID13629,08-Mar-2026,Transfer,0.00,616.26,"29,169.00"
ID13629,21-Jan-2026,Direct Deposit,"2,165.85",0.00,"47,567.76"
ID13629,11-Feb-2026,Transfer,434.88,0.00,"24,847.40"
ID13629,09-Jan-2026,Reversal,704.48,0.00,"92,836.95"
ID13629,28-Jan-2026,Debit Card,0.00,129.54,"17,938.44"
ID13629,01-Feb-2026,Payment,"1,434.32",0.00,"90,672.36"
ID13629,09-Feb-2026,Transfer,240.49,0.00,"39,514.09"
ID13629,25-Mar-2026,Reversal,"1,773.48",0.00,"9,485.37"
ID13629,10-Jan-2026,ATM Withdrawal,0.00,890.22,"18,209.10"
ID13629,15-Mar-2026,Reversal,0.00,956.87,"64,506.32"
ID13629,13-Feb-2026,Payment,0.00,883.73,"11,880.59"
ID13629,01-Feb-2026,Payment,0.00,573.91,"92,477.62"
ID13629,07-Jan-2026,Charge,0.00,295.56,"86,699.47"
ID13629,23-Mar-2026,Debit Card,0.00,761.07,"8,024.42"
ID13630,05-Jan-2026,ATM Withdrawal,0.00,833.96,"76,492.59"
ID13630,17-Feb-2026,Debit Card,0.00,208.88,"29,625.18"
ID13630,08-Feb-2026,Interest,216.93,0.00,"17,874.34"
ID13630,03-Feb-2026,Charge,0.00,226.64,"62,746.32"
ID13630,28-Feb-2026,Payment,123.43,0.00,"34,523.10"
ID13630,20-Feb-2026,Direct Deposit,"1,479.59",0.00,"3,955.09"
ID13630,24-Mar-2026,Debit Card,0.00,358.34,"43,726.78"
ID13630,21-Feb-2026,Charge,0.00,328.42,"58,571.20"
ID13630,22-Feb-2026,Interest,328.80,0.00,"84,725.76"
ID13630,30-Mar-2026,Charge,0.00,56.40,"28,630.15"
ID13630,17-Feb-2026,Interest,408.83,0.00,"1,775.60"
ID13630,14-Feb-2026,Reversal,"1,618.96",0.00,"74,717.33"
ID13630,23-Feb-2026,Direct Deposit,"1,935.81",0.00,"18,601.57"
ID13630,23-Feb-2026,Interest,388.60,0.00,"47,724.20"
ID13630,05-Mar-2026,Charge,0.00,71.39,"35,797.92"
ID13630,23-Mar-2026,Transfer,0.00,"1,211.07","6,053.34"
ID13630,05-Jan-2026,Reversal,749.84,0.00,"46,756.21"
ID13630,07-Jan-2026,Payment,0.00,"1,098.61","64,256.51"
ID13630,01-Apr-2026,Charge,0.00,317.12,"14,176.58"
ID13630,28-Jan-2026,Interest,272.70,0.00,"24,524.02"
ID13631,15-Feb-2026,Direct Deposit,"3,072.26",0.00,"21,747.71"
ID13631,25-Jan-2026,Charge,0.00,451.07,"69,628.12"
ID13631,08-Mar-2026,Payment,0.00,57.30,"91,841.74"
ID13631,27-Feb-2026,Charge,0.00,443.41,"15,433.08"
ID13631,03-Feb-2026,Charge,0.00,360.14,"89,613.11"
ID13631,01-Mar-2026,Interest,493.69,0.00,"6,402.18"
ID13631,01-Feb-2026,Reversal,0.00,660.80,"23,808.65"
ID13631,28-Jan-2026,ATM Withdrawal,0.00,873.46,"11,678.89"
ID13631,12-Feb-2026,Reversal,761.03,0.00,"70,447.76"
ID13631,14-Feb-2026,Charge,0.00,165.49,"33,564.01"
ID13631,16-Mar-2026,ATM Withdrawal,0.00,88.89,"4,428.45"
ID13631,02-Apr-2026,Transfer,"1,655.27",0.00,"47,038.08"
ID13631,29-Mar-2026,Charge,0.00,89.27,"36,323.54"
ID13631,14-Mar-2026,Transfer,0.00,"1,471.11","51,696.66"
ID13631,08-Jan-2026,Direct Deposit,"3,918.73",0.00,"68,336.51"
ID13631,03-Apr-2026,Charge,0.00,161.32,"25,475.16"
ID13631,08-Mar-2026,ATM Withdrawal,0.00,339.39,"55,635.54"
ID13631,05-Jan-2026,Charge,0.00,123.17,"18,814.16"
ID13631,22-Jan-2026,Charge,0.00,605.04,"18,589.85"
ID13631,03-Mar-2026,Reversal,0.00,583.42,"98,947.10"
ID13632,24-Jan-2026,Payment,"1,770.72",0.00,"91,099.52"
ID13632,21-Feb-2026,Reversal,126.92,0.00,"18,066.32"
ID13632,16-Mar-2026,Debit Card,0.00,126.13,"25,330.74"
ID13632,30-Mar-2026,Payment,0.00,"1,112.36","40,044.87"
ID13632,16-Jan-2026,Payment,0.00,"1,231.62","30,406.26"
ID13632,20-Feb-2026,Interest,169.22,0.00,"69,367.51"
ID13632,06-Mar-2026,ATM Withdrawal,0.00,59.23,"15,077.45"
ID13632,17-Jan-2026,Charge,0.00,547.01,"11,499.25"
ID13632,13-Mar-2026,Payment,431.63,0.00,"79,977.26"
ID13632,29-Mar-2026,Reversal,0.00,465.59,"94,040.35"
ID13632,03-Jan-2026,Interest,237.59,0.00,"43,678.34"
ID13632,25-Feb-2026,Interest,364.37,0.00,"97,652.54"
ID13632,05-Feb-2026,Interest,260.32,0.00,"89,372.71"
ID13632,25-Feb-2026,Debit Card,0.00,792.83,"97,902.88"
ID13632,31-Mar-2026,Charge,0.00,308.53,"62,929.13"
ID13632,27-Feb-2026,Charge,0.00,784.86,"79,487.41"
ID13632,07-Jan-2026,Charge,0.00,495.45,"29,888.60"
ID13632,20-Mar-2026,Transfer,0.00,675.55,"68,418.76"
ID13632,01-Apr-2026,ATM Withdrawal,0.00,848.30,"53,293.81"
ID13632,22-Feb-2026,Direct Deposit,"2,007.86",0.00,"68,938.54"
ID13633,09-Feb-2026,ATM Withdrawal,0.00,155.67,"75,801.56"
ID13633,23-Feb-2026,Transfer,0.00,"1,410.96","83,381.43"
ID13633,08-Mar-2026,ATM Withdrawal,0.00,219.22,"39,228.92"
ID13633,16-Jan-2026,Payment,0.00,"1,311.81","5,051.23"
ID13633,20-Feb-2026,Debit Card,0.00,671.94,"57,487.71"
ID13633,18-Feb-2026,Payment,0.00,"1,348.46","75,108.75"
ID13633,06-Mar-2026,Payment,932.41,0.00,"24,623.31"
ID13633,12-Jan-2026,Direct Deposit,"1,221.52",0.00,"11,319.29"
ID13633,19-Feb-2026,Debit Card,0.00,585.99,"33,861.57"
ID13633,30-Jan-2026,Interest,285.74,0.00,"48,395.99"
ID13633,04-Jan-2026,Transfer,0.00,509.92,"13,225.72"
ID13633,29-Jan-2026,Direct Deposit,"1,555.73",0.00,"16,985.30"
ID13633,03-Feb-2026,Debit Card,0.00,400.00,"21,723.59"
ID13633,16-Jan-2026,Charge,0.00,932.50,"26,758.71"
ID13633,11-Feb-2026,Direct Deposit,"4,385.60",0.00,"89,519.36"
ID13633,12-Mar-2026,Reversal,0.00,257.92,"58,045.27"
ID13633,01-Mar-2026,Transfer,110.00,0.00,"19,328.51"
ID13633,04-Feb-2026,ATM Withdrawal,0.00,428.81,"85,484.90"
ID13633,28-Jan-2026,Charge,0.00,393.42,"31,737.75"
ID13633,31-Jan-2026,Debit Card,0.00,989.42,"79,358.68"
ID13634,16-Feb-2026,Payment,0.00,"1,333.00","80,952.76"
ID13634,06-Jan-2026,ATM Withdrawal,0.00,61.24,"83,303.05"
ID13634,13-Mar-2026,Transfer,"1,106.61",0.00,"99,727.02"
ID13634,16-Feb-2026,Charge,0.00,69.80,"12,877.05"
ID13634,17-Mar-2026,Payment,0.00,"1,157.93","35,336.04"
ID13634,11-Mar-2026,Interest,413.86,0.00,"81,963.84"
ID13634,20-Mar-2026,Interest,321.32,0.00,"9,193.35"
ID13634,04-Mar-2026,Transfer,0.00,654.30,"52,816.98"
ID13634,14-Mar-2026,Payment,0.00,841.65,"75,540.91"
ID13634,15-Jan-2026,Charge,0.00,25.05,"94,770.88"
ID13634,20-Feb-2026,Debit Card,0.00,427.24,"49,893.48"
ID13634,17-Feb-2026,Payment,0.00,"1,145.80","53,836.58"
ID13634,15-Feb-2026,ATM Withdrawal,0.00,997.91,"93,147.95"
ID13634,07-Mar-2026,Payment,0.00,162.04,"90,918.08"
ID13634,24-Jan-2026,Reversal,0.00,"1,257.86","44,999.84"
ID13634,28-Feb-2026,Interest,410.80,0.00,"79,168.79"
ID13634,11-Feb-2026,ATM Withdrawal,0.00,82.11,"95,213.06"
ID13634,05-Jan-2026,ATM Withdrawal,0.00,401.42,"56,654.63"
ID13634,10-Jan-2026,Direct Deposit,"4,492.33",0.00,"16,603.85"
ID13634,25-Mar-2026,Reversal,541.32,0.00,"98,084.88"
ID13635,20-Mar-2026,Direct Deposit,"2,743.14",0.00,"39,462.68"
ID13635,17-Mar-2026,Payment,"1,015.78",0.00,"98,945.69"
ID13635,15-Mar-2026,Direct Deposit,616.14,0.00,"22,877.64"
ID13635,17-Feb-2026,Payment,0.00,222.63,"11,454.28"
ID13635,01-Apr-2026,Reversal,0.00,"1,231.40","90,968.39"
ID13635,23-Mar-2026,Payment,0.00,101.21,"74,273.21"
ID13635,01-Feb-2026,Transfer,0.00,239.37,"39,377.50"
ID13635,11-Jan-2026,Payment,0.00,199.91,"66,024.68"
ID13635,18-Jan-2026,Transfer,0.00,"1,480.69","43,659.96"
ID13635,29-Jan-2026,Direct Deposit,"3,610.18",0.00,"62,061.70"
ID13635,23-Mar-2026,Interest,97.40,0.00,"43,828.20"
ID13635,26-Jan-2026,Reversal,"1,697.02",0.00,"8,318.62"
ID13635,13-Mar-2026,Payment,0.00,880.33,"14,660.07"
ID13635,26-Jan-2026,Charge,0.00,15.73,"19,330.59"
ID13635,03-Feb-2026,Charge,0.00,698.70,"54,582.72"
ID13635,29-Mar-2026,ATM Withdrawal,0.00,213.38,"89,367.01"
ID13635,24-Mar-2026,Reversal,0.00,536.28,"71,382.64"
ID13635,02-Feb-2026,Payment,0.00,891.52,"10,414.72"
ID13635,30-Jan-2026,Debit Card,0.00,190.55,"22,788.59"
ID13635,02-Apr-2026,Charge,0.00,491.79,"95,163.31"
ID13636,06-Feb-2026,Payment,739.95,0.00,"60,324.01"
ID13636,12-Feb-2026,Interest,433.85,0.00,"75,018.39"
ID13636,20-Feb-2026,ATM Withdrawal,0.00,287.92,"77,468.10"
ID13636,12-Feb-2026,Direct Deposit,"2,894.62",0.00,"39,423.17"
ID13636,16-Feb-2026,ATM Withdrawal,0.00,926.41,"15,032.71"
ID13636,19-Mar-2026,Reversal,"1,021.78",0.00,"39,064.16"
ID13636,08-Feb-2026,Reversal,"1,679.55",0.00,"95,322.54"
ID13636,06-Mar-2026,Transfer,"1,612.33",0.00,"39,795.10"
ID13636,13-Jan-2026,Transfer,0.00,163.10,"1,174.78"
ID13636,01-Apr-2026,Interest,167.23,0.00,"25,451.34"
ID13636,22-Mar-2026,Direct Deposit,810.73,0.00,"89,254.20"
ID13636,11-Mar-2026,ATM Withdrawal,0.00,588.88,"86,570.74"
ID13636,25-Mar-2026,Transfer,0.00,877.10,"97,674.25"
ID13636,01-Feb-2026,Interest,23.73,0.00,"65,598.23"
ID13636,28-Mar-2026,Reversal,0.00,"1,239.48","57,501.99"
ID13636,27-Jan-2026,Interest,50.65,0.00,"12,878.01"
ID13636,31-Jan-2026,ATM Withdrawal,0.00,175.49,"45,376.32"
ID13636,11-Jan-2026,Charge,0.00,61.67,"87,974.31"
ID13636,12-Jan-2026,Transfer,0.00,"1,004.58","32,410.27"
ID13636,22-Jan-2026,ATM Withdrawal,0.00,74.35,"67,417.07"
ID13637,23-Mar-2026,Payment,"1,086.51",0.00,"98,482.41"
ID13637,23-Mar-2026,Debit Card,0.00,870.02,"23,350.78"
ID13637,01-Feb-2026,Direct Deposit,"4,754.34",0.00,"75,632.33"
ID13637,03-Jan-2026,Direct Deposit,"2,370.31",0.00,"57,320.63"
ID13637,15-Jan-2026,Interest,82.93,0.00,"99,789.13"
ID13637,23-Jan-2026,Payment,890.99,0.00,"13,892.04"
ID13637,04-Mar-2026,Debit Card,0.00,121.84,"34,277.86"
ID13637,18-Mar-2026,ATM Withdrawal,0.00,10.69,"45,573.60"
ID13637,03-Apr-2026,Interest,148.64,0.00,"50,903.03"
ID13637,24-Mar-2026,Direct Deposit,"2,517.90",0.00,"95,351.34"
ID13637,10-Mar-2026,Direct Deposit,793.80,0.00,"83,493.46"
ID13637,10-Mar-2026,Charge,0.00,803.79,"69,573.36"
ID13637,22-Mar-2026,Direct Deposit,"1,726.29",0.00,"94,143.87"
ID13637,26-Jan-2026,Transfer,321.51,0.00,"65,011.45"
ID13637,27-Jan-2026,Payment,0.00,332.07,"44,468.94"
ID13637,10-Feb-2026,ATM Withdrawal,0.00,27.70,"75,667.94"
ID13637,11-Mar-2026,ATM Withdrawal,0.00,629.08,"46,603.11"
ID13637,05-Jan-2026,Reversal,0.00,205.22,"30,983.18"
ID13637,24-Mar-2026,Transfer,575.13,0.00,"10,655.36"
ID13637,11-Feb-2026,Debit Card,0.00,744.45,"63,550.46"
ID13638,29-Jan-2026,ATM Withdrawal,0.00,51.28,"98,394.66"
ID13638,14-Mar-2026,Debit Card,0.00,495.57,"8,977.94"
ID13638,04-Jan-2026,ATM Withdrawal,0.00,624.98,"46,543.32"
ID13638,26-Jan-2026,Charge,0.00,612.13,"78,767.21"
ID13638,20-Feb-2026,Payment,"1,623.43",0.00,"93,263.29"
ID13638,02-Feb-2026,Payment,0.00,169.16,"50,079.40"
ID13638,28-Feb-2026,Interest,223.65,0.00,"90,807.83"
ID13638,10-Jan-2026,Reversal,"1,024.12",0.00,"70,007.06"
ID13638,27-Mar-2026,Debit Card,0.00,515.22,"5,310.91"
ID13638,16-Mar-2026,Reversal,"1,740.09",0.00,"48,124.33"
ID13638,13-Jan-2026,Debit Card,0.00,934.63,"39,336.83"
ID13638,22-Feb-2026,Interest,339.20,0.00,"91,854.42"
ID13638,24-Feb-2026,Reversal,0.00,893.66,"85,432.00"
ID13638,21-Jan-2026,Debit Card,0.00,968.45,"55,253.55"
ID13638,10-Jan-2026,Debit Card,0.00,713.41,"28,121.49"
ID13638,22-Jan-2026,Transfer,0.00,895.35,"11,668.27"
ID13638,08-Mar-2026,ATM Withdrawal,0.00,155.94,"38,922.08"
ID13638,04-Jan-2026,Direct Deposit,"4,338.05",0.00,"48,653.56"
ID13638,27-Mar-2026,Direct Deposit,"2,974.70",0.00,"26,764.23"
ID13638,01-Apr-2026,Charge,0.00,673.84,"90,531.62"
ID13639,31-Jan-2026,Transfer,0.00,"1,441.62","26,312.44"
ID13639,06-Feb-2026,Payment,0.00,405.73,"27,742.16"
ID13639,03-Jan-2026,Transfer,"1,021.78",0.00,"58,041.95"
ID13639,10-Mar-2026,Transfer,0.00,794.90,"76,711.55"
ID13639,04-Jan-2026,Direct Deposit,"1,395.80",0.00,"42,287.11"
ID13639,02-Feb-2026,Transfer,941.59,0.00,"18,685.32"
ID13639,18-Jan-2026,Debit Card,0.00,663.31,"32,451.96"
ID13639,14-Mar-2026,Transfer,0.00,116.64,"88,043.65"
ID13639,20-Mar-2026,Interest,403.56,0.00,"3,251.83"
ID13639,27-Mar-2026,Direct Deposit,"2,123.81",0.00,"86,045.82"
ID13639,23-Mar-2026,Payment,0.00,"1,145.93","58,758.81"
ID13639,13-Feb-2026,Interest,145.13,0.00,"80,520.98"
ID13639,27-Jan-2026,Payment,487.50,0.00,"87,475.52"
ID13639,25-Feb-2026,Transfer,0.00,"1,493.24","93,438.05"
ID13639,18-Feb-2026,Interest,314.58,0.00,"52,456.05"
ID13639,26-Jan-2026,Direct Deposit,519.08,0.00,"30,557.88"
ID13639,24-Mar-2026,Debit Card,0.00,942.15,"30,892.80"
ID13639,08-Feb-2026,Reversal,0.00,604.63,"57,065.13"
ID13639,18-Feb-2026,Direct Deposit,"4,326.10",0.00,"9,257.63"
ID13639,22-Jan-2026,Debit Card,0.00,23.18,"24,066.89"
ID13640,28-Feb-2026,Direct Deposit,"2,660.36",0.00,"40,501.15"
ID13640,12-Feb-2026,Interest,276.54,0.00,"2,633.98"
ID13640,05-Mar-2026,Charge,0.00,507.44,"84,605.09"
ID13640,14-Mar-2026,Charge,0.00,967.37,"76,554.93"
ID13640,07-Mar-2026,Charge,0.00,862.36,"59,566.84"
ID13640,09-Jan-2026,Reversal,822.86,0.00,"29,093.63"
ID13640,09-Feb-2026,Payment,0.00,"1,463.34","99,585.38"
ID13640,29-Mar-2026,Payment,0.00,442.36,"65,901.85"
ID13640,29-Jan-2026,Interest,87.42,0.00,"79,587.93"
ID13640,12-Feb-2026,Charge,0.00,611.00,"50,209.51"
ID13640,08-Jan-2026,Debit Card,0.00,777.25,"55,375.36"
ID13640,30-Jan-2026,Transfer,0.00,"1,334.01","31,287.86"
ID13640,04-Feb-2026,ATM Withdrawal,0.00,618.01,"78,746.59"
ID13640,27-Feb-2026,Direct Deposit,"4,531.11",0.00,"24,923.56"
ID13640,30-Jan-2026,Payment,"1,867.78",0.00,"45,712.28"
ID13640,30-Mar-2026,Debit Card,0.00,18.43,"3,368.19"
ID13640,31-Jan-2026,Direct Deposit,"3,315.36",0.00,"6,107.72"
ID13640,04-Jan-2026,Charge,0.00,330.03,"25,217.59"
ID13640,19-Jan-2026,Transfer,"1,049.76",0.00,"70,818.32"
ID13640,11-Feb-2026,Debit Card,0.00,332.34,"89,539.61"
ID13641,21-Jan-2026,Debit Card,0.00,431.56,"26,677.15"
ID13641,01-Mar-2026,Charge,0.00,190.08,"5,403.18"
ID13641,17-Jan-2026,Reversal,0.00,977.01,"53,525.89"
ID13641,28-Mar-2026,Transfer,0.00,212.48,"65,855.99"
ID13641,11-Mar-2026,Interest,400.95,0.00,"32,030.86"
ID13641,23-Feb-2026,Reversal,0.00,321.62,"55,934.54"
ID13641,01-Apr-2026,Debit Card,0.00,49.79,"76,970.40"
ID13641,05-Jan-2026,Transfer,0.00,805.05,"89,690.09"
ID13641,08-Feb-2026,Transfer,0.00,692.32,"5,168.04"
ID13641,20-Jan-2026,Direct Deposit,"3,013.93",0.00,"45,956.34"
ID13641,11-Feb-2026,Payment,"1,050.84",0.00,"38,450.26"
ID13641,04-Jan-2026,Transfer,0.00,"1,237.20","69,625.53"
ID13641,07-Jan-2026,Reversal,"1,211.04",0.00,"84,453.26"
ID13641,16-Mar-2026,Direct Deposit,"4,641.74",0.00,"71,305.73"
ID13641,04-Feb-2026,Transfer,564.59,0.00,"7,530.50"
ID13641,07-Mar-2026,Charge,0.00,941.72,"14,958.90"
ID13641,01-Apr-2026,Debit Card,0.00,86.04,"42,921.88"
ID13641,01-Apr-2026,ATM Withdrawal,0.00,950.09,"46,915.66"
ID13641,16-Mar-2026,Transfer,"1,696.68",0.00,"9,459.43"
ID13641,28-Mar-2026,Direct Deposit,"1,061.51",0.00,"18,690.67"
ID13642,13-Jan-2026,Payment,0.00,664.44,"66,222.48"
ID13642,31-Jan-2026,Payment,"1,983.35",0.00,"5,738.32"
ID13642,14-Feb-2026,Interest,295.59,0.00,"52,098.19"
ID13642,23-Mar-2026,Payment,0.00,"1,411.27","37,519.13"
ID13642,28-Feb-2026,Payment,"1,524.36",0.00,"75,003.73"
ID13642,25-Mar-2026,Reversal,447.18,0.00,"59,543.64"
ID13642,20-Mar-2026,Direct Deposit,"3,188.16",0.00,"81,988.53"
ID13642,04-Feb-2026,Charge,0.00,455.91,"9,777.47"
ID13642,03-Feb-2026,Reversal,0.00,995.21,"27,721.99"
ID13642,20-Mar-2026,Payment,834.84,0.00,"31,656.45"
ID13642,05-Jan-2026,Transfer,"1,979.39",0.00,"66,114.92"
ID13642,11-Feb-2026,ATM Withdrawal,0.00,842.45,"13,546.89"
ID13642,29-Jan-2026,Transfer,875.81,0.00,"97,632.72"
ID13642,23-Mar-2026,Direct Deposit,"2,588.40",0.00,"21,101.97"
ID13642,01-Feb-2026,ATM Withdrawal,0.00,604.76,"22,701.40"
ID13642,24-Jan-2026,Payment,809.66,0.00,"16,018.98"
ID13642,19-Feb-2026,Debit Card,0.00,579.01,"63,871.13"
ID13642,28-Feb-2026,Reversal,608.27,0.00,"11,428.56"
ID13642,12-Mar-2026,ATM Withdrawal,0.00,807.01,"51,892.82"
ID13642,15-Feb-2026,ATM Withdrawal,0.00,993.17,"73,826.16"
ID13643,07-Feb-2026,Debit Card,0.00,764.88,"24,773.90"
ID13643,15-Feb-2026,Transfer,"1,916.04",0.00,"88,254.55"
ID13643,26-Mar-2026,Payment,984.20,0.00,"58,902.65"
ID13643,26-Feb-2026,Payment,0.00,"1,177.92","9,801.97"
ID13643,19-Mar-2026,Transfer,0.00,262.81,"84,137.58"
ID13643,03-Jan-2026,Charge,0.00,930.19,"61,866.32"
ID13643,19-Mar-2026,Charge,0.00,15.55,"18,566.33"
ID13643,04-Feb-2026,Payment,0.00,481.74,"79,485.93"
ID13643,11-Jan-2026,Charge,0.00,81.74,"12,271.80"
ID13643,05-Mar-2026,Direct Deposit,"1,623.32",0.00,"2,082.21"
ID13643,23-Feb-2026,Direct Deposit,"3,833.42",0.00,"96,675.99"
ID13643,07-Jan-2026,Charge,0.00,445.85,"87,565.05"
ID13643,15-Mar-2026,Charge,0.00,98.58,"11,288.76"
ID13643,23-Jan-2026,Direct Deposit,"1,980.27",0.00,"30,996.98"
ID13643,05-Feb-2026,Direct Deposit,855.79,0.00,"59,873.50"
ID13643,31-Jan-2026,Charge,0.00,957.47,"53,344.58"
ID13643,13-Mar-2026,Debit Card,0.00,329.47,"61,248.89"
ID13643,08-Mar-2026,Transfer,487.82,0.00,"95,651.80"
ID13643,10-Jan-2026,Reversal,"1,898.83",0.00,"87,327.42"
ID13643,30-Mar-2026,Transfer,"1,643.33",0.00,"17,372.25"
ID13644,19-Mar-2026,Reversal,570.52,0.00,"76,615.95"
ID13644,02-Feb-2026,Transfer,"1,793.07",0.00,"51,577.77"
ID13644,27-Jan-2026,Payment,0.00,"1,268.94","97,477.97"
ID13644,13-Feb-2026,Transfer,0.00,"1,154.59","99,446.77"
ID13644,13-Mar-2026,Payment,0.00,"1,142.10","70,933.41"
ID13644,01-Mar-2026,Interest,29.75,0.00,"52,815.22"
ID13644,12-Jan-2026,Debit Card,0.00,540.61,"16,759.84"
ID13644,05-Feb-2026,ATM Withdrawal,0.00,125.78,"16,129.61"
ID13644,02-Feb-2026,Debit Card,0.00,417.76,"47,377.84"
ID13644,27-Mar-2026,Direct Deposit,880.69,0.00,"30,544.76"
ID13644,19-Mar-2026,Debit Card,0.00,330.22,"14,510.88"
ID13644,28-Mar-2026,Payment,0.00,"1,241.84","80,489.43"
ID13644,09-Mar-2026,Payment,0.00,"1,180.93","43,130.75"
ID13644,26-Feb-2026,Interest,340.87,0.00,"3,618.75"
ID13644,28-Mar-2026,ATM Withdrawal,0.00,466.73,"87,333.73"
ID13644,15-Jan-2026,Interest,210.97,0.00,"87,736.60"
ID13644,24-Jan-2026,Debit Card,0.00,804.18,"69,960.66"
ID13644,25-Jan-2026,Direct Deposit,"2,988.28",0.00,"44,223.89"
ID13644,01-Feb-2026,Transfer,737.99,0.00,"99,097.17"
ID13644,20-Jan-2026,Charge,0.00,242.78,"35,332.50"
ID13645,29-Mar-2026,Reversal,0.00,861.13,"43,751.42"
ID13645,15-Feb-2026,Debit Card,0.00,204.27,"18,326.47"
ID13645,22-Jan-2026,ATM Withdrawal,0.00,888.60,"55,544.41"
ID13645,08-Mar-2026,Payment,0.00,677.62,"51,378.70"
ID13645,03-Jan-2026,Debit Card,0.00,66.44,"74,672.97"
ID13645,24-Jan-2026,Interest,302.52,0.00,"73,584.37"
ID13645,22-Mar-2026,Transfer,"1,079.76",0.00,"94,566.46"
ID13645,19-Jan-2026,Direct Deposit,"3,807.67",0.00,"49,761.71"
ID13645,22-Feb-2026,Interest,267.91,0.00,"28,874.70"
ID13645,18-Feb-2026,Interest,315.46,0.00,"23,303.33"
ID13645,21-Feb-2026,Payment,0.00,230.62,"90,500.55"
ID13645,10-Mar-2026,Debit Card,0.00,929.48,"21,125.53"
ID13645,04-Feb-2026,Debit Card,0.00,593.29,"52,896.53"
ID13645,03-Apr-2026,Charge,0.00,440.42,"93,480.02"
ID13645,10-Mar-2026,Reversal,0.00,149.15,"6,997.45"
ID13645,20-Jan-2026,Charge,0.00,255.37,"62,868.75"
ID13645,18-Jan-2026,Direct Deposit,"3,663.80",0.00,"29,544.92"
ID13645,27-Jan-2026,Direct Deposit,"2,856.92",0.00,"2,706.62"
ID13645,12-Feb-2026,Reversal,457.09,0.00,"8,966.10"
ID13645,17-Jan-2026,Transfer,0.00,398.13,"83,537.30"
ID13646,03-Feb-2026,ATM Withdrawal,0.00,903.47,"40,062.04"
ID13646,18-Mar-2026,Charge,0.00,711.52,"88,125.57"
ID13646,28-Jan-2026,Debit Card,0.00,707.42,"76,166.45"
ID13646,05-Mar-2026,Transfer,241.26,0.00,"72,859.17"
ID13646,27-Mar-2026,Direct Deposit,"1,503.82",0.00,"34,897.69"
ID13646,25-Jan-2026,Reversal,0.00,530.71,"29,041.69"
ID13646,23-Jan-2026,Reversal,0.00,570.20,"47,811.27"
ID13646,25-Feb-2026,ATM Withdrawal,0.00,970.63,"21,556.57"
ID13646,03-Jan-2026,Interest,241.69,0.00,"36,667.97"
ID13646,10-Jan-2026,Transfer,0.00,649.16,"74,484.86"
ID13646,29-Jan-2026,Payment,495.77,0.00,"87,016.43"
ID13646,17-Feb-2026,Transfer,0.00,823.73,"54,997.04"
ID13646,23-Feb-2026,Interest,369.24,0.00,"52,082.74"
ID13646,24-Jan-2026,Debit Card,0.00,878.87,"96,113.53"
ID13646,06-Mar-2026,ATM Withdrawal,0.00,113.35,"77,686.06"
ID13646,04-Jan-2026,Payment,0.00,"1,436.07","10,311.87"
ID13646,27-Feb-2026,Interest,100.48,0.00,"59,133.74"
ID13646,01-Apr-2026,ATM Withdrawal,0.00,933.05,"74,253.64"
ID13646,28-Feb-2026,Payment,628.41,0.00,"11,964.84"
ID13646,13-Feb-2026,Interest,305.54,0.00,"34,565.22"
ID13647,16-Feb-2026,Payment,389.83,0.00,"42,701.47"
ID13647,17-Jan-2026,Charge,0.00,84.20,"6,241.57"
ID13647,04-Jan-2026,Interest,95.53,0.00,"3,665.25"
ID13647,17-Mar-2026,Reversal,0.00,792.67,"64,528.99"
ID13647,13-Jan-2026,Direct Deposit,"2,959.72",0.00,"22,135.99"
ID13647,09-Feb-2026,Interest,303.57,0.00,"28,881.68"
ID13647,28-Feb-2026,Charge,0.00,436.43,"28,060.71"
ID13647,29-Jan-2026,ATM Withdrawal,0.00,594.28,"16,073.79"
ID13647,03-Jan-2026,ATM Withdrawal,0.00,881.99,"50,513.98"
ID13647,15-Jan-2026,Payment,960.54,0.00,"65,435.45"
ID13647,25-Jan-2026,Direct Deposit,"1,119.45",0.00,"59,505.74"
ID13647,07-Feb-2026,Transfer,0.00,494.41,"50,577.09"
ID13647,07-Feb-2026,Charge,0.00,889.03,"22,119.69"
ID13647,18-Mar-2026,Payment,0.00,206.77,"61,572.56"
ID13647,23-Mar-2026,ATM Withdrawal,0.00,469.26,"63,224.09"
ID13647,31-Mar-2026,Debit Card,0.00,907.09,"75,397.68"
ID13647,02-Apr-2026,Reversal,0.00,168.76,"4,107.37"
ID13647,28-Jan-2026,Debit Card,0.00,646.32,"52,678.23"
ID13647,07-Mar-2026,Debit Card,0.00,491.36,"52,538.86"
ID13647,12-Jan-2026,Transfer,277.38,0.00,"56,081.53"
ID13648,03-Mar-2026,ATM Withdrawal,0.00,22.97,"67,879.45"
ID13648,04-Mar-2026,Payment,"1,643.91",0.00,"14,777.73"
ID13648,16-Mar-2026,Debit Card,0.00,349.41,"85,998.64"
ID13648,07-Mar-2026,Payment,0.00,"1,113.82","15,741.47"
ID13648,27-Feb-2026,Charge,0.00,846.89,"70,059.62"
ID13648,09-Mar-2026,Debit Card,0.00,55.75,"94,777.47"
ID13648,23-Mar-2026,Transfer,843.58,0.00,"20,104.33"
ID13648,06-Jan-2026,Payment,"1,514.60",0.00,"84,151.87"
ID13648,23-Mar-2026,Payment,0.00,"1,317.80","38,505.85"
ID13648,30-Jan-2026,ATM Withdrawal,0.00,744.59,"56,349.24"
ID13648,22-Jan-2026,Payment,0.00,204.02,"71,294.22"
ID13648,23-Mar-2026,Debit Card,0.00,282.88,"21,509.22"
ID13648,23-Feb-2026,ATM Withdrawal,0.00,149.38,"80,814.04"
ID13648,13-Mar-2026,ATM Withdrawal,0.00,465.37,"58,151.85"
ID13648,16-Mar-2026,Charge,0.00,196.29,"12,837.52"
ID13648,07-Mar-2026,Transfer,0.00,112.53,"93,872.14"
ID13648,03-Mar-2026,Reversal,"1,291.05",0.00,"83,911.06"
ID13648,22-Feb-2026,Transfer,0.00,138.89,"51,189.99"
ID13648,12-Jan-2026,Debit Card,0.00,464.06,"88,462.25"
ID13648,07-Jan-2026,Debit Card,0.00,817.61,"75,144.22"
ID13649,06-Feb-2026,Payment,"1,621.04",0.00,"77,207.92"
ID13649,03-Apr-2026,Reversal,0.00,"1,023.94","31,467.82"
ID13649,17-Jan-2026,Direct Deposit,"4,229.75",0.00,"54,482.76"
ID13649,25-Mar-2026,Payment,"1,363.48",0.00,"30,294.06"
ID13649,13-Mar-2026,Transfer,0.00,"1,229.43","30,832.87"
ID13649,18-Feb-2026,Reversal,0.00,961.45,"79,738.63"
ID13649,29-Jan-2026,Payment,"1,545.01",0.00,"44,750.61"
ID13649,17-Mar-2026,Payment,"1,361.33",0.00,"49,846.44"
ID13649,15-Feb-2026,Debit Card,0.00,175.06,"4,874.84"
ID13649,05-Feb-2026,Reversal,0.00,946.38,"32,478.97"
ID13649,02-Mar-2026,Interest,451.53,0.00,"23,350.16"
ID13649,23-Jan-2026,Direct Deposit,"3,092.68",0.00,"5,811.17"
ID13649,09-Mar-2026,ATM Withdrawal,0.00,194.80,"71,971.46"
ID13649,07-Mar-2026,Reversal,0.00,"1,173.08","51,708.35"
ID13649,05-Mar-2026,ATM Withdrawal,0.00,346.51,"62,914.28"
ID13649,13-Feb-2026,Payment,0.00,"1,288.74","55,354.42"
ID13649,13-Jan-2026,Transfer,"1,871.77",0.00,"50,703.52"
ID13649,11-Jan-2026,Charge,0.00,144.83,"21,113.78"
ID13649,20-Mar-2026,Reversal,0.00,"1,184.38","26,773.27"
ID13649,05-Jan-2026,Direct Deposit,"4,106.43",0.00,"15,864.42"
ID13650,09-Mar-2026,Payment,"1,458.21",0.00,"11,161.14"
ID13650,20-Mar-2026,Interest,177.12,0.00,"58,454.88"
ID13650,15-Feb-2026,Debit Card,0.00,22.71,"91,675.82"
ID13650,01-Apr-2026,Interest,318.02,0.00,"76,453.08"
ID13650,24-Jan-2026,Charge,0.00,735.58,"25,451.03"
ID13650,10-Mar-2026,Debit Card,0.00,937.09,"63,379.19"
ID13650,29-Jan-2026,Direct Deposit,"1,484.37",0.00,"16,379.78"
ID13650,24-Jan-2026,Interest,359.01,0.00,"83,800.36"
ID13650,09-Feb-2026,Direct Deposit,"4,766.63",0.00,"50,724.74"
ID13650,09-Feb-2026,Transfer,0.00,981.23,"86,539.25"
ID13650,29-Jan-2026,Debit Card,0.00,376.56,"66,994.90"
ID13650,02-Apr-2026,Transfer,0.00,852.15,"88,403.43"
ID13650,07-Mar-2026,Payment,"1,279.61",0.00,"51,419.40"
ID13650,05-Mar-2026,Reversal,0.00,"1,159.73","98,430.14"
ID13650,08-Mar-2026,Debit Card,0.00,662.68,"45,300.90"
ID13650,27-Feb-2026,Reversal,0.00,548.99,"82,070.59"
ID13650,10-Jan-2026,Direct Deposit,"3,135.39",0.00,"95,529.64"
ID13650,19-Mar-2026,Transfer,820.61,0.00,"4,266.49"
ID13650,14-Feb-2026,ATM Withdrawal,0.00,825.02,"35,339.65"
ID13650,12-Mar-2026,ATM Withdrawal,0.00,428.97,"80,796.61"
ID13651,23-Mar-2026,Direct Deposit,862.84,0.00,"33,136.19"
ID13651,30-Jan-2026,Debit Card,0.00,627.36,"69,417.15"
ID13651,05-Feb-2026,Transfer,0.00,615.26,"83,060.06"
ID13651,23-Feb-2026,Transfer,0.00,594.78,"83,537.78"
ID13651,26-Feb-2026,Reversal,520.05,0.00,"8,893.28"
ID13651,09-Mar-2026,Payment,"1,339.46",0.00,"87,323.99"
ID13651,16-Mar-2026,Direct Deposit,"3,333.49",0.00,"18,794.51"
ID13651,17-Feb-2026,Direct Deposit,"3,252.82",0.00,"1,571.97"
ID13651,08-Feb-2026,Charge,0.00,434.63,"97,623.38"
ID13651,20-Feb-2026,Transfer,0.00,707.74,"28,601.01"
ID13651,08-Jan-2026,ATM Withdrawal,0.00,535.34,"20,499.85"
ID13651,04-Jan-2026,Direct Deposit,"4,384.30",0.00,"31,422.79"
ID13651,04-Jan-2026,ATM Withdrawal,0.00,496.29,"18,662.98"
ID13651,03-Feb-2026,Payment,0.00,692.51,"10,842.96"
ID13651,11-Feb-2026,ATM Withdrawal,0.00,396.90,"29,229.83"
ID13651,03-Feb-2026,Payment,409.23,0.00,"11,587.62"
ID13651,23-Mar-2026,Interest,465.93,0.00,"78,579.05"
ID13651,05-Feb-2026,Transfer,"1,875.12",0.00,"14,673.87"
ID13651,07-Jan-2026,Reversal,0.00,362.07,"35,647.61"
ID13651,09-Feb-2026,ATM Withdrawal,0.00,397.28,"54,624.59"
ID13652,16-Mar-2026,Reversal,0.00,252.79,"19,676.98"
ID13652,05-Mar-2026,Direct Deposit,"4,530.80",0.00,"49,249.49"
ID13652,09-Jan-2026,Charge,0.00,321.86,"31,149.50"
ID13652,26-Jan-2026,Transfer,0.00,202.32,"14,830.34"
ID13652,29-Mar-2026,Payment,0.00,"1,185.64","88,540.97"
ID13652,04-Feb-2026,Transfer,"1,589.29",0.00,"67,092.07"
ID13652,04-Mar-2026,ATM Withdrawal,0.00,324.06,"63,118.84"
ID13652,18-Jan-2026,Charge,0.00,539.57,"78,121.99"
ID13652,03-Jan-2026,Interest,299.37,0.00,"61,066.35"
ID13652,03-Jan-2026,Reversal,506.94,0.00,"83,308.83"
ID13652,01-Mar-2026,Reversal,0.00,479.24,"15,751.15"
ID13652,28-Mar-2026,Direct Deposit,"2,567.81",0.00,"49,111.04"
ID13652,10-Mar-2026,Payment,0.00,"1,277.69","94,390.40"
ID13652,19-Feb-2026,Reversal,0.00,147.71,"56,754.17"
ID13652,04-Mar-2026,Transfer,494.24,0.00,"38,858.53"
ID13652,07-Feb-2026,Interest,220.43,0.00,"46,911.13"
ID13652,03-Mar-2026,Interest,13.84,0.00,"55,541.12"
ID13652,03-Feb-2026,Interest,176.48,0.00,"49,077.07"
ID13652,03-Jan-2026,Debit Card,0.00,147.70,"54,289.76"
ID13652,13-Feb-2026,Direct Deposit,"2,118.94",0.00,"63,396.41"
ID13653,26-Jan-2026,ATM Withdrawal,0.00,605.26,"27,421.47"
ID13653,28-Feb-2026,Direct Deposit,"1,723.95",0.00,"69,727.89"
ID13653,13-Feb-2026,Transfer,"1,077.03",0.00,"4,564.77"
ID13653,02-Mar-2026,Charge,0.00,292.58,"61,516.05"
ID13653,08-Jan-2026,Reversal,"1,066.85",0.00,"54,664.99"
ID13653,11-Mar-2026,ATM Withdrawal,0.00,500.43,"27,401.98"
ID13653,09-Jan-2026,Reversal,"1,042.20",0.00,"26,663.96"
ID13653,19-Mar-2026,Interest,264.34,0.00,"86,142.14"
ID13653,13-Jan-2026,Direct Deposit,"2,085.81",0.00,"63,238.06"
ID13653,26-Feb-2026,Debit Card,0.00,13.71,"6,786.67"
ID13653,23-Mar-2026,Direct Deposit,"3,177.27",0.00,"56,565.81"
ID13653,15-Feb-2026,ATM Withdrawal,0.00,304.78,"19,497.71"
ID13653,22-Jan-2026,ATM Withdrawal,0.00,538.57,"51,870.81"
ID13653,31-Mar-2026,Direct Deposit,"2,423.37",0.00,"70,623.53"
ID13653,09-Mar-2026,Debit Card,0.00,123.34,"4,035.88"
ID13653,01-Mar-2026,Payment,0.00,260.40,"25,289.49"
ID13653,10-Jan-2026,Interest,235.53,0.00,"7,331.09"
ID13653,19-Jan-2026,Reversal,"1,890.22",0.00,"19,715.93"
ID13653,01-Apr-2026,Debit Card,0.00,887.66,"75,003.61"
ID13653,16-Jan-2026,Reversal,"1,447.10",0.00,"61,387.66"
ID13654,26-Jan-2026,Charge,0.00,105.86,"80,739.94"
ID13654,07-Jan-2026,ATM Withdrawal,0.00,199.79,"66,717.35"
ID13654,20-Mar-2026,Charge,0.00,142.03,"69,469.56"
ID13654,23-Jan-2026,Direct Deposit,"1,771.46",0.00,"19,810.09"
ID13654,14-Jan-2026,Transfer,0.00,798.05,"74,491.05"
ID13654,12-Mar-2026,Transfer,0.00,858.98,"74,702.45"
ID13654,15-Jan-2026,Reversal,"1,423.51",0.00,"79,510.22"
ID13654,10-Feb-2026,Payment,847.74,0.00,"87,806.09"
ID13654,23-Feb-2026,Debit Card,0.00,645.20,"90,633.51"
ID13654,16-Jan-2026,Transfer,0.00,527.01,"68,724.96"
ID13654,09-Mar-2026,Direct Deposit,"3,386.87",0.00,"50,451.76"
ID13654,03-Mar-2026,Interest,448.20,0.00,"68,812.73"
ID13654,23-Mar-2026,Interest,171.01,0.00,"3,332.43"
ID13654,03-Mar-2026,Charge,0.00,37.62,"37,982.42"
ID13654,16-Mar-2026,Debit Card,0.00,185.90,"52,648.99"
ID13654,21-Feb-2026,Charge,0.00,94.59,"70,232.77"
ID13654,14-Mar-2026,Reversal,"1,165.95",0.00,"12,463.47"
ID13654,15-Feb-2026,Interest,239.33,0.00,"23,530.81"
ID13654,03-Jan-2026,Reversal,0.00,433.50,"95,907.68"
ID13654,31-Jan-2026,Payment,0.00,510.31,"72,055.80"
ID13655,20-Jan-2026,Debit Card,0.00,857.65,"94,873.56"
ID13655,31-Mar-2026,Direct Deposit,"2,497.69",0.00,"63,157.03"
ID13655,18-Mar-2026,Reversal,716.13,0.00,"53,093.48"
ID13655,05-Jan-2026,Debit Card,0.00,554.65,"25,243.23"
ID13655,14-Mar-2026,Reversal,0.00,211.92,"78,481.93"
ID13655,04-Mar-2026,Debit Card,0.00,975.46,"52,754.60"
ID13655,06-Jan-2026,Transfer,"1,535.97",0.00,"30,199.83"
ID13655,15-Mar-2026,Transfer,490.88,0.00,"18,576.13"
ID13655,20-Mar-2026,ATM Withdrawal,0.00,435.84,"14,862.38"
ID13655,15-Feb-2026,Interest,417.84,0.00,"65,489.52"
ID13655,12-Feb-2026,Payment,"1,811.67",0.00,"10,442.96"
ID13655,29-Mar-2026,Interest,207.02,0.00,"93,032.72"
ID13655,24-Feb-2026,Transfer,"1,763.24",0.00,"57,635.94"
ID13655,31-Mar-2026,Reversal,0.00,"1,459.90","14,816.89"
ID13655,15-Jan-2026,Transfer,0.00,652.42,"66,741.56"
ID13655,22-Jan-2026,Interest,473.86,0.00,"71,616.73"
ID13655,03-Feb-2026,Reversal,"1,629.87",0.00,"37,747.88"
ID13655,11-Jan-2026,ATM Withdrawal,0.00,923.93,"10,395.43"
ID13655,08-Mar-2026,Debit Card,0.00,20.32,"19,257.44"
ID13655,14-Feb-2026,Reversal,0.00,426.17,"98,066.73"
ID13656,22-Jan-2026,Charge,0.00,439.62,"57,816.21"
ID13656,21-Mar-2026,Direct Deposit,"2,302.14",0.00,"23,600.23"
ID13656,19-Feb-2026,Reversal,704.53,0.00,"19,999.67"
ID13656,30-Jan-2026,Interest,108.76,0.00,"97,455.25"
ID13656,17-Feb-2026,Debit Card,0.00,725.92,"49,782.27"
ID13656,28-Jan-2026,Reversal,"1,980.60",0.00,"70,175.51"
ID13656,12-Feb-2026,ATM Withdrawal,0.00,548.48,"61,906.20"
ID13656,24-Mar-2026,ATM Withdrawal,0.00,18.38,"35,518.82"
ID13656,12-Feb-2026,Payment,0.00,997.52,"8,060.73"
ID13656,15-Jan-2026,Charge,0.00,405.96,"84,892.26"
ID13656,26-Feb-2026,ATM Withdrawal,0.00,564.45,"54,559.54"
ID13656,29-Jan-2026,Charge,0.00,332.25,"95,530.15"
ID13656,28-Jan-2026,Transfer,"1,168.55",0.00,"10,901.58"
ID13656,02-Feb-2026,Interest,355.77,0.00,"96,278.76"
ID13656,15-Jan-2026,Payment,0.00,"1,389.55","79,308.03"
ID13656,19-Mar-2026,Debit Card,0.00,510.29,"25,410.91"
ID13656,31-Jan-2026,Reversal,0.00,767.66,"33,481.75"
ID13656,17-Jan-2026,ATM Withdrawal,0.00,834.43,"55,032.95"
ID13656,21-Jan-2026,Transfer,370.79,0.00,"67,333.19"
ID13656,30-Jan-2026,Transfer,0.00,666.22,"32,821.81"
ID13657,08-Mar-2026,Transfer,0.00,"1,418.74","62,084.60"
ID13657,27-Jan-2026,Direct Deposit,"2,389.88",0.00,"85,100.36"
ID13657,12-Jan-2026,Reversal,"1,053.18",0.00,"82,254.49"
ID13657,29-Mar-2026,Interest,94.53,0.00,"88,564.81"
ID13657,04-Feb-2026,Interest,442.31,0.00,"42,004.49"
ID13657,08-Jan-2026,ATM Withdrawal,0.00,378.98,"51,264.49"
ID13657,17-Jan-2026,ATM Withdrawal,0.00,56.75,"87,631.69"
ID13657,05-Jan-2026,Direct Deposit,"3,782.84",0.00,"81,853.89"
ID13657,27-Jan-2026,Transfer,0.00,548.67,"96,968.07"
ID13657,15-Jan-2026,Interest,341.48,0.00,"20,623.00"
ID13657,28-Feb-2026,Payment,0.00,"1,285.93","72,116.63"
ID13657,16-Mar-2026,Payment,538.08,0.00,"23,719.91"
ID13657,06-Mar-2026,Direct Deposit,"2,673.07",0.00,"42,670.72"
ID13657,05-Mar-2026,Transfer,0.00,453.81,"88,043.10"
ID13657,01-Feb-2026,Charge,0.00,482.42,"88,472.15"
ID13657,06-Mar-2026,Reversal,0.00,314.84,"86,107.81"
ID13657,15-Mar-2026,ATM Withdrawal,0.00,195.31,"28,912.41"
ID13657,11-Jan-2026,Charge,0.00,631.18,"99,122.91"
ID13657,26-Feb-2026,Direct Deposit,"1,596.83",0.00,"15,980.45"
ID13657,27-Mar-2026,ATM Withdrawal,0.00,431.62,"72,712.85"
ID13658,07-Jan-2026,Payment,0.00,163.30,"94,370.14"
ID13658,01-Mar-2026,Charge,0.00,821.96,"73,344.58"
ID13658,18-Mar-2026,Charge,0.00,803.61,"58,915.90"
ID13658,30-Mar-2026,Interest,490.85,0.00,"87,706.53"
ID13658,28-Jan-2026,Payment,0.00,686.99,"84,145.72"
ID13658,29-Mar-2026,Direct Deposit,"4,823.15",0.00,"81,683.46"
ID13658,29-Jan-2026,Reversal,606.27,0.00,"34,687.42"
ID13658,18-Jan-2026,Debit Card,0.00,601.41,"40,388.28"
ID13658,24-Feb-2026,Debit Card,0.00,730.05,"9,973.81"
ID13658,28-Feb-2026,Debit Card,0.00,884.84,"75,263.30"
ID13658,01-Mar-2026,Payment,0.00,895.42,"69,992.34"
ID13658,14-Mar-2026,Debit Card,0.00,608.88,"11,215.95"
ID13658,26-Feb-2026,ATM Withdrawal,0.00,889.08,"82,083.30"
ID13658,03-Jan-2026,ATM Withdrawal,0.00,937.80,"37,677.55"
ID13658,24-Mar-2026,Reversal,0.00,444.08,"54,712.63"
ID13658,22-Jan-2026,Interest,178.09,0.00,"16,875.14"
ID13658,08-Mar-2026,Payment,0.00,"1,320.98","71,244.10"
ID13658,19-Feb-2026,Payment,"1,946.37",0.00,"36,862.17"
ID13658,11-Feb-2026,Payment,0.00,950.59,"74,834.84"
ID13658,18-Jan-2026,Reversal,178.01,0.00,"75,264.09"
ID13659,23-Feb-2026,Charge,0.00,362.01,"77,598.94"
ID13659,07-Jan-2026,Debit Card,0.00,370.32,"17,272.23"
ID13659,18-Feb-2026,ATM Withdrawal,0.00,147.31,"54,466.51"
ID13659,02-Apr-2026,Interest,61.42,0.00,"70,711.03"
ID13659,06-Mar-2026,ATM Withdrawal,0.00,249.11,"32,334.96"
ID13659,28-Mar-2026,Direct Deposit,"2,531.65",0.00,"32,361.63"
ID13659,01-Mar-2026,Direct Deposit,"2,772.61",0.00,"64,474.47"
ID13659,03-Feb-2026,Payment,"1,965.36",0.00,"22,912.22"
ID13659,13-Feb-2026,Transfer,"1,979.72",0.00,"40,426.81"
ID13659,15-Mar-2026,Payment,211.49,0.00,"86,762.59"
ID13659,18-Mar-2026,Payment,0.00,170.59,"60,253.68"
ID13659,28-Feb-2026,Reversal,935.75,0.00,"49,046.43"
ID13659,07-Mar-2026,Payment,0.00,146.72,"13,934.28"
ID13659,20-Jan-2026,Transfer,684.17,0.00,"51,144.24"
ID13659,23-Feb-2026,Payment,0.00,"1,053.60","10,889.81"
ID13659,26-Jan-2026,Direct Deposit,"1,325.98",0.00,"82,358.79"
ID13659,10-Mar-2026,Payment,0.00,126.75,"31,725.53"
ID13659,30-Mar-2026,Interest,278.97,0.00,"9,328.85"
ID13659,22-Mar-2026,Payment,910.92,0.00,"90,442.72"
ID13659,26-Feb-2026,Direct Deposit,"4,933.71",0.00,"95,406.71"
ID13660,29-Jan-2026,Transfer,"1,568.73",0.00,"66,428.06"
ID13660,31-Jan-2026,Transfer,0.00,646.39,"56,063.58"
ID13660,15-Jan-2026,ATM Withdrawal,0.00,61.75,"56,468.93"
ID13660,21-Jan-2026,Direct Deposit,546.70,0.00,"21,914.48"
ID13660,05-Mar-2026,Debit Card,0.00,762.49,"7,589.53"
ID13660,04-Mar-2026,ATM Withdrawal,0.00,330.35,"38,995.60"
ID13660,02-Apr-2026,Payment,0.00,"1,345.84","67,510.21"
ID13660,24-Feb-2026,ATM Withdrawal,0.00,825.30,"59,462.65"
ID13660,25-Feb-2026,Transfer,895.03,0.00,"35,649.30"
ID13660,16-Feb-2026,Payment,904.36,0.00,"93,709.86"
ID13660,02-Apr-2026,ATM Withdrawal,0.00,658.82,"12,972.98"
ID13660,21-Jan-2026,Payment,634.82,0.00,"72,825.31"
ID13660,02-Apr-2026,Charge,0.00,905.23,"6,704.60"
ID13660,13-Feb-2026,Interest,197.62,0.00,"73,372.52"
ID13660,04-Jan-2026,Transfer,"1,922.93",0.00,"45,792.53"
ID13660,08-Jan-2026,Charge,0.00,832.39,"51,721.49"
ID13660,27-Mar-2026,Interest,95.79,0.00,"71,515.11"
ID13660,12-Mar-2026,ATM Withdrawal,0.00,837.66,"63,589.60"
ID13660,20-Feb-2026,Charge,0.00,794.51,"67,991.49"
ID13660,03-Apr-2026,Payment,158.72,0.00,"2,580.69"
ID13661,31-Mar-2026,Debit Card,0.00,846.81,"2,953.49"
ID13661,31-Jan-2026,Reversal,0.00,188.27,"83,143.66"
ID13661,07-Feb-2026,Debit Card,0.00,875.03,"78,363.41"
ID13661,12-Mar-2026,Charge,0.00,900.11,"35,199.69"
ID13661,23-Jan-2026,Direct Deposit,"3,726.75",0.00,"41,987.09"
ID13661,25-Feb-2026,Reversal,"1,790.42",0.00,"25,730.14"
ID13661,26-Feb-2026,Direct Deposit,"1,500.10",0.00,"32,508.87"
ID13661,21-Mar-2026,Reversal,0.00,"1,224.15","51,640.38"
ID13661,08-Feb-2026,Debit Card,0.00,764.38,"44,844.50"
ID13661,31-Jan-2026,ATM Withdrawal,0.00,172.03,"33,494.63"
ID13661,21-Feb-2026,Charge,0.00,605.90,"53,911.87"
ID13661,08-Feb-2026,Payment,0.00,162.20,"85,029.51"
ID13661,07-Mar-2026,Reversal,242.50,0.00,"33,359.78"
ID13661,03-Apr-2026,Transfer,0.00,"1,290.79","17,111.84"
ID13661,16-Jan-2026,Payment,"1,244.07",0.00,"48,095.43"
ID13661,20-Mar-2026,Direct Deposit,"4,342.08",0.00,"56,541.95"
ID13661,13-Jan-2026,Transfer,"1,044.72",0.00,"1,067.37"
ID13661,21-Mar-2026,Interest,483.77,0.00,"9,265.78"
ID13661,08-Jan-2026,Payment,"1,818.72",0.00,"26,168.32"
ID13661,24-Feb-2026,Reversal,0.00,536.87,"38,281.36"
ID13662,29-Mar-2026,Payment,0.00,81.29,"83,400.39"
ID13662,31-Jan-2026,Payment,"1,432.14",0.00,"63,950.33"
ID13662,20-Feb-2026,Reversal,0.00,"1,395.08","92,114.44"
ID13662,21-Mar-2026,ATM Withdrawal,0.00,592.13,"36,498.35"
ID13662,29-Jan-2026,Charge,0.00,857.36,"27,655.99"
ID13662,24-Jan-2026,Charge,0.00,284.75,"51,446.02"
ID13662,08-Mar-2026,Transfer,0.00,"1,348.31","9,221.11"
ID13662,03-Feb-2026,Charge,0.00,961.70,"33,518.14"
ID13662,23-Feb-2026,Payment,0.00,533.56,"24,883.25"
ID13662,13-Mar-2026,Payment,"1,859.22",0.00,"89,990.77"
ID13662,24-Feb-2026,Debit Card,0.00,586.39,"10,863.02"
ID13662,16-Mar-2026,Interest,74.33,0.00,"80,258.12"
ID13662,20-Feb-2026,ATM Withdrawal,0.00,571.13,"7,229.93"
ID13662,03-Apr-2026,Direct Deposit,"1,240.37",0.00,"78,797.09"
ID13662,07-Jan-2026,ATM Withdrawal,0.00,824.63,"63,264.54"
ID13662,30-Jan-2026,Reversal,0.00,315.32,"37,227.02"
ID13662,20-Jan-2026,Direct Deposit,832.26,0.00,"65,629.97"
ID13662,03-Jan-2026,Direct Deposit,"4,930.87",0.00,"46,947.72"
ID13662,08-Jan-2026,Interest,283.18,0.00,"39,049.90"
ID13662,16-Mar-2026,Payment,"1,852.30",0.00,"74,123.30"
ID13663,12-Jan-2026,Interest,407.28,0.00,"12,875.85"
ID13663,18-Feb-2026,Direct Deposit,"4,933.69",0.00,"2,081.97"
ID13663,03-Apr-2026,Payment,0.00,"1,239.60","54,201.69"
ID13663,27-Jan-2026,Payment,0.00,422.95,"31,522.17"
ID13663,24-Feb-2026,Reversal,214.81,0.00,"26,257.00"
ID13663,17-Feb-2026,ATM Withdrawal,0.00,647.97,"80,598.95"
ID13663,12-Jan-2026,Reversal,"1,660.93",0.00,"13,467.98"
ID13663,29-Jan-2026,Transfer,"1,309.20",0.00,"10,231.14"
ID13663,15-Mar-2026,Interest,304.63,0.00,"5,585.47"
ID13663,08-Jan-2026,Charge,0.00,508.90,"15,077.52"
ID13663,12-Mar-2026,Transfer,0.00,180.22,"75,747.64"
ID13663,05-Feb-2026,Reversal,0.00,446.41,"9,149.35"
ID13663,11-Feb-2026,Transfer,0.00,"1,014.34","39,925.82"
ID13663,19-Mar-2026,Interest,435.35,0.00,"61,623.98"
ID13663,19-Mar-2026,Reversal,"1,168.86",0.00,"33,329.59"
ID13663,25-Feb-2026,Payment,"1,459.83",0.00,"86,308.25"
ID13663,04-Feb-2026,Interest,429.95,0.00,"19,270.19"
ID13663,26-Jan-2026,Debit Card,0.00,681.03,"79,927.89"
ID13663,09-Jan-2026,Debit Card,0.00,220.20,"71,466.65"
ID13663,23-Mar-2026,ATM Withdrawal,0.00,320.08,"26,667.79"
ID13664,10-Mar-2026,Charge,0.00,665.33,"67,963.98"
ID13664,03-Feb-2026,Charge,0.00,632.65,"89,031.37"
ID13664,07-Jan-2026,Reversal,"1,651.34",0.00,"6,540.10"
ID13664,13-Jan-2026,Transfer,"1,528.41",0.00,"67,105.86"
ID13664,30-Jan-2026,Debit Card,0.00,754.55,"28,642.84"
ID13664,03-Apr-2026,Charge,0.00,495.10,"95,530.48"
ID13664,02-Feb-2026,Interest,356.29,0.00,"53,495.81"
ID13664,18-Jan-2026,Interest,450.00,0.00,"68,204.85"
ID13664,19-Feb-2026,Transfer,0.00,"1,125.45","6,450.11"
ID13664,16-Jan-2026,Reversal,367.32,0.00,"64,575.69"
ID13664,04-Jan-2026,ATM Withdrawal,0.00,219.00,"32,415.55"
ID13664,01-Mar-2026,Payment,0.00,147.50,"54,541.53"
ID13664,20-Feb-2026,Transfer,0.00,"1,247.77","30,489.59"
ID13664,20-Jan-2026,Transfer,390.50,0.00,"10,128.92"
ID13664,11-Jan-2026,Debit Card,0.00,569.04,"26,606.61"
ID13664,14-Jan-2026,ATM Withdrawal,0.00,700.90,"14,863.48"
ID13664,05-Feb-2026,Payment,650.07,0.00,"34,908.77"
ID13664,24-Jan-2026,Interest,230.39,0.00,"12,689.69"
ID13664,14-Feb-2026,Charge,0.00,463.27,"57,372.44"
ID13664,07-Jan-2026,Debit Card,0.00,942.47,"66,774.23"
ID13665,16-Jan-2026,Charge,0.00,18.75,"77,340.57"
ID13665,03-Apr-2026,Direct Deposit,"3,785.09",0.00,"9,967.69"
ID13665,17-Feb-2026,Payment,538.53,0.00,"41,941.62"
ID13665,28-Jan-2026,Payment,0.00,"1,380.07","22,390.26"
ID13665,04-Jan-2026,Payment,560.54,0.00,"76,444.36"
ID13665,21-Feb-2026,Debit Card,0.00,170.13,"5,739.08"
ID13665,06-Feb-2026,Payment,0.00,871.02,"11,458.86"
ID13665,22-Feb-2026,Reversal,"1,331.70",0.00,"58,970.54"
ID13665,12-Mar-2026,ATM Withdrawal,0.00,361.54,"6,058.84"
ID13665,22-Mar-2026,Charge,0.00,981.38,"88,275.32"
ID13665,09-Jan-2026,Direct Deposit,"1,571.62",0.00,"8,105.83"
ID13665,10-Mar-2026,Payment,0.00,766.04,"2,003.20"
ID13665,18-Jan-2026,Transfer,0.00,"1,093.52","61,762.96"
ID13665,01-Feb-2026,Interest,117.01,0.00,"44,519.23"
ID13665,17-Feb-2026,Payment,508.76,0.00,"98,374.64"
ID13665,30-Jan-2026,Payment,"1,424.12",0.00,"52,090.23"
ID13665,15-Feb-2026,Interest,393.48,0.00,"52,564.39"
ID13665,16-Mar-2026,Payment,712.43,0.00,"88,962.40"
ID13665,18-Mar-2026,Direct Deposit,"3,050.19",0.00,"80,216.81"
ID13665,23-Feb-2026,Debit Card,0.00,542.90,"27,720.01"
ID13666,17-Mar-2026,Reversal,"1,123.05",0.00,"88,224.87"
ID13666,16-Mar-2026,ATM Withdrawal,0.00,669.12,"26,847.49"
ID13666,16-Jan-2026,Interest,158.89,0.00,"83,375.56"
ID13666,04-Jan-2026,Direct Deposit,"1,421.31",0.00,"37,357.48"
ID13666,16-Feb-2026,Debit Card,0.00,638.36,"51,772.98"
ID13666,03-Apr-2026,Charge,0.00,412.87,"72,676.35"
ID13666,27-Mar-2026,Transfer,0.00,158.22,"92,679.39"
ID13666,01-Apr-2026,Debit Card,0.00,991.90,"79,209.74"
ID13666,25-Feb-2026,Charge,0.00,513.19,"48,333.13"
ID13666,30-Jan-2026,Payment,0.00,515.54,"88,630.60"
ID13666,04-Feb-2026,Charge,0.00,623.73,"15,527.01"
ID13666,13-Mar-2026,Debit Card,0.00,962.95,"3,629.25"
ID13666,23-Jan-2026,Interest,193.02,0.00,"42,392.18"
ID13666,22-Jan-2026,Debit Card,0.00,343.51,"35,708.46"
ID13666,27-Mar-2026,Direct Deposit,"1,579.96",0.00,"31,102.52"
ID13666,09-Jan-2026,Interest,135.87,0.00,"90,244.34"
ID13666,12-Mar-2026,Debit Card,0.00,43.29,"47,646.54"
ID13666,02-Feb-2026,Charge,0.00,374.87,"80,207.15"
ID13666,23-Jan-2026,Transfer,727.67,0.00,"85,261.61"
ID13666,05-Mar-2026,ATM Withdrawal,0.00,697.73,"73,481.54"
ID13667,29-Jan-2026,Reversal,"1,695.50",0.00,"97,244.13"
ID13667,24-Mar-2026,Transfer,0.00,243.63,"77,233.39"
ID13667,07-Feb-2026,Reversal,"1,147.45",0.00,"61,176.07"
ID13667,10-Feb-2026,Charge,0.00,29.71,"20,530.42"
ID13667,23-Jan-2026,Charge,0.00,468.70,"30,686.29"
ID13667,17-Jan-2026,ATM Withdrawal,0.00,967.56,"32,457.71"
ID13667,24-Mar-2026,Reversal,336.84,0.00,"64,541.77"
ID13667,21-Feb-2026,Transfer,0.00,"1,397.86","2,842.18"
ID13667,30-Mar-2026,Debit Card,0.00,91.61,"35,246.60"
ID13667,25-Jan-2026,ATM Withdrawal,0.00,711.15,"10,293.42"
ID13667,30-Mar-2026,Transfer,337.25,0.00,"55,919.05"
ID13667,04-Jan-2026,Interest,121.63,0.00,"24,912.85"
ID13667,04-Mar-2026,Transfer,440.17,0.00,"81,872.96"
ID13667,11-Jan-2026,Payment,0.00,862.24,"25,976.90"
ID13667,20-Mar-2026,Direct Deposit,"3,671.17",0.00,"74,536.90"
ID13667,03-Mar-2026,Reversal,667.82,0.00,"73,457.15"
ID13667,04-Feb-2026,Debit Card,0.00,803.51,"81,750.38"
ID13667,31-Jan-2026,Interest,85.68,0.00,"25,861.92"
ID13667,16-Jan-2026,Reversal,0.00,"1,336.24","61,587.57"
ID13667,11-Feb-2026,Debit Card,0.00,968.65,"80,814.17"
ID13668,31-Jan-2026,Direct Deposit,"2,828.95",0.00,"18,702.11"
ID13668,27-Feb-2026,Interest,433.63,0.00,"40,444.80"
ID13668,21-Jan-2026,Transfer,999.47,0.00,"71,844.17"
ID13668,18-Mar-2026,Reversal,0.00,432.46,"64,476.85"
ID13668,14-Mar-2026,Reversal,"1,249.33",0.00,"12,801.19"
ID13668,01-Apr-2026,Payment,0.00,"1,354.72","47,973.68"
ID13668,19-Mar-2026,Debit Card,0.00,472.82,"82,157.52"
ID13668,08-Mar-2026,ATM Withdrawal,0.00,531.40,"43,176.00"
ID13668,12-Feb-2026,Direct Deposit,"4,734.70",0.00,"6,837.43"
ID13668,10-Jan-2026,Direct Deposit,"2,953.10",0.00,"75,394.20"
ID13668,14-Jan-2026,Payment,700.96,0.00,"93,200.78"
ID13668,07-Jan-2026,Reversal,0.00,182.00,"18,790.11"
ID13668,08-Jan-2026,Interest,99.34,0.00,"62,346.80"
ID13668,16-Mar-2026,Direct Deposit,"1,737.23",0.00,"82,488.81"
ID13668,19-Mar-2026,Debit Card,0.00,120.23,"20,685.99"
ID13668,01-Feb-2026,ATM Withdrawal,0.00,660.19,"20,019.23"
ID13668,13-Feb-2026,Reversal,"1,189.71",0.00,"51,762.57"
ID13668,26-Mar-2026,Charge,0.00,830.50,"68,796.75"
ID13668,10-Mar-2026,Charge,0.00,905.41,"39,648.96"
ID13668,16-Jan-2026,Reversal,"1,779.13",0.00,"2,266.17"
ID13669,30-Jan-2026,Charge,0.00,936.89,"41,251.85"
ID13669,13-Jan-2026,Interest,45.20,0.00,"60,163.42"
ID13669,31-Mar-2026,Interest,335.93,0.00,"18,347.46"
ID13669,31-Jan-2026,Debit Card,0.00,65.58,"81,077.71"
ID13669,08-Mar-2026,Debit Card,0.00,545.64,"38,549.41"
ID13669,30-Jan-2026,Payment,0.00,351.05,"72,502.50"
ID13669,31-Mar-2026,Reversal,"1,005.83",0.00,"64,659.19"
ID13669,08-Mar-2026,Payment,776.37,0.00,"98,027.70"
ID13669,11-Feb-2026,Interest,270.00,0.00,"91,778.35"
ID13669,15-Mar-2026,Charge,0.00,869.48,"52,354.55"
ID13669,13-Jan-2026,Charge,0.00,203.53,"17,040.74"
ID13669,02-Mar-2026,Interest,307.72,0.00,"16,191.22"
ID13669,22-Mar-2026,ATM Withdrawal,0.00,399.09,"48,254.84"
ID13669,26-Feb-2026,Debit Card,0.00,84.98,"5,208.43"
ID13669,24-Mar-2026,Payment,0.00,"1,333.22","33,174.06"
ID13669,07-Feb-2026,ATM Withdrawal,0.00,816.95,"81,247.59"
ID13669,21-Jan-2026,Transfer,0.00,104.57,"4,021.52"
ID13669,03-Mar-2026,Debit Card,0.00,685.59,"72,674.09"
ID13669,21-Jan-2026,Reversal,"1,802.95",0.00,"94,444.34"
ID13669,23-Feb-2026,Interest,420.43,0.00,"30,846.00"
ID13670,03-Jan-2026,Payment,367.38,0.00,"74,998.97"
ID13670,20-Feb-2026,Debit Card,0.00,78.90,"74,357.33"
ID13670,31-Jan-2026,Charge,0.00,838.35,"1,814.02"
ID13670,20-Feb-2026,Payment,0.00,"1,086.54","32,956.69"
ID13670,10-Mar-2026,Reversal,"1,826.79",0.00,"32,667.31"
ID13670,04-Jan-2026,Transfer,0.00,"1,015.01","21,500.12"
ID13670,25-Mar-2026,Reversal,0.00,959.12,"43,008.40"
ID13670,06-Jan-2026,ATM Withdrawal,0.00,11.81,"13,436.58"
ID13670,15-Mar-2026,Reversal,0.00,694.77,"27,682.35"
ID13670,26-Feb-2026,Transfer,366.63,0.00,"14,170.79"
ID13670,14-Feb-2026,Reversal,389.71,0.00,"50,793.57"
ID13670,08-Mar-2026,ATM Withdrawal,0.00,827.06,"37,611.03"
ID13670,05-Jan-2026,Payment,0.00,"1,079.44","52,519.65"
ID13670,23-Mar-2026,Charge,0.00,783.22,"33,923.47"
ID13670,16-Feb-2026,Payment,0.00,745.04,"6,531.68"
ID13670,02-Apr-2026,Transfer,948.51,0.00,"74,498.28"
ID13670,23-Jan-2026,Reversal,"1,999.30",0.00,"55,790.01"
ID13670,22-Jan-2026,ATM Withdrawal,0.00,393.41,"32,967.43"
ID13670,10-Mar-2026,Direct Deposit,989.27,0.00,"39,905.39"
ID13670,16-Jan-2026,Reversal,"1,042.09",0.00,"50,265.61"
ID13671,28-Mar-2026,Charge,0.00,652.61,"24,288.49"
ID13671,12-Mar-2026,Interest,340.92,0.00,"64,416.88"
ID13671,12-Feb-2026,Payment,0.00,480.62,"88,652.43"
ID13671,19-Feb-2026,ATM Withdrawal,0.00,672.39,"86,055.39"
ID13671,05-Jan-2026,Reversal,628.70,0.00,"39,210.46"
ID13671,18-Feb-2026,ATM Withdrawal,0.00,460.55,"1,422.74"
ID13671,04-Jan-2026,Interest,256.90,0.00,"99,237.26"
ID13671,29-Mar-2026,Debit Card,0.00,94.32,"65,130.07"
ID13671,26-Jan-2026,Direct Deposit,"4,726.07",0.00,"8,432.31"
ID13671,17-Jan-2026,Payment,827.75,0.00,"64,120.39"
ID13671,12-Feb-2026,ATM Withdrawal,0.00,18.51,"50,352.67"
ID13671,28-Feb-2026,Charge,0.00,638.24,"73,488.46"
ID13671,12-Feb-2026,Payment,"1,587.50",0.00,"73,593.95"
ID13671,30-Jan-2026,Interest,164.10,0.00,"98,456.64"
ID13671,10-Feb-2026,Interest,208.70,0.00,"97,185.49"
ID13671,03-Jan-2026,Charge,0.00,732.72,"52,788.03"
ID13671,09-Feb-2026,ATM Withdrawal,0.00,763.67,"43,462.59"
ID13671,18-Mar-2026,Debit Card,0.00,261.03,"34,400.76"
ID13671,23-Feb-2026,Direct Deposit,523.42,0.00,"79,672.12"
ID13671,22-Jan-2026,ATM Withdrawal,0.00,292.99,"33,471.00"
ID13672,15-Jan-2026,Charge,0.00,384.97,"72,386.67"
ID13672,24-Feb-2026,Interest,210.01,0.00,"14,724.81"
ID13672,24-Jan-2026,Payment,0.00,229.49,"46,266.18"
ID13672,07-Mar-2026,Payment,0.00,823.98,"30,724.06"
ID13672,11-Feb-2026,Charge,0.00,21.01,"19,688.08"
ID13672,02-Mar-2026,ATM Withdrawal,0.00,219.82,"11,385.64"
ID13672,14-Jan-2026,Charge,0.00,440.16,"65,826.22"
ID13672,21-Mar-2026,Debit Card,0.00,640.84,"2,819.42"
ID13672,29-Jan-2026,Reversal,"1,788.98",0.00,"41,634.52"
ID13672,26-Feb-2026,Reversal,149.63,0.00,"79,633.71"
ID13672,24-Mar-2026,Reversal,0.00,694.21,"77,271.51"
ID13672,27-Feb-2026,Debit Card,0.00,159.89,"40,974.21"
ID13672,26-Jan-2026,Reversal,0.00,"1,439.03","13,189.96"
ID13672,10-Jan-2026,Reversal,0.00,359.03,"38,093.93"
ID13672,24-Feb-2026,Debit Card,0.00,325.26,"35,518.80"
ID13672,20-Mar-2026,Interest,202.74,0.00,"79,377.94"
ID13672,21-Feb-2026,Transfer,0.00,332.68,"31,726.93"
ID13672,15-Feb-2026,Transfer,"1,207.32",0.00,"85,069.87"
ID13672,28-Mar-2026,Reversal,"1,027.62",0.00,"59,587.71"
ID13672,27-Mar-2026,Debit Card,0.00,60.29,"9,735.52"
ID13673,12-Jan-2026,Interest,222.17,0.00,"29,515.29"
ID13673,16-Feb-2026,Debit Card,0.00,459.82,"14,993.97"
ID13673,14-Jan-2026,Payment,0.00,981.39,"22,625.53"
ID13673,09-Mar-2026,Transfer,0.00,"1,464.56","94,673.50"
ID13673,27-Feb-2026,ATM Withdrawal,0.00,278.89,"6,358.87"
ID13673,04-Jan-2026,Interest,341.10,0.00,"89,152.84"
ID13673,24-Feb-2026,ATM Withdrawal,0.00,317.36,"43,683.89"
ID13673,14-Feb-2026,Charge,0.00,824.68,"73,984.13"
ID13673,09-Feb-2026,ATM Withdrawal,0.00,960.92,"49,807.98"
ID13673,31-Mar-2026,ATM Withdrawal,0.00,926.63,"35,923.51"
ID13673,26-Feb-2026,Transfer,643.05,0.00,"99,299.01"
ID13673,04-Jan-2026,Debit Card,0.00,458.89,"62,118.07"
ID13673,04-Feb-2026,Direct Deposit,"4,129.44",0.00,"5,355.69"
ID13673,28-Feb-2026,Direct Deposit,"2,611.62",0.00,"38,178.87"
ID13673,06-Feb-2026,Debit Card,0.00,244.59,"84,174.13"
ID13673,21-Mar-2026,Interest,129.99,0.00,"40,195.07"
ID13673,12-Jan-2026,Direct Deposit,"3,677.55",0.00,"86,973.54"
ID13673,14-Jan-2026,Reversal,0.00,962.64,"56,055.36"
ID13673,15-Mar-2026,Direct Deposit,"3,660.79",0.00,"81,858.13"
ID13673,16-Feb-2026,ATM Withdrawal,0.00,605.84,"11,894.34"
ID13674,06-Feb-2026,Charge,0.00,172.98,"78,956.37"
ID13674,28-Mar-2026,Interest,404.62,0.00,"19,099.06"
ID13674,28-Feb-2026,ATM Withdrawal,0.00,287.86,"47,071.25"
ID13674,05-Mar-2026,Charge,0.00,600.34,"62,086.56"
ID13674,29-Jan-2026,Debit Card,0.00,610.14,"97,172.03"
ID13674,14-Jan-2026,Debit Card,0.00,904.06,"78,983.76"
ID13674,10-Mar-2026,Reversal,"1,787.40",0.00,"31,839.67"
ID13674,10-Mar-2026,Debit Card,0.00,283.83,"67,151.08"
ID13674,21-Feb-2026,Reversal,631.29,0.00,"81,063.73"
ID13674,14-Feb-2026,Payment,856.94,0.00,"50,704.82"
ID13674,26-Jan-2026,Transfer,847.80,0.00,"71,942.27"
ID13674,15-Feb-2026,Reversal,0.00,"1,267.02","16,638.91"
ID13674,07-Feb-2026,Interest,174.74,0.00,"61,398.98"
ID13674,14-Mar-2026,Transfer,193.90,0.00,"95,854.44"
ID13674,15-Mar-2026,Transfer,"1,736.56",0.00,"23,349.96"
ID13674,01-Feb-2026,Charge,0.00,19.00,"84,444.21"
ID13674,07-Mar-2026,Interest,303.29,0.00,"92,639.59"
ID13674,21-Feb-2026,Payment,0.00,401.86,"85,670.81"
ID13674,31-Mar-2026,Payment,0.00,350.11,"63,602.73"
ID13674,02-Apr-2026,Transfer,579.46,0.00,"21,849.65"
ID13675,28-Feb-2026,Transfer,823.96,0.00,"47,542.15"
ID13675,17-Mar-2026,Direct Deposit,"2,598.78",0.00,"59,196.91"
ID13675,09-Feb-2026,Reversal,0.00,408.06,"3,221.27"
ID13675,01-Feb-2026,Interest,71.48,0.00,"41,293.70"
ID13675,19-Feb-2026,ATM Withdrawal,0.00,567.95,"37,857.88"
ID13675,06-Feb-2026,Direct Deposit,"1,441.55",0.00,"54,151.35"
ID13675,10-Mar-2026,Reversal,0.00,"1,009.73","91,393.94"
ID13675,31-Mar-2026,Reversal,822.03,0.00,"2,756.92"
ID13675,20-Jan-2026,Payment,534.97,0.00,"25,721.70"
ID13675,06-Mar-2026,Charge,0.00,842.72,"95,672.68"
ID13675,11-Feb-2026,ATM Withdrawal,0.00,902.76,"53,129.77"
ID13675,16-Mar-2026,Reversal,634.09,0.00,"36,352.74"
ID13675,15-Feb-2026,Direct Deposit,769.18,0.00,"19,916.49"
ID13675,05-Mar-2026,Debit Card,0.00,70.28,"32,014.60"
ID13675,02-Apr-2026,Transfer,0.00,870.71,"32,711.64"
ID13675,10-Feb-2026,ATM Withdrawal,0.00,682.92,"96,444.73"
ID13675,08-Mar-2026,Charge,0.00,45.94,"29,658.37"
ID13675,22-Jan-2026,Payment,0.00,"1,151.27","9,579.48"
ID13675,29-Mar-2026,Payment,0.00,948.12,"10,178.62"
ID13675,14-Jan-2026,ATM Withdrawal,0.00,19.45,"82,960.30"
ID13676,04-Mar-2026,Interest,38.88,0.00,"35,914.56"
ID13676,17-Mar-2026,Interest,268.35,0.00,"79,035.77"
ID13676,28-Feb-2026,Debit Card,0.00,16.61,"87,153.27"
ID13676,07-Feb-2026,Debit Card,0.00,62.76,"24,251.69"
ID13676,25-Jan-2026,ATM Withdrawal,0.00,950.52,"10,297.07"
ID13676,26-Feb-2026,Transfer,0.00,"1,068.62","66,313.38"
ID13676,14-Jan-2026,Charge,0.00,494.69,"77,226.50"
ID13676,26-Feb-2026,Interest,191.80,0.00,"25,892.41"
ID13676,20-Feb-2026,Payment,0.00,"1,170.76","70,080.35"
ID13676,23-Jan-2026,Charge,0.00,950.81,"50,814.28"
ID13676,18-Jan-2026,ATM Withdrawal,0.00,224.93,"64,741.13"
ID13676,16-Mar-2026,Direct Deposit,"3,723.80",0.00,"68,447.15"
ID13676,04-Jan-2026,Direct Deposit,"4,415.25",0.00,"9,960.02"
ID13676,21-Feb-2026,Charge,0.00,708.34,"24,176.01"
ID13676,24-Mar-2026,ATM Withdrawal,0.00,859.60,"98,302.93"
ID13676,13-Feb-2026,Direct Deposit,"3,618.70",0.00,"69,500.64"
ID13676,08-Feb-2026,Transfer,0.00,"1,017.63","78,855.87"
ID13676,05-Feb-2026,Interest,292.55,0.00,"12,266.03"
ID13676,16-Mar-2026,Payment,0.00,521.30,"99,822.07"
ID13676,05-Jan-2026,Interest,58.40,0.00,"49,337.34"
ID13677,03-Apr-2026,Transfer,0.00,938.72,"3,123.25"
ID13677,02-Feb-2026,Payment,736.10,0.00,"78,398.44"
ID13677,14-Jan-2026,ATM Withdrawal,0.00,358.09,"8,500.45"
ID13677,28-Jan-2026,Charge,0.00,329.24,"54,806.31"
ID13677,17-Mar-2026,Interest,294.27,0.00,"17,817.95"
ID13677,04-Feb-2026,Payment,279.56,0.00,"69,457.00"
ID13677,03-Jan-2026,ATM Withdrawal,0.00,833.92,"1,109.89"
ID13677,29-Jan-2026,Direct Deposit,"2,835.55",0.00,"89,465.17"
ID13677,05-Jan-2026,Payment,0.00,462.19,"12,116.54"
ID13677,28-Jan-2026,Debit Card,0.00,121.30,"84,234.00"
ID13677,08-Mar-2026,Reversal,"1,610.77",0.00,"18,173.92"
ID13677,21-Feb-2026,Reversal,"1,145.38",0.00,"47,461.66"
ID13677,23-Mar-2026,ATM Withdrawal,0.00,76.85,"67,446.81"
ID13677,20-Feb-2026,Payment,105.85,0.00,"2,490.56"
ID13677,02-Mar-2026,Debit Card,0.00,846.98,"58,748.35"
ID13677,30-Mar-2026,Payment,521.99,0.00,"54,636.82"
ID13677,23-Jan-2026,Direct Deposit,920.35,0.00,"44,517.95"
ID13677,26-Feb-2026,Debit Card,0.00,607.43,"64,675.09"
ID13677,17-Mar-2026,ATM Withdrawal,0.00,773.25,"2,014.26"
ID13677,26-Jan-2026,Payment,"1,179.51",0.00,"41,885.98"
ID13678,23-Mar-2026,Payment,0.00,"1,376.69","24,229.51"
ID13678,02-Feb-2026,ATM Withdrawal,0.00,371.84,"20,665.81"
ID13678,13-Mar-2026,Interest,262.60,0.00,"86,244.42"
ID13678,21-Mar-2026,Charge,0.00,797.85,"21,330.05"
ID13678,27-Feb-2026,Debit Card,0.00,798.65,"45,883.12"
ID13678,07-Feb-2026,ATM Withdrawal,0.00,414.18,"14,935.30"
ID13678,27-Mar-2026,Debit Card,0.00,289.44,"57,200.50"
ID13678,01-Mar-2026,Payment,0.00,313.54,"51,019.43"
ID13678,08-Mar-2026,Payment,0.00,425.10,"65,410.83"
ID13678,07-Feb-2026,Interest,419.63,0.00,"8,039.40"
ID13678,31-Jan-2026,Debit Card,0.00,663.98,"14,741.20"
ID13678,06-Mar-2026,Reversal,0.00,405.04,"31,440.74"
ID13678,12-Jan-2026,Reversal,0.00,407.33,"65,270.76"
ID13678,11-Feb-2026,Debit Card,0.00,33.05,"68,777.33"
ID13678,03-Apr-2026,Interest,32.76,0.00,"39,805.36"
ID13678,27-Mar-2026,Reversal,0.00,372.08,"99,862.20"
ID13678,29-Mar-2026,Reversal,0.00,463.90,"99,239.43"
ID13678,09-Mar-2026,Charge,0.00,260.25,"46,427.41"
ID13678,21-Jan-2026,Transfer,0.00,875.46,"34,281.61"
ID13678,20-Mar-2026,ATM Withdrawal,0.00,536.19,"24,995.75"
ID13679,17-Feb-2026,Direct Deposit,"4,530.10",0.00,"34,680.42"
ID13679,10-Feb-2026,Payment,370.48,0.00,"39,724.32"
ID13679,24-Jan-2026,Reversal,0.00,207.41,"69,129.70"
ID13679,18-Feb-2026,ATM Withdrawal,0.00,703.14,"92,010.99"
ID13679,04-Feb-2026,Transfer,828.00,0.00,"17,776.38"
ID13679,30-Jan-2026,Direct Deposit,"1,840.94",0.00,"56,418.38"
ID13679,17-Mar-2026,ATM Withdrawal,0.00,924.08,"59,520.63"
ID13679,13-Jan-2026,Reversal,883.67,0.00,"30,039.17"
ID13679,23-Mar-2026,Transfer,0.00,"1,344.86","89,178.05"
ID13679,26-Mar-2026,Direct Deposit,"2,222.28",0.00,"53,463.30"
ID13679,06-Feb-2026,Reversal,0.00,"1,224.92","88,862.76"
ID13679,24-Jan-2026,Direct Deposit,"1,612.01",0.00,"76,256.22"
ID13679,20-Feb-2026,Transfer,113.20,0.00,"75,775.36"
ID13679,14-Jan-2026,Debit Card,0.00,391.47,"8,134.24"
ID13679,28-Feb-2026,Charge,0.00,920.06,"49,310.56"
ID13679,18-Feb-2026,Reversal,"1,428.08",0.00,"67,200.76"
ID13679,07-Jan-2026,Reversal,0.00,749.31,"60,681.73"
ID13679,18-Jan-2026,ATM Withdrawal,0.00,703.12,"35,970.80"
ID13679,20-Mar-2026,Debit Card,0.00,396.00,"22,198.95"
ID13679,30-Jan-2026,Reversal,567.06,0.00,"47,358.22"
ID13680,27-Feb-2026,Payment,"1,274.86",0.00,"65,668.20"
ID13680,05-Feb-2026,ATM Withdrawal,0.00,294.17,"46,388.55"
ID13680,05-Jan-2026,Interest,474.00,0.00,"47,842.73"
ID13680,01-Apr-2026,Reversal,"1,718.30",0.00,"82,704.73"
ID13680,21-Mar-2026,Direct Deposit,"1,544.37",0.00,"54,538.57"
ID13680,14-Mar-2026,Interest,114.33,0.00,"83,270.69"
ID13680,14-Jan-2026,Interest,311.02,0.00,"15,048.79"
ID13680,05-Mar-2026,ATM Withdrawal,0.00,645.36,"43,199.81"
ID13680,20-Feb-2026,Charge,0.00,314.11,"62,445.81"
ID13680,08-Jan-2026,Debit Card,0.00,411.42,"37,482.14"
ID13680,14-Mar-2026,ATM Withdrawal,0.00,715.16,"38,372.86"
ID13680,07-Mar-2026,Transfer,"1,879.20",0.00,"4,280.62"
ID13680,29-Jan-2026,Debit Card,0.00,800.06,"20,736.47"
ID13680,19-Feb-2026,Charge,0.00,423.43,"16,926.54"
ID13680,08-Mar-2026,ATM Withdrawal,0.00,118.05,"5,253.73"
ID13680,03-Jan-2026,Payment,0.00,"1,049.86","30,214.81"
ID13680,08-Jan-2026,Reversal,113.14,0.00,"62,100.99"
ID13680,22-Feb-2026,ATM Withdrawal,0.00,621.74,"76,860.41"
ID13680,02-Feb-2026,ATM Withdrawal,0.00,198.48,"20,578.68"
ID13680,08-Jan-2026,Transfer,238.87,0.00,"70,861.56"
ID13681,10-Feb-2026,Transfer,0.00,582.59,"69,561.97"
ID13681,18-Feb-2026,ATM Withdrawal,0.00,669.33,"58,003.83"
ID13681,17-Feb-2026,ATM Withdrawal,0.00,182.69,"34,080.61"
ID13681,15-Jan-2026,ATM Withdrawal,0.00,909.20,"52,353.17"
ID13681,24-Jan-2026,Reversal,0.00,"1,414.75","56,673.47"
ID13681,16-Mar-2026,Transfer,"1,805.20",0.00,"33,905.12"
ID13681,11-Jan-2026,Charge,0.00,10.77,"84,552.76"
ID13681,24-Feb-2026,Charge,0.00,785.69,"67,979.84"
ID13681,06-Mar-2026,Interest,235.42,0.00,"16,147.71"
ID13681,02-Mar-2026,Interest,250.00,0.00,"66,991.85"
ID13681,28-Mar-2026,Direct Deposit,"4,622.58",0.00,"24,325.48"
ID13681,11-Jan-2026,Interest,414.38,0.00,"28,583.08"
ID13681,09-Jan-2026,Payment,0.00,866.67,"47,201.57"
ID13681,16-Jan-2026,ATM Withdrawal,0.00,345.34,"25,488.52"
ID13681,11-Feb-2026,Debit Card,0.00,224.88,"33,730.66"
ID13681,08-Feb-2026,Debit Card,0.00,763.43,"46,470.85"
ID13681,22-Feb-2026,Transfer,"1,752.37",0.00,"56,127.87"
ID13681,23-Jan-2026,Reversal,0.00,587.54,"33,230.56"
ID13681,16-Feb-2026,Interest,372.22,0.00,"38,541.52"
ID13681,09-Mar-2026,Direct Deposit,667.44,0.00,"13,000.36"
ID13682,15-Feb-2026,Reversal,"1,880.83",0.00,"69,158.12"
ID13682,15-Feb-2026,Charge,0.00,602.72,"13,690.84"
ID13682,16-Mar-2026,Direct Deposit,"1,727.30",0.00,"4,843.89"
ID13682,22-Jan-2026,Direct Deposit,"4,656.84",0.00,"11,019.12"
ID13682,07-Jan-2026,Reversal,"1,392.87",0.00,"17,164.55"
ID13682,21-Feb-2026,Direct Deposit,"2,234.00",0.00,"71,061.44"
ID13682,03-Mar-2026,Transfer,0.00,"1,415.16","49,993.01"
ID13682,18-Jan-2026,Payment,"1,322.87",0.00,"95,652.63"
ID13682,25-Feb-2026,ATM Withdrawal,0.00,639.78,"30,591.06"
ID13682,16-Jan-2026,ATM Withdrawal,0.00,42.22,"57,168.48"
ID13682,13-Feb-2026,Interest,388.96,0.00,"69,334.28"
ID13682,14-Mar-2026,Reversal,0.00,"1,029.00","59,597.01"
ID13682,07-Jan-2026,ATM Withdrawal,0.00,942.13,"93,348.42"
ID13682,26-Mar-2026,ATM Withdrawal,0.00,110.97,"70,520.37"
ID13682,03-Mar-2026,Interest,248.34,0.00,"79,889.80"
ID13682,19-Feb-2026,Interest,487.08,0.00,"58,067.47"
ID13682,15-Feb-2026,Payment,547.79,0.00,"58,924.86"
ID13682,27-Feb-2026,Debit Card,0.00,336.83,"47,043.35"
ID13682,19-Mar-2026,Interest,122.52,0.00,"45,499.36"
ID13682,05-Jan-2026,Debit Card,0.00,640.43,"66,251.16"
ID13683,12-Mar-2026,Reversal,"1,930.48",0.00,"7,655.02"
ID13683,01-Mar-2026,Interest,404.37,0.00,"70,818.40"
ID13683,29-Mar-2026,Debit Card,0.00,443.13,"38,313.31"
ID13683,19-Jan-2026,Interest,341.81,0.00,"51,278.32"
ID13683,21-Jan-2026,Transfer,"1,443.30",0.00,"35,912.39"
ID13683,10-Feb-2026,Transfer,667.35,0.00,"68,754.18"
ID13683,02-Mar-2026,Direct Deposit,"2,784.55",0.00,"90,073.54"
ID13683,27-Mar-2026,Reversal,0.00,864.82,"8,499.39"
ID13683,05-Jan-2026,Transfer,0.00,255.69,"8,252.12"
ID13683,07-Feb-2026,Direct Deposit,"3,917.60",0.00,"37,453.58"
ID13683,13-Mar-2026,Transfer,628.74,0.00,"86,184.56"
ID13683,26-Mar-2026,ATM Withdrawal,0.00,642.28,"25,194.03"
ID13683,30-Mar-2026,Interest,216.01,0.00,"86,623.57"
ID13683,06-Mar-2026,Interest,236.09,0.00,"46,064.85"
ID13683,27-Mar-2026,Charge,0.00,468.99,"74,380.35"
ID13683,20-Mar-2026,ATM Withdrawal,0.00,169.34,"45,080.20"
ID13683,04-Feb-2026,Debit Card,0.00,357.80,"97,993.99"
ID13683,17-Mar-2026,ATM Withdrawal,0.00,452.25,"98,311.77"
ID13683,12-Mar-2026,Interest,93.55,0.00,"52,330.76"
ID13683,13-Mar-2026,Transfer,"1,111.71",0.00,"78,608.18"
ID13684,03-Jan-2026,Direct Deposit,"2,376.97",0.00,"68,663.07"
ID13684,06-Mar-2026,Payment,0.00,272.06,"81,342.37"
ID13684,05-Mar-2026,Reversal,892.29,0.00,"27,297.30"
ID13684,25-Mar-2026,Transfer,"1,929.74",0.00,"40,571.73"
ID13684,16-Jan-2026,Direct Deposit,"1,686.29",0.00,"62,625.99"
ID13684,19-Feb-2026,Direct Deposit,"4,150.01",0.00,"53,680.44"
ID13684,17-Jan-2026,Reversal,"1,209.92",0.00,"89,212.72"
ID13684,24-Feb-2026,Interest,366.33,0.00,"53,316.70"
ID13684,26-Jan-2026,Debit Card,0.00,222.32,"41,228.77"
ID13684,01-Feb-2026,Reversal,"1,009.55",0.00,"58,694.29"
ID13684,26-Mar-2026,Charge,0.00,399.12,"58,431.08"
ID13684,19-Jan-2026,Reversal,0.00,146.96,"5,084.96"
ID13684,13-Mar-2026,ATM Withdrawal,0.00,909.70,"72,551.57"
ID13684,07-Jan-2026,Reversal,0.00,468.64,"26,211.05"
ID13684,21-Mar-2026,Transfer,"1,854.93",0.00,"53,395.74"
ID13684,14-Mar-2026,Direct Deposit,"3,955.73",0.00,"16,767.86"
ID13684,14-Mar-2026,ATM Withdrawal,0.00,498.47,"75,952.41"
ID13684,28-Mar-2026,Reversal,0.00,"1,014.26","95,829.31"
ID13684,18-Jan-2026,Transfer,0.00,105.63,"57,774.86"
ID13684,27-Jan-2026,Payment,"1,853.39",0.00,"96,678.44"
ID13685,14-Mar-2026,ATM Withdrawal,0.00,22.17,"36,047.61"
ID13685,04-Mar-2026,Reversal,988.62,0.00,"67,626.00"
ID13685,18-Feb-2026,Debit Card,0.00,737.50,"16,068.02"
ID13685,03-Mar-2026,Direct Deposit,"4,793.56",0.00,"72,367.99"
ID13685,23-Mar-2026,Charge,0.00,661.19,"65,158.51"
ID13685,28-Jan-2026,ATM Withdrawal,0.00,826.81,"59,438.61"
ID13685,22-Jan-2026,ATM Withdrawal,0.00,194.26,"50,299.38"
ID13685,01-Feb-2026,Payment,0.00,"1,138.44","70,974.53"
ID13685,19-Feb-2026,Payment,0.00,108.92,"9,045.35"
ID13685,06-Feb-2026,Debit Card,0.00,711.18,"12,292.39"
ID13685,31-Mar-2026,Transfer,0.00,"1,122.71","70,293.85"
ID13685,09-Jan-2026,Debit Card,0.00,762.49,"35,515.29"
ID13685,27-Feb-2026,Interest,38.86,0.00,"99,423.08"
ID13685,29-Jan-2026,Transfer,0.00,720.26,"93,625.37"
ID13685,25-Jan-2026,Direct Deposit,"2,079.91",0.00,"54,988.34"
ID13685,04-Mar-2026,ATM Withdrawal,0.00,962.92,"29,392.22"
ID13685,29-Jan-2026,Payment,"1,806.05",0.00,"66,945.80"
ID13685,15-Feb-2026,Interest,433.70,0.00,"51,387.82"
ID13685,17-Jan-2026,Direct Deposit,"3,910.29",0.00,"93,250.38"
ID13685,24-Mar-2026,Transfer,0.00,325.85,"78,049.75"
ID13686,07-Mar-2026,Transfer,0.00,379.77,"66,218.53"
ID13686,18-Jan-2026,Charge,0.00,963.05,"51,127.37"
ID13686,02-Feb-2026,Direct Deposit,"1,270.40",0.00,"67,405.30"
ID13686,22-Feb-2026,Charge,0.00,980.40,"15,527.02"
ID13686,03-Apr-2026,Transfer,0.00,747.06,"29,783.54"
ID13686,03-Apr-2026,Debit Card,0.00,64.68,"76,717.09"
ID13686,28-Mar-2026,Payment,0.00,988.27,"85,839.92"
ID13686,18-Mar-2026,Payment,"1,535.65",0.00,"35,705.01"
ID13686,29-Jan-2026,ATM Withdrawal,0.00,209.41,"27,982.78"
ID13686,14-Feb-2026,Charge,0.00,132.64,"42,707.62"
ID13686,02-Mar-2026,Debit Card,0.00,688.46,"85,448.70"
ID13686,08-Mar-2026,Debit Card,0.00,169.83,"89,458.40"
ID13686,11-Mar-2026,Reversal,281.28,0.00,"27,557.60"
ID13686,23-Feb-2026,Payment,0.00,"1,298.20","36,938.85"
ID13686,24-Jan-2026,Transfer,"1,695.26",0.00,"55,010.11"
ID13686,14-Mar-2026,Direct Deposit,"4,353.78",0.00,"20,133.46"
ID13686,10-Jan-2026,Reversal,0.00,666.64,"74,781.01"
ID13686,15-Mar-2026,Direct Deposit,"1,492.00",0.00,"39,730.92"
ID13686,08-Feb-2026,Charge,0.00,729.17,"4,241.48"
ID13686,07-Feb-2026,Interest,206.78,0.00,"63,073.24"
ID13687,15-Feb-2026,Interest,255.15,0.00,"68,563.16"
ID13687,24-Mar-2026,Interest,375.08,0.00,"96,853.64"
ID13687,19-Mar-2026,Debit Card,0.00,62.77,"65,764.46"
ID13687,11-Jan-2026,Debit Card,0.00,135.97,"69,825.64"
ID13687,26-Jan-2026,Debit Card,0.00,170.81,"63,725.18"
ID13687,29-Jan-2026,Debit Card,0.00,266.93,"32,756.61"
ID13687,16-Feb-2026,Direct Deposit,"2,579.89",0.00,"18,563.58"
ID13687,26-Mar-2026,Direct Deposit,"2,755.02",0.00,"91,388.98"
ID13687,13-Mar-2026,Direct Deposit,"1,929.31",0.00,"47,602.02"
ID13687,14-Feb-2026,Transfer,0.00,"1,094.69","59,835.40"
ID13687,28-Mar-2026,Debit Card,0.00,187.82,"6,248.25"
ID13687,22-Jan-2026,Interest,471.28,0.00,"39,656.09"
ID13687,13-Mar-2026,Interest,448.26,0.00,"34,368.39"
ID13687,30-Jan-2026,Reversal,"1,837.29",0.00,"90,778.03"
ID13687,31-Jan-2026,Debit Card,0.00,397.03,"56,523.21"
ID13687,16-Jan-2026,Direct Deposit,"3,639.90",0.00,"36,424.10"
ID13687,02-Feb-2026,Interest,182.59,0.00,"4,611.81"
ID13687,29-Jan-2026,Reversal,0.00,202.31,"33,502.33"
ID13687,11-Jan-2026,Debit Card,0.00,691.90,"10,592.83"
ID13687,23-Jan-2026,ATM Withdrawal,0.00,338.41,"39,805.74"
ID13688,06-Feb-2026,Direct Deposit,"2,825.31",0.00,"29,516.66"
ID13688,17-Jan-2026,Interest,317.84,0.00,"43,483.57"
ID13688,15-Jan-2026,Reversal,0.00,"1,463.61","18,698.92"
ID13688,14-Jan-2026,Transfer,624.19,0.00,"60,600.54"
ID13688,26-Jan-2026,Direct Deposit,"3,480.07",0.00,"66,049.98"
ID13688,14-Feb-2026,Direct Deposit,"3,051.20",0.00,"76,298.70"
ID13688,01-Apr-2026,Interest,450.47,0.00,"34,698.26"
ID13688,18-Mar-2026,Direct Deposit,"3,904.61",0.00,"68,876.88"
ID13688,21-Mar-2026,Payment,0.00,"1,120.27","81,806.49"
ID13688,10-Jan-2026,Payment,0.00,"1,138.73","18,616.32"
ID13688,09-Jan-2026,ATM Withdrawal,0.00,173.51,"89,349.29"
ID13688,16-Jan-2026,Debit Card,0.00,819.42,"27,379.90"
ID13688,01-Mar-2026,Transfer,0.00,195.88,"2,400.68"
ID13688,11-Mar-2026,Payment,0.00,321.33,"87,110.50"
ID13688,21-Mar-2026,Direct Deposit,"1,449.69",0.00,"4,216.12"
ID13688,26-Feb-2026,Debit Card,0.00,232.27,"51,050.91"
ID13688,02-Apr-2026,Payment,"1,992.46",0.00,"12,113.65"
ID13688,19-Mar-2026,Reversal,918.20,0.00,"71,202.58"
ID13688,30-Mar-2026,ATM Withdrawal,0.00,538.91,"91,752.43"
ID13688,18-Jan-2026,Direct Deposit,"4,495.15",0.00,"78,003.33"
ID13689,14-Jan-2026,Charge,0.00,552.29,"20,300.36"
ID13689,01-Mar-2026,Reversal,"1,553.95",0.00,"27,297.28"
ID13689,29-Mar-2026,Transfer,"1,433.30",0.00,"1,325.10"
ID13689,11-Jan-2026,Direct Deposit,"4,827.43",0.00,"50,974.28"
ID13689,15-Mar-2026,Payment,487.00,0.00,"71,245.53"
ID13689,04-Mar-2026,Direct Deposit,"4,074.91",0.00,"79,178.67"
ID13689,05-Jan-2026,Direct Deposit,"1,651.86",0.00,"50,873.62"
ID13689,20-Feb-2026,Charge,0.00,124.47,"4,638.00"
ID13689,23-Mar-2026,Reversal,0.00,519.10,"13,285.90"
ID13689,31-Jan-2026,Transfer,0.00,"1,160.50","26,276.57"
ID13689,22-Mar-2026,ATM Withdrawal,0.00,29.96,"85,394.81"
ID13689,21-Mar-2026,ATM Withdrawal,0.00,465.86,"20,975.34"
ID13689,01-Apr-2026,Interest,56.72,0.00,"15,283.29"
ID13689,05-Mar-2026,Reversal,567.24,0.00,"72,350.69"
ID13689,22-Feb-2026,ATM Withdrawal,0.00,266.97,"67,843.31"
ID13689,31-Jan-2026,ATM Withdrawal,0.00,503.90,"17,614.38"
ID13689,01-Apr-2026,Transfer,131.19,0.00,"4,991.20"
ID13689,01-Mar-2026,Payment,"1,007.10",0.00,"92,406.68"
ID13689,29-Mar-2026,Transfer,"1,955.32",0.00,"40,838.54"
ID13689,29-Mar-2026,Transfer,121.59,0.00,"41,339.23"
ID13690,31-Mar-2026,Payment,0.00,745.49,"28,236.90"
ID13690,11-Mar-2026,Reversal,858.33,0.00,"46,526.89"
ID13690,09-Mar-2026,ATM Withdrawal,0.00,296.47,"84,001.91"
ID13690,15-Jan-2026,ATM Withdrawal,0.00,957.20,"2,307.91"
ID13690,18-Jan-2026,Transfer,0.00,696.81,"99,347.67"
ID13690,17-Mar-2026,Payment,156.54,0.00,"69,019.23"
ID13690,06-Mar-2026,Reversal,0.00,578.28,"2,955.26"
ID13690,31-Mar-2026,Reversal,0.00,320.58,"9,726.51"
ID13690,21-Jan-2026,Charge,0.00,440.55,"55,331.75"
ID13690,10-Jan-2026,Direct Deposit,"1,489.54",0.00,"25,391.45"
ID13690,11-Mar-2026,Reversal,0.00,633.71,"64,522.83"
ID13690,07-Mar-2026,Interest,40.54,0.00,"63,546.62"
ID13690,11-Feb-2026,Charge,0.00,233.95,"5,557.63"
ID13690,13-Mar-2026,Payment,"1,742.54",0.00,"45,627.17"
ID13690,04-Mar-2026,ATM Withdrawal,0.00,470.78,"82,887.56"
ID13690,23-Mar-2026,ATM Withdrawal,0.00,881.35,"99,343.71"
ID13690,06-Feb-2026,Payment,0.00,677.34,"85,345.07"
ID13690,10-Mar-2026,Transfer,0.00,834.29,"10,175.08"
ID13690,19-Feb-2026,Charge,0.00,454.66,"39,518.58"
ID13690,01-Mar-2026,Debit Card,0.00,295.32,"64,007.61"
ID13691,07-Mar-2026,Direct Deposit,"1,523.60",0.00,"95,632.11"
ID13691,06-Feb-2026,ATM Withdrawal,0.00,168.48,"83,094.98"
ID13691,12-Feb-2026,Reversal,0.00,455.86,"56,447.42"
ID13691,21-Jan-2026,Debit Card,0.00,843.80,"66,550.65"
ID13691,23-Feb-2026,Transfer,0.00,152.28,"15,621.67"
ID13691,07-Jan-2026,Debit Card,0.00,156.81,"4,528.17"
ID13691,11-Mar-2026,Interest,317.72,0.00,"20,605.26"
ID13691,06-Mar-2026,Transfer,"1,783.37",0.00,"83,492.28"
ID13691,08-Mar-2026,Debit Card,0.00,257.96,"91,014.22"
ID13691,14-Jan-2026,Direct Deposit,"3,220.40",0.00,"27,526.01"
ID13691,15-Jan-2026,Payment,219.66,0.00,"24,025.11"
ID13691,06-Jan-2026,Charge,0.00,552.95,"71,571.78"
ID13691,19-Jan-2026,ATM Withdrawal,0.00,891.27,"83,809.23"
ID13691,06-Feb-2026,ATM Withdrawal,0.00,77.50,"65,502.81"
ID13691,03-Mar-2026,ATM Withdrawal,0.00,718.06,"69,913.38"
ID13691,11-Jan-2026,Transfer,"1,001.55",0.00,"72,231.52"
ID13691,21-Mar-2026,Interest,182.13,0.00,"40,760.75"
ID13691,04-Jan-2026,Charge,0.00,31.25,"96,569.28"
ID13691,05-Feb-2026,Interest,96.57,0.00,"50,522.85"
ID13691,25-Jan-2026,Direct Deposit,"4,139.18",0.00,"74,063.08"
ID13692,24-Feb-2026,ATM Withdrawal,0.00,616.39,"30,509.10"
ID13692,18-Jan-2026,Transfer,"1,117.40",0.00,"25,574.71"
ID13692,25-Mar-2026,Interest,490.58,0.00,"2,553.74"
ID13692,24-Feb-2026,Interest,376.01,0.00,"6,484.36"
ID13692,19-Mar-2026,Debit Card,0.00,879.58,"93,390.88"
ID13692,09-Jan-2026,Direct Deposit,"3,573.04",0.00,"83,694.42"
ID13692,08-Mar-2026,Reversal,0.00,"1,281.89","64,626.86"
ID13692,21-Feb-2026,Debit Card,0.00,877.77,"80,802.51"
ID13692,17-Mar-2026,Interest,229.44,0.00,"42,206.28"
ID13692,25-Mar-2026,Debit Card,0.00,110.97,"87,738.19"
ID13692,14-Feb-2026,Direct Deposit,"3,686.81",0.00,"16,165.76"
ID13692,25-Mar-2026,Debit Card,0.00,596.46,"87,150.20"
ID13692,04-Mar-2026,Charge,0.00,938.03,"3,275.11"
ID13692,23-Feb-2026,Transfer,0.00,594.13,"88,198.13"
ID13692,31-Jan-2026,Debit Card,0.00,428.72,"9,351.02"
ID13692,25-Feb-2026,Charge,0.00,330.43,"2,376.24"
ID13692,14-Jan-2026,Debit Card,0.00,853.21,"65,724.11"
ID13692,15-Mar-2026,Direct Deposit,"4,720.72",0.00,"31,493.84"
ID13692,13-Mar-2026,Interest,410.72,0.00,"72,365.89"
ID13692,21-Feb-2026,Payment,"1,470.50",0.00,"62,740.62"
ID13693,20-Mar-2026,Debit Card,0.00,294.60,"61,006.31"
ID13693,03-Feb-2026,Interest,290.34,0.00,"3,139.28"
ID13693,15-Feb-2026,Transfer,290.00,0.00,"5,744.98"
ID13693,15-Mar-2026,Charge,0.00,482.34,"3,678.48"
ID13693,02-Apr-2026,Debit Card,0.00,427.66,"78,526.71"
ID13693,22-Feb-2026,Payment,0.00,685.02,"79,186.96"
ID13693,11-Jan-2026,Payment,0.00,327.44,"17,275.97"
ID13693,19-Jan-2026,ATM Withdrawal,0.00,63.53,"56,320.23"
ID13693,08-Feb-2026,Reversal,"1,621.40",0.00,"3,377.56"
ID13693,10-Mar-2026,Debit Card,0.00,480.30,"40,419.63"
ID13693,21-Jan-2026,ATM Withdrawal,0.00,115.17,"23,991.63"
ID13693,20-Feb-2026,Interest,325.59,0.00,"48,550.70"
ID13693,03-Jan-2026,Reversal,0.00,770.23,"85,616.89"
ID13693,28-Jan-2026,Reversal,"1,908.04",0.00,"5,296.01"
ID13693,03-Mar-2026,Reversal,0.00,"1,030.48","66,959.98"
ID13693,03-Feb-2026,Interest,126.91,0.00,"8,148.45"
ID13693,30-Jan-2026,ATM Withdrawal,0.00,863.30,"74,656.88"
ID13693,20-Mar-2026,Debit Card,0.00,729.34,"57,524.62"
ID13693,10-Mar-2026,Debit Card,0.00,721.93,"77,746.00"
ID13693,26-Feb-2026,Reversal,"1,176.16",0.00,"95,969.55"
ID13694,25-Mar-2026,Debit Card,0.00,834.33,"33,768.66"
ID13694,09-Jan-2026,Direct Deposit,745.53,0.00,"71,147.58"
ID13694,26-Feb-2026,Debit Card,0.00,628.17,"55,851.59"
ID13694,22-Feb-2026,Reversal,0.00,249.09,"13,474.26"
ID13694,07-Jan-2026,ATM Withdrawal,0.00,786.05,"97,636.85"
ID13694,17-Feb-2026,Charge,0.00,91.98,"42,837.14"
ID13694,20-Mar-2026,Interest,353.53,0.00,"20,732.35"
ID13694,08-Feb-2026,Payment,0.00,997.19,"95,502.56"
ID13694,24-Mar-2026,ATM Withdrawal,0.00,290.15,"93,987.48"
ID13694,27-Jan-2026,Interest,356.80,0.00,"57,874.80"
ID13694,13-Jan-2026,ATM Withdrawal,0.00,674.20,"52,191.63"
ID13694,08-Mar-2026,ATM Withdrawal,0.00,212.71,"11,267.03"
ID13694,18-Feb-2026,ATM Withdrawal,0.00,285.83,"80,815.93"
ID13694,04-Feb-2026,Charge,0.00,56.01,"74,594.61"
ID13694,14-Mar-2026,Charge,0.00,354.25,"40,282.90"
ID13694,17-Mar-2026,Direct Deposit,"2,487.69",0.00,"71,953.61"
ID13694,03-Feb-2026,Charge,0.00,126.64,"58,530.42"
ID13694,17-Feb-2026,Payment,503.70,0.00,"88,548.77"
ID13694,20-Feb-2026,Payment,"1,128.36",0.00,"52,866.65"
ID13694,21-Jan-2026,Direct Deposit,"3,789.08",0.00,"20,609.64"
ID13695,12-Jan-2026,Payment,"1,007.24",0.00,"2,320.52"
ID13695,21-Feb-2026,ATM Withdrawal,0.00,809.47,"84,020.20"
ID13695,01-Feb-2026,Direct Deposit,"1,667.13",0.00,"92,115.72"
ID13695,28-Mar-2026,Interest,338.55,0.00,"27,031.24"
ID13695,07-Feb-2026,Interest,383.56,0.00,"29,097.28"
ID13695,16-Jan-2026,Payment,701.18,0.00,"29,096.70"
ID13695,01-Mar-2026,ATM Withdrawal,0.00,162.92,"54,445.04"
ID13695,28-Mar-2026,Direct Deposit,"4,976.36",0.00,"49,131.37"
ID13695,03-Jan-2026,Payment,217.80,0.00,"97,403.61"
ID13695,26-Jan-2026,ATM Withdrawal,0.00,985.76,"51,066.30"
ID13695,21-Mar-2026,Charge,0.00,525.66,"57,292.76"
ID13695,23-Mar-2026,Debit Card,0.00,204.32,"69,069.48"
ID13695,14-Jan-2026,Reversal,730.45,0.00,"55,610.71"
ID13695,06-Mar-2026,Debit Card,0.00,524.20,"66,148.27"
ID13695,27-Feb-2026,Transfer,0.00,841.48,"94,336.68"
ID13695,25-Mar-2026,Payment,"1,239.10",0.00,"79,836.09"
ID13695,13-Mar-2026,Charge,0.00,216.08,"75,744.42"
ID13695,29-Mar-2026,Transfer,0.00,"1,047.51","41,346.01"
ID13695,24-Jan-2026,Transfer,0.00,"1,168.70","73,900.50"
ID13695,15-Feb-2026,Interest,379.26,0.00,"34,946.02"
ID13696,26-Jan-2026,ATM Withdrawal,0.00,985.52,"61,475.25"
ID13696,31-Jan-2026,ATM Withdrawal,0.00,387.82,"37,437.88"
ID13696,11-Jan-2026,Charge,0.00,356.20,"85,461.66"
ID13696,09-Feb-2026,Transfer,"1,115.78",0.00,"14,493.08"
ID13696,14-Feb-2026,ATM Withdrawal,0.00,199.47,"67,064.50"
ID13696,29-Jan-2026,Payment,0.00,166.28,"73,078.68"
ID13696,22-Mar-2026,Interest,198.11,0.00,"82,000.96"
ID13696,27-Feb-2026,ATM Withdrawal,0.00,417.17,"50,901.63"
ID13696,30-Mar-2026,Debit Card,0.00,77.88,"91,058.17"
ID13696,28-Feb-2026,Payment,0.00,"1,229.05","34,186.25"
ID13696,21-Jan-2026,ATM Withdrawal,0.00,520.32,"32,798.82"
ID13696,16-Jan-2026,Direct Deposit,"3,284.13",0.00,"6,478.66"
ID13696,03-Feb-2026,ATM Withdrawal,0.00,397.23,"46,219.48"
ID13696,18-Mar-2026,ATM Withdrawal,0.00,547.55,"6,181.09"
ID13696,16-Jan-2026,Charge,0.00,795.46,"53,534.76"
ID13696,25-Mar-2026,Payment,0.00,71.71,"29,702.44"
ID13696,01-Apr-2026,Payment,"1,694.55",0.00,"66,100.43"
ID13696,30-Mar-2026,Charge,0.00,38.51,"37,955.30"
ID13696,27-Mar-2026,Direct Deposit,894.54,0.00,"80,394.04"
ID13696,19-Feb-2026,Reversal,0.00,791.88,"5,108.05"
ID13697,21-Jan-2026,Charge,0.00,157.05,"46,078.39"
ID13697,23-Feb-2026,Reversal,0.00,391.61,"85,821.01"
ID13697,17-Feb-2026,ATM Withdrawal,0.00,611.45,"36,682.55"
ID13697,18-Feb-2026,Reversal,"1,488.90",0.00,"51,193.47"
ID13697,08-Feb-2026,Direct Deposit,"1,634.88",0.00,"40,644.01"
ID13697,07-Feb-2026,Debit Card,0.00,453.46,"79,910.67"
ID13697,12-Jan-2026,Interest,317.22,0.00,"68,894.28"
ID13697,09-Jan-2026,Direct Deposit,919.91,0.00,"59,482.81"
ID13697,09-Jan-2026,ATM Withdrawal,0.00,901.20,"1,822.69"
ID13697,15-Mar-2026,Charge,0.00,579.65,"66,253.82"
ID13697,30-Jan-2026,Interest,349.10,0.00,"1,758.98"
ID13697,16-Feb-2026,Direct Deposit,516.45,0.00,"94,776.30"
ID13697,13-Mar-2026,Charge,0.00,751.10,"49,687.03"
ID13697,09-Mar-2026,Charge,0.00,696.42,"85,818.75"
ID13697,26-Feb-2026,Debit Card,0.00,127.17,"37,595.50"
ID13697,29-Mar-2026,ATM Withdrawal,0.00,739.05,"86,023.19"
ID13697,30-Jan-2026,ATM Withdrawal,0.00,280.67,"62,993.20"
ID13697,27-Mar-2026,Transfer,"1,732.76",0.00,"19,636.73"
ID13697,08-Mar-2026,Reversal,0.00,329.20,"28,260.99"
ID13697,25-Mar-2026,Debit Card,0.00,180.42,"1,215.11"
ID13698,19-Jan-2026,Transfer,"1,385.37",0.00,"22,987.71"
ID13698,04-Jan-2026,Debit Card,0.00,617.98,"95,894.96"
ID13698,01-Feb-2026,Charge,0.00,106.00,"97,527.14"
ID13698,21-Mar-2026,Transfer,"1,615.70",0.00,"52,993.46"
ID13698,28-Feb-2026,Direct Deposit,"4,358.26",0.00,"79,145.53"
ID13698,17-Jan-2026,Interest,313.10,0.00,"79,773.29"
ID13698,04-Mar-2026,ATM Withdrawal,0.00,419.17,"97,076.35"
ID13698,11-Mar-2026,Direct Deposit,"1,851.74",0.00,"14,065.02"
ID13698,26-Feb-2026,Payment,0.00,"1,440.82","84,997.37"
ID13698,22-Feb-2026,ATM Withdrawal,0.00,467.65,"79,420.28"
ID13698,24-Mar-2026,Payment,0.00,856.30,"7,797.65"
ID13698,04-Jan-2026,Interest,66.29,0.00,"15,235.22"
ID13698,08-Mar-2026,Charge,0.00,405.57,"95,371.57"
ID13698,04-Mar-2026,Payment,"1,848.09",0.00,"67,662.45"
ID13698,05-Mar-2026,ATM Withdrawal,0.00,159.96,"68,185.62"
ID13698,04-Mar-2026,Payment,0.00,157.70,"41,863.08"
ID13698,20-Feb-2026,Debit Card,0.00,325.21,"78,486.08"
ID13698,11-Feb-2026,Debit Card,0.00,613.57,"45,052.45"
ID13698,07-Feb-2026,Reversal,"1,881.78",0.00,"73,823.49"
ID13698,12-Jan-2026,Transfer,"1,694.26",0.00,"71,102.06"
ID13699,17-Mar-2026,Transfer,0.00,505.58,"52,229.33"
ID13699,16-Mar-2026,ATM Withdrawal,0.00,713.62,"21,327.00"
ID13699,09-Feb-2026,Reversal,0.00,593.29,"66,279.69"
ID13699,15-Feb-2026,Interest,427.89,0.00,"26,374.16"
ID13699,07-Jan-2026,Debit Card,0.00,582.14,"13,053.40"
ID13699,28-Feb-2026,Debit Card,0.00,952.13,"93,941.83"
ID13699,11-Jan-2026,Charge,0.00,888.39,"56,063.81"
ID13699,15-Jan-2026,Transfer,"1,945.77",0.00,"1,095.76"
ID13699,01-Apr-2026,Reversal,"1,313.76",0.00,"92,989.34"
ID13699,17-Mar-2026,ATM Withdrawal,0.00,836.74,"91,423.10"
ID13699,16-Jan-2026,Transfer,0.00,"1,200.87","18,679.86"
ID13699,14-Mar-2026,Charge,0.00,74.13,"62,895.71"
ID13699,13-Feb-2026,Payment,0.00,547.31,"85,508.47"
ID13699,14-Feb-2026,Reversal,"1,954.19",0.00,"75,522.99"
ID13699,15-Mar-2026,Debit Card,0.00,335.00,"23,173.88"
ID13699,22-Mar-2026,ATM Withdrawal,0.00,515.04,"86,745.95"
ID13699,17-Feb-2026,Direct Deposit,774.61,0.00,"31,332.19"
ID13699,05-Feb-2026,Transfer,451.99,0.00,"36,408.18"
ID13699,10-Jan-2026,Payment,"1,591.26",0.00,"74,361.49"
ID13699,22-Jan-2026,Transfer,0.00,50.81,"18,415.11"
ID13700,08-Feb-2026,Payment,0.00,"1,180.88","48,738.45"
ID13700,29-Jan-2026,Reversal,0.00,501.57,"33,545.75"
ID13700,27-Feb-2026,Payment,632.46,0.00,"58,388.57"
ID13700,26-Jan-2026,Payment,609.02,0.00,"5,153.70"
ID13700,20-Mar-2026,Debit Card,0.00,701.43,"75,379.74"
ID13700,31-Mar-2026,Interest,316.96,0.00,"20,206.51"
ID13700,14-Feb-2026,ATM Withdrawal,0.00,775.12,"26,491.10"
ID13700,30-Mar-2026,Reversal,"1,636.91",0.00,"19,606.35"
ID13700,02-Apr-2026,Direct Deposit,"4,177.31",0.00,"8,236.53"
ID13700,01-Apr-2026,Reversal,0.00,"1,409.36","36,350.90"
ID13700,01-Mar-2026,Interest,459.12,0.00,"80,885.58"
ID13700,01-Apr-2026,ATM Withdrawal,0.00,832.33,"93,963.82"
ID13700,06-Feb-2026,Direct Deposit,"1,198.70",0.00,"31,500.04"
ID13700,12-Feb-2026,Transfer,"1,194.67",0.00,"38,613.94"
ID13700,07-Jan-2026,ATM Withdrawal,0.00,869.63,"99,282.22"
ID13700,22-Jan-2026,Transfer,0.00,434.01,"46,317.10"
ID13700,29-Mar-2026,Reversal,465.25,0.00,"11,659.06"
ID13700,15-Feb-2026,Reversal,"1,163.83",0.00,"17,115.31"
ID13700,03-Feb-2026,ATM Withdrawal,0.00,352.07,"15,415.03"
ID13700,28-Feb-2026,Debit Card,0.00,276.57,"29,799.79"
ID13701,01-Mar-2026,Charge,0.00,381.19,"86,499.61"
ID13701,16-Mar-2026,ATM Withdrawal,0.00,642.50,"85,553.90"
ID13701,14-Jan-2026,Payment,706.70,0.00,"36,323.04"
ID13701,31-Mar-2026,Reversal,0.00,498.28,"14,978.20"
ID13701,10-Feb-2026,Charge,0.00,447.53,"95,085.98"
ID13701,05-Jan-2026,Payment,0.00,910.58,"23,161.14"
ID13701,12-Jan-2026,Transfer,160.68,0.00,"19,020.88"
ID13701,21-Jan-2026,Direct Deposit,"4,736.47",0.00,"53,007.06"
ID13701,30-Jan-2026,ATM Withdrawal,0.00,631.42,"35,389.66"
ID13701,23-Mar-2026,Payment,0.00,209.17,"57,340.44"
ID13701,06-Mar-2026,Debit Card,0.00,938.14,"1,527.14"
ID13701,26-Mar-2026,ATM Withdrawal,0.00,204.27,"61,044.18"
ID13701,02-Apr-2026,Debit Card,0.00,970.35,"82,561.78"
ID13701,07-Feb-2026,ATM Withdrawal,0.00,880.22,"83,817.93"
ID13701,09-Feb-2026,ATM Withdrawal,0.00,720.29,"29,788.24"
ID13701,21-Feb-2026,Direct Deposit,"4,075.30",0.00,"59,135.61"
ID13701,27-Mar-2026,Transfer,0.00,"1,305.37","94,982.86"
ID13701,03-Jan-2026,Charge,0.00,519.53,"22,266.08"
ID13701,03-Apr-2026,Transfer,487.56,0.00,"44,440.92"
ID13701,03-Jan-2026,Transfer,871.23,0.00,"6,743.29"
ID13702,19-Feb-2026,Reversal,0.00,445.33,"38,845.33"
ID13702,29-Jan-2026,Interest,50.90,0.00,"66,635.83"
ID13702,21-Feb-2026,Interest,129.18,0.00,"3,636.17"
ID13702,28-Feb-2026,Payment,"1,160.05",0.00,"47,813.40"
ID13702,14-Feb-2026,Interest,436.21,0.00,"17,891.01"
ID13702,25-Mar-2026,Charge,0.00,168.80,"94,026.47"
ID13702,18-Jan-2026,Debit Card,0.00,886.13,"68,668.62"
ID13702,22-Feb-2026,Interest,95.09,0.00,"14,342.68"
ID13702,18-Mar-2026,Transfer,0.00,917.81,"75,770.72"
ID13702,10-Feb-2026,Debit Card,0.00,283.66,"87,794.83"
ID13702,01-Apr-2026,Reversal,0.00,146.40,"9,955.76"
ID13702,12-Feb-2026,Payment,"1,422.18",0.00,"56,855.47"
ID13702,31-Mar-2026,Interest,168.66,0.00,"90,580.09"
ID13702,15-Feb-2026,Charge,0.00,719.72,"47,870.92"
ID13702,28-Mar-2026,Reversal,"1,637.88",0.00,"66,884.06"
ID13702,14-Mar-2026,Debit Card,0.00,946.90,"42,745.08"
ID13702,28-Feb-2026,Debit Card,0.00,113.24,"33,592.34"
ID13702,05-Feb-2026,Debit Card,0.00,622.84,"95,523.26"
ID13702,12-Mar-2026,ATM Withdrawal,0.00,364.79,"18,312.35"
ID13702,08-Jan-2026,Payment,0.00,"1,227.34","6,657.87"
ID13703,11-Jan-2026,Payment,"1,191.07",0.00,"53,802.75"
ID13703,20-Feb-2026,Interest,186.32,0.00,"66,370.45"
ID13703,13-Jan-2026,Payment,0.00,"1,369.20","90,412.69"
ID13703,16-Feb-2026,Reversal,"1,115.27",0.00,"83,816.38"
ID13703,25-Mar-2026,Charge,0.00,295.11,"85,129.63"
ID13703,06-Feb-2026,Charge,0.00,823.67,"87,622.57"
ID13703,30-Jan-2026,Direct Deposit,"3,615.95",0.00,"75,423.07"
ID13703,31-Jan-2026,Charge,0.00,138.47,"67,448.56"
ID13703,23-Jan-2026,Payment,737.16,0.00,"2,760.11"
ID13703,22-Jan-2026,Charge,0.00,941.66,"1,130.06"
ID13703,21-Mar-2026,Transfer,729.75,0.00,"79,853.74"
ID13703,23-Jan-2026,Debit Card,0.00,955.28,"81,085.38"
ID13703,18-Feb-2026,Payment,"1,518.24",0.00,"46,269.77"
ID13703,14-Mar-2026,Direct Deposit,"2,054.58",0.00,"68,347.42"
ID13703,13-Feb-2026,Debit Card,0.00,812.19,"49,042.78"
ID13703,06-Jan-2026,Transfer,0.00,603.54,"27,000.25"
ID13703,02-Apr-2026,Debit Card,0.00,675.50,"87,290.98"
ID13703,05-Jan-2026,Direct Deposit,"1,875.00",0.00,"85,754.44"
ID13703,26-Feb-2026,Direct Deposit,"3,440.75",0.00,"49,042.72"
ID13703,13-Mar-2026,ATM Withdrawal,0.00,560.87,"85,620.32"
ID13704,13-Feb-2026,Interest,329.25,0.00,"1,873.19"
ID13704,14-Feb-2026,Charge,0.00,66.79,"4,842.32"
ID13704,09-Mar-2026,Interest,324.38,0.00,"7,224.40"
ID13704,01-Apr-2026,Transfer,"1,076.32",0.00,"98,177.70"
ID13704,24-Feb-2026,Reversal,0.00,653.83,"29,796.53"
ID13704,15-Feb-2026,Reversal,"1,489.02",0.00,"29,922.95"
ID13704,14-Mar-2026,Direct Deposit,"2,198.01",0.00,"53,505.46"
ID13704,29-Jan-2026,Charge,0.00,930.35,"13,269.88"
ID13704,27-Feb-2026,Interest,201.96,0.00,"3,155.68"
ID13704,25-Mar-2026,Payment,0.00,387.38,"28,217.83"
ID13704,08-Jan-2026,Interest,283.83,0.00,"76,918.13"
ID13704,23-Jan-2026,Debit Card,0.00,971.54,"72,996.50"
ID13704,22-Feb-2026,Reversal,505.14,0.00,"70,200.65"
ID13704,04-Feb-2026,Payment,0.00,783.97,"8,419.90"
ID13704,08-Feb-2026,Payment,300.27,0.00,"96,874.14"
ID13704,05-Jan-2026,Transfer,797.85,0.00,"41,966.93"
ID13704,28-Mar-2026,Charge,0.00,522.25,"74,486.39"
ID13704,05-Mar-2026,Payment,0.00,173.23,"38,416.82"
ID13704,11-Mar-2026,Debit Card,0.00,368.31,"38,376.20"
ID13704,01-Apr-2026,Transfer,0.00,642.27,"69,691.75"
ID13705,20-Mar-2026,Debit Card,0.00,621.89,"16,140.00"
ID13705,23-Feb-2026,Payment,461.66,0.00,"61,292.79"
ID13705,26-Feb-2026,Direct Deposit,"4,134.58",0.00,"66,372.66"
ID13705,11-Jan-2026,Direct Deposit,"3,705.14",0.00,"77,747.55"
ID13705,06-Feb-2026,Debit Card,0.00,354.54,"59,815.84"
ID13705,14-Mar-2026,ATM Withdrawal,0.00,794.02,"32,814.84"
ID13705,22-Jan-2026,Debit Card,0.00,212.96,"26,546.19"
ID13705,07-Mar-2026,Transfer,"1,473.32",0.00,"61,510.92"
ID13705,28-Mar-2026,Debit Card,0.00,756.51,"51,720.08"
ID13705,30-Mar-2026,Charge,0.00,679.37,"49,896.21"
ID13705,27-Jan-2026,Direct Deposit,"1,045.74",0.00,"35,823.72"
ID13705,14-Feb-2026,Direct Deposit,"2,214.65",0.00,"48,577.49"
ID13705,25-Jan-2026,Payment,0.00,404.19,"2,539.15"
ID13705,18-Mar-2026,Payment,0.00,645.69,"74,790.35"
ID13705,29-Mar-2026,Transfer,0.00,490.45,"86,559.05"
ID13705,05-Feb-2026,Payment,0.00,"1,476.02","27,434.09"
ID13705,07-Feb-2026,Interest,467.98,0.00,"46,852.79"
ID13705,23-Feb-2026,Debit Card,0.00,999.27,"73,321.99"
ID13705,16-Feb-2026,ATM Withdrawal,0.00,944.00,"8,462.07"
ID13705,20-Mar-2026,Interest,252.16,0.00,"9,890.30"
ID13706,07-Jan-2026,Reversal,0.00,785.86,"93,957.20"
ID13706,20-Jan-2026,Direct Deposit,"3,423.69",0.00,"39,731.05"
ID13706,25-Jan-2026,Charge,0.00,684.20,"29,586.43"
ID13706,13-Jan-2026,Reversal,"1,329.36",0.00,"58,418.01"
ID13706,16-Feb-2026,Debit Card,0.00,465.87,"39,684.13"
ID13706,11-Mar-2026,Debit Card,0.00,171.71,"26,721.89"
ID13706,10-Feb-2026,Payment,0.00,380.11,"11,567.72"
ID13706,14-Mar-2026,Payment,0.00,"1,125.88","53,102.18"
ID13706,23-Mar-2026,Payment,0.00,"1,352.00","4,979.14"
ID13706,13-Feb-2026,ATM Withdrawal,0.00,65.04,"53,408.34"
ID13706,04-Mar-2026,Direct Deposit,"2,681.45",0.00,"49,542.49"
ID13706,30-Jan-2026,Transfer,0.00,"1,225.31","11,474.30"
ID13706,10-Jan-2026,Reversal,0.00,932.83,"8,825.67"
ID13706,06-Feb-2026,ATM Withdrawal,0.00,529.06,"77,064.98"
ID13706,22-Feb-2026,Charge,0.00,375.59,"60,168.65"
ID13706,30-Mar-2026,Transfer,0.00,300.96,"79,091.10"
ID13706,05-Jan-2026,Payment,808.03,0.00,"24,334.65"
ID13706,03-Feb-2026,Reversal,"1,588.40",0.00,"12,768.59"
ID13706,27-Jan-2026,Direct Deposit,984.90,0.00,"25,728.73"
ID13706,08-Feb-2026,Direct Deposit,"3,562.62",0.00,"47,860.59"
ID13707,15-Feb-2026,Transfer,0.00,393.63,"1,211.20"
ID13707,29-Jan-2026,ATM Withdrawal,0.00,929.47,"71,881.31"
ID13707,09-Mar-2026,ATM Withdrawal,0.00,672.58,"73,596.52"
ID13707,30-Jan-2026,Direct Deposit,"3,439.78",0.00,"71,517.69"
ID13707,21-Feb-2026,Charge,0.00,378.11,"69,501.88"
ID13707,20-Jan-2026,Charge,0.00,437.96,"57,385.19"
ID13707,12-Mar-2026,Reversal,158.33,0.00,"82,168.47"
ID13707,02-Apr-2026,Interest,179.15,0.00,"19,767.34"
ID13707,23-Mar-2026,Transfer,304.29,0.00,"45,860.55"
ID13707,16-Feb-2026,ATM Withdrawal,0.00,851.72,"4,660.34"
ID13707,04-Feb-2026,Transfer,0.00,"1,097.45","45,269.34"
ID13707,19-Feb-2026,Charge,0.00,892.43,"63,506.18"
ID13707,03-Jan-2026,Reversal,763.14,0.00,"79,940.25"
ID13707,27-Jan-2026,ATM Withdrawal,0.00,925.51,"72,221.88"
ID13707,18-Feb-2026,Charge,0.00,672.75,"68,522.86"
ID13707,09-Jan-2026,Reversal,0.00,"1,315.52","39,489.84"
ID13707,06-Jan-2026,Reversal,0.00,485.05,"57,246.01"
ID13707,11-Mar-2026,ATM Withdrawal,0.00,405.45,"72,846.97"
ID13707,27-Mar-2026,Direct Deposit,"1,561.94",0.00,"36,823.64"
ID13707,30-Jan-2026,Direct Deposit,"1,902.18",0.00,"67,348.69"
ID13708,05-Jan-2026,Interest,28.80,0.00,"87,041.51"
ID13708,31-Jan-2026,Debit Card,0.00,102.71,"23,431.44"
ID13708,12-Jan-2026,Reversal,"1,799.19",0.00,"21,631.18"
ID13708,03-Apr-2026,Interest,244.88,0.00,"1,159.04"
ID13708,04-Jan-2026,Charge,0.00,114.76,"89,033.83"
ID13708,08-Mar-2026,Charge,0.00,121.65,"45,879.70"
ID13708,22-Mar-2026,Payment,266.52,0.00,"42,568.84"
ID13708,12-Mar-2026,Charge,0.00,264.04,"25,419.98"
ID13708,28-Feb-2026,Payment,0.00,490.18,"88,184.60"
ID13708,10-Mar-2026,Payment,"1,169.78",0.00,"39,544.23"
ID13708,13-Jan-2026,Charge,0.00,865.62,"71,073.32"
ID13708,06-Mar-2026,Reversal,0.00,66.47,"90,169.35"
ID13708,25-Mar-2026,Debit Card,0.00,749.05,"99,477.30"
ID13708,14-Jan-2026,Reversal,"1,528.53",0.00,"94,495.11"
ID13708,27-Jan-2026,Debit Card,0.00,672.08,"31,750.38"
ID13708,15-Jan-2026,Direct Deposit,"1,402.20",0.00,"68,393.85"
ID13708,20-Mar-2026,Charge,0.00,780.25,"84,387.87"
ID13708,11-Mar-2026,ATM Withdrawal,0.00,60.84,"85,430.58"
ID13708,17-Feb-2026,ATM Withdrawal,0.00,257.60,"74,730.08"
ID13708,17-Feb-2026,Direct Deposit,"4,320.75",0.00,"75,186.36"
ID13709,08-Jan-2026,Charge,0.00,680.14,"82,474.76"
ID13709,23-Jan-2026,Reversal,0.00,"1,180.09","76,157.22"
ID13709,05-Feb-2026,Transfer,0.00,"1,415.50","15,891.79"
ID13709,19-Feb-2026,Direct Deposit,"3,806.88",0.00,"32,003.43"
ID13709,13-Feb-2026,Direct Deposit,926.98,0.00,"12,096.69"
ID13709,06-Mar-2026,Direct Deposit,"2,205.95",0.00,"94,505.92"
ID13709,24-Jan-2026,Payment,386.11,0.00,"89,116.96"
ID13709,25-Feb-2026,Transfer,0.00,"1,479.27","12,558.51"
ID13709,15-Mar-2026,Transfer,679.45,0.00,"74,427.47"
ID13709,06-Jan-2026,Reversal,431.15,0.00,"27,391.94"
ID13709,28-Mar-2026,Payment,0.00,270.92,"76,833.65"
ID13709,09-Feb-2026,Payment,0.00,406.34,"62,469.44"
ID13709,12-Mar-2026,Transfer,939.37,0.00,"72,665.44"
ID13709,17-Feb-2026,Charge,0.00,672.34,"67,352.96"
ID13709,09-Mar-2026,Charge,0.00,224.78,"8,098.46"
ID13709,07-Jan-2026,Direct Deposit,"1,373.20",0.00,"69,478.29"
ID13709,13-Mar-2026,Payment,0.00,294.14,"32,149.38"
ID13709,20-Jan-2026,Interest,254.39,0.00,"93,508.04"
ID13709,14-Feb-2026,Debit Card,0.00,299.30,"78,020.27"
ID13709,13-Jan-2026,Payment,0.00,"1,176.17","49,609.08"
ID13710,04-Jan-2026,Interest,367.41,0.00,"10,676.79"
ID13710,19-Jan-2026,Charge,0.00,996.55,"91,070.84"
ID13710,16-Jan-2026,Reversal,"1,313.79",0.00,"14,380.41"
ID13710,23-Feb-2026,Transfer,984.87,0.00,"33,007.32"
ID13710,19-Mar-2026,Payment,0.00,454.94,"88,843.58"
ID13710,09-Feb-2026,Direct Deposit,"2,314.27",0.00,"17,042.48"
ID13710,16-Jan-2026,Payment,0.00,614.06,"4,596.10"
ID13710,06-Mar-2026,Transfer,126.63,0.00,"98,853.28"
ID13710,21-Jan-2026,Charge,0.00,940.69,"23,292.44"
ID13710,16-Feb-2026,Reversal,950.32,0.00,"84,874.86"
ID13710,09-Mar-2026,Payment,0.00,975.69,"45,163.50"
ID13710,23-Jan-2026,Direct Deposit,"3,130.64",0.00,"51,451.70"
ID13710,07-Feb-2026,Payment,443.94,0.00,"24,437.10"
ID13710,22-Feb-2026,Reversal,"1,345.62",0.00,"20,856.81"
ID13710,17-Mar-2026,Transfer,0.00,181.31,"99,152.14"
ID13710,04-Jan-2026,Interest,425.29,0.00,"64,974.72"
ID13710,20-Jan-2026,Transfer,"1,017.33",0.00,"22,289.07"
ID13710,26-Jan-2026,ATM Withdrawal,0.00,576.40,"37,441.32"
ID13710,13-Feb-2026,Payment,"1,484.24",0.00,"56,417.43"
ID13710,05-Mar-2026,Reversal,0.00,"1,362.91","57,114.42"
ID13711,15-Jan-2026,Debit Card,0.00,888.28,"78,926.94"
ID13711,03-Jan-2026,Payment,230.78,0.00,"37,617.21"
ID13711,10-Mar-2026,Charge,0.00,164.10,"90,964.44"
ID13711,19-Mar-2026,Interest,19.18,0.00,"82,197.73"
ID13711,26-Feb-2026,Direct Deposit,"2,253.51",0.00,"13,733.58"
ID13711,07-Jan-2026,Debit Card,0.00,339.65,"21,164.55"
ID13711,18-Mar-2026,Transfer,"1,413.44",0.00,"73,252.98"
ID13711,28-Feb-2026,Interest,351.91,0.00,"9,304.70"
ID13711,03-Mar-2026,Interest,311.06,0.00,"20,507.95"
ID13711,19-Mar-2026,ATM Withdrawal,0.00,934.01,"94,396.80"
ID13711,14-Jan-2026,ATM Withdrawal,0.00,183.33,"63,356.65"
ID13711,11-Jan-2026,Reversal,"1,987.88",0.00,"98,898.24"
ID13711,08-Jan-2026,Debit Card,0.00,956.08,"40,219.94"
ID13711,23-Mar-2026,Direct Deposit,"3,940.49",0.00,"82,412.67"
ID13711,06-Mar-2026,Direct Deposit,"3,082.75",0.00,"38,805.08"
ID13711,03-Apr-2026,Transfer,"1,239.25",0.00,"36,247.33"
ID13711,25-Feb-2026,Interest,424.40,0.00,"87,425.35"
ID13711,12-Feb-2026,Payment,249.22,0.00,"18,369.75"
ID13711,05-Feb-2026,Payment,862.39,0.00,"79,537.47"
ID13711,31-Mar-2026,Debit Card,0.00,545.08,"1,740.55"
ID13712,26-Feb-2026,Debit Card,0.00,616.74,"4,499.38"
ID13712,11-Mar-2026,Direct Deposit,580.70,0.00,"21,646.02"
ID13712,18-Jan-2026,Payment,"1,425.65",0.00,"87,649.60"
ID13712,04-Jan-2026,ATM Withdrawal,0.00,998.74,"50,046.81"
ID13712,22-Feb-2026,Reversal,"1,330.19",0.00,"96,506.95"
ID13712,15-Feb-2026,Debit Card,0.00,926.08,"80,623.08"
ID13712,06-Feb-2026,Reversal,622.66,0.00,"6,431.50"
ID13712,03-Apr-2026,Interest,298.51,0.00,"16,080.59"
ID13712,06-Feb-2026,Debit Card,0.00,900.21,"74,332.97"
ID13712,16-Feb-2026,Debit Card,0.00,538.08,"32,997.25"
ID13712,26-Feb-2026,Transfer,0.00,422.51,"79,214.74"
ID13712,30-Mar-2026,Debit Card,0.00,694.36,"80,533.45"
ID13712,17-Feb-2026,Charge,0.00,802.89,"64,178.66"
ID13712,29-Mar-2026,Payment,925.24,0.00,"64,964.90"
ID13712,31-Mar-2026,Reversal,345.67,0.00,"1,558.32"
ID13712,03-Feb-2026,Debit Card,0.00,536.15,"73,215.13"
ID13712,28-Feb-2026,Interest,482.69,0.00,"51,708.38"
ID13712,07-Jan-2026,Charge,0.00,440.47,"73,559.79"
ID13712,18-Jan-2026,Interest,226.45,0.00,"7,879.25"
ID13712,04-Feb-2026,Payment,0.00,631.78,"83,950.38"
ID13713,26-Jan-2026,Charge,0.00,992.01,"51,410.13"
ID13713,26-Jan-2026,ATM Withdrawal,0.00,389.35,"93,846.79"
ID13713,19-Jan-2026,Direct Deposit,"4,131.78",0.00,"7,179.33"
ID13713,07-Jan-2026,Transfer,"1,089.80",0.00,"73,349.12"
ID13713,06-Feb-2026,Reversal,"1,240.87",0.00,"62,478.33"
ID13713,30-Mar-2026,Transfer,0.00,"1,258.04","62,804.89"
ID13713,06-Feb-2026,Transfer,0.00,"1,019.80","13,655.31"
ID13713,20-Feb-2026,ATM Withdrawal,0.00,11.00,"15,097.54"
ID13713,08-Mar-2026,Transfer,0.00,"1,240.53","41,701.75"
ID13713,01-Mar-2026,Transfer,0.00,136.86,"75,361.46"
ID13713,27-Mar-2026,Reversal,"1,245.42",0.00,"84,864.43"
ID13713,11-Jan-2026,Debit Card,0.00,377.62,"36,740.53"
ID13713,26-Mar-2026,ATM Withdrawal,0.00,672.52,"23,846.56"
ID13713,29-Jan-2026,Reversal,207.73,0.00,"36,913.74"
ID13713,15-Mar-2026,Payment,"1,694.03",0.00,"25,102.95"
ID13713,15-Mar-2026,Debit Card,0.00,651.90,"68,765.81"
ID13713,17-Feb-2026,Payment,0.00,78.00,"73,947.71"
ID13713,08-Jan-2026,Transfer,0.00,780.60,"75,002.59"
ID13713,22-Jan-2026,ATM Withdrawal,0.00,553.33,"79,611.36"
ID13713,14-Mar-2026,Charge,0.00,302.62,"66,583.17"
ID13714,07-Feb-2026,Transfer,0.00,626.70,"95,529.38"
ID13714,12-Feb-2026,Direct Deposit,"2,239.72",0.00,"54,723.29"
ID13714,26-Jan-2026,ATM Withdrawal,0.00,617.81,"60,779.24"
ID13714,24-Jan-2026,Payment,435.01,0.00,"60,223.24"
ID13714,25-Feb-2026,Charge,0.00,619.78,"62,090.12"
ID13714,09-Mar-2026,Debit Card,0.00,225.89,"11,273.78"
ID13714,26-Mar-2026,Reversal,218.69,0.00,"69,656.53"
ID13714,28-Mar-2026,Charge,0.00,10.06,"88,758.28"
ID13714,21-Mar-2026,Debit Card,0.00,510.19,"13,272.54"
ID13714,03-Feb-2026,Payment,0.00,241.36,"44,379.31"
ID13714,25-Mar-2026,Reversal,"1,247.13",0.00,"27,981.95"
ID13714,24-Feb-2026,Interest,456.16,0.00,"16,053.26"
ID13714,19-Jan-2026,Reversal,218.33,0.00,"8,202.92"
ID13714,18-Jan-2026,ATM Withdrawal,0.00,757.40,"76,074.42"
ID13714,19-Mar-2026,Interest,243.56,0.00,"43,584.74"
ID13714,06-Jan-2026,Interest,330.56,0.00,"19,050.99"
ID13714,14-Mar-2026,Charge,0.00,633.05,"65,493.11"
ID13714,18-Feb-2026,Direct Deposit,"3,002.11",0.00,"5,760.76"
ID13714,26-Mar-2026,Payment,0.00,"1,271.29","84,509.55"
ID13714,22-Mar-2026,Charge,0.00,962.00,"86,665.55"
ID13715,08-Jan-2026,ATM Withdrawal,0.00,94.61,"69,152.82"
ID13715,24-Jan-2026,Interest,464.13,0.00,"8,197.19"
ID13715,07-Jan-2026,ATM Withdrawal,0.00,779.19,"68,242.07"
ID13715,27-Mar-2026,Direct Deposit,"4,479.20",0.00,"67,105.93"
ID13715,01-Apr-2026,Charge,0.00,534.20,"65,895.10"
ID13715,25-Mar-2026,Debit Card,0.00,783.40,"3,523.91"
ID13715,22-Mar-2026,ATM Withdrawal,0.00,954.20,"32,995.74"
ID13715,12-Feb-2026,Payment,"1,580.29",0.00,"78,730.77"
ID13715,05-Feb-2026,Payment,"1,286.91",0.00,"32,814.05"
ID13715,15-Jan-2026,Direct Deposit,"4,139.58",0.00,"18,324.45"
ID13715,04-Jan-2026,Charge,0.00,682.45,"71,467.83"
ID13715,28-Feb-2026,Reversal,0.00,595.86,"53,014.46"
ID13715,23-Feb-2026,Payment,950.95,0.00,"99,061.94"
ID13715,03-Mar-2026,Payment,0.00,327.24,"24,332.12"
ID13715,15-Feb-2026,Payment,0.00,697.25,"55,455.61"
ID13715,23-Feb-2026,Debit Card,0.00,508.43,"45,804.93"
ID13715,17-Mar-2026,Payment,390.83,0.00,"71,678.17"
ID13715,28-Jan-2026,Charge,0.00,938.09,"60,442.08"
ID13715,01-Feb-2026,ATM Withdrawal,0.00,410.85,"38,204.75"
ID13715,14-Mar-2026,Charge,0.00,732.13,"83,974.63"
ID13716,27-Jan-2026,Charge,0.00,785.38,"73,462.03"
ID13716,02-Apr-2026,ATM Withdrawal,0.00,48.85,"78,286.25"
ID13716,07-Mar-2026,Charge,0.00,333.42,"18,199.09"
ID13716,04-Feb-2026,Payment,611.03,0.00,"87,378.98"
ID13716,29-Jan-2026,Reversal,816.62,0.00,"98,198.49"
ID13716,04-Mar-2026,Reversal,0.00,809.80,"23,317.49"
ID13716,01-Apr-2026,Charge,0.00,307.10,"59,807.86"
ID13716,18-Mar-2026,Interest,143.37,0.00,"54,953.97"
ID13716,24-Mar-2026,Charge,0.00,23.98,"35,289.48"
ID13716,22-Mar-2026,Interest,200.82,0.00,"65,905.78"
ID13716,26-Jan-2026,Debit Card,0.00,312.44,"89,731.09"
ID13716,21-Feb-2026,Interest,487.90,0.00,"98,201.68"
ID13716,10-Feb-2026,Debit Card,0.00,857.35,"68,323.81"
ID13716,04-Feb-2026,ATM Withdrawal,0.00,943.68,"88,365.75"
ID13716,23-Mar-2026,Transfer,995.16,0.00,"42,749.98"
ID13716,08-Feb-2026,Transfer,773.96,0.00,"73,687.98"
ID13716,12-Feb-2026,Payment,"1,855.25",0.00,"84,753.30"
ID13716,03-Apr-2026,Debit Card,0.00,574.68,"18,036.22"
ID13716,26-Jan-2026,Transfer,0.00,757.73,"3,940.33"
ID13716,10-Jan-2026,Direct Deposit,899.34,0.00,"26,018.24"
ID13717,20-Feb-2026,Direct Deposit,"4,926.88",0.00,"45,179.18"
ID13717,28-Jan-2026,Direct Deposit,"2,296.46",0.00,"78,235.51"
ID13717,29-Mar-2026,Reversal,"1,651.93",0.00,"79,524.66"
ID13717,09-Jan-2026,ATM Withdrawal,0.00,357.52,"7,726.41"
ID13717,02-Apr-2026,ATM Withdrawal,0.00,297.03,"81,173.49"
ID13717,04-Mar-2026,Reversal,0.00,265.92,"8,349.75"
ID13717,18-Feb-2026,Reversal,0.00,"1,089.03","10,913.55"
ID13717,17-Jan-2026,ATM Withdrawal,0.00,718.94,"95,717.50"
ID13717,09-Jan-2026,Debit Card,0.00,509.28,"54,820.05"
ID13717,18-Feb-2026,Direct Deposit,"4,491.27",0.00,"37,753.79"
ID13717,08-Jan-2026,Debit Card,0.00,671.97,"93,881.10"
ID13717,20-Jan-2026,ATM Withdrawal,0.00,117.37,"93,234.10"
ID13717,30-Jan-2026,Transfer,219.80,0.00,"31,777.65"
ID13717,27-Mar-2026,Payment,"1,140.96",0.00,"29,650.01"
ID13717,31-Jan-2026,Charge,0.00,991.08,"2,422.05"
ID13717,21-Feb-2026,Debit Card,0.00,56.46,"44,323.87"
ID13717,25-Jan-2026,Transfer,"1,977.55",0.00,"52,573.69"
ID13717,16-Mar-2026,Transfer,"1,728.46",0.00,"46,794.80"
ID13717,24-Feb-2026,ATM Withdrawal,0.00,370.72,"88,692.60"
ID13717,25-Mar-2026,Debit Card,0.00,153.01,"2,663.52"
ID13718,22-Jan-2026,Debit Card,0.00,20.68,"82,578.96"
ID13718,12-Mar-2026,ATM Withdrawal,0.00,537.79,"73,198.66"
ID13718,03-Jan-2026,Reversal,0.00,644.68,"71,759.78"
ID13718,16-Jan-2026,Transfer,0.00,"1,311.24","18,189.60"
ID13718,07-Feb-2026,Charge,0.00,721.80,"38,652.31"
ID13718,03-Feb-2026,Charge,0.00,675.34,"52,726.75"
ID13718,01-Mar-2026,Payment,0.00,641.76,"79,490.61"
ID13718,25-Feb-2026,Interest,362.76,0.00,"30,358.15"
ID13718,27-Mar-2026,Reversal,0.00,397.94,"6,020.64"
ID13718,18-Feb-2026,Debit Card,0.00,261.64,"95,209.00"
ID13718,31-Mar-2026,Payment,0.00,462.39,"22,868.30"
ID13718,08-Feb-2026,Debit Card,0.00,860.32,"98,740.39"
ID13718,22-Jan-2026,Direct Deposit,"1,118.30",0.00,"29,473.44"
ID13718,14-Mar-2026,Debit Card,0.00,96.62,"88,579.76"
ID13718,23-Feb-2026,Payment,458.72,0.00,"60,915.69"
ID13718,17-Mar-2026,Transfer,"1,563.99",0.00,"50,200.69"
ID13718,25-Feb-2026,Charge,0.00,192.69,"9,247.09"
ID13718,30-Mar-2026,Direct Deposit,"2,721.05",0.00,"72,791.49"
ID13718,25-Jan-2026,Interest,254.03,0.00,"98,994.99"
ID13718,09-Jan-2026,Transfer,"1,784.67",0.00,"22,835.62"
ID13719,02-Feb-2026,Debit Card,0.00,104.57,"77,895.10"
ID13719,28-Mar-2026,Interest,482.45,0.00,"26,830.62"
ID13719,27-Jan-2026,Interest,340.41,0.00,"96,250.37"
ID13719,30-Jan-2026,Interest,240.75,0.00,"34,740.51"
ID13719,04-Feb-2026,Direct Deposit,536.33,0.00,"95,278.21"
ID13719,08-Feb-2026,Charge,0.00,37.68,"9,470.24"
ID13719,08-Mar-2026,Payment,0.00,219.35,"70,974.64"
ID13719,31-Jan-2026,Interest,92.01,0.00,"21,101.98"
ID13719,18-Feb-2026,Transfer,"1,592.77",0.00,"39,423.71"
ID13719,15-Mar-2026,Reversal,"1,236.04",0.00,"92,565.51"
ID13719,17-Jan-2026,ATM Withdrawal,0.00,801.15,"54,813.56"
ID13719,25-Feb-2026,Interest,142.53,0.00,"62,105.29"
ID13719,23-Jan-2026,Direct Deposit,"3,930.89",0.00,"8,304.52"
ID13719,14-Mar-2026,Transfer,909.07,0.00,"93,785.36"
ID13719,04-Mar-2026,Direct Deposit,"3,300.63",0.00,"1,108.87"
ID13719,09-Feb-2026,Debit Card,0.00,771.88,"18,230.82"
ID13719,28-Jan-2026,Charge,0.00,526.15,"80,154.16"
ID13719,03-Apr-2026,Direct Deposit,"1,734.59",0.00,"65,637.13"
ID13719,10-Jan-2026,Reversal,0.00,52.56,"77,820.12"
ID13719,24-Jan-2026,Reversal,"1,845.61",0.00,"42,430.70"
ID13720,03-Apr-2026,Direct Deposit,"4,859.68",0.00,"52,255.41"
ID13720,21-Jan-2026,Reversal,0.00,814.58,"94,399.80"
ID13720,22-Mar-2026,Transfer,466.70,0.00,"72,517.31"
ID13720,14-Mar-2026,Direct Deposit,"1,070.61",0.00,"19,029.42"
ID13720,06-Jan-2026,ATM Withdrawal,0.00,921.85,"62,145.66"
ID13720,27-Jan-2026,Debit Card,0.00,935.59,"21,251.78"
ID13720,04-Mar-2026,Debit Card,0.00,521.87,"24,100.56"
ID13720,14-Mar-2026,Interest,133.17,0.00,"7,749.89"
ID13720,03-Mar-2026,Charge,0.00,812.99,"77,143.33"
ID13720,20-Feb-2026,Debit Card,0.00,433.17,"39,012.72"
ID13720,17-Mar-2026,Interest,467.35,0.00,"89,019.63"
ID13720,27-Jan-2026,Direct Deposit,989.72,0.00,"81,030.25"
ID13720,24-Jan-2026,ATM Withdrawal,0.00,55.21,"66,333.86"
ID13720,13-Mar-2026,Interest,305.98,0.00,"42,059.61"
ID13720,15-Feb-2026,Debit Card,0.00,715.45,"60,819.41"
ID13720,03-Apr-2026,Debit Card,0.00,919.69,"78,232.92"
ID13720,18-Mar-2026,Transfer,"1,001.93",0.00,"96,263.06"
ID13720,20-Mar-2026,ATM Withdrawal,0.00,132.23,"51,922.32"
ID13720,22-Jan-2026,Debit Card,0.00,447.64,"85,799.06"
ID13720,19-Mar-2026,Direct Deposit,"1,472.17",0.00,"40,382.73"
ID13721,12-Jan-2026,Interest,45.13,0.00,"84,004.44"
ID13721,22-Feb-2026,Interest,67.76,0.00,"10,566.82"
ID13721,21-Feb-2026,Interest,348.87,0.00,"7,613.36"
ID13721,21-Feb-2026,Direct Deposit,"4,311.57",0.00,"49,885.49"
ID13721,18-Mar-2026,Transfer,0.00,"1,494.68","99,544.22"
ID13721,30-Jan-2026,Direct Deposit,"1,019.77",0.00,"4,200.27"
ID13721,11-Feb-2026,Charge,0.00,155.03,"83,414.63"
ID13721,13-Mar-2026,Payment,0.00,476.69,"78,429.60"
ID13721,17-Feb-2026,Debit Card,0.00,434.33,"24,620.18"
ID13721,16-Jan-2026,Reversal,0.00,893.16,"96,056.34"
ID13721,08-Jan-2026,Payment,0.00,603.89,"70,173.88"
ID13721,09-Jan-2026,Transfer,178.49,0.00,"80,198.70"
ID13721,11-Feb-2026,Interest,470.10,0.00,"8,896.90"
ID13721,18-Jan-2026,Debit Card,0.00,682.97,"53,462.14"
ID13721,13-Jan-2026,Interest,271.30,0.00,"76,114.69"
ID13721,21-Jan-2026,Reversal,0.00,934.34,"10,963.81"
ID13721,05-Mar-2026,ATM Withdrawal,0.00,838.15,"8,476.06"
ID13721,10-Mar-2026,Direct Deposit,"4,863.72",0.00,"16,252.13"
ID13721,20-Feb-2026,Reversal,0.00,319.71,"70,315.93"
ID13721,23-Mar-2026,Interest,420.17,0.00,"18,826.93"
ID13722,08-Feb-2026,Charge,0.00,347.88,"82,204.14"
ID13722,17-Feb-2026,Direct Deposit,"1,224.71",0.00,"17,579.28"
ID13722,27-Mar-2026,Charge,0.00,659.21,"90,304.44"
ID13722,07-Feb-2026,Interest,108.24,0.00,"91,116.95"
ID13722,10-Jan-2026,Interest,410.60,0.00,"71,538.36"
ID13722,31-Mar-2026,ATM Withdrawal,0.00,37.52,"54,673.88"
ID13722,30-Jan-2026,Interest,483.15,0.00,"85,907.82"
ID13722,19-Feb-2026,Interest,97.01,0.00,"11,621.22"
ID13722,17-Feb-2026,Direct Deposit,915.02,0.00,"24,393.98"
ID13722,14-Jan-2026,Direct Deposit,956.75,0.00,"11,555.69"
ID13722,17-Feb-2026,Direct Deposit,"2,082.35",0.00,"47,521.00"
ID13722,14-Jan-2026,Charge,0.00,758.85,"3,367.02"
ID13722,02-Mar-2026,Interest,467.35,0.00,"80,631.82"
ID13722,16-Mar-2026,ATM Withdrawal,0.00,975.94,"18,722.16"
ID13722,08-Jan-2026,Debit Card,0.00,440.15,"51,707.63"
ID13722,27-Jan-2026,ATM Withdrawal,0.00,242.24,"83,024.57"
ID13722,14-Jan-2026,Interest,272.97,0.00,"64,672.11"
ID13722,03-Jan-2026,Transfer,0.00,"1,236.94","3,646.83"
ID13722,21-Feb-2026,Payment,0.00,183.82,"60,625.84"
ID13722,06-Mar-2026,Direct Deposit,"4,125.30",0.00,"8,708.97"
ID13723,26-Feb-2026,Charge,0.00,417.72,"97,881.66"
ID13723,03-Feb-2026,Reversal,"1,760.74",0.00,"46,676.71"
ID13723,23-Mar-2026,Reversal,0.00,318.24,"86,368.36"
ID13723,19-Feb-2026,ATM Withdrawal,0.00,475.45,"47,322.18"
ID13723,23-Jan-2026,ATM Withdrawal,0.00,776.84,"98,029.32"
ID13723,17-Jan-2026,ATM Withdrawal,0.00,783.47,"6,205.26"
ID13723,10-Mar-2026,Payment,0.00,565.21,"39,257.97"
ID13723,28-Mar-2026,Payment,0.00,536.06,"55,590.37"
ID13723,12-Jan-2026,Reversal,0.00,"1,410.91","87,613.96"
ID13723,16-Feb-2026,Interest,322.05,0.00,"64,361.81"
ID13723,22-Jan-2026,Direct Deposit,"3,426.72",0.00,"78,423.24"
ID13723,09-Mar-2026,Payment,959.48,0.00,"81,602.24"
ID13723,26-Feb-2026,Interest,86.14,0.00,"74,878.08"
ID13723,17-Mar-2026,Charge,0.00,595.67,"21,784.45"
ID13723,26-Jan-2026,Charge,0.00,665.27,"57,872.58"
ID13723,30-Mar-2026,Interest,228.71,0.00,"19,215.92"
ID13723,09-Mar-2026,Debit Card,0.00,531.91,"97,449.90"
ID13723,23-Mar-2026,Direct Deposit,"2,239.53",0.00,"42,057.72"
ID13723,01-Mar-2026,Reversal,0.00,"1,037.44","96,821.48"
ID13723,15-Jan-2026,Direct Deposit,"4,734.18",0.00,"89,767.52"
ID13724,07-Feb-2026,ATM Withdrawal,0.00,45.29,"75,895.24"
ID13724,23-Feb-2026,Transfer,0.00,871.46,"51,926.23"
ID13724,28-Feb-2026,Reversal,0.00,"1,050.04","58,807.40"
ID13724,24-Jan-2026,Interest,341.27,0.00,"98,969.52"
ID13724,16-Feb-2026,Direct Deposit,"2,354.52",0.00,"93,740.71"
ID13724,16-Mar-2026,Interest,441.90,0.00,"11,919.71"
ID13724,08-Feb-2026,Charge,0.00,943.73,"65,825.80"
ID13724,26-Mar-2026,Debit Card,0.00,943.65,"5,738.92"
ID13724,01-Mar-2026,Direct Deposit,690.34,0.00,"76,121.57"
ID13724,14-Mar-2026,ATM Withdrawal,0.00,981.02,"16,684.94"
ID13724,09-Feb-2026,Reversal,0.00,"1,130.05","10,993.58"
ID13724,22-Feb-2026,Debit Card,0.00,879.18,"35,452.11"
ID13724,12-Mar-2026,Debit Card,0.00,641.63,"70,111.65"
ID13724,02-Apr-2026,Payment,0.00,181.04,"57,324.14"
ID13724,24-Feb-2026,Direct Deposit,"2,043.59",0.00,"39,758.85"
ID13724,24-Feb-2026,Debit Card,0.00,659.38,"52,892.36"
ID13724,01-Apr-2026,Reversal,354.02,0.00,"30,462.11"
ID13724,03-Jan-2026,Debit Card,0.00,512.15,"36,447.10"
ID13724,31-Jan-2026,ATM Withdrawal,0.00,360.04,"5,210.04"
ID13724,22-Feb-2026,Interest,186.49,0.00,"70,167.65"
ID13725,15-Feb-2026,Payment,0.00,861.59,"27,517.45"
ID13725,16-Mar-2026,Payment,0.00,435.19,"13,080.86"
ID13725,28-Feb-2026,Charge,0.00,985.67,"20,055.97"
ID13725,18-Feb-2026,Direct Deposit,"3,078.58",0.00,"80,026.80"
ID13725,09-Feb-2026,Interest,216.12,0.00,"15,989.46"
ID13725,11-Feb-2026,Transfer,"1,999.92",0.00,"26,559.70"
ID13725,23-Feb-2026,Payment,0.00,548.57,"66,610.68"
ID13725,17-Mar-2026,Payment,792.95,0.00,"67,875.44"
ID13725,26-Jan-2026,Interest,265.88,0.00,"77,994.23"
ID13725,09-Mar-2026,Interest,149.19,0.00,"70,455.80"
ID13725,16-Jan-2026,Interest,66.39,0.00,"89,288.89"
ID13725,26-Jan-2026,Debit Card,0.00,695.96,"51,734.10"
ID13725,20-Jan-2026,Direct Deposit,"2,475.03",0.00,"34,492.01"
ID13725,23-Mar-2026,Charge,0.00,483.91,"73,719.17"
ID13725,21-Jan-2026,ATM Withdrawal,0.00,543.67,"64,818.60"
ID13725,07-Jan-2026,Debit Card,0.00,622.62,"73,938.15"
ID13725,02-Feb-2026,Debit Card,0.00,469.88,"11,647.44"
ID13725,28-Feb-2026,Transfer,0.00,946.91,"26,495.68"
ID13725,20-Feb-2026,Reversal,"1,097.82",0.00,"1,870.12"
ID13725,22-Mar-2026,Debit Card,0.00,365.17,"48,033.69"
ID13726,06-Jan-2026,Reversal,703.67,0.00,"19,915.90"
ID13726,26-Feb-2026,Direct Deposit,689.66,0.00,"81,196.99"
ID13726,27-Jan-2026,Charge,0.00,169.50,"15,453.89"
ID13726,02-Apr-2026,Interest,300.28,0.00,"99,776.94"
ID13726,27-Feb-2026,Direct Deposit,"1,396.09",0.00,"88,750.28"
ID13726,14-Feb-2026,ATM Withdrawal,0.00,549.25,"66,010.47"
ID13726,13-Feb-2026,ATM Withdrawal,0.00,441.31,"9,445.65"
ID13726,07-Mar-2026,Debit Card,0.00,911.40,"66,253.67"
ID13726,10-Feb-2026,Interest,362.24,0.00,"5,347.81"
ID13726,04-Mar-2026,Direct Deposit,868.78,0.00,"51,152.65"
ID13726,18-Feb-2026,Direct Deposit,"1,442.47",0.00,"25,647.17"
ID13726,27-Jan-2026,Transfer,"1,201.29",0.00,"91,293.62"
ID13726,29-Jan-2026,Interest,374.87,0.00,"31,207.45"
ID13726,26-Mar-2026,Direct Deposit,"2,866.90",0.00,"90,472.28"
ID13726,07-Mar-2026,Debit Card,0.00,704.75,"48,918.05"
ID13726,29-Mar-2026,Reversal,"1,639.24",0.00,"53,901.18"
ID13726,03-Feb-2026,Charge,0.00,377.06,"78,268.48"
ID13726,02-Mar-2026,Interest,476.98,0.00,"13,905.21"
ID13726,03-Feb-2026,Payment,0.00,"1,250.71","74,742.76"
ID13726,17-Feb-2026,ATM Withdrawal,0.00,268.22,"34,005.99"
ID13727,12-Mar-2026,Debit Card,0.00,498.34,"37,963.77"
ID13727,01-Mar-2026,Reversal,"1,215.93",0.00,"62,802.25"
ID13727,20-Mar-2026,Charge,0.00,322.27,"76,060.88"
ID13727,12-Jan-2026,Payment,"1,734.63",0.00,"28,213.98"
ID13727,02-Feb-2026,ATM Withdrawal,0.00,842.79,"31,534.24"
ID13727,04-Feb-2026,Charge,0.00,466.72,"10,219.71"
ID13727,27-Feb-2026,Interest,55.42,0.00,"12,193.81"
ID13727,26-Mar-2026,Reversal,0.00,310.00,"32,143.96"
ID13727,16-Mar-2026,Interest,303.75,0.00,"45,258.00"
ID13727,02-Feb-2026,Reversal,0.00,885.68,"38,531.92"
ID13727,11-Feb-2026,Interest,198.79,0.00,"30,366.66"
ID13727,30-Jan-2026,Interest,320.24,0.00,"65,929.75"
ID13727,28-Feb-2026,Interest,62.16,0.00,"87,349.04"
ID13727,13-Mar-2026,Reversal,0.00,"1,157.06","19,847.64"
ID13727,01-Feb-2026,ATM Withdrawal,0.00,955.57,"27,802.66"
ID13727,06-Jan-2026,ATM Withdrawal,0.00,270.35,"92,211.23"
ID13727,24-Mar-2026,Transfer,253.88,0.00,"40,425.06"
ID13727,03-Apr-2026,Charge,0.00,677.46,"15,313.27"
ID13727,18-Feb-2026,Charge,0.00,725.47,"81,440.69"
ID13727,24-Feb-2026,Charge,0.00,648.26,"79,438.84"
ID13728,09-Feb-2026,ATM Withdrawal,0.00,739.90,"43,629.54"
ID13728,21-Mar-2026,Reversal,0.00,442.30,"80,304.59"
ID13728,02-Mar-2026,Payment,447.58,0.00,"46,542.16"
ID13728,12-Feb-2026,ATM Withdrawal,0.00,330.66,"39,846.63"
ID13728,17-Jan-2026,ATM Withdrawal,0.00,858.20,"21,222.61"
ID13728,07-Mar-2026,Payment,"1,495.52",0.00,"71,425.44"
ID13728,18-Jan-2026,Transfer,159.33,0.00,"64,495.28"
ID13728,01-Mar-2026,Interest,452.12,0.00,"39,842.47"
ID13728,18-Jan-2026,Debit Card,0.00,785.44,"81,480.58"
ID13728,27-Jan-2026,Payment,278.02,0.00,"83,029.94"
ID13728,29-Jan-2026,Debit Card,0.00,259.27,"15,686.06"
ID13728,21-Mar-2026,Debit Card,0.00,855.36,"96,116.78"
ID13728,30-Mar-2026,Direct Deposit,"4,062.60",0.00,"88,885.06"
ID13728,23-Feb-2026,Payment,"1,704.06",0.00,"48,571.81"
ID13728,28-Feb-2026,Charge,0.00,373.02,"2,105.96"
ID13728,02-Mar-2026,Reversal,471.37,0.00,"13,013.80"
ID13728,20-Jan-2026,ATM Withdrawal,0.00,158.50,"55,905.14"
ID13728,24-Mar-2026,Interest,355.84,0.00,"25,229.77"
ID13728,13-Mar-2026,Reversal,0.00,576.19,"74,827.92"
ID13728,14-Jan-2026,Interest,107.10,0.00,"14,108.39"
ID13729,10-Feb-2026,Debit Card,0.00,485.17,"88,986.13"
ID13729,20-Mar-2026,ATM Withdrawal,0.00,127.32,"83,670.32"
ID13729,23-Mar-2026,Debit Card,0.00,215.22,"57,938.83"
ID13729,11-Jan-2026,Charge,0.00,354.80,"38,300.90"
ID13729,16-Mar-2026,Debit Card,0.00,709.41,"66,995.37"
ID13729,14-Jan-2026,ATM Withdrawal,0.00,749.04,"33,538.62"
ID13729,08-Jan-2026,Payment,0.00,822.39,"76,812.88"
ID13729,03-Feb-2026,Interest,451.75,0.00,"91,350.65"
ID13729,10-Mar-2026,Interest,309.98,0.00,"15,705.22"
ID13729,06-Feb-2026,Debit Card,0.00,422.75,"93,931.93"
ID13729,03-Apr-2026,ATM Withdrawal,0.00,369.19,"79,106.68"
ID13729,27-Feb-2026,Charge,0.00,666.27,"1,912.14"
ID13729,04-Feb-2026,Interest,475.54,0.00,"16,112.04"
ID13729,26-Feb-2026,Interest,274.74,0.00,"21,678.64"
ID13729,31-Mar-2026,Payment,0.00,379.72,"15,894.23"
ID13729,21-Mar-2026,Interest,47.02,0.00,"84,484.21"
ID13729,27-Jan-2026,Charge,0.00,329.97,"23,358.43"
ID13729,20-Jan-2026,Direct Deposit,"1,891.11",0.00,"95,193.12"
ID13729,15-Feb-2026,Transfer,0.00,789.96,"25,841.06"
ID13729,08-Feb-2026,Payment,0.00,401.06,"21,699.37"
ID13730,22-Feb-2026,Payment,"1,948.01",0.00,"57,909.78"
ID13730,17-Mar-2026,Direct Deposit,"4,755.67",0.00,"1,072.21"
ID13730,17-Jan-2026,Direct Deposit,"2,478.14",0.00,"49,097.22"
ID13730,01-Feb-2026,Charge,0.00,706.39,"69,038.38"
ID13730,26-Feb-2026,ATM Withdrawal,0.00,483.65,"66,288.62"
ID13730,11-Mar-2026,Reversal,0.00,728.35,"1,901.11"
ID13730,28-Mar-2026,ATM Withdrawal,0.00,945.56,"94,732.22"
ID13730,03-Mar-2026,Reversal,0.00,232.92,"88,623.03"
ID13730,15-Jan-2026,Debit Card,0.00,922.06,"99,729.83"
ID13730,09-Feb-2026,Charge,0.00,421.09,"62,540.71"
ID13730,12-Mar-2026,Reversal,"1,033.57",0.00,"2,468.18"
ID13730,11-Mar-2026,ATM Withdrawal,0.00,276.80,"5,164.14"
ID13730,05-Feb-2026,Direct Deposit,"1,263.53",0.00,"46,160.28"
ID13730,01-Mar-2026,Reversal,0.00,"1,284.09","54,175.78"
ID13730,25-Feb-2026,Reversal,0.00,617.12,"65,622.09"
ID13730,04-Feb-2026,Debit Card,0.00,443.26,"4,755.99"
ID13730,01-Apr-2026,Interest,248.30,0.00,"17,468.57"
ID13730,27-Feb-2026,Payment,0.00,193.70,"84,759.46"
ID13730,29-Mar-2026,Transfer,"1,372.00",0.00,"46,413.14"
ID13730,20-Mar-2026,Transfer,433.91,0.00,"61,127.51"
ID13731,15-Feb-2026,Payment,"1,513.18",0.00,"55,404.89"
ID13731,28-Feb-2026,Direct Deposit,"1,037.00",0.00,"77,983.82"
ID13731,22-Feb-2026,Debit Card,0.00,288.51,"36,972.57"
ID13731,26-Feb-2026,Direct Deposit,"4,184.10",0.00,"25,088.08"
ID13731,06-Mar-2026,Interest,206.87,0.00,"82,300.78"
ID13731,02-Mar-2026,Direct Deposit,"1,734.62",0.00,"75,503.63"
ID13731,29-Mar-2026,Direct Deposit,"3,534.69",0.00,"15,937.19"
ID13731,21-Feb-2026,Direct Deposit,"1,753.25",0.00,"35,301.11"
ID13731,30-Jan-2026,ATM Withdrawal,0.00,596.10,"50,413.27"
ID13731,19-Mar-2026,Interest,399.93,0.00,"88,919.91"
ID13731,03-Feb-2026,ATM Withdrawal,0.00,983.83,"46,527.55"
ID13731,21-Feb-2026,Interest,223.98,0.00,"52,851.70"
ID13731,17-Jan-2026,ATM Withdrawal,0.00,66.09,"16,084.26"
ID13731,07-Jan-2026,Interest,54.63,0.00,"90,319.59"
ID13731,25-Jan-2026,Debit Card,0.00,76.48,"98,252.59"
ID13731,29-Mar-2026,Payment,0.00,"1,261.16","30,514.77"
ID13731,07-Mar-2026,Transfer,561.16,0.00,"15,124.09"
ID13731,01-Mar-2026,ATM Withdrawal,0.00,690.69,"19,992.43"
ID13731,20-Feb-2026,Direct Deposit,"1,563.28",0.00,"75,793.52"
ID13731,17-Mar-2026,Interest,35.65,0.00,"31,882.13"
ID13732,09-Jan-2026,Direct Deposit,"2,189.81",0.00,"54,201.90"
ID13732,11-Mar-2026,Transfer,0.00,482.90,"48,666.47"
ID13732,04-Mar-2026,Charge,0.00,989.36,"90,400.48"
ID13732,28-Mar-2026,Interest,402.80,0.00,"32,704.64"
ID13732,06-Jan-2026,Direct Deposit,"3,551.48",0.00,"81,529.04"
ID13732,07-Feb-2026,Payment,0.00,150.54,"81,729.34"
ID13732,21-Mar-2026,Direct Deposit,"1,195.36",0.00,"14,312.92"
ID13732,29-Mar-2026,Interest,37.62,0.00,"63,455.66"
ID13732,19-Mar-2026,Interest,283.48,0.00,"35,063.65"
ID13732,06-Jan-2026,Transfer,0.00,559.48,"64,398.83"
ID13732,27-Jan-2026,Reversal,0.00,435.48,"66,145.51"
ID13732,08-Feb-2026,Payment,605.92,0.00,"88,371.33"
ID13732,20-Feb-2026,Payment,0.00,297.85,"38,555.78"
ID13732,03-Mar-2026,Interest,417.08,0.00,"70,387.88"
ID13732,27-Feb-2026,Debit Card,0.00,768.69,"22,367.87"
ID13732,07-Feb-2026,Transfer,"1,989.47",0.00,"43,403.30"
ID13732,09-Feb-2026,Interest,143.47,0.00,"26,182.43"
ID13732,13-Mar-2026,Direct Deposit,697.04,0.00,"92,045.71"
ID13732,08-Jan-2026,Payment,704.66,0.00,"59,199.99"
ID13732,01-Feb-2026,Interest,480.83,0.00,"78,555.78"
ID13733,15-Jan-2026,Interest,162.68,0.00,"33,201.42"
ID13733,13-Mar-2026,ATM Withdrawal,0.00,130.26,"60,779.83"
ID13733,18-Jan-2026,Transfer,0.00,200.29,"30,688.36"
ID13733,22-Mar-2026,Transfer,0.00,"1,080.33","50,397.74"
ID13733,07-Feb-2026,ATM Withdrawal,0.00,830.20,"58,270.27"
ID13733,14-Feb-2026,Debit Card,0.00,871.60,"79,256.91"
ID13733,04-Feb-2026,ATM Withdrawal,0.00,655.80,"99,587.94"
ID13733,05-Feb-2026,Transfer,"1,020.42",0.00,"75,886.97"
ID13733,07-Feb-2026,Debit Card,0.00,85.20,"85,832.84"
ID13733,30-Jan-2026,Direct Deposit,762.20,0.00,"86,012.34"
ID13733,22-Jan-2026,Direct Deposit,"4,784.84",0.00,"90,376.85"
ID13733,09-Jan-2026,Reversal,0.00,235.01,"94,799.03"
ID13733,29-Mar-2026,Payment,0.00,791.94,"35,085.95"
ID13733,22-Jan-2026,Charge,0.00,375.71,"30,515.69"
ID13733,01-Feb-2026,Interest,303.42,0.00,"63,453.99"
ID13733,14-Feb-2026,Direct Deposit,"3,257.33",0.00,"7,976.47"
ID13733,01-Mar-2026,Payment,0.00,995.52,"80,814.92"
ID13733,10-Mar-2026,ATM Withdrawal,0.00,45.38,"21,073.83"
ID13733,17-Feb-2026,Interest,306.83,0.00,"85,765.96"
ID13733,30-Jan-2026,Interest,109.10,0.00,"34,334.78"
ID13734,19-Mar-2026,Direct Deposit,"3,599.96",0.00,"99,798.10"
ID13734,21-Mar-2026,Interest,311.01,0.00,"10,938.34"
ID13734,05-Feb-2026,Transfer,"1,018.04",0.00,"29,593.16"
ID13734,11-Jan-2026,Debit Card,0.00,836.23,"15,118.84"
ID13734,17-Mar-2026,Interest,335.90,0.00,"55,077.22"
ID13734,11-Mar-2026,Payment,"1,451.17",0.00,"70,034.57"
ID13734,07-Jan-2026,Transfer,0.00,439.65,"45,559.13"
ID13734,05-Jan-2026,Reversal,0.00,443.18,"97,717.38"
ID13734,11-Jan-2026,Reversal,219.68,0.00,"24,342.83"
ID13734,30-Mar-2026,Transfer,880.14,0.00,"61,657.56"
ID13734,31-Mar-2026,Debit Card,0.00,943.62,"8,403.06"
ID13734,01-Feb-2026,Debit Card,0.00,346.12,"83,545.00"
ID13734,19-Feb-2026,Transfer,"1,174.97",0.00,"11,767.14"
ID13734,22-Feb-2026,Payment,0.00,285.42,"49,169.35"
ID13734,05-Feb-2026,Interest,256.38,0.00,"75,844.39"
ID13734,14-Feb-2026,Charge,0.00,461.86,"37,736.96"
ID13734,11-Feb-2026,Charge,0.00,479.27,"26,956.94"
ID13734,02-Feb-2026,Transfer,"1,540.32",0.00,"59,895.75"
ID13734,12-Feb-2026,Direct Deposit,"2,609.10",0.00,"60,942.75"
ID13734,27-Mar-2026,Debit Card,0.00,940.27,"31,928.83"
ID13735,07-Mar-2026,Payment,220.80,0.00,"70,108.22"
ID13735,13-Jan-2026,Charge,0.00,365.27,"2,245.00"
ID13735,13-Feb-2026,Interest,320.26,0.00,"73,340.16"
ID13735,04-Jan-2026,Interest,36.35,0.00,"9,750.71"
ID13735,14-Feb-2026,ATM Withdrawal,0.00,306.98,"20,866.88"
ID13735,13-Feb-2026,Direct Deposit,"2,807.84",0.00,"20,173.89"
ID13735,11-Feb-2026,Charge,0.00,542.78,"9,520.51"
ID13735,16-Mar-2026,Transfer,0.00,835.02,"46,396.49"
ID13735,26-Jan-2026,Debit Card,0.00,806.44,"73,298.97"
ID13735,11-Mar-2026,Transfer,"1,266.12",0.00,"3,321.06"
ID13735,01-Mar-2026,Payment,"1,714.75",0.00,"25,924.64"
ID13735,07-Feb-2026,Payment,0.00,403.36,"6,267.63"
ID13735,09-Jan-2026,ATM Withdrawal,0.00,799.80,"94,659.25"
ID13735,14-Feb-2026,Debit Card,0.00,594.43,"91,360.34"
ID13735,10-Feb-2026,Interest,405.41,0.00,"67,245.98"
ID13735,14-Mar-2026,Reversal,"1,305.86",0.00,"14,712.11"
ID13735,13-Feb-2026,Reversal,"1,542.38",0.00,"74,512.10"
ID13735,30-Mar-2026,Payment,"1,170.34",0.00,"44,155.22"
ID13735,28-Mar-2026,Payment,0.00,560.61,"39,911.86"
ID13735,27-Jan-2026,Charge,0.00,463.51,"91,288.81"
ID13736,23-Feb-2026,Charge,0.00,726.56,"50,328.14"
ID13736,20-Feb-2026,Interest,272.34,0.00,"97,472.41"
ID13736,03-Feb-2026,Debit Card,0.00,340.92,"87,586.24"
ID13736,04-Feb-2026,Transfer,0.00,285.19,"38,635.85"
ID13736,19-Jan-2026,Transfer,0.00,55.95,"97,981.14"
ID13736,06-Mar-2026,Payment,750.25,0.00,"56,880.27"
ID13736,04-Feb-2026,Charge,0.00,940.26,"2,204.88"
ID13736,16-Mar-2026,Transfer,"1,494.19",0.00,"5,578.72"
ID13736,10-Jan-2026,Transfer,104.55,0.00,"34,289.39"
ID13736,25-Feb-2026,Interest,45.99,0.00,"75,379.44"
ID13736,12-Mar-2026,ATM Withdrawal,0.00,546.04,"49,888.47"
ID13736,21-Feb-2026,ATM Withdrawal,0.00,119.52,"81,972.45"
ID13736,16-Feb-2026,Reversal,0.00,526.10,"19,162.02"
ID13736,26-Jan-2026,Direct Deposit,"1,854.97",0.00,"98,017.06"
ID13736,09-Feb-2026,Interest,491.36,0.00,"33,677.52"
ID13736,11-Mar-2026,ATM Withdrawal,0.00,461.11,"19,951.19"
ID13736,16-Jan-2026,Payment,0.00,"1,308.06","97,973.49"
ID13736,24-Jan-2026,Payment,"1,586.97",0.00,"47,981.96"
ID13736,24-Mar-2026,Debit Card,0.00,747.93,"74,656.99"
ID13736,23-Feb-2026,Direct Deposit,"4,602.72",0.00,"71,857.95"
ID13737,11-Jan-2026,ATM Withdrawal,0.00,856.03,"11,416.27"
ID13737,24-Feb-2026,Direct Deposit,667.20,0.00,"86,290.44"
ID13737,10-Feb-2026,Direct Deposit,"2,446.28",0.00,"20,215.03"
ID13737,30-Jan-2026,Charge,0.00,124.46,"44,056.11"
ID13737,29-Jan-2026,Interest,173.18,0.00,"34,112.65"
ID13737,21-Jan-2026,Charge,0.00,225.68,"22,231.71"
ID13737,31-Mar-2026,ATM Withdrawal,0.00,975.37,"48,700.75"
ID13737,22-Jan-2026,Payment,0.00,"1,385.84","80,318.34"
ID13737,24-Jan-2026,Transfer,0.00,"1,492.35","45,760.62"
ID13737,16-Mar-2026,Interest,162.65,0.00,"37,364.27"
ID13737,05-Jan-2026,ATM Withdrawal,0.00,759.79,"16,221.56"
ID13737,02-Mar-2026,Reversal,"1,442.03",0.00,"37,768.50"
ID13737,25-Feb-2026,Charge,0.00,969.74,"22,479.54"
ID13737,23-Jan-2026,Charge,0.00,330.51,"94,712.91"
ID13737,15-Feb-2026,Payment,0.00,"1,060.12","34,447.16"
ID13737,27-Jan-2026,Interest,445.13,0.00,"19,384.72"
ID13737,10-Feb-2026,Debit Card,0.00,193.13,"31,916.36"
ID13737,10-Jan-2026,Charge,0.00,779.68,"55,217.04"
ID13737,23-Jan-2026,Interest,319.42,0.00,"69,487.70"
ID13737,05-Feb-2026,Charge,0.00,874.76,"97,817.61"
ID13738,20-Feb-2026,Interest,302.36,0.00,"38,028.71"
ID13738,24-Jan-2026,Interest,108.06,0.00,"93,748.63"
ID13738,26-Jan-2026,Charge,0.00,420.16,"49,887.40"
ID13738,25-Mar-2026,Interest,223.69,0.00,"11,984.80"
ID13738,26-Jan-2026,Interest,498.67,0.00,"59,678.99"
ID13738,19-Jan-2026,Interest,48.71,0.00,"55,239.33"
ID13738,03-Jan-2026,Charge,0.00,80.71,"4,270.76"
ID13738,26-Feb-2026,Payment,889.64,0.00,"94,950.19"
ID13738,23-Jan-2026,Reversal,0.00,872.28,"81,270.98"
ID13738,08-Feb-2026,Payment,"1,866.06",0.00,"93,893.12"
ID13738,10-Jan-2026,Reversal,0.00,549.33,"58,633.58"
ID13738,19-Feb-2026,Debit Card,0.00,734.57,"81,506.17"
ID13738,05-Jan-2026,Interest,415.51,0.00,"65,385.31"
ID13738,16-Mar-2026,Transfer,"1,797.60",0.00,"63,486.42"
ID13738,11-Feb-2026,Debit Card,0.00,928.93,"41,056.68"
ID13738,02-Apr-2026,Interest,47.99,0.00,"98,606.73"
ID13738,02-Mar-2026,Transfer,750.06,0.00,"32,745.85"
ID13738,09-Feb-2026,Charge,0.00,694.50,"27,593.56"
ID13738,08-Mar-2026,ATM Withdrawal,0.00,19.52,"11,621.42"
ID13738,12-Jan-2026,Transfer,0.00,116.78,"31,708.80"
ID13739,24-Feb-2026,Interest,472.11,0.00,"11,112.78"
ID13739,17-Jan-2026,Interest,62.20,0.00,"68,568.71"
ID13739,23-Mar-2026,Interest,496.89,0.00,"5,180.14"
ID13739,11-Mar-2026,ATM Withdrawal,0.00,203.18,"63,822.40"
ID13739,18-Mar-2026,Debit Card,0.00,479.76,"50,623.83"
ID13739,03-Feb-2026,Transfer,850.54,0.00,"9,045.61"
ID13739,29-Mar-2026,Direct Deposit,"2,661.35",0.00,"27,688.89"
ID13739,28-Mar-2026,ATM Withdrawal,0.00,264.96,"82,328.66"
ID13739,17-Jan-2026,Reversal,340.93,0.00,"20,419.15"
ID13739,11-Feb-2026,Payment,0.00,405.12,"15,531.71"
ID13739,19-Feb-2026,ATM Withdrawal,0.00,779.64,"64,050.72"
ID13739,30-Mar-2026,Transfer,0.00,747.95,"73,909.00"
ID13739,03-Feb-2026,Interest,139.68,0.00,"97,831.87"
ID13739,21-Feb-2026,Direct Deposit,"3,310.60",0.00,"43,180.86"
ID13739,03-Mar-2026,Reversal,"1,289.20",0.00,"85,422.66"
ID13739,04-Jan-2026,Reversal,0.00,421.84,"68,503.84"
ID13739,07-Mar-2026,Charge,0.00,277.91,"84,893.45"
ID13739,14-Jan-2026,Payment,0.00,"1,314.07","87,882.30"
ID13739,24-Jan-2026,Interest,265.23,0.00,"16,058.17"
ID13739,01-Apr-2026,Direct Deposit,"2,245.71",0.00,"56,934.11"
ID13740,13-Jan-2026,Reversal,365.17,0.00,"72,622.86"
ID13740,02-Feb-2026,Transfer,333.49,0.00,"79,371.46"
ID13740,14-Jan-2026,Direct Deposit,"4,017.53",0.00,"10,354.17"
ID13740,14-Jan-2026,Transfer,"1,463.17",0.00,"39,411.71"
ID13740,03-Apr-2026,Payment,0.00,"1,448.19","48,691.71"
ID13740,17-Feb-2026,Transfer,312.11,0.00,"75,164.30"
ID13740,10-Jan-2026,Direct Deposit,"3,762.39",0.00,"43,509.27"
ID13740,20-Jan-2026,Interest,16.84,0.00,"33,406.44"
ID13740,28-Mar-2026,Transfer,"1,321.82",0.00,"11,822.86"
ID13740,26-Jan-2026,Direct Deposit,"2,031.99",0.00,"21,387.05"
ID13740,01-Apr-2026,Reversal,0.00,"1,312.16","28,685.73"
ID13740,02-Feb-2026,Reversal,0.00,"1,331.02","76,388.96"
ID13740,12-Feb-2026,ATM Withdrawal,0.00,620.40,"19,796.14"
ID13740,05-Mar-2026,Interest,428.15,0.00,"42,259.44"
ID13740,09-Jan-2026,Charge,0.00,35.19,"96,069.62"
ID13740,11-Jan-2026,ATM Withdrawal,0.00,515.52,"6,001.46"
ID13740,23-Feb-2026,Interest,339.06,0.00,"96,333.78"
ID13740,19-Feb-2026,ATM Withdrawal,0.00,885.32,"43,287.13"
ID13740,11-Mar-2026,Direct Deposit,"2,364.18",0.00,"62,878.65"
ID13740,08-Feb-2026,Payment,0.00,"1,172.99","42,895.59"
ID13741,24-Feb-2026,Debit Card,0.00,123.47,"67,627.10"
ID13741,21-Jan-2026,Debit Card,0.00,469.82,"95,586.97"
ID13741,26-Feb-2026,Payment,0.00,"1,095.47","93,592.51"
ID13741,06-Mar-2026,ATM Withdrawal,0.00,792.41,"31,376.34"
ID13741,06-Jan-2026,Transfer,0.00,500.34,"22,897.46"
ID13741,20-Jan-2026,Debit Card,0.00,820.05,"46,077.32"
ID13741,19-Jan-2026,Debit Card,0.00,72.49,"40,338.93"
ID13741,14-Mar-2026,Reversal,0.00,606.00,"64,159.77"
ID13741,06-Feb-2026,Debit Card,0.00,739.09,"33,034.76"
ID13741,29-Jan-2026,Transfer,0.00,495.99,"94,675.42"
ID13741,23-Feb-2026,Transfer,"1,496.12",0.00,"61,379.25"
ID13741,30-Jan-2026,Transfer,831.61,0.00,"72,078.94"
ID13741,04-Feb-2026,Debit Card,0.00,882.93,"39,335.99"
ID13741,20-Mar-2026,ATM Withdrawal,0.00,296.06,"59,138.04"
ID13741,01-Feb-2026,Payment,860.51,0.00,"33,073.64"
ID13741,30-Mar-2026,Debit Card,0.00,143.89,"60,514.63"
ID13741,12-Mar-2026,Debit Card,0.00,426.14,"46,204.99"
ID13741,02-Feb-2026,Charge,0.00,764.19,"39,169.27"
ID13741,15-Feb-2026,Interest,62.55,0.00,"79,954.10"
ID13741,21-Feb-2026,Charge,0.00,239.04,"41,358.19"
ID13742,04-Mar-2026,Reversal,249.64,0.00,"93,396.81"
ID13742,14-Mar-2026,Charge,0.00,249.65,"93,759.14"
ID13742,06-Mar-2026,Payment,179.38,0.00,"62,263.75"
ID13742,01-Apr-2026,Charge,0.00,518.65,"77,097.57"
ID13742,18-Feb-2026,Reversal,"1,288.35",0.00,"75,714.07"
ID13742,04-Feb-2026,Interest,124.04,0.00,"57,423.16"
ID13742,07-Mar-2026,Payment,0.00,"1,286.78","51,383.31"
ID13742,06-Mar-2026,Interest,136.93,0.00,"47,497.61"
ID13742,27-Feb-2026,Reversal,0.00,117.95,"82,479.62"
ID13742,16-Jan-2026,Debit Card,0.00,855.77,"84,840.16"
ID13742,08-Mar-2026,Reversal,0.00,"1,135.35","23,471.65"
ID13742,06-Jan-2026,Interest,209.11,0.00,"11,641.98"
ID13742,21-Mar-2026,Charge,0.00,941.96,"62,358.52"
ID13742,12-Feb-2026,Transfer,"1,554.77",0.00,"31,787.68"
ID13742,18-Jan-2026,Direct Deposit,"2,614.75",0.00,"90,713.87"
ID13742,07-Feb-2026,Charge,0.00,137.77,"23,204.57"
ID13742,01-Apr-2026,Charge,0.00,926.52,"32,588.22"
ID13742,17-Mar-2026,Debit Card,0.00,581.74,"65,358.90"
ID13742,07-Mar-2026,Reversal,0.00,680.26,"6,286.44"
ID13742,25-Jan-2026,Direct Deposit,"3,163.82",0.00,"88,580.86"
ID13743,20-Feb-2026,Charge,0.00,670.49,"88,725.54"
ID13743,23-Feb-2026,Direct Deposit,810.55,0.00,"57,541.40"
ID13743,22-Jan-2026,Debit Card,0.00,278.25,"13,141.28"
ID13743,05-Feb-2026,Transfer,0.00,"1,410.21","77,731.73"
ID13743,28-Jan-2026,ATM Withdrawal,0.00,625.39,"69,954.69"
ID13743,20-Feb-2026,Charge,0.00,764.47,"69,263.86"
ID13743,04-Feb-2026,Transfer,115.19,0.00,"82,813.75"
ID13743,12-Jan-2026,Transfer,0.00,558.49,"81,282.28"
ID13743,15-Mar-2026,ATM Withdrawal,0.00,842.65,"81,824.51"
ID13743,30-Jan-2026,Direct Deposit,"2,160.94",0.00,"63,635.34"
ID13743,20-Jan-2026,Debit Card,0.00,819.78,"39,441.09"
ID13743,01-Apr-2026,Interest,68.61,0.00,"87,140.96"
ID13743,25-Mar-2026,Charge,0.00,367.61,"46,282.36"
ID13743,02-Feb-2026,Reversal,585.72,0.00,"88,172.15"
ID13743,12-Feb-2026,Interest,461.08,0.00,"21,229.92"
ID13743,23-Jan-2026,Direct Deposit,"2,043.84",0.00,"91,318.33"
ID13743,08-Mar-2026,Interest,68.10,0.00,"47,908.21"
ID13743,01-Mar-2026,Debit Card,0.00,355.12,"21,382.48"
ID13743,26-Mar-2026,Direct Deposit,"4,643.67",0.00,"2,019.75"
ID13743,17-Mar-2026,ATM Withdrawal,0.00,587.92,"32,338.79"
ID13744,07-Mar-2026,Reversal,0.00,101.08,"2,835.92"
ID13744,03-Jan-2026,Transfer,377.00,0.00,"23,764.47"
ID13744,05-Jan-2026,Debit Card,0.00,839.73,"90,878.24"
ID13744,24-Feb-2026,ATM Withdrawal,0.00,842.16,"9,563.23"
ID13744,22-Jan-2026,Debit Card,0.00,690.74,"1,798.64"
ID13744,06-Mar-2026,Debit Card,0.00,970.29,"76,060.40"
ID13744,21-Jan-2026,Reversal,0.00,992.77,"33,254.54"
ID13744,24-Jan-2026,ATM Withdrawal,0.00,807.94,"98,935.29"
ID13744,15-Mar-2026,Payment,"1,380.52",0.00,"91,796.46"
ID13744,14-Feb-2026,Debit Card,0.00,978.64,"68,353.94"
ID13744,05-Jan-2026,Transfer,0.00,"1,193.79","5,983.60"
ID13744,27-Jan-2026,ATM Withdrawal,0.00,934.26,"77,578.15"
ID13744,17-Feb-2026,Transfer,0.00,438.74,"10,981.28"
ID13744,09-Feb-2026,Transfer,430.17,0.00,"77,553.91"
ID13744,01-Mar-2026,Interest,455.80,0.00,"50,928.75"
ID13744,15-Feb-2026,Direct Deposit,868.90,0.00,"75,751.49"
ID13744,19-Mar-2026,Charge,0.00,983.53,"71,977.97"
ID13744,02-Mar-2026,Charge,0.00,829.92,"59,180.59"
ID13744,14-Mar-2026,Debit Card,0.00,281.48,"64,792.01"
ID13744,06-Feb-2026,Direct Deposit,"1,364.61",0.00,"1,923.86"
ID13745,27-Feb-2026,Direct Deposit,"4,958.59",0.00,"94,061.03"
ID13745,23-Feb-2026,Debit Card,0.00,535.19,"9,054.18"
ID13745,09-Jan-2026,Interest,322.34,0.00,"22,967.86"
ID13745,19-Mar-2026,Interest,327.62,0.00,"99,808.38"
ID13745,17-Jan-2026,Transfer,527.94,0.00,"25,589.96"
ID13745,20-Mar-2026,Charge,0.00,511.55,"4,334.24"
ID13745,19-Jan-2026,Debit Card,0.00,469.17,"42,328.04"
ID13745,31-Mar-2026,ATM Withdrawal,0.00,92.23,"74,037.44"
ID13745,03-Apr-2026,Payment,0.00,683.20,"66,049.40"
ID13745,10-Mar-2026,Reversal,"1,658.55",0.00,"79,362.96"
ID13745,03-Mar-2026,Charge,0.00,980.68,"95,626.88"
ID13745,23-Feb-2026,Charge,0.00,617.51,"55,918.72"
ID13745,17-Jan-2026,Charge,0.00,999.86,"12,649.24"
ID13745,01-Apr-2026,Interest,312.46,0.00,"59,368.72"
ID13745,03-Feb-2026,ATM Withdrawal,0.00,312.48,"26,398.08"
ID13745,08-Feb-2026,Reversal,"1,193.64",0.00,"68,459.33"
ID13745,10-Jan-2026,Direct Deposit,"1,038.31",0.00,"77,979.59"
ID13745,18-Mar-2026,Payment,"1,680.04",0.00,"87,998.48"
ID13745,13-Mar-2026,Transfer,401.88,0.00,"7,772.91"
ID13745,06-Jan-2026,Charge,0.00,153.73,"65,634.55"
ID13746,14-Mar-2026,ATM Withdrawal,0.00,390.35,"61,429.89"
ID13746,02-Mar-2026,Charge,0.00,36.99,"99,054.86"
ID13746,02-Feb-2026,Charge,0.00,626.00,"79,155.30"
ID13746,10-Feb-2026,Transfer,551.23,0.00,"26,755.84"
ID13746,09-Mar-2026,Transfer,763.10,0.00,"1,382.65"
ID13746,19-Mar-2026,Charge,0.00,418.03,"16,434.66"
ID13746,16-Mar-2026,Charge,0.00,563.87,"74,155.94"
ID13746,01-Mar-2026,Payment,490.75,0.00,"71,970.52"
ID13746,26-Feb-2026,Transfer,"1,357.87",0.00,"17,480.07"
ID13746,25-Feb-2026,Payment,374.25,0.00,"45,650.24"
ID13746,18-Feb-2026,Direct Deposit,"4,701.26",0.00,"63,308.10"
ID13746,25-Jan-2026,Interest,418.18,0.00,"48,873.90"
ID13746,12-Feb-2026,Charge,0.00,992.94,"99,230.54"
ID13746,17-Feb-2026,Direct Deposit,"4,510.61",0.00,"20,508.08"
ID13746,27-Jan-2026,Payment,844.11,0.00,"97,558.00"
ID13746,31-Jan-2026,Interest,36.70,0.00,"81,447.94"
ID13746,05-Mar-2026,Interest,110.34,0.00,"70,268.20"
ID13746,06-Jan-2026,Debit Card,0.00,858.07,"66,046.94"
ID13746,21-Jan-2026,Charge,0.00,803.30,"52,608.32"
ID13746,04-Mar-2026,Payment,0.00,642.99,"10,821.46"
ID13747,09-Mar-2026,ATM Withdrawal,0.00,415.44,"88,386.21"
ID13747,08-Feb-2026,Payment,"1,210.40",0.00,"29,575.23"
ID13747,07-Jan-2026,ATM Withdrawal,0.00,746.81,"4,138.75"
ID13747,18-Mar-2026,Direct Deposit,"2,852.29",0.00,"41,246.98"
ID13747,03-Apr-2026,Direct Deposit,"2,804.64",0.00,"39,755.02"
ID13747,22-Mar-2026,ATM Withdrawal,0.00,646.72,"76,390.31"
ID13747,05-Jan-2026,Direct Deposit,"3,724.25",0.00,"61,007.94"
ID13747,03-Jan-2026,Direct Deposit,"3,129.85",0.00,"54,952.62"
ID13747,02-Mar-2026,Transfer,622.40,0.00,"51,185.65"
ID13747,07-Mar-2026,Direct Deposit,"1,733.24",0.00,"84,940.90"
ID13747,26-Feb-2026,ATM Withdrawal,0.00,523.16,"45,664.46"
ID13747,28-Mar-2026,ATM Withdrawal,0.00,820.32,"87,118.64"
ID13747,16-Mar-2026,Interest,424.24,0.00,"90,951.71"
ID13747,30-Mar-2026,Direct Deposit,525.31,0.00,"83,032.31"
ID13747,27-Feb-2026,Reversal,780.34,0.00,"85,319.55"
ID13747,07-Mar-2026,ATM Withdrawal,0.00,655.47,"36,783.79"
ID13747,02-Feb-2026,Interest,317.85,0.00,"56,542.45"
ID13747,04-Jan-2026,Transfer,0.00,775.36,"90,709.27"
ID13747,06-Jan-2026,Interest,155.12,0.00,"59,500.79"
ID13747,10-Jan-2026,Interest,284.64,0.00,"42,128.30"
ID13748,27-Mar-2026,Direct Deposit,"2,483.75",0.00,"26,773.85"
ID13748,23-Jan-2026,Interest,211.98,0.00,"51,151.47"
ID13748,26-Jan-2026,Direct Deposit,"4,870.92",0.00,"6,788.60"
ID13748,24-Jan-2026,Payment,0.00,"1,438.46","47,284.24"
ID13748,26-Mar-2026,Transfer,0.00,241.16,"25,777.26"
ID13748,19-Feb-2026,Charge,0.00,33.30,"96,211.06"
ID13748,06-Mar-2026,Transfer,0.00,205.21,"64,575.03"
ID13748,20-Feb-2026,Interest,375.84,0.00,"69,193.72"
ID13748,08-Jan-2026,Transfer,0.00,736.77,"37,455.81"
ID13748,02-Mar-2026,Interest,392.57,0.00,"11,594.89"
ID13748,06-Mar-2026,ATM Withdrawal,0.00,690.91,"53,571.58"
ID13748,21-Jan-2026,Charge,0.00,349.81,"5,178.04"
ID13748,22-Mar-2026,Reversal,0.00,738.95,"54,969.19"
ID13748,24-Mar-2026,Direct Deposit,"1,884.94",0.00,"38,536.50"
ID13748,24-Jan-2026,Reversal,623.46,0.00,"21,248.30"
ID13748,13-Feb-2026,Transfer,0.00,270.18,"64,821.50"
ID13748,06-Mar-2026,Debit Card,0.00,322.41,"49,371.50"
ID13748,17-Feb-2026,Charge,0.00,656.00,"58,970.82"
ID13748,27-Feb-2026,Interest,440.80,0.00,"92,066.26"
ID13748,20-Mar-2026,Interest,99.23,0.00,"41,358.87"
ID13749,26-Jan-2026,Interest,481.78,0.00,"40,545.24"
ID13749,29-Mar-2026,ATM Withdrawal,0.00,960.61,"71,171.97"
ID13749,28-Mar-2026,Interest,356.99,0.00,"95,992.02"
ID13749,17-Feb-2026,Charge,0.00,873.80,"46,558.08"
ID13749,16-Feb-2026,Payment,0.00,912.34,"36,914.07"
ID13749,22-Feb-2026,Payment,869.87,0.00,"67,689.14"
ID13749,20-Mar-2026,Reversal,"1,377.58",0.00,"69,409.30"
ID13749,02-Apr-2026,ATM Withdrawal,0.00,615.04,"67,278.93"
ID13749,22-Mar-2026,Direct Deposit,"3,813.89",0.00,"77,308.92"
ID13749,01-Mar-2026,Charge,0.00,972.87,"36,297.70"
ID13749,23-Jan-2026,Transfer,442.99,0.00,"31,090.24"
ID13749,11-Mar-2026,Charge,0.00,39.63,"82,862.07"
ID13749,25-Jan-2026,Reversal,559.30,0.00,"23,518.09"
ID13749,16-Feb-2026,Charge,0.00,86.96,"33,691.66"
ID13749,09-Jan-2026,Debit Card,0.00,546.97,"1,146.13"
ID13749,23-Jan-2026,Interest,237.71,0.00,"98,901.37"
ID13749,19-Feb-2026,Direct Deposit,"1,091.44",0.00,"42,670.72"
ID13749,05-Mar-2026,Charge,0.00,421.47,"70,869.10"
ID13749,31-Mar-2026,Payment,0.00,"1,064.21","1,574.18"
ID13749,21-Jan-2026,Direct Deposit,"1,256.19",0.00,"1,770.64"
ID13750,16-Mar-2026,Transfer,623.53,0.00,"50,139.20"
ID13750,12-Jan-2026,Payment,0.00,848.80,"91,763.43"
ID13750,04-Jan-2026,Debit Card,0.00,494.06,"12,224.20"
ID13750,05-Jan-2026,Transfer,"1,545.17",0.00,"14,488.14"
ID13750,07-Mar-2026,Payment,"1,423.20",0.00,"64,877.32"
ID13750,07-Jan-2026,Direct Deposit,"4,946.28",0.00,"5,699.56"
ID13750,09-Jan-2026,Charge,0.00,764.65,"77,515.29"
ID13750,05-Mar-2026,Payment,"1,960.29",0.00,"58,253.45"
ID13750,04-Mar-2026,Interest,284.90,0.00,"59,877.14"
ID13750,09-Jan-2026,ATM Withdrawal,0.00,404.62,"18,163.09"
ID13750,21-Feb-2026,Direct Deposit,"3,537.04",0.00,"33,020.83"
ID13750,12-Mar-2026,Interest,50.15,0.00,"7,309.08"
ID13750,20-Feb-2026,Interest,81.00,0.00,"6,192.92"
ID13750,27-Mar-2026,ATM Withdrawal,0.00,419.50,"69,828.17"
ID13750,22-Feb-2026,Interest,490.19,0.00,"25,718.23"
ID13750,13-Jan-2026,Interest,154.67,0.00,"52,801.84"
ID13750,28-Mar-2026,Payment,497.60,0.00,"17,234.05"
ID13750,30-Jan-2026,Charge,0.00,441.12,"18,904.65"
ID13750,13-Jan-2026,ATM Withdrawal,0.00,352.17,"24,131.60"
ID13750,18-Jan-2026,Charge,0.00,420.93,"72,497.36"
ID13751,12-Mar-2026,Interest,421.15,0.00,"6,791.23"
ID13751,14-Mar-2026,Reversal,0.00,"1,479.17","85,868.67"
ID13751,28-Feb-2026,Payment,0.00,820.48,"16,874.41"
ID13751,09-Feb-2026,Transfer,"1,915.92",0.00,"72,372.20"
ID13751,27-Jan-2026,Payment,265.87,0.00,"46,799.78"
ID13751,03-Apr-2026,Transfer,"1,379.61",0.00,"88,868.84"
ID13751,12-Jan-2026,Transfer,0.00,"1,352.14","76,073.80"
ID13751,27-Mar-2026,Debit Card,0.00,491.95,"31,505.78"
ID13751,07-Mar-2026,ATM Withdrawal,0.00,721.10,"77,588.74"
ID13751,28-Jan-2026,Charge,0.00,444.85,"84,408.59"
ID13751,15-Mar-2026,Direct Deposit,730.01,0.00,"88,077.39"
ID13751,01-Apr-2026,ATM Withdrawal,0.00,927.28,"92,493.36"
ID13751,23-Mar-2026,Transfer,176.47,0.00,"4,934.57"
ID13751,06-Feb-2026,Payment,963.47,0.00,"46,400.31"
ID13751,11-Mar-2026,Interest,396.43,0.00,"27,449.67"
ID13751,04-Mar-2026,Transfer,725.28,0.00,"62,704.76"
ID13751,15-Feb-2026,Debit Card,0.00,406.75,"42,454.87"
ID13751,13-Jan-2026,Payment,"1,536.10",0.00,"13,618.32"
ID13751,22-Mar-2026,Reversal,820.29,0.00,"36,973.85"
ID13751,16-Jan-2026,ATM Withdrawal,0.00,975.00,"96,374.73"
ID13752,22-Feb-2026,Interest,157.68,0.00,"83,421.33"
ID13752,27-Feb-2026,Direct Deposit,903.73,0.00,"20,923.72"
ID13752,27-Feb-2026,Direct Deposit,"1,903.26",0.00,"32,602.63"
ID13752,25-Feb-2026,Reversal,0.00,717.97,"81,386.15"
ID13752,29-Jan-2026,Payment,0.00,463.34,"59,826.81"
ID13752,26-Jan-2026,Reversal,"1,520.11",0.00,"72,264.19"
ID13752,03-Mar-2026,Debit Card,0.00,587.03,"5,184.83"
ID13752,09-Feb-2026,Transfer,"1,664.68",0.00,"59,360.49"
ID13752,07-Feb-2026,Interest,125.95,0.00,"56,029.92"
ID13752,05-Jan-2026,Reversal,755.99,0.00,"22,802.79"
ID13752,22-Feb-2026,Debit Card,0.00,926.67,"66,857.86"
ID13752,21-Mar-2026,Interest,241.01,0.00,"99,661.19"
ID13752,21-Jan-2026,Interest,193.70,0.00,"66,486.63"
ID13752,21-Feb-2026,Reversal,"1,037.32",0.00,"65,614.54"
ID13752,03-Jan-2026,Reversal,0.00,64.53,"38,676.67"
ID13752,27-Feb-2026,Debit Card,0.00,335.66,"97,739.93"
ID13752,03-Feb-2026,Payment,0.00,528.07,"78,342.26"
ID13752,02-Feb-2026,Charge,0.00,957.82,"34,729.07"
ID13752,02-Apr-2026,Reversal,0.00,710.82,"20,099.25"
ID13752,09-Mar-2026,Reversal,"1,615.41",0.00,"53,647.29"
ID13753,20-Jan-2026,Direct Deposit,"1,734.03",0.00,"76,459.62"
ID13753,22-Feb-2026,Direct Deposit,"3,326.93",0.00,"4,469.92"
ID13753,03-Feb-2026,ATM Withdrawal,0.00,735.77,"53,746.75"
ID13753,13-Jan-2026,Transfer,941.81,0.00,"84,308.16"
ID13753,03-Feb-2026,ATM Withdrawal,0.00,881.94,"69,514.93"
ID13753,14-Mar-2026,ATM Withdrawal,0.00,725.70,"38,500.90"
ID13753,19-Jan-2026,Interest,488.36,0.00,"65,841.64"
ID13753,02-Mar-2026,Reversal,683.54,0.00,"34,420.72"
ID13753,28-Jan-2026,Transfer,976.09,0.00,"40,755.76"
ID13753,23-Mar-2026,ATM Withdrawal,0.00,877.65,"28,454.78"
ID13753,18-Feb-2026,Debit Card,0.00,279.96,"33,823.52"
ID13753,31-Mar-2026,Debit Card,0.00,695.58,"51,285.60"
ID13753,30-Mar-2026,Charge,0.00,718.10,"84,148.80"
ID13753,20-Feb-2026,Direct Deposit,"4,836.41",0.00,"67,055.44"
ID13753,29-Jan-2026,Transfer,0.00,764.84,"86,354.27"
ID13753,04-Mar-2026,Debit Card,0.00,213.81,"65,528.43"
ID13753,02-Feb-2026,Charge,0.00,552.67,"50,949.80"
ID13753,24-Jan-2026,Transfer,0.00,436.71,"83,035.16"
ID13753,15-Jan-2026,Transfer,"1,517.41",0.00,"43,108.69"
ID13753,18-Feb-2026,Payment,0.00,"1,410.16","57,867.60"
ID13754,14-Mar-2026,Direct Deposit,"3,098.46",0.00,"96,560.35"
ID13754,21-Jan-2026,Reversal,"1,711.46",0.00,"59,804.04"
ID13754,20-Feb-2026,Direct Deposit,"1,493.81",0.00,"43,741.40"
ID13754,09-Jan-2026,ATM Withdrawal,0.00,864.83,"6,057.50"
ID13754,05-Mar-2026,Direct Deposit,"4,304.98",0.00,"15,022.30"
ID13754,12-Feb-2026,Charge,0.00,129.74,"49,949.32"
ID13754,06-Jan-2026,Payment,0.00,"1,043.99","60,118.76"
ID13754,23-Mar-2026,Interest,300.12,0.00,"28,008.91"
ID13754,13-Jan-2026,Payment,0.00,611.36,"68,726.45"
ID13754,11-Jan-2026,Charge,0.00,610.33,"95,919.83"
ID13754,24-Feb-2026,Payment,"1,367.45",0.00,"44,151.92"
ID13754,02-Apr-2026,Direct Deposit,575.17,0.00,"39,501.61"
ID13754,14-Jan-2026,Interest,479.04,0.00,"94,299.69"
ID13754,12-Jan-2026,Charge,0.00,767.09,"93,240.07"
ID13754,23-Feb-2026,Direct Deposit,"4,968.54",0.00,"33,466.22"
ID13754,03-Mar-2026,Transfer,661.17,0.00,"42,305.41"
ID13754,05-Feb-2026,Payment,0.00,"1,208.65","32,394.34"
ID13754,11-Mar-2026,Direct Deposit,"3,257.90",0.00,"21,030.01"
ID13754,23-Jan-2026,Reversal,0.00,877.02,"8,697.64"
ID13754,04-Feb-2026,Direct Deposit,"2,557.99",0.00,"80,714.80"
ID13755,25-Feb-2026,Debit Card,0.00,248.49,"39,047.23"
ID13755,09-Jan-2026,ATM Withdrawal,0.00,511.27,"68,246.39"
ID13755,02-Mar-2026,ATM Withdrawal,0.00,532.69,"78,149.13"
ID13755,13-Jan-2026,Debit Card,0.00,226.36,"20,543.84"
ID13755,04-Feb-2026,Interest,32.11,0.00,"88,453.04"
ID13755,19-Jan-2026,Debit Card,0.00,223.06,"48,812.44"
ID13755,01-Mar-2026,Charge,0.00,215.85,"71,148.82"
ID13755,08-Feb-2026,Charge,0.00,945.62,"67,669.48"
ID13755,26-Jan-2026,Interest,327.71,0.00,"23,258.66"
ID13755,31-Mar-2026,Transfer,0.00,"1,036.82","9,029.58"
ID13755,10-Mar-2026,Direct Deposit,997.32,0.00,"4,058.52"
ID13755,26-Feb-2026,Direct Deposit,"1,937.66",0.00,"28,531.52"
ID13755,26-Mar-2026,Direct Deposit,"2,087.99",0.00,"7,551.97"
ID13755,23-Jan-2026,Transfer,0.00,"1,349.89","82,012.01"
ID13755,07-Jan-2026,Direct Deposit,"3,089.94",0.00,"20,530.54"
ID13755,12-Jan-2026,Payment,"1,031.44",0.00,"63,592.36"
ID13755,26-Mar-2026,Charge,0.00,982.64,"86,253.43"
ID13755,15-Jan-2026,Direct Deposit,"2,206.42",0.00,"69,245.71"
ID13755,01-Apr-2026,Payment,0.00,"1,265.13","52,912.90"
ID13755,09-Feb-2026,Transfer,583.79,0.00,"50,812.46"
ID13756,27-Mar-2026,Transfer,"1,629.13",0.00,"85,982.53"
ID13756,12-Jan-2026,Interest,209.83,0.00,"94,206.68"
ID13756,22-Feb-2026,Payment,0.00,923.43,"91,285.53"
ID13756,28-Mar-2026,Interest,448.33,0.00,"94,987.47"
ID13756,12-Feb-2026,Reversal,0.00,104.80,"10,309.39"
ID13756,31-Mar-2026,Transfer,"1,688.74",0.00,"34,200.20"
ID13756,28-Mar-2026,Interest,21.79,0.00,"21,818.79"
ID13756,05-Mar-2026,Transfer,0.00,457.39,"76,631.90"
ID13756,06-Mar-2026,Direct Deposit,"3,956.44",0.00,"81,681.07"
ID13756,09-Mar-2026,Charge,0.00,858.74,"30,314.05"
ID13756,24-Feb-2026,Transfer,0.00,"1,378.73","60,217.36"
ID13756,04-Feb-2026,Direct Deposit,"4,364.04",0.00,"11,206.16"
ID13756,11-Mar-2026,Payment,0.00,"1,282.99","13,308.36"
ID13756,15-Mar-2026,ATM Withdrawal,0.00,581.60,"4,876.62"
ID13756,18-Feb-2026,ATM Withdrawal,0.00,922.60,"23,286.15"
ID13756,06-Mar-2026,Reversal,0.00,913.40,"88,945.06"
ID13756,24-Jan-2026,Charge,0.00,68.85,"35,330.42"
ID13756,11-Jan-2026,Charge,0.00,284.92,"17,848.20"
ID13756,23-Feb-2026,ATM Withdrawal,0.00,90.76,"41,358.35"
ID13756,14-Jan-2026,Payment,"1,572.13",0.00,"80,405.81"
ID13757,11-Mar-2026,Direct Deposit,"2,787.67",0.00,"44,314.19"
ID13757,03-Apr-2026,Direct Deposit,"3,157.63",0.00,"2,399.76"
ID13757,12-Feb-2026,Interest,28.35,0.00,"94,001.31"
ID13757,20-Jan-2026,Interest,351.11,0.00,"71,756.65"
ID13757,30-Jan-2026,Transfer,"1,459.80",0.00,"37,511.10"
ID13757,16-Feb-2026,Payment,0.00,214.16,"63,269.53"
ID13757,07-Feb-2026,ATM Withdrawal,0.00,28.96,"10,742.66"
ID13757,10-Feb-2026,Reversal,"1,637.68",0.00,"10,583.03"
ID13757,14-Feb-2026,Reversal,0.00,744.57,"38,651.07"
ID13757,03-Feb-2026,Debit Card,0.00,708.31,"44,951.57"
ID13757,12-Feb-2026,ATM Withdrawal,0.00,217.34,"16,253.62"
ID13757,04-Jan-2026,ATM Withdrawal,0.00,545.27,"29,965.05"
ID13757,28-Jan-2026,Interest,96.01,0.00,"57,439.78"
ID13757,16-Mar-2026,Interest,71.96,0.00,"84,755.76"
ID13757,12-Jan-2026,ATM Withdrawal,0.00,135.23,"18,751.13"
ID13757,11-Feb-2026,Reversal,0.00,803.14,"60,749.37"
ID13757,28-Mar-2026,Charge,0.00,421.87,"91,721.69"
ID13757,25-Mar-2026,Transfer,"1,735.04",0.00,"10,825.18"
ID13757,28-Jan-2026,ATM Withdrawal,0.00,889.35,"27,033.55"
ID13757,02-Apr-2026,Charge,0.00,55.12,"38,760.39"
ID13758,06-Jan-2026,Reversal,0.00,"1,098.41","19,644.81"
ID13758,01-Apr-2026,Interest,330.55,0.00,"67,832.19"
ID13758,30-Jan-2026,ATM Withdrawal,0.00,434.96,"85,367.04"
ID13758,21-Feb-2026,Transfer,0.00,126.79,"69,044.98"
ID13758,28-Jan-2026,Reversal,0.00,196.43,"50,198.96"
ID13758,10-Mar-2026,Interest,119.89,0.00,"74,163.64"
ID13758,28-Mar-2026,Payment,792.37,0.00,"57,992.35"
ID13758,03-Jan-2026,Direct Deposit,543.77,0.00,"78,485.04"
ID13758,09-Feb-2026,Direct Deposit,"1,249.76",0.00,"81,124.11"
ID13758,03-Jan-2026,Payment,424.52,0.00,"80,574.26"
ID13758,19-Feb-2026,Transfer,"1,235.42",0.00,"45,579.95"
ID13758,14-Feb-2026,Transfer,0.00,723.69,"53,756.11"
ID13758,10-Mar-2026,Transfer,0.00,141.30,"30,676.01"
ID13758,03-Jan-2026,Debit Card,0.00,716.41,"58,098.42"
ID13758,13-Mar-2026,Direct Deposit,"3,223.52",0.00,"67,035.37"
ID13758,30-Jan-2026,Debit Card,0.00,484.72,"44,330.93"
ID13758,04-Jan-2026,ATM Withdrawal,0.00,694.39,"27,826.62"
ID13758,16-Feb-2026,Payment,0.00,759.32,"59,231.54"
ID13758,29-Mar-2026,Direct Deposit,"1,285.39",0.00,"65,413.57"
ID13758,21-Jan-2026,ATM Withdrawal,0.00,346.24,"7,591.79"
ID13759,08-Mar-2026,Interest,426.67,0.00,"29,478.82"
ID13759,04-Mar-2026,ATM Withdrawal,0.00,576.52,"43,229.23"
ID13759,03-Feb-2026,Direct Deposit,"2,367.94",0.00,"86,193.68"
ID13759,03-Apr-2026,Charge,0.00,64.12,"62,807.81"
ID13759,20-Mar-2026,ATM Withdrawal,0.00,845.55,"51,550.80"
ID13759,04-Feb-2026,Transfer,0.00,"1,036.47","94,632.98"
ID13759,23-Mar-2026,Payment,854.74,0.00,"36,179.08"
ID13759,05-Jan-2026,Reversal,"1,667.03",0.00,"61,956.22"
ID13759,23-Feb-2026,ATM Withdrawal,0.00,69.85,"74,167.42"
ID13759,12-Mar-2026,Debit Card,0.00,825.46,"89,559.41"
ID13759,18-Feb-2026,Direct Deposit,"1,879.88",0.00,"2,105.37"
ID13759,22-Jan-2026,Interest,433.13,0.00,"67,222.17"
ID13759,28-Jan-2026,Reversal,772.10,0.00,"10,120.56"
ID13759,28-Feb-2026,Reversal,652.23,0.00,"50,672.38"
ID13759,04-Mar-2026,Debit Card,0.00,479.78,"62,054.49"
ID13759,05-Mar-2026,Payment,"1,112.19",0.00,"70,656.04"
ID13759,09-Mar-2026,Interest,121.32,0.00,"18,558.61"
ID13759,13-Mar-2026,Interest,176.81,0.00,"10,378.18"
ID13759,02-Feb-2026,Direct Deposit,"3,823.97",0.00,"49,568.38"
ID13759,03-Feb-2026,ATM Withdrawal,0.00,752.70,"90,205.14"
ID13760,08-Jan-2026,Transfer,0.00,"1,385.79","91,907.35"
ID13760,06-Feb-2026,Direct Deposit,"4,908.59",0.00,"77,630.52"
ID13760,09-Feb-2026,Direct Deposit,"3,370.46",0.00,"90,559.54"
ID13760,01-Mar-2026,Reversal,"1,542.41",0.00,"12,522.01"
ID13760,12-Mar-2026,Interest,363.93,0.00,"50,762.22"
ID13760,14-Jan-2026,Debit Card,0.00,362.12,"67,298.33"
ID13760,14-Feb-2026,Charge,0.00,193.05,"1,915.11"
ID13760,25-Jan-2026,Debit Card,0.00,851.96,"98,529.26"
ID13760,23-Jan-2026,Reversal,0.00,81.20,"87,267.60"
ID13760,02-Apr-2026,Direct Deposit,"2,259.40",0.00,"54,275.40"
ID13760,09-Jan-2026,Debit Card,0.00,591.11,"31,269.67"
ID13760,03-Mar-2026,ATM Withdrawal,0.00,814.71,"49,702.94"
ID13760,20-Mar-2026,Interest,266.67,0.00,"72,200.44"
ID13760,16-Jan-2026,Direct Deposit,"3,180.39",0.00,"81,369.75"
ID13760,13-Jan-2026,Reversal,718.69,0.00,"6,110.59"
ID13760,10-Mar-2026,Direct Deposit,"3,443.86",0.00,"23,652.54"
ID13760,18-Feb-2026,Transfer,"1,230.10",0.00,"67,114.65"
ID13760,07-Jan-2026,Debit Card,0.00,784.71,"75,064.34"
ID13760,08-Jan-2026,Reversal,0.00,"1,382.37","63,488.69"
ID13760,27-Mar-2026,Interest,289.04,0.00,"63,514.85"
ID13761,29-Mar-2026,Debit Card,0.00,597.17,"9,460.49"
ID13761,26-Mar-2026,Reversal,0.00,462.62,"41,651.95"
ID13761,22-Jan-2026,Charge,0.00,866.47,"78,346.83"
ID13761,02-Feb-2026,Direct Deposit,"4,780.60",0.00,"75,018.88"
ID13761,08-Feb-2026,ATM Withdrawal,0.00,615.42,"26,380.71"
ID13761,05-Jan-2026,Payment,"1,871.92",0.00,"94,789.46"
ID13761,29-Mar-2026,Payment,0.00,986.57,"47,535.76"
ID13761,24-Feb-2026,ATM Withdrawal,0.00,486.60,"9,443.02"
ID13761,29-Jan-2026,Transfer,0.00,"1,448.97","35,110.61"
ID13761,18-Jan-2026,Reversal,0.00,"1,026.45","29,216.08"
ID13761,09-Jan-2026,Direct Deposit,"3,162.49",0.00,"44,349.25"
ID13761,12-Jan-2026,Reversal,892.73,0.00,"89,246.05"
ID13761,18-Feb-2026,Transfer,0.00,"1,375.80","69,797.12"
ID13761,18-Feb-2026,Charge,0.00,670.00,"81,351.12"
ID13761,12-Jan-2026,Reversal,0.00,177.49,"20,724.34"
ID13761,12-Mar-2026,Charge,0.00,515.40,"30,694.75"
ID13761,14-Feb-2026,Transfer,"1,310.78",0.00,"56,985.58"
ID13761,16-Feb-2026,Interest,276.78,0.00,"3,910.06"
ID13761,21-Mar-2026,Debit Card,0.00,87.38,"17,886.94"
ID13761,29-Jan-2026,Charge,0.00,169.65,"34,783.23"
ID13762,28-Feb-2026,Interest,365.50,0.00,"79,062.26"
ID13762,23-Feb-2026,Direct Deposit,579.38,0.00,"47,036.31"
ID13762,28-Feb-2026,Reversal,957.70,0.00,"79,803.69"
ID13762,24-Jan-2026,Payment,0.00,59.36,"56,578.57"
ID13762,31-Mar-2026,Reversal,424.06,0.00,"1,373.25"
ID13762,06-Mar-2026,ATM Withdrawal,0.00,14.22,"76,856.07"
ID13762,22-Feb-2026,Direct Deposit,"2,133.70",0.00,"68,870.58"
ID13762,04-Feb-2026,Payment,649.92,0.00,"43,734.32"
ID13762,08-Jan-2026,Interest,441.07,0.00,"29,553.54"
ID13762,19-Feb-2026,ATM Withdrawal,0.00,281.76,"55,583.64"
ID13762,03-Mar-2026,Payment,794.38,0.00,"3,609.06"
ID13762,05-Jan-2026,Payment,666.11,0.00,"92,469.43"
ID13762,27-Mar-2026,ATM Withdrawal,0.00,208.95,"20,167.49"
ID13762,05-Feb-2026,Charge,0.00,397.54,"77,863.54"
ID13762,24-Jan-2026,Direct Deposit,"3,654.68",0.00,"36,833.47"
ID13762,21-Jan-2026,Debit Card,0.00,489.83,"25,786.78"
ID13762,22-Mar-2026,Direct Deposit,"2,947.46",0.00,"19,591.98"
ID13762,26-Feb-2026,Payment,"1,380.72",0.00,"20,394.43"
ID13762,16-Jan-2026,Direct Deposit,"3,160.55",0.00,"90,054.51"
ID13762,31-Mar-2026,Debit Card,0.00,633.98,"93,140.20"
ID13763,23-Mar-2026,Payment,0.00,"1,178.35","61,453.09"
ID13763,06-Jan-2026,Direct Deposit,"2,141.53",0.00,"68,131.32"
ID13763,21-Feb-2026,Transfer,0.00,"1,184.44","17,945.73"
ID13763,06-Feb-2026,Reversal,532.90,0.00,"61,955.35"
ID13763,23-Mar-2026,Payment,0.00,575.94,"36,440.46"
ID13763,16-Mar-2026,Direct Deposit,"4,650.46",0.00,"45,840.25"
ID13763,10-Mar-2026,Direct Deposit,"2,561.90",0.00,"57,334.17"
ID13763,22-Feb-2026,Charge,0.00,660.18,"9,639.40"
ID13763,16-Jan-2026,Reversal,"1,973.45",0.00,"67,581.13"
ID13763,20-Feb-2026,Direct Deposit,"3,857.25",0.00,"69,626.76"
ID13763,23-Mar-2026,Debit Card,0.00,162.83,"50,684.00"
ID13763,30-Jan-2026,Charge,0.00,748.51,"6,939.58"
ID13763,13-Mar-2026,Payment,754.58,0.00,"58,098.50"
ID13763,14-Jan-2026,Interest,30.29,0.00,"98,520.06"
ID13763,21-Jan-2026,Interest,258.07,0.00,"47,066.32"
ID13763,14-Mar-2026,Reversal,"1,134.18",0.00,"71,453.05"
ID13763,03-Mar-2026,ATM Withdrawal,0.00,545.70,"98,658.16"
ID13763,13-Mar-2026,Reversal,0.00,398.79,"96,628.59"
ID13763,18-Jan-2026,Payment,0.00,"1,172.78","67,763.53"
ID13763,06-Jan-2026,Interest,307.24,0.00,"98,332.49"
ID13764,04-Feb-2026,Interest,194.56,0.00,"3,300.19"
ID13764,10-Feb-2026,Payment,639.99,0.00,"67,641.67"
ID13764,20-Jan-2026,Payment,"1,731.13",0.00,"15,675.29"
ID13764,17-Jan-2026,Reversal,0.00,"1,400.56","15,073.64"
ID13764,31-Mar-2026,Charge,0.00,83.01,"33,140.55"
ID13764,09-Mar-2026,Interest,415.15,0.00,"86,450.40"
ID13764,23-Mar-2026,Reversal,0.00,"1,443.61","86,583.60"
ID13764,14-Jan-2026,Direct Deposit,751.49,0.00,"27,299.17"
ID13764,22-Feb-2026,Payment,"1,820.72",0.00,"2,585.78"
ID13764,22-Jan-2026,Reversal,0.00,693.90,"57,865.09"
ID13764,20-Mar-2026,ATM Withdrawal,0.00,974.50,"68,673.28"
ID13764,27-Jan-2026,Transfer,0.00,348.96,"97,345.00"
ID13764,29-Mar-2026,Charge,0.00,182.89,"84,826.30"
ID13764,24-Feb-2026,Transfer,0.00,90.12,"51,195.99"
ID13764,16-Feb-2026,ATM Withdrawal,0.00,502.87,"37,219.81"
ID13764,24-Jan-2026,Direct Deposit,802.84,0.00,"35,209.18"
ID13764,28-Jan-2026,Interest,488.76,0.00,"17,211.81"
ID13764,23-Jan-2026,Transfer,0.00,"1,068.22","91,219.11"
ID13764,02-Feb-2026,Transfer,0.00,"1,319.83","60,462.29"
ID13764,01-Mar-2026,ATM Withdrawal,0.00,909.49,"5,993.80"
ID13765,28-Jan-2026,Charge,0.00,497.19,"8,631.75"
ID13765,07-Mar-2026,Debit Card,0.00,274.12,"23,284.62"
ID13765,02-Feb-2026,Interest,137.39,0.00,"73,214.00"
ID13765,23-Jan-2026,Transfer,"1,379.67",0.00,"96,441.69"
ID13765,11-Jan-2026,ATM Withdrawal,0.00,364.36,"33,884.73"
ID13765,13-Feb-2026,ATM Withdrawal,0.00,741.55,"77,793.38"
ID13765,03-Feb-2026,Reversal,100.84,0.00,"89,925.91"
ID13765,20-Mar-2026,Direct Deposit,"2,963.83",0.00,"37,266.27"
ID13765,27-Jan-2026,Interest,164.06,0.00,"71,438.14"
ID13765,05-Jan-2026,Debit Card,0.00,612.74,"54,251.37"
ID13765,03-Jan-2026,Interest,154.30,0.00,"51,423.68"
ID13765,14-Mar-2026,Interest,67.87,0.00,"4,463.61"
ID13765,25-Mar-2026,Direct Deposit,"4,439.71",0.00,"70,914.61"
ID13765,17-Jan-2026,Transfer,0.00,930.84,"44,860.35"
ID13765,03-Mar-2026,Reversal,"1,225.36",0.00,"9,636.12"
ID13765,07-Mar-2026,Transfer,"1,819.75",0.00,"1,009.02"
ID13765,29-Jan-2026,ATM Withdrawal,0.00,846.02,"12,477.12"
ID13765,11-Feb-2026,Transfer,939.18,0.00,"30,887.12"
ID13765,28-Feb-2026,Interest,43.23,0.00,"22,872.36"
ID13765,09-Mar-2026,Direct Deposit,"4,127.66",0.00,"46,029.31"
ID13766,14-Jan-2026,Payment,0.00,294.85,"32,057.25"
ID13766,29-Jan-2026,Debit Card,0.00,953.50,"39,919.03"
ID13766,07-Jan-2026,Payment,"1,631.17",0.00,"53,686.44"
ID13766,26-Mar-2026,Payment,110.67,0.00,"31,095.42"
ID13766,17-Mar-2026,Debit Card,0.00,534.39,"9,538.29"
ID13766,24-Jan-2026,Direct Deposit,"4,939.84",0.00,"55,305.26"
ID13766,15-Jan-2026,Debit Card,0.00,824.47,"11,582.52"
ID13766,22-Jan-2026,ATM Withdrawal,0.00,374.63,"34,177.91"
ID13766,09-Mar-2026,Interest,434.30,0.00,"34,133.87"
ID13766,04-Mar-2026,Transfer,0.00,890.42,"85,591.30"
ID13766,27-Jan-2026,Transfer,0.00,598.17,"95,671.60"
ID13766,08-Mar-2026,Transfer,"1,857.93",0.00,"24,356.75"
ID13766,07-Feb-2026,Reversal,0.00,102.56,"95,292.80"
ID13766,17-Jan-2026,ATM Withdrawal,0.00,709.49,"80,043.40"
ID13766,27-Jan-2026,Reversal,"1,995.83",0.00,"27,509.84"
ID13766,31-Jan-2026,ATM Withdrawal,0.00,265.10,"83,646.48"
ID13766,18-Feb-2026,Charge,0.00,57.27,"9,956.02"
ID13766,26-Mar-2026,ATM Withdrawal,0.00,148.91,"69,007.02"
ID13766,06-Jan-2026,Debit Card,0.00,154.81,"84,187.88"
ID13766,04-Jan-2026,Debit Card,0.00,622.18,"23,077.04"
ID13767,31-Mar-2026,Interest,322.12,0.00,"8,799.28"
ID13767,04-Mar-2026,Direct Deposit,"3,605.56",0.00,"61,667.52"
ID13767,24-Mar-2026,Direct Deposit,"2,725.38",0.00,"23,838.64"
ID13767,07-Jan-2026,Reversal,148.37,0.00,"12,785.88"
ID13767,21-Mar-2026,Charge,0.00,21.95,"67,848.59"
ID13767,15-Feb-2026,Transfer,0.00,457.29,"54,719.95"
ID13767,01-Apr-2026,ATM Withdrawal,0.00,964.25,"46,837.67"
ID13767,09-Jan-2026,Interest,446.70,0.00,"64,665.60"
ID13767,29-Jan-2026,Interest,374.70,0.00,"30,873.49"
ID13767,23-Mar-2026,Charge,0.00,857.94,"2,764.19"
ID13767,12-Mar-2026,Charge,0.00,503.88,"29,588.78"
ID13767,17-Feb-2026,Charge,0.00,377.12,"53,648.19"
ID13767,30-Mar-2026,ATM Withdrawal,0.00,892.42,"16,820.52"
ID13767,11-Feb-2026,Charge,0.00,878.71,"34,065.88"
ID13767,27-Jan-2026,Direct Deposit,"4,891.46",0.00,"23,021.35"
ID13767,08-Jan-2026,Charge,0.00,89.51,"26,997.13"
ID13767,20-Feb-2026,ATM Withdrawal,0.00,898.17,"27,127.03"
ID13767,17-Jan-2026,Payment,0.00,"1,478.54","86,233.91"
ID13767,11-Feb-2026,Direct Deposit,"3,939.93",0.00,"24,486.59"
ID13767,17-Feb-2026,Transfer,0.00,"1,112.17","87,685.11"
ID13768,19-Mar-2026,Interest,425.70,0.00,"32,658.82"
ID13768,03-Mar-2026,ATM Withdrawal,0.00,634.97,"94,525.81"
ID13768,08-Jan-2026,Payment,0.00,159.47,"88,208.83"
ID13768,19-Jan-2026,Interest,341.67,0.00,"29,931.75"
ID13768,13-Feb-2026,Debit Card,0.00,368.09,"43,552.22"
ID13768,16-Feb-2026,Reversal,"1,747.19",0.00,"94,342.40"
ID13768,15-Feb-2026,Reversal,799.44,0.00,"63,615.80"
ID13768,08-Feb-2026,Direct Deposit,"3,647.61",0.00,"36,395.40"
ID13768,08-Jan-2026,Transfer,"1,535.91",0.00,"22,584.44"
ID13768,17-Jan-2026,Reversal,0.00,"1,003.29","53,415.07"
ID13768,28-Mar-2026,Payment,0.00,"1,049.92","88,030.46"
ID13768,01-Mar-2026,ATM Withdrawal,0.00,432.88,"26,424.14"
ID13768,07-Mar-2026,Payment,229.29,0.00,"86,021.88"
ID13768,25-Feb-2026,Reversal,0.00,854.06,"18,025.35"
ID13768,25-Feb-2026,Payment,327.92,0.00,"59,518.88"
ID13768,26-Feb-2026,ATM Withdrawal,0.00,813.96,"46,275.89"
ID13768,11-Mar-2026,Transfer,"1,410.01",0.00,"95,997.67"
ID13768,21-Jan-2026,Transfer,285.17,0.00,"19,224.18"
ID13768,29-Jan-2026,Debit Card,0.00,314.11,"63,132.22"
ID13768,24-Jan-2026,ATM Withdrawal,0.00,707.96,"71,948.13"
ID13769,07-Jan-2026,ATM Withdrawal,0.00,316.53,"25,455.64"
ID13769,22-Mar-2026,Payment,0.00,624.44,"47,024.77"
ID13769,20-Mar-2026,Debit Card,0.00,64.63,"95,300.10"
ID13769,02-Feb-2026,Transfer,0.00,660.89,"70,161.37"
ID13769,11-Mar-2026,Interest,300.77,0.00,"61,901.51"
ID13769,17-Jan-2026,Debit Card,0.00,597.71,"61,562.54"
ID13769,13-Jan-2026,ATM Withdrawal,0.00,434.30,"51,740.64"
ID13769,18-Feb-2026,Direct Deposit,"1,932.94",0.00,"4,447.22"
ID13769,09-Feb-2026,Direct Deposit,628.69,0.00,"59,544.69"
ID13769,11-Feb-2026,Payment,0.00,"1,144.41","10,159.52"
ID13769,30-Mar-2026,Charge,0.00,900.37,"48,598.04"
ID13769,22-Mar-2026,Payment,"1,584.87",0.00,"51,685.93"
ID13769,18-Feb-2026,Direct Deposit,713.14,0.00,"41,936.95"
ID13769,02-Apr-2026,Debit Card,0.00,207.33,"4,360.40"
ID13769,24-Mar-2026,Transfer,743.22,0.00,"12,333.25"
ID13769,11-Jan-2026,Charge,0.00,582.55,"39,860.92"
ID13769,31-Jan-2026,Charge,0.00,622.44,"14,039.68"
ID13769,09-Mar-2026,Direct Deposit,"2,499.04",0.00,"45,174.53"
ID13769,09-Mar-2026,Interest,39.94,0.00,"8,086.42"
ID13769,17-Mar-2026,Direct Deposit,"3,681.71",0.00,"20,947.91"
ID13770,19-Mar-2026,Transfer,0.00,"1,300.60","64,981.15"
ID13770,28-Jan-2026,Payment,577.25,0.00,"79,936.03"
ID13770,29-Mar-2026,Charge,0.00,477.36,"43,890.48"
ID13770,30-Jan-2026,Debit Card,0.00,200.80,"47,036.27"
ID13770,17-Mar-2026,Debit Card,0.00,806.95,"18,581.66"
ID13770,30-Jan-2026,Direct Deposit,"1,806.72",0.00,"46,025.60"
ID13770,10-Mar-2026,Charge,0.00,791.73,"90,420.16"
ID13770,02-Mar-2026,Interest,153.53,0.00,"66,158.22"
ID13770,09-Feb-2026,ATM Withdrawal,0.00,547.21,"77,729.67"
ID13770,31-Jan-2026,ATM Withdrawal,0.00,724.47,"96,058.35"
ID13770,22-Feb-2026,ATM Withdrawal,0.00,849.13,"27,892.26"
ID13770,26-Mar-2026,Interest,130.01,0.00,"57,543.65"
ID13770,31-Jan-2026,Charge,0.00,554.07,"52,638.40"
ID13770,05-Jan-2026,Payment,754.26,0.00,"21,612.60"
ID13770,19-Mar-2026,Direct Deposit,"4,401.85",0.00,"37,157.90"
ID13770,09-Jan-2026,Interest,239.90,0.00,"8,049.41"
ID13770,29-Jan-2026,Charge,0.00,210.23,"31,858.44"
ID13770,07-Mar-2026,Charge,0.00,916.34,"41,938.31"
ID13770,07-Feb-2026,Debit Card,0.00,319.29,"58,057.80"
ID13770,25-Mar-2026,Transfer,0.00,102.52,"43,398.60"
ID13771,15-Jan-2026,Charge,0.00,993.69,"24,855.86"
ID13771,19-Feb-2026,Debit Card,0.00,383.32,"59,471.52"
ID13771,21-Feb-2026,Transfer,"1,501.26",0.00,"84,366.99"
ID13771,27-Feb-2026,ATM Withdrawal,0.00,936.48,"76,061.38"
ID13771,23-Feb-2026,Interest,345.30,0.00,"53,839.27"
ID13771,16-Feb-2026,Direct Deposit,"3,181.88",0.00,"59,204.22"
ID13771,16-Jan-2026,ATM Withdrawal,0.00,551.12,"78,087.59"
ID13771,23-Feb-2026,Interest,264.61,0.00,"89,782.36"
ID13771,10-Mar-2026,Reversal,0.00,334.98,"1,279.16"
ID13771,08-Mar-2026,Debit Card,0.00,641.66,"80,939.21"
ID13771,15-Jan-2026,ATM Withdrawal,0.00,608.56,"28,628.45"
ID13771,08-Feb-2026,Charge,0.00,721.35,"47,737.09"
ID13771,20-Feb-2026,Direct Deposit,"2,023.60",0.00,"20,530.23"
ID13771,17-Mar-2026,Interest,211.98,0.00,"71,643.28"
ID13771,26-Feb-2026,Direct Deposit,"1,743.60",0.00,"12,231.18"
ID13771,24-Feb-2026,Direct Deposit,"2,737.90",0.00,"54,612.90"
ID13771,31-Jan-2026,Payment,0.00,"1,197.71","43,580.89"
ID13771,13-Mar-2026,Reversal,0.00,"1,133.02","26,225.34"
ID13771,16-Mar-2026,Charge,0.00,563.27,"77,797.50"
ID13771,01-Apr-2026,Direct Deposit,"1,788.67",0.00,"5,071.95"
ID13772,28-Mar-2026,Reversal,645.22,0.00,"83,675.82"
ID13772,09-Feb-2026,ATM Withdrawal,0.00,799.83,"84,470.31"
ID13772,19-Mar-2026,ATM Withdrawal,0.00,383.12,"43,900.42"
ID13772,07-Feb-2026,ATM Withdrawal,0.00,377.37,"1,459.30"
ID13772,01-Mar-2026,Payment,379.06,0.00,"66,485.36"
ID13772,05-Jan-2026,Interest,14.07,0.00,"57,900.87"
ID13772,13-Mar-2026,Charge,0.00,965.84,"98,960.06"
ID13772,18-Jan-2026,Interest,272.18,0.00,"90,110.01"
ID13772,23-Mar-2026,Payment,0.00,405.87,"58,571.97"
ID13772,07-Jan-2026,Charge,0.00,217.51,"4,325.06"
ID13772,21-Feb-2026,Direct Deposit,"2,124.73",0.00,"19,605.23"
ID13772,25-Mar-2026,Interest,49.52,0.00,"47,185.03"
ID13772,17-Jan-2026,Charge,0.00,710.61,"12,048.20"
ID13772,05-Jan-2026,Charge,0.00,188.44,"66,083.76"
ID13772,03-Mar-2026,ATM Withdrawal,0.00,475.04,"26,199.30"
ID13772,20-Jan-2026,Interest,269.58,0.00,"89,750.57"
ID13772,23-Feb-2026,Payment,"1,241.36",0.00,"15,775.47"
ID13772,25-Mar-2026,Interest,207.03,0.00,"6,755.18"
ID13772,18-Jan-2026,Transfer,"1,712.51",0.00,"77,158.51"
ID13772,29-Jan-2026,Interest,465.35,0.00,"25,416.20"
ID13773,01-Mar-2026,Payment,0.00,"1,448.08","81,582.64"
ID13773,28-Feb-2026,Debit Card,0.00,73.90,"12,647.25"
ID13773,24-Feb-2026,Reversal,"1,060.75",0.00,"75,190.00"
ID13773,24-Mar-2026,Transfer,694.10,0.00,"54,292.39"
ID13773,07-Feb-2026,Payment,"1,996.15",0.00,"20,753.33"
ID13773,11-Jan-2026,Charge,0.00,995.18,"43,099.63"
ID13773,09-Feb-2026,Interest,76.37,0.00,"93,789.43"
ID13773,02-Apr-2026,Reversal,685.25,0.00,"51,476.50"
ID13773,11-Jan-2026,ATM Withdrawal,0.00,358.25,"24,838.63"
ID13773,16-Mar-2026,Payment,176.74,0.00,"25,633.72"
ID13773,09-Jan-2026,Charge,0.00,480.93,"29,231.68"
ID13773,19-Feb-2026,Charge,0.00,164.28,"32,636.17"
ID13773,26-Jan-2026,Debit Card,0.00,510.78,"29,906.41"
ID13773,03-Jan-2026,Transfer,0.00,"1,199.87","10,427.38"
ID13773,10-Jan-2026,Payment,0.00,549.37,"35,394.41"
ID13773,15-Mar-2026,ATM Withdrawal,0.00,400.53,"9,024.10"
ID13773,20-Mar-2026,ATM Withdrawal,0.00,574.11,"11,779.20"
ID13773,16-Mar-2026,ATM Withdrawal,0.00,735.77,"44,703.64"
ID13773,20-Mar-2026,Interest,134.69,0.00,"43,550.78"
ID13773,16-Jan-2026,Interest,423.61,0.00,"36,551.26"
ID13774,15-Mar-2026,Charge,0.00,759.70,"72,846.61"
ID13774,28-Jan-2026,Charge,0.00,820.01,"60,466.09"
ID13774,15-Jan-2026,ATM Withdrawal,0.00,794.49,"9,978.91"
ID13774,08-Mar-2026,ATM Withdrawal,0.00,968.11,"31,449.31"
ID13774,12-Jan-2026,Debit Card,0.00,286.05,"73,683.05"
ID13774,08-Feb-2026,Debit Card,0.00,11.03,"60,715.07"
ID13774,24-Feb-2026,Payment,389.27,0.00,"81,550.30"
ID13774,20-Jan-2026,Payment,"1,818.01",0.00,"67,532.04"
ID13774,26-Mar-2026,Debit Card,0.00,409.58,"31,147.75"
ID13774,07-Feb-2026,ATM Withdrawal,0.00,317.76,"56,859.11"
ID13774,31-Mar-2026,Charge,0.00,816.07,"28,326.93"
ID13774,01-Feb-2026,Charge,0.00,920.45,"95,034.35"
ID13774,19-Feb-2026,ATM Withdrawal,0.00,664.95,"42,735.32"
ID13774,08-Jan-2026,Interest,265.51,0.00,"63,696.39"
ID13774,18-Mar-2026,Direct Deposit,"2,578.49",0.00,"88,705.91"
ID13774,09-Feb-2026,Direct Deposit,"3,852.44",0.00,"26,202.58"
ID13774,01-Feb-2026,Interest,116.15,0.00,"46,506.53"
ID13774,09-Mar-2026,Debit Card,0.00,554.80,"94,494.34"
ID13774,18-Jan-2026,Transfer,270.67,0.00,"72,484.12"
ID13774,17-Jan-2026,Charge,0.00,583.88,"97,762.37"
ID13775,23-Mar-2026,Direct Deposit,"2,481.69",0.00,"40,762.57"
ID13775,15-Mar-2026,Charge,0.00,189.75,"96,234.50"
ID13775,09-Mar-2026,Charge,0.00,378.90,"6,343.01"
ID13775,11-Feb-2026,ATM Withdrawal,0.00,904.64,"42,335.25"
ID13775,21-Feb-2026,Transfer,0.00,"1,079.46","80,417.57"
ID13775,01-Apr-2026,Direct Deposit,"4,708.28",0.00,"22,142.79"
ID13775,03-Jan-2026,Payment,0.00,"1,050.56","16,658.64"
ID13775,12-Jan-2026,Interest,234.48,0.00,"36,712.07"
ID13775,22-Mar-2026,Interest,410.00,0.00,"72,051.17"
ID13775,08-Mar-2026,Reversal,"1,209.39",0.00,"76,064.23"
ID13775,19-Jan-2026,ATM Withdrawal,0.00,506.74,"26,798.73"
ID13775,24-Mar-2026,Transfer,0.00,"1,045.31","85,843.16"
ID13775,18-Feb-2026,Charge,0.00,442.02,"2,059.07"
ID13775,27-Mar-2026,Debit Card,0.00,128.18,"37,349.79"
ID13775,28-Mar-2026,Interest,174.15,0.00,"81,416.28"
ID13775,02-Mar-2026,Payment,"1,663.35",0.00,"3,189.85"
ID13775,18-Feb-2026,Direct Deposit,"4,200.22",0.00,"56,229.94"
ID13775,01-Feb-2026,Reversal,0.00,"1,098.45","45,837.28"
ID13775,20-Mar-2026,Interest,457.16,0.00,"74,559.54"
ID13775,20-Jan-2026,ATM Withdrawal,0.00,221.61,"54,613.41"
ID13776,10-Jan-2026,Interest,498.00,0.00,"35,351.04"
ID13776,02-Apr-2026,Interest,191.84,0.00,"14,671.78"
ID13776,15-Mar-2026,Interest,194.54,0.00,"99,785.89"
ID13776,28-Mar-2026,Transfer,0.00,158.75,"91,125.19"
ID13776,29-Jan-2026,Direct Deposit,"1,234.72",0.00,"50,757.18"
ID13776,18-Mar-2026,Direct Deposit,"4,285.37",0.00,"70,136.99"
ID13776,29-Jan-2026,ATM Withdrawal,0.00,818.29,"16,586.93"
ID13776,08-Feb-2026,Direct Deposit,"4,778.40",0.00,"90,569.41"
ID13776,08-Feb-2026,Interest,283.79,0.00,"16,972.14"
ID13776,07-Mar-2026,Debit Card,0.00,996.32,"7,786.50"
ID13776,09-Mar-2026,Reversal,0.00,"1,307.44","22,735.97"
ID13776,18-Mar-2026,Charge,0.00,235.44,"76,833.49"
ID13776,03-Jan-2026,Interest,295.77,0.00,"89,459.81"
ID13776,25-Mar-2026,ATM Withdrawal,0.00,537.55,"85,574.23"
ID13776,01-Mar-2026,Interest,336.19,0.00,"62,003.63"
ID13776,16-Feb-2026,Reversal,953.13,0.00,"75,335.79"
ID13776,30-Mar-2026,Transfer,0.00,975.64,"8,132.30"
ID13776,29-Mar-2026,Interest,427.84,0.00,"18,357.26"
ID13776,05-Jan-2026,ATM Withdrawal,0.00,207.17,"71,474.14"
ID13776,16-Feb-2026,ATM Withdrawal,0.00,246.62,"74,216.08"
ID13777,12-Feb-2026,Transfer,643.11,0.00,"20,060.58"
ID13777,27-Jan-2026,Payment,"1,260.09",0.00,"82,784.19"
ID13777,22-Jan-2026,Direct Deposit,"3,627.77",0.00,"78,082.31"
ID13777,03-Feb-2026,Transfer,198.06,0.00,"35,850.09"
ID13777,23-Jan-2026,Transfer,265.55,0.00,"85,033.06"
ID13777,12-Mar-2026,ATM Withdrawal,0.00,748.55,"75,964.32"
ID13777,13-Jan-2026,Transfer,390.28,0.00,"16,799.54"
ID13777,08-Mar-2026,ATM Withdrawal,0.00,19.54,"4,978.79"
ID13777,16-Jan-2026,Payment,0.00,636.12,"49,696.80"
ID13777,19-Feb-2026,Transfer,787.10,0.00,"22,600.33"
ID13777,17-Feb-2026,Interest,169.40,0.00,"82,540.06"
ID13777,27-Mar-2026,Transfer,153.07,0.00,"10,228.38"
ID13777,08-Feb-2026,Reversal,0.00,736.50,"85,639.40"
ID13777,17-Jan-2026,Interest,272.75,0.00,"11,925.24"
ID13777,23-Mar-2026,Debit Card,0.00,238.45,"20,987.33"
ID13777,26-Mar-2026,Reversal,675.57,0.00,"29,917.77"
ID13777,22-Jan-2026,Transfer,0.00,"1,028.95","67,306.07"
ID13777,04-Feb-2026,Debit Card,0.00,200.22,"42,159.03"
ID13777,02-Mar-2026,Charge,0.00,257.39,"11,923.40"
ID13777,30-Mar-2026,Charge,0.00,964.55,"18,248.47"
ID13778,31-Mar-2026,Charge,0.00,208.67,"19,961.19"
ID13778,16-Jan-2026,Payment,216.57,0.00,"34,996.74"
ID13778,02-Feb-2026,Interest,240.82,0.00,"43,214.21"
ID13778,10-Mar-2026,Reversal,"1,375.98",0.00,"62,561.68"
ID13778,23-Feb-2026,Charge,0.00,630.67,"67,997.91"
ID13778,17-Feb-2026,Transfer,"1,874.56",0.00,"65,676.22"
ID13778,03-Apr-2026,Charge,0.00,452.01,"11,131.03"
ID13778,15-Mar-2026,Debit Card,0.00,984.14,"7,853.17"
ID13778,08-Jan-2026,Payment,474.09,0.00,"79,584.07"
ID13778,09-Feb-2026,Payment,0.00,223.24,"77,038.84"
ID13778,14-Feb-2026,ATM Withdrawal,0.00,981.50,"87,784.04"
ID13778,25-Jan-2026,Transfer,0.00,805.15,"14,086.83"
ID13778,18-Feb-2026,Transfer,"1,553.67",0.00,"6,821.66"
ID13778,30-Jan-2026,ATM Withdrawal,0.00,677.47,"56,162.15"
ID13778,13-Feb-2026,Transfer,0.00,"1,283.75","45,045.67"
ID13778,03-Apr-2026,Payment,557.67,0.00,"62,901.33"
ID13778,15-Jan-2026,Direct Deposit,"4,016.95",0.00,"24,530.60"
ID13778,30-Jan-2026,Payment,404.63,0.00,"36,032.20"
ID13778,11-Mar-2026,Interest,297.68,0.00,"4,206.72"
ID13778,03-Apr-2026,Reversal,571.22,0.00,"44,223.90"
ID13779,08-Jan-2026,Debit Card,0.00,754.20,"51,370.71"
ID13779,25-Jan-2026,Charge,0.00,793.34,"59,301.27"
ID13779,20-Jan-2026,Debit Card,0.00,297.25,"22,629.48"
ID13779,16-Jan-2026,Payment,675.63,0.00,"6,956.79"
ID13779,26-Mar-2026,Debit Card,0.00,733.37,"93,611.39"
ID13779,13-Jan-2026,Reversal,0.00,164.28,"9,769.61"
ID13779,18-Mar-2026,Transfer,323.24,0.00,"43,955.46"
ID13779,30-Mar-2026,Debit Card,0.00,856.51,"43,150.69"
ID13779,13-Jan-2026,Charge,0.00,712.01,"67,385.34"
ID13779,26-Feb-2026,Reversal,0.00,"1,159.38","62,060.66"
ID13779,23-Jan-2026,Transfer,0.00,865.22,"56,386.26"
ID13779,28-Mar-2026,Direct Deposit,"4,603.99",0.00,"21,161.89"
ID13779,09-Mar-2026,Interest,207.64,0.00,"36,325.19"
ID13779,06-Feb-2026,ATM Withdrawal,0.00,415.51,"41,518.94"
ID13779,18-Jan-2026,Charge,0.00,651.89,"24,196.74"
ID13779,14-Mar-2026,Charge,0.00,602.27,"41,730.40"
ID13779,15-Jan-2026,Direct Deposit,"1,082.96",0.00,"20,444.43"
ID13779,11-Feb-2026,Payment,0.00,274.58,"85,598.84"
ID13779,25-Mar-2026,Payment,"1,503.38",0.00,"61,872.24"
ID13779,22-Jan-2026,Charge,0.00,121.99,"21,670.91"
ID13780,04-Feb-2026,Interest,452.26,0.00,"51,214.29"
ID13780,14-Jan-2026,Reversal,0.00,636.39,"36,861.07"
ID13780,27-Jan-2026,ATM Withdrawal,0.00,390.48,"43,298.84"
ID13780,21-Jan-2026,Payment,0.00,381.93,"32,209.10"
ID13780,14-Jan-2026,Reversal,"1,177.21",0.00,"88,568.59"
ID13780,31-Mar-2026,Reversal,0.00,998.81,"2,720.45"
ID13780,21-Mar-2026,ATM Withdrawal,0.00,154.55,"42,643.48"
ID13780,13-Jan-2026,Reversal,"1,943.01",0.00,"66,862.95"
ID13780,26-Jan-2026,Reversal,0.00,52.29,"18,489.64"
ID13780,01-Mar-2026,Interest,52.15,0.00,"29,525.90"
ID13780,28-Feb-2026,Transfer,0.00,679.27,"7,977.53"
ID13780,28-Jan-2026,Transfer,"1,236.34",0.00,"16,922.95"
ID13780,07-Jan-2026,Reversal,0.00,803.65,"43,707.20"
ID13780,25-Mar-2026,Transfer,0.00,161.67,"75,215.94"
ID13780,15-Feb-2026,Transfer,0.00,513.78,"10,547.31"
ID13780,24-Mar-2026,Transfer,"1,282.33",0.00,"59,094.05"
ID13780,20-Mar-2026,Charge,0.00,812.81,"29,224.70"
ID13780,22-Jan-2026,Direct Deposit,"1,503.67",0.00,"52,978.38"
ID13780,07-Jan-2026,Charge,0.00,526.82,"72,966.68"
ID13780,28-Jan-2026,Reversal,0.00,559.75,"96,587.29"
ID13781,21-Feb-2026,Interest,192.33,0.00,"20,827.14"
ID13781,12-Feb-2026,ATM Withdrawal,0.00,103.06,"60,414.12"
ID13781,30-Jan-2026,Transfer,346.16,0.00,"21,006.27"
ID13781,26-Jan-2026,Transfer,0.00,"1,276.94","76,566.05"
ID13781,14-Mar-2026,Reversal,0.00,907.15,"40,984.43"
ID13781,09-Feb-2026,Charge,0.00,780.42,"66,232.88"
ID13781,08-Feb-2026,Direct Deposit,"3,243.07",0.00,"99,943.93"
ID13781,24-Mar-2026,Reversal,0.00,279.70,"65,430.52"
ID13781,01-Mar-2026,Debit Card,0.00,773.72,"19,178.96"
ID13781,02-Apr-2026,ATM Withdrawal,0.00,676.93,"54,135.51"
ID13781,08-Mar-2026,Reversal,322.02,0.00,"31,428.68"
ID13781,07-Mar-2026,ATM Withdrawal,0.00,725.20,"51,676.49"
ID13781,09-Jan-2026,Transfer,0.00,702.69,"83,921.75"
ID13781,08-Feb-2026,ATM Withdrawal,0.00,558.17,"13,296.12"
ID13781,09-Mar-2026,Reversal,0.00,176.09,"31,396.52"
ID13781,12-Mar-2026,ATM Withdrawal,0.00,456.33,"77,387.41"
ID13781,05-Feb-2026,Charge,0.00,997.15,"96,782.26"
ID13781,13-Feb-2026,Interest,317.80,0.00,"90,075.73"
ID13781,22-Jan-2026,Payment,0.00,476.92,"95,052.38"
ID13781,24-Mar-2026,Reversal,603.35,0.00,"54,580.64"
ID13782,24-Mar-2026,Reversal,0.00,"1,307.07","90,418.07"
ID13782,03-Jan-2026,Reversal,0.00,643.22,"61,986.62"
ID13782,21-Feb-2026,Payment,710.19,0.00,"73,577.51"
ID13782,20-Jan-2026,Charge,0.00,642.28,"78,606.99"
ID13782,23-Feb-2026,ATM Withdrawal,0.00,616.61,"15,794.28"
ID13782,23-Jan-2026,Reversal,294.24,0.00,"99,701.46"
ID13782,26-Feb-2026,Reversal,0.00,707.38,"16,984.80"
ID13782,04-Mar-2026,Direct Deposit,"3,559.03",0.00,"70,185.88"
ID13782,10-Jan-2026,Debit Card,0.00,521.00,"89,062.20"
ID13782,05-Jan-2026,ATM Withdrawal,0.00,761.91,"76,219.80"
ID13782,27-Mar-2026,ATM Withdrawal,0.00,832.93,"75,182.59"
ID13782,30-Mar-2026,Charge,0.00,582.47,"83,448.35"
ID13782,05-Jan-2026,Charge,0.00,74.67,"18,346.66"
ID13782,24-Mar-2026,Debit Card,0.00,627.75,"88,064.68"
ID13782,30-Mar-2026,Payment,0.00,170.92,"40,196.13"
ID13782,14-Feb-2026,ATM Withdrawal,0.00,443.79,"25,998.72"
ID13782,21-Jan-2026,Interest,450.33,0.00,"93,860.68"
ID13782,04-Feb-2026,Debit Card,0.00,826.50,"5,009.22"
ID13782,13-Mar-2026,Direct Deposit,"1,358.80",0.00,"80,679.56"
ID13782,11-Mar-2026,Direct Deposit,"3,566.32",0.00,"19,495.77"
ID13783,24-Feb-2026,Payment,0.00,445.10,"10,334.70"
ID13783,24-Jan-2026,Interest,14.70,0.00,"34,081.47"
ID13783,17-Feb-2026,Reversal,700.49,0.00,"90,016.26"
ID13783,28-Feb-2026,Interest,51.66,0.00,"64,035.95"
ID13783,31-Mar-2026,Transfer,0.00,585.76,"48,583.58"
ID13783,25-Jan-2026,Reversal,"1,208.49",0.00,"99,911.16"
ID13783,20-Jan-2026,ATM Withdrawal,0.00,697.93,"93,611.45"
ID13783,12-Jan-2026,Debit Card,0.00,67.17,"20,940.74"
ID13783,14-Jan-2026,Interest,254.20,0.00,"53,506.07"
ID13783,23-Mar-2026,Charge,0.00,636.31,"65,099.50"
ID13783,19-Mar-2026,Debit Card,0.00,887.47,"98,981.20"
ID13783,06-Feb-2026,Reversal,0.00,73.27,"48,343.94"
ID13783,07-Jan-2026,Reversal,871.58,0.00,"43,747.77"
ID13783,11-Mar-2026,Direct Deposit,"2,921.81",0.00,"43,509.06"
ID13783,20-Mar-2026,ATM Withdrawal,0.00,225.21,"26,743.88"
ID13783,18-Jan-2026,Direct Deposit,"2,813.21",0.00,"26,066.39"
ID13783,08-Jan-2026,Payment,0.00,479.24,"52,716.54"
ID13783,17-Feb-2026,Transfer,"1,640.58",0.00,"1,449.75"
ID13783,01-Apr-2026,Interest,113.81,0.00,"7,622.62"
ID13783,15-Jan-2026,Direct Deposit,"4,469.74",0.00,"50,556.40"
ID13784,04-Jan-2026,Direct Deposit,"2,873.28",0.00,"46,175.38"
ID13784,01-Feb-2026,Debit Card,0.00,382.94,"64,011.16"
ID13784,22-Feb-2026,Direct Deposit,"3,898.32",0.00,"3,429.25"
ID13784,19-Jan-2026,ATM Withdrawal,0.00,99.85,"94,552.24"
ID13784,30-Mar-2026,Interest,394.17,0.00,"63,664.08"
ID13784,17-Feb-2026,Interest,492.51,0.00,"61,671.45"
ID13784,24-Mar-2026,Reversal,0.00,427.02,"97,783.97"
ID13784,02-Apr-2026,Reversal,0.00,"1,379.66","80,277.45"
ID13784,29-Mar-2026,Payment,0.00,890.74,"51,268.39"
ID13784,23-Jan-2026,Debit Card,0.00,805.97,"71,277.17"
ID13784,19-Feb-2026,Interest,318.61,0.00,"82,230.53"
ID13784,19-Jan-2026,Direct Deposit,"2,580.69",0.00,"9,277.13"
ID13784,07-Feb-2026,Direct Deposit,"1,935.21",0.00,"30,460.68"
ID13784,18-Mar-2026,Debit Card,0.00,219.79,"42,029.54"
ID13784,12-Mar-2026,Payment,0.00,773.74,"20,645.25"
ID13784,08-Jan-2026,Transfer,991.39,0.00,"5,427.48"
ID13784,21-Feb-2026,Debit Card,0.00,466.11,"29,065.92"
ID13784,03-Mar-2026,ATM Withdrawal,0.00,442.04,"25,023.67"
ID13784,18-Feb-2026,Debit Card,0.00,200.92,"46,342.80"
ID13784,03-Mar-2026,Interest,332.10,0.00,"2,107.53"
ID13785,24-Jan-2026,Debit Card,0.00,134.58,"4,858.75"
ID13785,07-Mar-2026,Transfer,0.00,710.39,"58,212.33"
ID13785,17-Jan-2026,Interest,395.45,0.00,"96,295.92"
ID13785,12-Jan-2026,Transfer,919.46,0.00,"29,160.96"
ID13785,18-Jan-2026,Direct Deposit,828.72,0.00,"90,400.71"
ID13785,24-Mar-2026,Interest,251.02,0.00,"19,927.22"
ID13785,17-Feb-2026,ATM Withdrawal,0.00,326.04,"63,138.19"
ID13785,12-Mar-2026,Direct Deposit,"1,962.32",0.00,"61,127.16"
ID13785,14-Mar-2026,Payment,0.00,"1,436.79","81,779.64"
ID13785,22-Mar-2026,Reversal,0.00,505.49,"22,493.47"
ID13785,26-Jan-2026,Interest,314.29,0.00,"3,741.55"
ID13785,06-Feb-2026,Interest,20.27,0.00,"58,727.31"
ID13785,26-Mar-2026,Direct Deposit,"3,083.58",0.00,"46,823.32"
ID13785,29-Jan-2026,Transfer,0.00,582.26,"61,901.51"
ID13785,18-Jan-2026,ATM Withdrawal,0.00,661.19,"74,624.52"
ID13785,01-Feb-2026,Interest,159.84,0.00,"99,263.57"
ID13785,06-Mar-2026,ATM Withdrawal,0.00,270.81,"6,565.83"
ID13785,04-Jan-2026,Transfer,0.00,952.59,"42,534.17"
ID13785,21-Jan-2026,Reversal,"1,832.08",0.00,"44,571.79"
ID13785,04-Feb-2026,Debit Card,0.00,37.93,"85,592.47"
ID13786,18-Jan-2026,Interest,227.22,0.00,"66,203.15"
ID13786,27-Mar-2026,Reversal,0.00,235.45,"99,916.78"
ID13786,02-Apr-2026,Charge,0.00,941.34,"93,589.88"
ID13786,10-Jan-2026,Direct Deposit,"1,010.92",0.00,"73,497.94"
ID13786,16-Feb-2026,Transfer,0.00,643.11,"62,321.80"
ID13786,19-Feb-2026,ATM Withdrawal,0.00,731.22,"61,497.78"
ID13786,21-Feb-2026,Debit Card,0.00,180.45,"9,765.50"
ID13786,08-Mar-2026,ATM Withdrawal,0.00,840.02,"69,924.58"
ID13786,05-Jan-2026,Reversal,849.15,0.00,"15,490.52"
ID13786,17-Feb-2026,Debit Card,0.00,429.62,"87,026.69"
ID13786,30-Jan-2026,Debit Card,0.00,447.50,"37,561.55"
ID13786,11-Jan-2026,Transfer,541.39,0.00,"44,439.11"
ID13786,10-Mar-2026,Debit Card,0.00,903.82,"40,867.47"
ID13786,25-Feb-2026,Debit Card,0.00,94.78,"94,940.50"
ID13786,02-Apr-2026,Interest,127.85,0.00,"22,471.88"
ID13786,15-Feb-2026,Charge,0.00,832.18,"68,257.30"
ID13786,09-Feb-2026,Interest,169.91,0.00,"59,993.97"
ID13786,29-Jan-2026,Interest,283.98,0.00,"86,210.40"
ID13786,25-Jan-2026,ATM Withdrawal,0.00,534.82,"67,900.13"
ID13786,26-Feb-2026,Debit Card,0.00,50.09,"93,351.02"
ID13787,24-Mar-2026,Reversal,195.60,0.00,"9,824.85"
ID13787,14-Mar-2026,Charge,0.00,992.17,"6,811.43"
ID13787,27-Mar-2026,Direct Deposit,"2,374.34",0.00,"77,601.76"
ID13787,23-Jan-2026,Charge,0.00,955.70,"3,885.94"
ID13787,25-Mar-2026,Direct Deposit,"2,830.54",0.00,"94,331.97"
ID13787,21-Jan-2026,Reversal,0.00,426.72,"58,277.06"
ID13787,03-Apr-2026,Payment,0.00,"1,481.44","65,422.18"
ID13787,29-Mar-2026,Debit Card,0.00,43.81,"32,009.50"
ID13787,14-Mar-2026,Direct Deposit,"2,205.81",0.00,"45,589.85"
ID13787,03-Jan-2026,Direct Deposit,"3,991.86",0.00,"49,070.79"
ID13787,30-Mar-2026,Reversal,0.00,966.74,"28,205.59"
ID13787,12-Mar-2026,Interest,105.28,0.00,"43,654.48"
ID13787,08-Jan-2026,Interest,96.23,0.00,"94,282.42"
ID13787,23-Mar-2026,Direct Deposit,"3,414.68",0.00,"6,324.95"
ID13787,04-Feb-2026,Reversal,563.24,0.00,"28,704.87"
ID13787,14-Mar-2026,Debit Card,0.00,494.02,"79,071.42"
ID13787,19-Mar-2026,Reversal,"1,456.52",0.00,"29,723.59"
ID13787,24-Jan-2026,Reversal,0.00,"1,161.52","25,151.21"
ID13787,21-Feb-2026,Direct Deposit,"3,851.72",0.00,"48,631.46"
ID13787,03-Jan-2026,Interest,76.00,0.00,"29,462.79"
ID13788,23-Feb-2026,Charge,0.00,757.70,"57,007.77"
ID13788,22-Jan-2026,Charge,0.00,646.94,"98,452.34"
ID13788,25-Jan-2026,Interest,413.77,0.00,"28,193.35"
ID13788,22-Jan-2026,Transfer,0.00,732.03,"21,485.99"
ID13788,12-Jan-2026,Charge,0.00,772.98,"26,179.15"
ID13788,17-Jan-2026,Transfer,0.00,62.75,"99,200.25"
ID13788,17-Feb-2026,Interest,126.56,0.00,"42,763.55"
ID13788,24-Mar-2026,Transfer,0.00,"1,015.71","45,236.26"
ID13788,26-Mar-2026,Reversal,0.00,227.79,"38,943.08"
ID13788,15-Feb-2026,Payment,0.00,289.20,"79,812.06"
ID13788,18-Mar-2026,Interest,323.59,0.00,"41,605.17"
ID13788,20-Feb-2026,Payment,0.00,985.44,"9,989.54"
ID13788,06-Jan-2026,Transfer,"1,070.49",0.00,"66,363.14"
ID13788,05-Feb-2026,Debit Card,0.00,83.87,"68,106.09"
ID13788,25-Feb-2026,Charge,0.00,109.45,"96,616.66"
ID13788,31-Mar-2026,Payment,"1,372.53",0.00,"20,614.74"
ID13788,29-Mar-2026,Reversal,0.00,934.01,"55,613.37"
ID13788,27-Mar-2026,Direct Deposit,"2,261.03",0.00,"22,249.11"
ID13788,17-Mar-2026,Interest,244.35,0.00,"25,278.03"
ID13788,08-Feb-2026,Interest,278.12,0.00,"77,978.12"
ID13789,19-Jan-2026,Reversal,0.00,762.24,"34,496.62"
ID13789,16-Feb-2026,Charge,0.00,78.50,"67,191.31"
ID13789,24-Feb-2026,Direct Deposit,"3,037.31",0.00,"7,143.69"
ID13789,14-Jan-2026,Reversal,0.00,920.94,"55,939.89"
ID13789,11-Mar-2026,Reversal,0.00,"1,479.94","54,033.76"
ID13789,24-Feb-2026,Debit Card,0.00,163.29,"64,555.76"
ID13789,23-Jan-2026,Payment,0.00,938.18,"97,077.18"
ID13789,12-Jan-2026,Charge,0.00,541.41,"28,578.36"
ID13789,24-Feb-2026,Debit Card,0.00,617.85,"39,132.73"
ID13789,10-Jan-2026,Charge,0.00,822.54,"69,628.67"
ID13789,24-Mar-2026,Reversal,830.23,0.00,"92,661.34"
ID13789,31-Jan-2026,Charge,0.00,912.81,"27,999.15"
ID13789,27-Mar-2026,ATM Withdrawal,0.00,43.99,"60,262.82"
ID13789,02-Apr-2026,Interest,394.41,0.00,"5,240.06"
ID13789,11-Jan-2026,Transfer,0.00,479.45,"92,416.74"
ID13789,07-Jan-2026,Debit Card,0.00,82.25,"69,786.89"
ID13789,05-Jan-2026,ATM Withdrawal,0.00,49.75,"3,687.87"
ID13789,28-Feb-2026,Debit Card,0.00,104.12,"77,759.91"
ID13789,05-Jan-2026,Debit Card,0.00,435.82,"33,094.85"
ID13789,07-Jan-2026,Reversal,"1,621.15",0.00,"13,679.00"
ID13790,05-Jan-2026,Interest,27.23,0.00,"89,813.90"
ID13790,08-Feb-2026,Direct Deposit,924.02,0.00,"4,492.85"
ID13790,05-Jan-2026,Interest,54.40,0.00,"67,919.13"
ID13790,12-Jan-2026,Reversal,"1,744.00",0.00,"29,445.85"
ID13790,11-Mar-2026,Payment,"1,835.07",0.00,"89,851.33"
ID13790,10-Feb-2026,ATM Withdrawal,0.00,977.27,"84,708.66"
ID13790,02-Feb-2026,ATM Withdrawal,0.00,57.07,"90,941.24"
ID13790,08-Mar-2026,ATM Withdrawal,0.00,989.83,"35,285.02"
ID13790,21-Feb-2026,Charge,0.00,31.39,"68,907.40"
ID13790,10-Mar-2026,Debit Card,0.00,644.95,"97,830.80"
ID13790,08-Jan-2026,Interest,113.30,0.00,"10,187.61"
ID13790,03-Feb-2026,Interest,67.90,0.00,"34,858.23"
ID13790,11-Mar-2026,Payment,0.00,374.99,"41,732.14"
ID13790,04-Mar-2026,ATM Withdrawal,0.00,439.25,"34,949.13"
ID13790,17-Mar-2026,Direct Deposit,"3,745.25",0.00,"83,948.45"
ID13790,04-Mar-2026,Payment,0.00,"1,454.20","93,685.66"
ID13790,02-Feb-2026,Transfer,639.60,0.00,"3,516.44"
ID13790,26-Mar-2026,Interest,494.53,0.00,"49,762.94"
ID13790,14-Mar-2026,Reversal,0.00,318.13,"44,883.02"
ID13790,29-Jan-2026,Direct Deposit,"1,825.16",0.00,"81,240.01"
ID13791,07-Feb-2026,ATM Withdrawal,0.00,57.81,"87,141.41"
ID13791,28-Feb-2026,Interest,289.11,0.00,"60,804.93"
ID13791,09-Jan-2026,ATM Withdrawal,0.00,654.38,"36,897.60"
ID13791,11-Jan-2026,Reversal,"1,064.16",0.00,"29,003.51"
ID13791,17-Mar-2026,Reversal,0.00,620.65,"86,942.86"
ID13791,17-Feb-2026,Direct Deposit,"1,705.12",0.00,"35,410.34"
ID13791,09-Mar-2026,ATM Withdrawal,0.00,43.41,"78,059.10"
ID13791,26-Feb-2026,Payment,0.00,969.19,"26,650.21"
ID13791,23-Jan-2026,Interest,117.40,0.00,"27,548.91"
ID13791,05-Jan-2026,Debit Card,0.00,885.94,"92,769.66"
ID13791,18-Feb-2026,Direct Deposit,879.42,0.00,"87,801.48"
ID13791,01-Feb-2026,Reversal,"1,712.75",0.00,"84,866.21"
ID13791,09-Feb-2026,Reversal,707.00,0.00,"81,978.37"
ID13791,26-Jan-2026,Transfer,"1,925.07",0.00,"9,789.70"
ID13791,05-Feb-2026,Direct Deposit,"2,902.75",0.00,"10,731.79"
ID13791,19-Feb-2026,Direct Deposit,"3,070.64",0.00,"26,822.30"
ID13791,05-Mar-2026,Transfer,"1,890.73",0.00,"97,113.84"
ID13791,27-Jan-2026,Reversal,"1,523.12",0.00,"80,348.28"
ID13791,19-Mar-2026,Interest,300.63,0.00,"83,647.92"
ID13791,19-Jan-2026,Charge,0.00,10.82,"67,815.77"
ID13792,19-Mar-2026,Interest,485.05,0.00,"1,655.53"
ID13792,22-Feb-2026,Reversal,"1,456.98",0.00,"97,723.53"
ID13792,15-Mar-2026,Reversal,0.00,525.84,"46,050.92"
ID13792,21-Mar-2026,Payment,"1,510.60",0.00,"29,691.46"
ID13792,04-Jan-2026,Transfer,710.34,0.00,"94,521.53"
ID13792,05-Jan-2026,ATM Withdrawal,0.00,288.11,"57,941.43"
ID13792,07-Jan-2026,Interest,368.27,0.00,"70,302.02"
ID13792,29-Jan-2026,Transfer,"1,210.50",0.00,"43,901.01"
ID13792,14-Jan-2026,ATM Withdrawal,0.00,195.26,"76,061.93"
ID13792,06-Mar-2026,ATM Withdrawal,0.00,57.50,"92,008.33"
ID13792,15-Jan-2026,Reversal,0.00,"1,199.22","92,914.78"
ID13792,28-Mar-2026,Interest,157.77,0.00,"71,976.07"
ID13792,28-Mar-2026,Transfer,0.00,490.57,"82,762.93"
ID13792,24-Mar-2026,Interest,274.90,0.00,"48,288.04"
ID13792,09-Mar-2026,Payment,"1,082.69",0.00,"6,465.88"
ID13792,05-Jan-2026,Direct Deposit,"2,105.48",0.00,"11,957.63"
ID13792,19-Feb-2026,ATM Withdrawal,0.00,989.21,"72,520.48"
ID13792,17-Mar-2026,Interest,187.16,0.00,"31,501.07"
ID13792,19-Jan-2026,ATM Withdrawal,0.00,524.02,"75,653.92"
ID13792,16-Feb-2026,Direct Deposit,"2,117.28",0.00,"4,764.48"
ID13793,07-Feb-2026,ATM Withdrawal,0.00,864.02,"85,139.74"
ID13793,09-Jan-2026,ATM Withdrawal,0.00,701.44,"48,144.32"
ID13793,14-Jan-2026,Transfer,"1,671.19",0.00,"34,468.30"
ID13793,05-Feb-2026,Charge,0.00,128.14,"32,088.56"
ID13793,10-Feb-2026,Charge,0.00,833.15,"94,154.00"
ID13793,04-Mar-2026,Payment,0.00,60.24,"92,866.35"
ID13793,19-Feb-2026,Reversal,"1,606.19",0.00,"36,126.68"
ID13793,22-Jan-2026,Payment,"1,027.04",0.00,"44,834.23"
ID13793,22-Feb-2026,Interest,264.69,0.00,"13,261.29"
ID13793,04-Jan-2026,Payment,0.00,545.41,"57,109.40"
ID13793,30-Mar-2026,ATM Withdrawal,0.00,492.43,"56,746.48"
ID13793,02-Apr-2026,Direct Deposit,"3,668.62",0.00,"97,352.57"
ID13793,10-Jan-2026,Debit Card,0.00,322.66,"89,132.22"
ID13793,29-Jan-2026,Transfer,0.00,937.33,"58,939.49"
ID13793,28-Jan-2026,Transfer,0.00,160.52,"65,451.60"
ID13793,27-Mar-2026,Charge,0.00,190.02,"97,278.36"
ID13793,14-Jan-2026,Direct Deposit,"4,952.64",0.00,"51,925.46"
ID13793,11-Feb-2026,Transfer,0.00,862.75,"81,229.46"
ID13793,14-Feb-2026,Debit Card,0.00,240.78,"94,058.98"
ID13793,19-Jan-2026,Reversal,0.00,"1,353.02","43,801.69"
ID13794,10-Feb-2026,Interest,376.83,0.00,"86,602.41"
ID13794,30-Jan-2026,Reversal,0.00,180.86,"40,647.75"
ID13794,11-Jan-2026,Interest,198.72,0.00,"25,618.13"
ID13794,27-Feb-2026,Reversal,0.00,316.63,"55,764.38"
ID13794,25-Jan-2026,Interest,454.07,0.00,"51,391.95"
ID13794,30-Jan-2026,Interest,206.13,0.00,"85,739.08"
ID13794,18-Feb-2026,ATM Withdrawal,0.00,989.50,"15,281.53"
ID13794,16-Feb-2026,Direct Deposit,"2,969.01",0.00,"35,755.75"
ID13794,03-Apr-2026,ATM Withdrawal,0.00,102.79,"36,420.51"
ID13794,15-Feb-2026,Reversal,0.00,804.73,"43,008.64"
ID13794,10-Feb-2026,Transfer,426.00,0.00,"78,282.95"
ID13794,10-Jan-2026,Debit Card,0.00,765.06,"21,325.21"
ID13794,24-Jan-2026,Payment,547.82,0.00,"62,871.13"
ID13794,07-Feb-2026,Charge,0.00,763.19,"29,366.97"
ID13794,09-Feb-2026,Reversal,"1,356.54",0.00,"21,431.75"
ID13794,18-Jan-2026,Payment,"1,192.47",0.00,"25,004.45"
ID13794,02-Feb-2026,Interest,499.35,0.00,"21,455.27"
ID13794,28-Jan-2026,ATM Withdrawal,0.00,686.23,"30,147.27"
ID13794,05-Mar-2026,Transfer,0.00,"1,115.93","60,283.05"
ID13794,29-Jan-2026,Transfer,416.72,0.00,"60,479.91"
ID13795,28-Jan-2026,Transfer,"1,984.75",0.00,"55,067.14"
ID13795,03-Jan-2026,Payment,0.00,912.39,"57,224.20"
ID13795,29-Jan-2026,ATM Withdrawal,0.00,953.13,"97,428.24"
ID13795,30-Mar-2026,ATM Withdrawal,0.00,845.75,"30,814.74"
ID13795,19-Feb-2026,Payment,0.00,976.98,"47,712.20"
ID13795,24-Feb-2026,Transfer,0.00,778.00,"23,754.48"
ID13795,22-Jan-2026,Direct Deposit,"2,643.05",0.00,"10,837.78"
ID13795,15-Mar-2026,Payment,0.00,"1,321.46","85,993.84"
ID13795,20-Feb-2026,Interest,427.64,0.00,"42,220.05"
ID13795,13-Jan-2026,Transfer,"1,901.54",0.00,"22,281.45"
ID13795,20-Feb-2026,Charge,0.00,879.01,"46,071.80"
ID13795,21-Jan-2026,Reversal,0.00,"1,208.74","34,493.49"
ID13795,12-Feb-2026,Interest,174.85,0.00,"65,636.07"
ID13795,12-Mar-2026,Direct Deposit,"1,017.45",0.00,"32,368.14"
ID13795,29-Jan-2026,Debit Card,0.00,421.79,"82,996.16"
ID13795,02-Feb-2026,Interest,490.23,0.00,"69,790.06"
ID13795,21-Jan-2026,Reversal,0.00,167.08,"85,931.52"
ID13795,15-Feb-2026,Charge,0.00,640.01,"63,359.30"
ID13795,10-Feb-2026,ATM Withdrawal,0.00,566.71,"49,370.65"
ID13795,18-Feb-2026,Transfer,389.72,0.00,"88,087.82"
ID13796,20-Feb-2026,Charge,0.00,225.77,"29,106.75"
ID13796,27-Feb-2026,Interest,291.55,0.00,"3,745.38"
ID13796,14-Feb-2026,Reversal,0.00,"1,239.98","21,465.79"
ID13796,10-Jan-2026,Charge,0.00,221.65,"18,484.07"
ID13796,08-Jan-2026,Charge,0.00,781.78,"79,341.85"
ID13796,25-Feb-2026,Charge,0.00,680.77,"75,625.66"
ID13796,26-Jan-2026,Payment,0.00,"1,014.82","94,490.82"
ID13796,05-Mar-2026,Debit Card,0.00,726.46,"53,446.29"
ID13796,12-Feb-2026,Interest,450.55,0.00,"88,522.10"
ID13796,04-Feb-2026,Reversal,678.79,0.00,"2,559.81"
ID13796,13-Feb-2026,Direct Deposit,950.49,0.00,"77,350.23"
ID13796,07-Mar-2026,Charge,0.00,35.80,"2,350.37"
ID13796,18-Feb-2026,Interest,69.77,0.00,"87,852.30"
ID13796,11-Mar-2026,Charge,0.00,457.60,"66,649.81"
ID13796,19-Feb-2026,Transfer,0.00,100.94,"93,862.86"
ID13796,16-Feb-2026,Charge,0.00,278.42,"91,107.36"
ID13796,28-Feb-2026,Payment,0.00,373.49,"95,350.22"
ID13796,07-Jan-2026,Transfer,789.25,0.00,"58,594.72"
ID13796,01-Mar-2026,Debit Card,0.00,439.08,"29,264.88"
ID13796,19-Jan-2026,ATM Withdrawal,0.00,75.18,"90,496.82"
ID13797,14-Jan-2026,Payment,"1,427.41",0.00,"50,077.71"
ID13797,13-Feb-2026,Direct Deposit,"3,312.83",0.00,"24,465.67"
ID13797,16-Feb-2026,Direct Deposit,"4,523.31",0.00,"10,417.05"
ID13797,23-Feb-2026,Transfer,0.00,494.97,"26,379.86"
ID13797,14-Jan-2026,Reversal,0.00,742.69,"26,395.77"
ID13797,28-Jan-2026,Transfer,"1,965.86",0.00,"71,012.29"
ID13797,26-Mar-2026,ATM Withdrawal,0.00,758.56,"89,760.90"
ID13797,25-Mar-2026,Charge,0.00,389.61,"45,965.32"
ID13797,02-Feb-2026,Reversal,0.00,"1,012.29","26,003.03"
ID13797,12-Mar-2026,Interest,269.42,0.00,"16,133.90"
ID13797,27-Mar-2026,Charge,0.00,320.22,"38,567.46"
ID13797,01-Mar-2026,Interest,431.82,0.00,"51,985.92"
ID13797,23-Feb-2026,Charge,0.00,897.58,"10,135.59"
ID13797,16-Mar-2026,Debit Card,0.00,424.03,"50,903.73"
ID13797,02-Feb-2026,Charge,0.00,730.84,"14,519.86"
ID13797,21-Feb-2026,Transfer,318.17,0.00,"26,972.04"
ID13797,08-Mar-2026,Direct Deposit,"2,352.21",0.00,"84,792.71"
ID13797,24-Mar-2026,Debit Card,0.00,53.76,"15,465.92"
ID13797,28-Feb-2026,Reversal,0.00,"1,064.25","23,504.88"
ID13797,24-Jan-2026,Charge,0.00,621.76,"82,730.00"
ID13798,08-Jan-2026,ATM Withdrawal,0.00,199.45,"65,239.95"
ID13798,16-Feb-2026,Debit Card,0.00,11.73,"49,525.38"
ID13798,19-Mar-2026,Charge,0.00,977.75,"31,560.28"
ID13798,24-Mar-2026,Charge,0.00,564.24,"35,393.45"
ID13798,24-Mar-2026,Debit Card,0.00,545.35,"69,565.40"
ID13798,15-Feb-2026,Charge,0.00,632.18,"49,395.45"
ID13798,20-Mar-2026,ATM Withdrawal,0.00,309.30,"30,591.07"
ID13798,06-Jan-2026,Reversal,965.65,0.00,"56,791.06"
ID13798,09-Jan-2026,Transfer,0.00,99.14,"18,871.55"
ID13798,08-Mar-2026,Payment,"1,498.33",0.00,"16,228.05"
ID13798,07-Jan-2026,Direct Deposit,"1,754.45",0.00,"56,415.54"
ID13798,16-Jan-2026,Debit Card,0.00,434.51,"59,129.03"
ID13798,02-Apr-2026,ATM Withdrawal,0.00,482.02,"6,124.56"
ID13798,31-Jan-2026,Payment,495.99,0.00,"76,267.43"
ID13798,27-Feb-2026,Reversal,0.00,652.16,"11,690.77"
ID13798,30-Jan-2026,Debit Card,0.00,259.69,"27,524.48"
ID13798,02-Apr-2026,Interest,180.79,0.00,"75,245.49"
ID13798,03-Mar-2026,Direct Deposit,"1,967.42",0.00,"42,819.70"
ID13798,30-Jan-2026,Interest,282.43,0.00,"26,823.33"
ID13798,07-Mar-2026,Payment,"1,881.41",0.00,"46,666.70"
ID13799,23-Feb-2026,Interest,111.48,0.00,"37,571.60"
ID13799,24-Mar-2026,Interest,272.20,0.00,"17,899.55"
ID13799,31-Jan-2026,Interest,439.73,0.00,"68,882.88"
ID13799,17-Mar-2026,Reversal,638.46,0.00,"79,883.83"
ID13799,26-Mar-2026,ATM Withdrawal,0.00,317.63,"18,770.56"
ID13799,18-Mar-2026,Interest,191.58,0.00,"47,627.50"
ID13799,31-Jan-2026,Debit Card,0.00,760.76,"29,914.08"
ID13799,04-Feb-2026,ATM Withdrawal,0.00,936.56,"44,794.61"
ID13799,03-Mar-2026,Debit Card,0.00,660.70,"52,485.78"
ID13799,11-Feb-2026,Charge,0.00,807.53,"43,552.57"
ID13799,12-Jan-2026,Transfer,"1,943.06",0.00,"76,310.67"
ID13799,21-Mar-2026,Transfer,0.00,689.61,"19,646.24"
ID13799,17-Mar-2026,Charge,0.00,261.00,"93,771.01"
ID13799,15-Mar-2026,Interest,303.51,0.00,"41,601.82"
ID13799,25-Feb-2026,Payment,"1,216.05",0.00,"77,217.35"
ID13799,06-Mar-2026,ATM Withdrawal,0.00,702.15,"27,565.62"
ID13799,07-Feb-2026,Direct Deposit,"3,177.70",0.00,"44,587.05"
ID13799,04-Mar-2026,Interest,321.94,0.00,"46,601.78"
ID13799,14-Feb-2026,Debit Card,0.00,641.74,"34,458.54"
ID13799,29-Jan-2026,Debit Card,0.00,155.13,"15,670.89"
ID13800,17-Feb-2026,Transfer,551.60,0.00,"73,551.51"
ID13800,05-Mar-2026,ATM Withdrawal,0.00,966.63,"65,557.21"
ID13800,03-Feb-2026,Charge,0.00,671.60,"79,352.97"
ID13800,21-Jan-2026,Payment,0.00,"1,273.22","70,593.91"
ID13800,18-Jan-2026,Debit Card,0.00,846.91,"44,960.99"
ID13800,29-Jan-2026,Reversal,0.00,285.34,"71,443.29"
ID13800,06-Jan-2026,Interest,491.96,0.00,"42,699.55"
ID13800,18-Feb-2026,Charge,0.00,438.22,"35,518.52"
ID13800,15-Jan-2026,Debit Card,0.00,58.42,"95,206.35"
ID13800,05-Jan-2026,Direct Deposit,"3,629.50",0.00,"3,101.23"
ID13800,22-Jan-2026,Debit Card,0.00,500.50,"88,461.30"
ID13800,15-Feb-2026,Transfer,"1,681.68",0.00,"95,108.03"
ID13800,16-Mar-2026,Payment,0.00,193.39,"21,111.11"
ID13800,18-Mar-2026,Interest,491.29,0.00,"26,838.59"
ID13800,01-Mar-2026,Reversal,"1,374.43",0.00,"85,225.06"
ID13800,09-Jan-2026,Transfer,722.83,0.00,"87,515.46"
ID13800,13-Mar-2026,Interest,88.92,0.00,"10,613.41"
ID13800,12-Feb-2026,Debit Card,0.00,10.43,"47,504.73"
ID13800,23-Feb-2026,ATM Withdrawal,0.00,939.34,"97,759.91"
ID13800,02-Feb-2026,Debit Card,0.00,362.49,"4,057.72"
ID13801,14-Mar-2026,ATM Withdrawal,0.00,132.74,"67,158.25"
ID13801,10-Mar-2026,ATM Withdrawal,0.00,169.02,"39,573.09"
ID13801,24-Feb-2026,Reversal,"1,132.53",0.00,"63,095.23"
ID13801,23-Mar-2026,Direct Deposit,"4,166.38",0.00,"6,625.13"
ID13801,28-Jan-2026,Payment,221.72,0.00,"84,882.97"
ID13801,18-Feb-2026,Direct Deposit,"3,544.55",0.00,"74,642.78"
ID13801,26-Jan-2026,ATM Withdrawal,0.00,38.33,"67,932.78"
ID13801,17-Jan-2026,Debit Card,0.00,278.03,"65,003.91"
ID13801,11-Mar-2026,Debit Card,0.00,125.72,"77,295.60"
ID13801,23-Feb-2026,Charge,0.00,325.27,"52,812.10"
ID13801,10-Jan-2026,Debit Card,0.00,633.74,"69,221.25"
ID13801,18-Mar-2026,Interest,336.68,0.00,"84,380.09"
ID13801,03-Feb-2026,ATM Withdrawal,0.00,154.79,"33,358.47"
ID13801,25-Feb-2026,Debit Card,0.00,719.40,"66,667.05"
ID13801,29-Mar-2026,Interest,479.09,0.00,"27,734.32"
ID13801,26-Feb-2026,Debit Card,0.00,406.56,"5,686.25"
ID13801,27-Feb-2026,Payment,0.00,648.89,"30,121.43"
ID13801,01-Feb-2026,Reversal,0.00,"1,099.39","68,580.32"
ID13801,05-Feb-2026,Direct Deposit,"2,564.96",0.00,"5,374.29"
ID13801,28-Mar-2026,Interest,426.06,0.00,"98,054.87"
ID13802,05-Mar-2026,Direct Deposit,"2,320.90",0.00,"81,946.97"
ID13802,25-Mar-2026,Debit Card,0.00,77.78,"11,741.13"
ID13802,18-Jan-2026,ATM Withdrawal,0.00,895.38,"30,476.56"
ID13802,26-Jan-2026,Charge,0.00,637.31,"69,626.72"
ID13802,02-Apr-2026,Reversal,"1,015.23",0.00,"41,876.08"
ID13802,27-Feb-2026,ATM Withdrawal,0.00,620.16,"78,404.47"
ID13802,04-Feb-2026,Direct Deposit,"4,850.65",0.00,"53,601.79"
ID13802,20-Mar-2026,Transfer,833.23,0.00,"15,078.99"
ID13802,25-Feb-2026,Debit Card,0.00,837.19,"84,176.45"
ID13802,02-Apr-2026,Direct Deposit,"3,477.23",0.00,"29,066.56"
ID13802,29-Mar-2026,Reversal,0.00,695.01,"58,114.12"
ID13802,04-Jan-2026,Direct Deposit,880.88,0.00,"53,042.73"
ID13802,20-Mar-2026,Interest,377.22,0.00,"11,525.02"
ID13802,03-Mar-2026,Debit Card,0.00,523.22,"40,885.22"
ID13802,03-Jan-2026,Transfer,0.00,253.67,"95,850.02"
ID13802,16-Feb-2026,Charge,0.00,462.62,"10,070.70"
ID13802,25-Mar-2026,Charge,0.00,319.87,"87,287.96"
ID13802,13-Feb-2026,Interest,448.89,0.00,"68,329.67"
ID13802,30-Mar-2026,Reversal,0.00,"1,444.34","4,276.07"
ID13802,31-Mar-2026,Charge,0.00,78.07,"28,016.01"
ID13803,26-Feb-2026,Debit Card,0.00,848.79,"44,446.08"
ID13803,12-Jan-2026,Charge,0.00,917.97,"68,563.54"
ID13803,21-Mar-2026,Transfer,0.00,261.34,"37,175.53"
ID13803,02-Apr-2026,ATM Withdrawal,0.00,818.58,"94,125.67"
ID13803,18-Feb-2026,Payment,917.84,0.00,"21,353.24"
ID13803,06-Feb-2026,Direct Deposit,"3,989.45",0.00,"64,496.76"
ID13803,12-Mar-2026,Charge,0.00,861.61,"41,166.21"
ID13803,19-Feb-2026,Charge,0.00,507.78,"68,068.03"
ID13803,18-Jan-2026,Transfer,0.00,"1,012.22","86,642.82"
ID13803,30-Jan-2026,Transfer,"1,850.25",0.00,"38,079.45"
ID13803,22-Jan-2026,Direct Deposit,"4,176.01",0.00,"64,427.45"
ID13803,31-Mar-2026,Charge,0.00,683.45,"14,119.16"
ID13803,21-Feb-2026,Debit Card,0.00,381.03,"45,468.49"
ID13803,18-Feb-2026,Payment,355.18,0.00,"63,496.77"
ID13803,04-Feb-2026,Interest,256.79,0.00,"62,817.27"
ID13803,03-Jan-2026,ATM Withdrawal,0.00,113.94,"97,744.12"
ID13803,02-Mar-2026,Payment,0.00,"1,222.77","27,051.40"
ID13803,03-Mar-2026,Direct Deposit,661.16,0.00,"76,431.57"
ID13803,30-Mar-2026,Debit Card,0.00,453.93,"16,736.24"
ID13803,18-Mar-2026,Charge,0.00,167.55,"44,284.28"
ID13804,06-Mar-2026,Reversal,0.00,"1,345.94","11,135.55"
ID13804,17-Jan-2026,Payment,"1,413.34",0.00,"74,167.19"
ID13804,24-Mar-2026,ATM Withdrawal,0.00,328.29,"38,140.54"
ID13804,03-Mar-2026,Debit Card,0.00,754.47,"94,109.23"
ID13804,22-Jan-2026,Debit Card,0.00,629.72,"96,817.70"
ID13804,06-Mar-2026,Interest,234.44,0.00,"90,335.06"
ID13804,23-Feb-2026,Debit Card,0.00,775.45,"22,735.69"
ID13804,14-Jan-2026,Payment,0.00,"1,213.71","95,989.97"
ID13804,09-Mar-2026,Reversal,0.00,"1,293.45","7,125.35"
ID13804,08-Feb-2026,Reversal,"1,576.53",0.00,"23,717.01"
ID13804,03-Feb-2026,Direct Deposit,"2,108.37",0.00,"78,344.13"
ID13804,18-Mar-2026,Reversal,"1,330.01",0.00,"58,055.44"
ID13804,03-Feb-2026,Charge,0.00,800.10,"99,621.78"
ID13804,28-Jan-2026,Payment,0.00,"1,209.52","95,598.28"
ID13804,26-Jan-2026,Transfer,652.98,0.00,"59,925.82"
ID13804,13-Feb-2026,Debit Card,0.00,503.34,"55,117.56"
ID13804,07-Jan-2026,Reversal,"1,250.71",0.00,"17,166.89"
ID13804,27-Feb-2026,Charge,0.00,218.19,"75,280.01"
ID13804,08-Mar-2026,Debit Card,0.00,188.83,"75,625.20"
ID13804,15-Jan-2026,Interest,299.31,0.00,"31,667.06"
ID13805,05-Mar-2026,Reversal,910.42,0.00,"57,238.59"
ID13805,21-Mar-2026,Reversal,870.94,0.00,"10,447.26"
ID13805,26-Mar-2026,Payment,0.00,"1,246.72","47,379.20"
ID13805,11-Feb-2026,Charge,0.00,83.01,"25,162.10"
ID13805,15-Jan-2026,Debit Card,0.00,253.21,"72,786.69"
ID13805,26-Feb-2026,Direct Deposit,"2,975.23",0.00,"64,840.46"
ID13805,23-Mar-2026,Charge,0.00,984.87,"48,893.30"
ID13805,25-Feb-2026,Reversal,0.00,318.19,"90,483.33"
ID13805,13-Jan-2026,Charge,0.00,944.27,"37,625.92"
ID13805,11-Feb-2026,Interest,17.81,0.00,"64,383.93"
ID13805,29-Mar-2026,Reversal,"1,469.74",0.00,"33,992.90"
ID13805,06-Jan-2026,Charge,0.00,445.55,"64,091.85"
ID13805,04-Mar-2026,Transfer,0.00,"1,075.45","90,617.04"
ID13805,15-Mar-2026,Charge,0.00,524.14,"48,389.82"
ID13805,10-Jan-2026,Payment,0.00,648.00,"77,169.75"
ID13805,15-Feb-2026,Reversal,0.00,"1,374.07","21,799.56"
ID13805,11-Mar-2026,Reversal,0.00,720.30,"82,460.72"
ID13805,12-Jan-2026,Reversal,"1,794.92",0.00,"76,676.72"
ID13805,24-Feb-2026,Charge,0.00,103.30,"93,315.88"
ID13805,22-Mar-2026,Reversal,644.77,0.00,"38,933.80"
ID13806,19-Feb-2026,Reversal,0.00,977.23,"84,522.90"
ID13806,11-Jan-2026,Transfer,0.00,158.40,"51,827.44"
ID13806,30-Jan-2026,Transfer,0.00,116.44,"19,367.17"
ID13806,20-Mar-2026,Payment,762.43,0.00,"12,052.80"
ID13806,31-Mar-2026,Direct Deposit,"4,058.41",0.00,"22,865.21"
ID13806,15-Jan-2026,Interest,139.39,0.00,"72,532.69"
ID13806,06-Mar-2026,Transfer,"1,358.01",0.00,"18,368.46"
ID13806,11-Jan-2026,Transfer,922.06,0.00,"12,785.94"
ID13806,01-Apr-2026,Reversal,"1,933.47",0.00,"38,427.92"
ID13806,03-Mar-2026,Payment,"1,840.23",0.00,"75,015.64"
ID13806,31-Mar-2026,ATM Withdrawal,0.00,769.30,"49,895.82"
ID13806,23-Jan-2026,ATM Withdrawal,0.00,516.99,"46,053.41"
ID13806,03-Feb-2026,Reversal,0.00,964.32,"77,449.48"
ID13806,06-Mar-2026,Direct Deposit,"1,422.55",0.00,"27,175.77"
ID13806,19-Mar-2026,Charge,0.00,390.15,"68,426.27"
ID13806,19-Jan-2026,Charge,0.00,745.50,"61,353.03"
ID13806,05-Jan-2026,Charge,0.00,686.41,"46,985.91"
ID13806,02-Feb-2026,Charge,0.00,15.98,"74,789.72"
ID13806,14-Jan-2026,Transfer,0.00,"1,484.62","45,404.53"
ID13806,15-Mar-2026,Transfer,0.00,"1,334.74","63,080.94"
ID13807,25-Jan-2026,Debit Card,0.00,584.75,"49,361.77"
ID13807,23-Feb-2026,Charge,0.00,345.97,"73,331.03"
ID13807,25-Jan-2026,Direct Deposit,"3,833.09",0.00,"80,121.06"
ID13807,05-Mar-2026,Charge,0.00,632.20,"24,800.46"
ID13807,17-Jan-2026,Payment,644.10,0.00,"58,034.01"
ID13807,18-Jan-2026,Charge,0.00,680.25,"26,791.83"
ID13807,21-Feb-2026,Charge,0.00,216.17,"89,572.91"
ID13807,22-Feb-2026,Direct Deposit,828.34,0.00,"61,302.43"
ID13807,09-Jan-2026,Interest,38.76,0.00,"54,960.32"
ID13807,17-Mar-2026,Debit Card,0.00,861.50,"48,590.41"
ID13807,15-Feb-2026,Reversal,0.00,"1,250.09","98,751.18"
ID13807,06-Feb-2026,Payment,125.01,0.00,"70,444.09"
ID13807,21-Feb-2026,Payment,0.00,393.17,"17,529.08"
ID13807,08-Mar-2026,Reversal,752.59,0.00,"43,869.09"
ID13807,22-Feb-2026,Transfer,"1,272.47",0.00,"12,043.42"
ID13807,04-Mar-2026,ATM Withdrawal,0.00,358.82,"99,393.73"
ID13807,15-Jan-2026,ATM Withdrawal,0.00,110.66,"43,070.06"
ID13807,09-Feb-2026,Direct Deposit,"4,008.89",0.00,"88,264.19"
ID13807,04-Feb-2026,Charge,0.00,675.96,"65,156.30"
ID13807,02-Apr-2026,ATM Withdrawal,0.00,103.90,"99,720.43"
ID13808,24-Feb-2026,ATM Withdrawal,0.00,160.80,"50,271.80"
ID13808,09-Feb-2026,Interest,247.22,0.00,"1,220.41"
ID13808,07-Jan-2026,ATM Withdrawal,0.00,144.53,"5,592.40"
ID13808,07-Mar-2026,Charge,0.00,579.81,"38,996.51"
ID13808,08-Mar-2026,ATM Withdrawal,0.00,322.78,"43,830.94"
ID13808,23-Feb-2026,Transfer,0.00,"1,319.20","12,021.44"
ID13808,26-Mar-2026,Charge,0.00,153.19,"26,580.09"
ID13808,18-Mar-2026,Reversal,"1,880.87",0.00,"28,064.67"
ID13808,19-Mar-2026,Interest,407.20,0.00,"38,781.76"
ID13808,24-Jan-2026,Transfer,"1,292.16",0.00,"54,363.51"
ID13808,06-Feb-2026,Debit Card,0.00,704.66,"14,262.73"
ID13808,25-Mar-2026,Interest,313.71,0.00,"69,752.00"
ID13808,03-Feb-2026,Payment,0.00,339.17,"24,457.90"
ID13808,20-Feb-2026,Charge,0.00,610.16,"29,803.45"
ID13808,20-Mar-2026,Interest,188.09,0.00,"67,912.42"
ID13808,18-Jan-2026,Payment,"1,259.66",0.00,"24,461.99"
ID13808,16-Mar-2026,Charge,0.00,87.06,"91,632.93"
ID13808,19-Feb-2026,Reversal,"1,807.39",0.00,"87,843.61"
ID13808,04-Feb-2026,Charge,0.00,292.81,"30,263.97"
ID13808,08-Feb-2026,Direct Deposit,"1,104.88",0.00,"49,711.16"
ID13809,20-Jan-2026,Transfer,510.64,0.00,"90,655.33"
ID13809,25-Mar-2026,Direct Deposit,"1,308.44",0.00,"79,265.56"
ID13809,13-Feb-2026,Transfer,"1,892.56",0.00,"5,970.12"
ID13809,30-Jan-2026,ATM Withdrawal,0.00,270.09,"79,992.65"
ID13809,13-Feb-2026,Reversal,"1,903.41",0.00,"81,846.97"
ID13809,28-Jan-2026,Interest,248.25,0.00,"99,973.93"
ID13809,22-Jan-2026,Reversal,0.00,"1,173.86","7,527.88"
ID13809,29-Mar-2026,Charge,0.00,110.04,"97,319.40"
ID13809,01-Apr-2026,Direct Deposit,"3,409.33",0.00,"74,316.26"
ID13809,29-Jan-2026,Reversal,0.00,"1,416.75","48,040.90"
ID13809,24-Feb-2026,Transfer,"1,442.50",0.00,"98,798.67"
ID13809,18-Jan-2026,Debit Card,0.00,725.73,"79,158.24"
ID13809,11-Jan-2026,Debit Card,0.00,869.83,"44,241.17"
ID13809,23-Feb-2026,Payment,0.00,699.88,"30,445.06"
ID13809,03-Apr-2026,Reversal,"1,537.77",0.00,"9,505.22"
ID13809,22-Feb-2026,Direct Deposit,"4,523.16",0.00,"69,092.92"
ID13809,13-Jan-2026,Debit Card,0.00,400.55,"93,256.12"
ID13809,10-Jan-2026,ATM Withdrawal,0.00,869.50,"9,555.83"
ID13809,02-Feb-2026,Reversal,0.00,"1,172.39","11,410.71"
ID13809,27-Jan-2026,Charge,0.00,446.41,"88,819.55"
ID13810,23-Jan-2026,Transfer,0.00,"1,032.42","50,288.22"
ID13810,07-Mar-2026,Debit Card,0.00,492.01,"84,289.11"
ID13810,04-Feb-2026,ATM Withdrawal,0.00,728.09,"97,504.58"
ID13810,14-Jan-2026,ATM Withdrawal,0.00,410.96,"73,917.61"
ID13810,24-Mar-2026,Debit Card,0.00,464.73,"20,937.77"
ID13810,05-Mar-2026,Reversal,0.00,791.42,"10,348.98"
ID13810,12-Mar-2026,Direct Deposit,"3,007.83",0.00,"77,428.42"
ID13810,30-Mar-2026,Charge,0.00,942.83,"10,190.53"
ID13810,15-Jan-2026,Interest,406.63,0.00,"33,424.49"
ID13810,04-Feb-2026,Transfer,593.89,0.00,"76,712.05"
ID13810,16-Feb-2026,Interest,311.42,0.00,"93,846.32"
ID13810,11-Mar-2026,Interest,495.70,0.00,"49,584.94"
ID13810,26-Mar-2026,Transfer,878.60,0.00,"6,384.37"
ID13810,08-Feb-2026,ATM Withdrawal,0.00,137.42,"12,635.71"
ID13810,02-Mar-2026,Direct Deposit,"2,286.32",0.00,"62,581.76"
ID13810,16-Jan-2026,Reversal,0.00,"1,497.44","4,050.96"
ID13810,29-Mar-2026,Interest,87.35,0.00,"27,578.71"
ID13810,07-Feb-2026,Reversal,691.85,0.00,"72,042.55"
ID13810,04-Jan-2026,Reversal,340.15,0.00,"59,129.53"
ID13810,22-Mar-2026,ATM Withdrawal,0.00,717.86,"22,039.43"
ID13811,03-Apr-2026,Interest,185.70,0.00,"26,910.84"
ID13811,25-Jan-2026,Debit Card,0.00,817.45,"82,348.25"
ID13811,21-Feb-2026,Debit Card,0.00,815.18,"25,987.40"
ID13811,25-Feb-2026,ATM Withdrawal,0.00,41.09,"10,096.31"
ID13811,28-Jan-2026,Charge,0.00,28.88,"93,093.94"
ID13811,07-Mar-2026,ATM Withdrawal,0.00,460.14,"74,725.44"
ID13811,25-Jan-2026,Direct Deposit,"1,958.37",0.00,"45,255.97"
ID13811,31-Mar-2026,Debit Card,0.00,38.12,"7,277.92"
ID13811,16-Jan-2026,Payment,601.63,0.00,"22,950.99"
ID13811,09-Feb-2026,Payment,0.00,129.08,"56,476.29"
ID13811,22-Mar-2026,Payment,305.75,0.00,"74,536.46"
ID13811,07-Jan-2026,Transfer,"1,675.11",0.00,"99,335.68"
ID13811,26-Mar-2026,Charge,0.00,204.28,"16,669.16"
ID13811,23-Jan-2026,Debit Card,0.00,163.92,"45,796.75"
ID13811,31-Mar-2026,ATM Withdrawal,0.00,84.94,"76,683.91"
ID13811,07-Feb-2026,Interest,78.69,0.00,"50,134.73"
ID13811,15-Feb-2026,ATM Withdrawal,0.00,359.88,"15,379.70"
ID13811,16-Jan-2026,ATM Withdrawal,0.00,28.18,"11,985.21"
ID13811,27-Feb-2026,Direct Deposit,"4,388.30",0.00,"30,447.92"
ID13811,25-Jan-2026,Interest,308.28,0.00,"12,382.92"
ID13812,24-Feb-2026,Transfer,"1,235.65",0.00,"57,865.74"
ID13812,21-Mar-2026,Interest,87.03,0.00,"40,743.34"
ID13812,07-Feb-2026,ATM Withdrawal,0.00,518.75,"74,882.37"
ID13812,21-Jan-2026,Charge,0.00,387.14,"1,269.61"
ID13812,01-Feb-2026,Charge,0.00,396.63,"94,254.48"
ID13812,19-Jan-2026,Reversal,"1,249.29",0.00,"33,401.60"
ID13812,27-Feb-2026,ATM Withdrawal,0.00,39.89,"9,858.87"
ID13812,26-Feb-2026,Direct Deposit,"4,544.91",0.00,"57,791.00"
ID13812,11-Jan-2026,Charge,0.00,642.63,"44,599.44"
ID13812,28-Feb-2026,Debit Card,0.00,14.91,"96,423.76"
ID13812,28-Jan-2026,Interest,385.40,0.00,"96,275.56"
ID13812,11-Feb-2026,Interest,395.27,0.00,"32,414.90"
ID13812,29-Mar-2026,Debit Card,0.00,569.09,"57,100.78"
ID13812,23-Jan-2026,Debit Card,0.00,981.30,"94,896.92"
ID13812,03-Feb-2026,Interest,454.55,0.00,"60,082.20"
ID13812,10-Jan-2026,Payment,"1,127.86",0.00,"28,854.86"
ID13812,19-Mar-2026,Transfer,"1,177.35",0.00,"67,531.08"
ID13812,11-Mar-2026,Debit Card,0.00,186.78,"26,728.69"
ID13812,28-Mar-2026,Debit Card,0.00,601.24,"24,537.85"
ID13812,19-Jan-2026,Reversal,989.75,0.00,"32,881.41"
ID13813,24-Feb-2026,ATM Withdrawal,0.00,403.20,"76,928.73"
ID13813,19-Mar-2026,Debit Card,0.00,655.26,"82,573.13"
ID13813,27-Feb-2026,Payment,0.00,269.97,"66,567.41"
ID13813,18-Feb-2026,Direct Deposit,"1,811.69",0.00,"33,629.37"
ID13813,07-Feb-2026,Debit Card,0.00,462.76,"22,339.78"
ID13813,15-Feb-2026,Debit Card,0.00,847.51,"56,631.43"
ID13813,14-Jan-2026,Reversal,410.40,0.00,"47,221.05"
ID13813,12-Mar-2026,Debit Card,0.00,305.30,"1,373.61"
ID13813,28-Jan-2026,Reversal,810.09,0.00,"25,748.61"
ID13813,07-Feb-2026,Direct Deposit,"2,321.84",0.00,"22,072.13"
ID13813,03-Mar-2026,Charge,0.00,650.92,"56,616.71"
ID13813,12-Jan-2026,Debit Card,0.00,815.32,"70,306.75"
ID13813,03-Feb-2026,Interest,370.40,0.00,"29,177.79"
ID13813,12-Jan-2026,Debit Card,0.00,57.71,"1,902.39"
ID13813,12-Jan-2026,Payment,"1,807.71",0.00,"60,732.39"
ID13813,09-Jan-2026,Interest,240.19,0.00,"56,454.45"
ID13813,01-Apr-2026,Reversal,0.00,"1,205.47","15,784.64"
ID13813,25-Feb-2026,Charge,0.00,558.36,"40,696.03"
ID13813,19-Feb-2026,Transfer,0.00,97.18,"23,089.61"
ID13813,06-Mar-2026,Interest,380.93,0.00,"11,916.46"
ID13814,29-Mar-2026,Debit Card,0.00,174.66,"18,329.33"
ID13814,30-Jan-2026,Payment,"1,794.99",0.00,"33,742.14"
ID13814,15-Jan-2026,Direct Deposit,"2,748.75",0.00,"96,679.21"
ID13814,02-Apr-2026,Reversal,0.00,886.96,"95,652.90"
ID13814,16-Feb-2026,Charge,0.00,561.80,"57,939.75"
ID13814,08-Jan-2026,Reversal,646.66,0.00,"28,059.28"
ID13814,27-Mar-2026,Charge,0.00,327.35,"83,845.75"
ID13814,25-Feb-2026,Debit Card,0.00,33.11,"76,923.91"
ID13814,05-Feb-2026,Payment,"1,691.77",0.00,"35,532.87"
ID13814,12-Jan-2026,Payment,0.00,957.39,"35,529.82"
ID13814,23-Jan-2026,Reversal,"1,912.35",0.00,"31,427.67"
ID13814,23-Jan-2026,Direct Deposit,"2,822.40",0.00,"94,326.72"
ID13814,02-Feb-2026,Payment,0.00,803.44,"93,342.45"
ID13814,14-Mar-2026,Reversal,0.00,116.10,"93,517.01"
ID13814,26-Mar-2026,Transfer,0.00,"1,046.09","34,028.53"
ID13814,11-Feb-2026,ATM Withdrawal,0.00,934.25,"49,923.30"
ID13814,16-Mar-2026,Payment,"1,319.46",0.00,"35,261.29"
ID13814,01-Feb-2026,Direct Deposit,"2,995.31",0.00,"70,608.96"
ID13814,09-Mar-2026,Interest,282.93,0.00,"34,945.14"
ID13814,28-Feb-2026,Debit Card,0.00,550.97,"60,210.08"
ID13815,31-Jan-2026,Charge,0.00,10.11,"71,541.84"
ID13815,04-Jan-2026,Interest,386.10,0.00,"80,703.31"
ID13815,30-Mar-2026,Direct Deposit,658.10,0.00,"43,317.25"
ID13815,16-Jan-2026,Reversal,"1,448.41",0.00,"36,435.10"
ID13815,20-Feb-2026,Payment,"1,462.43",0.00,"79,233.22"
ID13815,13-Mar-2026,Payment,"1,457.12",0.00,"11,602.09"
ID13815,24-Feb-2026,Direct Deposit,"2,457.92",0.00,"85,215.49"
ID13815,23-Jan-2026,Interest,80.92,0.00,"66,691.80"
ID13815,16-Jan-2026,Charge,0.00,198.76,"94,527.54"
ID13815,09-Feb-2026,Payment,0.00,102.10,"21,997.31"
ID13815,21-Mar-2026,Interest,369.56,0.00,"39,217.25"
ID13815,28-Feb-2026,Transfer,"1,265.38",0.00,"34,414.01"
ID13815,18-Mar-2026,Debit Card,0.00,544.66,"51,946.65"
ID13815,25-Mar-2026,Interest,199.97,0.00,"23,775.39"
ID13815,27-Jan-2026,Payment,626.77,0.00,"11,070.25"
ID13815,30-Mar-2026,ATM Withdrawal,0.00,19.83,"53,242.58"
ID13815,28-Mar-2026,Payment,"1,705.89",0.00,"38,497.40"
ID13815,26-Mar-2026,ATM Withdrawal,0.00,419.85,"31,829.13"
ID13815,24-Jan-2026,Charge,0.00,602.11,"27,664.39"
ID13815,27-Mar-2026,Debit Card,0.00,933.50,"94,975.48"
ID13816,08-Jan-2026,Interest,462.42,0.00,"19,534.26"
ID13816,31-Jan-2026,Direct Deposit,766.21,0.00,"16,529.03"
ID13816,15-Mar-2026,Interest,69.54,0.00,"59,090.88"
ID13816,10-Mar-2026,Payment,"1,949.98",0.00,"41,399.73"
ID13816,05-Mar-2026,ATM Withdrawal,0.00,977.19,"60,481.55"
ID13816,08-Feb-2026,Debit Card,0.00,632.57,"93,064.36"
ID13816,25-Mar-2026,Transfer,0.00,824.22,"36,490.97"
ID13816,28-Feb-2026,Debit Card,0.00,356.79,"78,994.76"
ID13816,03-Apr-2026,Payment,"1,903.69",0.00,"46,208.78"
ID13816,30-Mar-2026,Direct Deposit,700.83,0.00,"80,999.33"
ID13816,01-Apr-2026,Reversal,"1,290.76",0.00,"29,066.27"
ID13816,23-Jan-2026,ATM Withdrawal,0.00,972.48,"2,233.50"
ID13816,14-Mar-2026,Direct Deposit,"3,277.12",0.00,"72,473.56"
ID13816,25-Jan-2026,Charge,0.00,789.37,"87,209.95"
ID13816,22-Jan-2026,Reversal,"1,942.60",0.00,"66,644.70"
ID13816,13-Jan-2026,Charge,0.00,529.15,"5,076.43"
ID13816,22-Jan-2026,Charge,0.00,606.35,"21,647.89"
ID13816,10-Feb-2026,Interest,101.65,0.00,"67,431.98"
ID13816,22-Jan-2026,Debit Card,0.00,558.59,"17,608.46"
ID13816,31-Jan-2026,Charge,0.00,518.26,"10,706.80"
ID13817,21-Mar-2026,Payment,"1,361.30",0.00,"62,054.78"
ID13817,02-Mar-2026,Debit Card,0.00,16.21,"27,357.55"
ID13817,03-Apr-2026,Transfer,550.97,0.00,"8,318.91"
ID13817,08-Feb-2026,Interest,342.15,0.00,"72,844.12"
ID13817,08-Mar-2026,Transfer,0.00,99.24,"48,482.01"
ID13817,05-Mar-2026,Payment,0.00,862.28,"27,677.65"
ID13817,04-Jan-2026,Reversal,0.00,604.50,"84,831.46"
ID13817,04-Mar-2026,ATM Withdrawal,0.00,472.30,"99,491.75"
ID13817,12-Jan-2026,ATM Withdrawal,0.00,179.52,"35,114.74"
ID13817,04-Mar-2026,ATM Withdrawal,0.00,233.84,"42,344.22"
ID13817,01-Mar-2026,Transfer,0.00,594.75,"7,749.48"
ID13817,05-Feb-2026,Direct Deposit,"2,185.93",0.00,"30,929.95"
ID13817,31-Mar-2026,Transfer,0.00,315.72,"24,364.77"
ID13817,15-Mar-2026,Reversal,0.00,122.39,"96,773.72"
ID13817,20-Jan-2026,ATM Withdrawal,0.00,514.48,"18,805.17"
ID13817,14-Feb-2026,ATM Withdrawal,0.00,149.83,"30,356.42"
ID13817,09-Feb-2026,Charge,0.00,124.95,"17,423.62"
ID13817,03-Mar-2026,Transfer,158.74,0.00,"18,352.00"
ID13817,04-Mar-2026,Transfer,"1,511.53",0.00,"15,024.03"
ID13817,19-Feb-2026,Direct Deposit,"1,520.48",0.00,"96,656.97"
ID13818,30-Mar-2026,Interest,219.59,0.00,"58,894.24"
ID13818,05-Feb-2026,ATM Withdrawal,0.00,379.70,"69,805.24"
ID13818,25-Feb-2026,Debit Card,0.00,248.90,"90,837.69"
ID13818,05-Jan-2026,Debit Card,0.00,27.88,"48,881.71"
ID13818,03-Jan-2026,Interest,204.22,0.00,"4,385.47"
ID13818,01-Mar-2026,ATM Withdrawal,0.00,602.74,"94,899.50"
ID13818,13-Mar-2026,ATM Withdrawal,0.00,129.81,"23,860.40"
ID13818,28-Mar-2026,Debit Card,0.00,223.50,"82,272.27"
ID13818,11-Mar-2026,Payment,"1,104.77",0.00,"1,170.66"
ID13818,05-Jan-2026,Charge,0.00,394.17,"17,964.33"
ID13818,27-Mar-2026,Reversal,0.00,"1,260.31","45,080.46"
ID13818,10-Mar-2026,Debit Card,0.00,555.41,"2,957.54"
ID13818,17-Mar-2026,ATM Withdrawal,0.00,630.45,"51,023.98"
ID13818,16-Mar-2026,Direct Deposit,"2,519.70",0.00,"79,456.84"
ID13818,20-Feb-2026,Charge,0.00,373.16,"71,936.23"
ID13818,10-Jan-2026,Transfer,0.00,"1,174.62","67,691.17"
ID13818,05-Mar-2026,Direct Deposit,"2,924.78",0.00,"45,371.61"
ID13818,24-Feb-2026,Reversal,"1,536.17",0.00,"99,365.91"
ID13818,30-Mar-2026,Reversal,0.00,479.68,"34,022.61"
ID13818,09-Feb-2026,Debit Card,0.00,898.72,"70,906.06"
ID13819,11-Mar-2026,ATM Withdrawal,0.00,31.41,"1,379.57"
ID13819,27-Jan-2026,Debit Card,0.00,422.45,"44,701.08"
ID13819,22-Mar-2026,Transfer,0.00,"1,214.03","7,936.26"
ID13819,06-Mar-2026,Transfer,"1,120.49",0.00,"63,948.86"
ID13819,26-Jan-2026,Debit Card,0.00,230.60,"45,005.32"
ID13819,06-Jan-2026,Interest,112.76,0.00,"83,851.61"
ID13819,15-Jan-2026,Reversal,"1,818.21",0.00,"95,796.61"
ID13819,07-Jan-2026,Interest,460.98,0.00,"30,932.65"
ID13819,14-Mar-2026,Transfer,0.00,622.35,"73,944.19"
ID13819,05-Jan-2026,ATM Withdrawal,0.00,98.66,"67,732.42"
ID13819,16-Mar-2026,ATM Withdrawal,0.00,32.50,"47,104.98"
ID13819,04-Jan-2026,Direct Deposit,"3,386.06",0.00,"7,527.49"
ID13819,26-Mar-2026,Direct Deposit,"2,582.67",0.00,"62,532.93"
ID13819,04-Jan-2026,Debit Card,0.00,462.59,"80,902.41"
ID13819,25-Feb-2026,Debit Card,0.00,877.51,"11,750.60"
ID13819,23-Mar-2026,Interest,420.63,0.00,"78,288.51"
ID13819,10-Feb-2026,Direct Deposit,"3,597.76",0.00,"11,625.26"
ID13819,05-Jan-2026,Payment,621.66,0.00,"23,261.49"
ID13819,16-Mar-2026,Transfer,121.18,0.00,"99,720.45"
ID13819,22-Jan-2026,Direct Deposit,"3,571.56",0.00,"83,403.11"
ID13820,20-Jan-2026,Reversal,0.00,"1,331.49","29,984.87"
ID13820,25-Mar-2026,Reversal,884.81,0.00,"75,924.79"
ID13820,14-Feb-2026,Interest,146.43,0.00,"7,892.27"
ID13820,20-Mar-2026,Interest,33.88,0.00,"60,820.39"
ID13820,14-Feb-2026,Direct Deposit,"4,482.34",0.00,"90,155.66"
ID13820,21-Feb-2026,Reversal,0.00,993.23,"15,129.58"
ID13820,30-Mar-2026,Debit Card,0.00,212.83,"87,052.74"
ID13820,03-Jan-2026,Debit Card,0.00,174.03,"28,798.28"
ID13820,15-Jan-2026,Transfer,0.00,456.85,"34,697.21"
ID13820,01-Mar-2026,Transfer,0.00,268.70,"37,597.22"
ID13820,03-Jan-2026,Reversal,"1,436.73",0.00,"69,152.65"
ID13820,21-Mar-2026,Debit Card,0.00,123.13,"71,209.95"
ID13820,01-Feb-2026,Payment,"1,736.83",0.00,"15,237.84"
ID13820,21-Mar-2026,Transfer,"1,644.67",0.00,"86,102.77"
ID13820,14-Mar-2026,ATM Withdrawal,0.00,571.91,"78,170.38"
ID13820,20-Feb-2026,Interest,476.84,0.00,"36,708.17"
ID13820,20-Feb-2026,Charge,0.00,654.95,"37,793.62"
ID13820,03-Apr-2026,Charge,0.00,794.17,"86,528.00"
ID13820,22-Feb-2026,Direct Deposit,"3,584.82",0.00,"99,759.77"
ID13820,08-Mar-2026,ATM Withdrawal,0.00,444.17,"66,905.22"
ID13821,24-Jan-2026,Interest,25.60,0.00,"56,646.32"
ID13821,21-Mar-2026,Debit Card,0.00,208.52,"38,093.96"
ID13821,01-Apr-2026,Direct Deposit,"3,892.92",0.00,"86,815.65"
ID13821,04-Jan-2026,Debit Card,0.00,878.38,"71,765.22"
ID13821,19-Mar-2026,Transfer,421.75,0.00,"53,801.59"
ID13821,11-Mar-2026,Transfer,526.82,0.00,"96,117.23"
ID13821,03-Jan-2026,Debit Card,0.00,609.32,"14,137.07"
ID13821,03-Jan-2026,Charge,0.00,653.72,"33,158.44"
ID13821,11-Mar-2026,Debit Card,0.00,659.21,"52,235.13"
ID13821,08-Feb-2026,ATM Withdrawal,0.00,645.21,"10,879.32"
ID13821,12-Mar-2026,Interest,239.39,0.00,"77,220.88"
ID13821,31-Mar-2026,Payment,116.38,0.00,"12,457.97"
ID13821,18-Jan-2026,Transfer,0.00,214.67,"71,188.76"
ID13821,27-Feb-2026,Direct Deposit,"1,762.91",0.00,"39,699.54"
ID13821,11-Jan-2026,Debit Card,0.00,860.70,"53,225.80"
ID13821,24-Jan-2026,Direct Deposit,"3,230.02",0.00,"88,980.50"
ID13821,30-Mar-2026,Charge,0.00,740.59,"38,617.91"
ID13821,19-Mar-2026,Charge,0.00,202.79,"95,908.41"
ID13821,23-Jan-2026,Reversal,580.01,0.00,"71,162.96"
ID13821,25-Jan-2026,Interest,339.27,0.00,"87,235.20"
ID13822,12-Feb-2026,Payment,0.00,843.91,"97,037.61"
ID13822,14-Mar-2026,Reversal,0.00,780.48,"71,859.41"
ID13822,13-Feb-2026,Debit Card,0.00,770.08,"70,726.98"
ID13822,26-Jan-2026,Interest,211.10,0.00,"67,156.66"
ID13822,17-Mar-2026,ATM Withdrawal,0.00,627.26,"18,785.27"
ID13822,29-Mar-2026,ATM Withdrawal,0.00,281.98,"14,008.11"
ID13822,22-Mar-2026,Debit Card,0.00,779.86,"22,553.47"
ID13822,03-Apr-2026,Charge,0.00,97.94,"41,874.35"
ID13822,31-Mar-2026,Interest,277.37,0.00,"27,380.50"
ID13822,16-Feb-2026,Transfer,518.65,0.00,"17,789.02"
ID13822,27-Feb-2026,ATM Withdrawal,0.00,125.34,"34,314.54"
ID13822,30-Jan-2026,Reversal,"1,091.04",0.00,"13,273.75"
ID13822,24-Mar-2026,ATM Withdrawal,0.00,169.44,"4,972.11"
ID13822,28-Feb-2026,Payment,578.59,0.00,"81,664.21"
ID13822,23-Feb-2026,Reversal,0.00,787.77,"61,214.56"
ID13822,09-Feb-2026,Reversal,"1,420.35",0.00,"38,610.15"
ID13822,24-Mar-2026,Payment,0.00,309.07,"28,346.77"
ID13822,25-Jan-2026,Debit Card,0.00,184.69,"37,992.99"
ID13822,18-Feb-2026,Interest,125.02,0.00,"4,060.20"
ID13822,07-Jan-2026,Payment,869.12,0.00,"64,725.67"
ID13823,13-Jan-2026,ATM Withdrawal,0.00,512.83,"32,093.51"
ID13823,21-Feb-2026,Debit Card,0.00,734.62,"6,276.78"
ID13823,28-Jan-2026,Charge,0.00,877.99,"23,422.24"
ID13823,09-Jan-2026,Interest,403.70,0.00,"22,103.17"
ID13823,15-Feb-2026,Interest,123.02,0.00,"88,720.15"
ID13823,26-Feb-2026,Interest,316.17,0.00,"33,724.41"
ID13823,26-Jan-2026,Payment,"1,154.39",0.00,"61,915.08"
ID13823,09-Jan-2026,Charge,0.00,497.75,"60,723.15"
ID13823,07-Feb-2026,Debit Card,0.00,54.61,"57,975.68"
ID13823,30-Jan-2026,Debit Card,0.00,839.99,"75,101.20"
ID13823,19-Feb-2026,Direct Deposit,"4,975.44",0.00,"4,958.53"
ID13823,02-Mar-2026,ATM Withdrawal,0.00,842.09,"69,838.38"
ID13823,17-Jan-2026,Reversal,0.00,924.69,"67,238.20"
ID13823,23-Feb-2026,ATM Withdrawal,0.00,441.53,"52,581.35"
ID13823,12-Feb-2026,Interest,378.15,0.00,"28,049.81"
ID13823,15-Mar-2026,Reversal,829.33,0.00,"52,941.61"
ID13823,17-Feb-2026,Interest,255.59,0.00,"33,936.45"
ID13823,16-Mar-2026,Transfer,0.00,911.92,"68,042.47"
ID13823,08-Feb-2026,Payment,0.00,263.08,"71,678.94"
ID13823,22-Mar-2026,Payment,892.10,0.00,"83,036.22"
ID13824,28-Feb-2026,Interest,406.30,0.00,"53,975.93"
ID13824,09-Mar-2026,Direct Deposit,"3,272.72",0.00,"58,631.42"
ID13824,16-Mar-2026,ATM Withdrawal,0.00,241.90,"82,142.17"
ID13824,27-Mar-2026,Payment,0.00,"1,028.95","28,679.06"
ID13824,18-Mar-2026,Charge,0.00,224.23,"90,762.55"
ID13824,07-Feb-2026,ATM Withdrawal,0.00,192.80,"3,607.65"
ID13824,09-Feb-2026,Interest,45.78,0.00,"60,677.30"
ID13824,22-Jan-2026,Debit Card,0.00,598.37,"60,186.88"
ID13824,18-Feb-2026,Transfer,970.26,0.00,"84,946.11"
ID13824,17-Jan-2026,Debit Card,0.00,479.37,"99,367.78"
ID13824,05-Feb-2026,Payment,0.00,183.90,"32,133.09"
ID13824,29-Jan-2026,Reversal,"1,315.53",0.00,"84,075.04"
ID13824,28-Feb-2026,Reversal,0.00,404.94,"24,342.23"
ID13824,04-Mar-2026,Direct Deposit,"3,691.12",0.00,"4,710.28"
ID13824,23-Feb-2026,Reversal,0.00,"1,222.78","5,065.83"
ID13824,03-Feb-2026,Reversal,424.16,0.00,"71,624.01"
ID13824,07-Feb-2026,ATM Withdrawal,0.00,948.27,"26,501.77"
ID13824,03-Apr-2026,ATM Withdrawal,0.00,198.62,"9,284.52"
ID13824,20-Jan-2026,ATM Withdrawal,0.00,140.31,"16,453.29"
ID13824,02-Feb-2026,Debit Card,0.00,818.89,"24,971.00"
ID13825,10-Feb-2026,ATM Withdrawal,0.00,763.87,"14,782.25"
ID13825,23-Mar-2026,Reversal,0.00,394.21,"13,579.53"
ID13825,07-Mar-2026,Payment,0.00,316.64,"57,389.23"
ID13825,09-Mar-2026,Transfer,"1,972.04",0.00,"99,800.10"
ID13825,02-Mar-2026,Interest,429.13,0.00,"34,353.60"
ID13825,15-Jan-2026,Debit Card,0.00,533.87,"4,198.27"
ID13825,15-Feb-2026,Payment,0.00,408.15,"58,680.76"
ID13825,06-Feb-2026,Reversal,0.00,913.03,"44,907.61"
ID13825,07-Feb-2026,Payment,0.00,896.98,"38,787.54"
ID13825,01-Feb-2026,Interest,342.04,0.00,"60,549.40"
ID13825,23-Jan-2026,Direct Deposit,"1,410.05",0.00,"63,462.86"
ID13825,08-Mar-2026,Debit Card,0.00,581.98,"20,375.45"
ID13825,11-Feb-2026,Charge,0.00,160.20,"72,555.10"
ID13825,12-Jan-2026,ATM Withdrawal,0.00,235.43,"79,404.15"
ID13825,14-Feb-2026,Interest,119.16,0.00,"16,455.85"
ID13825,17-Jan-2026,Interest,163.53,0.00,"31,352.38"
ID13825,22-Mar-2026,Debit Card,0.00,57.73,"83,122.79"
ID13825,25-Mar-2026,Interest,110.21,0.00,"60,366.06"
ID13825,12-Jan-2026,Debit Card,0.00,249.84,"21,599.31"
ID13825,31-Mar-2026,ATM Withdrawal,0.00,741.46,"28,338.41"
ID13826,24-Feb-2026,Debit Card,0.00,711.46,"4,688.44"
ID13826,21-Jan-2026,Direct Deposit,"3,859.40",0.00,"58,225.17"
ID13826,11-Feb-2026,Debit Card,0.00,717.14,"47,491.61"
ID13826,18-Mar-2026,Charge,0.00,115.79,"60,024.64"
ID13826,21-Feb-2026,ATM Withdrawal,0.00,397.58,"48,091.74"
ID13826,03-Feb-2026,Interest,335.10,0.00,"65,767.32"
ID13826,13-Mar-2026,Debit Card,0.00,633.56,"6,796.60"
ID13826,02-Apr-2026,Direct Deposit,"3,465.12",0.00,"2,126.52"
ID13826,08-Mar-2026,Debit Card,0.00,243.90,"35,558.16"
ID13826,23-Mar-2026,ATM Withdrawal,0.00,870.25,"95,960.23"
ID13826,13-Jan-2026,Transfer,0.00,"1,441.03","56,876.13"
ID13826,06-Feb-2026,ATM Withdrawal,0.00,538.30,"58,248.42"
ID13826,08-Jan-2026,Reversal,"1,599.34",0.00,"76,292.52"
ID13826,25-Jan-2026,ATM Withdrawal,0.00,295.08,"91,448.22"
ID13826,03-Jan-2026,Interest,401.56,0.00,"8,174.47"
ID13826,01-Feb-2026,ATM Withdrawal,0.00,240.96,"61,012.44"
ID13826,22-Mar-2026,Direct Deposit,"4,862.10",0.00,"33,441.89"
ID13826,04-Mar-2026,Interest,465.26,0.00,"17,400.46"
ID13826,25-Feb-2026,Direct Deposit,"2,882.94",0.00,"38,358.56"
ID13826,21-Feb-2026,Interest,497.15,0.00,"34,043.84"
ID13827,12-Feb-2026,Direct Deposit,550.21,0.00,"88,830.19"
ID13827,21-Mar-2026,ATM Withdrawal,0.00,87.32,"95,225.90"
ID13827,27-Mar-2026,Reversal,"1,530.55",0.00,"17,349.68"
ID13827,26-Feb-2026,Debit Card,0.00,873.00,"35,188.98"
ID13827,31-Mar-2026,Debit Card,0.00,262.31,"34,422.81"
ID13827,27-Jan-2026,Debit Card,0.00,416.05,"10,429.29"
ID13827,02-Feb-2026,Reversal,"1,969.28",0.00,"71,398.42"
ID13827,22-Mar-2026,Charge,0.00,320.60,"3,213.03"
ID13827,17-Mar-2026,Charge,0.00,710.72,"74,799.41"
ID13827,20-Mar-2026,Direct Deposit,"4,968.24",0.00,"40,464.27"
ID13827,02-Apr-2026,Debit Card,0.00,111.38,"24,767.43"
ID13827,27-Feb-2026,Transfer,0.00,796.63,"6,619.61"
ID13827,15-Feb-2026,Transfer,0.00,541.59,"23,764.59"
ID13827,23-Mar-2026,Debit Card,0.00,723.77,"47,682.44"
ID13827,14-Jan-2026,Payment,0.00,185.93,"10,855.94"
ID13827,19-Jan-2026,Payment,592.96,0.00,"74,686.92"
ID13827,01-Apr-2026,Direct Deposit,989.12,0.00,"26,038.02"
ID13827,17-Jan-2026,Debit Card,0.00,679.82,"16,061.06"
ID13827,30-Mar-2026,Debit Card,0.00,248.16,"44,408.44"
ID13827,19-Feb-2026,Direct Deposit,"2,446.85",0.00,"18,854.47"
ID13828,30-Mar-2026,Charge,0.00,838.72,"14,542.50"
ID13828,09-Feb-2026,ATM Withdrawal,0.00,934.13,"56,648.18"
ID13828,25-Mar-2026,Direct Deposit,"2,566.19",0.00,"20,326.81"
ID13828,15-Jan-2026,Direct Deposit,"4,063.88",0.00,"25,462.81"
ID13828,04-Mar-2026,Reversal,0.00,"1,401.94","23,026.59"
ID13828,19-Mar-2026,Reversal,0.00,557.17,"85,975.42"
ID13828,12-Mar-2026,Interest,422.96,0.00,"91,882.10"
ID13828,25-Feb-2026,Direct Deposit,"4,769.87",0.00,"67,736.57"
ID13828,20-Mar-2026,Direct Deposit,"3,600.15",0.00,"21,210.21"
ID13828,10-Feb-2026,Payment,"1,374.61",0.00,"1,941.65"
ID13828,09-Jan-2026,Direct Deposit,"4,842.11",0.00,"57,454.30"
ID13828,20-Jan-2026,Direct Deposit,"3,473.21",0.00,"53,161.71"
ID13828,21-Jan-2026,Interest,154.85,0.00,"27,448.72"
ID13828,18-Mar-2026,Interest,157.13,0.00,"59,900.65"
ID13828,31-Jan-2026,Debit Card,0.00,745.18,"25,973.39"
ID13828,27-Jan-2026,ATM Withdrawal,0.00,832.44,"73,756.38"
ID13828,27-Feb-2026,Interest,191.25,0.00,"88,450.84"
ID13828,25-Jan-2026,Direct Deposit,"1,655.98",0.00,"47,423.95"
ID13828,03-Feb-2026,ATM Withdrawal,0.00,374.66,"15,265.49"
ID13828,11-Jan-2026,Charge,0.00,510.89,"33,807.55"
ID13829,17-Mar-2026,Interest,469.92,0.00,"9,534.80"
ID13829,26-Jan-2026,Charge,0.00,786.59,"97,871.02"
ID13829,21-Feb-2026,Direct Deposit,"3,707.50",0.00,"85,808.23"
ID13829,04-Mar-2026,Direct Deposit,"1,745.26",0.00,"14,135.54"
ID13829,11-Feb-2026,Debit Card,0.00,571.52,"71,893.08"
ID13829,30-Jan-2026,Interest,98.21,0.00,"34,154.51"
ID13829,31-Jan-2026,Debit Card,0.00,523.52,"27,780.47"
ID13829,09-Jan-2026,Charge,0.00,986.82,"57,783.16"
ID13829,09-Jan-2026,Interest,240.94,0.00,"47,513.04"
ID13829,11-Feb-2026,Direct Deposit,"4,869.18",0.00,"48,165.33"
ID13829,18-Feb-2026,Charge,0.00,110.00,"97,397.83"
ID13829,10-Mar-2026,Payment,874.09,0.00,"4,395.86"
ID13829,01-Feb-2026,Direct Deposit,"3,187.70",0.00,"81,889.31"
ID13829,16-Jan-2026,Direct Deposit,"3,252.39",0.00,"85,975.88"
ID13829,31-Jan-2026,Debit Card,0.00,298.02,"93,515.25"
ID13829,28-Feb-2026,Transfer,0.00,466.77,"12,278.95"
ID13829,06-Feb-2026,Transfer,"1,073.93",0.00,"97,130.36"
ID13829,04-Mar-2026,Transfer,0.00,970.59,"65,531.41"
ID13829,17-Jan-2026,Transfer,677.60,0.00,"14,752.19"
ID13829,22-Feb-2026,Interest,208.40,0.00,"6,977.28"
ID13830,01-Feb-2026,Charge,0.00,328.48,"79,501.84"
ID13830,21-Mar-2026,ATM Withdrawal,0.00,117.51,"47,522.50"
ID13830,15-Mar-2026,ATM Withdrawal,0.00,474.67,"41,633.15"
ID13830,18-Jan-2026,Payment,"1,089.96",0.00,"9,045.95"
ID13830,18-Jan-2026,Transfer,456.71,0.00,"99,384.58"
ID13830,06-Feb-2026,ATM Withdrawal,0.00,424.25,"56,898.66"
ID13830,31-Jan-2026,ATM Withdrawal,0.00,423.06,"76,270.28"
ID13830,07-Mar-2026,Debit Card,0.00,58.09,"57,214.81"
ID13830,05-Jan-2026,Interest,83.37,0.00,"75,962.49"
ID13830,01-Mar-2026,ATM Withdrawal,0.00,876.83,"52,423.22"
ID13830,21-Jan-2026,Transfer,0.00,"1,274.63","77,061.58"
ID13830,08-Mar-2026,Charge,0.00,68.80,"48,014.76"
ID13830,15-Jan-2026,Transfer,812.75,0.00,"99,483.32"
ID13830,07-Mar-2026,Debit Card,0.00,621.27,"93,170.45"
ID13830,18-Feb-2026,Reversal,0.00,474.22,"63,735.12"
ID13830,31-Jan-2026,Payment,"1,051.24",0.00,"94,719.18"
ID13830,27-Jan-2026,Charge,0.00,487.92,"34,942.12"
ID13830,06-Feb-2026,ATM Withdrawal,0.00,578.40,"57,657.21"
ID13830,05-Feb-2026,Debit Card,0.00,841.62,"69,633.45"
ID13830,08-Mar-2026,Interest,95.08,0.00,"67,824.70"
ID13831,12-Jan-2026,Interest,319.13,0.00,"99,893.05"
ID13831,24-Jan-2026,ATM Withdrawal,0.00,939.02,"57,222.42"
ID13831,07-Mar-2026,Interest,86.01,0.00,"37,057.26"
ID13831,28-Feb-2026,Direct Deposit,"2,289.47",0.00,"97,604.79"
ID13831,04-Jan-2026,Payment,"1,780.72",0.00,"58,093.60"
ID13831,06-Mar-2026,Direct Deposit,745.26,0.00,"72,382.72"
ID13831,26-Mar-2026,Debit Card,0.00,624.26,"17,029.80"
ID13831,25-Mar-2026,ATM Withdrawal,0.00,951.99,"33,111.82"
ID13831,05-Jan-2026,Interest,456.60,0.00,"98,536.08"
ID13831,31-Jan-2026,Debit Card,0.00,18.11,"86,774.78"
ID13831,22-Feb-2026,Debit Card,0.00,913.71,"52,733.86"
ID13831,28-Jan-2026,Interest,308.64,0.00,"30,108.30"
ID13831,21-Jan-2026,Charge,0.00,904.43,"41,997.80"
ID13831,15-Feb-2026,Debit Card,0.00,786.30,"75,058.03"
ID13831,07-Jan-2026,Transfer,0.00,"1,239.72","75,809.15"
ID13831,13-Mar-2026,Charge,0.00,689.94,"7,588.55"
ID13831,31-Mar-2026,ATM Withdrawal,0.00,915.16,"64,163.28"
ID13831,03-Jan-2026,Direct Deposit,562.75,0.00,"81,824.00"
ID13831,14-Mar-2026,Debit Card,0.00,863.31,"9,068.20"
ID13831,13-Feb-2026,Charge,0.00,518.96,"30,542.90"
ID13832,05-Feb-2026,Direct Deposit,519.36,0.00,"74,261.44"
ID13832,15-Jan-2026,Reversal,148.43,0.00,"3,390.51"
ID13832,17-Feb-2026,Direct Deposit,"2,123.88",0.00,"97,653.44"
ID13832,03-Jan-2026,ATM Withdrawal,0.00,569.02,"61,147.31"
ID13832,20-Feb-2026,Transfer,0.00,"1,044.67","95,870.01"
ID13832,18-Jan-2026,Reversal,0.00,611.21,"50,998.92"
ID13832,04-Jan-2026,Interest,474.67,0.00,"21,985.42"
ID13832,01-Mar-2026,Interest,228.43,0.00,"20,634.50"
ID13832,17-Feb-2026,Direct Deposit,"1,581.79",0.00,"1,675.74"
ID13832,03-Jan-2026,Debit Card,0.00,949.87,"61,992.37"
ID13832,17-Jan-2026,Direct Deposit,"4,673.65",0.00,"95,361.66"
ID13832,14-Feb-2026,Direct Deposit,"2,564.63",0.00,"6,284.32"
ID13832,15-Mar-2026,Transfer,0.00,113.85,"85,389.09"
ID13832,08-Jan-2026,Reversal,"1,522.55",0.00,"43,095.16"
ID13832,03-Apr-2026,ATM Withdrawal,0.00,486.79,"76,745.54"
ID13832,07-Jan-2026,Interest,177.06,0.00,"27,133.86"
ID13832,05-Jan-2026,Charge,0.00,374.04,"13,188.35"
ID13832,23-Jan-2026,Interest,364.06,0.00,"59,326.94"
ID13832,23-Jan-2026,Transfer,0.00,401.07,"23,085.15"
ID13832,31-Jan-2026,Direct Deposit,"2,190.24",0.00,"51,331.58"
ID13833,06-Mar-2026,Payment,"1,411.92",0.00,"76,248.00"
ID13833,13-Jan-2026,Transfer,0.00,"1,138.82","34,870.88"
ID13833,18-Feb-2026,Payment,145.45,0.00,"11,759.41"
ID13833,23-Jan-2026,Interest,193.18,0.00,"62,649.57"
ID13833,18-Jan-2026,Charge,0.00,80.63,"45,843.70"
ID13833,30-Jan-2026,Transfer,0.00,"1,275.52","15,319.63"
ID13833,19-Jan-2026,Debit Card,0.00,327.11,"81,599.44"
ID13833,16-Jan-2026,Interest,470.82,0.00,"51,560.30"
ID13833,09-Mar-2026,Payment,0.00,133.00,"38,008.41"
ID13833,03-Apr-2026,Interest,382.81,0.00,"94,135.35"
ID13833,26-Feb-2026,Charge,0.00,479.07,"35,738.81"
ID13833,24-Jan-2026,Reversal,"1,664.10",0.00,"43,646.08"
ID13833,28-Mar-2026,Interest,181.50,0.00,"30,612.43"
ID13833,01-Feb-2026,Payment,410.98,0.00,"22,047.33"
ID13833,29-Jan-2026,Interest,100.64,0.00,"46,985.05"
ID13833,11-Mar-2026,Interest,328.93,0.00,"72,810.68"
ID13833,09-Jan-2026,Reversal,0.00,665.16,"60,749.84"
ID13833,06-Feb-2026,Transfer,595.15,0.00,"7,222.74"
ID13833,22-Feb-2026,ATM Withdrawal,0.00,71.22,"68,811.95"
ID13833,05-Mar-2026,Debit Card,0.00,480.35,"71,021.14"
ID13834,16-Mar-2026,ATM Withdrawal,0.00,996.35,"72,615.73"
ID13834,07-Jan-2026,Debit Card,0.00,758.32,"39,237.10"
ID13834,23-Mar-2026,Direct Deposit,"3,341.22",0.00,"16,189.83"
ID13834,13-Mar-2026,Direct Deposit,"1,256.80",0.00,"99,220.01"
ID13834,24-Feb-2026,Debit Card,0.00,240.33,"94,226.58"
ID13834,30-Mar-2026,Charge,0.00,929.93,"44,751.63"
ID13834,25-Jan-2026,Debit Card,0.00,202.70,"2,171.64"
ID13834,16-Mar-2026,Debit Card,0.00,996.03,"99,863.35"
ID13834,14-Mar-2026,Debit Card,0.00,616.64,"70,830.80"
ID13834,21-Feb-2026,Debit Card,0.00,602.32,"93,914.07"
ID13834,31-Mar-2026,Interest,422.92,0.00,"62,755.46"
ID13834,28-Feb-2026,Transfer,0.00,"1,259.23","55,428.10"
ID13834,17-Mar-2026,Direct Deposit,"4,886.77",0.00,"57,715.96"
ID13834,27-Mar-2026,Reversal,0.00,866.34,"88,274.02"
ID13834,25-Feb-2026,Debit Card,0.00,668.51,"38,720.97"
ID13834,22-Jan-2026,Reversal,"1,320.00",0.00,"36,015.11"
ID13834,03-Apr-2026,Payment,0.00,332.95,"56,771.53"
ID13834,14-Jan-2026,Payment,454.01,0.00,"37,616.66"
ID13834,22-Feb-2026,Interest,366.02,0.00,"88,351.35"
ID13834,29-Mar-2026,Debit Card,0.00,483.38,"29,638.45"
ID13835,19-Mar-2026,Direct Deposit,"3,269.87",0.00,"92,471.10"
ID13835,05-Feb-2026,Interest,343.49,0.00,"84,848.23"
ID13835,17-Jan-2026,Interest,179.06,0.00,"49,303.77"
ID13835,19-Feb-2026,ATM Withdrawal,0.00,220.63,"58,436.39"
ID13835,20-Jan-2026,Interest,498.26,0.00,"66,209.47"
ID13835,08-Feb-2026,Interest,476.18,0.00,"76,343.10"
ID13835,06-Jan-2026,Charge,0.00,988.29,"79,764.80"
ID13835,26-Jan-2026,Reversal,"1,393.60",0.00,"90,796.72"
ID13835,17-Feb-2026,Payment,0.00,180.05,"11,531.73"
ID13835,16-Mar-2026,Charge,0.00,659.06,"12,696.47"
ID13835,14-Jan-2026,Charge,0.00,323.52,"25,391.25"
ID13835,25-Feb-2026,Charge,0.00,362.90,"2,594.32"
ID13835,27-Jan-2026,Transfer,0.00,986.04,"27,860.87"
ID13835,02-Mar-2026,Interest,310.34,0.00,"35,570.15"
ID13835,27-Jan-2026,Charge,0.00,48.67,"96,267.15"
ID13835,18-Jan-2026,Charge,0.00,703.39,"69,488.89"
ID13835,23-Feb-2026,Charge,0.00,715.88,"35,897.03"
ID13835,04-Feb-2026,Direct Deposit,"3,826.48",0.00,"19,398.60"
ID13835,08-Jan-2026,ATM Withdrawal,0.00,243.82,"25,965.28"
ID13835,25-Mar-2026,Debit Card,0.00,104.54,"31,069.32"
ID13836,20-Mar-2026,Charge,0.00,225.04,"67,327.04"
ID13836,28-Jan-2026,Transfer,0.00,667.04,"18,300.61"
ID13836,01-Apr-2026,Payment,365.37,0.00,"13,913.44"
ID13836,18-Feb-2026,Direct Deposit,"2,176.73",0.00,"91,674.11"
ID13836,10-Jan-2026,Charge,0.00,957.84,"29,442.19"
ID13836,11-Feb-2026,Debit Card,0.00,228.58,"64,172.19"
ID13836,06-Feb-2026,Transfer,597.54,0.00,"24,950.49"
ID13836,29-Mar-2026,Debit Card,0.00,963.55,"79,357.77"
ID13836,15-Jan-2026,Charge,0.00,805.98,"69,265.53"
ID13836,21-Mar-2026,ATM Withdrawal,0.00,95.77,"95,098.55"
ID13836,09-Feb-2026,Payment,0.00,65.87,"82,167.27"
ID13836,21-Jan-2026,Interest,489.76,0.00,"53,552.72"
ID13836,10-Mar-2026,Reversal,"1,701.70",0.00,"97,028.15"
ID13836,07-Mar-2026,Direct Deposit,"1,853.85",0.00,"59,602.20"
ID13836,08-Mar-2026,Debit Card,0.00,789.93,"86,490.09"
ID13836,02-Feb-2026,ATM Withdrawal,0.00,913.09,"70,493.08"
ID13836,13-Feb-2026,Charge,0.00,309.35,"26,870.80"
ID13836,27-Mar-2026,Payment,0.00,"1,441.05","90,347.53"
ID13836,16-Jan-2026,Debit Card,0.00,328.77,"32,320.19"
ID13836,15-Jan-2026,Charge,0.00,315.94,"33,070.08"
ID13837,09-Mar-2026,ATM Withdrawal,0.00,985.34,"51,027.96"
ID13837,03-Jan-2026,Reversal,0.00,"1,290.75","85,139.84"
ID13837,11-Mar-2026,Charge,0.00,747.21,"15,483.73"
ID13837,21-Feb-2026,Interest,97.05,0.00,"92,670.40"
ID13837,01-Mar-2026,Payment,0.00,791.40,"40,418.69"
ID13837,11-Mar-2026,Charge,0.00,73.61,"33,263.02"
ID13837,18-Mar-2026,Debit Card,0.00,383.90,"1,955.77"
ID13837,05-Mar-2026,Transfer,571.22,0.00,"5,090.08"
ID13837,27-Mar-2026,Transfer,0.00,"1,379.30","3,634.27"
ID13837,04-Jan-2026,Charge,0.00,683.66,"90,546.21"
ID13837,24-Mar-2026,Debit Card,0.00,966.61,"29,103.53"
ID13837,31-Mar-2026,Charge,0.00,335.56,"74,164.63"
ID13837,01-Apr-2026,ATM Withdrawal,0.00,749.67,"6,693.73"
ID13837,09-Jan-2026,Charge,0.00,633.74,"48,095.13"
ID13837,16-Jan-2026,Reversal,0.00,225.09,"85,687.23"
ID13837,25-Mar-2026,Charge,0.00,955.00,"80,907.67"
ID13837,27-Feb-2026,Reversal,657.57,0.00,"94,189.96"
ID13837,23-Jan-2026,ATM Withdrawal,0.00,167.76,"76,805.01"
ID13837,19-Jan-2026,ATM Withdrawal,0.00,720.87,"72,946.79"
ID13837,27-Mar-2026,Interest,70.03,0.00,"50,623.08"
ID13838,13-Mar-2026,Payment,626.98,0.00,"37,823.35"
ID13838,24-Feb-2026,Transfer,0.00,147.09,"30,365.98"
ID13838,02-Feb-2026,Payment,"1,300.20",0.00,"48,022.83"
ID13838,12-Mar-2026,Interest,486.57,0.00,"73,657.98"
ID13838,03-Jan-2026,Interest,413.23,0.00,"42,528.96"
ID13838,29-Jan-2026,Debit Card,0.00,107.72,"61,057.08"
ID13838,21-Feb-2026,Interest,454.06,0.00,"67,812.52"
ID13838,13-Jan-2026,Direct Deposit,599.97,0.00,"36,123.82"
ID13838,16-Mar-2026,Interest,64.05,0.00,"8,922.40"
ID13838,06-Mar-2026,ATM Withdrawal,0.00,784.20,"42,169.92"
ID13838,19-Feb-2026,Debit Card,0.00,861.82,"79,287.80"
ID13838,25-Mar-2026,Charge,0.00,993.36,"3,069.33"
ID13838,11-Feb-2026,Charge,0.00,223.16,"16,264.55"
ID13838,23-Jan-2026,Transfer,0.00,336.67,"55,449.79"
ID13838,12-Jan-2026,Interest,65.13,0.00,"60,281.13"
ID13838,31-Jan-2026,Charge,0.00,450.15,"31,647.26"
ID13838,13-Feb-2026,Payment,0.00,924.14,"47,010.12"
ID13838,20-Mar-2026,Direct Deposit,"3,476.13",0.00,"20,073.18"
ID13838,01-Feb-2026,Charge,0.00,825.04,"79,995.13"
ID13838,12-Jan-2026,Payment,"1,943.51",0.00,"38,867.59"
ID13839,01-Mar-2026,Payment,0.00,805.89,"27,493.30"
ID13839,18-Mar-2026,Charge,0.00,888.12,"80,384.97"
ID13839,23-Feb-2026,Charge,0.00,269.45,"6,923.88"
ID13839,06-Feb-2026,Direct Deposit,"2,016.45",0.00,"56,070.74"
ID13839,07-Mar-2026,Direct Deposit,"3,228.84",0.00,"92,066.97"
ID13839,04-Jan-2026,Interest,399.11,0.00,"22,244.46"
ID13839,13-Jan-2026,Interest,44.55,0.00,"54,561.10"
ID13839,23-Feb-2026,Direct Deposit,"3,951.51",0.00,"65,944.78"
ID13839,12-Feb-2026,Direct Deposit,"4,570.13",0.00,"12,007.54"
ID13839,14-Feb-2026,Debit Card,0.00,863.94,"66,304.59"
ID13839,27-Jan-2026,Reversal,0.00,426.33,"81,566.32"
ID13839,03-Feb-2026,Reversal,"1,227.47",0.00,"24,965.22"
ID13839,24-Jan-2026,Transfer,0.00,"1,457.97","58,466.57"
ID13839,19-Jan-2026,Direct Deposit,"1,687.75",0.00,"25,809.41"
ID13839,01-Mar-2026,Payment,0.00,107.32,"11,087.87"
ID13839,25-Feb-2026,Debit Card,0.00,117.35,"35,821.70"
ID13839,20-Mar-2026,Interest,151.29,0.00,"40,040.57"
ID13839,25-Jan-2026,Debit Card,0.00,478.40,"9,270.89"
ID13839,12-Jan-2026,Debit Card,0.00,630.98,"68,874.93"
ID13839,28-Feb-2026,Transfer,0.00,179.70,"25,211.79"
ID13840,07-Mar-2026,Transfer,0.00,116.47,"49,699.24"
ID13840,27-Mar-2026,ATM Withdrawal,0.00,781.35,"39,841.66"
ID13840,13-Mar-2026,Direct Deposit,"2,495.95",0.00,"71,986.26"
ID13840,25-Feb-2026,Transfer,0.00,918.47,"1,633.60"
ID13840,16-Feb-2026,Transfer,0.00,"1,407.34","6,015.55"
ID13840,18-Jan-2026,Debit Card,0.00,677.52,"29,288.03"
ID13840,16-Mar-2026,Payment,307.82,0.00,"16,327.57"
ID13840,13-Mar-2026,ATM Withdrawal,0.00,322.32,"75,966.41"
ID13840,30-Jan-2026,Debit Card,0.00,327.53,"66,199.03"
ID13840,11-Jan-2026,ATM Withdrawal,0.00,494.34,"11,196.38"
ID13840,01-Feb-2026,Payment,"1,515.09",0.00,"7,276.13"
ID13840,13-Jan-2026,ATM Withdrawal,0.00,171.81,"30,482.70"
ID13840,28-Feb-2026,ATM Withdrawal,0.00,283.41,"76,318.73"
ID13840,22-Feb-2026,ATM Withdrawal,0.00,371.99,"12,847.79"
ID13840,22-Feb-2026,Debit Card,0.00,621.17,"70,211.84"
ID13840,07-Feb-2026,ATM Withdrawal,0.00,546.76,"22,383.69"
ID13840,07-Feb-2026,Transfer,0.00,"1,222.50","69,818.39"
ID13840,11-Feb-2026,Interest,241.20,0.00,"45,912.55"
ID13840,22-Feb-2026,Interest,476.11,0.00,"49,910.18"
ID13840,06-Mar-2026,Payment,0.00,482.85,"83,307.78"
ID13841,29-Mar-2026,Debit Card,0.00,813.98,"64,534.24"
ID13841,09-Jan-2026,Charge,0.00,291.48,"93,823.08"
ID13841,13-Mar-2026,Debit Card,0.00,262.78,"13,685.07"
ID13841,24-Feb-2026,Payment,0.00,"1,105.84","39,574.31"
ID13841,11-Mar-2026,Debit Card,0.00,913.64,"21,226.27"
ID13841,01-Apr-2026,Debit Card,0.00,206.90,"36,535.29"
ID13841,24-Feb-2026,Debit Card,0.00,562.71,"37,845.87"
ID13841,04-Jan-2026,Interest,294.50,0.00,"47,704.82"
ID13841,24-Jan-2026,ATM Withdrawal,0.00,398.11,"16,794.19"
ID13841,04-Feb-2026,ATM Withdrawal,0.00,449.75,"46,302.03"
ID13841,25-Jan-2026,Transfer,"1,672.39",0.00,"82,147.57"
ID13841,16-Jan-2026,ATM Withdrawal,0.00,549.57,"95,084.49"
ID13841,19-Jan-2026,Interest,15.32,0.00,"25,529.01"
ID13841,21-Jan-2026,Charge,0.00,883.63,"60,853.62"
ID13841,05-Mar-2026,Charge,0.00,943.06,"27,972.55"
ID13841,31-Jan-2026,ATM Withdrawal,0.00,181.51,"4,783.87"
ID13841,22-Feb-2026,ATM Withdrawal,0.00,958.42,"9,021.05"
ID13841,27-Feb-2026,Interest,254.15,0.00,"73,134.95"
ID13841,22-Feb-2026,Interest,374.62,0.00,"63,469.64"
ID13841,13-Feb-2026,ATM Withdrawal,0.00,664.76,"14,659.66"
ID13842,18-Mar-2026,Debit Card,0.00,898.49,"70,155.71"
ID13842,27-Mar-2026,Interest,318.92,0.00,"5,398.47"
ID13842,22-Mar-2026,Debit Card,0.00,777.52,"81,966.47"
ID13842,01-Apr-2026,Payment,0.00,728.71,"64,764.83"
ID13842,29-Mar-2026,Payment,0.00,875.91,"27,043.19"
ID13842,10-Feb-2026,Transfer,"1,264.31",0.00,"93,897.58"
ID13842,14-Feb-2026,ATM Withdrawal,0.00,484.77,"94,628.85"
ID13842,03-Mar-2026,Charge,0.00,614.57,"11,536.56"
ID13842,15-Mar-2026,Debit Card,0.00,325.76,"52,894.06"
ID13842,17-Jan-2026,Payment,0.00,"1,420.72","86,591.70"
ID13842,13-Jan-2026,ATM Withdrawal,0.00,986.06,"20,587.78"
ID13842,16-Feb-2026,Charge,0.00,868.91,"83,938.73"
ID13842,23-Mar-2026,Transfer,"1,821.35",0.00,"75,606.58"
ID13842,08-Feb-2026,Transfer,"1,120.91",0.00,"84,497.04"
ID13842,17-Mar-2026,Transfer,"1,448.51",0.00,"17,554.59"
ID13842,20-Mar-2026,Reversal,"1,433.82",0.00,"95,575.03"
ID13842,25-Feb-2026,Transfer,579.95,0.00,"85,591.87"
ID13842,05-Feb-2026,Interest,227.24,0.00,"35,282.74"
ID13842,24-Jan-2026,Payment,947.49,0.00,"12,973.86"
ID13842,31-Jan-2026,Reversal,0.00,969.60,"59,852.74"
ID13843,30-Mar-2026,Interest,345.98,0.00,"90,862.42"
ID13843,23-Feb-2026,Interest,190.54,0.00,"84,191.42"
ID13843,24-Jan-2026,Debit Card,0.00,901.00,"67,425.05"
ID13843,03-Apr-2026,Charge,0.00,939.88,"95,118.91"
ID13843,29-Jan-2026,Payment,"1,060.82",0.00,"54,793.35"
ID13843,24-Feb-2026,Payment,613.02,0.00,"18,616.42"
ID13843,16-Jan-2026,ATM Withdrawal,0.00,657.77,"61,215.46"
ID13843,22-Jan-2026,ATM Withdrawal,0.00,674.10,"67,271.47"
ID13843,15-Jan-2026,ATM Withdrawal,0.00,626.55,"23,744.12"
ID13843,28-Mar-2026,Charge,0.00,676.26,"88,444.93"
ID13843,29-Jan-2026,ATM Withdrawal,0.00,313.79,"78,124.60"
ID13843,03-Mar-2026,Charge,0.00,874.60,"94,783.56"
ID13843,28-Jan-2026,Interest,486.78,0.00,"69,103.45"
ID13843,07-Feb-2026,Transfer,828.38,0.00,"56,210.63"
ID13843,29-Jan-2026,Interest,479.22,0.00,"11,853.26"
ID13843,14-Jan-2026,Transfer,"1,248.95",0.00,"20,238.07"
ID13843,05-Jan-2026,Charge,0.00,635.23,"68,508.31"
ID13843,17-Jan-2026,Direct Deposit,"3,134.98",0.00,"8,317.31"
ID13843,09-Jan-2026,Interest,212.36,0.00,"65,335.90"
ID13843,18-Mar-2026,ATM Withdrawal,0.00,971.81,"59,709.73"
ID13844,27-Jan-2026,Direct Deposit,"3,551.21",0.00,"7,191.20"
ID13844,25-Jan-2026,Transfer,0.00,301.51,"51,441.63"
ID13844,12-Feb-2026,Transfer,0.00,222.56,"19,901.30"
ID13844,06-Feb-2026,Direct Deposit,"1,107.68",0.00,"1,294.22"
ID13844,30-Mar-2026,Payment,0.00,626.89,"92,785.60"
ID13844,09-Feb-2026,Debit Card,0.00,194.75,"71,861.09"
ID13844,21-Jan-2026,Payment,"1,377.20",0.00,"17,317.16"
ID13844,31-Mar-2026,Direct Deposit,"3,720.90",0.00,"12,875.26"
ID13844,18-Jan-2026,Debit Card,0.00,484.63,"43,015.16"
ID13844,30-Mar-2026,ATM Withdrawal,0.00,842.76,"5,777.31"
ID13844,25-Mar-2026,Payment,0.00,620.24,"74,101.40"
ID13844,01-Feb-2026,Transfer,119.43,0.00,"54,085.39"
ID13844,31-Mar-2026,Reversal,"1,368.70",0.00,"55,818.76"
ID13844,21-Jan-2026,Reversal,"1,840.06",0.00,"99,875.12"
ID13844,02-Feb-2026,Debit Card,0.00,154.63,"7,419.11"
ID13844,12-Feb-2026,ATM Withdrawal,0.00,729.82,"96,528.76"
ID13844,25-Jan-2026,Transfer,0.00,840.98,"55,443.36"
ID13844,12-Jan-2026,Debit Card,0.00,347.12,"26,667.86"
ID13844,05-Feb-2026,Direct Deposit,"2,351.25",0.00,"89,255.99"
ID13844,01-Apr-2026,Debit Card,0.00,315.46,"58,451.02"
ID13845,11-Feb-2026,Transfer,"1,013.64",0.00,"94,536.22"
ID13845,24-Feb-2026,Charge,0.00,804.25,"28,707.47"
ID13845,29-Jan-2026,Charge,0.00,225.07,"88,637.86"
ID13845,23-Feb-2026,ATM Withdrawal,0.00,691.76,"5,235.31"
ID13845,21-Jan-2026,Charge,0.00,282.36,"96,251.73"
ID13845,12-Mar-2026,Transfer,"1,760.16",0.00,"93,786.33"
ID13845,09-Feb-2026,ATM Withdrawal,0.00,933.51,"74,646.62"
ID13845,23-Jan-2026,Payment,"1,107.09",0.00,"2,131.51"
ID13845,08-Jan-2026,Interest,391.75,0.00,"11,816.22"
ID13845,19-Mar-2026,Payment,"1,825.39",0.00,"41,368.27"
ID13845,29-Mar-2026,Payment,0.00,965.44,"18,870.65"
ID13845,02-Feb-2026,Reversal,416.29,0.00,"13,046.83"
ID13845,22-Jan-2026,Charge,0.00,827.84,"64,998.67"
ID13845,20-Mar-2026,Transfer,"1,308.42",0.00,"28,203.06"
ID13845,03-Apr-2026,Transfer,0.00,"1,335.50","59,856.89"
ID13845,06-Jan-2026,Interest,430.40,0.00,"39,553.72"
ID13845,20-Mar-2026,Reversal,"1,064.52",0.00,"3,877.87"
ID13845,27-Jan-2026,Direct Deposit,"3,540.47",0.00,"27,029.14"
ID13845,11-Mar-2026,Debit Card,0.00,835.28,"19,854.78"
ID13845,10-Jan-2026,Reversal,0.00,896.58,"42,142.50"
ID13846,07-Mar-2026,Transfer,0.00,102.45,"42,937.65"
ID13846,11-Mar-2026,Transfer,"1,789.80",0.00,"91,966.48"
ID13846,11-Mar-2026,Interest,42.13,0.00,"30,563.37"
ID13846,03-Mar-2026,Debit Card,0.00,797.26,"41,843.77"
ID13846,06-Feb-2026,Charge,0.00,178.37,"96,552.20"
ID13846,02-Feb-2026,Direct Deposit,682.99,0.00,"11,817.86"
ID13846,01-Mar-2026,Transfer,612.48,0.00,"53,331.12"
ID13846,22-Jan-2026,Reversal,0.00,"1,438.99","12,625.55"
ID13846,13-Mar-2026,Transfer,0.00,839.97,"56,193.01"
ID13846,02-Apr-2026,Interest,312.11,0.00,"1,932.45"
ID13846,11-Feb-2026,Transfer,417.74,0.00,"84,812.78"
ID13846,18-Mar-2026,Reversal,457.46,0.00,"68,016.84"
ID13846,04-Mar-2026,Interest,109.62,0.00,"23,423.25"
ID13846,15-Mar-2026,ATM Withdrawal,0.00,959.97,"9,450.95"
ID13846,20-Mar-2026,ATM Withdrawal,0.00,233.47,"53,020.72"
ID13846,17-Mar-2026,Interest,280.87,0.00,"4,504.52"
ID13846,24-Jan-2026,Transfer,"1,429.74",0.00,"89,799.06"
ID13846,09-Mar-2026,Debit Card,0.00,446.83,"8,163.58"
ID13846,01-Mar-2026,Charge,0.00,787.87,"33,463.78"
ID13846,09-Feb-2026,Charge,0.00,93.67,"11,721.98"
ID13847,12-Feb-2026,Charge,0.00,747.43,"24,795.10"
ID13847,31-Jan-2026,Payment,0.00,535.18,"92,958.94"
ID13847,16-Mar-2026,Transfer,"1,235.28",0.00,"30,539.60"
ID13847,22-Jan-2026,ATM Withdrawal,0.00,516.13,"41,024.84"
ID13847,04-Mar-2026,Direct Deposit,"2,993.52",0.00,"62,210.09"
ID13847,24-Mar-2026,Charge,0.00,569.85,"39,030.69"
ID13847,13-Jan-2026,Debit Card,0.00,854.27,"48,681.06"
ID13847,30-Mar-2026,Debit Card,0.00,133.17,"61,993.19"
ID13847,05-Feb-2026,Debit Card,0.00,932.91,"6,319.74"
ID13847,28-Feb-2026,Charge,0.00,862.19,"71,076.46"
ID13847,22-Mar-2026,ATM Withdrawal,0.00,794.79,"78,922.79"
ID13847,27-Feb-2026,Debit Card,0.00,990.43,"32,382.29"
ID13847,09-Feb-2026,Direct Deposit,"3,857.23",0.00,"42,345.52"
ID13847,20-Mar-2026,Charge,0.00,720.42,"63,939.99"
ID13847,10-Mar-2026,Direct Deposit,"4,146.59",0.00,"50,831.17"
ID13847,22-Mar-2026,Direct Deposit,"4,975.85",0.00,"8,364.98"
ID13847,31-Jan-2026,Payment,0.00,651.11,"96,741.98"
ID13847,31-Jan-2026,ATM Withdrawal,0.00,948.22,"60,889.46"
ID13847,20-Mar-2026,Charge,0.00,457.01,"64,487.02"
ID13847,11-Mar-2026,Interest,280.56,0.00,"57,013.71"
ID13848,22-Jan-2026,Interest,35.28,0.00,"93,364.32"
ID13848,24-Jan-2026,Debit Card,0.00,516.34,"8,319.68"
ID13848,18-Feb-2026,ATM Withdrawal,0.00,580.21,"51,008.77"
ID13848,03-Apr-2026,Debit Card,0.00,605.68,"6,623.16"
ID13848,12-Mar-2026,Direct Deposit,729.36,0.00,"68,425.58"
ID13848,28-Feb-2026,ATM Withdrawal,0.00,698.73,"37,496.14"
ID13848,09-Feb-2026,Payment,"1,287.38",0.00,"33,700.44"
ID13848,14-Jan-2026,Transfer,"1,476.60",0.00,"16,137.82"
ID13848,30-Jan-2026,Reversal,0.00,278.22,"1,660.58"
ID13848,15-Feb-2026,ATM Withdrawal,0.00,564.46,"79,539.31"
ID13848,02-Mar-2026,ATM Withdrawal,0.00,754.65,"31,936.17"
ID13848,26-Jan-2026,Reversal,0.00,974.22,"61,743.08"
ID13848,14-Feb-2026,Debit Card,0.00,881.00,"30,837.69"
ID13848,08-Feb-2026,ATM Withdrawal,0.00,966.15,"66,413.59"
ID13848,12-Mar-2026,Reversal,0.00,"1,463.39","45,066.85"
ID13848,21-Jan-2026,Charge,0.00,171.52,"67,347.48"
ID13848,01-Feb-2026,Charge,0.00,950.96,"74,927.72"
ID13848,10-Mar-2026,Payment,0.00,474.96,"96,562.73"
ID13848,26-Feb-2026,Transfer,936.43,0.00,"8,751.55"
ID13848,07-Feb-2026,Debit Card,0.00,795.79,"72,330.62"
ID13849,19-Mar-2026,Reversal,0.00,583.21,"60,892.57"
ID13849,24-Jan-2026,Transfer,898.19,0.00,"88,155.37"
ID13849,24-Mar-2026,ATM Withdrawal,0.00,810.45,"76,514.69"
ID13849,12-Feb-2026,Transfer,0.00,"1,383.10","43,540.05"
ID13849,07-Feb-2026,Charge,0.00,271.69,"20,015.02"
ID13849,26-Jan-2026,Debit Card,0.00,405.18,"44,920.25"
ID13849,16-Jan-2026,Reversal,0.00,"1,421.55","70,231.77"
ID13849,12-Jan-2026,Debit Card,0.00,92.86,"78,224.05"
ID13849,21-Jan-2026,Reversal,0.00,127.23,"1,594.04"
ID13849,07-Feb-2026,Payment,0.00,790.86,"22,657.62"
ID13849,04-Jan-2026,ATM Withdrawal,0.00,999.32,"80,783.19"
ID13849,29-Jan-2026,Direct Deposit,"2,067.19",0.00,"88,691.98"
ID13849,24-Mar-2026,Interest,20.93,0.00,"97,165.90"
ID13849,03-Mar-2026,Charge,0.00,543.74,"62,136.92"
ID13849,07-Jan-2026,Payment,"1,279.75",0.00,"55,400.49"
ID13849,21-Mar-2026,ATM Withdrawal,0.00,99.30,"69,074.75"
ID13849,08-Feb-2026,ATM Withdrawal,0.00,355.61,"37,311.74"
ID13849,13-Jan-2026,ATM Withdrawal,0.00,15.95,"82,591.62"
ID13849,24-Feb-2026,Debit Card,0.00,613.37,"41,113.47"
ID13849,11-Mar-2026,Reversal,632.23,0.00,"69,646.09"
ID13850,02-Feb-2026,Payment,0.00,716.00,"98,533.65"
ID13850,13-Jan-2026,Reversal,"1,480.90",0.00,"33,607.30"
ID13850,31-Jan-2026,Transfer,"1,708.09",0.00,"76,779.99"
ID13850,05-Feb-2026,Interest,167.24,0.00,"23,130.05"
ID13850,29-Mar-2026,Payment,0.00,806.99,"54,252.31"
ID13850,22-Mar-2026,Charge,0.00,320.34,"46,523.27"
ID13850,06-Jan-2026,Payment,"1,171.45",0.00,"22,816.36"
ID13850,06-Mar-2026,Charge,0.00,604.65,"64,447.73"
ID13850,20-Mar-2026,Payment,0.00,"1,482.40","48,916.18"
ID13850,06-Mar-2026,Direct Deposit,"4,330.18",0.00,"79,252.04"
ID13850,15-Jan-2026,ATM Withdrawal,0.00,472.29,"28,837.55"
ID13850,01-Feb-2026,Direct Deposit,"2,708.31",0.00,"77,845.59"
ID13850,30-Mar-2026,Charge,0.00,221.63,"98,184.18"
ID13850,08-Jan-2026,Interest,300.33,0.00,"83,391.69"
ID13850,21-Feb-2026,Charge,0.00,850.75,"65,438.18"
ID13850,25-Mar-2026,Transfer,514.88,0.00,"80,762.83"
ID13850,20-Jan-2026,Debit Card,0.00,681.58,"23,864.45"
ID13850,17-Mar-2026,Interest,263.64,0.00,"79,888.11"
ID13850,31-Mar-2026,Direct Deposit,"2,856.50",0.00,"34,774.97"
ID13850,14-Feb-2026,Transfer,0.00,78.47,"52,568.20"
ID13851,31-Jan-2026,Debit Card,0.00,880.69,"37,100.69"
ID13851,07-Mar-2026,Payment,0.00,"1,008.90","65,813.14"
ID13851,16-Jan-2026,Interest,487.84,0.00,"69,938.16"
ID13851,23-Jan-2026,Interest,163.73,0.00,"63,403.94"
ID13851,03-Apr-2026,ATM Withdrawal,0.00,376.81,"18,684.54"
ID13851,15-Jan-2026,Transfer,861.02,0.00,"89,246.35"
ID13851,16-Jan-2026,Charge,0.00,947.17,"5,456.66"
ID13851,17-Feb-2026,Direct Deposit,"3,678.83",0.00,"22,414.30"
ID13851,07-Jan-2026,Payment,"1,371.42",0.00,"6,403.97"
ID13851,09-Mar-2026,Payment,0.00,"1,170.88","23,778.02"
ID13851,03-Apr-2026,Payment,965.31,0.00,"59,666.29"
ID13851,11-Feb-2026,Interest,96.41,0.00,"1,536.52"
ID13851,14-Feb-2026,ATM Withdrawal,0.00,833.36,"20,465.14"
ID13851,14-Feb-2026,Debit Card,0.00,347.62,"52,460.81"
ID13851,13-Jan-2026,Interest,142.26,0.00,"57,332.28"
ID13851,08-Jan-2026,Reversal,"1,498.98",0.00,"23,362.59"
ID13851,17-Feb-2026,Debit Card,0.00,602.09,"97,507.40"
ID13851,19-Jan-2026,Payment,"1,689.61",0.00,"43,449.19"
ID13851,22-Jan-2026,Debit Card,0.00,159.26,"24,997.99"
ID13851,05-Mar-2026,Reversal,117.83,0.00,"15,140.21"
ID13852,09-Mar-2026,ATM Withdrawal,0.00,732.54,"85,016.73"
ID13852,04-Mar-2026,ATM Withdrawal,0.00,785.61,"42,301.36"
ID13852,15-Jan-2026,Payment,0.00,"1,172.74","19,483.33"
ID13852,31-Jan-2026,Interest,191.19,0.00,"86,972.70"
ID13852,14-Feb-2026,Reversal,0.00,313.59,"31,624.37"
ID13852,07-Jan-2026,Direct Deposit,"2,294.12",0.00,"58,101.49"
ID13852,08-Mar-2026,Reversal,0.00,"1,172.84","17,440.92"
ID13852,28-Jan-2026,Direct Deposit,"3,078.44",0.00,"16,343.38"
ID13852,09-Feb-2026,Interest,103.49,0.00,"65,791.90"
ID13852,21-Feb-2026,Debit Card,0.00,205.01,"52,991.16"
ID13852,14-Feb-2026,Direct Deposit,"4,994.58",0.00,"19,839.36"
ID13852,01-Feb-2026,Debit Card,0.00,87.04,"68,754.02"
ID13852,25-Mar-2026,Debit Card,0.00,43.46,"92,750.69"
ID13852,13-Jan-2026,Debit Card,0.00,434.05,"4,764.04"
ID13852,20-Feb-2026,ATM Withdrawal,0.00,908.46,"85,186.96"
ID13852,19-Jan-2026,Debit Card,0.00,450.04,"15,892.22"
ID13852,20-Mar-2026,Charge,0.00,487.07,"82,514.09"
ID13852,17-Mar-2026,Reversal,0.00,449.80,"70,056.02"
ID13852,26-Mar-2026,Direct Deposit,"1,504.54",0.00,"56,807.78"
ID13852,22-Mar-2026,Reversal,0.00,215.67,"55,374.37"
ID13853,02-Mar-2026,ATM Withdrawal,0.00,718.54,"77,845.39"
ID13853,19-Feb-2026,ATM Withdrawal,0.00,850.12,"34,304.57"
ID13853,15-Mar-2026,Reversal,0.00,545.39,"99,636.95"
ID13853,04-Jan-2026,Direct Deposit,"2,390.73",0.00,"50,202.24"
ID13853,05-Jan-2026,Reversal,"1,227.87",0.00,"6,034.19"
ID13853,04-Mar-2026,Reversal,190.21,0.00,"30,836.59"
ID13853,21-Jan-2026,ATM Withdrawal,0.00,18.19,"90,561.55"
ID13853,21-Mar-2026,Transfer,0.00,"1,061.63","62,756.26"
ID13853,07-Mar-2026,Payment,0.00,634.41,"50,732.11"
ID13853,16-Jan-2026,ATM Withdrawal,0.00,772.60,"83,847.85"
ID13853,25-Jan-2026,Transfer,"1,350.10",0.00,"37,454.74"
ID13853,16-Mar-2026,Transfer,462.07,0.00,"72,571.23"
ID13853,31-Mar-2026,Reversal,"1,867.43",0.00,"91,571.25"
ID13853,01-Apr-2026,Interest,86.62,0.00,"41,697.25"
ID13853,08-Jan-2026,Reversal,0.00,"1,146.83","51,768.38"
ID13853,18-Feb-2026,Payment,0.00,"1,071.50","53,251.91"
ID13853,21-Jan-2026,Reversal,0.00,"1,240.60","17,447.64"
ID13853,04-Mar-2026,Transfer,0.00,76.59,"91,440.11"
ID13853,08-Mar-2026,Charge,0.00,229.36,"17,807.30"
ID13853,25-Mar-2026,Charge,0.00,734.46,"33,126.64"
ID13854,05-Jan-2026,ATM Withdrawal,0.00,247.32,"7,646.77"
ID13854,29-Jan-2026,Interest,335.30,0.00,"27,086.14"
ID13854,24-Mar-2026,ATM Withdrawal,0.00,914.81,"53,870.20"
ID13854,27-Jan-2026,Transfer,0.00,973.06,"58,007.71"
ID13854,13-Feb-2026,Reversal,0.00,587.31,"91,823.22"
ID13854,23-Jan-2026,Transfer,0.00,"1,368.62","19,438.20"
ID13854,03-Apr-2026,Interest,487.32,0.00,"46,677.83"
ID13854,08-Mar-2026,ATM Withdrawal,0.00,201.36,"89,048.79"
ID13854,14-Feb-2026,Payment,"1,452.79",0.00,"4,968.87"
ID13854,09-Feb-2026,Charge,0.00,142.27,"17,341.15"
ID13854,02-Feb-2026,Charge,0.00,675.10,"97,486.67"
ID13854,18-Mar-2026,Transfer,625.54,0.00,"99,498.95"
ID13854,13-Feb-2026,ATM Withdrawal,0.00,89.27,"20,329.76"
ID13854,30-Mar-2026,Payment,0.00,"1,223.35","3,668.10"
ID13854,23-Jan-2026,ATM Withdrawal,0.00,878.66,"88,408.90"
ID13854,24-Feb-2026,Debit Card,0.00,960.93,"29,063.82"
ID13854,11-Jan-2026,Charge,0.00,504.88,"52,586.40"
ID13854,12-Feb-2026,Payment,907.80,0.00,"66,646.02"
ID13854,28-Feb-2026,Payment,0.00,"1,065.59","46,995.11"
ID13854,18-Jan-2026,Payment,0.00,891.41,"52,104.10"
ID13855,23-Jan-2026,Transfer,"1,256.00",0.00,"98,575.51"
ID13855,26-Feb-2026,Interest,91.09,0.00,"30,981.98"
ID13855,24-Mar-2026,ATM Withdrawal,0.00,408.98,"87,345.58"
ID13855,25-Mar-2026,Charge,0.00,825.21,"67,952.72"
ID13855,21-Jan-2026,Charge,0.00,777.01,"9,208.99"
ID13855,26-Feb-2026,Direct Deposit,"2,750.42",0.00,"46,970.40"
ID13855,19-Mar-2026,Debit Card,0.00,465.87,"55,850.83"
ID13855,20-Jan-2026,Reversal,325.31,0.00,"78,890.51"
ID13855,11-Jan-2026,Interest,332.79,0.00,"64,551.65"
ID13855,27-Jan-2026,Charge,0.00,797.72,"28,154.80"
ID13855,18-Jan-2026,Reversal,0.00,"1,218.32","71,821.25"
ID13855,28-Jan-2026,Debit Card,0.00,773.40,"41,125.22"
ID13855,10-Feb-2026,Transfer,0.00,"1,109.02","36,458.46"
ID13855,15-Mar-2026,Charge,0.00,509.08,"92,821.66"
ID13855,15-Mar-2026,ATM Withdrawal,0.00,758.54,"79,505.68"
ID13855,21-Mar-2026,Interest,214.48,0.00,"66,301.46"
ID13855,20-Feb-2026,Direct Deposit,708.63,0.00,"78,653.00"
ID13855,28-Mar-2026,Interest,289.26,0.00,"11,825.66"
ID13855,29-Mar-2026,Interest,348.91,0.00,"20,317.22"
ID13855,27-Mar-2026,Debit Card,0.00,642.93,"3,204.58"
ID13856,25-Jan-2026,Payment,0.00,928.05,"31,466.53"
ID13856,13-Jan-2026,Charge,0.00,196.17,"51,671.51"
ID13856,21-Jan-2026,Debit Card,0.00,506.42,"67,757.87"
ID13856,01-Feb-2026,Transfer,"1,760.19",0.00,"88,765.81"
ID13856,15-Feb-2026,Direct Deposit,"2,040.64",0.00,"11,362.33"
ID13856,31-Jan-2026,Payment,0.00,"1,099.46","9,327.50"
ID13856,22-Mar-2026,Charge,0.00,290.63,"66,748.62"
ID13856,25-Jan-2026,Interest,154.26,0.00,"22,538.93"
ID13856,21-Jan-2026,Interest,412.07,0.00,"58,906.99"
ID13856,01-Feb-2026,ATM Withdrawal,0.00,749.46,"28,842.73"
ID13856,16-Mar-2026,Reversal,928.37,0.00,"52,737.57"
ID13856,07-Feb-2026,Debit Card,0.00,698.26,"52,531.19"
ID13856,12-Jan-2026,Debit Card,0.00,692.14,"35,333.90"
ID13856,20-Mar-2026,Transfer,"1,095.81",0.00,"94,105.45"
ID13856,03-Jan-2026,ATM Withdrawal,0.00,507.92,"59,900.42"
ID13856,13-Mar-2026,Payment,772.62,0.00,"14,629.29"
ID13856,15-Jan-2026,Charge,0.00,917.13,"60,859.23"
ID13856,20-Jan-2026,Interest,473.56,0.00,"44,737.14"
ID13856,08-Mar-2026,Charge,0.00,626.58,"29,868.58"
ID13856,04-Jan-2026,Charge,0.00,768.21,"57,139.69"
ID13857,12-Jan-2026,ATM Withdrawal,0.00,519.06,"82,824.35"
ID13857,02-Mar-2026,Direct Deposit,"4,392.99",0.00,"4,669.98"
ID13857,01-Feb-2026,Transfer,0.00,"1,427.10","87,810.92"
ID13857,17-Jan-2026,ATM Withdrawal,0.00,556.28,"85,978.54"
ID13857,19-Mar-2026,Transfer,0.00,"1,191.43","14,785.43"
ID13857,03-Apr-2026,Direct Deposit,"3,306.47",0.00,"88,183.61"
ID13857,08-Feb-2026,Direct Deposit,964.82,0.00,"57,259.04"
ID13857,03-Apr-2026,Charge,0.00,265.25,"98,304.66"
ID13857,21-Jan-2026,Payment,0.00,538.88,"4,321.74"
ID13857,15-Mar-2026,Reversal,0.00,524.32,"91,342.61"
ID13857,28-Jan-2026,Direct Deposit,"3,050.54",0.00,"8,535.36"
ID13857,28-Mar-2026,Transfer,"1,183.92",0.00,"41,301.86"
ID13857,27-Mar-2026,Direct Deposit,"2,966.16",0.00,"41,370.77"
ID13857,08-Mar-2026,Direct Deposit,"2,186.49",0.00,"83,001.16"
ID13857,01-Apr-2026,Reversal,305.73,0.00,"7,231.22"
ID13857,13-Mar-2026,Direct Deposit,"3,061.45",0.00,"83,589.45"
ID13857,13-Feb-2026,Interest,98.39,0.00,"13,023.67"
ID13857,02-Feb-2026,Interest,152.28,0.00,"58,523.77"
ID13857,13-Jan-2026,Reversal,"1,482.53",0.00,"55,713.36"
ID13857,17-Feb-2026,ATM Withdrawal,0.00,54.75,"46,751.74"
ID13858,24-Mar-2026,Debit Card,0.00,51.41,"46,800.35"
ID13858,03-Jan-2026,ATM Withdrawal,0.00,328.72,"93,025.76"
ID13858,08-Mar-2026,Payment,"1,047.84",0.00,"48,059.32"
ID13858,18-Mar-2026,Charge,0.00,670.87,"2,524.43"
ID13858,03-Jan-2026,Payment,"1,493.77",0.00,"3,304.15"
ID13858,02-Apr-2026,Payment,0.00,"1,086.57","69,929.17"
ID13858,15-Feb-2026,Charge,0.00,17.24,"19,009.80"
ID13858,09-Feb-2026,ATM Withdrawal,0.00,657.38,"92,132.00"
ID13858,21-Feb-2026,Transfer,0.00,"1,065.00","17,864.35"
ID13858,12-Mar-2026,ATM Withdrawal,0.00,696.16,"28,927.90"
ID13858,28-Mar-2026,Direct Deposit,"4,544.36",0.00,"42,421.67"
ID13858,10-Jan-2026,Direct Deposit,"3,003.23",0.00,"57,990.25"
ID13858,05-Jan-2026,Payment,"1,829.10",0.00,"33,208.56"
ID13858,20-Feb-2026,Transfer,0.00,597.69,"95,266.68"
ID13858,13-Jan-2026,Interest,382.07,0.00,"30,762.39"
ID13858,01-Mar-2026,Charge,0.00,134.65,"60,255.27"
ID13858,12-Feb-2026,Interest,195.34,0.00,"86,982.01"
ID13858,12-Mar-2026,Debit Card,0.00,323.70,"61,124.59"
ID13858,13-Feb-2026,Debit Card,0.00,754.74,"81,296.16"
ID13858,01-Apr-2026,Transfer,0.00,"1,161.42","1,065.94"
ID13859,30-Jan-2026,Transfer,631.06,0.00,"47,683.00"
ID13859,26-Mar-2026,Direct Deposit,"2,052.62",0.00,"93,947.77"
ID13859,21-Jan-2026,Direct Deposit,"1,152.97",0.00,"22,846.77"
ID13859,11-Mar-2026,Charge,0.00,77.41,"13,932.68"
ID13859,20-Feb-2026,Transfer,627.08,0.00,"92,152.91"
ID13859,11-Feb-2026,Direct Deposit,"2,491.38",0.00,"34,508.17"
ID13859,02-Mar-2026,ATM Withdrawal,0.00,154.60,"78,473.26"
ID13859,22-Jan-2026,Direct Deposit,"1,470.33",0.00,"52,370.71"
ID13859,15-Mar-2026,Payment,0.00,"1,125.44","23,405.14"
ID13859,25-Jan-2026,ATM Withdrawal,0.00,876.33,"67,571.48"
ID13859,21-Mar-2026,Interest,453.03,0.00,"25,352.84"
ID13859,06-Feb-2026,Payment,0.00,378.26,"14,411.73"
ID13859,15-Jan-2026,Reversal,0.00,"1,369.54","97,051.72"
ID13859,30-Mar-2026,ATM Withdrawal,0.00,740.65,"17,620.40"
ID13859,22-Jan-2026,Debit Card,0.00,71.51,"75,724.98"
ID13859,16-Feb-2026,Transfer,0.00,693.78,"89,660.27"
ID13859,18-Mar-2026,ATM Withdrawal,0.00,526.71,"25,324.49"
ID13859,03-Jan-2026,Charge,0.00,641.08,"44,804.87"
ID13859,15-Jan-2026,Transfer,0.00,50.75,"59,639.19"
ID13859,05-Jan-2026,Debit Card,0.00,108.27,"6,215.42"
ID13860,05-Mar-2026,Direct Deposit,"1,695.68",0.00,"95,083.29"
ID13860,20-Mar-2026,Reversal,350.63,0.00,"20,793.37"
ID13860,25-Jan-2026,Transfer,175.64,0.00,"8,270.50"
ID13860,01-Mar-2026,Transfer,198.04,0.00,"64,675.54"
ID13860,20-Feb-2026,Charge,0.00,161.75,"10,078.77"
ID13860,27-Feb-2026,Transfer,129.59,0.00,"35,167.83"
ID13860,25-Jan-2026,Debit Card,0.00,619.31,"17,828.04"
ID13860,09-Jan-2026,Interest,296.57,0.00,"30,679.91"
ID13860,26-Mar-2026,Payment,"1,058.72",0.00,"87,414.75"
ID13860,15-Jan-2026,Debit Card,0.00,488.81,"41,821.89"
ID13860,19-Mar-2026,Charge,0.00,720.24,"91,310.94"
ID13860,25-Mar-2026,Direct Deposit,"3,920.50",0.00,"11,020.89"
ID13860,21-Mar-2026,ATM Withdrawal,0.00,520.17,"67,467.36"
ID13860,06-Jan-2026,Payment,0.00,160.08,"4,714.33"
ID13860,20-Mar-2026,Payment,"1,065.06",0.00,"15,209.47"
ID13860,13-Jan-2026,Interest,76.11,0.00,"70,360.01"
ID13860,16-Feb-2026,Payment,0.00,"1,364.37","89,057.68"
ID13860,14-Mar-2026,Reversal,0.00,994.72,"19,565.66"
ID13860,16-Mar-2026,ATM Withdrawal,0.00,133.56,"53,426.29"
ID13860,09-Mar-2026,Debit Card,0.00,70.49,"25,382.87"
ID13861,01-Mar-2026,Charge,0.00,65.17,"79,157.01"
ID13861,06-Jan-2026,ATM Withdrawal,0.00,475.22,"2,621.30"
ID13861,09-Feb-2026,ATM Withdrawal,0.00,226.85,"64,619.82"
ID13861,15-Jan-2026,Interest,256.60,0.00,"56,051.54"
ID13861,16-Jan-2026,Interest,178.66,0.00,"34,517.00"
ID13861,23-Jan-2026,Transfer,0.00,"1,027.95","78,813.93"
ID13861,01-Apr-2026,Interest,368.09,0.00,"51,639.03"
ID13861,05-Feb-2026,Debit Card,0.00,297.28,"93,353.43"
ID13861,07-Jan-2026,Direct Deposit,591.32,0.00,"63,946.94"
ID13861,16-Feb-2026,Charge,0.00,468.18,"31,548.65"
ID13861,21-Jan-2026,Interest,212.25,0.00,"53,195.13"
ID13861,05-Mar-2026,Debit Card,0.00,966.78,"1,002.17"
ID13861,30-Mar-2026,Debit Card,0.00,723.30,"15,828.86"
ID13861,05-Jan-2026,Transfer,"1,633.28",0.00,"9,143.17"
ID13861,28-Jan-2026,Payment,"1,763.41",0.00,"84,015.65"
ID13861,10-Feb-2026,Reversal,517.49,0.00,"66,749.13"
ID13861,20-Mar-2026,Interest,455.73,0.00,"82,770.57"
ID13861,26-Jan-2026,Debit Card,0.00,683.32,"55,631.92"
ID13861,30-Jan-2026,Payment,0.00,493.36,"11,660.52"
ID13861,19-Feb-2026,Debit Card,0.00,294.87,"28,101.66"
ID13862,27-Feb-2026,Direct Deposit,"1,253.83",0.00,"74,522.34"
ID13862,07-Mar-2026,Debit Card,0.00,812.40,"64,002.09"
ID13862,02-Apr-2026,Charge,0.00,876.95,"17,066.79"
ID13862,19-Mar-2026,Payment,0.00,423.87,"11,652.22"
ID13862,27-Jan-2026,Payment,0.00,974.80,"81,018.05"
ID13862,17-Mar-2026,Reversal,0.00,124.00,"56,917.66"
ID13862,09-Mar-2026,Charge,0.00,663.58,"62,434.85"
ID13862,01-Feb-2026,Interest,59.48,0.00,"46,931.89"
ID13862,15-Jan-2026,Transfer,"1,255.92",0.00,"52,207.95"
ID13862,19-Jan-2026,ATM Withdrawal,0.00,321.15,"56,265.00"
ID13862,13-Feb-2026,Payment,0.00,497.59,"30,188.08"
ID13862,05-Jan-2026,Payment,"1,152.52",0.00,"69,555.62"
ID13862,07-Mar-2026,Reversal,690.88,0.00,"70,347.58"
ID13862,03-Mar-2026,Reversal,0.00,127.91,"51,413.55"
ID13862,18-Mar-2026,Charge,0.00,987.20,"13,857.68"
ID13862,12-Mar-2026,Payment,555.33,0.00,"38,156.06"
ID13862,04-Mar-2026,Interest,458.35,0.00,"35,913.71"
ID13862,26-Jan-2026,Charge,0.00,508.08,"80,937.97"
ID13862,24-Jan-2026,Charge,0.00,777.93,"36,722.20"
ID13862,10-Mar-2026,Charge,0.00,471.35,"84,560.91"
ID13863,10-Mar-2026,Debit Card,0.00,580.19,"48,875.87"
ID13863,29-Jan-2026,Charge,0.00,647.72,"71,713.16"
ID13863,10-Feb-2026,Debit Card,0.00,931.74,"95,267.38"
ID13863,07-Feb-2026,Transfer,218.16,0.00,"80,748.06"
ID13863,06-Jan-2026,Payment,"1,634.69",0.00,"66,760.48"
ID13863,18-Mar-2026,ATM Withdrawal,0.00,509.82,"13,004.35"
ID13863,31-Jan-2026,ATM Withdrawal,0.00,736.91,"28,006.49"
ID13863,18-Mar-2026,Charge,0.00,522.66,"53,202.46"
ID13863,16-Feb-2026,Charge,0.00,541.06,"7,512.54"
ID13863,31-Jan-2026,Direct Deposit,"2,860.88",0.00,"51,569.34"
ID13863,03-Apr-2026,ATM Withdrawal,0.00,391.70,"94,753.60"
ID13863,14-Feb-2026,Payment,0.00,90.73,"48,766.11"
ID13863,07-Jan-2026,Charge,0.00,265.21,"55,790.44"
ID13863,31-Mar-2026,Charge,0.00,397.46,"99,548.11"
ID13863,01-Feb-2026,Debit Card,0.00,437.39,"52,251.04"
ID13863,29-Jan-2026,Interest,41.41,0.00,"95,651.66"
ID13863,06-Mar-2026,Payment,0.00,325.61,"94,945.60"
ID13863,04-Jan-2026,Reversal,0.00,"1,015.68","75,631.80"
ID13863,15-Jan-2026,Debit Card,0.00,416.41,"38,608.37"
ID13863,29-Jan-2026,Transfer,0.00,527.93,"61,279.78"
ID13864,26-Feb-2026,Direct Deposit,599.46,0.00,"29,157.18"
ID13864,28-Mar-2026,Reversal,0.00,"1,008.81","27,732.18"
ID13864,22-Jan-2026,Transfer,0.00,373.11,"48,776.89"
ID13864,16-Feb-2026,Interest,206.95,0.00,"37,916.16"
ID13864,17-Mar-2026,Transfer,154.74,0.00,"24,010.64"
ID13864,17-Mar-2026,Direct Deposit,"3,532.90",0.00,"77,418.52"
ID13864,07-Feb-2026,Interest,83.71,0.00,"17,909.93"
ID13864,22-Jan-2026,Payment,0.00,777.67,"27,587.82"
ID13864,24-Feb-2026,ATM Withdrawal,0.00,507.07,"79,737.33"
ID13864,30-Mar-2026,Charge,0.00,760.75,"78,790.89"
ID13864,26-Jan-2026,Debit Card,0.00,571.05,"69,771.53"
ID13864,09-Mar-2026,Transfer,591.73,0.00,"41,128.13"
ID13864,19-Mar-2026,Charge,0.00,416.01,"50,291.11"
ID13864,27-Feb-2026,Debit Card,0.00,281.88,"48,244.28"
ID13864,26-Jan-2026,Transfer,0.00,660.39,"24,905.40"
ID13864,12-Feb-2026,Transfer,0.00,445.40,"33,567.71"
ID13864,24-Mar-2026,Payment,0.00,715.20,"74,965.68"
ID13864,15-Mar-2026,Direct Deposit,"1,980.75",0.00,"47,018.16"
ID13864,04-Feb-2026,Interest,400.93,0.00,"43,638.69"
ID13864,06-Mar-2026,Reversal,"1,402.05",0.00,"57,868.96"
ID13865,07-Feb-2026,Debit Card,0.00,960.31,"74,423.20"
ID13865,08-Feb-2026,Transfer,"1,019.32",0.00,"91,521.01"
ID13865,03-Feb-2026,Interest,315.35,0.00,"51,758.41"
ID13865,28-Jan-2026,Payment,"1,946.31",0.00,"94,182.58"
ID13865,07-Mar-2026,ATM Withdrawal,0.00,493.43,"35,060.01"
ID13865,07-Feb-2026,Reversal,0.00,300.52,"46,377.38"
ID13865,06-Feb-2026,Interest,148.85,0.00,"82,582.92"
ID13865,18-Jan-2026,Transfer,"1,186.06",0.00,"32,448.65"
ID13865,08-Jan-2026,Payment,"1,978.51",0.00,"23,280.76"
ID13865,13-Mar-2026,Charge,0.00,238.30,"93,940.41"
ID13865,06-Jan-2026,Transfer,739.09,0.00,"30,825.01"
ID13865,04-Jan-2026,Payment,0.00,"1,376.00","42,078.80"
ID13865,21-Mar-2026,ATM Withdrawal,0.00,265.13,"67,044.02"
ID13865,20-Feb-2026,Charge,0.00,347.17,"67,404.19"
ID13865,03-Feb-2026,Debit Card,0.00,507.09,"68,398.22"
ID13865,17-Jan-2026,Payment,0.00,593.16,"68,699.15"
ID13865,20-Jan-2026,Charge,0.00,346.35,"84,815.04"
ID13865,04-Jan-2026,ATM Withdrawal,0.00,798.54,"41,347.51"
ID13865,18-Jan-2026,Transfer,0.00,774.45,"83,584.33"
ID13865,23-Feb-2026,Reversal,921.72,0.00,"43,855.54"
ID13866,28-Feb-2026,ATM Withdrawal,0.00,513.35,"77,302.32"
ID13866,31-Jan-2026,Payment,0.00,"1,185.56","25,521.17"
ID13866,29-Jan-2026,Transfer,"1,674.30",0.00,"6,966.36"
ID13866,28-Jan-2026,Direct Deposit,"2,074.65",0.00,"16,670.28"
ID13866,21-Jan-2026,Interest,221.52,0.00,"21,621.02"
ID13866,17-Jan-2026,Payment,0.00,442.61,"67,952.05"
ID13866,15-Mar-2026,Payment,0.00,301.83,"15,260.64"
ID13866,28-Feb-2026,Charge,0.00,201.90,"98,101.89"
ID13866,17-Feb-2026,Charge,0.00,644.74,"79,076.53"
ID13866,24-Feb-2026,Transfer,"1,147.31",0.00,"22,163.22"
ID13866,16-Feb-2026,ATM Withdrawal,0.00,410.75,"60,206.89"
ID13866,27-Jan-2026,ATM Withdrawal,0.00,717.78,"55,019.85"
ID13866,09-Mar-2026,Transfer,555.56,0.00,"94,323.35"
ID13866,19-Jan-2026,Direct Deposit,"1,963.55",0.00,"6,048.96"
ID13866,24-Mar-2026,Transfer,"1,413.86",0.00,"46,620.44"
ID13866,27-Feb-2026,ATM Withdrawal,0.00,207.58,"8,082.99"
ID13866,13-Jan-2026,Direct Deposit,"2,279.11",0.00,"13,591.76"
ID13866,12-Feb-2026,ATM Withdrawal,0.00,948.12,"31,486.98"
ID13866,21-Mar-2026,Debit Card,0.00,194.18,"13,555.20"
ID13866,28-Jan-2026,Reversal,750.03,0.00,"95,935.00"
ID13867,09-Jan-2026,Charge,0.00,429.70,"66,833.59"
ID13867,08-Mar-2026,ATM Withdrawal,0.00,514.62,"72,473.02"
ID13867,11-Mar-2026,Payment,0.00,594.12,"52,431.39"
ID13867,15-Mar-2026,Reversal,0.00,117.33,"8,802.11"
ID13867,02-Apr-2026,Direct Deposit,"2,750.47",0.00,"76,641.85"
ID13867,08-Jan-2026,Direct Deposit,"3,444.25",0.00,"10,996.86"
ID13867,25-Mar-2026,Reversal,"1,083.03",0.00,"62,857.20"
ID13867,26-Jan-2026,Transfer,384.76,0.00,"10,911.11"
ID13867,05-Jan-2026,Reversal,"1,825.01",0.00,"68,272.49"
ID13867,23-Mar-2026,Debit Card,0.00,400.91,"9,579.07"
ID13867,30-Jan-2026,Charge,0.00,221.19,"25,686.94"
ID13867,03-Mar-2026,Charge,0.00,552.81,"87,342.01"
ID13867,23-Feb-2026,Charge,0.00,846.91,"37,256.38"
ID13867,20-Feb-2026,Debit Card,0.00,520.24,"61,046.69"
ID13867,11-Feb-2026,ATM Withdrawal,0.00,864.85,"32,000.05"
ID13867,03-Feb-2026,ATM Withdrawal,0.00,573.46,"96,184.22"
ID13867,09-Jan-2026,Interest,398.34,0.00,"52,662.01"
ID13867,15-Mar-2026,Charge,0.00,162.50,"63,005.45"
ID13867,15-Feb-2026,Charge,0.00,778.07,"83,937.32"
ID13867,31-Jan-2026,Payment,0.00,119.54,"6,981.56"
ID13868,29-Mar-2026,Payment,704.71,0.00,"39,609.62"
ID13868,19-Jan-2026,Direct Deposit,"4,454.64",0.00,"55,999.32"
ID13868,14-Feb-2026,Reversal,"1,325.60",0.00,"55,607.99"
ID13868,21-Jan-2026,Reversal,0.00,961.32,"26,050.13"
ID13868,27-Mar-2026,Charge,0.00,34.45,"88,460.34"
ID13868,04-Mar-2026,Reversal,0.00,296.20,"56,157.18"
ID13868,04-Mar-2026,ATM Withdrawal,0.00,520.02,"28,712.38"
ID13868,04-Jan-2026,Direct Deposit,"2,446.31",0.00,"35,208.69"
ID13868,13-Mar-2026,ATM Withdrawal,0.00,842.75,"27,193.83"
ID13868,06-Mar-2026,Payment,144.49,0.00,"92,568.35"
ID13868,24-Jan-2026,Transfer,"1,233.02",0.00,"85,633.76"
ID13868,13-Feb-2026,ATM Withdrawal,0.00,984.15,"24,234.60"
ID13868,26-Jan-2026,Charge,0.00,381.68,"93,579.36"
ID13868,04-Jan-2026,Payment,"1,756.47",0.00,"42,625.40"
ID13868,07-Jan-2026,ATM Withdrawal,0.00,863.69,"30,013.26"
ID13868,22-Mar-2026,Direct Deposit,"2,909.89",0.00,"7,733.54"
ID13868,22-Feb-2026,Transfer,"1,382.79",0.00,"49,946.71"
ID13868,18-Mar-2026,Direct Deposit,"4,366.54",0.00,"90,235.91"
ID13868,05-Mar-2026,Debit Card,0.00,638.93,"40,601.79"
ID13868,25-Feb-2026,Transfer,660.12,0.00,"91,564.13"
ID13869,28-Feb-2026,Charge,0.00,660.50,"52,429.92"
ID13869,28-Jan-2026,Direct Deposit,"3,925.81",0.00,"31,783.37"
ID13869,13-Mar-2026,Interest,312.26,0.00,"5,288.28"
ID13869,24-Jan-2026,Charge,0.00,37.54,"52,127.92"
ID13869,08-Mar-2026,Debit Card,0.00,810.15,"76,799.37"
ID13869,17-Jan-2026,Interest,25.82,0.00,"70,612.61"
ID13869,10-Jan-2026,Charge,0.00,199.08,"76,309.34"
ID13869,27-Mar-2026,Interest,381.17,0.00,"65,818.71"
ID13869,23-Jan-2026,Charge,0.00,988.50,"9,840.64"
ID13869,18-Feb-2026,Payment,0.00,326.59,"17,328.96"
ID13869,17-Mar-2026,Direct Deposit,"2,106.17",0.00,"84,707.27"
ID13869,28-Jan-2026,Charge,0.00,341.30,"73,820.60"
ID13869,15-Feb-2026,Reversal,"1,912.28",0.00,"56,146.44"
ID13869,24-Feb-2026,ATM Withdrawal,0.00,161.32,"4,370.06"
ID13869,06-Feb-2026,Charge,0.00,659.80,"69,473.42"
ID13869,03-Feb-2026,ATM Withdrawal,0.00,264.42,"49,981.74"
ID13869,20-Mar-2026,Transfer,"1,018.23",0.00,"86,645.49"
ID13869,07-Mar-2026,Direct Deposit,"1,015.21",0.00,"61,548.40"
ID13869,14-Jan-2026,Direct Deposit,"2,597.93",0.00,"3,741.29"
ID13869,31-Mar-2026,Reversal,544.80,0.00,"31,782.06"
ID13870,22-Mar-2026,ATM Withdrawal,0.00,177.79,"47,879.53"
ID13870,08-Feb-2026,Payment,971.71,0.00,"95,139.12"
ID13870,09-Mar-2026,Payment,0.00,"1,252.64","4,151.64"
ID13870,01-Mar-2026,Reversal,0.00,429.76,"26,274.50"
ID13870,16-Mar-2026,Debit Card,0.00,30.32,"14,945.18"
ID13870,15-Mar-2026,Reversal,"1,378.71",0.00,"6,707.64"
ID13870,30-Jan-2026,Transfer,"1,272.77",0.00,"47,465.14"
ID13870,01-Apr-2026,Payment,887.70,0.00,"28,424.53"
ID13870,04-Mar-2026,Debit Card,0.00,172.63,"35,348.96"
ID13870,02-Feb-2026,Payment,"1,545.91",0.00,"6,367.14"
ID13870,25-Jan-2026,Payment,0.00,94.02,"77,751.06"
ID13870,14-Feb-2026,Reversal,0.00,858.21,"40,631.52"
ID13870,22-Feb-2026,Payment,"1,743.43",0.00,"89,969.86"
ID13870,03-Jan-2026,Direct Deposit,"4,792.35",0.00,"15,288.17"
ID13870,13-Mar-2026,Direct Deposit,"2,247.79",0.00,"56,008.01"
ID13870,07-Mar-2026,Debit Card,0.00,69.38,"68,148.88"
ID13870,21-Feb-2026,Debit Card,0.00,34.79,"9,095.38"
ID13870,17-Feb-2026,Direct Deposit,"3,487.36",0.00,"75,588.06"
ID13870,30-Mar-2026,ATM Withdrawal,0.00,386.67,"65,318.71"
ID13870,01-Mar-2026,Direct Deposit,"3,315.90",0.00,"45,775.22"
ID13871,24-Feb-2026,ATM Withdrawal,0.00,971.75,"50,568.60"
ID13871,29-Jan-2026,Payment,0.00,180.95,"92,976.83"
ID13871,05-Jan-2026,Payment,0.00,244.75,"67,091.71"
ID13871,07-Mar-2026,Charge,0.00,191.48,"39,273.88"
ID13871,04-Mar-2026,Interest,280.76,0.00,"87,167.73"
ID13871,13-Jan-2026,Charge,0.00,114.05,"7,385.34"
ID13871,10-Mar-2026,Interest,72.37,0.00,"57,970.65"
ID13871,01-Feb-2026,Payment,0.00,"1,208.22","17,429.05"
ID13871,04-Feb-2026,Charge,0.00,623.23,"69,594.38"
ID13871,27-Feb-2026,Direct Deposit,"3,775.65",0.00,"76,074.71"
ID13871,25-Feb-2026,Payment,"1,589.74",0.00,"83,585.99"
ID13871,17-Jan-2026,Interest,363.28,0.00,"41,226.48"
ID13871,28-Mar-2026,Transfer,0.00,109.21,"42,891.47"
ID13871,04-Feb-2026,Payment,0.00,499.21,"98,943.17"
ID13871,22-Mar-2026,Charge,0.00,64.77,"99,678.38"
ID13871,15-Jan-2026,Reversal,193.52,0.00,"57,469.45"
ID13871,12-Mar-2026,ATM Withdrawal,0.00,779.95,"35,868.25"
ID13871,07-Feb-2026,Transfer,0.00,208.13,"80,669.78"
ID13871,21-Mar-2026,Transfer,214.72,0.00,"32,125.78"
ID13871,07-Mar-2026,Charge,0.00,253.38,"84,547.21"
ID13872,09-Jan-2026,ATM Withdrawal,0.00,232.47,"28,705.16"
ID13872,07-Jan-2026,Reversal,"1,535.46",0.00,"88,865.76"
ID13872,27-Mar-2026,Payment,0.00,902.45,"36,964.37"
ID13872,26-Jan-2026,Charge,0.00,457.68,"91,105.39"
ID13872,20-Mar-2026,ATM Withdrawal,0.00,145.99,"8,401.05"
ID13872,22-Feb-2026,Debit Card,0.00,425.69,"4,984.93"
ID13872,31-Mar-2026,Interest,25.77,0.00,"59,526.12"
ID13872,25-Jan-2026,Reversal,0.00,782.08,"91,435.27"
ID13872,03-Feb-2026,ATM Withdrawal,0.00,96.21,"55,444.59"
ID13872,07-Jan-2026,Debit Card,0.00,354.73,"51,422.82"
ID13872,25-Feb-2026,Reversal,0.00,584.15,"28,794.63"
ID13872,24-Mar-2026,Charge,0.00,896.10,"95,826.79"
ID13872,02-Feb-2026,Transfer,0.00,"1,050.65","73,954.75"
ID13872,06-Mar-2026,Charge,0.00,634.70,"88,587.98"
ID13872,18-Mar-2026,ATM Withdrawal,0.00,12.70,"81,659.53"
ID13872,03-Mar-2026,Charge,0.00,676.45,"41,877.27"
ID13872,30-Jan-2026,Interest,355.15,0.00,"92,214.96"
ID13872,09-Mar-2026,Payment,131.28,0.00,"30,121.98"
ID13872,18-Jan-2026,Direct Deposit,"3,771.66",0.00,"8,709.97"
ID13872,23-Feb-2026,ATM Withdrawal,0.00,644.94,"43,577.23"
ID13873,09-Feb-2026,Reversal,665.56,0.00,"5,218.72"
ID13873,23-Mar-2026,Transfer,0.00,612.77,"5,374.55"
ID13873,03-Mar-2026,Payment,"1,963.02",0.00,"4,837.36"
ID13873,25-Mar-2026,Charge,0.00,893.80,"78,010.91"
ID13873,04-Jan-2026,Payment,378.59,0.00,"7,559.87"
ID13873,19-Mar-2026,Interest,458.97,0.00,"89,203.49"
ID13873,14-Jan-2026,ATM Withdrawal,0.00,30.86,"46,481.80"
ID13873,29-Jan-2026,Debit Card,0.00,479.41,"31,738.87"
ID13873,05-Jan-2026,Direct Deposit,"3,338.64",0.00,"93,441.87"
ID13873,24-Mar-2026,Interest,204.29,0.00,"36,669.17"
ID13873,06-Mar-2026,Charge,0.00,660.55,"27,772.05"
ID13873,15-Jan-2026,Debit Card,0.00,443.14,"3,696.30"
ID13873,22-Mar-2026,Interest,405.48,0.00,"57,632.00"
ID13873,06-Mar-2026,Transfer,0.00,70.35,"30,071.52"
ID13873,13-Feb-2026,Charge,0.00,457.63,"36,833.68"
ID13873,03-Mar-2026,Debit Card,0.00,681.88,"75,109.98"
ID13873,04-Jan-2026,Transfer,0.00,"1,495.33","38,148.16"
ID13873,26-Mar-2026,Direct Deposit,"2,747.29",0.00,"84,282.11"
ID13873,05-Feb-2026,Charge,0.00,374.32,"43,618.77"
ID13873,14-Jan-2026,ATM Withdrawal,0.00,133.67,"33,643.91"
ID13874,16-Mar-2026,Reversal,0.00,619.08,"77,904.23"
ID13874,18-Feb-2026,Debit Card,0.00,450.92,"15,303.92"
ID13874,14-Feb-2026,Payment,0.00,454.79,"33,377.59"
ID13874,08-Feb-2026,Debit Card,0.00,449.58,"50,816.02"
ID13874,08-Feb-2026,Interest,414.40,0.00,"44,840.32"
ID13874,30-Mar-2026,Debit Card,0.00,490.18,"80,435.43"
ID13874,16-Feb-2026,Payment,0.00,134.85,"59,739.95"
ID13874,24-Mar-2026,Charge,0.00,924.64,"27,012.29"
ID13874,05-Mar-2026,Debit Card,0.00,224.42,"6,656.84"
ID13874,04-Jan-2026,Reversal,"1,588.20",0.00,"6,760.32"
ID13874,05-Mar-2026,Charge,0.00,455.78,"1,810.97"
ID13874,19-Jan-2026,Interest,460.66,0.00,"76,227.76"
ID13874,25-Mar-2026,Transfer,0.00,78.29,"34,079.17"
ID13874,02-Apr-2026,Transfer,0.00,"1,051.27","53,965.53"
ID13874,13-Mar-2026,ATM Withdrawal,0.00,235.20,"15,816.35"
ID13874,26-Feb-2026,Reversal,"1,335.25",0.00,"57,447.71"
ID13874,22-Jan-2026,Direct Deposit,"1,302.79",0.00,"96,656.99"
ID13874,19-Feb-2026,Charge,0.00,279.98,"68,019.21"
ID13874,16-Feb-2026,ATM Withdrawal,0.00,126.06,"27,279.86"
ID13874,15-Feb-2026,Payment,0.00,129.39,"19,864.68"
ID13875,21-Feb-2026,ATM Withdrawal,0.00,557.22,"25,880.82"
ID13875,24-Feb-2026,Interest,65.73,0.00,"65,264.67"
ID13875,19-Mar-2026,Direct Deposit,"1,006.85",0.00,"99,917.58"
ID13875,30-Mar-2026,Transfer,"1,673.37",0.00,"42,522.55"
ID13875,08-Jan-2026,Payment,0.00,"1,145.91","46,839.03"
ID13875,06-Feb-2026,Interest,453.85,0.00,"44,103.55"
ID13875,19-Jan-2026,Reversal,"1,508.41",0.00,"95,995.83"
ID13875,24-Feb-2026,Debit Card,0.00,104.75,"82,549.32"
ID13875,11-Jan-2026,Direct Deposit,"2,775.92",0.00,"15,867.85"
ID13875,20-Jan-2026,Interest,182.07,0.00,"12,474.56"
ID13875,22-Feb-2026,ATM Withdrawal,0.00,307.14,"35,089.32"
ID13875,31-Jan-2026,Transfer,"1,789.10",0.00,"42,090.11"
ID13875,27-Mar-2026,Direct Deposit,"1,581.61",0.00,"95,853.69"
ID13875,21-Mar-2026,Reversal,0.00,431.90,"47,669.24"
ID13875,14-Mar-2026,Debit Card,0.00,931.51,"55,551.39"
ID13875,21-Jan-2026,Transfer,257.41,0.00,"17,749.13"
ID13875,17-Feb-2026,Transfer,0.00,"1,262.58","32,671.58"
ID13875,17-Mar-2026,Interest,495.01,0.00,"27,867.65"
ID13875,20-Jan-2026,Interest,317.56,0.00,"70,956.96"
ID13875,11-Mar-2026,Interest,67.94,0.00,"99,272.53"
ID13876,05-Mar-2026,Direct Deposit,"1,802.41",0.00,"95,676.11"
ID13876,02-Apr-2026,ATM Withdrawal,0.00,638.49,"94,989.78"
ID13876,27-Jan-2026,ATM Withdrawal,0.00,693.90,"90,718.87"
ID13876,25-Feb-2026,Debit Card,0.00,340.32,"26,541.14"
ID13876,25-Mar-2026,ATM Withdrawal,0.00,228.18,"57,067.24"
ID13876,16-Jan-2026,Direct Deposit,"1,874.02",0.00,"25,696.61"
ID13876,03-Jan-2026,ATM Withdrawal,0.00,317.97,"79,832.42"
ID13876,13-Jan-2026,ATM Withdrawal,0.00,257.76,"70,833.16"
ID13876,21-Jan-2026,Reversal,"1,150.86",0.00,"96,233.85"
ID13876,28-Jan-2026,Transfer,"1,806.61",0.00,"81,146.49"
ID13876,27-Jan-2026,Transfer,0.00,116.03,"19,599.00"
ID13876,04-Jan-2026,Debit Card,0.00,520.96,"85,357.69"
ID13876,31-Jan-2026,Payment,0.00,"1,007.69","59,479.18"
ID13876,26-Jan-2026,ATM Withdrawal,0.00,764.52,"17,811.40"
ID13876,31-Jan-2026,Transfer,0.00,"1,398.73","90,294.59"
ID13876,03-Jan-2026,Transfer,"1,538.58",0.00,"39,569.78"
ID13876,28-Feb-2026,Transfer,0.00,233.03,"3,650.33"
ID13876,02-Feb-2026,Reversal,0.00,217.50,"25,568.76"
ID13876,01-Feb-2026,ATM Withdrawal,0.00,66.03,"33,963.98"
ID13876,21-Jan-2026,Payment,0.00,954.84,"22,256.10"
ID13877,02-Mar-2026,Transfer,0.00,"1,332.31","75,379.07"
ID13877,03-Mar-2026,ATM Withdrawal,0.00,898.22,"56,128.74"
ID13877,03-Jan-2026,ATM Withdrawal,0.00,52.30,"33,864.52"
ID13877,18-Jan-2026,Transfer,"1,991.04",0.00,"88,496.03"
ID13877,04-Feb-2026,Reversal,933.05,0.00,"95,423.34"
ID13877,28-Mar-2026,Debit Card,0.00,403.43,"89,738.16"
ID13877,12-Jan-2026,Transfer,0.00,"1,212.53","93,005.62"
ID13877,06-Mar-2026,Interest,47.03,0.00,"85,083.87"
ID13877,19-Jan-2026,Charge,0.00,465.87,"25,961.71"
ID13877,25-Feb-2026,ATM Withdrawal,0.00,730.19,"2,862.27"
ID13877,06-Feb-2026,Transfer,"1,457.74",0.00,"2,701.90"
ID13877,04-Mar-2026,Payment,"1,953.08",0.00,"92,888.72"
ID13877,08-Jan-2026,Transfer,941.26,0.00,"85,649.77"
ID13877,17-Mar-2026,ATM Withdrawal,0.00,575.75,"71,415.26"
ID13877,12-Jan-2026,Direct Deposit,"4,121.59",0.00,"33,158.59"
ID13877,26-Jan-2026,Transfer,0.00,533.47,"73,236.14"
ID13877,27-Mar-2026,Interest,62.14,0.00,"43,767.01"
ID13877,26-Jan-2026,Charge,0.00,339.51,"36,253.78"
ID13877,01-Mar-2026,Interest,102.62,0.00,"91,475.62"
ID13877,04-Jan-2026,Interest,271.15,0.00,"7,775.19"
ID13878,25-Mar-2026,Charge,0.00,506.79,"24,614.86"
ID13878,03-Mar-2026,Debit Card,0.00,518.32,"15,727.26"
ID13878,14-Mar-2026,Charge,0.00,942.42,"55,821.94"
ID13878,25-Jan-2026,Charge,0.00,693.45,"54,597.94"
ID13878,29-Mar-2026,Payment,"1,478.04",0.00,"45,168.66"
ID13878,27-Feb-2026,Payment,0.00,778.96,"78,633.87"
ID13878,11-Feb-2026,Direct Deposit,"3,025.00",0.00,"39,300.02"
ID13878,12-Jan-2026,Payment,0.00,"1,302.07","76,329.04"
ID13878,19-Feb-2026,Payment,217.40,0.00,"79,672.45"
ID13878,07-Jan-2026,Payment,0.00,"1,371.73","90,552.48"
ID13878,22-Mar-2026,Reversal,964.41,0.00,"82,987.13"
ID13878,25-Jan-2026,ATM Withdrawal,0.00,768.80,"89,572.50"
ID13878,09-Feb-2026,Interest,85.42,0.00,"85,235.48"
ID13878,08-Feb-2026,Debit Card,0.00,513.30,"15,898.56"
ID13878,20-Jan-2026,Interest,431.79,0.00,"72,085.67"
ID13878,08-Jan-2026,Transfer,0.00,448.61,"79,796.47"
ID13878,21-Feb-2026,Charge,0.00,832.96,"71,094.90"
ID13878,29-Jan-2026,Interest,279.50,0.00,"95,442.23"
ID13878,30-Jan-2026,Payment,376.39,0.00,"62,561.89"
ID13878,17-Jan-2026,Interest,105.60,0.00,"28,806.26"
ID13879,11-Feb-2026,Payment,685.81,0.00,"60,660.81"
ID13879,27-Jan-2026,Transfer,322.73,0.00,"49,908.34"
ID13879,28-Mar-2026,Reversal,768.33,0.00,"22,957.68"
ID13879,01-Feb-2026,Transfer,130.08,0.00,"43,243.65"
ID13879,02-Feb-2026,Reversal,0.00,"1,234.25","31,104.39"
ID13879,07-Mar-2026,ATM Withdrawal,0.00,751.28,"95,337.08"
ID13879,28-Mar-2026,Charge,0.00,48.81,"86,173.41"
ID13879,02-Mar-2026,Transfer,0.00,516.89,"46,248.57"
ID13879,28-Feb-2026,Direct Deposit,"2,879.40",0.00,"94,097.77"
ID13879,07-Jan-2026,Charge,0.00,240.29,"53,937.48"
ID13879,27-Jan-2026,Payment,0.00,"1,021.90","96,060.02"
ID13879,18-Feb-2026,Charge,0.00,385.38,"12,618.91"
ID13879,16-Jan-2026,Reversal,800.22,0.00,"6,419.35"
ID13879,03-Jan-2026,ATM Withdrawal,0.00,313.85,"65,191.52"
ID13879,17-Mar-2026,Transfer,0.00,"1,308.64","45,687.35"
ID13879,18-Jan-2026,Direct Deposit,790.56,0.00,"45,759.07"
ID13879,23-Feb-2026,Direct Deposit,"1,976.97",0.00,"88,795.19"
ID13879,30-Jan-2026,Payment,0.00,"1,287.34","62,683.36"
ID13879,22-Mar-2026,Reversal,0.00,270.26,"64,915.77"
ID13879,30-Jan-2026,Reversal,0.00,110.94,"80,169.72"
ID13880,01-Mar-2026,ATM Withdrawal,0.00,948.17,"74,198.82"
ID13880,25-Jan-2026,Reversal,0.00,316.21,"16,802.62"
ID13880,13-Feb-2026,Direct Deposit,"1,570.41",0.00,"10,246.47"
ID13880,26-Jan-2026,Direct Deposit,"4,507.79",0.00,"32,478.59"
ID13880,31-Mar-2026,Interest,143.91,0.00,"83,977.32"
ID13880,29-Jan-2026,Interest,357.36,0.00,"5,732.25"
ID13880,08-Mar-2026,Debit Card,0.00,533.72,"29,271.24"
ID13880,05-Jan-2026,Direct Deposit,"1,926.18",0.00,"28,367.52"
ID13880,10-Feb-2026,Payment,0.00,"1,108.67","26,668.14"
ID13880,15-Feb-2026,Reversal,0.00,975.31,"66,198.52"
ID13880,15-Jan-2026,Debit Card,0.00,350.60,"9,225.31"
ID13880,15-Mar-2026,ATM Withdrawal,0.00,27.93,"97,727.80"
ID13880,19-Feb-2026,Reversal,0.00,879.54,"31,610.98"
ID13880,08-Feb-2026,Interest,315.54,0.00,"56,738.44"
ID13880,22-Jan-2026,Charge,0.00,406.10,"2,564.78"
ID13880,05-Jan-2026,Direct Deposit,"1,481.35",0.00,"25,607.32"
ID13880,15-Mar-2026,Payment,0.00,865.67,"75,572.22"
ID13880,13-Feb-2026,Interest,216.19,0.00,"66,785.12"
ID13880,26-Jan-2026,Charge,0.00,996.94,"65,826.95"
ID13880,31-Jan-2026,Reversal,"1,650.54",0.00,"96,453.62"
ID13881,29-Mar-2026,Direct Deposit,"2,341.66",0.00,"39,137.77"
ID13881,25-Feb-2026,ATM Withdrawal,0.00,730.21,"86,729.53"
ID13881,28-Mar-2026,Charge,0.00,710.67,"35,103.51"
ID13881,15-Feb-2026,Direct Deposit,"1,792.54",0.00,"68,910.44"
ID13881,14-Feb-2026,Charge,0.00,986.72,"76,931.76"
ID13881,17-Feb-2026,Interest,271.12,0.00,"64,537.91"
ID13881,19-Feb-2026,Charge,0.00,421.06,"28,204.24"
ID13881,04-Feb-2026,Direct Deposit,"2,144.35",0.00,"53,334.04"
ID13881,21-Feb-2026,Direct Deposit,"1,490.47",0.00,"21,420.86"
ID13881,24-Feb-2026,Direct Deposit,"2,112.04",0.00,"64,616.15"
ID13881,05-Feb-2026,Charge,0.00,99.63,"51,431.99"
ID13881,22-Jan-2026,ATM Withdrawal,0.00,126.30,"4,206.94"
ID13881,19-Mar-2026,ATM Withdrawal,0.00,404.16,"91,802.78"
ID13881,12-Mar-2026,Interest,82.68,0.00,"30,541.90"
ID13881,26-Jan-2026,Direct Deposit,"3,110.07",0.00,"52,841.31"
ID13881,16-Feb-2026,Charge,0.00,524.25,"73,558.26"
ID13881,05-Mar-2026,Reversal,"1,154.79",0.00,"93,785.11"
ID13881,06-Jan-2026,Interest,258.33,0.00,"41,888.10"
ID13881,17-Jan-2026,Payment,0.00,567.16,"42,301.99"
ID13881,31-Jan-2026,Direct Deposit,"4,925.69",0.00,"84,800.84"
ID13882,27-Feb-2026,Reversal,0.00,"1,184.45","82,359.58"
ID13882,16-Feb-2026,Debit Card,0.00,765.65,"75,657.30"
ID13882,10-Mar-2026,Interest,249.96,0.00,"23,876.08"
ID13882,02-Apr-2026,Charge,0.00,940.43,"12,031.80"
ID13882,03-Mar-2026,Reversal,0.00,715.62,"28,008.55"
ID13882,16-Mar-2026,Transfer,0.00,"1,100.42","60,430.02"
ID13882,06-Jan-2026,Payment,"1,319.22",0.00,"51,516.60"
ID13882,19-Jan-2026,Reversal,461.47,0.00,"70,760.22"
ID13882,11-Feb-2026,Direct Deposit,"4,944.16",0.00,"41,604.41"
ID13882,11-Jan-2026,Transfer,"1,248.43",0.00,"10,837.11"
ID13882,06-Jan-2026,Interest,106.67,0.00,"66,306.85"
ID13882,09-Mar-2026,Interest,138.70,0.00,"96,983.45"
ID13882,08-Jan-2026,Transfer,0.00,420.95,"42,437.21"
ID13882,18-Jan-2026,Direct Deposit,"2,512.13",0.00,"10,007.78"
ID13882,30-Jan-2026,Transfer,0.00,502.52,"89,974.56"
ID13882,15-Jan-2026,Payment,0.00,"1,188.54","30,264.36"
ID13882,06-Feb-2026,Payment,"1,606.90",0.00,"25,339.26"
ID13882,22-Mar-2026,Direct Deposit,"4,878.57",0.00,"92,463.33"
ID13882,17-Mar-2026,Charge,0.00,673.41,"53,856.33"
ID13882,18-Feb-2026,Charge,0.00,177.78,"9,803.86"
ID13883,11-Jan-2026,Charge,0.00,778.52,"29,021.98"
ID13883,23-Jan-2026,Direct Deposit,"3,530.11",0.00,"27,533.34"
ID13883,30-Jan-2026,Payment,"1,703.97",0.00,"12,080.80"
ID13883,01-Apr-2026,Charge,0.00,745.03,"78,700.58"
ID13883,22-Feb-2026,Direct Deposit,"4,856.52",0.00,"94,141.92"
ID13883,28-Mar-2026,Reversal,0.00,462.04,"68,841.36"
ID13883,31-Jan-2026,Payment,0.00,243.87,"72,351.63"
ID13883,20-Feb-2026,Reversal,914.74,0.00,"62,420.91"
ID13883,04-Feb-2026,Debit Card,0.00,71.60,"13,233.87"
ID13883,02-Mar-2026,Payment,182.46,0.00,"20,815.03"
ID13883,13-Jan-2026,Payment,0.00,"1,328.23","4,434.28"
ID13883,14-Feb-2026,Transfer,"1,805.82",0.00,"97,496.18"
ID13883,28-Mar-2026,Reversal,0.00,543.26,"75,721.35"
ID13883,25-Feb-2026,Direct Deposit,"3,848.26",0.00,"64,367.64"
ID13883,15-Jan-2026,ATM Withdrawal,0.00,815.61,"19,527.39"
ID13883,02-Mar-2026,Charge,0.00,282.49,"79,330.60"
ID13883,24-Mar-2026,Charge,0.00,570.36,"32,995.28"
ID13883,18-Mar-2026,Interest,435.98,0.00,"16,547.87"
ID13883,04-Jan-2026,ATM Withdrawal,0.00,832.27,"33,133.83"
ID13883,08-Mar-2026,Debit Card,0.00,50.78,"63,074.74"
ID13884,16-Feb-2026,ATM Withdrawal,0.00,214.50,"87,884.08"
ID13884,05-Mar-2026,Payment,995.95,0.00,"45,291.41"
ID13884,12-Mar-2026,Payment,0.00,"1,267.35","80,014.84"
ID13884,15-Mar-2026,Debit Card,0.00,925.14,"6,375.75"
ID13884,09-Jan-2026,Direct Deposit,"1,413.47",0.00,"69,522.43"
ID13884,08-Mar-2026,Debit Card,0.00,33.19,"89,430.91"
ID13884,05-Feb-2026,Reversal,0.00,54.93,"36,452.65"
ID13884,04-Feb-2026,Transfer,0.00,"1,374.98","58,459.12"
ID13884,25-Mar-2026,Charge,0.00,840.52,"42,971.87"
ID13884,07-Feb-2026,Payment,0.00,783.92,"81,748.45"
ID13884,16-Feb-2026,Charge,0.00,650.53,"66,614.67"
ID13884,21-Jan-2026,Direct Deposit,"1,682.72",0.00,"52,342.78"
ID13884,08-Jan-2026,ATM Withdrawal,0.00,207.54,"59,781.80"
ID13884,04-Feb-2026,Transfer,0.00,"1,043.32","23,737.83"
ID13884,19-Mar-2026,Charge,0.00,126.57,"79,271.71"
ID13884,02-Apr-2026,Direct Deposit,"2,525.96",0.00,"23,013.83"
ID13884,01-Apr-2026,Payment,0.00,928.22,"13,685.44"
ID13884,09-Jan-2026,Direct Deposit,"1,209.22",0.00,"30,638.93"
ID13884,17-Mar-2026,Payment,339.39,0.00,"59,082.10"
ID13884,23-Jan-2026,Charge,0.00,563.68,"17,677.05"
ID13885,13-Feb-2026,Interest,166.48,0.00,"30,412.62"
ID13885,15-Feb-2026,Charge,0.00,569.50,"87,976.65"
ID13885,26-Mar-2026,ATM Withdrawal,0.00,203.75,"59,244.71"
ID13885,15-Feb-2026,Transfer,613.68,0.00,"32,952.48"
ID13885,27-Feb-2026,Debit Card,0.00,204.28,"83,857.35"
ID13885,06-Jan-2026,Debit Card,0.00,39.11,"70,063.68"
ID13885,08-Feb-2026,Transfer,"1,346.00",0.00,"12,085.00"
ID13885,12-Mar-2026,Reversal,0.00,"1,044.20","9,066.27"
ID13885,31-Mar-2026,Debit Card,0.00,588.79,"97,045.55"
ID13885,10-Mar-2026,Payment,0.00,"1,450.89","21,127.87"
ID13885,28-Mar-2026,ATM Withdrawal,0.00,501.32,"93,690.63"
ID13885,28-Mar-2026,Interest,411.42,0.00,"52,064.11"
ID13885,03-Apr-2026,ATM Withdrawal,0.00,636.20,"13,184.02"
ID13885,05-Mar-2026,Direct Deposit,"4,667.69",0.00,"80,424.99"
ID13885,25-Feb-2026,Payment,0.00,575.98,"17,465.14"
ID13885,23-Mar-2026,Reversal,830.72,0.00,"4,710.37"
ID13885,17-Feb-2026,Interest,474.90,0.00,"54,312.33"
ID13885,04-Feb-2026,ATM Withdrawal,0.00,794.82,"82,752.01"
ID13885,30-Jan-2026,Interest,309.73,0.00,"92,286.01"
ID13885,02-Apr-2026,Reversal,439.50,0.00,"82,258.72"
ID13886,21-Feb-2026,Direct Deposit,"2,678.13",0.00,"46,357.01"
ID13886,13-Mar-2026,Payment,0.00,811.66,"52,069.77"
ID13886,28-Mar-2026,Reversal,0.00,104.32,"73,616.39"
ID13886,11-Jan-2026,Payment,0.00,616.27,"87,474.24"
ID13886,17-Feb-2026,Charge,0.00,353.51,"26,338.89"
ID13886,19-Feb-2026,Payment,"1,937.79",0.00,"61,373.34"
ID13886,04-Feb-2026,Interest,439.83,0.00,"66,752.71"
ID13886,19-Jan-2026,ATM Withdrawal,0.00,539.72,"66,363.81"
ID13886,15-Feb-2026,Transfer,"1,386.60",0.00,"2,995.70"
ID13886,25-Feb-2026,Reversal,"1,434.84",0.00,"51,368.31"
ID13886,11-Feb-2026,Transfer,0.00,"1,248.25","94,712.53"
ID13886,14-Feb-2026,Payment,155.62,0.00,"82,429.01"
ID13886,20-Mar-2026,Reversal,975.77,0.00,"2,160.43"
ID13886,21-Jan-2026,Interest,197.42,0.00,"16,605.95"
ID13886,05-Jan-2026,Transfer,0.00,"1,210.11","55,510.50"
ID13886,04-Feb-2026,ATM Withdrawal,0.00,227.97,"9,377.89"
ID13886,09-Mar-2026,Direct Deposit,579.00,0.00,"54,251.58"
ID13886,04-Jan-2026,Debit Card,0.00,486.86,"70,407.40"
ID13886,16-Feb-2026,Debit Card,0.00,397.94,"13,944.63"
ID13886,10-Jan-2026,Payment,"1,651.42",0.00,"46,103.57"
ID13887,08-Mar-2026,Debit Card,0.00,213.08,"83,976.38"
ID13887,03-Mar-2026,Interest,48.10,0.00,"84,057.14"
ID13887,04-Mar-2026,Interest,288.09,0.00,"36,705.31"
ID13887,13-Feb-2026,Interest,212.22,0.00,"9,550.45"
ID13887,12-Feb-2026,Charge,0.00,221.19,"47,673.30"
ID13887,07-Jan-2026,Interest,287.49,0.00,"99,999.08"
ID13887,03-Mar-2026,Charge,0.00,138.13,"99,128.21"
ID13887,15-Mar-2026,Debit Card,0.00,96.62,"28,238.28"
ID13887,06-Mar-2026,Charge,0.00,631.96,"24,374.48"
ID13887,23-Jan-2026,Direct Deposit,938.26,0.00,"74,634.96"
ID13887,15-Jan-2026,Direct Deposit,"2,579.17",0.00,"46,869.78"
ID13887,24-Feb-2026,Charge,0.00,179.99,"83,182.45"
ID13887,03-Jan-2026,Reversal,"1,355.21",0.00,"20,456.47"
ID13887,26-Feb-2026,Debit Card,0.00,224.66,"4,981.17"
ID13887,19-Feb-2026,Direct Deposit,"3,786.14",0.00,"47,084.38"
ID13887,23-Jan-2026,Interest,116.24,0.00,"43,630.13"
ID13887,01-Apr-2026,Reversal,0.00,"1,278.19","20,072.15"
ID13887,24-Mar-2026,Transfer,340.03,0.00,"95,763.82"
ID13887,16-Mar-2026,Charge,0.00,998.80,"5,793.62"
ID13887,06-Jan-2026,Interest,43.61,0.00,"9,412.45"
ID13888,18-Jan-2026,Interest,167.18,0.00,"11,817.94"
ID13888,25-Mar-2026,Charge,0.00,879.40,"37,921.73"
ID13888,10-Mar-2026,ATM Withdrawal,0.00,926.56,"28,339.26"
ID13888,07-Feb-2026,Reversal,403.27,0.00,"59,905.38"
ID13888,17-Mar-2026,Debit Card,0.00,230.63,"51,050.29"
ID13888,19-Jan-2026,Direct Deposit,919.55,0.00,"35,384.36"
ID13888,25-Mar-2026,ATM Withdrawal,0.00,66.23,"71,144.17"
ID13888,01-Feb-2026,Charge,0.00,268.54,"97,133.90"
ID13888,18-Feb-2026,Debit Card,0.00,506.85,"90,944.03"
ID13888,03-Jan-2026,Transfer,345.28,0.00,"23,149.06"
ID13888,28-Jan-2026,Transfer,"1,431.72",0.00,"9,988.15"
ID13888,13-Mar-2026,Reversal,0.00,"1,109.54","96,315.14"
ID13888,30-Jan-2026,Payment,0.00,331.68,"82,773.79"
ID13888,13-Jan-2026,Debit Card,0.00,208.72,"80,612.89"
ID13888,08-Jan-2026,ATM Withdrawal,0.00,48.17,"21,318.48"
ID13888,28-Feb-2026,Direct Deposit,949.84,0.00,"25,704.30"
ID13888,16-Jan-2026,Debit Card,0.00,795.97,"20,377.31"
ID13888,10-Mar-2026,Payment,"1,866.24",0.00,"16,005.40"
ID13888,18-Mar-2026,Payment,"1,399.26",0.00,"33,644.38"
ID13888,27-Jan-2026,Transfer,0.00,236.54,"36,346.73"
ID13889,25-Mar-2026,Charge,0.00,732.37,"31,120.89"
ID13889,05-Jan-2026,ATM Withdrawal,0.00,201.78,"16,534.90"
ID13889,29-Jan-2026,ATM Withdrawal,0.00,325.66,"57,899.72"
ID13889,04-Mar-2026,Transfer,0.00,976.68,"56,929.11"
ID13889,22-Jan-2026,Reversal,0.00,359.46,"50,480.43"
ID13889,04-Feb-2026,Direct Deposit,"4,905.75",0.00,"88,110.14"
ID13889,26-Feb-2026,Charge,0.00,75.32,"58,705.44"
ID13889,21-Feb-2026,Reversal,"1,846.01",0.00,"54,779.18"
ID13889,01-Feb-2026,Payment,"1,386.72",0.00,"96,466.01"
ID13889,15-Feb-2026,Interest,253.60,0.00,"56,443.40"
ID13889,11-Feb-2026,Payment,0.00,967.02,"59,394.40"
ID13889,28-Feb-2026,Debit Card,0.00,547.45,"36,234.13"
ID13889,14-Jan-2026,Reversal,"1,744.78",0.00,"63,878.74"
ID13889,31-Mar-2026,Payment,0.00,709.65,"65,155.66"
ID13889,13-Feb-2026,Transfer,0.00,255.52,"96,146.78"
ID13889,28-Mar-2026,Debit Card,0.00,143.19,"96,090.05"
ID13889,24-Jan-2026,Debit Card,0.00,745.68,"56,726.27"
ID13889,23-Feb-2026,Direct Deposit,"3,322.96",0.00,"77,683.45"
ID13889,16-Jan-2026,Charge,0.00,202.50,"99,604.70"
ID13889,16-Mar-2026,Transfer,0.00,"1,061.74","4,135.93"
ID13890,01-Feb-2026,ATM Withdrawal,0.00,870.99,"36,522.79"
ID13890,11-Jan-2026,Transfer,0.00,684.38,"20,690.80"
ID13890,23-Jan-2026,Charge,0.00,374.48,"36,870.59"
ID13890,14-Feb-2026,Reversal,0.00,887.40,"67,506.39"
ID13890,04-Jan-2026,ATM Withdrawal,0.00,844.67,"34,951.12"
ID13890,29-Jan-2026,Transfer,575.33,0.00,"46,841.80"
ID13890,11-Jan-2026,Direct Deposit,"4,213.50",0.00,"33,763.19"
ID13890,12-Feb-2026,Reversal,0.00,85.21,"50,700.19"
ID13890,06-Jan-2026,Charge,0.00,47.64,"32,290.36"
ID13890,07-Feb-2026,Reversal,"1,018.97",0.00,"9,284.82"
ID13890,26-Feb-2026,ATM Withdrawal,0.00,126.06,"97,706.90"
ID13890,13-Jan-2026,Reversal,"1,751.49",0.00,"9,191.33"
ID13890,21-Jan-2026,Interest,103.95,0.00,"66,920.84"
ID13890,30-Mar-2026,Debit Card,0.00,27.06,"34,367.72"
ID13890,31-Jan-2026,ATM Withdrawal,0.00,817.89,"2,287.16"
ID13890,30-Mar-2026,Interest,217.26,0.00,"92,757.32"
ID13890,23-Mar-2026,Direct Deposit,"2,107.62",0.00,"65,383.08"
ID13890,02-Mar-2026,Charge,0.00,68.61,"34,844.16"
ID13890,03-Feb-2026,Debit Card,0.00,500.50,"15,344.87"
ID13890,31-Mar-2026,Payment,0.00,469.12,"86,769.65"
ID13891,03-Mar-2026,Direct Deposit,"2,863.58",0.00,"41,044.40"
ID13891,11-Mar-2026,Reversal,0.00,920.71,"41,240.09"
ID13891,27-Feb-2026,Reversal,939.91,0.00,"21,775.85"
ID13891,01-Mar-2026,Charge,0.00,38.70,"50,235.30"
ID13891,09-Feb-2026,Payment,"1,714.32",0.00,"81,026.56"
ID13891,16-Feb-2026,Debit Card,0.00,118.84,"87,548.40"
ID13891,03-Feb-2026,Direct Deposit,"2,390.20",0.00,"92,727.80"
ID13891,12-Mar-2026,Transfer,138.46,0.00,"42,967.80"
ID13891,06-Mar-2026,Payment,963.03,0.00,"59,839.53"
ID13891,29-Jan-2026,Direct Deposit,"1,306.55",0.00,"55,729.36"
ID13891,25-Jan-2026,ATM Withdrawal,0.00,870.93,"85,556.24"
ID13891,07-Feb-2026,Transfer,0.00,"1,417.08","3,093.54"
ID13891,02-Mar-2026,Charge,0.00,355.41,"14,068.73"
ID13891,22-Mar-2026,Charge,0.00,484.89,"96,596.58"
ID13891,19-Jan-2026,Debit Card,0.00,421.47,"20,399.15"
ID13891,13-Mar-2026,Debit Card,0.00,943.26,"37,972.70"
ID13891,25-Mar-2026,ATM Withdrawal,0.00,899.73,"87,313.23"
ID13891,15-Mar-2026,Direct Deposit,"1,198.47",0.00,"50,651.06"
ID13891,22-Feb-2026,Payment,0.00,"1,103.59","71,441.92"
ID13891,01-Feb-2026,Charge,0.00,582.72,"94,354.26"
ID13892,12-Feb-2026,Payment,695.50,0.00,"47,962.76"
ID13892,08-Mar-2026,Debit Card,0.00,838.76,"92,712.84"
ID13892,10-Jan-2026,Debit Card,0.00,436.66,"77,410.43"
ID13892,29-Jan-2026,Interest,480.50,0.00,"94,434.48"
ID13892,07-Feb-2026,Interest,169.86,0.00,"85,174.10"
ID13892,04-Feb-2026,Transfer,765.12,0.00,"25,520.98"
ID13892,18-Feb-2026,Payment,0.00,674.48,"75,522.49"
ID13892,06-Feb-2026,Reversal,"1,653.27",0.00,"53,957.94"
ID13892,24-Feb-2026,Direct Deposit,"3,116.07",0.00,"73,266.74"
ID13892,30-Mar-2026,Payment,0.00,202.15,"40,063.76"
ID13892,10-Jan-2026,Interest,307.56,0.00,"40,908.81"
ID13892,24-Mar-2026,Transfer,930.03,0.00,"76,624.23"
ID13892,09-Mar-2026,Payment,0.00,"1,362.75","30,183.45"
ID13892,08-Jan-2026,Payment,0.00,377.75,"55,989.94"
ID13892,23-Feb-2026,Charge,0.00,757.13,"66,526.47"
ID13892,05-Feb-2026,Transfer,0.00,77.14,"15,494.64"
ID13892,09-Feb-2026,Charge,0.00,590.81,"63,402.83"
ID13892,19-Mar-2026,ATM Withdrawal,0.00,111.29,"27,327.92"
ID13892,21-Feb-2026,Charge,0.00,755.60,"68,072.66"
ID13892,30-Jan-2026,Payment,632.25,0.00,"80,836.79"
ID13893,16-Feb-2026,Direct Deposit,667.48,0.00,"29,027.74"
ID13893,11-Jan-2026,Payment,"1,670.31",0.00,"86,473.04"
ID13893,05-Mar-2026,Transfer,0.00,486.62,"63,008.33"
ID13893,18-Mar-2026,Direct Deposit,"1,808.76",0.00,"15,625.90"
ID13893,17-Jan-2026,Debit Card,0.00,151.24,"90,650.56"
ID13893,17-Jan-2026,ATM Withdrawal,0.00,363.69,"2,759.06"
ID13893,08-Feb-2026,Direct Deposit,"1,338.17",0.00,"92,156.80"
ID13893,13-Feb-2026,Payment,0.00,398.93,"3,170.50"
ID13893,26-Jan-2026,Charge,0.00,330.41,"54,750.73"
ID13893,20-Mar-2026,Reversal,308.47,0.00,"5,060.77"
ID13893,16-Jan-2026,Charge,0.00,727.18,"51,824.24"
ID13893,18-Mar-2026,Debit Card,0.00,161.69,"86,736.02"
ID13893,11-Jan-2026,Payment,0.00,944.79,"87,686.88"
ID13893,14-Mar-2026,Interest,260.31,0.00,"87,556.62"
ID13893,11-Feb-2026,Charge,0.00,640.07,"87,110.52"
ID13893,15-Feb-2026,Charge,0.00,942.73,"31,608.98"
ID13893,05-Jan-2026,ATM Withdrawal,0.00,449.96,"17,257.69"
ID13893,21-Jan-2026,Interest,328.35,0.00,"84,941.57"
ID13893,26-Jan-2026,Charge,0.00,832.42,"59,725.34"
ID13893,19-Feb-2026,Transfer,"1,495.26",0.00,"53,638.35"
ID13894,06-Jan-2026,Debit Card,0.00,651.06,"99,245.83"
ID13894,23-Feb-2026,Charge,0.00,345.88,"40,875.17"
ID13894,31-Jan-2026,Transfer,982.51,0.00,"94,807.02"
ID13894,21-Mar-2026,Direct Deposit,"1,594.91",0.00,"40,000.47"
ID13894,25-Jan-2026,Direct Deposit,"1,140.67",0.00,"11,293.32"
ID13894,28-Feb-2026,Payment,0.00,"1,015.31","65,174.91"
ID13894,15-Mar-2026,Direct Deposit,"2,473.65",0.00,"87,085.99"
ID13894,22-Jan-2026,Direct Deposit,"1,566.94",0.00,"90,418.28"
ID13894,19-Jan-2026,Interest,170.50,0.00,"44,315.86"
ID13894,09-Mar-2026,ATM Withdrawal,0.00,382.03,"92,648.36"
ID13894,24-Jan-2026,Interest,498.75,0.00,"8,949.54"
ID13894,11-Mar-2026,Transfer,"1,173.60",0.00,"13,526.71"
ID13894,07-Mar-2026,Debit Card,0.00,481.26,"60,721.86"
ID13894,07-Feb-2026,Reversal,0.00,975.98,"55,827.17"
ID13894,14-Mar-2026,Charge,0.00,169.47,"95,511.21"
ID13894,10-Feb-2026,Charge,0.00,836.19,"38,087.32"
ID13894,18-Feb-2026,Charge,0.00,25.03,"75,467.58"
ID13894,05-Feb-2026,Direct Deposit,"2,168.70",0.00,"44,087.32"
ID13894,24-Mar-2026,Interest,184.08,0.00,"18,989.36"
ID13894,18-Mar-2026,Reversal,0.00,372.55,"59,509.95"
ID13895,29-Mar-2026,Payment,0.00,"1,117.80","29,802.37"
ID13895,14-Jan-2026,Interest,181.47,0.00,"17,796.94"
ID13895,23-Feb-2026,Interest,407.42,0.00,"68,618.30"
ID13895,27-Feb-2026,Payment,0.00,364.06,"58,734.32"
ID13895,15-Mar-2026,Reversal,412.78,0.00,"15,174.04"
ID13895,10-Feb-2026,Transfer,"1,407.28",0.00,"99,154.58"
ID13895,05-Feb-2026,Transfer,"1,652.85",0.00,"9,437.65"
ID13895,07-Feb-2026,Interest,282.00,0.00,"21,185.48"
ID13895,24-Jan-2026,Charge,0.00,71.66,"9,011.98"
ID13895,18-Feb-2026,Transfer,933.92,0.00,"6,351.53"
ID13895,06-Jan-2026,ATM Withdrawal,0.00,499.67,"94,880.96"
ID13895,23-Jan-2026,Direct Deposit,"1,954.38",0.00,"73,594.30"
ID13895,04-Feb-2026,Payment,"1,786.68",0.00,"71,995.72"
ID13895,03-Jan-2026,Payment,537.83,0.00,"91,379.02"
ID13895,12-Feb-2026,Transfer,893.92,0.00,"43,284.24"
ID13895,05-Feb-2026,Charge,0.00,651.11,"58,474.24"
ID13895,12-Jan-2026,Charge,0.00,907.46,"63,869.40"
ID13895,30-Jan-2026,Direct Deposit,"1,423.09",0.00,"73,280.50"
ID13895,28-Jan-2026,ATM Withdrawal,0.00,413.03,"68,682.34"
ID13895,25-Jan-2026,ATM Withdrawal,0.00,592.87,"17,347.45"
ID13896,25-Mar-2026,Payment,0.00,"1,179.92","80,749.44"
ID13896,14-Feb-2026,Debit Card,0.00,908.57,"48,423.27"
ID13896,16-Feb-2026,ATM Withdrawal,0.00,846.07,"35,259.92"
ID13896,28-Feb-2026,Interest,262.81,0.00,"43,639.17"
ID13896,30-Mar-2026,ATM Withdrawal,0.00,442.16,"34,982.55"
ID13896,12-Jan-2026,Debit Card,0.00,735.36,"21,964.95"
ID13896,15-Mar-2026,Transfer,"1,591.36",0.00,"89,094.25"
ID13896,13-Jan-2026,Debit Card,0.00,297.10,"21,032.75"
ID13896,16-Feb-2026,Reversal,0.00,170.40,"1,490.72"
ID13896,13-Jan-2026,Debit Card,0.00,79.37,"80,206.89"
ID13896,25-Mar-2026,Debit Card,0.00,878.95,"12,475.62"
ID13896,04-Jan-2026,Payment,0.00,"1,023.79","69,399.51"
ID13896,28-Jan-2026,Debit Card,0.00,761.73,"98,772.31"
ID13896,02-Apr-2026,Debit Card,0.00,429.70,"7,033.71"
ID13896,13-Jan-2026,Payment,933.21,0.00,"37,581.47"
ID13896,21-Jan-2026,Reversal,0.00,593.39,"58,669.20"
ID13896,23-Feb-2026,Direct Deposit,"4,163.69",0.00,"74,019.96"
ID13896,30-Jan-2026,Debit Card,0.00,417.12,"87,136.90"
ID13896,21-Jan-2026,Direct Deposit,"4,360.04",0.00,"96,911.72"
ID13896,22-Feb-2026,ATM Withdrawal,0.00,149.10,"79,559.73"
ID13897,18-Mar-2026,Reversal,0.00,"1,272.64","72,908.29"
ID13897,09-Jan-2026,Debit Card,0.00,709.75,"65,272.52"
ID13897,31-Jan-2026,Direct Deposit,"4,163.15",0.00,"10,847.35"
ID13897,01-Apr-2026,Charge,0.00,42.89,"60,597.01"
ID13897,10-Mar-2026,Interest,243.93,0.00,"79,043.64"
ID13897,26-Jan-2026,Payment,621.26,0.00,"89,216.13"
ID13897,15-Feb-2026,Direct Deposit,"3,553.09",0.00,"12,212.03"
ID13897,03-Mar-2026,Payment,0.00,"1,279.20","98,397.54"
ID13897,04-Jan-2026,Interest,237.99,0.00,"49,603.47"
ID13897,30-Jan-2026,Charge,0.00,204.19,"58,765.86"
ID13897,07-Jan-2026,ATM Withdrawal,0.00,282.65,"66,782.35"
ID13897,02-Feb-2026,ATM Withdrawal,0.00,454.25,"80,780.15"
ID13897,07-Mar-2026,Direct Deposit,"1,122.42",0.00,"91,396.72"
ID13897,11-Feb-2026,Direct Deposit,"1,672.39",0.00,"38,699.88"
ID13897,05-Feb-2026,Transfer,0.00,"1,002.88","38,769.79"
ID13897,14-Mar-2026,ATM Withdrawal,0.00,431.61,"70,015.15"
ID13897,31-Jan-2026,Debit Card,0.00,601.71,"42,322.10"
ID13897,07-Jan-2026,Charge,0.00,451.74,"40,741.41"
ID13897,09-Jan-2026,Payment,"1,559.39",0.00,"3,807.26"
ID13897,29-Jan-2026,Direct Deposit,739.31,0.00,"16,720.61"
ID13898,22-Jan-2026,Reversal,"1,745.12",0.00,"63,444.07"
ID13898,12-Mar-2026,Transfer,0.00,533.49,"93,090.74"
ID13898,01-Apr-2026,Debit Card,0.00,418.00,"24,491.05"
ID13898,18-Feb-2026,Interest,78.98,0.00,"29,775.89"
ID13898,10-Jan-2026,Reversal,"1,870.16",0.00,"5,159.57"
ID13898,25-Mar-2026,Charge,0.00,799.02,"39,123.28"
ID13898,11-Mar-2026,Reversal,119.14,0.00,"46,424.28"
ID13898,10-Mar-2026,Direct Deposit,"4,016.03",0.00,"82,188.69"
ID13898,03-Apr-2026,Interest,66.10,0.00,"4,873.32"
ID13898,02-Apr-2026,Payment,"1,975.97",0.00,"45,168.94"
ID13898,20-Mar-2026,Transfer,0.00,859.27,"94,314.98"
ID13898,19-Feb-2026,Debit Card,0.00,189.48,"85,951.30"
ID13898,26-Feb-2026,Payment,283.09,0.00,"99,642.93"
ID13898,29-Jan-2026,Direct Deposit,"3,814.95",0.00,"19,663.63"
ID13898,18-Mar-2026,Direct Deposit,"2,646.46",0.00,"67,317.30"
ID13898,11-Jan-2026,Transfer,0.00,308.06,"83,194.42"
ID13898,20-Feb-2026,Direct Deposit,918.98,0.00,"7,111.05"
ID13898,25-Mar-2026,Payment,0.00,494.52,"36,508.09"
ID13898,13-Mar-2026,Payment,867.93,0.00,"64,105.56"
ID13898,18-Mar-2026,Direct Deposit,"3,943.91",0.00,"48,941.75"
ID13899,30-Jan-2026,Debit Card,0.00,453.17,"49,928.87"
ID13899,28-Feb-2026,Direct Deposit,"4,261.75",0.00,"77,027.25"
ID13899,15-Feb-2026,Payment,"1,382.50",0.00,"87,329.75"
ID13899,18-Jan-2026,Interest,78.21,0.00,"66,871.27"
ID13899,02-Apr-2026,Payment,323.26,0.00,"61,298.75"
ID13899,05-Mar-2026,Interest,377.98,0.00,"27,396.02"
ID13899,13-Jan-2026,Reversal,0.00,"1,112.43","44,401.64"
ID13899,11-Jan-2026,Direct Deposit,"1,672.94",0.00,"45,754.98"
ID13899,30-Jan-2026,Direct Deposit,"1,478.10",0.00,"26,657.73"
ID13899,20-Mar-2026,ATM Withdrawal,0.00,244.92,"17,224.81"
ID13899,25-Feb-2026,ATM Withdrawal,0.00,911.00,"55,500.16"
ID13899,19-Feb-2026,Direct Deposit,"2,440.59",0.00,"58,131.66"
ID13899,05-Mar-2026,ATM Withdrawal,0.00,494.36,"60,022.17"
ID13899,18-Mar-2026,Transfer,0.00,"1,103.81","81,410.52"
ID13899,12-Feb-2026,ATM Withdrawal,0.00,753.92,"57,766.00"
ID13899,28-Feb-2026,Transfer,137.64,0.00,"29,561.40"
ID13899,02-Mar-2026,Transfer,0.00,332.93,"45,813.44"
ID13899,12-Feb-2026,Debit Card,0.00,42.64,"87,890.32"
ID13899,12-Mar-2026,Direct Deposit,"3,280.01",0.00,"92,402.14"
ID13899,03-Jan-2026,Interest,457.59,0.00,"21,872.18"
ID13900,13-Jan-2026,Interest,366.40,0.00,"36,637.08"
ID13900,02-Apr-2026,Transfer,"1,950.70",0.00,"62,976.69"
ID13900,09-Feb-2026,Interest,236.18,0.00,"6,965.16"
ID13900,17-Jan-2026,ATM Withdrawal,0.00,114.51,"86,045.39"
ID13900,17-Feb-2026,Direct Deposit,"2,582.48",0.00,"77,300.84"
ID13900,07-Feb-2026,Payment,"1,205.88",0.00,"46,043.03"
ID13900,05-Mar-2026,ATM Withdrawal,0.00,329.22,"14,886.87"
ID13900,06-Jan-2026,Debit Card,0.00,792.81,"83,316.03"
ID13900,10-Mar-2026,Reversal,0.00,642.66,"70,257.90"
ID13900,15-Jan-2026,Interest,193.71,0.00,"47,042.94"
ID13900,08-Jan-2026,Reversal,0.00,"1,287.89","43,454.62"
ID13900,16-Mar-2026,Reversal,0.00,"1,040.87","47,508.45"
ID13900,12-Jan-2026,Charge,0.00,125.06,"26,659.82"
ID13900,17-Mar-2026,Debit Card,0.00,190.36,"98,755.95"
ID13900,09-Mar-2026,ATM Withdrawal,0.00,787.22,"78,927.44"
ID13900,03-Apr-2026,Transfer,0.00,"1,411.24","52,102.35"
ID13900,10-Mar-2026,Transfer,162.48,0.00,"56,180.94"
ID13900,26-Feb-2026,Payment,572.12,0.00,"78,959.53"
ID13900,11-Feb-2026,Transfer,0.00,"1,014.86","97,084.10"
ID13900,26-Jan-2026,Direct Deposit,"1,668.89",0.00,"2,013.58"
ID13901,27-Feb-2026,Charge,0.00,774.17,"3,569.32"
ID13901,04-Jan-2026,Payment,0.00,886.54,"84,075.64"
ID13901,13-Feb-2026,Reversal,"1,536.20",0.00,"6,150.40"
ID13901,01-Mar-2026,Direct Deposit,"3,201.18",0.00,"98,961.18"
ID13901,20-Jan-2026,Charge,0.00,797.29,"99,802.19"
ID13901,26-Jan-2026,Direct Deposit,"1,004.61",0.00,"50,881.77"
ID13901,05-Feb-2026,Transfer,0.00,421.45,"67,549.71"
ID13901,18-Jan-2026,Reversal,0.00,"1,242.73","55,267.84"
ID13901,21-Feb-2026,ATM Withdrawal,0.00,58.76,"89,798.60"
ID13901,06-Jan-2026,Transfer,0.00,"1,243.93","93,768.52"
ID13901,23-Jan-2026,ATM Withdrawal,0.00,233.09,"30,971.23"
ID13901,30-Jan-2026,Interest,287.43,0.00,"51,558.28"
ID13901,21-Mar-2026,Debit Card,0.00,759.46,"66,324.78"
ID13901,14-Mar-2026,Direct Deposit,"2,024.69",0.00,"44,352.66"
ID13901,05-Feb-2026,Interest,363.98,0.00,"63,071.11"
ID13901,15-Mar-2026,Payment,580.86,0.00,"47,957.57"
ID13901,11-Jan-2026,Payment,754.17,0.00,"49,264.15"
ID13901,23-Feb-2026,Reversal,"1,762.13",0.00,"91,340.35"
ID13901,04-Feb-2026,Interest,298.45,0.00,"94,798.13"
ID13901,09-Mar-2026,Interest,380.97,0.00,"72,437.74"
ID13902,20-Mar-2026,Interest,379.44,0.00,"91,208.13"
ID13902,04-Mar-2026,Charge,0.00,233.49,"9,212.30"
ID13902,25-Jan-2026,Payment,414.78,0.00,"29,005.11"
ID13902,29-Jan-2026,Charge,0.00,725.77,"36,821.22"
ID13902,11-Mar-2026,Transfer,0.00,267.30,"61,499.25"
ID13902,02-Mar-2026,Direct Deposit,"1,984.66",0.00,"54,925.64"
ID13902,16-Feb-2026,Transfer,0.00,"1,029.25","17,642.39"
ID13902,05-Feb-2026,Interest,262.16,0.00,"85,057.42"
ID13902,10-Mar-2026,Reversal,0.00,"1,201.55","41,196.87"
ID13902,02-Feb-2026,Reversal,0.00,478.68,"25,339.34"
ID13902,17-Feb-2026,Reversal,0.00,390.70,"20,284.08"
ID13902,12-Mar-2026,Debit Card,0.00,434.74,"48,230.19"
ID13902,20-Jan-2026,Transfer,"1,268.74",0.00,"12,228.86"
ID13902,09-Mar-2026,Reversal,629.98,0.00,"90,607.63"
ID13902,02-Mar-2026,Reversal,0.00,842.66,"13,922.38"
ID13902,11-Jan-2026,Charge,0.00,688.96,"58,899.84"
ID13902,02-Mar-2026,Payment,0.00,"1,109.58","79,932.07"
ID13902,27-Mar-2026,Payment,0.00,111.88,"13,756.10"
ID13902,21-Feb-2026,Transfer,0.00,"1,274.97","44,252.07"
ID13902,14-Feb-2026,Payment,832.26,0.00,"25,874.97"
ID13903,28-Mar-2026,Interest,219.52,0.00,"56,347.43"
ID13903,11-Jan-2026,Reversal,"1,841.58",0.00,"97,522.30"
ID13903,12-Jan-2026,Payment,0.00,145.87,"62,487.05"
ID13903,04-Jan-2026,Transfer,"1,743.45",0.00,"93,295.35"
ID13903,27-Jan-2026,Direct Deposit,"1,460.50",0.00,"28,735.33"
ID13903,17-Feb-2026,Interest,291.77,0.00,"78,558.30"
ID13903,22-Feb-2026,Payment,0.00,"1,132.28","81,354.38"
ID13903,09-Jan-2026,Debit Card,0.00,26.73,"25,913.90"
ID13903,28-Jan-2026,Reversal,"1,754.45",0.00,"72,412.96"
ID13903,07-Feb-2026,Charge,0.00,380.88,"36,643.87"
ID13903,09-Mar-2026,Charge,0.00,185.88,"35,769.05"
ID13903,12-Feb-2026,Debit Card,0.00,872.05,"36,303.56"
ID13903,08-Mar-2026,Debit Card,0.00,34.12,"75,623.78"
ID13903,12-Mar-2026,Payment,0.00,59.39,"20,143.07"
ID13903,06-Jan-2026,Direct Deposit,"2,213.12",0.00,"59,694.75"
ID13903,20-Mar-2026,Payment,0.00,668.66,"8,974.62"
ID13903,17-Mar-2026,Debit Card,0.00,763.46,"3,878.03"
ID13903,05-Jan-2026,Charge,0.00,709.55,"59,740.29"
ID13903,12-Feb-2026,ATM Withdrawal,0.00,897.23,"30,378.45"
ID13903,05-Feb-2026,Reversal,"1,948.49",0.00,"45,948.82"
ID13904,02-Mar-2026,Debit Card,0.00,22.12,"17,724.36"
ID13904,29-Mar-2026,Payment,0.00,272.95,"5,121.79"
ID13904,19-Feb-2026,Reversal,0.00,434.76,"23,719.13"
ID13904,09-Feb-2026,Interest,481.15,0.00,"78,199.84"
ID13904,02-Mar-2026,Charge,0.00,978.31,"3,449.05"
ID13904,27-Feb-2026,ATM Withdrawal,0.00,216.67,"30,106.73"
ID13904,05-Feb-2026,Reversal,0.00,672.75,"78,748.29"
ID13904,03-Mar-2026,Direct Deposit,"1,408.58",0.00,"26,510.41"
ID13904,16-Mar-2026,Transfer,"1,465.08",0.00,"35,739.95"
ID13904,07-Mar-2026,Transfer,0.00,618.37,"34,869.57"
ID13904,26-Feb-2026,Charge,0.00,848.01,"67,161.26"
ID13904,08-Feb-2026,Interest,49.59,0.00,"13,983.21"
ID13904,10-Mar-2026,ATM Withdrawal,0.00,571.67,"9,330.71"
ID13904,21-Jan-2026,Direct Deposit,"3,545.76",0.00,"40,643.17"
ID13904,03-Apr-2026,Interest,458.61,0.00,"27,795.26"
ID13904,04-Feb-2026,Direct Deposit,"3,012.54",0.00,"15,072.96"
ID13904,13-Feb-2026,Payment,368.17,0.00,"44,643.91"
ID13904,14-Feb-2026,Debit Card,0.00,634.88,"68,499.49"
ID13904,17-Mar-2026,Payment,0.00,811.63,"57,835.48"
ID13904,02-Feb-2026,Direct Deposit,"1,493.91",0.00,"41,311.15"
ID13905,19-Jan-2026,ATM Withdrawal,0.00,896.76,"32,284.56"
ID13905,29-Mar-2026,Direct Deposit,"4,503.80",0.00,"65,750.73"
ID13905,11-Mar-2026,Payment,"1,804.31",0.00,"82,220.54"
ID13905,26-Jan-2026,Charge,0.00,159.80,"68,901.72"
ID13905,02-Apr-2026,Debit Card,0.00,88.74,"45,223.38"
ID13905,09-Mar-2026,Transfer,0.00,"1,009.77","78,325.56"
ID13905,28-Mar-2026,ATM Withdrawal,0.00,882.94,"10,927.08"
ID13905,18-Feb-2026,Payment,0.00,703.61,"19,000.45"
ID13905,15-Mar-2026,Charge,0.00,445.76,"17,620.88"
ID13905,16-Feb-2026,Direct Deposit,"1,750.01",0.00,"72,099.20"
ID13905,25-Mar-2026,Debit Card,0.00,55.37,"61,524.23"
ID13905,01-Feb-2026,Charge,0.00,193.99,"94,513.27"
ID13905,05-Mar-2026,Charge,0.00,676.27,"5,720.31"
ID13905,19-Mar-2026,Debit Card,0.00,246.66,"7,122.46"
ID13905,01-Mar-2026,Direct Deposit,"2,628.42",0.00,"7,006.60"
ID13905,05-Feb-2026,Direct Deposit,"4,116.15",0.00,"50,614.90"
ID13905,10-Mar-2026,Direct Deposit,"4,085.66",0.00,"31,788.78"
ID13905,22-Feb-2026,Debit Card,0.00,577.85,"37,038.01"
ID13905,11-Mar-2026,Reversal,0.00,"1,370.22","88,709.38"
ID13905,10-Mar-2026,Debit Card,0.00,842.67,"62,155.13"
ID13906,02-Mar-2026,Interest,404.52,0.00,"20,466.39"
ID13906,26-Jan-2026,Reversal,0.00,242.64,"1,895.30"
ID13906,29-Mar-2026,Transfer,0.00,285.47,"67,278.73"
ID13906,24-Jan-2026,Payment,376.72,0.00,"78,407.46"
ID13906,15-Jan-2026,Debit Card,0.00,507.63,"41,235.06"
ID13906,01-Mar-2026,Debit Card,0.00,974.30,"78,214.43"
ID13906,01-Apr-2026,Charge,0.00,136.57,"22,991.63"
ID13906,01-Mar-2026,Debit Card,0.00,646.77,"84,743.67"
ID13906,28-Mar-2026,Interest,491.67,0.00,"99,110.63"
ID13906,19-Jan-2026,Reversal,"1,599.22",0.00,"5,206.61"
ID13906,17-Jan-2026,ATM Withdrawal,0.00,489.28,"34,514.17"
ID13906,23-Jan-2026,Payment,0.00,"1,221.15","55,368.76"
ID13906,29-Mar-2026,Payment,704.00,0.00,"44,240.56"
ID13906,09-Jan-2026,Payment,0.00,531.90,"87,648.79"
ID13906,29-Mar-2026,Payment,0.00,406.04,"3,635.71"
ID13906,05-Feb-2026,Transfer,0.00,308.36,"10,623.80"
ID13906,21-Feb-2026,Charge,0.00,973.07,"33,672.64"
ID13906,09-Feb-2026,ATM Withdrawal,0.00,163.61,"22,489.35"
ID13906,28-Feb-2026,Debit Card,0.00,298.45,"67,157.56"
ID13906,04-Mar-2026,Payment,"1,763.63",0.00,"29,033.91"
ID13907,29-Jan-2026,Payment,"1,917.53",0.00,"76,647.86"
ID13907,09-Feb-2026,Reversal,0.00,138.62,"65,132.48"
ID13907,01-Mar-2026,ATM Withdrawal,0.00,899.51,"32,233.36"
ID13907,15-Jan-2026,Direct Deposit,"3,094.24",0.00,"70,483.01"
ID13907,11-Feb-2026,Reversal,0.00,206.24,"45,121.21"
ID13907,22-Feb-2026,Charge,0.00,332.24,"67,230.89"
ID13907,15-Jan-2026,ATM Withdrawal,0.00,868.67,"11,166.39"
ID13907,09-Mar-2026,Payment,0.00,"1,067.04","31,773.69"
ID13907,17-Jan-2026,Reversal,0.00,"1,073.75","23,028.44"
ID13907,23-Mar-2026,Reversal,0.00,720.15,"94,401.91"
ID13907,19-Mar-2026,Transfer,"1,685.76",0.00,"22,368.43"
ID13907,13-Mar-2026,Payment,0.00,475.13,"40,480.68"
ID13907,15-Mar-2026,Reversal,0.00,"1,207.84","46,394.31"
ID13907,29-Mar-2026,Debit Card,0.00,878.04,"68,662.87"
ID13907,18-Feb-2026,Charge,0.00,719.76,"93,688.86"
ID13907,23-Feb-2026,Interest,441.30,0.00,"75,209.64"
ID13907,25-Jan-2026,Debit Card,0.00,602.12,"24,804.01"
ID13907,07-Mar-2026,Charge,0.00,737.08,"74,480.99"
ID13907,22-Feb-2026,Payment,0.00,953.17,"15,154.67"
ID13907,01-Apr-2026,Debit Card,0.00,931.27,"12,547.24"
ID13908,13-Feb-2026,Payment,0.00,"1,295.30","88,499.16"
ID13908,18-Mar-2026,Direct Deposit,"4,560.79",0.00,"35,456.84"
ID13908,10-Mar-2026,Debit Card,0.00,978.87,"23,897.77"
ID13908,09-Mar-2026,Charge,0.00,835.12,"1,283.45"
ID13908,13-Feb-2026,Charge,0.00,226.73,"40,590.75"
ID13908,02-Feb-2026,Transfer,0.00,655.19,"50,891.10"
ID13908,14-Mar-2026,Reversal,959.64,0.00,"19,998.81"
ID13908,15-Feb-2026,Payment,390.22,0.00,"60,943.38"
ID13908,19-Mar-2026,Payment,"1,395.75",0.00,"58,610.64"
ID13908,22-Feb-2026,Debit Card,0.00,739.61,"70,828.78"
ID13908,16-Mar-2026,Charge,0.00,583.02,"65,940.39"
ID13908,01-Apr-2026,Charge,0.00,39.58,"69,816.18"
ID13908,17-Jan-2026,Debit Card,0.00,563.20,"85,526.53"
ID13908,13-Mar-2026,Transfer,"1,713.67",0.00,"41,259.76"
ID13908,06-Mar-2026,Direct Deposit,687.38,0.00,"55,012.14"
ID13908,16-Jan-2026,Payment,0.00,363.64,"83,124.32"
ID13908,23-Feb-2026,Reversal,0.00,677.57,"11,063.36"
ID13908,24-Jan-2026,Debit Card,0.00,526.49,"77,652.77"
ID13908,22-Mar-2026,Interest,88.70,0.00,"3,132.46"
ID13908,22-Mar-2026,Interest,74.77,0.00,"25,919.99"
ID13909,12-Mar-2026,Transfer,"1,999.85",0.00,"63,743.27"
ID13909,19-Feb-2026,Transfer,"1,106.35",0.00,"36,229.75"
ID13909,21-Feb-2026,Charge,0.00,251.22,"65,831.67"
ID13909,21-Mar-2026,Charge,0.00,417.18,"89,544.45"
ID13909,06-Feb-2026,Payment,0.00,"1,307.09","70,841.28"
ID13909,17-Jan-2026,Direct Deposit,"4,700.84",0.00,"34,264.07"
ID13909,03-Mar-2026,Charge,0.00,331.09,"13,649.41"
ID13909,03-Jan-2026,Debit Card,0.00,799.59,"32,835.32"
ID13909,15-Jan-2026,Interest,65.16,0.00,"66,746.52"
ID13909,06-Mar-2026,Transfer,0.00,893.36,"90,358.06"
ID13909,05-Feb-2026,Interest,454.11,0.00,"83,142.44"
ID13909,28-Mar-2026,Direct Deposit,"2,036.33",0.00,"59,146.15"
ID13909,13-Jan-2026,Interest,99.27,0.00,"11,258.74"
ID13909,30-Jan-2026,Transfer,0.00,"1,487.53","16,423.61"
ID13909,31-Mar-2026,Charge,0.00,93.00,"18,700.44"
ID13909,21-Jan-2026,Charge,0.00,537.20,"2,840.79"
ID13909,03-Mar-2026,Interest,164.39,0.00,"60,243.01"
ID13909,20-Feb-2026,ATM Withdrawal,0.00,482.30,"55,835.50"
ID13909,14-Feb-2026,Interest,354.12,0.00,"98,802.22"
ID13909,13-Jan-2026,Transfer,0.00,"1,066.85","81,704.99"
ID13910,26-Mar-2026,Direct Deposit,"2,583.78",0.00,"76,330.60"
ID13910,16-Mar-2026,Reversal,0.00,"1,476.06","35,708.65"
ID13910,24-Feb-2026,Direct Deposit,"2,043.87",0.00,"59,674.15"
ID13910,26-Feb-2026,Debit Card,0.00,473.55,"8,241.32"
ID13910,28-Feb-2026,Charge,0.00,291.60,"28,976.46"
ID13910,02-Apr-2026,Debit Card,0.00,678.69,"75,955.63"
ID13910,19-Mar-2026,Transfer,"1,244.89",0.00,"60,245.66"
ID13910,04-Mar-2026,Payment,945.33,0.00,"40,511.97"
ID13910,16-Feb-2026,Interest,429.74,0.00,"10,649.86"
ID13910,16-Mar-2026,Direct Deposit,"1,273.38",0.00,"24,696.76"
ID13910,03-Feb-2026,Direct Deposit,908.49,0.00,"83,762.02"
ID13910,31-Jan-2026,Payment,"1,697.07",0.00,"71,606.70"
ID13910,13-Jan-2026,Transfer,0.00,"1,494.95","30,910.29"
ID13910,25-Jan-2026,Transfer,497.72,0.00,"48,193.44"
ID13910,27-Jan-2026,Transfer,0.00,532.32,"22,503.61"
ID13910,15-Jan-2026,Interest,244.85,0.00,"31,204.38"
ID13910,17-Feb-2026,Debit Card,0.00,904.64,"19,247.45"
ID13910,01-Apr-2026,Debit Card,0.00,122.69,"59,951.70"
ID13910,13-Jan-2026,Interest,436.62,0.00,"1,313.15"
ID13910,02-Apr-2026,Charge,0.00,830.88,"97,997.55"
ID13911,17-Mar-2026,Payment,300.30,0.00,"78,687.33"
ID13911,29-Mar-2026,Interest,326.47,0.00,"52,031.07"
ID13911,20-Jan-2026,ATM Withdrawal,0.00,421.54,"75,525.20"
ID13911,16-Mar-2026,ATM Withdrawal,0.00,315.43,"53,641.57"
ID13911,27-Jan-2026,Debit Card,0.00,902.68,"43,905.56"
ID13911,19-Feb-2026,Payment,"1,380.65",0.00,"66,933.31"
ID13911,19-Mar-2026,Transfer,0.00,276.87,"29,352.08"
ID13911,03-Apr-2026,Debit Card,0.00,671.76,"5,726.97"
ID13911,12-Mar-2026,Interest,88.99,0.00,"94,670.44"
ID13911,04-Jan-2026,Reversal,348.15,0.00,"84,469.43"
ID13911,13-Jan-2026,Charge,0.00,488.54,"86,780.74"
ID13911,25-Jan-2026,Transfer,"1,782.59",0.00,"46,926.97"
ID13911,29-Mar-2026,Payment,"1,691.39",0.00,"81,997.44"
ID13911,03-Mar-2026,Transfer,"1,499.36",0.00,"21,200.15"
ID13911,31-Mar-2026,Interest,494.42,0.00,"98,893.81"
ID13911,13-Jan-2026,Direct Deposit,"3,099.48",0.00,"39,665.66"
ID13911,27-Jan-2026,Debit Card,0.00,109.94,"45,203.51"
ID13911,17-Mar-2026,ATM Withdrawal,0.00,489.46,"16,763.65"
ID13911,21-Jan-2026,Interest,139.27,0.00,"1,168.59"
ID13911,20-Feb-2026,Transfer,0.00,501.54,"7,579.41"
ID13912,26-Mar-2026,Charge,0.00,267.52,"68,204.78"
ID13912,03-Feb-2026,Direct Deposit,"3,116.11",0.00,"75,947.31"
ID13912,25-Feb-2026,Charge,0.00,609.96,"89,812.41"
ID13912,22-Jan-2026,Transfer,"1,558.76",0.00,"6,037.09"
ID13912,04-Mar-2026,Interest,324.17,0.00,"47,818.55"
ID13912,21-Mar-2026,Transfer,0.00,281.98,"84,647.29"
ID13912,18-Feb-2026,Debit Card,0.00,397.26,"47,310.92"
ID13912,25-Jan-2026,Reversal,981.31,0.00,"83,775.47"
ID13912,06-Mar-2026,Payment,0.00,858.73,"63,886.68"
ID13912,28-Feb-2026,Transfer,"1,150.70",0.00,"47,859.15"
ID13912,02-Feb-2026,ATM Withdrawal,0.00,465.37,"13,385.56"
ID13912,28-Mar-2026,Reversal,0.00,"1,128.37","68,387.20"
ID13912,14-Jan-2026,Payment,0.00,"1,168.09","41,209.21"
ID13912,02-Mar-2026,Transfer,986.73,0.00,"72,105.95"
ID13912,29-Mar-2026,Charge,0.00,532.61,"67,986.26"
ID13912,07-Feb-2026,ATM Withdrawal,0.00,146.05,"39,088.62"
ID13912,07-Mar-2026,Payment,0.00,829.36,"1,940.03"
ID13912,05-Jan-2026,ATM Withdrawal,0.00,898.79,"36,597.02"
ID13912,22-Feb-2026,Debit Card,0.00,126.16,"35,521.41"
ID13912,25-Mar-2026,Interest,349.33,0.00,"42,820.43"
ID13913,15-Feb-2026,Debit Card,0.00,638.01,"24,041.71"
ID13913,19-Jan-2026,Reversal,0.00,279.27,"51,458.74"
ID13913,27-Feb-2026,Direct Deposit,"4,602.89",0.00,"68,141.94"
ID13913,03-Apr-2026,Interest,191.87,0.00,"18,156.85"
ID13913,29-Mar-2026,Debit Card,0.00,113.23,"60,922.06"
ID13913,01-Mar-2026,Charge,0.00,974.75,"17,590.91"
ID13913,27-Mar-2026,Transfer,0.00,333.95,"93,831.18"
ID13913,02-Apr-2026,Transfer,0.00,951.79,"49,451.75"
ID13913,29-Mar-2026,Debit Card,0.00,287.47,"99,572.27"
ID13913,15-Jan-2026,Payment,"1,944.62",0.00,"59,241.59"
ID13913,04-Feb-2026,Payment,0.00,"1,494.66","64,653.85"
ID13913,26-Mar-2026,Charge,0.00,242.52,"59,882.49"
ID13913,09-Jan-2026,ATM Withdrawal,0.00,133.22,"19,710.75"
ID13913,01-Feb-2026,ATM Withdrawal,0.00,484.17,"26,957.75"
ID13913,04-Jan-2026,Reversal,180.82,0.00,"33,212.11"
ID13913,23-Mar-2026,Transfer,"1,979.73",0.00,"61,517.42"
ID13913,07-Feb-2026,Interest,222.91,0.00,"15,761.54"
ID13913,05-Mar-2026,Transfer,0.00,144.48,"63,612.99"
ID13913,11-Jan-2026,Interest,123.63,0.00,"63,667.23"
ID13913,18-Feb-2026,Transfer,0.00,"1,242.95","95,567.64"
ID13914,08-Feb-2026,Direct Deposit,676.77,0.00,"73,205.36"
ID13914,26-Jan-2026,Interest,439.84,0.00,"8,627.50"
ID13914,28-Feb-2026,Interest,346.08,0.00,"76,575.69"
ID13914,12-Jan-2026,Interest,129.51,0.00,"49,955.14"
ID13914,11-Jan-2026,Transfer,0.00,188.50,"16,984.49"
ID13914,20-Mar-2026,ATM Withdrawal,0.00,975.65,"22,463.73"
ID13914,31-Jan-2026,Transfer,"1,797.78",0.00,"52,180.01"
ID13914,28-Mar-2026,Direct Deposit,"2,270.33",0.00,"68,379.81"
ID13914,03-Apr-2026,Reversal,"1,031.39",0.00,"31,423.98"
ID13914,01-Feb-2026,Charge,0.00,877.82,"62,880.69"
ID13914,28-Jan-2026,Direct Deposit,512.18,0.00,"6,518.67"
ID13914,02-Apr-2026,Transfer,"1,033.28",0.00,"69,965.00"
ID13914,13-Mar-2026,Reversal,636.34,0.00,"76,916.80"
ID13914,18-Mar-2026,Debit Card,0.00,630.16,"19,460.03"
ID13914,25-Jan-2026,Interest,52.28,0.00,"68,058.67"
ID13914,08-Feb-2026,ATM Withdrawal,0.00,129.65,"75,585.87"
ID13914,24-Mar-2026,Direct Deposit,710.43,0.00,"3,124.56"
ID13914,11-Mar-2026,Transfer,"1,924.44",0.00,"35,886.96"
ID13914,11-Jan-2026,Direct Deposit,"1,358.31",0.00,"76,612.38"
ID13914,12-Feb-2026,Reversal,194.92,0.00,"53,296.48"
ID13915,12-Jan-2026,Interest,368.55,0.00,"49,176.66"
ID13915,02-Mar-2026,Direct Deposit,"1,224.80",0.00,"96,005.74"
ID13915,14-Mar-2026,Direct Deposit,"2,277.41",0.00,"42,929.13"
ID13915,21-Jan-2026,Reversal,"1,561.05",0.00,"77,044.76"
ID13915,23-Mar-2026,Charge,0.00,258.07,"72,907.33"
ID13915,03-Feb-2026,ATM Withdrawal,0.00,946.65,"85,780.40"
ID13915,18-Mar-2026,Transfer,164.37,0.00,"42,769.28"
ID13915,04-Jan-2026,Payment,"1,857.95",0.00,"13,095.62"
ID13915,11-Feb-2026,Direct Deposit,"3,152.75",0.00,"5,336.40"
ID13915,08-Jan-2026,Charge,0.00,454.18,"85,157.27"
ID13915,10-Mar-2026,Interest,20.59,0.00,"73,431.97"
ID13915,27-Feb-2026,Payment,271.68,0.00,"49,075.15"
ID13915,13-Feb-2026,Interest,328.14,0.00,"9,997.54"
ID13915,06-Feb-2026,Direct Deposit,"1,129.94",0.00,"63,166.64"
ID13915,20-Jan-2026,Payment,0.00,"1,034.12","75,776.69"
ID13915,03-Feb-2026,Charge,0.00,527.90,"28,203.48"
ID13915,16-Jan-2026,Charge,0.00,298.43,"16,118.92"
ID13915,11-Feb-2026,Transfer,0.00,316.15,"34,771.09"
ID13915,08-Jan-2026,Interest,23.61,0.00,"99,185.72"
ID13915,01-Feb-2026,Transfer,"1,949.34",0.00,"26,918.50"
ID13916,26-Mar-2026,Debit Card,0.00,669.64,"99,110.67"
ID13916,11-Mar-2026,Charge,0.00,272.89,"37,009.99"
ID13916,01-Feb-2026,Interest,379.40,0.00,"72,966.93"
ID13916,25-Feb-2026,Charge,0.00,276.89,"60,750.71"
ID13916,16-Feb-2026,Debit Card,0.00,31.72,"21,648.97"
ID13916,10-Feb-2026,Debit Card,0.00,654.76,"63,935.46"
ID13916,11-Jan-2026,ATM Withdrawal,0.00,87.65,"17,992.51"
ID13916,11-Mar-2026,Debit Card,0.00,903.20,"92,641.65"
ID13916,12-Jan-2026,Debit Card,0.00,640.18,"99,264.33"
ID13916,07-Feb-2026,Reversal,0.00,"1,155.55","97,708.75"
ID13916,29-Mar-2026,Reversal,0.00,"1,357.39","38,363.95"
ID13916,05-Jan-2026,Interest,101.38,0.00,"52,638.92"
ID13916,23-Feb-2026,Debit Card,0.00,803.38,"89,143.91"
ID13916,15-Feb-2026,ATM Withdrawal,0.00,597.40,"28,753.13"
ID13916,04-Jan-2026,Payment,967.27,0.00,"5,676.52"
ID13916,17-Mar-2026,ATM Withdrawal,0.00,926.27,"96,773.42"
ID13916,10-Mar-2026,ATM Withdrawal,0.00,413.58,"91,818.40"
ID13916,16-Mar-2026,Payment,"1,877.59",0.00,"67,672.55"
ID13916,29-Mar-2026,Payment,"1,533.95",0.00,"69,629.62"
ID13916,22-Mar-2026,Interest,415.92,0.00,"91,829.45"
ID13917,20-Jan-2026,Interest,334.29,0.00,"26,512.93"
ID13917,11-Feb-2026,Charge,0.00,633.55,"42,701.91"
ID13917,20-Feb-2026,Payment,973.37,0.00,"14,060.90"
ID13917,11-Jan-2026,Charge,0.00,721.40,"92,178.98"
ID13917,30-Mar-2026,Transfer,0.00,279.87,"97,810.10"
ID13917,01-Apr-2026,Reversal,0.00,59.01,"83,370.43"
ID13917,15-Mar-2026,Charge,0.00,114.82,"49,453.50"
ID13917,26-Feb-2026,Interest,459.71,0.00,"44,772.17"
ID13917,04-Feb-2026,Payment,"1,738.55",0.00,"69,375.00"
ID13917,08-Jan-2026,Debit Card,0.00,74.59,"20,603.84"
ID13917,29-Jan-2026,Reversal,0.00,648.62,"93,064.29"
ID13917,23-Feb-2026,Direct Deposit,"3,555.11",0.00,"68,769.85"
ID13917,01-Feb-2026,Debit Card,0.00,601.41,"83,065.77"
ID13917,03-Jan-2026,Reversal,0.00,938.68,"20,770.29"
ID13917,17-Mar-2026,Payment,0.00,"1,284.87","25,160.99"
ID13917,27-Jan-2026,Reversal,151.44,0.00,"35,311.52"
ID13917,16-Mar-2026,Charge,0.00,752.36,"23,124.64"
ID13917,05-Feb-2026,Reversal,0.00,249.06,"56,825.37"
ID13917,05-Feb-2026,ATM Withdrawal,0.00,99.13,"52,170.67"
ID13917,03-Feb-2026,Interest,48.26,0.00,"30,454.94"
ID13918,08-Jan-2026,Reversal,0.00,695.79,"15,234.04"
ID13918,11-Mar-2026,Direct Deposit,"2,169.69",0.00,"62,806.61"
ID13918,09-Mar-2026,ATM Withdrawal,0.00,285.60,"78,428.59"
ID13918,22-Feb-2026,ATM Withdrawal,0.00,656.10,"70,487.32"
ID13918,23-Feb-2026,Reversal,0.00,193.59,"28,381.06"
ID13918,03-Feb-2026,Reversal,0.00,"1,433.23","81,786.45"
ID13918,27-Feb-2026,ATM Withdrawal,0.00,186.95,"8,100.13"
ID13918,28-Feb-2026,Direct Deposit,"1,394.20",0.00,"48,152.85"
ID13918,19-Jan-2026,Transfer,"1,993.86",0.00,"88,184.00"
ID13918,09-Mar-2026,Interest,164.88,0.00,"84,203.86"
ID13918,08-Mar-2026,Transfer,644.84,0.00,"86,448.93"
ID13918,05-Mar-2026,Charge,0.00,703.10,"61,691.73"
ID13918,07-Feb-2026,Direct Deposit,"3,852.30",0.00,"77,414.75"
ID13918,07-Jan-2026,Interest,411.89,0.00,"61,657.76"
ID13918,02-Feb-2026,ATM Withdrawal,0.00,81.53,"29,737.93"
ID13918,25-Jan-2026,Charge,0.00,913.55,"30,754.88"
ID13918,24-Jan-2026,Charge,0.00,275.79,"3,274.14"
ID13918,07-Feb-2026,Debit Card,0.00,955.04,"67,153.96"
ID13918,25-Feb-2026,Charge,0.00,98.44,"16,075.75"
ID13918,02-Mar-2026,Interest,234.94,0.00,"6,320.05"
ID13919,13-Feb-2026,Reversal,"1,368.04",0.00,"58,518.62"
ID13919,02-Mar-2026,Reversal,0.00,657.96,"48,257.67"
ID13919,01-Mar-2026,Charge,0.00,676.10,"53,550.60"
ID13919,03-Feb-2026,Reversal,0.00,363.74,"52,513.51"
ID13919,13-Feb-2026,Interest,379.03,0.00,"48,704.91"
ID13919,31-Jan-2026,Transfer,121.79,0.00,"80,877.94"
ID13919,27-Mar-2026,ATM Withdrawal,0.00,445.79,"53,194.67"
ID13919,07-Mar-2026,Payment,380.29,0.00,"64,586.71"
ID13919,07-Mar-2026,Charge,0.00,703.44,"22,657.05"
ID13919,26-Mar-2026,Charge,0.00,267.28,"75,557.98"
ID13919,31-Mar-2026,ATM Withdrawal,0.00,480.54,"96,247.34"
ID13919,14-Jan-2026,Debit Card,0.00,641.52,"3,461.35"
ID13919,17-Feb-2026,Interest,132.72,0.00,"6,324.93"
ID13919,16-Mar-2026,ATM Withdrawal,0.00,580.02,"30,605.12"
ID13919,28-Mar-2026,Interest,25.82,0.00,"46,912.20"
ID13919,02-Mar-2026,Reversal,"1,735.53",0.00,"53,674.93"
ID13919,24-Feb-2026,Payment,0.00,"1,061.72","17,578.69"
ID13919,12-Jan-2026,Charge,0.00,778.09,"45,342.55"
ID13919,28-Feb-2026,Direct Deposit,"3,018.07",0.00,"48,455.71"
ID13919,24-Jan-2026,Debit Card,0.00,282.41,"52,632.35"
ID13920,14-Mar-2026,Direct Deposit,"4,878.93",0.00,"33,415.49"
ID13920,30-Mar-2026,Debit Card,0.00,249.22,"48,782.04"
ID13920,08-Jan-2026,Debit Card,0.00,992.31,"41,667.67"
ID13920,25-Feb-2026,ATM Withdrawal,0.00,461.52,"62,342.56"
ID13920,20-Mar-2026,Reversal,0.00,166.03,"29,812.50"
ID13920,03-Feb-2026,Direct Deposit,"4,491.25",0.00,"35,448.87"
ID13920,18-Mar-2026,Transfer,0.00,"1,134.25","96,680.52"
ID13920,01-Feb-2026,Payment,0.00,240.68,"88,260.77"
ID13920,30-Mar-2026,Debit Card,0.00,645.24,"70,938.75"
ID13920,21-Jan-2026,Interest,130.45,0.00,"45,737.35"
ID13920,20-Feb-2026,ATM Withdrawal,0.00,241.97,"24,617.48"
ID13920,02-Feb-2026,ATM Withdrawal,0.00,114.34,"53,145.67"
ID13920,12-Mar-2026,ATM Withdrawal,0.00,264.72,"82,592.54"
ID13920,01-Mar-2026,Transfer,0.00,439.22,"77,736.80"
ID13920,28-Mar-2026,Direct Deposit,"4,056.25",0.00,"60,833.07"
ID13920,18-Jan-2026,Interest,451.11,0.00,"68,553.31"
ID13920,29-Jan-2026,Transfer,0.00,"1,038.96","92,387.02"
ID13920,22-Feb-2026,Interest,323.37,0.00,"94,206.02"
ID13920,22-Mar-2026,Interest,455.85,0.00,"85,652.33"
ID13920,31-Mar-2026,Reversal,0.00,176.76,"36,187.11"
ID13921,10-Mar-2026,Payment,0.00,130.96,"85,825.55"
ID13921,13-Jan-2026,Charge,0.00,541.68,"45,831.63"
ID13921,15-Jan-2026,Reversal,0.00,"1,172.19","48,941.86"
ID13921,24-Mar-2026,Reversal,"1,176.17",0.00,"85,505.01"
ID13921,01-Feb-2026,Transfer,783.83,0.00,"6,678.69"
ID13921,02-Apr-2026,Charge,0.00,277.21,"29,743.07"
ID13921,03-Jan-2026,Direct Deposit,"1,082.07",0.00,"36,111.42"
ID13921,17-Jan-2026,Transfer,0.00,"1,219.62","88,531.15"
ID13921,03-Mar-2026,Charge,0.00,548.31,"77,875.40"
ID13921,04-Jan-2026,Direct Deposit,936.72,0.00,"55,327.49"
ID13921,16-Feb-2026,ATM Withdrawal,0.00,956.01,"13,937.27"
ID13921,20-Jan-2026,Reversal,"1,254.13",0.00,"59,458.81"
ID13921,28-Jan-2026,Payment,"1,799.61",0.00,"34,193.88"
ID13921,31-Jan-2026,ATM Withdrawal,0.00,712.98,"92,845.10"
ID13921,14-Jan-2026,Payment,"1,174.01",0.00,"25,122.66"
ID13921,10-Mar-2026,Charge,0.00,666.88,"63,253.41"
ID13921,13-Jan-2026,Transfer,223.93,0.00,"34,079.71"
ID13921,09-Jan-2026,Payment,0.00,"1,469.71","43,132.96"
ID13921,10-Feb-2026,Interest,152.71,0.00,"85,555.51"
ID13921,17-Feb-2026,Direct Deposit,"2,478.89",0.00,"71,769.60"
ID13922,01-Apr-2026,Reversal,0.00,"1,037.64","56,833.51"
ID13922,13-Feb-2026,Direct Deposit,"4,107.61",0.00,"72,402.46"
ID13922,25-Feb-2026,Reversal,597.49,0.00,"1,784.74"
ID13922,19-Jan-2026,Transfer,0.00,166.42,"14,681.40"
ID13922,02-Apr-2026,Direct Deposit,"2,664.54",0.00,"50,327.85"
ID13922,23-Feb-2026,Reversal,"1,198.82",0.00,"72,894.23"
ID13922,02-Mar-2026,Debit Card,0.00,915.56,"43,468.40"
ID13922,10-Feb-2026,Reversal,0.00,"1,420.10","83,983.64"
ID13922,14-Mar-2026,Direct Deposit,"1,380.99",0.00,"9,596.18"
ID13922,26-Jan-2026,Direct Deposit,"4,734.07",0.00,"89,711.56"
ID13922,05-Jan-2026,Direct Deposit,"3,281.63",0.00,"74,924.74"
ID13922,13-Jan-2026,Transfer,"1,001.08",0.00,"30,142.61"
ID13922,29-Jan-2026,Reversal,0.00,357.33,"31,412.28"
ID13922,17-Jan-2026,Transfer,0.00,"1,166.51","51,674.92"
ID13922,26-Jan-2026,Reversal,"1,688.64",0.00,"33,970.65"
ID13922,06-Feb-2026,Debit Card,0.00,127.61,"40,774.14"
ID13922,03-Apr-2026,Interest,166.65,0.00,"13,333.49"
ID13922,15-Feb-2026,Reversal,0.00,877.21,"52,905.48"
ID13922,02-Feb-2026,Debit Card,0.00,624.41,"85,205.81"
ID13922,02-Mar-2026,Interest,89.35,0.00,"51,944.22"
ID13923,05-Mar-2026,Debit Card,0.00,674.67,"95,931.22"
ID13923,09-Jan-2026,Debit Card,0.00,715.20,"90,228.02"
ID13923,26-Jan-2026,Payment,718.20,0.00,"33,127.67"
ID13923,03-Apr-2026,Interest,33.13,0.00,"62,274.12"
ID13923,09-Mar-2026,ATM Withdrawal,0.00,110.10,"22,858.51"
ID13923,08-Feb-2026,Charge,0.00,109.35,"82,174.99"
ID13923,20-Feb-2026,Payment,0.00,563.92,"41,584.29"
ID13923,16-Jan-2026,Transfer,0.00,208.91,"3,062.36"
ID13923,24-Jan-2026,Interest,212.46,0.00,"81,946.03"
ID13923,14-Mar-2026,Reversal,"1,399.92",0.00,"5,650.50"
ID13923,10-Mar-2026,Charge,0.00,842.53,"83,394.66"
ID13923,05-Jan-2026,Debit Card,0.00,329.44,"43,257.75"
ID13923,21-Jan-2026,Charge,0.00,502.89,"68,001.66"
ID13923,09-Jan-2026,Interest,468.73,0.00,"31,855.87"
ID13923,07-Mar-2026,Transfer,"1,997.28",0.00,"56,393.54"
ID13923,26-Jan-2026,Direct Deposit,"1,335.67",0.00,"15,147.72"
ID13923,06-Mar-2026,Direct Deposit,"2,590.80",0.00,"12,628.25"
ID13923,07-Mar-2026,Interest,356.50,0.00,"91,536.58"
ID13923,17-Jan-2026,Direct Deposit,"4,759.32",0.00,"8,038.56"
ID13923,04-Mar-2026,Interest,499.46,0.00,"28,456.79"
ID13924,15-Jan-2026,Direct Deposit,"1,972.56",0.00,"86,735.49"
ID13924,17-Feb-2026,Debit Card,0.00,970.02,"76,475.68"
ID13924,08-Jan-2026,Direct Deposit,"1,391.98",0.00,"60,008.15"
ID13924,16-Mar-2026,Charge,0.00,136.52,"95,618.26"
ID13924,22-Mar-2026,Reversal,0.00,511.93,"22,917.77"
ID13924,10-Jan-2026,Transfer,414.92,0.00,"99,939.85"
ID13924,07-Feb-2026,ATM Withdrawal,0.00,455.46,"12,003.54"
ID13924,28-Jan-2026,Debit Card,0.00,377.34,"76,367.53"
ID13924,10-Feb-2026,Payment,"1,993.00",0.00,"2,632.75"
ID13924,07-Jan-2026,Interest,52.67,0.00,"95,903.01"
ID13924,24-Jan-2026,Interest,377.23,0.00,"75,570.89"
ID13924,12-Mar-2026,ATM Withdrawal,0.00,597.05,"6,437.76"
ID13924,24-Jan-2026,Charge,0.00,454.69,"32,139.51"
ID13924,24-Jan-2026,Transfer,280.95,0.00,"4,179.47"
ID13924,13-Jan-2026,Reversal,0.00,999.66,"76,398.49"
ID13924,04-Jan-2026,Reversal,883.03,0.00,"67,899.28"
ID13924,31-Mar-2026,Direct Deposit,"4,851.78",0.00,"24,711.22"
ID13924,25-Mar-2026,Payment,352.06,0.00,"36,909.11"
ID13924,17-Feb-2026,Reversal,0.00,157.47,"40,367.12"
ID13924,27-Feb-2026,Direct Deposit,"2,126.29",0.00,"80,367.52"
ID13925,28-Mar-2026,Reversal,"1,994.38",0.00,"56,639.87"
ID13925,15-Mar-2026,Payment,0.00,197.00,"27,476.00"
ID13925,28-Feb-2026,Interest,251.54,0.00,"77,741.57"
ID13925,05-Jan-2026,Charge,0.00,854.80,"60,327.28"
ID13925,22-Mar-2026,Transfer,355.87,0.00,"10,644.24"
ID13925,18-Jan-2026,Direct Deposit,"3,566.87",0.00,"10,251.34"
ID13925,13-Jan-2026,Payment,171.30,0.00,"89,711.45"
ID13925,20-Jan-2026,Transfer,957.44,0.00,"42,558.38"
ID13925,17-Jan-2026,Interest,288.06,0.00,"80,859.46"
ID13925,14-Mar-2026,Charge,0.00,744.49,"26,023.78"
ID13925,03-Feb-2026,Transfer,0.00,"1,159.89","37,729.42"
ID13925,14-Feb-2026,ATM Withdrawal,0.00,825.88,"18,626.19"
ID13925,23-Feb-2026,Charge,0.00,968.04,"38,223.34"
ID13925,19-Feb-2026,Charge,0.00,161.09,"78,344.74"
ID13925,28-Jan-2026,Interest,455.47,0.00,"19,255.58"
ID13925,18-Mar-2026,Direct Deposit,"1,478.95",0.00,"8,986.40"
ID13925,30-Jan-2026,Charge,0.00,405.58,"43,290.65"
ID13925,29-Mar-2026,Interest,184.75,0.00,"53,325.83"
ID13925,13-Feb-2026,Reversal,"1,448.62",0.00,"81,452.40"
ID13925,10-Mar-2026,Reversal,0.00,"1,023.45","64,176.37"
ID13926,05-Feb-2026,Payment,0.00,"1,454.46","41,093.72"
ID13926,21-Feb-2026,Transfer,"1,548.50",0.00,"80,504.01"
ID13926,28-Jan-2026,Reversal,121.53,0.00,"39,717.59"
ID13926,11-Feb-2026,Direct Deposit,"1,067.96",0.00,"25,154.92"
ID13926,08-Mar-2026,Direct Deposit,"2,101.02",0.00,"8,024.96"
ID13926,05-Jan-2026,Payment,0.00,"1,047.12","6,218.20"
ID13926,17-Mar-2026,Transfer,0.00,933.74,"51,909.64"
ID13926,01-Apr-2026,ATM Withdrawal,0.00,718.66,"63,065.70"
ID13926,22-Feb-2026,ATM Withdrawal,0.00,325.85,"21,465.53"
ID13926,17-Mar-2026,Transfer,893.06,0.00,"94,812.29"
ID13926,25-Mar-2026,Payment,880.59,0.00,"19,571.44"
ID13926,20-Mar-2026,Charge,0.00,991.10,"23,008.97"
ID13926,13-Mar-2026,Direct Deposit,"3,293.73",0.00,"47,626.70"
ID13926,28-Feb-2026,Transfer,0.00,645.33,"21,921.22"
ID13926,23-Mar-2026,Reversal,0.00,770.32,"66,960.32"
ID13926,06-Mar-2026,Transfer,0.00,"1,455.02","8,726.97"
ID13926,18-Feb-2026,Debit Card,0.00,454.24,"11,764.57"
ID13926,16-Feb-2026,Debit Card,0.00,201.42,"64,317.80"
ID13926,15-Feb-2026,Interest,83.95,0.00,"7,133.42"
ID13926,19-Mar-2026,ATM Withdrawal,0.00,408.06,"86,333.25"
ID13927,08-Feb-2026,Interest,382.82,0.00,"2,379.95"
ID13927,17-Jan-2026,Charge,0.00,435.64,"13,122.13"
ID13927,12-Mar-2026,Reversal,0.00,"1,363.09","86,905.52"
ID13927,15-Jan-2026,Debit Card,0.00,740.83,"87,354.93"
ID13927,24-Jan-2026,Charge,0.00,852.25,"49,647.51"
ID13927,05-Jan-2026,Debit Card,0.00,174.03,"60,716.43"
ID13927,23-Feb-2026,Direct Deposit,"2,111.40",0.00,"48,398.37"
ID13927,11-Feb-2026,Interest,241.37,0.00,"29,470.03"
ID13927,27-Jan-2026,ATM Withdrawal,0.00,945.91,"13,072.78"
ID13927,21-Jan-2026,Debit Card,0.00,619.21,"18,021.89"
ID13927,17-Mar-2026,ATM Withdrawal,0.00,906.56,"31,314.86"
ID13927,08-Feb-2026,Charge,0.00,908.26,"81,931.02"
ID13927,07-Feb-2026,Payment,0.00,953.60,"80,076.27"
ID13927,12-Jan-2026,Direct Deposit,585.70,0.00,"88,934.55"
ID13927,22-Feb-2026,Payment,624.90,0.00,"64,244.04"
ID13927,19-Feb-2026,ATM Withdrawal,0.00,112.10,"27,019.67"
ID13927,18-Feb-2026,Payment,0.00,195.00,"78,390.58"
ID13927,04-Feb-2026,Transfer,0.00,137.78,"15,981.37"
ID13927,23-Jan-2026,Transfer,"1,380.27",0.00,"19,953.94"
ID13927,08-Feb-2026,Payment,0.00,680.06,"26,513.22"
ID13928,21-Feb-2026,Direct Deposit,"1,995.51",0.00,"43,391.58"
ID13928,17-Jan-2026,Interest,309.20,0.00,"20,469.84"
ID13928,13-Feb-2026,Charge,0.00,869.71,"99,327.47"
ID13928,05-Feb-2026,Reversal,821.29,0.00,"44,738.44"
ID13928,07-Mar-2026,Interest,160.46,0.00,"32,683.49"
ID13928,10-Jan-2026,Debit Card,0.00,273.41,"45,817.31"
ID13928,27-Jan-2026,Charge,0.00,590.55,"46,555.17"
ID13928,29-Jan-2026,Transfer,"1,644.35",0.00,"47,100.92"
ID13928,04-Mar-2026,Payment,0.00,518.28,"85,497.15"
ID13928,16-Mar-2026,Transfer,0.00,733.53,"72,266.32"
ID13928,09-Mar-2026,Payment,0.00,404.08,"11,891.96"
ID13928,20-Feb-2026,Interest,72.94,0.00,"84,859.39"
ID13928,25-Feb-2026,Payment,"1,846.74",0.00,"56,906.00"
ID13928,07-Feb-2026,Interest,92.92,0.00,"28,693.75"
ID13928,22-Mar-2026,ATM Withdrawal,0.00,146.15,"77,447.60"
ID13928,26-Mar-2026,Direct Deposit,"2,197.80",0.00,"90,814.80"
ID13928,26-Feb-2026,Debit Card,0.00,885.02,"52,848.18"
ID13928,20-Feb-2026,ATM Withdrawal,0.00,978.50,"20,279.13"
ID13928,12-Jan-2026,Reversal,0.00,992.46,"7,617.36"
ID13928,31-Jan-2026,ATM Withdrawal,0.00,869.47,"75,227.59"
ID13929,05-Feb-2026,Interest,465.70,0.00,"60,027.16"
ID13929,16-Mar-2026,Interest,395.73,0.00,"46,765.04"
ID13929,28-Feb-2026,Transfer,881.45,0.00,"1,738.62"
ID13929,06-Feb-2026,Reversal,"1,293.61",0.00,"65,439.98"
ID13929,21-Mar-2026,Debit Card,0.00,578.14,"37,108.20"
ID13929,26-Feb-2026,Payment,0.00,690.63,"55,744.71"
ID13929,17-Mar-2026,Direct Deposit,"2,087.24",0.00,"93,510.78"
ID13929,17-Mar-2026,Charge,0.00,106.53,"69,972.59"
ID13929,13-Jan-2026,Payment,0.00,768.72,"53,561.43"
ID13929,17-Jan-2026,Payment,0.00,96.16,"20,060.39"
ID13929,18-Mar-2026,Interest,86.70,0.00,"24,596.06"
ID13929,27-Mar-2026,Interest,123.31,0.00,"59,286.41"
ID13929,28-Mar-2026,Reversal,0.00,488.24,"68,845.49"
ID13929,12-Feb-2026,Interest,67.88,0.00,"83,217.22"
ID13929,31-Mar-2026,Direct Deposit,"1,232.59",0.00,"47,249.06"
ID13929,12-Feb-2026,Transfer,724.13,0.00,"68,790.15"
ID13929,01-Mar-2026,Charge,0.00,825.29,"18,290.02"
ID13929,27-Jan-2026,Debit Card,0.00,481.98,"76,616.23"
ID13929,04-Feb-2026,Transfer,"1,380.53",0.00,"83,623.52"
ID13929,30-Jan-2026,Debit Card,0.00,943.27,"67,806.52"
ID13930,08-Mar-2026,Direct Deposit,"4,360.00",0.00,"79,616.83"
ID13930,08-Feb-2026,Transfer,0.00,709.50,"46,629.05"
ID13930,06-Mar-2026,Payment,0.00,"1,266.63","40,993.65"
ID13930,14-Feb-2026,Direct Deposit,"3,836.56",0.00,"18,520.45"
ID13930,18-Jan-2026,Payment,"1,382.44",0.00,"5,580.29"
ID13930,06-Jan-2026,Charge,0.00,667.69,"76,030.59"
ID13930,19-Jan-2026,Charge,0.00,552.28,"21,601.87"
ID13930,13-Feb-2026,Charge,0.00,299.24,"64,185.37"
ID13930,25-Jan-2026,ATM Withdrawal,0.00,280.13,"23,856.77"
ID13930,26-Jan-2026,Debit Card,0.00,148.98,"61,235.62"
ID13930,01-Mar-2026,Direct Deposit,"4,422.62",0.00,"94,000.74"
ID13930,20-Mar-2026,Debit Card,0.00,516.68,"39,165.15"
ID13930,01-Apr-2026,Direct Deposit,"4,046.79",0.00,"63,201.73"
ID13930,17-Feb-2026,Debit Card,0.00,401.38,"41,212.81"
ID13930,10-Feb-2026,ATM Withdrawal,0.00,446.79,"6,372.32"
ID13930,24-Jan-2026,Charge,0.00,279.00,"99,991.97"
ID13930,22-Feb-2026,Charge,0.00,722.04,"7,072.46"
ID13930,16-Mar-2026,Charge,0.00,196.07,"23,559.68"
ID13930,07-Mar-2026,ATM Withdrawal,0.00,372.42,"39,126.69"
ID13930,08-Jan-2026,Direct Deposit,767.17,0.00,"20,905.14"
ID13931,21-Feb-2026,Reversal,0.00,786.04,"35,149.18"
ID13931,22-Jan-2026,Charge,0.00,897.59,"44,539.80"
ID13931,04-Mar-2026,Transfer,"1,521.16",0.00,"18,019.21"
ID13931,31-Mar-2026,Interest,455.17,0.00,"86,176.32"
ID13931,06-Feb-2026,Charge,0.00,635.91,"2,317.21"
ID13931,23-Mar-2026,Reversal,0.00,904.73,"50,464.39"
ID13931,22-Feb-2026,Charge,0.00,821.41,"4,283.94"
ID13931,04-Mar-2026,Charge,0.00,557.84,"9,724.51"
ID13931,14-Mar-2026,Direct Deposit,834.65,0.00,"40,098.67"
ID13931,06-Feb-2026,Reversal,"1,612.98",0.00,"30,303.91"
ID13931,26-Jan-2026,ATM Withdrawal,0.00,762.02,"42,514.85"
ID13931,17-Mar-2026,Direct Deposit,"2,072.88",0.00,"33,276.40"
ID13931,01-Feb-2026,Charge,0.00,56.94,"77,895.43"
ID13931,02-Apr-2026,Reversal,0.00,552.17,"85,071.99"
ID13931,20-Feb-2026,Direct Deposit,"3,165.07",0.00,"72,191.40"
ID13931,06-Jan-2026,Direct Deposit,"3,180.03",0.00,"44,036.31"
ID13931,09-Feb-2026,Interest,398.39,0.00,"34,700.25"
ID13931,11-Feb-2026,Transfer,0.00,882.71,"2,776.09"
ID13931,12-Feb-2026,Direct Deposit,884.04,0.00,"18,773.01"
ID13931,12-Feb-2026,Transfer,0.00,643.32,"10,873.40"
ID13932,24-Jan-2026,Payment,"1,555.99",0.00,"76,161.08"
ID13932,03-Jan-2026,Direct Deposit,"4,448.00",0.00,"39,777.85"
ID13932,18-Feb-2026,Direct Deposit,501.89,0.00,"50,540.32"
ID13932,10-Feb-2026,ATM Withdrawal,0.00,823.24,"59,182.66"
ID13932,26-Jan-2026,Charge,0.00,21.55,"27,435.42"
ID13932,03-Apr-2026,Interest,40.38,0.00,"41,478.29"
ID13932,20-Mar-2026,Debit Card,0.00,350.21,"52,038.68"
ID13932,15-Jan-2026,Charge,0.00,405.56,"56,585.61"
ID13932,27-Feb-2026,Direct Deposit,574.79,0.00,"19,213.72"
ID13932,10-Jan-2026,Interest,488.98,0.00,"13,536.68"
ID13932,03-Feb-2026,Direct Deposit,"4,935.82",0.00,"95,111.01"
ID13932,05-Mar-2026,ATM Withdrawal,0.00,389.42,"30,943.28"
ID13932,23-Mar-2026,Charge,0.00,611.47,"31,992.08"
ID13932,20-Mar-2026,Reversal,0.00,218.33,"61,385.33"
ID13932,17-Mar-2026,Payment,"1,781.90",0.00,"31,573.54"
ID13932,25-Jan-2026,Payment,0.00,425.57,"47,918.67"
ID13932,15-Feb-2026,ATM Withdrawal,0.00,227.53,"66,593.53"
ID13932,14-Mar-2026,Direct Deposit,"2,027.09",0.00,"80,512.17"
ID13932,17-Feb-2026,Interest,238.57,0.00,"56,387.99"
ID13932,05-Jan-2026,Transfer,719.29,0.00,"83,660.07"
ID13933,23-Jan-2026,Direct Deposit,"3,765.51",0.00,"47,822.74"
ID13933,07-Jan-2026,Direct Deposit,"1,456.97",0.00,"5,641.45"
ID13933,09-Jan-2026,ATM Withdrawal,0.00,766.31,"28,519.13"
ID13933,30-Jan-2026,Payment,0.00,"1,078.85","27,118.91"
ID13933,08-Feb-2026,Payment,211.91,0.00,"35,104.12"
ID13933,19-Feb-2026,Charge,0.00,551.54,"65,684.94"
ID13933,01-Feb-2026,Charge,0.00,402.14,"94,635.85"
ID13933,24-Jan-2026,Transfer,0.00,290.95,"88,795.16"
ID13933,11-Jan-2026,Interest,464.24,0.00,"78,624.47"
ID13933,30-Jan-2026,Payment,"1,594.39",0.00,"33,444.56"
ID13933,11-Mar-2026,Direct Deposit,"2,930.39",0.00,"98,962.32"
ID13933,10-Mar-2026,Payment,"1,629.63",0.00,"39,978.03"
ID13933,04-Mar-2026,Direct Deposit,"4,255.11",0.00,"95,400.38"
ID13933,26-Jan-2026,ATM Withdrawal,0.00,776.84,"97,019.29"
ID13933,12-Mar-2026,Charge,0.00,574.32,"73,479.82"
ID13933,10-Mar-2026,Transfer,0.00,743.88,"82,825.25"
ID13933,26-Feb-2026,Charge,0.00,51.16,"13,629.22"
ID13933,13-Feb-2026,Charge,0.00,936.00,"4,721.60"
ID13933,09-Mar-2026,Payment,"1,069.17",0.00,"11,717.95"
ID13933,05-Jan-2026,Payment,0.00,"1,106.03","92,266.69"
ID13934,25-Mar-2026,Reversal,0.00,77.95,"45,166.25"
ID13934,12-Mar-2026,Direct Deposit,"4,199.42",0.00,"67,164.14"
ID13934,01-Feb-2026,Transfer,0.00,362.27,"69,613.41"
ID13934,26-Jan-2026,Direct Deposit,"1,335.40",0.00,"51,603.22"
ID13934,25-Jan-2026,Reversal,0.00,334.32,"51,042.52"
ID13934,13-Feb-2026,ATM Withdrawal,0.00,736.90,"3,589.07"
ID13934,20-Mar-2026,ATM Withdrawal,0.00,48.21,"12,368.00"
ID13934,30-Jan-2026,Reversal,0.00,453.47,"82,842.98"
ID13934,08-Feb-2026,Direct Deposit,"1,882.39",0.00,"18,430.07"
ID13934,25-Feb-2026,Direct Deposit,"4,982.36",0.00,"33,039.99"
ID13934,04-Mar-2026,Payment,974.00,0.00,"94,867.24"
ID13934,04-Feb-2026,Charge,0.00,152.43,"12,822.81"
ID13934,07-Feb-2026,Transfer,0.00,"1,242.63","75,091.72"
ID13934,21-Mar-2026,ATM Withdrawal,0.00,42.61,"84,824.92"
ID13934,22-Jan-2026,Interest,251.94,0.00,"57,458.42"
ID13934,06-Feb-2026,Debit Card,0.00,129.23,"58,198.15"
ID13934,14-Mar-2026,Debit Card,0.00,942.13,"50,287.56"
ID13934,04-Mar-2026,Direct Deposit,"3,326.73",0.00,"61,796.38"
ID13934,10-Feb-2026,Direct Deposit,"1,966.68",0.00,"38,828.84"
ID13934,05-Feb-2026,Payment,"1,120.95",0.00,"19,582.85"
ID13935,15-Mar-2026,Charge,0.00,546.17,"65,891.92"
ID13935,15-Mar-2026,Reversal,0.00,105.66,"18,697.37"
ID13935,08-Mar-2026,Debit Card,0.00,814.17,"31,967.67"
ID13935,03-Feb-2026,Transfer,0.00,"1,154.83","29,777.69"
ID13935,20-Feb-2026,Direct Deposit,"1,507.44",0.00,"13,834.60"
ID13935,27-Feb-2026,Reversal,"1,345.33",0.00,"99,300.53"
ID13935,14-Mar-2026,Charge,0.00,841.42,"17,105.13"
ID13935,29-Mar-2026,Interest,371.48,0.00,"11,990.42"
ID13935,08-Feb-2026,Charge,0.00,965.07,"10,429.96"
ID13935,23-Feb-2026,Payment,0.00,435.50,"93,127.70"
ID13935,12-Jan-2026,Interest,308.80,0.00,"58,698.51"
ID13935,31-Jan-2026,Direct Deposit,"4,193.73",0.00,"4,731.77"
ID13935,10-Feb-2026,Charge,0.00,212.96,"25,155.36"
ID13935,26-Jan-2026,ATM Withdrawal,0.00,150.59,"90,743.25"
ID13935,04-Jan-2026,Transfer,"1,555.42",0.00,"25,455.74"
ID13935,30-Jan-2026,Reversal,0.00,606.03,"23,416.80"
ID13935,19-Jan-2026,Reversal,0.00,107.91,"17,745.93"
ID13935,19-Jan-2026,Transfer,"1,394.87",0.00,"5,427.73"
ID13935,07-Mar-2026,Direct Deposit,"3,695.75",0.00,"92,798.52"
ID13935,07-Mar-2026,Charge,0.00,180.62,"28,460.97"
ID13936,26-Mar-2026,ATM Withdrawal,0.00,189.76,"31,759.67"
ID13936,12-Mar-2026,Payment,"1,763.89",0.00,"40,407.78"
ID13936,11-Mar-2026,Direct Deposit,703.29,0.00,"14,474.63"
ID13936,20-Feb-2026,Debit Card,0.00,290.88,"82,129.21"
ID13936,21-Mar-2026,Direct Deposit,"3,787.02",0.00,"36,606.35"
ID13936,20-Jan-2026,Transfer,894.15,0.00,"86,497.87"
ID13936,21-Mar-2026,Direct Deposit,"3,175.04",0.00,"24,264.26"
ID13936,06-Jan-2026,Reversal,0.00,515.27,"67,946.18"
ID13936,14-Feb-2026,Payment,0.00,179.65,"5,677.80"
ID13936,26-Mar-2026,Direct Deposit,"4,986.85",0.00,"52,754.59"
ID13936,30-Jan-2026,ATM Withdrawal,0.00,337.53,"85,449.44"
ID13936,19-Jan-2026,Reversal,0.00,226.93,"32,557.47"
ID13936,08-Feb-2026,Charge,0.00,445.29,"76,336.32"
ID13936,15-Jan-2026,Direct Deposit,692.18,0.00,"25,135.01"
ID13936,23-Feb-2026,ATM Withdrawal,0.00,640.27,"59,486.76"
ID13936,10-Mar-2026,Charge,0.00,319.17,"89,402.40"
ID13936,30-Jan-2026,Debit Card,0.00,836.04,"70,507.39"
ID13936,15-Jan-2026,Debit Card,0.00,808.01,"16,941.87"
ID13936,13-Jan-2026,Interest,38.25,0.00,"12,196.05"
ID13936,23-Mar-2026,Reversal,0.00,"1,007.42","88,510.32"
ID13937,18-Feb-2026,Charge,0.00,935.60,"90,452.66"
ID13937,14-Feb-2026,Payment,"1,199.80",0.00,"42,069.46"
ID13937,23-Jan-2026,Charge,0.00,948.76,"62,690.25"
ID13937,26-Feb-2026,Reversal,0.00,278.93,"28,079.85"
ID13937,09-Mar-2026,Interest,377.98,0.00,"81,794.95"
ID13937,30-Mar-2026,Payment,397.47,0.00,"9,509.37"
ID13937,19-Mar-2026,Reversal,"1,100.29",0.00,"6,164.30"
ID13937,17-Mar-2026,Transfer,0.00,"1,246.82","97,034.44"
ID13937,08-Mar-2026,Charge,0.00,296.32,"22,692.33"
ID13937,21-Feb-2026,Direct Deposit,"1,869.02",0.00,"83,358.79"
ID13937,30-Jan-2026,Interest,144.49,0.00,"14,417.49"
ID13937,14-Jan-2026,ATM Withdrawal,0.00,615.77,"61,546.80"
ID13937,30-Mar-2026,Transfer,0.00,568.31,"34,936.05"
ID13937,01-Feb-2026,Direct Deposit,"2,997.55",0.00,"60,527.99"
ID13937,10-Jan-2026,Charge,0.00,262.12,"28,511.95"
ID13937,25-Jan-2026,Transfer,550.10,0.00,"66,087.06"
ID13937,04-Jan-2026,Payment,0.00,"1,463.40","2,032.86"
ID13937,12-Feb-2026,Interest,464.03,0.00,"89,021.38"
ID13937,15-Jan-2026,Direct Deposit,"4,768.61",0.00,"19,776.22"
ID13937,27-Jan-2026,Direct Deposit,"1,626.41",0.00,"35,262.66"
ID13938,24-Feb-2026,Charge,0.00,465.33,"8,541.06"
ID13938,14-Jan-2026,Charge,0.00,261.36,"50,753.51"
ID13938,15-Jan-2026,Transfer,343.32,0.00,"42,666.93"
ID13938,05-Jan-2026,ATM Withdrawal,0.00,421.30,"59,388.58"
ID13938,28-Jan-2026,Transfer,445.31,0.00,"21,537.91"
ID13938,20-Mar-2026,Charge,0.00,398.79,"98,847.19"
ID13938,09-Mar-2026,Charge,0.00,45.63,"11,549.14"
ID13938,16-Jan-2026,ATM Withdrawal,0.00,550.90,"5,375.20"
ID13938,11-Mar-2026,Reversal,0.00,"1,375.54","46,382.75"
ID13938,09-Feb-2026,Charge,0.00,407.36,"97,374.24"
ID13938,30-Jan-2026,Interest,16.73,0.00,"10,859.66"
ID13938,12-Mar-2026,Interest,197.57,0.00,"63,215.45"
ID13938,11-Mar-2026,Interest,254.15,0.00,"69,136.38"
ID13938,27-Jan-2026,Charge,0.00,139.11,"5,959.66"
ID13938,29-Mar-2026,Interest,397.91,0.00,"42,260.10"
ID13938,20-Mar-2026,Charge,0.00,490.57,"97,183.69"
ID13938,06-Jan-2026,ATM Withdrawal,0.00,627.39,"3,519.94"
ID13938,22-Feb-2026,Debit Card,0.00,533.99,"93,644.31"
ID13938,26-Jan-2026,Interest,181.83,0.00,"95,380.75"
ID13938,08-Feb-2026,Charge,0.00,174.99,"45,752.43"
ID13939,23-Feb-2026,Reversal,0.00,271.82,"43,426.63"
ID13939,08-Jan-2026,Reversal,0.00,789.52,"45,351.33"
ID13939,28-Jan-2026,Interest,246.44,0.00,"86,014.03"
ID13939,03-Jan-2026,Debit Card,0.00,181.95,"80,683.71"
ID13939,07-Mar-2026,Charge,0.00,227.52,"36,552.70"
ID13939,01-Mar-2026,ATM Withdrawal,0.00,458.90,"69,140.69"
ID13939,14-Mar-2026,Transfer,"1,411.77",0.00,"23,840.99"
ID13939,07-Feb-2026,ATM Withdrawal,0.00,812.73,"17,804.51"
ID13939,13-Mar-2026,Charge,0.00,994.03,"5,905.12"
ID13939,04-Mar-2026,Interest,140.16,0.00,"14,867.01"
ID13939,20-Feb-2026,Debit Card,0.00,172.77,"27,829.39"
ID13939,21-Jan-2026,Reversal,103.79,0.00,"77,306.09"
ID13939,06-Jan-2026,ATM Withdrawal,0.00,828.86,"25,482.89"
ID13939,18-Mar-2026,Direct Deposit,"4,536.14",0.00,"61,320.95"
ID13939,01-Mar-2026,Payment,0.00,"1,236.70","19,323.42"
ID13939,21-Feb-2026,Payment,0.00,889.45,"82,552.41"
ID13939,24-Jan-2026,Direct Deposit,"4,684.22",0.00,"48,517.57"
ID13939,23-Jan-2026,Direct Deposit,"1,653.12",0.00,"95,456.97"
ID13939,16-Jan-2026,Payment,0.00,895.21,"46,358.25"
ID13939,08-Jan-2026,Transfer,0.00,732.84,"10,685.83"
ID13940,07-Mar-2026,Direct Deposit,"4,855.40",0.00,"52,946.88"
ID13940,15-Feb-2026,Reversal,"1,336.39",0.00,"71,181.39"
ID13940,20-Jan-2026,Reversal,0.00,893.70,"2,101.47"
ID13940,02-Mar-2026,Interest,128.47,0.00,"29,577.20"
ID13940,27-Feb-2026,Transfer,0.00,189.89,"52,056.87"
ID13940,16-Mar-2026,Charge,0.00,46.46,"61,855.58"
ID13940,20-Jan-2026,Transfer,0.00,186.66,"76,022.91"
ID13940,23-Jan-2026,Interest,41.03,0.00,"84,087.89"
ID13940,11-Feb-2026,Interest,486.30,0.00,"25,636.21"
ID13940,20-Feb-2026,Transfer,"1,278.37",0.00,"24,908.83"
ID13940,11-Jan-2026,Direct Deposit,"1,596.29",0.00,"43,650.45"
ID13940,01-Mar-2026,Debit Card,0.00,581.24,"38,227.04"
ID13940,28-Jan-2026,Payment,"1,028.39",0.00,"63,554.27"
ID13940,27-Feb-2026,Reversal,"1,752.84",0.00,"15,804.69"
ID13940,22-Mar-2026,Reversal,0.00,"1,327.61","57,086.63"
ID13940,24-Feb-2026,Charge,0.00,407.07,"10,753.93"
ID13940,06-Feb-2026,ATM Withdrawal,0.00,278.60,"89,246.00"
ID13940,13-Mar-2026,Interest,157.29,0.00,"24,345.91"
ID13940,24-Mar-2026,Transfer,"1,810.57",0.00,"47,438.91"
ID13940,04-Mar-2026,Payment,0.00,129.26,"90,796.25"
ID13941,19-Feb-2026,Reversal,"1,231.98",0.00,"91,151.52"
ID13941,29-Jan-2026,Payment,736.52,0.00,"4,624.23"
ID13941,12-Jan-2026,Payment,797.59,0.00,"19,494.59"
ID13941,28-Jan-2026,Debit Card,0.00,243.37,"30,298.88"
ID13941,31-Mar-2026,Payment,0.00,"1,288.31","73,145.02"
ID13941,02-Apr-2026,Transfer,0.00,279.04,"80,162.25"
ID13941,28-Jan-2026,Debit Card,0.00,137.57,"84,631.87"
ID13941,28-Mar-2026,Interest,429.78,0.00,"48,420.78"
ID13941,03-Jan-2026,ATM Withdrawal,0.00,166.69,"58,755.37"
ID13941,10-Jan-2026,ATM Withdrawal,0.00,275.29,"12,627.66"
ID13941,18-Feb-2026,Debit Card,0.00,746.33,"22,302.80"
ID13941,12-Jan-2026,Charge,0.00,20.97,"16,227.70"
ID13941,28-Jan-2026,Payment,0.00,83.02,"97,209.55"
ID13941,23-Feb-2026,Direct Deposit,"4,393.61",0.00,"46,104.62"
ID13941,26-Feb-2026,Debit Card,0.00,242.81,"76,373.32"
ID13941,07-Feb-2026,Debit Card,0.00,136.70,"53,365.11"
ID13941,19-Feb-2026,Reversal,0.00,299.53,"59,187.03"
ID13941,23-Jan-2026,Payment,0.00,786.17,"14,103.72"
ID13941,04-Jan-2026,Transfer,759.82,0.00,"20,579.16"
ID13941,26-Mar-2026,Reversal,857.07,0.00,"85,450.64"
ID13942,20-Jan-2026,Payment,0.00,898.36,"50,847.28"
ID13942,17-Feb-2026,Charge,0.00,771.16,"27,060.21"
ID13942,12-Jan-2026,Debit Card,0.00,997.98,"64,936.05"
ID13942,25-Mar-2026,Direct Deposit,644.15,0.00,"97,270.13"
ID13942,01-Mar-2026,Transfer,0.00,"1,496.03","90,898.84"
ID13942,26-Jan-2026,Charge,0.00,601.30,"82,766.69"
ID13942,31-Jan-2026,Payment,0.00,451.76,"34,806.62"
ID13942,01-Apr-2026,Charge,0.00,388.56,"16,456.44"
ID13942,27-Jan-2026,ATM Withdrawal,0.00,605.92,"48,227.79"
ID13942,10-Feb-2026,ATM Withdrawal,0.00,758.06,"57,364.80"
ID13942,14-Mar-2026,Transfer,0.00,906.79,"40,749.94"
ID13942,08-Jan-2026,ATM Withdrawal,0.00,556.64,"44,846.96"
ID13942,18-Feb-2026,ATM Withdrawal,0.00,839.86,"93,752.00"
ID13942,11-Feb-2026,Interest,219.69,0.00,"27,264.42"
ID13942,03-Feb-2026,Reversal,"1,533.18",0.00,"29,515.81"
ID13942,30-Jan-2026,ATM Withdrawal,0.00,163.86,"43,015.94"
ID13942,04-Jan-2026,Interest,31.58,0.00,"79,013.45"
ID13942,25-Jan-2026,Debit Card,0.00,544.36,"34,045.36"
ID13942,27-Mar-2026,Interest,187.86,0.00,"63,680.43"
ID13942,20-Jan-2026,Reversal,0.00,290.29,"15,241.34"
ID13943,12-Mar-2026,Reversal,929.03,0.00,"5,604.67"
ID13943,18-Mar-2026,Direct Deposit,"2,563.65",0.00,"6,351.93"
ID13943,02-Feb-2026,Debit Card,0.00,195.87,"42,905.15"
ID13943,23-Feb-2026,ATM Withdrawal,0.00,627.85,"84,881.68"
ID13943,29-Jan-2026,Debit Card,0.00,832.58,"23,753.98"
ID13943,27-Mar-2026,Charge,0.00,571.25,"92,269.83"
ID13943,17-Feb-2026,Reversal,"1,143.96",0.00,"63,472.33"
ID13943,30-Mar-2026,Interest,311.54,0.00,"12,834.39"
ID13943,26-Mar-2026,Debit Card,0.00,315.04,"63,496.61"
ID13943,17-Mar-2026,Direct Deposit,"1,039.33",0.00,"4,467.43"
ID13943,14-Jan-2026,Direct Deposit,"3,407.08",0.00,"54,230.51"
ID13943,19-Mar-2026,Charge,0.00,992.81,"96,680.44"
ID13943,18-Feb-2026,Direct Deposit,864.42,0.00,"69,662.22"
ID13943,05-Mar-2026,Payment,0.00,665.02,"63,336.26"
ID13943,24-Feb-2026,Payment,0.00,285.96,"9,010.44"
ID13943,03-Mar-2026,Interest,117.00,0.00,"61,535.83"
ID13943,15-Feb-2026,ATM Withdrawal,0.00,364.80,"83,155.20"
ID13943,24-Mar-2026,Transfer,"1,460.98",0.00,"96,159.90"
ID13943,16-Feb-2026,Reversal,"1,545.04",0.00,"91,145.64"
ID13943,01-Mar-2026,Debit Card,0.00,828.92,"42,171.12"
ID13944,25-Feb-2026,Transfer,0.00,662.13,"58,928.91"
ID13944,13-Mar-2026,Payment,0.00,495.99,"39,412.75"
ID13944,07-Feb-2026,Charge,0.00,671.17,"66,848.69"
ID13944,25-Jan-2026,Transfer,0.00,"1,066.44","71,436.62"
ID13944,28-Feb-2026,ATM Withdrawal,0.00,992.85,"4,188.32"
ID13944,11-Mar-2026,Interest,210.90,0.00,"80,534.91"
ID13944,11-Mar-2026,Payment,729.04,0.00,"68,894.31"
ID13944,24-Feb-2026,Reversal,362.87,0.00,"46,925.48"
ID13944,09-Feb-2026,Transfer,0.00,119.49,"73,658.96"
ID13944,23-Jan-2026,Transfer,0.00,"1,021.72","9,277.92"
ID13944,18-Jan-2026,Direct Deposit,"3,571.78",0.00,"65,030.27"
ID13944,21-Feb-2026,Transfer,0.00,"1,317.55","12,346.81"
ID13944,01-Feb-2026,Transfer,0.00,67.68,"92,828.51"
ID13944,17-Mar-2026,Reversal,0.00,658.88,"11,641.21"
ID13944,28-Feb-2026,Interest,171.84,0.00,"99,263.60"
ID13944,22-Jan-2026,Reversal,658.64,0.00,"35,460.66"
ID13944,28-Feb-2026,ATM Withdrawal,0.00,46.49,"19,214.16"
ID13944,13-Mar-2026,Debit Card,0.00,922.83,"32,973.79"
ID13944,14-Jan-2026,Reversal,"1,089.97",0.00,"8,104.63"
ID13944,30-Mar-2026,Direct Deposit,"1,971.61",0.00,"62,668.59"
ID13945,29-Jan-2026,Payment,0.00,125.50,"34,763.07"
ID13945,15-Jan-2026,Debit Card,0.00,496.50,"43,791.16"
ID13945,05-Jan-2026,Interest,403.73,0.00,"37,688.59"
ID13945,05-Feb-2026,ATM Withdrawal,0.00,280.51,"76,405.49"
ID13945,06-Feb-2026,Payment,0.00,"1,157.77","74,811.14"
ID13945,01-Mar-2026,Payment,0.00,"1,235.09","38,630.89"
ID13945,25-Feb-2026,Transfer,0.00,605.82,"36,699.24"
ID13945,14-Feb-2026,Debit Card,0.00,300.88,"46,511.20"
ID13945,01-Mar-2026,Transfer,0.00,52.14,"4,373.48"
ID13945,28-Feb-2026,Debit Card,0.00,277.89,"60,306.29"
ID13945,23-Feb-2026,Reversal,"1,368.84",0.00,"98,973.19"
ID13945,11-Jan-2026,ATM Withdrawal,0.00,964.74,"2,339.62"
ID13945,23-Jan-2026,ATM Withdrawal,0.00,336.15,"87,747.84"
ID13945,26-Mar-2026,Charge,0.00,774.21,"34,239.20"
ID13945,06-Feb-2026,Interest,272.57,0.00,"38,757.60"
ID13945,04-Mar-2026,Interest,257.70,0.00,"96,994.04"
ID13945,11-Feb-2026,Charge,0.00,70.82,"47,164.27"
ID13945,23-Mar-2026,Transfer,0.00,"1,183.88","68,108.08"
ID13945,17-Jan-2026,Interest,446.73,0.00,"36,309.19"
ID13945,24-Feb-2026,Charge,0.00,671.81,"74,247.50"
ID13946,06-Feb-2026,ATM Withdrawal,0.00,56.50,"90,601.81"
ID13946,28-Feb-2026,Debit Card,0.00,828.30,"49,328.21"
ID13946,12-Jan-2026,ATM Withdrawal,0.00,772.47,"63,681.43"
ID13946,07-Feb-2026,Direct Deposit,"1,776.67",0.00,"80,379.08"
ID13946,29-Jan-2026,Debit Card,0.00,53.37,"56,629.46"
ID13946,10-Feb-2026,Charge,0.00,961.18,"73,904.98"
ID13946,20-Feb-2026,Transfer,0.00,581.52,"17,489.95"
ID13946,22-Mar-2026,Direct Deposit,"2,728.10",0.00,"27,809.95"
ID13946,31-Jan-2026,Reversal,0.00,83.23,"19,178.70"
ID13946,19-Jan-2026,Debit Card,0.00,304.42,"43,553.39"
ID13946,09-Mar-2026,Payment,0.00,"1,268.69","47,617.36"
ID13946,31-Jan-2026,Direct Deposit,"2,892.17",0.00,"17,881.55"
ID13946,03-Mar-2026,Charge,0.00,712.93,"65,391.20"
ID13946,31-Mar-2026,Payment,0.00,"1,001.17","40,454.19"
ID13946,03-Jan-2026,Direct Deposit,"2,363.33",0.00,"51,677.75"
ID13946,28-Jan-2026,Direct Deposit,"3,016.67",0.00,"77,609.79"
ID13946,27-Jan-2026,Payment,0.00,520.23,"82,815.45"
ID13946,28-Feb-2026,Payment,0.00,"1,198.82","9,427.53"
ID13946,04-Feb-2026,Reversal,"1,694.84",0.00,"92,796.99"
ID13946,19-Jan-2026,Charge,0.00,18.37,"86,425.60"
ID13947,12-Mar-2026,Transfer,0.00,329.83,"51,911.16"
ID13947,28-Feb-2026,Charge,0.00,397.41,"38,195.36"
ID13947,22-Mar-2026,ATM Withdrawal,0.00,384.73,"99,638.55"
ID13947,25-Mar-2026,Payment,"1,694.69",0.00,"41,508.02"
ID13947,19-Jan-2026,Reversal,590.85,0.00,"11,756.09"
ID13947,21-Mar-2026,Debit Card,0.00,135.96,"76,851.03"
ID13947,17-Mar-2026,Charge,0.00,80.65,"35,087.31"
ID13947,10-Mar-2026,Transfer,0.00,57.76,"28,843.86"
ID13947,08-Jan-2026,Interest,113.15,0.00,"47,077.62"
ID13947,03-Mar-2026,Direct Deposit,"4,121.36",0.00,"14,764.10"
ID13947,06-Feb-2026,Debit Card,0.00,369.37,"37,272.87"
ID13947,02-Feb-2026,Direct Deposit,"3,519.93",0.00,"18,543.73"
ID13947,05-Feb-2026,Interest,82.64,0.00,"41,295.91"
ID13947,07-Feb-2026,Payment,0.00,454.09,"6,001.21"
ID13947,31-Mar-2026,Payment,924.46,0.00,"98,937.29"
ID13947,16-Jan-2026,Direct Deposit,"4,885.61",0.00,"91,722.61"
ID13947,10-Mar-2026,Interest,330.47,0.00,"17,782.57"
ID13947,25-Feb-2026,Payment,"1,407.82",0.00,"10,651.74"
ID13947,06-Mar-2026,Reversal,0.00,"1,032.14","26,726.45"
ID13947,19-Mar-2026,Payment,0.00,334.58,"84,915.49"
ID13948,02-Feb-2026,Charge,0.00,540.94,"60,176.42"
ID13948,06-Jan-2026,Reversal,0.00,507.24,"95,883.18"
ID13948,30-Jan-2026,Charge,0.00,38.33,"35,247.68"
ID13948,30-Mar-2026,Transfer,801.09,0.00,"75,148.24"
ID13948,20-Jan-2026,Debit Card,0.00,437.06,"36,447.03"
ID13948,12-Feb-2026,Payment,0.00,733.21,"73,186.56"
ID13948,22-Mar-2026,Interest,350.51,0.00,"81,956.67"
ID13948,27-Feb-2026,Debit Card,0.00,463.78,"89,836.11"
ID13948,01-Apr-2026,Reversal,0.00,542.55,"92,044.87"
ID13948,16-Feb-2026,Payment,0.00,"1,100.86","35,892.22"
ID13948,24-Mar-2026,Payment,0.00,834.68,"91,687.22"
ID13948,26-Jan-2026,Payment,691.05,0.00,"5,718.93"
ID13948,06-Jan-2026,Payment,0.00,189.22,"33,501.27"
ID13948,14-Feb-2026,ATM Withdrawal,0.00,122.81,"42,166.70"
ID13948,01-Apr-2026,ATM Withdrawal,0.00,149.17,"17,818.30"
ID13948,30-Mar-2026,Reversal,"1,734.76",0.00,"94,730.49"
ID13948,22-Mar-2026,Transfer,"1,494.43",0.00,"3,733.08"
ID13948,16-Mar-2026,ATM Withdrawal,0.00,941.65,"97,225.79"
ID13948,08-Jan-2026,Direct Deposit,"2,015.10",0.00,"97,848.06"
ID13948,20-Jan-2026,Transfer,0.00,499.69,"24,982.70"
ID13949,24-Feb-2026,ATM Withdrawal,0.00,723.58,"92,028.31"
ID13949,19-Mar-2026,Transfer,917.03,0.00,"56,079.47"
ID13949,01-Feb-2026,Charge,0.00,296.07,"15,064.83"
ID13949,05-Mar-2026,Reversal,460.52,0.00,"8,271.43"
ID13949,17-Feb-2026,Debit Card,0.00,959.98,"19,296.33"
ID13949,07-Mar-2026,Payment,0.00,118.36,"47,336.00"
ID13949,08-Feb-2026,Reversal,0.00,792.74,"45,084.50"
ID13949,11-Jan-2026,Transfer,516.19,0.00,"93,123.89"
ID13949,07-Jan-2026,Interest,450.40,0.00,"64,108.01"
ID13949,02-Apr-2026,Direct Deposit,"2,194.19",0.00,"31,222.51"
ID13949,07-Feb-2026,Charge,0.00,316.46,"47,884.12"
ID13949,05-Jan-2026,ATM Withdrawal,0.00,915.75,"20,263.85"
ID13949,18-Feb-2026,Payment,0.00,"1,232.40","81,596.89"
ID13949,23-Jan-2026,Charge,0.00,738.42,"44,836.19"
ID13949,03-Apr-2026,Debit Card,0.00,147.30,"32,731.79"
ID13949,10-Mar-2026,Charge,0.00,260.24,"11,933.23"
ID13949,23-Mar-2026,Reversal,740.72,0.00,"88,493.60"
ID13949,19-Jan-2026,Transfer,231.91,0.00,"25,195.92"
ID13949,16-Mar-2026,Charge,0.00,665.97,"76,495.21"
ID13949,25-Feb-2026,Charge,0.00,416.47,"81,314.78"
ID13950,20-Mar-2026,ATM Withdrawal,0.00,537.00,"40,723.46"
ID13950,03-Feb-2026,Direct Deposit,772.52,0.00,"5,668.67"
ID13950,06-Feb-2026,Payment,0.00,364.86,"76,751.71"
ID13950,12-Jan-2026,Charge,0.00,937.94,"45,542.80"
ID13950,10-Mar-2026,Payment,0.00,879.83,"69,855.51"
ID13950,23-Jan-2026,Charge,0.00,88.23,"76,681.71"
ID13950,24-Mar-2026,ATM Withdrawal,0.00,558.45,"69,169.14"
ID13950,17-Mar-2026,Direct Deposit,"4,386.11",0.00,"64,871.82"
ID13950,20-Feb-2026,Transfer,"1,912.71",0.00,"72,942.80"
ID13950,26-Mar-2026,Interest,56.89,0.00,"90,926.63"
ID13950,25-Feb-2026,Interest,199.91,0.00,"21,522.46"
ID13950,14-Jan-2026,Charge,0.00,916.82,"79,295.09"
ID13950,10-Feb-2026,Charge,0.00,301.52,"44,183.36"
ID13950,25-Mar-2026,Direct Deposit,"2,529.16",0.00,"13,023.72"
ID13950,13-Feb-2026,Debit Card,0.00,160.77,"18,171.80"
ID13950,28-Feb-2026,Reversal,"1,744.97",0.00,"42,503.16"
ID13950,09-Jan-2026,Interest,355.49,0.00,"48,176.55"
ID13950,17-Jan-2026,Transfer,0.00,854.67,"54,142.24"
ID13950,08-Jan-2026,Payment,741.96,0.00,"98,636.84"
ID13950,21-Jan-2026,Direct Deposit,"3,968.03",0.00,"16,070.02"
ID13951,14-Jan-2026,Transfer,"1,272.84",0.00,"31,877.00"
ID13951,27-Mar-2026,Interest,419.96,0.00,"16,305.23"
ID13951,21-Feb-2026,Payment,0.00,"1,436.03","9,769.59"
ID13951,19-Feb-2026,Interest,372.44,0.00,"98,579.45"
ID13951,09-Jan-2026,Transfer,0.00,"1,301.77","55,898.83"
ID13951,01-Mar-2026,Direct Deposit,"4,997.83",0.00,"68,272.39"
ID13951,24-Mar-2026,ATM Withdrawal,0.00,182.25,"63,179.97"
ID13951,07-Jan-2026,Debit Card,0.00,210.80,"13,572.89"
ID13951,02-Feb-2026,Debit Card,0.00,608.10,"12,501.49"
ID13951,12-Feb-2026,Debit Card,0.00,151.39,"79,766.94"
ID13951,06-Mar-2026,Payment,648.64,0.00,"35,374.40"
ID13951,14-Feb-2026,ATM Withdrawal,0.00,403.36,"46,062.40"
ID13951,15-Feb-2026,Debit Card,0.00,95.70,"31,153.99"
ID13951,04-Jan-2026,Transfer,0.00,341.77,"39,756.14"
ID13951,16-Jan-2026,Direct Deposit,"4,261.76",0.00,"95,311.90"
ID13951,15-Jan-2026,Charge,0.00,856.69,"53,272.57"
ID13951,20-Jan-2026,Interest,218.01,0.00,"16,558.82"
ID13951,13-Mar-2026,Reversal,0.00,835.73,"18,246.10"
ID13951,30-Jan-2026,Transfer,0.00,"1,142.67","62,656.32"
ID13951,02-Feb-2026,Direct Deposit,884.94,0.00,"84,474.38"
ID13952,15-Feb-2026,Charge,0.00,299.91,"77,309.44"
ID13952,28-Jan-2026,Direct Deposit,"4,175.57",0.00,"88,641.70"
ID13952,15-Feb-2026,ATM Withdrawal,0.00,497.85,"75,733.63"
ID13952,26-Jan-2026,Charge,0.00,790.02,"17,818.54"
ID13952,25-Jan-2026,Charge,0.00,80.39,"52,988.07"
ID13952,04-Feb-2026,Payment,0.00,896.96,"87,537.53"
ID13952,28-Jan-2026,Interest,56.27,0.00,"96,787.58"
ID13952,18-Jan-2026,Direct Deposit,"1,733.81",0.00,"32,728.68"
ID13952,23-Jan-2026,Transfer,0.00,"1,164.78","85,505.75"
ID13952,17-Mar-2026,Debit Card,0.00,151.10,"87,045.94"
ID13952,26-Mar-2026,Reversal,"1,828.60",0.00,"77,524.93"
ID13952,05-Jan-2026,Charge,0.00,765.27,"11,497.02"
ID13952,25-Feb-2026,Transfer,"1,549.89",0.00,"5,016.44"
ID13952,08-Jan-2026,Interest,200.16,0.00,"69,617.28"
ID13952,02-Mar-2026,Interest,126.39,0.00,"84,612.25"
ID13952,15-Mar-2026,Interest,20.89,0.00,"9,940.91"
ID13952,11-Jan-2026,Reversal,365.46,0.00,"89,922.20"
ID13952,15-Feb-2026,Interest,58.10,0.00,"59,376.90"
ID13952,21-Mar-2026,ATM Withdrawal,0.00,480.53,"95,372.81"
ID13952,03-Mar-2026,Interest,302.48,0.00,"47,123.34"
ID13953,30-Jan-2026,Debit Card,0.00,720.04,"34,494.98"
ID13953,19-Jan-2026,Reversal,409.57,0.00,"47,560.19"
ID13953,07-Jan-2026,Transfer,"1,402.31",0.00,"5,391.25"
ID13953,20-Jan-2026,Direct Deposit,"3,881.56",0.00,"98,653.19"
ID13953,22-Mar-2026,Direct Deposit,603.69,0.00,"78,560.01"
ID13953,14-Jan-2026,Charge,0.00,265.61,"18,178.15"
ID13953,22-Jan-2026,Interest,293.02,0.00,"20,979.09"
ID13953,01-Feb-2026,Reversal,0.00,"1,324.68","43,601.05"
ID13953,11-Jan-2026,Debit Card,0.00,819.70,"9,457.28"
ID13953,10-Mar-2026,Interest,390.55,0.00,"58,039.87"
ID13953,27-Jan-2026,Transfer,0.00,960.64,"50,407.87"
ID13953,22-Jan-2026,Reversal,0.00,831.00,"70,543.04"
ID13953,31-Mar-2026,ATM Withdrawal,0.00,963.23,"40,907.54"
ID13953,03-Feb-2026,Reversal,0.00,740.30,"3,650.23"
ID13953,30-Mar-2026,Reversal,"1,478.79",0.00,"6,887.65"
ID13953,06-Feb-2026,ATM Withdrawal,0.00,712.87,"55,013.30"
ID13953,13-Jan-2026,Payment,0.00,"1,489.76","31,090.50"
ID13953,05-Mar-2026,Direct Deposit,"4,252.40",0.00,"8,046.71"
ID13953,25-Feb-2026,Reversal,0.00,"1,244.75","46,551.90"
ID13953,13-Feb-2026,Transfer,0.00,"1,442.65","22,746.66"
ID13954,23-Jan-2026,Transfer,0.00,443.36,"9,289.42"
ID13954,28-Feb-2026,Payment,"1,812.49",0.00,"38,439.09"
ID13954,15-Feb-2026,Charge,0.00,107.47,"44,015.86"
ID13954,25-Jan-2026,Payment,"1,545.30",0.00,"58,563.43"
ID13954,15-Jan-2026,ATM Withdrawal,0.00,349.27,"5,242.83"
ID13954,23-Feb-2026,Reversal,0.00,480.79,"8,525.13"
ID13954,17-Jan-2026,Reversal,865.51,0.00,"78,677.97"
ID13954,13-Jan-2026,Charge,0.00,504.26,"81,881.32"
ID13954,16-Feb-2026,Reversal,0.00,"1,366.42","94,159.25"
ID13954,16-Jan-2026,Payment,557.63,0.00,"66,886.43"
ID13954,27-Feb-2026,Interest,362.11,0.00,"84,450.40"
ID13954,04-Feb-2026,Payment,832.97,0.00,"25,579.12"
ID13954,20-Mar-2026,Transfer,0.00,736.83,"4,955.06"
ID13954,11-Feb-2026,Reversal,402.80,0.00,"94,816.20"
ID13954,31-Jan-2026,Direct Deposit,"3,055.47",0.00,"30,874.50"
ID13954,15-Jan-2026,Reversal,0.00,"1,202.41","4,324.54"
ID13954,12-Jan-2026,ATM Withdrawal,0.00,327.98,"86,044.00"
ID13954,02-Feb-2026,Reversal,133.56,0.00,"76,787.06"
ID13954,28-Feb-2026,ATM Withdrawal,0.00,708.44,"57,531.30"
ID13954,03-Jan-2026,Reversal,"1,960.85",0.00,"58,960.99"
ID13955,05-Mar-2026,Payment,"1,109.27",0.00,"74,674.29"
ID13955,11-Mar-2026,Reversal,0.00,863.14,"60,316.86"
ID13955,21-Feb-2026,ATM Withdrawal,0.00,633.14,"46,398.28"
ID13955,02-Mar-2026,Charge,0.00,307.23,"30,873.35"
ID13955,15-Jan-2026,Reversal,0.00,867.86,"22,062.05"
ID13955,10-Feb-2026,Direct Deposit,"1,902.85",0.00,"74,300.02"
ID13955,12-Mar-2026,Reversal,0.00,"1,472.10","43,826.69"
ID13955,07-Mar-2026,Payment,514.58,0.00,"90,510.55"
ID13955,15-Mar-2026,Charge,0.00,956.38,"56,240.35"
ID13955,05-Jan-2026,Debit Card,0.00,705.90,"6,734.38"
ID13955,17-Mar-2026,Transfer,0.00,471.22,"71,505.31"
ID13955,05-Feb-2026,Reversal,0.00,"1,470.46","46,245.72"
ID13955,13-Feb-2026,Direct Deposit,"4,254.89",0.00,"47,122.39"
ID13955,20-Mar-2026,Debit Card,0.00,410.76,"11,368.18"
ID13955,19-Mar-2026,Payment,0.00,"1,163.76","18,766.85"
ID13955,22-Feb-2026,Charge,0.00,660.00,"35,890.52"
ID13955,29-Mar-2026,ATM Withdrawal,0.00,827.25,"89,307.71"
ID13955,11-Mar-2026,Reversal,0.00,"1,209.72","67,833.95"
ID13955,22-Mar-2026,Transfer,0.00,"1,089.01","92,495.90"
ID13955,21-Jan-2026,Payment,0.00,465.85,"22,902.69"
ID13956,16-Mar-2026,Transfer,336.21,0.00,"98,695.57"
ID13956,17-Feb-2026,Interest,286.28,0.00,"10,301.97"
ID13956,11-Feb-2026,Direct Deposit,782.26,0.00,"74,046.23"
ID13956,25-Mar-2026,ATM Withdrawal,0.00,812.37,"87,804.33"
ID13956,16-Mar-2026,Transfer,0.00,"1,236.16","76,053.56"
ID13956,08-Mar-2026,Direct Deposit,"2,910.04",0.00,"70,536.88"
ID13956,26-Feb-2026,Reversal,0.00,907.89,"44,260.21"
ID13956,19-Feb-2026,Reversal,0.00,851.71,"13,922.44"
ID13956,05-Jan-2026,Direct Deposit,"1,560.83",0.00,"97,880.08"
ID13956,01-Mar-2026,Reversal,"1,909.76",0.00,"33,422.35"
ID13956,03-Apr-2026,Charge,0.00,791.10,"91,614.76"
ID13956,21-Feb-2026,Interest,180.54,0.00,"62,837.48"
ID13956,01-Mar-2026,Direct Deposit,"2,361.61",0.00,"28,738.08"
ID13956,23-Jan-2026,Charge,0.00,222.87,"23,171.67"
ID13956,19-Jan-2026,Interest,392.70,0.00,"33,417.30"
ID13956,10-Jan-2026,Payment,0.00,"1,047.03","70,675.43"
ID13956,17-Feb-2026,Debit Card,0.00,156.98,"9,137.81"
ID13956,24-Feb-2026,Transfer,"1,833.73",0.00,"72,540.98"
ID13956,03-Feb-2026,Transfer,699.62,0.00,"19,149.06"
ID13956,25-Mar-2026,Payment,410.35,0.00,"86,750.64"
ID13957,18-Jan-2026,Reversal,"1,448.15",0.00,"99,752.03"
ID13957,04-Jan-2026,Interest,381.84,0.00,"5,697.63"
ID13957,28-Mar-2026,Reversal,0.00,734.13,"97,225.59"
ID13957,14-Mar-2026,Reversal,458.21,0.00,"33,487.58"
ID13957,17-Feb-2026,Debit Card,0.00,144.33,"12,959.28"
ID13957,14-Feb-2026,Direct Deposit,"2,786.18",0.00,"43,473.50"
ID13957,18-Jan-2026,Debit Card,0.00,422.89,"30,442.10"
ID13957,19-Mar-2026,Transfer,491.88,0.00,"7,625.70"
ID13957,27-Jan-2026,Payment,0.00,"1,426.36","11,622.91"
ID13957,23-Jan-2026,Charge,0.00,206.66,"33,754.07"
ID13957,29-Mar-2026,Payment,0.00,741.72,"59,498.83"
ID13957,04-Jan-2026,Transfer,"1,941.77",0.00,"71,510.02"
ID13957,21-Feb-2026,Payment,0.00,"1,182.62","41,044.89"
ID13957,09-Mar-2026,ATM Withdrawal,0.00,716.17,"40,043.76"
ID13957,21-Jan-2026,Reversal,0.00,790.09,"49,590.91"
ID13957,02-Mar-2026,Debit Card,0.00,154.83,"37,266.13"
ID13957,23-Mar-2026,Interest,226.52,0.00,"25,052.98"
ID13957,14-Mar-2026,Debit Card,0.00,887.87,"14,100.85"
ID13957,26-Jan-2026,ATM Withdrawal,0.00,852.35,"41,367.63"
ID13957,27-Feb-2026,Charge,0.00,20.29,"96,841.95"
ID13958,16-Feb-2026,ATM Withdrawal,0.00,398.98,"21,663.17"
ID13958,09-Jan-2026,Interest,484.88,0.00,"91,941.26"
ID13958,22-Feb-2026,Direct Deposit,"1,977.96",0.00,"47,492.63"
ID13958,06-Feb-2026,Debit Card,0.00,842.20,"54,087.44"
ID13958,19-Jan-2026,Debit Card,0.00,372.17,"29,568.47"
ID13958,16-Mar-2026,ATM Withdrawal,0.00,634.75,"31,477.18"
ID13958,02-Feb-2026,Debit Card,0.00,191.47,"86,582.65"
ID13958,22-Feb-2026,Reversal,0.00,62.64,"80,387.37"
ID13958,07-Mar-2026,Direct Deposit,"1,961.71",0.00,"76,372.95"
ID13958,08-Mar-2026,Transfer,337.34,0.00,"14,896.62"
ID13958,09-Feb-2026,Transfer,0.00,"1,286.79","51,839.96"
ID13958,09-Jan-2026,Charge,0.00,788.61,"76,497.56"
ID13958,19-Mar-2026,Direct Deposit,"2,164.54",0.00,"50,890.41"
ID13958,02-Apr-2026,Debit Card,0.00,997.52,"38,518.30"
ID13958,01-Apr-2026,Reversal,"1,689.89",0.00,"74,528.48"
ID13958,23-Mar-2026,Interest,482.39,0.00,"93,941.73"
ID13958,12-Feb-2026,Debit Card,0.00,728.58,"56,638.71"
ID13958,01-Feb-2026,Reversal,896.06,0.00,"34,745.22"
ID13958,26-Mar-2026,Direct Deposit,"1,690.57",0.00,"57,421.34"
ID13958,24-Mar-2026,Direct Deposit,"2,197.63",0.00,"46,462.29"
ID13959,15-Jan-2026,Charge,0.00,708.67,"80,131.48"
ID13959,13-Jan-2026,ATM Withdrawal,0.00,544.48,"35,317.94"
ID13959,07-Feb-2026,Direct Deposit,"3,086.66",0.00,"83,376.61"
ID13959,14-Jan-2026,Interest,463.78,0.00,"51,816.76"
ID13959,08-Feb-2026,Reversal,668.62,0.00,"71,942.34"
ID13959,07-Jan-2026,Reversal,"1,888.88",0.00,"21,646.31"
ID13959,16-Jan-2026,Charge,0.00,467.81,"37,249.11"
ID13959,26-Mar-2026,Interest,289.03,0.00,"6,144.74"
ID13959,16-Mar-2026,Charge,0.00,545.82,"68,632.01"
ID13959,04-Jan-2026,Payment,0.00,726.46,"86,132.00"
ID13959,07-Mar-2026,Payment,982.88,0.00,"66,929.73"
ID13959,28-Feb-2026,Interest,16.22,0.00,"56,146.33"
ID13959,15-Mar-2026,Direct Deposit,"3,608.76",0.00,"79,776.93"
ID13959,18-Feb-2026,Payment,0.00,"1,478.69","97,242.01"
ID13959,12-Feb-2026,Debit Card,0.00,684.88,"91,333.13"
ID13959,26-Feb-2026,Interest,245.21,0.00,"59,786.89"
ID13959,30-Jan-2026,Payment,0.00,"1,087.56","8,888.16"
ID13959,03-Mar-2026,ATM Withdrawal,0.00,603.11,"14,201.85"
ID13959,02-Feb-2026,Charge,0.00,527.58,"30,554.68"
ID13959,19-Mar-2026,Reversal,135.10,0.00,"55,408.87"
ID13960,02-Feb-2026,Interest,463.19,0.00,"43,007.20"
ID13960,04-Jan-2026,Direct Deposit,"2,871.81",0.00,"44,336.19"
ID13960,27-Feb-2026,Payment,0.00,"1,437.26","46,954.61"
ID13960,31-Jan-2026,Charge,0.00,425.85,"83,685.29"
ID13960,21-Mar-2026,Interest,441.88,0.00,"53,651.51"
ID13960,02-Feb-2026,Debit Card,0.00,719.37,"10,283.98"
ID13960,13-Jan-2026,Interest,81.49,0.00,"51,551.62"
ID13960,03-Feb-2026,Direct Deposit,"4,619.58",0.00,"92,293.46"
ID13960,16-Feb-2026,Debit Card,0.00,218.21,"23,835.48"
ID13960,25-Jan-2026,Transfer,189.00,0.00,"59,356.86"
ID13960,31-Jan-2026,Reversal,376.00,0.00,"47,493.64"
ID13960,05-Mar-2026,Transfer,"1,076.98",0.00,"99,435.21"
ID13960,17-Jan-2026,ATM Withdrawal,0.00,14.58,"35,292.99"
ID13960,20-Mar-2026,Interest,227.36,0.00,"35,399.28"
ID13960,23-Mar-2026,Debit Card,0.00,704.06,"79,615.44"
ID13960,03-Feb-2026,Charge,0.00,311.89,"49,250.08"
ID13960,27-Feb-2026,Interest,232.24,0.00,"86,225.60"
ID13960,08-Feb-2026,Reversal,"1,986.20",0.00,"70,140.83"
ID13960,06-Jan-2026,Interest,391.10,0.00,"3,112.58"
ID13960,02-Apr-2026,Charge,0.00,962.06,"59,293.98"
ID13961,07-Feb-2026,ATM Withdrawal,0.00,124.84,"93,427.04"
ID13961,18-Mar-2026,Charge,0.00,659.48,"38,681.20"
ID13961,19-Mar-2026,ATM Withdrawal,0.00,517.24,"30,587.12"
ID13961,24-Mar-2026,Charge,0.00,767.12,"26,773.71"
ID13961,29-Jan-2026,Interest,189.73,0.00,"76,242.13"
ID13961,04-Feb-2026,Payment,0.00,877.29,"70,587.78"
ID13961,09-Jan-2026,Debit Card,0.00,345.29,"52,191.38"
ID13961,27-Mar-2026,Charge,0.00,753.39,"33,980.67"
ID13961,17-Feb-2026,ATM Withdrawal,0.00,65.47,"88,168.50"
ID13961,29-Jan-2026,Interest,402.61,0.00,"14,677.39"
ID13961,04-Feb-2026,Transfer,673.23,0.00,"16,535.80"
ID13961,13-Jan-2026,Payment,0.00,490.19,"68,567.23"
ID13961,10-Mar-2026,Transfer,0.00,"1,023.78","30,639.16"
ID13961,30-Jan-2026,Transfer,0.00,191.01,"41,085.69"
ID13961,07-Feb-2026,Debit Card,0.00,68.23,"39,252.80"
ID13961,31-Mar-2026,ATM Withdrawal,0.00,287.10,"27,237.36"
ID13961,08-Mar-2026,ATM Withdrawal,0.00,502.78,"43,250.71"
ID13961,31-Mar-2026,Reversal,"1,295.17",0.00,"12,716.70"
ID13961,24-Feb-2026,Debit Card,0.00,805.80,"41,292.48"
ID13961,13-Feb-2026,Payment,0.00,784.28,"74,062.02"
ID13962,13-Jan-2026,Direct Deposit,"4,280.50",0.00,"19,311.85"
ID13962,03-Feb-2026,Transfer,"1,012.60",0.00,"47,296.45"
ID13962,02-Mar-2026,Transfer,0.00,858.51,"72,458.27"
ID13962,25-Mar-2026,Direct Deposit,"3,415.61",0.00,"18,881.88"
ID13962,25-Mar-2026,Transfer,"1,098.67",0.00,"17,988.76"
ID13962,05-Jan-2026,Debit Card,0.00,550.13,"49,730.26"
ID13962,25-Jan-2026,Reversal,"1,396.43",0.00,"34,498.71"
ID13962,20-Jan-2026,Payment,"1,448.21",0.00,"71,681.69"
ID13962,01-Mar-2026,Charge,0.00,936.24,"43,812.96"
ID13962,26-Jan-2026,Transfer,0.00,"1,073.43","37,677.59"
ID13962,27-Mar-2026,Interest,302.26,0.00,"4,765.05"
ID13962,31-Jan-2026,ATM Withdrawal,0.00,891.46,"62,176.24"
ID13962,06-Jan-2026,Direct Deposit,"4,504.10",0.00,"85,626.85"
ID13962,27-Jan-2026,Interest,241.14,0.00,"57,794.15"
ID13962,21-Mar-2026,Direct Deposit,"4,009.65",0.00,"8,145.16"
ID13962,23-Jan-2026,Direct Deposit,"2,958.58",0.00,"52,012.23"
ID13962,08-Jan-2026,Debit Card,0.00,889.48,"71,742.79"
ID13962,27-Feb-2026,Payment,"1,639.68",0.00,"67,074.24"
ID13962,07-Feb-2026,Direct Deposit,"1,672.86",0.00,"37,071.17"
ID13962,03-Feb-2026,Reversal,0.00,258.74,"72,975.55"
ID13963,20-Jan-2026,Direct Deposit,"1,549.03",0.00,"30,925.75"
ID13963,31-Mar-2026,Interest,402.00,0.00,"51,216.57"
ID13963,16-Jan-2026,Interest,410.29,0.00,"16,708.28"
ID13963,28-Jan-2026,ATM Withdrawal,0.00,711.23,"75,262.88"
ID13963,09-Jan-2026,Charge,0.00,71.91,"9,698.06"
ID13963,13-Jan-2026,Direct Deposit,"2,582.01",0.00,"4,634.30"
ID13963,03-Apr-2026,Reversal,0.00,209.26,"8,588.84"
ID13963,28-Mar-2026,ATM Withdrawal,0.00,467.43,"57,695.09"
ID13963,13-Feb-2026,Payment,0.00,"1,383.92","17,329.20"
ID13963,12-Mar-2026,Transfer,0.00,121.14,"17,962.87"
ID13963,21-Jan-2026,Debit Card,0.00,113.78,"40,088.89"
ID13963,20-Feb-2026,Payment,0.00,"1,001.62","14,339.62"
ID13963,10-Mar-2026,Charge,0.00,783.91,"12,797.64"
ID13963,21-Jan-2026,ATM Withdrawal,0.00,433.32,"25,495.42"
ID13963,15-Mar-2026,Debit Card,0.00,353.69,"93,201.59"
ID13963,23-Jan-2026,Direct Deposit,"2,228.11",0.00,"7,432.54"
ID13963,21-Jan-2026,Debit Card,0.00,62.07,"46,705.88"
ID13963,23-Jan-2026,Reversal,0.00,487.21,"44,612.25"
ID13963,01-Mar-2026,Reversal,"1,544.21",0.00,"82,642.71"
ID13963,30-Mar-2026,ATM Withdrawal,0.00,387.24,"51,923.06"
ID13964,23-Feb-2026,Charge,0.00,371.05,"9,712.06"
ID13964,09-Jan-2026,Interest,293.86,0.00,"6,796.48"
ID13964,07-Feb-2026,Debit Card,0.00,474.97,"84,407.52"
ID13964,07-Feb-2026,Debit Card,0.00,14.15,"18,553.43"
ID13964,16-Mar-2026,Interest,81.39,0.00,"88,654.81"
ID13964,13-Feb-2026,ATM Withdrawal,0.00,308.84,"97,404.24"
ID13964,29-Jan-2026,Payment,"1,439.10",0.00,"4,634.91"
ID13964,11-Jan-2026,Transfer,251.73,0.00,"93,574.58"
ID13964,29-Mar-2026,Reversal,0.00,264.12,"78,273.04"
ID13964,27-Mar-2026,Reversal,0.00,969.34,"39,957.03"
ID13964,30-Jan-2026,Interest,49.37,0.00,"39,821.15"
ID13964,15-Jan-2026,Transfer,0.00,"1,356.44","88,773.21"
ID13964,23-Jan-2026,Reversal,993.15,0.00,"12,894.92"
ID13964,07-Mar-2026,Charge,0.00,601.46,"92,387.95"
ID13964,02-Feb-2026,Debit Card,0.00,216.92,"53,412.48"
ID13964,19-Mar-2026,Direct Deposit,"1,511.87",0.00,"55,958.32"
ID13964,15-Jan-2026,Direct Deposit,"2,915.76",0.00,"89,143.28"
ID13964,25-Mar-2026,Transfer,"1,130.25",0.00,"68,323.42"
ID13964,29-Jan-2026,Debit Card,0.00,530.10,"46,444.49"
ID13964,20-Mar-2026,Reversal,0.00,"1,432.77","38,102.01"
ID13965,28-Feb-2026,Payment,0.00,70.21,"63,551.73"
ID13965,07-Mar-2026,Interest,298.83,0.00,"65,029.30"
ID13965,21-Feb-2026,Charge,0.00,296.41,"33,608.73"
ID13965,02-Apr-2026,Interest,33.11,0.00,"80,807.31"
ID13965,02-Apr-2026,Interest,229.55,0.00,"25,027.56"
ID13965,06-Feb-2026,Transfer,0.00,"1,286.50","47,044.72"
ID13965,03-Jan-2026,Direct Deposit,"1,162.89",0.00,"40,136.68"
ID13965,05-Feb-2026,Interest,148.35,0.00,"4,918.77"
ID13965,06-Jan-2026,Interest,479.88,0.00,"98,112.49"
ID13965,11-Jan-2026,Debit Card,0.00,331.95,"88,135.02"
ID13965,14-Mar-2026,Direct Deposit,"1,885.93",0.00,"8,745.89"
ID13965,11-Feb-2026,Interest,374.81,0.00,"28,124.49"
ID13965,26-Feb-2026,Direct Deposit,"2,187.69",0.00,"32,201.86"
ID13965,04-Jan-2026,Transfer,636.54,0.00,"61,342.52"
ID13965,30-Jan-2026,Transfer,"1,304.84",0.00,"35,819.57"
ID13965,18-Mar-2026,Debit Card,0.00,22.23,"68,891.90"
ID13965,30-Mar-2026,Payment,790.02,0.00,"28,004.47"
ID13965,07-Mar-2026,Transfer,0.00,154.70,"66,075.28"
ID13965,25-Feb-2026,Interest,467.74,0.00,"5,196.08"
ID13965,28-Jan-2026,Charge,0.00,434.69,"71,278.79"
ID13966,17-Mar-2026,Direct Deposit,"1,504.39",0.00,"74,224.82"
ID13966,12-Jan-2026,Transfer,0.00,893.19,"78,957.56"
ID13966,19-Mar-2026,ATM Withdrawal,0.00,428.14,"49,463.75"
ID13966,02-Apr-2026,ATM Withdrawal,0.00,313.37,"92,166.34"
ID13966,28-Feb-2026,Payment,"1,642.01",0.00,"84,735.11"
ID13966,04-Jan-2026,Direct Deposit,"4,812.60",0.00,"42,641.01"
ID13966,09-Jan-2026,Payment,405.88,0.00,"44,257.62"
ID13966,23-Feb-2026,Direct Deposit,"4,253.47",0.00,"26,164.27"
ID13966,08-Mar-2026,Charge,0.00,809.95,"96,063.90"
ID13966,21-Feb-2026,Debit Card,0.00,581.41,"17,376.75"
ID13966,11-Mar-2026,Charge,0.00,950.85,"71,449.06"
ID13966,07-Jan-2026,Direct Deposit,"3,442.44",0.00,"28,483.80"
ID13966,26-Mar-2026,Transfer,0.00,292.08,"28,632.69"
ID13966,12-Mar-2026,Direct Deposit,"1,682.53",0.00,"42,445.93"
ID13966,17-Jan-2026,Direct Deposit,"4,960.57",0.00,"4,839.66"
ID13966,01-Feb-2026,Transfer,0.00,598.15,"58,986.58"
ID13966,19-Jan-2026,Charge,0.00,205.75,"11,942.28"
ID13966,21-Jan-2026,Payment,"1,021.79",0.00,"37,172.94"
ID13966,26-Jan-2026,Transfer,"1,702.13",0.00,"80,871.67"
ID13966,22-Feb-2026,Interest,293.86,0.00,"70,907.57"
ID13967,02-Feb-2026,Payment,"1,092.29",0.00,"24,543.91"
ID13967,17-Jan-2026,Reversal,259.15,0.00,"97,465.71"
ID13967,01-Apr-2026,Payment,"1,182.71",0.00,"24,878.85"
ID13967,14-Mar-2026,Charge,0.00,695.25,"85,010.52"
ID13967,31-Mar-2026,Reversal,"1,150.72",0.00,"66,699.73"
ID13967,24-Mar-2026,Reversal,0.00,"1,396.41","62,313.32"
ID13967,27-Mar-2026,Transfer,210.63,0.00,"90,459.04"
ID13967,06-Mar-2026,Charge,0.00,741.31,"2,169.81"
ID13967,24-Feb-2026,Payment,570.49,0.00,"97,058.00"
ID13967,16-Mar-2026,Reversal,0.00,660.45,"21,813.63"
ID13967,31-Jan-2026,Reversal,0.00,455.66,"37,952.97"
ID13967,19-Feb-2026,Interest,438.26,0.00,"16,001.48"
ID13967,24-Feb-2026,Debit Card,0.00,175.78,"31,771.05"
ID13967,09-Feb-2026,Reversal,180.90,0.00,"8,122.11"
ID13967,24-Jan-2026,Reversal,0.00,912.91,"83,166.82"
ID13967,25-Mar-2026,ATM Withdrawal,0.00,197.55,"46,708.47"
ID13967,01-Apr-2026,Debit Card,0.00,320.84,"3,793.95"
ID13967,12-Mar-2026,Reversal,505.50,0.00,"19,408.56"
ID13967,05-Feb-2026,Interest,477.99,0.00,"55,913.20"
ID13967,20-Jan-2026,Interest,353.83,0.00,"70,828.53"
ID13968,16-Feb-2026,Transfer,"1,874.94",0.00,"69,988.09"
ID13968,07-Feb-2026,Transfer,0.00,"1,415.18","24,046.10"
ID13968,11-Mar-2026,Payment,"1,700.09",0.00,"8,650.29"
ID13968,24-Jan-2026,Debit Card,0.00,560.25,"45,828.35"
ID13968,03-Apr-2026,ATM Withdrawal,0.00,116.36,"72,455.19"
ID13968,17-Mar-2026,Charge,0.00,947.77,"18,335.46"
ID13968,13-Feb-2026,Interest,247.46,0.00,"4,620.33"
ID13968,04-Mar-2026,Direct Deposit,"2,366.13",0.00,"63,134.46"
ID13968,12-Jan-2026,Transfer,0.00,870.39,"22,801.17"
ID13968,15-Feb-2026,Debit Card,0.00,417.31,"45,840.57"
ID13968,18-Mar-2026,Direct Deposit,"1,738.65",0.00,"88,071.06"
ID13968,13-Jan-2026,Direct Deposit,"3,270.32",0.00,"27,433.52"
ID13968,26-Jan-2026,Transfer,0.00,"1,311.48","94,559.33"
ID13968,23-Mar-2026,Direct Deposit,"3,091.65",0.00,"48,576.48"
ID13968,06-Jan-2026,Debit Card,0.00,621.93,"45,125.83"
ID13968,30-Jan-2026,Payment,"1,118.37",0.00,"15,252.99"
ID13968,22-Feb-2026,Direct Deposit,"1,357.49",0.00,"19,921.73"
ID13968,08-Feb-2026,Interest,24.08,0.00,"12,899.19"
ID13968,27-Feb-2026,Transfer,123.82,0.00,"47,019.66"
ID13968,19-Mar-2026,Payment,0.00,"1,214.13","79,584.48"
ID13969,28-Feb-2026,ATM Withdrawal,0.00,970.59,"41,663.46"
ID13969,02-Feb-2026,Direct Deposit,"3,578.11",0.00,"29,721.56"
ID13969,18-Jan-2026,ATM Withdrawal,0.00,912.66,"75,483.03"
ID13969,23-Jan-2026,Debit Card,0.00,226.22,"32,973.25"
ID13969,16-Mar-2026,Charge,0.00,982.65,"55,181.70"
ID13969,10-Mar-2026,Payment,"1,885.37",0.00,"40,017.61"
ID13969,05-Feb-2026,Interest,106.87,0.00,"19,189.75"
ID13969,08-Jan-2026,Charge,0.00,830.46,"43,665.50"
ID13969,24-Feb-2026,Direct Deposit,"1,889.62",0.00,"9,020.29"
ID13969,31-Mar-2026,Transfer,0.00,"1,343.81","12,925.35"
ID13969,30-Mar-2026,Transfer,0.00,"1,022.70","26,257.04"
ID13969,09-Mar-2026,Debit Card,0.00,589.57,"6,574.76"
ID13969,03-Apr-2026,Interest,382.82,0.00,"18,446.02"
ID13969,31-Mar-2026,Debit Card,0.00,501.90,"51,201.66"
ID13969,02-Feb-2026,Direct Deposit,"3,246.42",0.00,"22,798.61"
ID13969,29-Jan-2026,Transfer,0.00,600.92,"57,165.82"
ID13969,03-Mar-2026,Charge,0.00,625.38,"65,024.26"
ID13969,11-Jan-2026,Debit Card,0.00,421.67,"89,753.34"
ID13969,07-Feb-2026,Transfer,"1,230.40",0.00,"10,506.37"
ID13969,19-Jan-2026,Transfer,"1,956.56",0.00,"23,437.68"
ID13970,13-Feb-2026,Reversal,"1,465.38",0.00,"63,675.57"
ID13970,07-Jan-2026,Interest,52.42,0.00,"43,662.50"
ID13970,22-Mar-2026,Interest,235.32,0.00,"85,469.01"
ID13970,28-Feb-2026,Reversal,"1,637.26",0.00,"70,023.38"
ID13970,16-Mar-2026,Direct Deposit,"1,262.27",0.00,"7,443.16"
ID13970,09-Jan-2026,ATM Withdrawal,0.00,445.90,"46,002.10"
ID13970,06-Mar-2026,Charge,0.00,600.42,"32,195.66"
ID13970,23-Mar-2026,Transfer,0.00,"1,134.08","92,604.89"
ID13970,20-Mar-2026,Direct Deposit,"4,666.25",0.00,"86,060.55"
ID13970,02-Feb-2026,Direct Deposit,"1,937.08",0.00,"28,241.62"
ID13970,23-Mar-2026,Payment,0.00,97.25,"64,950.43"
ID13970,14-Jan-2026,ATM Withdrawal,0.00,131.46,"97,829.47"
ID13970,03-Jan-2026,Payment,0.00,616.33,"95,874.40"
ID13970,03-Jan-2026,Payment,0.00,"1,038.75","81,249.18"
ID13970,19-Mar-2026,Direct Deposit,"4,518.47",0.00,"70,266.35"
ID13970,31-Mar-2026,ATM Withdrawal,0.00,623.12,"97,539.78"
ID13970,21-Jan-2026,Interest,149.36,0.00,"11,560.56"
ID13970,02-Mar-2026,Transfer,0.00,"1,363.57","87,887.05"
ID13970,20-Jan-2026,Charge,0.00,274.80,"40,430.77"
ID13970,13-Feb-2026,Interest,204.60,0.00,"17,038.70"
ID13971,05-Feb-2026,Interest,260.54,0.00,"55,649.08"
ID13971,17-Mar-2026,Debit Card,0.00,274.66,"24,247.66"
ID13971,17-Jan-2026,Transfer,282.35,0.00,"54,580.64"
ID13971,17-Mar-2026,Direct Deposit,"3,410.81",0.00,"72,113.93"
ID13971,18-Mar-2026,ATM Withdrawal,0.00,293.00,"35,789.89"
ID13971,22-Feb-2026,Direct Deposit,"4,700.79",0.00,"23,129.77"
ID13971,22-Jan-2026,Charge,0.00,453.61,"9,268.18"
ID13971,17-Mar-2026,Payment,163.88,0.00,"85,727.32"
ID13971,06-Jan-2026,Transfer,0.00,"1,471.10","7,671.85"
ID13971,17-Mar-2026,Charge,0.00,971.49,"89,966.93"
ID13971,30-Jan-2026,Transfer,0.00,258.34,"1,887.05"
ID13971,01-Feb-2026,ATM Withdrawal,0.00,997.19,"72,215.92"
ID13971,23-Mar-2026,Debit Card,0.00,741.15,"31,968.17"
ID13971,02-Mar-2026,Transfer,"1,567.42",0.00,"46,679.88"
ID13971,31-Mar-2026,Reversal,0.00,324.03,"13,483.37"
ID13971,06-Feb-2026,Debit Card,0.00,390.14,"56,353.65"
ID13971,23-Feb-2026,ATM Withdrawal,0.00,33.92,"97,514.68"
ID13971,14-Jan-2026,Direct Deposit,"4,952.57",0.00,"42,316.95"
ID13971,03-Jan-2026,Debit Card,0.00,79.35,"24,768.70"
ID13971,14-Jan-2026,Transfer,776.78,0.00,"53,590.45"
ID13972,09-Jan-2026,Debit Card,0.00,66.03,"98,721.37"
ID13972,09-Mar-2026,Debit Card,0.00,990.10,"48,332.97"
ID13972,09-Mar-2026,Transfer,153.94,0.00,"56,871.06"
ID13972,21-Mar-2026,Charge,0.00,943.09,"56,570.30"
ID13972,28-Jan-2026,Interest,439.07,0.00,"64,028.20"
ID13972,19-Feb-2026,Interest,182.95,0.00,"76,992.08"
ID13972,02-Mar-2026,Payment,0.00,844.33,"94,726.95"
ID13972,08-Feb-2026,Reversal,"1,869.53",0.00,"7,755.83"
ID13972,12-Mar-2026,Debit Card,0.00,259.84,"45,393.91"
ID13972,18-Feb-2026,Interest,475.06,0.00,"7,793.43"
ID13972,30-Jan-2026,Interest,344.68,0.00,"87,802.68"
ID13972,26-Mar-2026,Transfer,0.00,292.07,"2,038.91"
ID13972,24-Mar-2026,Direct Deposit,"3,560.93",0.00,"94,529.33"
ID13972,08-Jan-2026,Direct Deposit,"4,212.33",0.00,"29,392.66"
ID13972,01-Feb-2026,Transfer,0.00,760.37,"38,041.37"
ID13972,18-Mar-2026,ATM Withdrawal,0.00,47.24,"97,600.02"
ID13972,28-Jan-2026,Charge,0.00,384.21,"68,795.81"
ID13972,29-Jan-2026,Transfer,245.74,0.00,"6,678.90"
ID13972,11-Mar-2026,ATM Withdrawal,0.00,709.43,"17,681.36"
ID13972,03-Apr-2026,Direct Deposit,"3,833.68",0.00,"47,739.06"
ID13973,20-Feb-2026,Debit Card,0.00,931.82,"82,161.22"
ID13973,23-Jan-2026,ATM Withdrawal,0.00,37.92,"78,341.32"
ID13973,05-Feb-2026,Charge,0.00,438.57,"33,924.31"
ID13973,22-Mar-2026,Interest,292.70,0.00,"22,674.61"
ID13973,03-Apr-2026,Direct Deposit,919.87,0.00,"86,951.97"
ID13973,28-Jan-2026,ATM Withdrawal,0.00,222.45,"88,370.93"
ID13973,11-Jan-2026,Direct Deposit,756.61,0.00,"28,470.24"
ID13973,23-Jan-2026,Reversal,"1,772.40",0.00,"18,689.22"
ID13973,15-Jan-2026,Charge,0.00,158.85,"38,856.14"
ID13973,14-Feb-2026,Direct Deposit,"2,314.81",0.00,"18,191.17"
ID13973,08-Mar-2026,Reversal,0.00,437.78,"45,413.26"
ID13973,30-Mar-2026,Reversal,0.00,617.35,"52,655.00"
ID13973,13-Feb-2026,Direct Deposit,"2,425.70",0.00,"67,119.65"
ID13973,13-Mar-2026,ATM Withdrawal,0.00,366.26,"75,416.25"
ID13973,17-Mar-2026,Direct Deposit,"2,110.35",0.00,"75,194.43"
ID13973,11-Feb-2026,Interest,203.92,0.00,"68,941.53"
ID13973,11-Mar-2026,Reversal,"1,444.15",0.00,"54,549.64"
ID13973,21-Mar-2026,Direct Deposit,"4,636.46",0.00,"98,949.01"
ID13973,04-Jan-2026,Payment,0.00,600.88,"44,485.48"
ID13973,28-Mar-2026,Payment,0.00,473.55,"82,328.78"
ID13974,14-Jan-2026,Payment,"1,320.78",0.00,"34,567.76"
ID13974,04-Mar-2026,Transfer,0.00,"1,109.12","17,021.63"
ID13974,18-Jan-2026,Reversal,252.56,0.00,"44,384.54"
ID13974,26-Feb-2026,Payment,0.00,"1,150.43","6,692.70"
ID13974,10-Jan-2026,Reversal,0.00,645.70,"74,477.88"
ID13974,04-Mar-2026,ATM Withdrawal,0.00,259.25,"79,025.23"
ID13974,17-Jan-2026,Interest,247.53,0.00,"72,571.18"
ID13974,16-Feb-2026,Payment,0.00,"1,213.65","34,200.72"
ID13974,29-Jan-2026,Interest,394.59,0.00,"50,426.15"
ID13974,08-Jan-2026,Direct Deposit,"4,713.71",0.00,"25,413.09"
ID13974,25-Feb-2026,Reversal,0.00,"1,210.91","18,031.71"
ID13974,25-Jan-2026,Transfer,"1,885.52",0.00,"89,928.79"
ID13974,25-Mar-2026,ATM Withdrawal,0.00,926.64,"8,968.96"
ID13974,26-Jan-2026,Interest,74.45,0.00,"89,053.40"
ID13974,04-Mar-2026,Transfer,701.27,0.00,"2,294.77"
ID13974,12-Jan-2026,Transfer,"1,479.16",0.00,"90,722.30"
ID13974,11-Mar-2026,Payment,806.73,0.00,"14,201.37"
ID13974,22-Feb-2026,Direct Deposit,"2,449.75",0.00,"34,751.39"
ID13974,23-Jan-2026,Payment,0.00,401.27,"94,016.53"
ID13974,04-Mar-2026,Direct Deposit,"4,143.71",0.00,"54,468.69"
ID13975,10-Mar-2026,Reversal,"1,864.30",0.00,"55,679.71"
ID13975,23-Jan-2026,Direct Deposit,"3,788.79",0.00,"17,153.90"
ID13975,10-Jan-2026,Payment,0.00,349.74,"77,542.02"
ID13975,04-Mar-2026,Reversal,0.00,324.32,"47,045.57"
ID13975,08-Feb-2026,ATM Withdrawal,0.00,998.54,"48,993.66"
ID13975,26-Feb-2026,Charge,0.00,193.80,"89,974.39"
ID13975,02-Apr-2026,Payment,380.70,0.00,"3,424.30"
ID13975,02-Mar-2026,Debit Card,0.00,980.22,"41,891.44"
ID13975,18-Mar-2026,ATM Withdrawal,0.00,324.38,"35,539.78"
ID13975,31-Mar-2026,Direct Deposit,"4,799.10",0.00,"25,188.19"
ID13975,09-Mar-2026,Debit Card,0.00,813.38,"61,959.73"
ID13975,28-Mar-2026,Direct Deposit,"4,276.66",0.00,"98,203.71"
ID13975,02-Mar-2026,Reversal,0.00,"1,060.07","14,628.11"
ID13975,31-Mar-2026,Debit Card,0.00,338.04,"34,464.95"
ID13975,17-Feb-2026,Interest,456.95,0.00,"59,264.01"
ID13975,17-Feb-2026,Payment,572.46,0.00,"22,029.21"
ID13975,27-Jan-2026,Transfer,415.72,0.00,"66,526.97"
ID13975,10-Mar-2026,Interest,441.77,0.00,"6,760.98"
ID13975,14-Jan-2026,Payment,558.11,0.00,"7,120.93"
ID13975,23-Jan-2026,Direct Deposit,845.22,0.00,"4,895.33"
ID13976,18-Jan-2026,Charge,0.00,847.44,"27,079.93"
ID13976,23-Feb-2026,Debit Card,0.00,564.27,"34,549.57"
ID13976,04-Mar-2026,ATM Withdrawal,0.00,163.76,"36,512.35"
ID13976,13-Feb-2026,Charge,0.00,888.23,"52,926.60"
ID13976,05-Feb-2026,Direct Deposit,901.23,0.00,"99,181.26"
ID13976,25-Mar-2026,Charge,0.00,929.72,"55,221.09"
ID13976,16-Feb-2026,Charge,0.00,713.36,"63,300.10"
ID13976,11-Mar-2026,Interest,87.75,0.00,"88,957.89"
ID13976,28-Jan-2026,Interest,469.36,0.00,"36,009.29"
ID13976,28-Mar-2026,Charge,0.00,665.61,"33,702.39"
ID13976,03-Mar-2026,Reversal,772.23,0.00,"20,794.76"
ID13976,03-Apr-2026,Debit Card,0.00,411.60,"48,803.54"
ID13976,04-Feb-2026,Charge,0.00,607.57,"35,644.43"
ID13976,16-Jan-2026,Transfer,0.00,"1,346.85","59,726.36"
ID13976,01-Apr-2026,Transfer,844.20,0.00,"24,773.03"
ID13976,26-Feb-2026,Direct Deposit,"3,800.75",0.00,"42,697.57"
ID13976,20-Mar-2026,ATM Withdrawal,0.00,219.81,"64,003.65"
ID13976,20-Mar-2026,ATM Withdrawal,0.00,302.56,"91,104.01"
ID13976,31-Jan-2026,Direct Deposit,"1,339.99",0.00,"58,030.48"
ID13976,22-Mar-2026,Charge,0.00,168.63,"45,912.77"
ID13977,28-Jan-2026,Debit Card,0.00,860.19,"67,182.27"
ID13977,12-Mar-2026,Payment,278.24,0.00,"86,939.53"
ID13977,06-Mar-2026,ATM Withdrawal,0.00,865.95,"82,067.58"
ID13977,21-Mar-2026,Interest,178.20,0.00,"81,196.28"
ID13977,01-Apr-2026,Direct Deposit,"3,168.99",0.00,"5,830.55"
ID13977,13-Feb-2026,Debit Card,0.00,708.33,"40,566.08"
ID13977,25-Jan-2026,Direct Deposit,"3,205.24",0.00,"1,542.88"
ID13977,26-Jan-2026,Interest,74.57,0.00,"96,479.88"
ID13977,06-Mar-2026,Reversal,753.25,0.00,"38,154.06"
ID13977,29-Mar-2026,Transfer,0.00,290.61,"36,803.98"
ID13977,26-Feb-2026,Transfer,0.00,486.93,"46,845.13"
ID13977,16-Mar-2026,Charge,0.00,378.72,"6,501.03"
ID13977,18-Jan-2026,Debit Card,0.00,646.26,"67,150.02"
ID13977,29-Jan-2026,Debit Card,0.00,926.78,"80,017.12"
ID13977,10-Feb-2026,Direct Deposit,"4,061.65",0.00,"60,147.50"
ID13977,28-Jan-2026,Direct Deposit,"4,926.76",0.00,"45,348.94"
ID13977,16-Feb-2026,Payment,687.41,0.00,"33,090.57"
ID13977,30-Jan-2026,ATM Withdrawal,0.00,99.84,"62,294.06"
ID13977,03-Feb-2026,Interest,83.81,0.00,"88,917.04"
ID13977,22-Jan-2026,Debit Card,0.00,458.13,"3,208.96"
ID13978,27-Mar-2026,Direct Deposit,"2,302.72",0.00,"43,041.67"
ID13978,16-Mar-2026,Reversal,0.00,747.00,"82,711.28"
ID13978,16-Mar-2026,Charge,0.00,461.59,"97,551.49"
ID13978,07-Feb-2026,Direct Deposit,"3,548.80",0.00,"8,227.38"
ID13978,19-Mar-2026,Reversal,543.59,0.00,"60,754.93"
ID13978,28-Feb-2026,Debit Card,0.00,870.52,"81,493.99"
ID13978,25-Feb-2026,Payment,249.94,0.00,"54,610.74"
ID13978,31-Mar-2026,Payment,0.00,"1,236.50","31,136.21"
ID13978,22-Feb-2026,Interest,35.11,0.00,"58,367.47"
ID13978,13-Mar-2026,Transfer,0.00,268.03,"61,383.41"
ID13978,14-Mar-2026,Direct Deposit,"2,890.11",0.00,"33,381.27"
ID13978,04-Feb-2026,Debit Card,0.00,874.37,"64,893.95"
ID13978,11-Feb-2026,Charge,0.00,363.86,"65,126.33"
ID13978,01-Feb-2026,Direct Deposit,"3,198.68",0.00,"90,783.71"
ID13978,06-Jan-2026,ATM Withdrawal,0.00,157.46,"44,301.53"
ID13978,21-Mar-2026,Charge,0.00,896.98,"5,104.71"
ID13978,24-Mar-2026,Direct Deposit,"2,930.15",0.00,"52,267.48"
ID13978,20-Jan-2026,Transfer,0.00,730.46,"77,150.41"
ID13978,24-Mar-2026,ATM Withdrawal,0.00,638.49,"63,738.55"
ID13978,22-Feb-2026,Direct Deposit,"4,700.96",0.00,"77,496.43"
ID13979,02-Mar-2026,Debit Card,0.00,329.79,"59,824.47"
ID13979,28-Jan-2026,Charge,0.00,142.51,"34,603.95"
ID13979,15-Jan-2026,Payment,861.80,0.00,"73,763.42"
ID13979,01-Mar-2026,Debit Card,0.00,921.23,"99,979.15"
ID13979,22-Mar-2026,Debit Card,0.00,430.42,"80,584.17"
ID13979,01-Mar-2026,Direct Deposit,930.68,0.00,"43,254.33"
ID13979,27-Jan-2026,Direct Deposit,"1,707.94",0.00,"5,833.25"
ID13979,07-Jan-2026,Payment,0.00,"1,078.46","42,465.49"
ID13979,06-Jan-2026,Charge,0.00,195.78,"73,440.61"
ID13979,02-Mar-2026,Reversal,0.00,801.67,"59,195.23"
ID13979,20-Feb-2026,ATM Withdrawal,0.00,658.68,"36,729.22"
ID13979,21-Feb-2026,Payment,"1,355.41",0.00,"79,093.58"
ID13979,13-Feb-2026,Transfer,0.00,947.13,"63,581.81"
ID13979,10-Feb-2026,Payment,0.00,"1,405.57","52,774.14"
ID13979,24-Mar-2026,Debit Card,0.00,120.44,"8,280.83"
ID13979,02-Mar-2026,Charge,0.00,578.44,"68,024.37"
ID13979,03-Apr-2026,Direct Deposit,"1,550.86",0.00,"37,100.10"
ID13979,23-Feb-2026,ATM Withdrawal,0.00,806.14,"32,260.07"
ID13979,24-Jan-2026,Interest,371.11,0.00,"33,003.62"
ID13979,02-Mar-2026,Interest,451.18,0.00,"23,579.16"
ID13980,12-Jan-2026,Payment,"1,807.04",0.00,"41,657.22"
ID13980,15-Feb-2026,Direct Deposit,"3,176.29",0.00,"2,615.49"
ID13980,20-Mar-2026,Direct Deposit,"1,154.24",0.00,"51,047.94"
ID13980,23-Feb-2026,Debit Card,0.00,588.36,"84,508.57"
ID13980,22-Feb-2026,Charge,0.00,693.87,"48,360.28"
ID13980,11-Mar-2026,Transfer,0.00,"1,459.25","44,398.90"
ID13980,07-Mar-2026,Charge,0.00,117.32,"88,780.37"
ID13980,11-Mar-2026,ATM Withdrawal,0.00,867.02,"45,099.63"
ID13980,18-Jan-2026,ATM Withdrawal,0.00,865.83,"46,636.11"
ID13980,04-Jan-2026,Direct Deposit,"3,912.82",0.00,"40,847.74"
ID13980,05-Mar-2026,Transfer,0.00,"1,328.50","4,098.83"
ID13980,27-Jan-2026,Charge,0.00,701.50,"49,081.20"
ID13980,09-Jan-2026,Transfer,"1,780.19",0.00,"95,684.21"
ID13980,24-Mar-2026,ATM Withdrawal,0.00,688.64,"7,084.03"
ID13980,03-Jan-2026,Payment,"1,343.83",0.00,"6,038.70"
ID13980,01-Feb-2026,Reversal,"1,059.49",0.00,"65,035.61"
ID13980,16-Mar-2026,ATM Withdrawal,0.00,861.46,"1,361.13"
ID13980,21-Jan-2026,Charge,0.00,64.09,"87,819.21"
ID13980,03-Feb-2026,Reversal,0.00,816.07,"38,450.18"
ID13980,30-Mar-2026,ATM Withdrawal,0.00,943.14,"97,585.21"
ID13981,11-Jan-2026,Direct Deposit,"2,864.02",0.00,"52,364.88"
ID13981,06-Mar-2026,Debit Card,0.00,415.15,"38,250.13"
ID13981,05-Feb-2026,Debit Card,0.00,455.25,"85,890.66"
ID13981,14-Mar-2026,Reversal,0.00,867.87,"86,116.85"
ID13981,26-Jan-2026,Reversal,"1,929.75",0.00,"45,432.24"
ID13981,23-Jan-2026,Charge,0.00,552.60,"17,922.19"
ID13981,19-Feb-2026,Transfer,412.47,0.00,"56,415.86"
ID13981,04-Jan-2026,ATM Withdrawal,0.00,828.10,"4,530.61"
ID13981,01-Mar-2026,Direct Deposit,"1,686.47",0.00,"2,336.26"
ID13981,29-Jan-2026,Charge,0.00,177.20,"90,635.11"
ID13981,26-Jan-2026,Debit Card,0.00,399.66,"83,740.90"
ID13981,20-Feb-2026,Transfer,0.00,969.24,"83,826.85"
ID13981,14-Mar-2026,Interest,234.28,0.00,"92,281.17"
ID13981,25-Feb-2026,Payment,0.00,756.29,"43,598.79"
ID13981,05-Feb-2026,Payment,0.00,248.55,"88,711.33"
ID13981,15-Jan-2026,Debit Card,0.00,151.15,"8,145.28"
ID13981,15-Jan-2026,Payment,293.98,0.00,"27,183.80"
ID13981,08-Feb-2026,Transfer,0.00,"1,211.20","1,541.76"
ID13981,22-Feb-2026,Charge,0.00,201.92,"67,750.81"
ID13981,11-Mar-2026,Interest,69.85,0.00,"62,892.51"
ID13982,18-Feb-2026,Direct Deposit,513.12,0.00,"44,665.22"
ID13982,22-Jan-2026,Debit Card,0.00,354.97,"5,055.88"
ID13982,27-Mar-2026,ATM Withdrawal,0.00,696.75,"58,185.13"
ID13982,11-Jan-2026,Payment,0.00,963.50,"14,651.02"
ID13982,24-Feb-2026,Charge,0.00,626.14,"77,754.39"
ID13982,28-Jan-2026,Debit Card,0.00,505.64,"6,575.90"
ID13982,22-Jan-2026,Interest,228.78,0.00,"64,290.63"
ID13982,01-Apr-2026,Direct Deposit,"4,543.39",0.00,"24,626.16"
ID13982,28-Mar-2026,Payment,847.04,0.00,"61,269.08"
ID13982,04-Mar-2026,Interest,98.74,0.00,"21,325.41"
ID13982,18-Mar-2026,Transfer,0.00,50.96,"65,515.84"
ID13982,02-Feb-2026,ATM Withdrawal,0.00,532.76,"82,653.02"
ID13982,10-Mar-2026,Charge,0.00,67.48,"43,137.03"
ID13982,11-Jan-2026,Charge,0.00,22.79,"89,622.71"
ID13982,26-Jan-2026,Transfer,0.00,555.33,"53,929.70"
ID13982,13-Mar-2026,ATM Withdrawal,0.00,129.95,"50,885.64"
ID13982,12-Feb-2026,ATM Withdrawal,0.00,892.22,"99,939.83"
ID13982,18-Mar-2026,Reversal,0.00,90.91,"38,302.58"
ID13982,19-Jan-2026,Reversal,0.00,949.63,"91,211.16"
ID13982,28-Mar-2026,Debit Card,0.00,522.85,"98,353.88"
ID13983,03-Jan-2026,Charge,0.00,585.13,"30,618.89"
ID13983,05-Mar-2026,Direct Deposit,"3,493.19",0.00,"88,849.84"
ID13983,12-Feb-2026,Charge,0.00,805.35,"73,703.47"
ID13983,23-Feb-2026,Charge,0.00,772.25,"34,874.49"
ID13983,26-Feb-2026,Transfer,"1,535.26",0.00,"57,354.02"
ID13983,03-Mar-2026,Direct Deposit,"4,310.51",0.00,"6,830.10"
ID13983,03-Feb-2026,Reversal,0.00,"1,183.33","93,282.92"
ID13983,10-Mar-2026,Debit Card,0.00,122.37,"12,804.99"
ID13983,06-Feb-2026,Direct Deposit,"4,700.71",0.00,"68,514.20"
ID13983,20-Mar-2026,Reversal,0.00,990.99,"73,255.08"
ID13983,11-Feb-2026,Payment,719.54,0.00,"41,439.23"
ID13983,12-Feb-2026,ATM Withdrawal,0.00,987.02,"33,114.12"
ID13983,04-Feb-2026,Payment,728.60,0.00,"73,704.09"
ID13983,03-Apr-2026,Transfer,0.00,931.66,"39,291.07"
ID13983,23-Mar-2026,Payment,0.00,"1,249.64","31,660.81"
ID13983,02-Mar-2026,Transfer,0.00,"1,380.97","7,422.64"
ID13983,03-Feb-2026,Transfer,"1,466.66",0.00,"76,827.79"
ID13983,11-Mar-2026,Charge,0.00,626.36,"45,032.29"
ID13983,03-Feb-2026,Payment,0.00,583.04,"9,318.27"
ID13983,04-Feb-2026,ATM Withdrawal,0.00,319.61,"89,262.37"
ID13984,29-Mar-2026,Payment,568.15,0.00,"77,203.43"
ID13984,16-Mar-2026,Direct Deposit,"2,287.70",0.00,"85,822.69"
ID13984,03-Jan-2026,Debit Card,0.00,449.71,"82,038.17"
ID13984,28-Mar-2026,Direct Deposit,"3,688.73",0.00,"8,002.62"
ID13984,12-Feb-2026,ATM Withdrawal,0.00,817.12,"58,447.13"
ID13984,15-Mar-2026,Reversal,0.00,479.05,"92,678.33"
ID13984,12-Mar-2026,Direct Deposit,"2,520.99",0.00,"30,465.31"
ID13984,28-Feb-2026,Interest,59.83,0.00,"47,517.18"
ID13984,25-Mar-2026,Reversal,823.23,0.00,"1,508.42"
ID13984,12-Mar-2026,Charge,0.00,43.14,"97,277.60"
ID13984,08-Feb-2026,Transfer,0.00,180.12,"98,462.63"
ID13984,27-Mar-2026,Interest,406.34,0.00,"7,006.98"
ID13984,02-Mar-2026,Charge,0.00,523.54,"80,983.47"
ID13984,26-Mar-2026,Transfer,0.00,"1,328.46","85,947.99"
ID13984,13-Jan-2026,Debit Card,0.00,89.52,"28,031.80"
ID13984,02-Feb-2026,Debit Card,0.00,258.21,"51,659.37"
ID13984,27-Feb-2026,Charge,0.00,987.36,"88,957.32"
ID13984,05-Mar-2026,Charge,0.00,716.13,"11,616.93"
ID13984,25-Mar-2026,Charge,0.00,407.57,"18,672.50"
ID13984,30-Jan-2026,Transfer,0.00,940.26,"32,781.58"
ID13985,10-Jan-2026,ATM Withdrawal,0.00,238.75,"96,911.68"
ID13985,19-Feb-2026,Interest,235.33,0.00,"15,766.48"
ID13985,10-Jan-2026,Transfer,349.57,0.00,"19,413.00"
ID13985,24-Mar-2026,Payment,0.00,254.31,"71,438.07"
ID13985,27-Jan-2026,Payment,"1,247.50",0.00,"45,066.37"
ID13985,19-Mar-2026,Debit Card,0.00,794.96,"43,518.34"
ID13985,12-Feb-2026,Reversal,0.00,377.08,"29,366.01"
ID13985,16-Feb-2026,Reversal,0.00,324.15,"67,319.13"
ID13985,01-Feb-2026,Charge,0.00,965.34,"66,060.73"
ID13985,03-Feb-2026,Debit Card,0.00,250.71,"26,367.48"
ID13985,05-Jan-2026,Direct Deposit,"1,744.83",0.00,"52,821.03"
ID13985,23-Mar-2026,Charge,0.00,489.76,"76,811.42"
ID13985,13-Mar-2026,Debit Card,0.00,126.25,"75,026.36"
ID13985,27-Feb-2026,Reversal,0.00,686.21,"66,841.79"
ID13985,18-Mar-2026,Interest,358.69,0.00,"8,513.36"
ID13985,12-Feb-2026,ATM Withdrawal,0.00,473.35,"78,406.85"
ID13985,08-Jan-2026,ATM Withdrawal,0.00,254.46,"82,018.05"
ID13985,16-Jan-2026,ATM Withdrawal,0.00,728.01,"57,090.52"
ID13985,04-Jan-2026,Charge,0.00,417.52,"1,526.28"
ID13985,11-Jan-2026,Interest,182.04,0.00,"59,699.01"
ID13986,19-Feb-2026,Transfer,0.00,87.65,"12,536.35"
ID13986,21-Feb-2026,Payment,"1,999.78",0.00,"89,498.54"
ID13986,24-Mar-2026,Payment,0.00,260.05,"39,177.60"
ID13986,18-Feb-2026,Interest,123.84,0.00,"10,623.56"
ID13986,23-Mar-2026,ATM Withdrawal,0.00,636.94,"31,891.51"
ID13986,27-Mar-2026,Debit Card,0.00,481.26,"24,352.99"
ID13986,13-Jan-2026,Interest,483.59,0.00,"60,000.17"
ID13986,13-Jan-2026,Charge,0.00,143.27,"27,640.92"
ID13986,03-Feb-2026,Debit Card,0.00,153.82,"20,355.46"
ID13986,09-Jan-2026,Debit Card,0.00,805.66,"66,146.27"
ID13986,07-Feb-2026,Payment,"1,054.46",0.00,"66,640.21"
ID13986,03-Feb-2026,Direct Deposit,"3,148.23",0.00,"9,025.95"
ID13986,25-Mar-2026,Debit Card,0.00,332.99,"34,716.95"
ID13986,26-Mar-2026,Reversal,402.72,0.00,"72,189.84"
ID13986,24-Feb-2026,Debit Card,0.00,851.34,"30,377.63"
ID13986,03-Feb-2026,Reversal,"1,774.33",0.00,"24,434.15"
ID13986,01-Feb-2026,Reversal,0.00,"1,140.12","71,461.46"
ID13986,13-Mar-2026,Direct Deposit,"4,375.01",0.00,"24,720.16"
ID13986,13-Mar-2026,ATM Withdrawal,0.00,240.24,"53,476.95"
ID13986,20-Mar-2026,Direct Deposit,"3,587.97",0.00,"35,017.30"
ID13987,07-Jan-2026,Direct Deposit,702.28,0.00,"98,079.14"
ID13987,26-Jan-2026,Payment,"1,617.32",0.00,"28,316.28"
ID13987,08-Mar-2026,Transfer,0.00,180.11,"73,484.17"
ID13987,19-Mar-2026,Debit Card,0.00,185.59,"46,153.41"
ID13987,20-Jan-2026,Debit Card,0.00,457.35,"18,299.76"
ID13987,25-Feb-2026,Debit Card,0.00,933.97,"76,475.11"
ID13987,16-Jan-2026,Interest,64.62,0.00,"89,830.17"
ID13987,05-Mar-2026,Direct Deposit,"3,387.81",0.00,"63,436.29"
ID13987,10-Jan-2026,Direct Deposit,"2,636.52",0.00,"33,084.92"
ID13987,11-Feb-2026,Payment,961.01,0.00,"24,035.86"
ID13987,11-Mar-2026,Interest,240.01,0.00,"11,352.57"
ID13987,07-Mar-2026,Payment,"1,273.40",0.00,"79,818.27"
ID13987,25-Feb-2026,Charge,0.00,781.63,"82,318.30"
ID13987,03-Jan-2026,Interest,421.24,0.00,"49,878.26"
ID13987,28-Jan-2026,Payment,0.00,822.15,"47,482.08"
ID13987,30-Mar-2026,Transfer,0.00,282.61,"65,124.20"
ID13987,18-Mar-2026,Interest,223.09,0.00,"46,821.11"
ID13987,01-Apr-2026,Payment,"1,460.94",0.00,"67,334.37"
ID13987,01-Mar-2026,ATM Withdrawal,0.00,858.85,"60,513.93"
ID13987,29-Jan-2026,ATM Withdrawal,0.00,533.69,"81,565.32"
ID13988,18-Jan-2026,Debit Card,0.00,591.26,"57,690.26"
ID13988,11-Mar-2026,Debit Card,0.00,898.89,"6,162.12"
ID13988,24-Jan-2026,Direct Deposit,"3,497.01",0.00,"34,529.84"
ID13988,14-Jan-2026,Payment,0.00,682.72,"65,628.76"
ID13988,05-Jan-2026,Payment,0.00,"1,465.38","49,660.19"
ID13988,24-Feb-2026,Direct Deposit,"2,552.78",0.00,"93,945.42"
ID13988,30-Mar-2026,Transfer,0.00,298.50,"63,216.15"
ID13988,05-Mar-2026,Reversal,808.57,0.00,"30,400.62"
ID13988,12-Feb-2026,Charge,0.00,896.67,"39,747.85"
ID13988,15-Feb-2026,Direct Deposit,748.85,0.00,"36,072.87"
ID13988,30-Mar-2026,Payment,"1,371.17",0.00,"62,980.94"
ID13988,28-Jan-2026,Payment,0.00,"1,121.89","60,798.00"
ID13988,25-Mar-2026,Payment,"1,418.82",0.00,"95,868.75"
ID13988,30-Jan-2026,Reversal,229.54,0.00,"23,373.52"
ID13988,18-Jan-2026,ATM Withdrawal,0.00,677.84,"76,149.56"
ID13988,07-Jan-2026,Transfer,671.52,0.00,"11,576.36"
ID13988,24-Mar-2026,Direct Deposit,"2,930.67",0.00,"34,471.33"
ID13988,13-Mar-2026,Charge,0.00,530.85,"18,257.46"
ID13988,26-Jan-2026,Interest,62.43,0.00,"58,461.95"
ID13988,03-Apr-2026,Interest,259.96,0.00,"31,753.74"
ID13989,15-Jan-2026,ATM Withdrawal,0.00,292.32,"51,220.01"
ID13989,29-Mar-2026,Transfer,171.90,0.00,"41,112.76"
ID13989,30-Mar-2026,Charge,0.00,582.31,"80,543.16"
ID13989,30-Jan-2026,Payment,530.94,0.00,"25,233.40"
ID13989,25-Feb-2026,Reversal,"1,400.06",0.00,"66,386.40"
ID13989,23-Mar-2026,Charge,0.00,555.25,"22,471.59"
ID13989,23-Feb-2026,Reversal,0.00,"1,160.56","24,818.80"
ID13989,14-Mar-2026,Direct Deposit,"1,334.00",0.00,"96,317.92"
ID13989,03-Jan-2026,Interest,172.20,0.00,"32,915.41"
ID13989,17-Feb-2026,Charge,0.00,282.62,"83,991.47"
ID13989,08-Jan-2026,Debit Card,0.00,702.37,"47,232.50"
ID13989,27-Jan-2026,Interest,170.91,0.00,"13,087.18"
ID13989,24-Mar-2026,Reversal,177.17,0.00,"44,720.84"
ID13989,17-Feb-2026,Transfer,193.99,0.00,"81,347.00"
ID13989,13-Mar-2026,Transfer,"1,233.30",0.00,"39,525.63"
ID13989,10-Feb-2026,Payment,0.00,"1,304.67","18,144.00"
ID13989,05-Jan-2026,ATM Withdrawal,0.00,758.37,"31,760.72"
ID13989,21-Mar-2026,Reversal,"1,751.85",0.00,"63,728.02"
ID13989,19-Mar-2026,Debit Card,0.00,428.49,"98,847.81"
ID13989,19-Jan-2026,Transfer,0.00,"1,215.92","85,195.07"
ID13990,24-Feb-2026,ATM Withdrawal,0.00,355.78,"98,336.08"
ID13990,01-Feb-2026,Direct Deposit,"2,634.41",0.00,"57,508.23"
ID13990,17-Mar-2026,Debit Card,0.00,105.33,"19,358.48"
ID13990,26-Jan-2026,ATM Withdrawal,0.00,792.96,"79,988.78"
ID13990,28-Feb-2026,ATM Withdrawal,0.00,561.70,"15,970.96"
ID13990,30-Mar-2026,Direct Deposit,"3,446.86",0.00,"35,131.82"
ID13990,31-Mar-2026,Debit Card,0.00,24.40,"80,795.29"
ID13990,03-Feb-2026,Payment,0.00,279.59,"63,210.22"
ID13990,22-Mar-2026,Payment,0.00,"1,258.20","14,362.18"
ID13990,23-Feb-2026,Transfer,0.00,"1,374.67","77,962.59"
ID13990,06-Mar-2026,Interest,169.27,0.00,"47,746.17"
ID13990,17-Jan-2026,Reversal,"1,913.29",0.00,"17,989.08"
ID13990,12-Jan-2026,ATM Withdrawal,0.00,129.13,"12,708.88"
ID13990,19-Jan-2026,Interest,359.27,0.00,"10,740.51"
ID13990,10-Jan-2026,Debit Card,0.00,816.50,"83,182.37"
ID13990,16-Feb-2026,ATM Withdrawal,0.00,983.95,"22,136.16"
ID13990,07-Feb-2026,Transfer,0.00,809.46,"12,691.56"
ID13990,22-Mar-2026,Transfer,0.00,904.24,"2,797.84"
ID13990,04-Mar-2026,Payment,0.00,"1,293.93","15,054.78"
ID13990,29-Mar-2026,Transfer,"1,135.37",0.00,"85,217.75"
ID13991,14-Jan-2026,Charge,0.00,174.08,"6,366.63"
ID13991,04-Mar-2026,Transfer,446.21,0.00,"42,601.77"
ID13991,17-Feb-2026,Interest,300.90,0.00,"97,838.10"
ID13991,18-Feb-2026,Charge,0.00,924.81,"70,987.20"
ID13991,01-Mar-2026,Transfer,0.00,629.53,"26,084.50"
ID13991,07-Mar-2026,Transfer,523.06,0.00,"94,278.83"
ID13991,08-Feb-2026,Direct Deposit,"3,072.53",0.00,"21,277.52"
ID13991,26-Jan-2026,Reversal,575.27,0.00,"68,731.43"
ID13991,11-Jan-2026,Transfer,0.00,"1,204.78","39,630.66"
ID13991,05-Feb-2026,Direct Deposit,"4,305.42",0.00,"54,460.27"
ID13991,18-Jan-2026,Debit Card,0.00,439.01,"56,506.73"
ID13991,03-Feb-2026,Transfer,0.00,339.73,"45,702.38"
ID13991,03-Mar-2026,Transfer,406.24,0.00,"94,024.85"
ID13991,16-Jan-2026,Charge,0.00,366.08,"38,396.11"
ID13991,07-Feb-2026,Transfer,350.75,0.00,"23,819.14"
ID13991,02-Feb-2026,Debit Card,0.00,640.78,"51,989.42"
ID13991,20-Feb-2026,Reversal,0.00,987.64,"58,066.17"
ID13991,07-Jan-2026,Charge,0.00,901.90,"66,102.24"
ID13991,07-Mar-2026,Reversal,"1,431.63",0.00,"43,255.73"
ID13991,06-Jan-2026,Interest,129.20,0.00,"20,593.58"
ID13992,24-Mar-2026,Debit Card,0.00,747.72,"31,365.34"
ID13992,11-Mar-2026,Charge,0.00,825.46,"94,155.17"
ID13992,05-Jan-2026,Interest,380.13,0.00,"53,620.03"
ID13992,16-Mar-2026,Payment,227.45,0.00,"80,541.83"
ID13992,02-Mar-2026,Direct Deposit,"2,940.90",0.00,"71,039.61"
ID13992,26-Feb-2026,Charge,0.00,527.29,"73,423.99"
ID13992,28-Feb-2026,Direct Deposit,"4,257.55",0.00,"62,879.70"
ID13992,05-Jan-2026,Transfer,912.15,0.00,"43,294.41"
ID13992,14-Feb-2026,ATM Withdrawal,0.00,969.49,"53,276.68"
ID13992,25-Jan-2026,Payment,0.00,413.55,"33,084.54"
ID13992,29-Jan-2026,ATM Withdrawal,0.00,418.32,"72,646.90"
ID13992,05-Jan-2026,Transfer,0.00,448.78,"29,057.12"
ID13992,04-Jan-2026,Direct Deposit,"2,194.44",0.00,"75,945.71"
ID13992,21-Feb-2026,Charge,0.00,305.95,"64,835.58"
ID13992,09-Jan-2026,Interest,254.16,0.00,"94,264.40"
ID13992,13-Feb-2026,Transfer,0.00,888.87,"14,374.24"
ID13992,16-Mar-2026,Interest,464.28,0.00,"95,310.51"
ID13992,12-Feb-2026,Reversal,"1,825.13",0.00,"21,815.08"
ID13992,26-Mar-2026,ATM Withdrawal,0.00,267.32,"94,497.75"
ID13992,13-Mar-2026,Payment,0.00,61.12,"32,430.52"
ID13993,08-Jan-2026,Payment,277.79,0.00,"87,357.79"
ID13993,19-Mar-2026,ATM Withdrawal,0.00,208.63,"94,654.21"
ID13993,25-Jan-2026,Direct Deposit,"1,868.84",0.00,"46,676.86"
ID13993,03-Apr-2026,Reversal,0.00,300.38,"22,497.87"
ID13993,29-Mar-2026,ATM Withdrawal,0.00,328.09,"56,752.57"
ID13993,25-Feb-2026,Transfer,0.00,979.58,"65,012.32"
ID13993,22-Feb-2026,Transfer,"1,334.02",0.00,"11,910.13"
ID13993,06-Feb-2026,Interest,248.22,0.00,"23,607.89"
ID13993,16-Feb-2026,Interest,360.16,0.00,"26,265.89"
ID13993,24-Mar-2026,Reversal,0.00,846.43,"61,081.14"
ID13993,30-Mar-2026,Charge,0.00,269.64,"2,250.96"
ID13993,30-Jan-2026,Payment,0.00,"1,125.39","39,327.31"
ID13993,11-Jan-2026,Debit Card,0.00,266.78,"68,028.43"
ID13993,24-Jan-2026,Debit Card,0.00,103.50,"1,102.02"
ID13993,18-Jan-2026,Reversal,"1,613.61",0.00,"72,749.01"
ID13993,23-Mar-2026,Payment,934.57,0.00,"71,767.05"
ID13993,16-Mar-2026,Transfer,689.58,0.00,"82,489.29"
ID13993,10-Jan-2026,Direct Deposit,"2,635.02",0.00,"31,206.45"
ID13993,15-Jan-2026,Transfer,732.64,0.00,"24,712.33"
ID13993,03-Mar-2026,Direct Deposit,872.99,0.00,"42,607.88"
ID13994,01-Feb-2026,Debit Card,0.00,258.84,"86,710.59"
ID13994,20-Mar-2026,Charge,0.00,470.53,"62,831.76"
ID13994,24-Mar-2026,Interest,73.33,0.00,"83,672.26"
ID13994,31-Jan-2026,Payment,519.06,0.00,"49,146.81"
ID13994,19-Feb-2026,Debit Card,0.00,273.36,"7,239.27"
ID13994,21-Feb-2026,Direct Deposit,"1,784.27",0.00,"26,232.03"
ID13994,01-Feb-2026,Debit Card,0.00,813.77,"72,627.19"
ID13994,15-Feb-2026,ATM Withdrawal,0.00,21.63,"77,924.97"
ID13994,02-Mar-2026,Debit Card,0.00,272.11,"59,805.92"
ID13994,30-Mar-2026,Interest,36.21,0.00,"63,907.08"
ID13994,26-Jan-2026,ATM Withdrawal,0.00,306.24,"1,382.86"
ID13994,18-Jan-2026,Interest,237.14,0.00,"34,894.70"
ID13994,10-Jan-2026,Interest,131.92,0.00,"9,956.03"
ID13994,06-Mar-2026,Direct Deposit,503.22,0.00,"26,291.52"
ID13994,04-Jan-2026,Charge,0.00,200.02,"50,636.29"
ID13994,18-Jan-2026,Debit Card,0.00,896.89,"84,382.80"
ID13994,08-Feb-2026,Interest,248.77,0.00,"62,093.26"
ID13994,22-Feb-2026,Direct Deposit,"1,009.56",0.00,"75,866.34"
ID13994,14-Mar-2026,Interest,103.72,0.00,"30,575.01"
ID13994,29-Mar-2026,Charge,0.00,530.09,"81,643.29"
ID13995,06-Mar-2026,ATM Withdrawal,0.00,391.45,"56,659.15"
ID13995,04-Feb-2026,Interest,100.00,0.00,"31,409.14"
ID13995,27-Mar-2026,Payment,"1,505.14",0.00,"84,439.36"
ID13995,28-Feb-2026,ATM Withdrawal,0.00,464.54,"20,869.48"
ID13995,25-Mar-2026,Transfer,"1,491.45",0.00,"27,949.77"
ID13995,18-Jan-2026,Reversal,0.00,721.26,"21,595.02"
ID13995,29-Mar-2026,Payment,0.00,938.51,"67,482.00"
ID13995,05-Feb-2026,Payment,"1,731.70",0.00,"46,310.40"
ID13995,27-Jan-2026,Payment,"1,919.02",0.00,"45,035.44"
ID13995,29-Jan-2026,Direct Deposit,"2,935.26",0.00,"69,674.49"
ID13995,05-Mar-2026,Interest,439.78,0.00,"75,302.43"
ID13995,25-Mar-2026,Transfer,0.00,"1,302.55","64,652.03"
ID13995,12-Jan-2026,Debit Card,0.00,529.94,"92,666.04"
ID13995,25-Mar-2026,Direct Deposit,"1,683.05",0.00,"59,972.32"
ID13995,09-Jan-2026,Interest,72.53,0.00,"70,154.34"
ID13995,25-Feb-2026,Interest,402.30,0.00,"90,609.21"
ID13995,05-Feb-2026,Interest,182.67,0.00,"26,412.61"
ID13995,18-Feb-2026,Charge,0.00,281.05,"76,639.79"
ID13995,17-Jan-2026,Reversal,0.00,"1,061.00","2,405.61"
ID13995,04-Jan-2026,Transfer,"1,576.31",0.00,"23,576.61"
ID13996,24-Feb-2026,Debit Card,0.00,742.32,"4,005.77"
ID13996,05-Mar-2026,Direct Deposit,"3,878.22",0.00,"15,399.69"
ID13996,03-Apr-2026,Reversal,"1,297.94",0.00,"48,587.02"
ID13996,06-Jan-2026,Debit Card,0.00,351.41,"81,823.51"
ID13996,03-Apr-2026,Charge,0.00,738.91,"24,702.34"
ID13996,13-Mar-2026,Charge,0.00,867.84,"88,432.20"
ID13996,24-Jan-2026,Direct Deposit,"4,786.41",0.00,"87,600.73"
ID13996,02-Feb-2026,Interest,171.65,0.00,"68,318.08"
ID13996,11-Mar-2026,ATM Withdrawal,0.00,47.19,"38,200.97"
ID13996,05-Feb-2026,Reversal,0.00,967.47,"27,051.22"
ID13996,06-Feb-2026,Reversal,0.00,148.49,"31,829.47"
ID13996,13-Mar-2026,Payment,0.00,405.84,"91,239.78"
ID13996,12-Mar-2026,Direct Deposit,"4,019.70",0.00,"62,506.28"
ID13996,15-Mar-2026,Debit Card,0.00,238.56,"82,453.82"
ID13996,24-Jan-2026,Charge,0.00,677.01,"25,846.57"
ID13996,21-Feb-2026,Debit Card,0.00,983.61,"74,402.11"
ID13996,16-Feb-2026,Payment,826.70,0.00,"47,936.57"
ID13996,29-Mar-2026,Transfer,0.00,"1,470.09","51,921.71"
ID13996,14-Jan-2026,Transfer,829.50,0.00,"60,863.16"
ID13996,22-Mar-2026,Transfer,0.00,"1,446.53","28,012.60"
ID13997,03-Apr-2026,Direct Deposit,"4,788.55",0.00,"59,401.81"
ID13997,02-Feb-2026,ATM Withdrawal,0.00,151.20,"12,634.03"
ID13997,16-Jan-2026,Debit Card,0.00,105.99,"86,994.00"
ID13997,27-Feb-2026,Charge,0.00,867.19,"50,717.22"
ID13997,15-Mar-2026,Payment,0.00,142.38,"2,816.01"
ID13997,28-Feb-2026,ATM Withdrawal,0.00,193.66,"61,626.44"
ID13997,08-Jan-2026,Debit Card,0.00,151.84,"13,263.86"
ID13997,26-Feb-2026,Direct Deposit,"4,411.63",0.00,"64,448.89"
ID13997,06-Feb-2026,Debit Card,0.00,426.73,"71,490.56"
ID13997,06-Feb-2026,ATM Withdrawal,0.00,159.52,"10,403.40"
ID13997,22-Mar-2026,Transfer,0.00,"1,454.28","55,829.04"
ID13997,10-Jan-2026,Charge,0.00,22.47,"89,659.30"
ID13997,18-Jan-2026,Reversal,0.00,"1,084.72","99,294.09"
ID13997,16-Mar-2026,Reversal,0.00,177.87,"62,181.27"
ID13997,05-Mar-2026,Payment,621.59,0.00,"80,119.27"
ID13997,10-Mar-2026,Direct Deposit,"1,720.49",0.00,"83,568.37"
ID13997,14-Mar-2026,Reversal,0.00,969.25,"80,149.80"
ID13997,07-Feb-2026,Payment,0.00,447.32,"26,029.36"
ID13997,26-Jan-2026,Direct Deposit,"4,172.04",0.00,"14,673.27"
ID13997,18-Feb-2026,Charge,0.00,916.60,"59,314.52"
ID13998,28-Mar-2026,Direct Deposit,"2,203.89",0.00,"19,654.97"
ID13998,19-Feb-2026,ATM Withdrawal,0.00,107.20,"88,128.51"
ID13998,11-Mar-2026,Interest,313.18,0.00,"14,207.17"
ID13998,03-Mar-2026,Debit Card,0.00,348.70,"31,187.56"
ID13998,02-Mar-2026,Debit Card,0.00,531.85,"80,715.79"
ID13998,24-Mar-2026,ATM Withdrawal,0.00,63.40,"12,590.76"
ID13998,27-Feb-2026,Payment,814.70,0.00,"85,763.34"
ID13998,06-Jan-2026,Charge,0.00,104.97,"67,838.68"
ID13998,24-Jan-2026,Transfer,0.00,361.83,"31,050.34"
ID13998,23-Jan-2026,Reversal,"1,948.93",0.00,"36,508.84"
ID13998,28-Feb-2026,ATM Withdrawal,0.00,500.96,"67,753.25"
ID13998,26-Feb-2026,Payment,0.00,808.17,"6,093.95"
ID13998,19-Feb-2026,Direct Deposit,"2,376.94",0.00,"95,610.61"
ID13998,09-Jan-2026,Charge,0.00,220.26,"35,710.33"
ID13998,09-Jan-2026,Reversal,0.00,460.89,"45,263.37"
ID13998,15-Jan-2026,Charge,0.00,955.80,"81,178.47"
ID13998,20-Mar-2026,Reversal,"1,049.87",0.00,"40,989.91"
ID13998,10-Feb-2026,ATM Withdrawal,0.00,238.77,"50,322.44"
ID13998,29-Jan-2026,Transfer,"1,327.09",0.00,"70,636.13"
ID13998,21-Feb-2026,Interest,208.55,0.00,"60,252.83"
ID13999,09-Jan-2026,Payment,612.03,0.00,"54,895.07"
ID13999,22-Feb-2026,ATM Withdrawal,0.00,800.64,"57,056.71"
ID13999,18-Feb-2026,Charge,0.00,688.48,"34,239.95"
ID13999,10-Feb-2026,Debit Card,0.00,792.76,"75,633.36"
ID13999,28-Jan-2026,Charge,0.00,104.48,"54,095.97"
ID13999,09-Jan-2026,Interest,208.97,0.00,"71,229.71"
ID13999,16-Mar-2026,Payment,926.17,0.00,"20,568.37"
ID13999,04-Mar-2026,Reversal,520.18,0.00,"38,185.53"
ID13999,17-Feb-2026,Payment,"1,628.13",0.00,"55,344.76"
ID13999,17-Jan-2026,Transfer,0.00,"1,071.42","46,310.65"
ID13999,25-Jan-2026,Payment,0.00,218.95,"9,029.62"
ID13999,18-Feb-2026,Debit Card,0.00,481.17,"93,641.58"
ID13999,16-Jan-2026,Debit Card,0.00,153.10,"1,608.98"
ID13999,21-Mar-2026,ATM Withdrawal,0.00,490.11,"64,092.71"
ID13999,16-Mar-2026,ATM Withdrawal,0.00,783.76,"89,019.92"
ID13999,05-Mar-2026,Charge,0.00,558.71,"46,137.85"
ID13999,15-Feb-2026,Transfer,0.00,"1,483.49","45,227.19"
ID13999,17-Feb-2026,Payment,0.00,687.54,"74,438.01"
ID13999,30-Jan-2026,Direct Deposit,"4,956.58",0.00,"85,444.31"
ID13999,23-Mar-2026,Payment,518.53,0.00,"37,963.58"
