customer_id,Date,Description,Deposits,Withdrawls,Balance
ID13500,05-Feb-2026,Charge,0.00,363.02,"34,844.55"
ID13500,01-Feb-2026,Transfer,"1,590.03",0.00,"42,717.68"
ID13500,30-Jan-2026,ATM Withdrawal,0.00,504.73,"96,590.77"
ID13500,14-Jan-2026,Direct Deposit,"4,160.17",0.00,"53,144.87"
ID13500,14-Feb-2026,Reversal,578.12,0.00,"18,985.72"
ID13500,10-Mar-2026,Reversal,317.17,0.00,"24,176.25"
ID13500,09-Jan-2026,Reversal,"1,865.90",0.00,"59,380.30"
ID13500,04-Mar-2026,Transfer,550.94,0.00,"28,774.19"
ID13500,30-Jan-2026,Debit Card,0.00,906.90,"30,066.10"
ID13500,11-Feb-2026,Reversal,706.48,0.00,"86,043.26"
ID13500,03-Feb-2026,Charge,0.00,465.94,"36,251.79"
ID13500,20-Mar-2026,Debit Card,0.00,935.60,"88,154.91"
ID13500,28-Jan-2026,Charge,0.00,329.87,"20,465.18"
ID13500,14-Mar-2026,Reversal,0.00,459.47,"20,665.49"
ID13500,08-Mar-2026,Transfer,0.00,"1,273.88","93,547.46"
ID13500,18-Feb-2026,Debit Card,0.00,112.42,"20,628.98"
ID13500,04-Jan-2026,Debit Card,0.00,613.20,"31,024.67"
ID13500,05-Jan-2026,Charge,0.00,803.76,"36,355.54"
ID13500,19-Mar-2026,Debit Card,0.00,751.20,"22,053.09"
ID13500,09-Jan-2026,Transfer,"1,272.45",0.00,"10,546.11"
ID13501,28-Mar-2026,Payment,284.34,0.00,"95,170.24"
ID13501,21-Mar-2026,Transfer,0.00,"1,102.87","90,315.55"
ID13501,24-Mar-2026,Transfer,"1,983.14",0.00,"80,580.54"
ID13501,28-Jan-2026,ATM Withdrawal,0.00,972.05,"1,981.55"
ID13501,19-Jan-2026,Payment,"1,397.46",0.00,"99,175.60"
ID13501,01-Feb-2026,ATM Withdrawal,0.00,867.51,"21,421.67"
ID13501,19-Jan-2026,Direct Deposit,"2,311.12",0.00,"8,415.05"
ID13501,30-Mar-2026,Payment,0.00,"1,452.35","99,155.84"
ID13501,09-Feb-2026,Interest,260.73,0.00,"45,301.14"
ID13501,20-Jan-2026,Debit Card,0.00,76.32,"69,892.64"
ID13501,21-Mar-2026,ATM Withdrawal,0.00,54.81,"48,958.09"
ID13501,28-Jan-2026,Direct Deposit,"1,484.28",0.00,"89,857.87"
ID13501,25-Mar-2026,Transfer,0.00,"1,275.79","21,807.95"
ID13501,05-Mar-2026,Reversal,0.00,172.90,"97,091.23"
ID13501,01-Feb-2026,Payment,0.00,984.06,"44,722.22"
ID13501,17-Feb-2026,Transfer,0.00,"1,449.08","2,642.26"
ID13501,28-Mar-2026,Charge,0.00,894.47,"59,119.32"
ID13501,18-Mar-2026,Reversal,0.00,998.60,"90,417.22"
ID13501,18-Jan-2026,Reversal,0.00,"1,081.88","79,675.69"
ID13501,20-Jan-2026,Charge,0.00,651.42,"84,224.37"
ID13502,10-Mar-2026,Reversal,0.00,"1,460.35","33,213.48"
ID13502,17-Jan-2026,Reversal,"1,968.11",0.00,"40,417.16"
ID13502,16-Feb-2026,Interest,188.94,0.00,"55,822.57"
ID13502,04-Mar-2026,Reversal,0.00,316.89,"1,301.10"
ID13502,24-Feb-2026,Direct Deposit,"4,488.94",0.00,"69,035.40"
ID13502,06-Jan-2026,ATM Withdrawal,0.00,257.25,"14,794.97"
ID13502,04-Jan-2026,Reversal,0.00,926.76,"66,276.00"
ID13502,19-Feb-2026,Interest,327.67,0.00,"37,129.17"
ID13502,13-Mar-2026,Payment,265.45,0.00,"51,826.94"
ID13502,26-Mar-2026,Interest,395.72,0.00,"95,676.77"
ID13502,28-Jan-2026,Reversal,"1,524.66",0.00,"43,022.89"
ID13502,19-Mar-2026,ATM Withdrawal,0.00,152.07,"70,631.54"
ID13502,21-Feb-2026,Direct Deposit,"1,510.52",0.00,"76,131.98"
ID13502,20-Mar-2026,Debit Card,0.00,311.96,"22,286.23"
ID13502,22-Feb-2026,Reversal,0.00,401.17,"44,707.19"
ID13502,17-Feb-2026,Debit Card,0.00,551.02,"58,603.16"
ID13502,20-Jan-2026,Charge,0.00,334.65,"19,782.57"
ID13502,05-Mar-2026,Transfer,"1,645.32",0.00,"86,822.45"
ID13502,25-Mar-2026,Interest,119.63,0.00,"37,904.07"
ID13502,06-Jan-2026,Direct Deposit,"1,368.59",0.00,"30,162.62"
ID13503,06-Mar-2026,ATM Withdrawal,0.00,559.06,"89,459.97"
ID13503,24-Jan-2026,Reversal,0.00,230.54,"34,437.08"
ID13503,25-Feb-2026,Debit Card,0.00,211.02,"34,941.25"
ID13503,16-Feb-2026,Transfer,"1,599.84",0.00,"43,815.65"
ID13503,10-Jan-2026,Interest,37.02,0.00,"10,282.86"
ID13503,19-Mar-2026,ATM Withdrawal,0.00,194.18,"54,042.62"
ID13503,26-Feb-2026,Charge,0.00,872.23,"98,961.88"
ID13503,25-Jan-2026,Direct Deposit,"3,074.62",0.00,"9,051.01"
ID13503,13-Mar-2026,Debit Card,0.00,339.26,"64,878.77"
ID13503,14-Mar-2026,Debit Card,0.00,602.91,"82,263.32"
ID13503,05-Mar-2026,Reversal,0.00,290.76,"49,505.70"
ID13503,20-Mar-2026,Interest,162.93,0.00,"80,799.57"
ID13503,03-Apr-2026,Direct Deposit,551.22,0.00,"73,049.62"
ID13503,23-Mar-2026,ATM Withdrawal,0.00,564.02,"80,493.48"
ID13503,30-Jan-2026,Charge,0.00,593.25,"6,771.74"
ID13503,14-Mar-2026,Charge,0.00,177.84,"95,777.90"
ID13503,25-Mar-2026,Direct Deposit,"4,195.83",0.00,"12,145.18"
ID13503,29-Mar-2026,Reversal,725.17,0.00,"16,985.77"
ID13503,10-Feb-2026,Direct Deposit,627.91,0.00,"14,562.03"
ID13503,16-Mar-2026,Reversal,0.00,674.04,"43,474.53"
ID13504,05-Feb-2026,Charge,0.00,923.47,"50,490.64"
ID13504,29-Mar-2026,Reversal,0.00,"1,450.09","32,625.81"
ID13504,30-Mar-2026,Reversal,0.00,"1,099.52","25,760.65"
ID13504,28-Feb-2026,Payment,0.00,812.17,"40,806.08"
ID13504,06-Jan-2026,Reversal,"1,365.86",0.00,"74,963.35"
ID13504,21-Feb-2026,Direct Deposit,"3,387.40",0.00,"41,677.51"
ID13504,26-Mar-2026,Transfer,0.00,"1,263.39","51,310.84"
ID13504,13-Mar-2026,Debit Card,0.00,155.53,"72,923.03"
ID13504,17-Mar-2026,Payment,"1,743.16",0.00,"40,863.47"
ID13504,23-Jan-2026,Debit Card,0.00,693.03,"94,247.50"
ID13504,23-Jan-2026,Debit Card,0.00,233.93,"48,043.33"
ID13504,08-Feb-2026,Charge,0.00,819.68,"27,406.38"
ID13504,22-Jan-2026,Transfer,0.00,147.18,"5,938.62"
ID13504,21-Feb-2026,Reversal,287.44,0.00,"44,184.16"
ID13504,15-Mar-2026,Reversal,"1,199.10",0.00,"52,475.15"
ID13504,01-Feb-2026,Direct Deposit,"3,692.98",0.00,"80,582.04"
ID13504,16-Feb-2026,Charge,0.00,635.90,"96,746.61"
ID13504,27-Mar-2026,Payment,964.35,0.00,"82,868.15"
ID13504,24-Mar-2026,Debit Card,0.00,279.83,"63,781.19"
ID13504,18-Jan-2026,Interest,472.95,0.00,"42,460.28"
ID13505,15-Jan-2026,Interest,358.24,0.00,"31,010.71"
ID13505,18-Jan-2026,ATM Withdrawal,0.00,745.06,"73,382.59"
ID13505,12-Mar-2026,Payment,0.00,249.14,"52,825.68"
ID13505,02-Feb-2026,Interest,339.68,0.00,"60,745.01"
ID13505,17-Feb-2026,Interest,418.40,0.00,"60,956.41"
ID13505,01-Feb-2026,Charge,0.00,722.29,"88,575.29"
ID13505,20-Jan-2026,Debit Card,0.00,712.76,"82,276.99"
ID13505,27-Mar-2026,Debit Card,0.00,982.18,"91,392.34"
ID13505,15-Feb-2026,ATM Withdrawal,0.00,326.63,"93,525.40"
ID13505,02-Feb-2026,Transfer,0.00,"1,362.01","70,665.25"
ID13505,16-Feb-2026,Direct Deposit,"1,115.58",0.00,"65,968.39"
ID13505,05-Feb-2026,Reversal,"1,378.27",0.00,"40,248.94"
ID13505,28-Jan-2026,Debit Card,0.00,712.60,"91,335.76"
ID13505,30-Mar-2026,Transfer,"1,344.17",0.00,"70,014.41"
ID13505,05-Feb-2026,Transfer,0.00,958.16,"57,684.38"
ID13505,19-Jan-2026,Reversal,324.27,0.00,"49,857.54"
ID13505,18-Jan-2026,Reversal,0.00,"1,324.21","5,430.66"
ID13505,02-Apr-2026,Charge,0.00,364.36,"84,482.55"
ID13505,22-Feb-2026,Reversal,0.00,"1,310.49","15,071.52"
ID13505,30-Jan-2026,ATM Withdrawal,0.00,503.24,"32,734.94"
ID13506,25-Mar-2026,Payment,0.00,"1,100.45","9,492.64"
ID13506,10-Mar-2026,Transfer,513.19,0.00,"96,225.14"
ID13506,25-Jan-2026,Direct Deposit,"4,470.37",0.00,"92,406.76"
ID13506,09-Mar-2026,ATM Withdrawal,0.00,491.84,"36,250.44"
ID13506,03-Jan-2026,ATM Withdrawal,0.00,749.61,"76,917.19"
ID13506,11-Jan-2026,ATM Withdrawal,0.00,226.65,"11,530.01"
ID13506,21-Feb-2026,Transfer,0.00,831.77,"26,487.51"
ID13506,24-Jan-2026,ATM Withdrawal,0.00,436.32,"9,325.32"
ID13506,29-Mar-2026,Reversal,0.00,863.07,"95,581.70"
ID13506,30-Mar-2026,ATM Withdrawal,0.00,47.64,"99,417.02"
ID13506,30-Jan-2026,ATM Withdrawal,0.00,774.70,"47,007.58"
ID13506,19-Mar-2026,ATM Withdrawal,0.00,936.06,"11,691.18"
ID13506,24-Mar-2026,Transfer,0.00,"1,246.29","56,521.02"
ID13506,17-Feb-2026,Debit Card,0.00,56.56,"86,024.39"
ID13506,14-Mar-2026,Direct Deposit,"2,185.99",0.00,"61,242.35"
ID13506,17-Mar-2026,Debit Card,0.00,844.40,"10,980.04"
ID13506,02-Apr-2026,Transfer,0.00,"1,167.93","85,300.49"
ID13506,14-Feb-2026,Direct Deposit,"4,225.81",0.00,"44,107.50"
ID13506,15-Jan-2026,Payment,902.47,0.00,"54,682.64"
ID13506,25-Feb-2026,Direct Deposit,603.23,0.00,"11,419.61"
ID13507,24-Jan-2026,Interest,49.84,0.00,"1,785.80"
ID13507,01-Apr-2026,Interest,137.37,0.00,"91,575.01"
ID13507,27-Mar-2026,Reversal,0.00,"1,032.16","24,563.95"
ID13507,14-Mar-2026,ATM Withdrawal,0.00,977.37,"30,868.51"
ID13507,13-Jan-2026,Debit Card,0.00,740.86,"23,675.44"
ID13507,22-Jan-2026,Debit Card,0.00,531.79,"49,408.78"
ID13507,26-Mar-2026,Transfer,"1,754.85",0.00,"12,844.74"
ID13507,04-Jan-2026,ATM Withdrawal,0.00,715.33,"95,206.12"
ID13507,29-Mar-2026,Reversal,0.00,388.52,"18,644.21"
ID13507,20-Jan-2026,Reversal,"1,823.78",0.00,"78,388.96"
ID13507,07-Feb-2026,Direct Deposit,"3,972.00",0.00,"30,752.35"
ID13507,30-Jan-2026,Debit Card,0.00,718.99,"5,295.07"
ID13507,24-Feb-2026,Direct Deposit,"1,844.86",0.00,"37,384.60"
ID13507,01-Mar-2026,Interest,241.59,0.00,"52,519.43"
ID13507,17-Mar-2026,Reversal,0.00,734.70,"91,560.81"
ID13507,10-Jan-2026,Direct Deposit,993.26,0.00,"49,876.40"
ID13507,03-Apr-2026,ATM Withdrawal,0.00,374.03,"87,920.95"
ID13507,26-Mar-2026,Debit Card,0.00,920.94,"13,301.79"
ID13507,22-Mar-2026,Charge,0.00,165.54,"29,284.61"
ID13507,04-Feb-2026,Transfer,"1,686.30",0.00,"17,338.04"
ID13508,27-Mar-2026,Direct Deposit,"2,640.70",0.00,"14,609.15"
ID13508,03-Mar-2026,Reversal,0.00,582.29,"56,651.85"
ID13508,01-Mar-2026,Transfer,"1,861.49",0.00,"27,014.84"
ID13508,01-Mar-2026,Debit Card,0.00,50.64,"48,946.04"
ID13508,15-Jan-2026,ATM Withdrawal,0.00,447.73,"48,527.94"
ID13508,14-Mar-2026,Payment,"1,579.38",0.00,"97,943.61"
ID13508,23-Mar-2026,Reversal,0.00,"1,148.45","11,113.40"
ID13508,28-Mar-2026,Reversal,247.49,0.00,"92,080.19"
ID13508,11-Jan-2026,Transfer,0.00,745.57,"27,423.42"
ID13508,24-Jan-2026,Charge,0.00,401.03,"47,814.40"
ID13508,03-Feb-2026,Direct Deposit,"2,090.87",0.00,"90,351.33"
ID13508,10-Feb-2026,Transfer,0.00,316.57,"49,236.52"
ID13508,25-Mar-2026,Reversal,"1,266.71",0.00,"65,598.86"
ID13508,04-Jan-2026,Direct Deposit,"2,932.04",0.00,"22,491.72"
ID13508,19-Mar-2026,Direct Deposit,"1,302.92",0.00,"73,117.80"
ID13508,10-Jan-2026,Debit Card,0.00,316.68,"53,232.83"
ID13508,03-Jan-2026,Transfer,0.00,316.68,"13,339.89"
ID13508,28-Feb-2026,ATM Withdrawal,0.00,479.99,"22,066.19"
ID13508,22-Jan-2026,Interest,190.74,0.00,"96,206.71"
ID13508,13-Jan-2026,Payment,"1,799.86",0.00,"97,724.37"
ID13509,20-Jan-2026,Transfer,383.68,0.00,"61,913.79"
ID13509,15-Jan-2026,Transfer,0.00,"1,277.80","87,763.73"
ID13509,04-Feb-2026,Direct Deposit,"4,518.31",0.00,"75,597.51"
ID13509,25-Mar-2026,Interest,281.93,0.00,"96,805.00"
ID13509,23-Feb-2026,ATM Withdrawal,0.00,301.62,"89,875.01"
ID13509,20-Mar-2026,Interest,147.41,0.00,"76,348.45"
ID13509,21-Feb-2026,ATM Withdrawal,0.00,161.66,"6,644.33"
ID13509,07-Jan-2026,Debit Card,0.00,601.77,"3,245.04"
ID13509,26-Jan-2026,Interest,256.21,0.00,"65,062.10"
ID13509,22-Mar-2026,Transfer,248.15,0.00,"87,779.86"
ID13509,29-Jan-2026,Payment,"1,637.08",0.00,"42,817.51"
ID13509,05-Mar-2026,Transfer,0.00,"1,055.93","39,845.85"
ID13509,03-Mar-2026,Interest,167.42,0.00,"56,683.40"
ID13509,08-Mar-2026,Interest,425.94,0.00,"86,068.31"
ID13509,23-Jan-2026,Interest,461.13,0.00,"69,679.45"
ID13509,03-Apr-2026,Reversal,"1,532.85",0.00,"6,146.90"
ID13509,23-Feb-2026,Reversal,0.00,"1,140.36","96,941.27"
ID13509,16-Jan-2026,Debit Card,0.00,997.31,"88,145.42"
ID13509,01-Apr-2026,Transfer,0.00,958.58,"60,654.42"
ID13509,21-Feb-2026,Direct Deposit,"1,948.51",0.00,"90,208.47"
ID13510,26-Jan-2026,Reversal,967.91,0.00,"88,598.44"
ID13510,09-Mar-2026,Payment,919.42,0.00,"3,284.49"
ID13510,20-Feb-2026,Charge,0.00,485.44,"26,077.93"
ID13510,19-Feb-2026,Reversal,"1,416.04",0.00,"33,546.45"
ID13510,06-Mar-2026,Charge,0.00,619.35,"7,682.49"
ID13510,23-Mar-2026,Transfer,0.00,"1,323.23","51,876.90"
ID13510,07-Jan-2026,Payment,"1,562.50",0.00,"75,729.73"
ID13510,08-Feb-2026,Debit Card,0.00,83.34,"42,529.93"
ID13510,20-Mar-2026,Direct Deposit,"2,789.94",0.00,"39,819.73"
ID13510,05-Jan-2026,Transfer,0.00,751.25,"64,708.79"
ID13510,06-Mar-2026,Reversal,"1,063.71",0.00,"92,214.48"
ID13510,02-Mar-2026,Debit Card,0.00,77.14,"4,736.44"
ID13510,14-Feb-2026,ATM Withdrawal,0.00,558.65,"98,746.46"
ID13510,02-Feb-2026,ATM Withdrawal,0.00,753.79,"89,507.05"
ID13510,20-Jan-2026,Payment,"1,686.43",0.00,"28,445.99"
ID13510,20-Mar-2026,Direct Deposit,"2,108.23",0.00,"40,898.51"
ID13510,11-Feb-2026,ATM Withdrawal,0.00,321.65,"64,199.73"
ID13510,19-Feb-2026,Reversal,555.60,0.00,"5,933.15"
ID13510,09-Jan-2026,Reversal,"1,823.94",0.00,"28,140.82"
ID13510,11-Mar-2026,ATM Withdrawal,0.00,42.56,"59,147.05"
ID13511,26-Feb-2026,ATM Withdrawal,0.00,648.52,"82,450.25"
ID13511,19-Mar-2026,Reversal,0.00,903.91,"93,093.44"
ID13511,06-Jan-2026,Charge,0.00,515.61,"9,213.06"
ID13511,16-Jan-2026,Transfer,0.00,"1,292.13","2,946.38"
ID13511,02-Mar-2026,Debit Card,0.00,299.13,"2,571.78"
ID13511,07-Jan-2026,Debit Card,0.00,281.98,"4,206.86"
ID13511,24-Feb-2026,Reversal,0.00,964.77,"9,572.77"
ID13511,13-Mar-2026,ATM Withdrawal,0.00,804.48,"89,882.09"
ID13511,08-Feb-2026,Reversal,0.00,466.42,"30,584.11"
ID13511,08-Feb-2026,Debit Card,0.00,987.59,"8,838.39"
ID13511,24-Jan-2026,ATM Withdrawal,0.00,767.94,"40,725.07"
ID13511,08-Mar-2026,ATM Withdrawal,0.00,96.81,"43,574.10"
ID13511,02-Apr-2026,Reversal,"1,091.07",0.00,"8,150.76"
ID13511,18-Jan-2026,Interest,432.93,0.00,"50,358.69"
ID13511,10-Feb-2026,Reversal,550.19,0.00,"78,423.11"
ID13511,05-Mar-2026,Direct Deposit,"3,927.81",0.00,"39,678.11"
ID13511,05-Jan-2026,Debit Card,0.00,988.92,"23,753.42"
ID13511,06-Jan-2026,Charge,0.00,849.98,"14,895.46"
ID13511,13-Feb-2026,Reversal,975.39,0.00,"88,413.71"
ID13511,06-Feb-2026,ATM Withdrawal,0.00,199.43,"41,986.42"
ID13512,18-Jan-2026,Interest,38.48,0.00,"66,648.46"
ID13512,18-Feb-2026,Charge,0.00,250.09,"13,019.50"
ID13512,08-Feb-2026,Payment,0.00,"1,234.91","25,848.75"
ID13512,18-Feb-2026,Debit Card,0.00,49.88,"5,914.20"
ID13512,04-Mar-2026,Interest,243.99,0.00,"58,519.42"
ID13512,10-Mar-2026,Transfer,0.00,644.57,"37,167.52"
ID13512,05-Mar-2026,Transfer,"1,221.16",0.00,"24,993.91"
ID13512,09-Jan-2026,Reversal,"1,751.06",0.00,"59,182.65"
ID13512,13-Jan-2026,Reversal,0.00,201.59,"45,121.68"
ID13512,14-Feb-2026,Charge,0.00,972.75,"72,124.41"
ID13512,29-Jan-2026,Reversal,0.00,"1,376.07","78,837.09"
ID13512,10-Feb-2026,Debit Card,0.00,843.98,"38,435.87"
ID13512,09-Mar-2026,Interest,202.99,0.00,"36,274.13"
ID13512,08-Feb-2026,Interest,197.25,0.00,"45,256.22"
ID13512,31-Mar-2026,Payment,943.24,0.00,"96,325.64"
ID13512,11-Jan-2026,ATM Withdrawal,0.00,522.92,"94,234.00"
ID13512,12-Feb-2026,Reversal,"1,330.57",0.00,"17,206.61"
ID13512,06-Jan-2026,Debit Card,0.00,608.70,"71,313.32"
ID13512,19-Jan-2026,Charge,0.00,464.11,"49,065.78"
ID13512,27-Feb-2026,Reversal,"1,304.64",0.00,"72,074.47"
ID13513,12-Mar-2026,Direct Deposit,"3,609.81",0.00,"2,504.26"
ID13513,07-Feb-2026,Reversal,983.71,0.00,"50,870.33"
ID13513,18-Jan-2026,Interest,225.59,0.00,"71,677.59"
ID13513,23-Mar-2026,ATM Withdrawal,0.00,533.49,"96,590.44"
ID13513,31-Mar-2026,Charge,0.00,225.47,"66,795.62"
ID13513,28-Feb-2026,Charge,0.00,925.95,"39,498.00"
ID13513,21-Feb-2026,Charge,0.00,318.85,"6,105.94"
ID13513,24-Jan-2026,ATM Withdrawal,0.00,295.13,"54,868.82"
ID13513,02-Feb-2026,Transfer,"1,990.84",0.00,"60,497.80"
ID13513,31-Jan-2026,Reversal,0.00,"1,196.88","86,179.85"
ID13513,15-Jan-2026,ATM Withdrawal,0.00,841.12,"49,426.75"
ID13513,29-Mar-2026,Debit Card,0.00,23.88,"41,810.98"
ID13513,29-Jan-2026,Payment,0.00,"1,106.50","33,186.45"
ID13513,10-Feb-2026,Charge,0.00,682.64,"18,681.07"
ID13513,03-Apr-2026,Reversal,0.00,"1,091.42","52,787.48"
ID13513,01-Mar-2026,Direct Deposit,"4,123.25",0.00,"9,211.42"
ID13513,30-Jan-2026,Charge,0.00,866.08,"35,161.04"
ID13513,17-Jan-2026,ATM Withdrawal,0.00,566.06,"64,639.86"
ID13513,02-Apr-2026,Direct Deposit,"4,558.64",0.00,"22,696.30"
ID13513,06-Mar-2026,Payment,942.60,0.00,"99,810.93"
ID13514,02-Feb-2026,Direct Deposit,"4,485.69",0.00,"50,668.77"
ID13514,01-Feb-2026,Debit Card,0.00,858.36,"61,088.54"
ID13514,04-Feb-2026,Interest,440.24,0.00,"60,710.55"
ID13514,10-Jan-2026,Charge,0.00,687.20,"61,874.35"
ID13514,31-Jan-2026,Charge,0.00,140.55,"78,313.78"
ID13514,10-Feb-2026,Interest,175.61,0.00,"98,952.64"
ID13514,02-Mar-2026,Direct Deposit,"4,506.37",0.00,"86,481.19"
ID13514,07-Feb-2026,Reversal,"1,486.19",0.00,"61,962.96"
ID13514,16-Feb-2026,Direct Deposit,"4,066.98",0.00,"67,964.55"
ID13514,08-Mar-2026,Debit Card,0.00,798.09,"71,336.38"
ID13514,31-Jan-2026,Direct Deposit,"3,875.22",0.00,"24,921.44"
ID13514,01-Apr-2026,ATM Withdrawal,0.00,747.84,"21,181.86"
ID13514,24-Jan-2026,Reversal,0.00,269.08,"45,709.68"
ID13514,03-Mar-2026,Debit Card,0.00,887.52,"76,001.67"
ID13514,01-Apr-2026,Debit Card,0.00,686.23,"32,033.13"
ID13514,22-Mar-2026,Debit Card,0.00,703.96,"84,021.98"
ID13514,10-Feb-2026,Debit Card,0.00,886.05,"55,381.51"
ID13514,12-Feb-2026,Transfer,"1,799.90",0.00,"19,035.64"
ID13514,09-Mar-2026,Payment,0.00,346.19,"10,842.92"
ID13514,30-Jan-2026,Interest,289.90,0.00,"45,994.00"
ID13515,11-Jan-2026,Payment,702.70,0.00,"25,480.53"
ID13515,11-Mar-2026,ATM Withdrawal,0.00,644.91,"65,916.39"
ID13515,22-Jan-2026,Reversal,0.00,960.31,"61,798.37"
ID13515,31-Mar-2026,Interest,160.59,0.00,"84,706.94"
ID13515,15-Mar-2026,Interest,86.64,0.00,"90,233.37"
ID13515,02-Mar-2026,Payment,"1,373.79",0.00,"76,404.06"
ID13515,18-Feb-2026,Direct Deposit,"1,464.83",0.00,"14,704.22"
ID13515,26-Jan-2026,Debit Card,0.00,483.71,"10,495.68"
ID13515,23-Jan-2026,Direct Deposit,"2,813.75",0.00,"22,047.63"
ID13515,08-Feb-2026,Debit Card,0.00,228.68,"25,206.79"
ID13515,01-Apr-2026,Charge,0.00,760.08,"64,131.12"
ID13515,30-Mar-2026,Charge,0.00,855.77,"36,262.10"
ID13515,17-Mar-2026,Reversal,0.00,613.46,"35,955.77"
ID13515,24-Mar-2026,Direct Deposit,985.96,0.00,"18,010.32"
ID13515,21-Jan-2026,Reversal,727.47,0.00,"73,620.23"
ID13515,03-Apr-2026,Charge,0.00,167.74,"88,372.11"
ID13515,19-Feb-2026,Debit Card,0.00,833.81,"85,493.21"
ID13515,27-Jan-2026,Debit Card,0.00,477.94,"69,238.91"
ID13515,16-Mar-2026,Transfer,0.00,914.23,"2,649.06"
ID13515,17-Jan-2026,Direct Deposit,"3,595.62",0.00,"52,182.31"
ID13516,19-Feb-2026,Debit Card,0.00,732.17,"84,985.58"
ID13516,04-Mar-2026,Interest,266.02,0.00,"30,716.58"
ID13516,11-Mar-2026,Debit Card,0.00,139.16,"53,691.24"
ID13516,16-Mar-2026,Interest,408.69,0.00,"50,070.12"
ID13516,04-Mar-2026,Interest,457.50,0.00,"22,279.61"
ID13516,15-Jan-2026,Direct Deposit,"3,787.75",0.00,"86,688.97"
ID13516,25-Mar-2026,Payment,0.00,709.04,"2,619.29"
ID13516,24-Mar-2026,Payment,281.63,0.00,"32,571.58"
ID13516,27-Jan-2026,Interest,42.26,0.00,"29,435.22"
ID13516,23-Feb-2026,Debit Card,0.00,928.00,"32,040.60"
ID13516,27-Mar-2026,Debit Card,0.00,708.86,"79,255.28"
ID13516,23-Feb-2026,Reversal,"1,440.74",0.00,"23,174.28"
ID13516,19-Mar-2026,Direct Deposit,"3,355.25",0.00,"98,975.01"
ID13516,14-Jan-2026,Debit Card,0.00,677.76,"92,191.24"
ID13516,17-Feb-2026,Interest,147.73,0.00,"61,639.76"
ID13516,22-Feb-2026,Direct Deposit,"2,466.47",0.00,"58,700.06"
ID13516,31-Mar-2026,Payment,0.00,442.23,"50,226.76"
ID13516,27-Feb-2026,ATM Withdrawal,0.00,787.42,"56,487.72"
ID13516,17-Feb-2026,Interest,279.91,0.00,"64,282.87"
ID13516,17-Feb-2026,Payment,0.00,491.17,"23,007.05"
ID13517,06-Feb-2026,Transfer,895.76,0.00,"81,966.94"
ID13517,31-Jan-2026,Payment,"1,346.00",0.00,"11,812.47"
ID13517,22-Feb-2026,ATM Withdrawal,0.00,859.16,"18,111.11"
ID13517,19-Jan-2026,Payment,"1,975.97",0.00,"63,150.72"
ID13517,13-Mar-2026,ATM Withdrawal,0.00,41.45,"17,673.77"
ID13517,24-Feb-2026,Transfer,467.44,0.00,"61,137.79"
ID13517,15-Mar-2026,Reversal,0.00,"1,201.83","86,818.41"
ID13517,20-Feb-2026,Direct Deposit,"4,492.49",0.00,"44,423.48"
ID13517,18-Jan-2026,Payment,212.84,0.00,"72,228.47"
ID13517,15-Feb-2026,Reversal,0.00,"1,276.05","87,729.25"
ID13517,20-Jan-2026,Payment,"1,817.55",0.00,"93,272.07"
ID13517,18-Jan-2026,Transfer,0.00,993.48,"96,611.99"
ID13517,09-Jan-2026,Interest,183.71,0.00,"92,389.79"
ID13517,24-Mar-2026,Payment,0.00,76.72,"38,970.30"
ID13517,04-Jan-2026,Reversal,"1,147.35",0.00,"25,409.07"
ID13517,13-Feb-2026,Reversal,0.00,"1,078.35","82,966.13"
ID13517,21-Jan-2026,Charge,0.00,786.67,"4,518.91"
ID13517,19-Jan-2026,ATM Withdrawal,0.00,772.96,"62,384.46"
ID13517,17-Jan-2026,Reversal,0.00,"1,030.69","50,314.19"
ID13517,26-Feb-2026,Charge,0.00,449.93,"28,198.74"
ID13518,02-Mar-2026,ATM Withdrawal,0.00,957.81,"5,038.34"
ID13518,20-Mar-2026,ATM Withdrawal,0.00,746.27,"73,804.34"
ID13518,21-Jan-2026,ATM Withdrawal,0.00,116.25,"36,386.15"
ID13518,01-Feb-2026,ATM Withdrawal,0.00,367.16,"2,692.30"
ID13518,24-Feb-2026,Direct Deposit,"2,154.18",0.00,"69,463.73"
ID13518,22-Mar-2026,Direct Deposit,"3,427.05",0.00,"63,734.79"
ID13518,19-Mar-2026,Payment,0.00,550.77,"40,197.31"
ID13518,17-Mar-2026,Debit Card,0.00,944.50,"16,444.91"
ID13518,16-Jan-2026,Payment,0.00,"1,280.58","70,916.44"
ID13518,31-Jan-2026,ATM Withdrawal,0.00,186.63,"41,451.63"
ID13518,22-Jan-2026,ATM Withdrawal,0.00,783.17,"30,779.63"
ID13518,28-Mar-2026,Transfer,0.00,"1,455.60","26,303.82"
ID13518,24-Feb-2026,ATM Withdrawal,0.00,271.94,"65,859.27"
ID13518,21-Jan-2026,Interest,374.37,0.00,"77,921.94"
ID13518,19-Feb-2026,Debit Card,0.00,584.23,"32,229.27"
ID13518,12-Jan-2026,Direct Deposit,"3,319.18",0.00,"85,176.22"
ID13518,23-Mar-2026,Direct Deposit,"4,278.32",0.00,"84,236.10"
ID13518,01-Mar-2026,ATM Withdrawal,0.00,297.88,"61,045.67"
ID13518,27-Mar-2026,Interest,301.74,0.00,"39,096.18"
ID13518,31-Mar-2026,Reversal,"1,672.45",0.00,"80,347.64"
ID13519,29-Jan-2026,Interest,15.25,0.00,"34,979.17"
ID13519,16-Feb-2026,ATM Withdrawal,0.00,466.45,"62,006.66"
ID13519,29-Mar-2026,Payment,811.95,0.00,"90,096.45"
ID13519,14-Jan-2026,Payment,0.00,732.13,"68,645.70"
ID13519,06-Mar-2026,ATM Withdrawal,0.00,248.11,"50,081.80"
ID13519,18-Jan-2026,Direct Deposit,"3,994.28",0.00,"76,991.00"
ID13519,14-Feb-2026,Interest,480.19,0.00,"61,082.50"
ID13519,04-Jan-2026,Charge,0.00,609.31,"22,127.01"
ID13519,26-Feb-2026,Direct Deposit,"3,462.57",0.00,"43,895.77"
ID13519,27-Jan-2026,ATM Withdrawal,0.00,681.82,"23,021.08"
ID13519,17-Jan-2026,Debit Card,0.00,545.26,"3,674.25"
ID13519,06-Mar-2026,Payment,591.61,0.00,"85,403.01"
ID13519,16-Mar-2026,Interest,265.30,0.00,"65,566.78"
ID13519,09-Jan-2026,ATM Withdrawal,0.00,719.59,"35,275.90"
ID13519,11-Mar-2026,Charge,0.00,49.59,"28,080.22"
ID13519,27-Mar-2026,Payment,"1,724.86",0.00,"42,521.17"
ID13519,01-Apr-2026,Reversal,0.00,507.82,"80,804.15"
ID13519,07-Mar-2026,Reversal,0.00,"1,454.54","90,472.73"
ID13519,09-Mar-2026,Payment,0.00,208.62,"62,430.53"
ID13519,15-Feb-2026,Direct Deposit,"1,181.07",0.00,"15,024.25"
ID13520,01-Mar-2026,Direct Deposit,"1,862.73",0.00,"54,272.73"
ID13520,22-Mar-2026,Interest,383.39,0.00,"20,032.51"
ID13520,25-Jan-2026,Debit Card,0.00,386.39,"49,640.11"
ID13520,22-Feb-2026,Direct Deposit,"4,321.89",0.00,"31,697.25"
ID13520,14-Jan-2026,Interest,409.88,0.00,"9,727.56"
ID13520,04-Feb-2026,Reversal,0.00,910.51,"52,298.11"
ID13520,24-Jan-2026,Reversal,0.00,"1,176.36","60,013.25"
ID13520,05-Mar-2026,Direct Deposit,"2,538.66",0.00,"50,841.01"
ID13520,08-Mar-2026,Reversal,0.00,"1,116.83","70,834.10"
ID13520,13-Jan-2026,Transfer,0.00,465.03,"56,206.73"
ID13520,21-Feb-2026,ATM Withdrawal,0.00,57.60,"27,659.75"
ID13520,22-Mar-2026,Transfer,0.00,274.18,"26,829.47"
ID13520,30-Mar-2026,ATM Withdrawal,0.00,636.84,"17,142.02"
ID13520,09-Mar-2026,Direct Deposit,780.65,0.00,"16,642.45"
ID13520,26-Mar-2026,Reversal,503.28,0.00,"88,056.05"
ID13520,07-Jan-2026,Payment,414.51,0.00,"49,633.16"
ID13520,15-Jan-2026,ATM Withdrawal,0.00,535.79,"42,479.77"
ID13520,23-Mar-2026,Reversal,0.00,669.96,"60,914.01"
ID13520,06-Mar-2026,Transfer,932.48,0.00,"84,941.11"
ID13520,16-Feb-2026,Payment,235.99,0.00,"23,987.39"
ID13521,24-Jan-2026,Transfer,"1,636.59",0.00,"14,996.25"
ID13521,29-Jan-2026,ATM Withdrawal,0.00,15.08,"78,745.85"
ID13521,14-Feb-2026,ATM Withdrawal,0.00,105.40,"38,842.23"
ID13521,01-Mar-2026,Payment,319.72,0.00,"56,025.66"
ID13521,25-Jan-2026,Charge,0.00,711.33,"59,528.04"
ID13521,04-Feb-2026,Transfer,0.00,641.19,"27,463.16"
ID13521,23-Feb-2026,Debit Card,0.00,590.17,"12,270.49"
ID13521,03-Mar-2026,Reversal,0.00,309.88,"20,630.25"
ID13521,13-Mar-2026,ATM Withdrawal,0.00,799.38,"70,771.62"
ID13521,03-Jan-2026,Charge,0.00,920.83,"93,983.94"
ID13521,02-Feb-2026,Interest,106.40,0.00,"32,900.42"
ID13521,05-Mar-2026,Debit Card,0.00,989.57,"21,780.41"
ID13521,25-Jan-2026,Direct Deposit,842.25,0.00,"40,566.92"
ID13521,24-Mar-2026,Direct Deposit,"2,054.01",0.00,"20,777.01"
ID13521,20-Jan-2026,Charge,0.00,770.65,"21,057.60"
ID13521,16-Feb-2026,Transfer,"1,477.05",0.00,"99,975.52"
ID13521,03-Mar-2026,Direct Deposit,"4,656.41",0.00,"80,137.14"
ID13521,04-Jan-2026,ATM Withdrawal,0.00,164.85,"89,087.30"
ID13521,21-Jan-2026,Direct Deposit,"3,102.42",0.00,"11,222.95"
ID13521,04-Jan-2026,Payment,631.37,0.00,"58,787.19"
ID13522,02-Mar-2026,Reversal,0.00,206.88,"87,562.02"
ID13522,26-Feb-2026,ATM Withdrawal,0.00,209.48,"49,917.75"
ID13522,09-Jan-2026,Transfer,0.00,712.91,"61,293.13"
ID13522,26-Mar-2026,Interest,135.75,0.00,"52,902.48"
ID13522,23-Jan-2026,Charge,0.00,832.88,"32,137.66"
ID13522,19-Jan-2026,Debit Card,0.00,149.33,"3,267.89"
ID13522,05-Feb-2026,Payment,"1,978.07",0.00,"85,088.76"
ID13522,27-Jan-2026,Transfer,0.00,788.40,"92,571.21"
ID13522,25-Jan-2026,Direct Deposit,"2,827.94",0.00,"34,009.61"
ID13522,02-Mar-2026,Interest,297.75,0.00,"39,948.16"
ID13522,03-Feb-2026,Direct Deposit,"3,362.36",0.00,"96,237.91"
ID13522,26-Feb-2026,Transfer,"1,113.87",0.00,"20,447.58"
ID13522,20-Jan-2026,Transfer,0.00,"1,129.16","70,247.79"
ID13522,29-Mar-2026,Direct Deposit,"1,503.03",0.00,"29,774.48"
ID13522,17-Feb-2026,ATM Withdrawal,0.00,689.20,"27,420.14"
ID13522,12-Feb-2026,ATM Withdrawal,0.00,757.74,"69,659.63"
ID13522,07-Jan-2026,Direct Deposit,"4,366.39",0.00,"1,464.55"
ID13522,28-Jan-2026,Charge,0.00,61.38,"37,665.48"
ID13522,19-Jan-2026,ATM Withdrawal,0.00,316.37,"11,465.12"
ID13522,08-Feb-2026,Interest,324.06,0.00,"66,619.46"
ID13523,07-Mar-2026,Payment,"1,492.15",0.00,"17,631.57"
ID13523,30-Jan-2026,Debit Card,0.00,259.36,"71,733.53"
ID13523,22-Mar-2026,Payment,304.84,0.00,"85,872.31"
ID13523,22-Jan-2026,Direct Deposit,"3,264.58",0.00,"29,878.04"
ID13523,17-Mar-2026,Interest,19.18,0.00,"95,953.88"
ID13523,08-Mar-2026,Charge,0.00,104.25,"50,149.02"
ID13523,24-Jan-2026,Direct Deposit,"2,658.51",0.00,"59,695.75"
ID13523,21-Jan-2026,Transfer,903.45,0.00,"27,701.04"
ID13523,09-Feb-2026,Transfer,0.00,650.32,"64,382.19"
ID13523,17-Jan-2026,ATM Withdrawal,0.00,771.67,"71,950.77"
ID13523,03-Feb-2026,Charge,0.00,648.04,"11,039.21"
ID13523,03-Apr-2026,Direct Deposit,"4,011.59",0.00,"66,273.81"
ID13523,04-Jan-2026,Payment,0.00,"1,081.03","24,628.54"
ID13523,02-Apr-2026,Debit Card,0.00,306.99,"87,260.33"
ID13523,17-Mar-2026,Interest,481.59,0.00,"48,682.28"
ID13523,09-Jan-2026,Transfer,0.00,551.28,"37,110.09"
ID13523,06-Jan-2026,Charge,0.00,152.43,"79,724.56"
ID13523,17-Feb-2026,Debit Card,0.00,829.99,"64,961.63"
ID13523,20-Mar-2026,ATM Withdrawal,0.00,453.08,"33,996.74"
ID13523,05-Mar-2026,Debit Card,0.00,423.06,"25,859.48"
ID13524,01-Apr-2026,Transfer,0.00,305.66,"80,684.40"
ID13524,19-Mar-2026,Debit Card,0.00,143.43,"17,047.62"
ID13524,11-Mar-2026,ATM Withdrawal,0.00,433.07,"80,303.68"
ID13524,31-Mar-2026,Debit Card,0.00,124.72,"68,918.79"
ID13524,13-Feb-2026,Debit Card,0.00,953.75,"77,069.41"
ID13524,13-Jan-2026,ATM Withdrawal,0.00,664.41,"67,343.28"
ID13524,21-Jan-2026,Payment,0.00,440.22,"19,245.06"
ID13524,28-Mar-2026,Interest,327.35,0.00,"1,776.73"
ID13524,20-Feb-2026,ATM Withdrawal,0.00,870.04,"99,824.38"
ID13524,07-Jan-2026,Charge,0.00,453.85,"49,422.13"
ID13524,03-Apr-2026,ATM Withdrawal,0.00,739.94,"7,436.33"
ID13524,27-Mar-2026,Payment,0.00,341.40,"39,979.63"
ID13524,03-Mar-2026,Transfer,"1,809.82",0.00,"47,684.25"
ID13524,09-Jan-2026,Direct Deposit,"1,015.75",0.00,"3,683.67"
ID13524,25-Jan-2026,Interest,333.41,0.00,"15,444.29"
ID13524,06-Feb-2026,ATM Withdrawal,0.00,402.97,"80,503.14"
ID13524,14-Jan-2026,Direct Deposit,"2,653.61",0.00,"57,582.84"
ID13524,03-Mar-2026,Transfer,"1,702.59",0.00,"15,878.95"
ID13524,29-Jan-2026,Interest,114.84,0.00,"25,050.87"
ID13524,26-Feb-2026,Reversal,648.37,0.00,"57,692.95"
ID13525,05-Mar-2026,Debit Card,0.00,871.60,"33,543.08"
ID13525,25-Jan-2026,Interest,189.48,0.00,"81,850.23"
ID13525,06-Mar-2026,Charge,0.00,942.54,"95,277.74"
ID13525,30-Mar-2026,Reversal,0.00,923.62,"72,667.60"
ID13525,26-Jan-2026,Debit Card,0.00,177.35,"7,591.96"
ID13525,12-Jan-2026,Charge,0.00,38.23,"85,755.36"
ID13525,26-Feb-2026,Charge,0.00,999.90,"3,326.70"
ID13525,24-Mar-2026,Interest,364.61,0.00,"15,012.31"
ID13525,02-Mar-2026,ATM Withdrawal,0.00,420.52,"14,198.27"
ID13525,28-Jan-2026,Charge,0.00,621.33,"5,304.48"
ID13525,30-Mar-2026,Payment,870.36,0.00,"65,634.50"
ID13525,01-Mar-2026,Interest,378.51,0.00,"42,426.34"
ID13525,25-Jan-2026,Payment,0.00,364.19,"9,441.34"
ID13525,16-Feb-2026,Interest,23.20,0.00,"70,492.21"
ID13525,17-Mar-2026,Transfer,"1,223.55",0.00,"89,381.15"
ID13525,18-Feb-2026,Debit Card,0.00,100.93,"51,365.10"
ID13525,25-Jan-2026,Debit Card,0.00,419.60,"53,577.55"
ID13525,14-Jan-2026,Payment,"1,770.96",0.00,"43,084.63"
ID13525,03-Mar-2026,Charge,0.00,72.61,"37,560.27"
ID13525,18-Jan-2026,Interest,388.89,0.00,"63,185.97"
ID13526,01-Feb-2026,Reversal,0.00,945.34,"87,661.31"
ID13526,17-Feb-2026,Reversal,0.00,556.24,"3,089.07"
ID13526,19-Feb-2026,Charge,0.00,799.60,"79,394.56"
ID13526,06-Jan-2026,Direct Deposit,"3,531.15",0.00,"95,290.05"
ID13526,07-Feb-2026,Reversal,"1,956.30",0.00,"43,246.56"
ID13526,03-Feb-2026,Reversal,0.00,"1,127.00","31,250.91"
ID13526,25-Feb-2026,Payment,0.00,523.38,"77,682.67"
ID13526,07-Jan-2026,Payment,0.00,"1,014.36","72,440.33"
ID13526,07-Jan-2026,Interest,436.02,0.00,"6,014.37"
ID13526,30-Jan-2026,Transfer,828.99,0.00,"1,798.97"
ID13526,15-Mar-2026,Charge,0.00,110.30,"27,974.48"
ID13526,04-Mar-2026,Interest,106.06,0.00,"77,747.44"
ID13526,10-Jan-2026,Direct Deposit,"3,217.24",0.00,"90,377.69"
ID13526,16-Feb-2026,Direct Deposit,"3,631.90",0.00,"92,449.72"
ID13526,03-Feb-2026,Reversal,186.73,0.00,"98,564.26"
ID13526,26-Jan-2026,Charge,0.00,535.47,"87,019.76"
ID13526,10-Jan-2026,ATM Withdrawal,0.00,731.42,"55,311.85"
ID13526,19-Mar-2026,Reversal,"1,182.79",0.00,"13,347.09"
ID13526,29-Jan-2026,Reversal,0.00,857.45,"15,444.40"
ID13526,11-Feb-2026,Reversal,384.62,0.00,"49,703.32"
ID13527,02-Apr-2026,ATM Withdrawal,0.00,820.76,"86,449.78"
ID13527,09-Mar-2026,ATM Withdrawal,0.00,569.71,"82,057.93"
ID13527,02-Feb-2026,Debit Card,0.00,551.18,"79,746.71"
ID13527,24-Jan-2026,Interest,467.38,0.00,"76,850.52"
ID13527,27-Feb-2026,Debit Card,0.00,797.56,"97,054.56"
ID13527,21-Jan-2026,Direct Deposit,"3,252.57",0.00,"68,942.32"
ID13527,02-Mar-2026,Charge,0.00,385.97,"3,887.77"
ID13527,17-Mar-2026,Direct Deposit,"2,735.63",0.00,"73,204.99"
ID13527,24-Jan-2026,ATM Withdrawal,0.00,272.93,"47,230.18"
ID13527,10-Jan-2026,Direct Deposit,796.47,0.00,"38,464.16"
ID13527,29-Mar-2026,ATM Withdrawal,0.00,216.12,"13,305.53"
ID13527,21-Jan-2026,Reversal,0.00,644.74,"66,651.30"
ID13527,15-Jan-2026,Debit Card,0.00,80.39,"34,588.11"
ID13527,25-Mar-2026,Debit Card,0.00,919.30,"45,677.38"
ID13527,22-Mar-2026,Debit Card,0.00,707.76,"17,358.00"
ID13527,20-Mar-2026,Payment,986.41,0.00,"21,656.09"
ID13527,23-Mar-2026,Debit Card,0.00,342.65,"21,869.33"
ID13527,12-Mar-2026,ATM Withdrawal,0.00,841.11,"16,093.01"
ID13527,30-Mar-2026,Transfer,"1,620.40",0.00,"80,006.92"
ID13527,08-Mar-2026,Transfer,0.00,825.03,"23,010.42"
ID13528,10-Jan-2026,Reversal,"1,886.26",0.00,"37,047.25"
ID13528,22-Mar-2026,Transfer,0.00,646.36,"98,843.05"
ID13528,09-Mar-2026,Interest,145.76,0.00,"95,182.30"
ID13528,19-Jan-2026,Charge,0.00,880.87,"45,797.36"
ID13528,02-Apr-2026,Interest,396.99,0.00,"94,935.14"
ID13528,02-Mar-2026,Interest,37.36,0.00,"57,610.65"
ID13528,13-Mar-2026,Charge,0.00,664.88,"11,406.39"
ID13528,13-Feb-2026,ATM Withdrawal,0.00,368.37,"9,378.44"
ID13528,10-Feb-2026,Transfer,"1,205.69",0.00,"47,482.42"
ID13528,05-Feb-2026,ATM Withdrawal,0.00,271.26,"14,564.29"
ID13528,29-Jan-2026,Charge,0.00,508.84,"65,796.43"
ID13528,28-Feb-2026,Debit Card,0.00,214.27,"38,430.39"
ID13528,19-Mar-2026,Interest,13.92,0.00,"22,980.54"
ID13528,08-Feb-2026,Reversal,0.00,912.55,"66,488.61"
ID13528,01-Mar-2026,ATM Withdrawal,0.00,538.93,"99,754.59"
ID13528,15-Jan-2026,Reversal,174.09,0.00,"97,935.37"
ID13528,03-Jan-2026,Interest,160.05,0.00,"7,444.19"
ID13528,30-Mar-2026,Transfer,0.00,372.02,"1,835.55"
ID13528,17-Jan-2026,Interest,181.17,0.00,"18,743.39"
ID13528,12-Mar-2026,Payment,712.08,0.00,"88,120.23"
ID13529,09-Jan-2026,Debit Card,0.00,951.22,"55,451.96"
ID13529,23-Jan-2026,Payment,666.78,0.00,"7,834.39"
ID13529,26-Feb-2026,Charge,0.00,332.20,"8,256.40"
ID13529,05-Jan-2026,Charge,0.00,536.51,"48,172.43"
ID13529,31-Mar-2026,ATM Withdrawal,0.00,466.68,"94,596.97"
ID13529,23-Jan-2026,Debit Card,0.00,910.07,"95,819.96"
ID13529,13-Feb-2026,Transfer,0.00,530.81,"31,285.38"
ID13529,17-Feb-2026,Charge,0.00,228.18,"24,650.28"
ID13529,03-Feb-2026,Payment,0.00,463.77,"1,247.62"
ID13529,27-Jan-2026,ATM Withdrawal,0.00,629.67,"72,923.58"
ID13529,24-Feb-2026,Payment,0.00,836.43,"21,081.89"
ID13529,04-Mar-2026,Direct Deposit,"4,271.52",0.00,"1,479.81"
ID13529,27-Mar-2026,Direct Deposit,"4,822.95",0.00,"76,428.27"
ID13529,07-Mar-2026,Reversal,"1,958.03",0.00,"48,740.04"
ID13529,14-Feb-2026,Payment,0.00,666.23,"2,327.07"
ID13529,04-Jan-2026,Debit Card,0.00,976.56,"54,881.01"
ID13529,10-Jan-2026,Debit Card,0.00,912.78,"19,697.35"
ID13529,16-Jan-2026,ATM Withdrawal,0.00,75.90,"27,315.92"
ID13529,09-Mar-2026,Interest,161.71,0.00,"23,825.38"
ID13529,25-Feb-2026,Debit Card,0.00,807.96,"47,241.33"
ID13530,16-Mar-2026,Charge,0.00,483.78,"35,552.47"
ID13530,22-Mar-2026,Reversal,0.00,128.18,"92,394.38"
ID13530,26-Mar-2026,Reversal,0.00,"1,124.33","82,589.31"
ID13530,15-Jan-2026,Direct Deposit,"3,692.94",0.00,"35,118.33"
ID13530,12-Mar-2026,ATM Withdrawal,0.00,749.92,"45,899.68"
ID13530,09-Feb-2026,Payment,0.00,525.61,"95,029.60"
ID13530,10-Jan-2026,Interest,303.92,0.00,"44,404.82"
ID13530,05-Feb-2026,Charge,0.00,593.90,"47,068.77"
ID13530,17-Jan-2026,Direct Deposit,"3,669.87",0.00,"24,426.80"
ID13530,10-Mar-2026,Interest,384.30,0.00,"10,836.15"
ID13530,19-Jan-2026,Charge,0.00,893.00,"25,890.07"
ID13530,29-Jan-2026,Interest,440.49,0.00,"65,859.39"
ID13530,10-Mar-2026,Payment,"1,023.19",0.00,"27,731.82"
ID13530,31-Mar-2026,ATM Withdrawal,0.00,995.27,"82,813.92"
ID13530,31-Jan-2026,Interest,116.08,0.00,"94,226.84"
ID13530,23-Jan-2026,Direct Deposit,"1,937.02",0.00,"31,247.12"
ID13530,08-Mar-2026,ATM Withdrawal,0.00,111.63,"7,118.16"
ID13530,28-Jan-2026,Payment,0.00,"1,072.22","15,979.41"
ID13530,25-Feb-2026,Transfer,0.00,548.66,"27,584.87"
ID13530,23-Jan-2026,Debit Card,0.00,750.47,"85,216.23"
ID13531,21-Mar-2026,Charge,0.00,193.19,"31,246.69"
ID13531,19-Jan-2026,Debit Card,0.00,586.91,"99,229.11"
ID13531,27-Jan-2026,Interest,37.72,0.00,"56,547.48"
ID13531,06-Jan-2026,Direct Deposit,"4,745.45",0.00,"45,429.68"
ID13531,28-Mar-2026,Direct Deposit,"2,019.78",0.00,"69,975.26"
ID13531,14-Jan-2026,Interest,66.31,0.00,"93,067.79"
ID13531,26-Feb-2026,Direct Deposit,"2,311.80",0.00,"14,359.79"
ID13531,24-Feb-2026,Reversal,782.97,0.00,"30,850.90"
ID13531,01-Mar-2026,Payment,794.85,0.00,"66,341.56"
ID13531,02-Apr-2026,Debit Card,0.00,180.26,"7,078.53"
ID13531,28-Mar-2026,Direct Deposit,"4,454.28",0.00,"31,325.01"
ID13531,19-Mar-2026,Payment,0.00,755.36,"54,445.82"
ID13531,09-Mar-2026,Direct Deposit,"1,713.21",0.00,"83,479.41"
ID13531,28-Feb-2026,Debit Card,0.00,262.56,"30,237.75"
ID13531,15-Jan-2026,Debit Card,0.00,971.79,"71,398.57"
ID13531,08-Jan-2026,Interest,150.88,0.00,"48,229.03"
ID13531,28-Feb-2026,Direct Deposit,"2,154.91",0.00,"29,859.75"
ID13531,25-Mar-2026,Payment,"1,187.17",0.00,"65,368.55"
ID13531,21-Jan-2026,Payment,"1,401.61",0.00,"17,753.04"
ID13531,22-Mar-2026,Charge,0.00,404.01,"54,325.87"
ID13532,28-Mar-2026,ATM Withdrawal,0.00,470.46,"44,214.99"
ID13532,28-Feb-2026,Debit Card,0.00,566.17,"80,900.00"
ID13532,26-Jan-2026,Reversal,0.00,409.42,"90,261.54"
ID13532,23-Mar-2026,Transfer,0.00,151.92,"54,204.72"
ID13532,18-Jan-2026,Direct Deposit,"3,492.35",0.00,"34,368.37"
ID13532,09-Jan-2026,Interest,460.03,0.00,"37,234.69"
ID13532,20-Mar-2026,Reversal,0.00,264.47,"15,038.24"
ID13532,24-Jan-2026,Charge,0.00,408.20,"37,204.63"
ID13532,22-Jan-2026,ATM Withdrawal,0.00,906.79,"50,062.65"
ID13532,08-Feb-2026,Payment,0.00,"1,169.03","62,985.93"
ID13532,28-Jan-2026,Debit Card,0.00,791.49,"85,142.96"
ID13532,13-Jan-2026,Payment,274.85,0.00,"60,449.10"
ID13532,24-Jan-2026,Interest,215.54,0.00,"93,425.58"
ID13532,09-Jan-2026,ATM Withdrawal,0.00,30.54,"94,856.08"
ID13532,14-Mar-2026,Charge,0.00,218.60,"38,563.00"
ID13532,28-Feb-2026,Charge,0.00,66.09,"51,260.86"
ID13532,17-Feb-2026,Transfer,0.00,259.40,"59,698.16"
ID13532,05-Jan-2026,Transfer,857.16,0.00,"11,975.91"
ID13532,28-Feb-2026,Debit Card,0.00,873.19,"50,079.19"
ID13532,12-Mar-2026,Payment,"1,173.76",0.00,"87,866.80"
ID13533,14-Jan-2026,Transfer,"1,931.34",0.00,"13,023.36"
ID13533,01-Feb-2026,Payment,"1,197.36",0.00,"7,647.14"
ID13533,26-Feb-2026,ATM Withdrawal,0.00,859.73,"96,799.07"
ID13533,07-Feb-2026,Interest,244.51,0.00,"56,877.72"
ID13533,29-Mar-2026,Interest,210.22,0.00,"33,921.57"
ID13533,28-Mar-2026,Payment,0.00,"1,169.60","23,148.99"
ID13533,18-Mar-2026,Interest,116.96,0.00,"69,959.04"
ID13533,27-Feb-2026,Interest,449.18,0.00,"53,543.98"
ID13533,11-Feb-2026,Payment,0.00,828.11,"7,113.23"
ID13533,22-Jan-2026,Payment,0.00,218.07,"40,394.04"
ID13533,12-Jan-2026,Payment,0.00,164.08,"29,036.14"
ID13533,04-Mar-2026,Interest,13.36,0.00,"67,967.30"
ID13533,07-Jan-2026,Payment,886.70,0.00,"49,635.65"
ID13533,24-Jan-2026,Interest,30.71,0.00,"61,135.80"
ID13533,03-Jan-2026,ATM Withdrawal,0.00,332.60,"78,333.34"
ID13533,22-Jan-2026,Debit Card,0.00,499.72,"69,492.77"
ID13533,09-Mar-2026,Interest,111.26,0.00,"20,857.62"
ID13533,05-Jan-2026,Direct Deposit,730.43,0.00,"20,206.43"
ID13533,14-Mar-2026,Reversal,0.00,254.76,"28,380.87"
ID13533,01-Apr-2026,Charge,0.00,441.39,"84,472.55"
ID13534,20-Feb-2026,Direct Deposit,"4,782.29",0.00,"20,771.68"
ID13534,18-Mar-2026,Reversal,0.00,203.54,"17,176.31"
ID13534,29-Mar-2026,Charge,0.00,22.28,"59,437.39"
ID13534,24-Mar-2026,Direct Deposit,967.37,0.00,"37,345.93"
ID13534,11-Feb-2026,Direct Deposit,"2,370.33",0.00,"18,487.33"
ID13534,15-Feb-2026,Payment,0.00,"1,188.54","65,250.09"
ID13534,24-Mar-2026,Transfer,"1,814.23",0.00,"94,605.50"
ID13534,20-Jan-2026,Charge,0.00,236.27,"59,447.66"
ID13534,11-Mar-2026,Transfer,0.00,"1,016.51","95,596.31"
ID13534,30-Jan-2026,Transfer,167.63,0.00,"7,987.59"
ID13534,10-Feb-2026,Direct Deposit,"1,551.88",0.00,"41,950.75"
ID13534,28-Jan-2026,Payment,0.00,52.80,"51,821.39"
ID13534,20-Mar-2026,Direct Deposit,"2,152.60",0.00,"56,703.29"
ID13534,09-Jan-2026,ATM Withdrawal,0.00,846.49,"45,333.16"
ID13534,28-Feb-2026,Direct Deposit,"3,242.00",0.00,"95,672.49"
ID13534,10-Jan-2026,Transfer,0.00,507.35,"34,255.37"
ID13534,13-Jan-2026,Charge,0.00,584.51,"72,849.60"
ID13534,23-Jan-2026,Interest,143.21,0.00,"71,799.11"
ID13534,13-Mar-2026,Transfer,"1,092.14",0.00,"55,801.27"
ID13534,25-Jan-2026,Direct Deposit,"1,906.02",0.00,"71,901.15"
ID13535,07-Jan-2026,Charge,0.00,52.30,"98,386.34"
ID13535,03-Mar-2026,Debit Card,0.00,411.41,"27,162.93"
ID13535,23-Feb-2026,Charge,0.00,546.85,"12,827.75"
ID13535,08-Feb-2026,Reversal,"1,700.71",0.00,"67,713.55"
ID13535,27-Feb-2026,Transfer,196.94,0.00,"74,181.27"
ID13535,23-Jan-2026,Interest,499.60,0.00,"87,753.56"
ID13535,03-Apr-2026,Transfer,939.92,0.00,"7,633.19"
ID13535,09-Jan-2026,Debit Card,0.00,885.11,"27,760.33"
ID13535,29-Mar-2026,Reversal,0.00,66.21,"58,798.98"
ID13535,31-Jan-2026,Transfer,0.00,"1,358.81","99,580.75"
ID13535,26-Feb-2026,Reversal,"1,846.56",0.00,"44,297.33"
ID13535,15-Mar-2026,Debit Card,0.00,715.84,"81,037.35"
ID13535,04-Mar-2026,Debit Card,0.00,334.22,"54,145.88"
ID13535,14-Feb-2026,ATM Withdrawal,0.00,434.31,"50,001.27"
ID13535,15-Feb-2026,Interest,76.49,0.00,"12,156.41"
ID13535,25-Mar-2026,Transfer,0.00,762.09,"46,955.79"
ID13535,11-Feb-2026,Payment,"1,709.06",0.00,"97,544.57"
ID13535,22-Mar-2026,Direct Deposit,"1,376.31",0.00,"11,345.04"
ID13535,04-Mar-2026,Direct Deposit,"2,697.39",0.00,"66,180.79"
ID13535,15-Feb-2026,Reversal,0.00,927.60,"78,418.13"
ID13536,01-Apr-2026,Payment,0.00,506.16,"44,628.36"
ID13536,27-Mar-2026,Payment,795.73,0.00,"21,697.28"
ID13536,08-Jan-2026,Payment,0.00,174.60,"76,312.03"
ID13536,13-Jan-2026,Payment,368.70,0.00,"98,779.15"
ID13536,24-Feb-2026,Reversal,0.00,"1,217.61","78,505.68"
ID13536,23-Feb-2026,Transfer,"1,433.89",0.00,"76,737.30"
ID13536,07-Mar-2026,Interest,435.96,0.00,"16,996.72"
ID13536,29-Jan-2026,ATM Withdrawal,0.00,343.05,"53,119.30"
ID13536,11-Feb-2026,Debit Card,0.00,917.35,"86,664.69"
ID13536,05-Jan-2026,Payment,0.00,809.53,"57,576.95"
ID13536,14-Jan-2026,Direct Deposit,"4,280.36",0.00,"97,192.32"
ID13536,23-Jan-2026,ATM Withdrawal,0.00,853.64,"48,168.78"
ID13536,24-Mar-2026,Transfer,"1,145.96",0.00,"6,774.98"
ID13536,24-Mar-2026,Debit Card,0.00,470.27,"38,331.84"
ID13536,23-Jan-2026,Payment,0.00,422.18,"16,079.38"
ID13536,05-Mar-2026,Reversal,0.00,468.83,"7,435.12"
ID13536,11-Mar-2026,Charge,0.00,204.58,"89,645.02"
ID13536,11-Jan-2026,Transfer,0.00,435.58,"68,831.62"
ID13536,12-Mar-2026,Direct Deposit,"2,970.39",0.00,"49,506.03"
ID13536,24-Jan-2026,Debit Card,0.00,609.59,"35,530.98"
ID13537,14-Jan-2026,Payment,0.00,289.66,"81,076.67"
ID13537,03-Apr-2026,Charge,0.00,258.57,"60,519.27"
ID13537,30-Mar-2026,Charge,0.00,709.07,"55,985.41"
ID13537,09-Feb-2026,Direct Deposit,"4,434.13",0.00,"95,346.98"
ID13537,21-Feb-2026,Transfer,842.23,0.00,"47,083.48"
ID13537,13-Mar-2026,Interest,390.61,0.00,"91,040.15"
ID13537,28-Feb-2026,ATM Withdrawal,0.00,341.23,"55,897.37"
ID13537,16-Jan-2026,Charge,0.00,335.83,"35,406.81"
ID13537,14-Mar-2026,Payment,"1,097.49",0.00,"12,533.09"
ID13537,03-Feb-2026,Charge,0.00,871.13,"68,671.53"
ID13537,26-Jan-2026,Charge,0.00,355.63,"64,852.24"
ID13537,18-Jan-2026,Debit Card,0.00,591.64,"18,592.13"
ID13537,24-Jan-2026,Charge,0.00,358.83,"54,840.73"
ID13537,10-Feb-2026,Charge,0.00,708.50,"64,980.02"
ID13537,26-Feb-2026,Direct Deposit,"2,477.00",0.00,"14,820.58"
ID13537,22-Mar-2026,Transfer,759.07,0.00,"28,073.11"
ID13537,22-Jan-2026,Debit Card,0.00,576.37,"9,015.24"
ID13537,05-Jan-2026,Charge,0.00,873.68,"90,492.05"
ID13537,17-Feb-2026,Direct Deposit,"3,047.59",0.00,"35,328.82"
ID13537,08-Jan-2026,Transfer,230.91,0.00,"33,251.66"
ID13538,21-Mar-2026,Payment,0.00,603.16,"41,416.66"
ID13538,29-Mar-2026,Direct Deposit,"2,144.64",0.00,"87,491.34"
ID13538,14-Jan-2026,Transfer,0.00,216.77,"58,026.55"
ID13538,12-Feb-2026,Transfer,643.14,0.00,"65,000.87"
ID13538,01-Mar-2026,ATM Withdrawal,0.00,983.82,"95,975.03"
ID13538,19-Jan-2026,Debit Card,0.00,857.14,"35,319.84"
ID13538,07-Feb-2026,ATM Withdrawal,0.00,617.58,"59,470.28"
ID13538,02-Mar-2026,ATM Withdrawal,0.00,511.85,"86,743.90"
ID13538,11-Feb-2026,Charge,0.00,971.21,"71,952.28"
ID13538,24-Jan-2026,Reversal,271.56,0.00,"68,907.69"
ID13538,03-Mar-2026,Reversal,600.26,0.00,"61,953.36"
ID13538,07-Feb-2026,Reversal,"1,327.60",0.00,"48,939.05"
ID13538,25-Feb-2026,ATM Withdrawal,0.00,38.64,"16,587.48"
ID13538,03-Jan-2026,Charge,0.00,355.49,"58,503.79"
ID13538,28-Feb-2026,Reversal,988.32,0.00,"70,994.54"
ID13538,03-Feb-2026,Interest,438.59,0.00,"57,296.39"
ID13538,28-Feb-2026,Interest,75.96,0.00,"11,873.50"
ID13538,26-Jan-2026,Direct Deposit,"2,327.14",0.00,"92,684.36"
ID13538,04-Jan-2026,Reversal,0.00,950.95,"98,292.31"
ID13538,25-Jan-2026,Payment,390.74,0.00,"47,184.90"
ID13539,24-Jan-2026,Payment,"1,771.03",0.00,"87,856.51"
ID13539,18-Feb-2026,Reversal,342.50,0.00,"81,681.40"
ID13539,11-Mar-2026,Direct Deposit,"3,690.45",0.00,"86,818.36"
ID13539,06-Mar-2026,Interest,294.98,0.00,"67,913.42"
ID13539,17-Jan-2026,Reversal,0.00,"1,047.77","7,353.87"
ID13539,10-Jan-2026,Debit Card,0.00,136.07,"6,058.21"
ID13539,29-Mar-2026,Interest,399.13,0.00,"23,646.75"
ID13539,16-Jan-2026,Reversal,0.00,"1,218.18","74,808.20"
ID13539,26-Feb-2026,Payment,"1,589.48",0.00,"14,333.39"
ID13539,08-Jan-2026,Transfer,0.00,"1,216.56","6,946.02"
ID13539,28-Feb-2026,Debit Card,0.00,89.75,"11,337.25"
ID13539,30-Mar-2026,Payment,"1,125.66",0.00,"15,962.07"
ID13539,22-Jan-2026,ATM Withdrawal,0.00,490.36,"60,564.20"
ID13539,17-Mar-2026,Transfer,"1,858.66",0.00,"88,201.82"
ID13539,07-Mar-2026,Interest,130.57,0.00,"77,355.64"
ID13539,15-Feb-2026,Interest,373.90,0.00,"66,239.27"
ID13539,07-Mar-2026,Transfer,0.00,"1,452.81","58,842.07"
ID13539,16-Mar-2026,ATM Withdrawal,0.00,998.43,"78,309.75"
ID13539,07-Feb-2026,ATM Withdrawal,0.00,122.34,"87,957.50"
ID13539,20-Feb-2026,Interest,248.66,0.00,"42,044.28"
ID13540,03-Mar-2026,Transfer,0.00,673.85,"96,615.47"
ID13540,25-Jan-2026,Debit Card,0.00,305.41,"55,689.90"
ID13540,26-Feb-2026,Charge,0.00,289.76,"55,490.37"
ID13540,19-Feb-2026,Charge,0.00,894.83,"16,535.92"
ID13540,07-Mar-2026,ATM Withdrawal,0.00,238.37,"26,590.33"
ID13540,28-Jan-2026,Reversal,0.00,"1,252.00","8,099.19"
ID13540,11-Feb-2026,Charge,0.00,899.63,"4,155.27"
ID13540,12-Feb-2026,Debit Card,0.00,291.19,"49,629.01"
ID13540,11-Mar-2026,Debit Card,0.00,531.25,"54,705.78"
ID13540,05-Mar-2026,Reversal,0.00,122.59,"43,605.35"
ID13540,07-Jan-2026,Payment,0.00,716.86,"36,331.65"
ID13540,06-Jan-2026,Payment,285.48,0.00,"38,737.95"
ID13540,09-Mar-2026,Direct Deposit,647.92,0.00,"32,163.98"
ID13540,15-Mar-2026,Payment,"1,913.89",0.00,"73,033.03"
ID13540,07-Jan-2026,Interest,133.67,0.00,"78,126.23"
ID13540,31-Jan-2026,Transfer,0.00,955.60,"47,920.99"
ID13540,24-Feb-2026,Payment,743.10,0.00,"9,563.68"
ID13540,09-Mar-2026,Direct Deposit,"2,802.92",0.00,"93,416.72"
ID13540,03-Mar-2026,Charge,0.00,390.52,"98,400.73"
ID13540,21-Jan-2026,Interest,244.35,0.00,"21,586.64"
ID13541,15-Mar-2026,Transfer,0.00,"1,011.76","2,415.75"
ID13541,21-Jan-2026,Debit Card,0.00,633.14,"24,173.00"
ID13541,07-Feb-2026,Reversal,0.00,474.57,"92,992.29"
ID13541,23-Mar-2026,Payment,686.92,0.00,"33,366.39"
ID13541,31-Mar-2026,Direct Deposit,"2,418.92",0.00,"82,913.77"
ID13541,02-Feb-2026,Payment,0.00,393.51,"3,358.17"
ID13541,17-Mar-2026,Payment,618.67,0.00,"63,246.80"
ID13541,20-Mar-2026,Payment,0.00,"1,041.18","2,761.76"
ID13541,27-Jan-2026,Direct Deposit,902.03,0.00,"19,214.85"
ID13541,11-Jan-2026,Transfer,"1,383.70",0.00,"14,686.61"
ID13541,11-Mar-2026,Interest,95.95,0.00,"84,232.76"
ID13541,15-Feb-2026,Reversal,0.00,113.10,"44,700.78"
ID13541,24-Mar-2026,ATM Withdrawal,0.00,279.16,"85,192.22"
ID13541,21-Mar-2026,Transfer,0.00,"1,025.67","27,303.04"
ID13541,20-Mar-2026,ATM Withdrawal,0.00,812.95,"69,379.34"
ID13541,23-Mar-2026,Payment,0.00,896.61,"7,001.03"
ID13541,13-Jan-2026,ATM Withdrawal,0.00,835.24,"89,629.99"
ID13541,03-Mar-2026,Charge,0.00,308.40,"33,592.30"
ID13541,15-Mar-2026,Debit Card,0.00,561.23,"27,643.82"
ID13541,07-Mar-2026,Direct Deposit,"4,545.36",0.00,"38,400.96"
ID13542,07-Mar-2026,Charge,0.00,139.71,"43,704.60"
ID13542,15-Mar-2026,Payment,0.00,911.24,"33,854.75"
ID13542,01-Apr-2026,Transfer,0.00,"1,302.69","11,134.76"
ID13542,04-Jan-2026,Charge,0.00,298.60,"54,248.05"
ID13542,13-Mar-2026,Reversal,0.00,"1,022.43","41,328.14"
ID13542,21-Mar-2026,Charge,0.00,362.16,"37,174.15"
ID13542,23-Feb-2026,ATM Withdrawal,0.00,528.58,"60,283.91"
ID13542,13-Feb-2026,Direct Deposit,"1,338.83",0.00,"59,454.11"
ID13542,08-Jan-2026,Interest,310.69,0.00,"65,640.80"
ID13542,22-Feb-2026,Reversal,336.75,0.00,"67,628.51"
ID13542,21-Feb-2026,Reversal,0.00,"1,372.06","47,781.11"
ID13542,01-Mar-2026,Interest,433.89,0.00,"96,088.05"
ID13542,06-Mar-2026,Payment,"1,893.10",0.00,"71,490.39"
ID13542,04-Feb-2026,Debit Card,0.00,627.56,"58,617.87"
ID13542,10-Mar-2026,Payment,0.00,"1,417.58","4,852.61"
ID13542,18-Feb-2026,Interest,376.13,0.00,"50,470.24"
ID13542,23-Feb-2026,Charge,0.00,336.95,"40,140.27"
ID13542,09-Jan-2026,Direct Deposit,"1,065.36",0.00,"95,091.61"
ID13542,02-Mar-2026,Reversal,"1,896.50",0.00,"90,423.50"
ID13542,06-Jan-2026,Transfer,0.00,57.94,"14,300.81"
ID13543,19-Feb-2026,Direct Deposit,792.66,0.00,"64,606.48"
ID13543,06-Feb-2026,ATM Withdrawal,0.00,340.37,"87,174.97"
ID13543,26-Jan-2026,Debit Card,0.00,466.66,"73,122.35"
ID13543,03-Jan-2026,Direct Deposit,675.71,0.00,"40,686.15"
ID13543,10-Feb-2026,Charge,0.00,113.30,"57,377.31"
ID13543,24-Feb-2026,Transfer,"1,520.73",0.00,"72,295.23"
ID13543,10-Feb-2026,ATM Withdrawal,0.00,298.37,"16,387.99"
ID13543,13-Jan-2026,Reversal,0.00,262.00,"18,905.57"
ID13543,01-Apr-2026,Debit Card,0.00,906.95,"88,270.07"
ID13543,22-Jan-2026,ATM Withdrawal,0.00,495.19,"48,186.71"
ID13543,10-Mar-2026,Payment,0.00,"1,443.39","54,686.06"
ID13543,05-Feb-2026,Interest,247.63,0.00,"75,134.57"
ID13543,09-Jan-2026,Reversal,"1,694.10",0.00,"48,232.62"
ID13543,21-Jan-2026,Payment,587.66,0.00,"53,281.06"
ID13543,28-Mar-2026,Payment,839.22,0.00,"94,211.32"
ID13543,19-Mar-2026,Transfer,0.00,"1,275.22","82,241.59"
ID13543,19-Mar-2026,Charge,0.00,60.26,"65,041.58"
ID13543,17-Jan-2026,ATM Withdrawal,0.00,214.53,"81,545.32"
ID13543,01-Feb-2026,ATM Withdrawal,0.00,826.75,"93,021.83"
ID13543,07-Feb-2026,Debit Card,0.00,462.18,"17,742.44"
ID13544,29-Jan-2026,ATM Withdrawal,0.00,557.01,"76,719.39"
ID13544,28-Feb-2026,Interest,389.70,0.00,"84,766.46"
ID13544,04-Jan-2026,Transfer,701.14,0.00,"74,903.25"
ID13544,16-Feb-2026,Debit Card,0.00,905.36,"55,822.75"
ID13544,11-Feb-2026,ATM Withdrawal,0.00,371.64,"87,560.63"
ID13544,28-Feb-2026,Transfer,0.00,864.88,"80,362.48"
ID13544,28-Feb-2026,Payment,0.00,540.90,"92,706.60"
ID13544,16-Mar-2026,Payment,"1,930.61",0.00,"97,466.40"
ID13544,24-Jan-2026,Debit Card,0.00,309.05,"29,869.75"
ID13544,10-Jan-2026,Payment,0.00,460.66,"72,151.52"
ID13544,23-Mar-2026,Transfer,317.12,0.00,"91,662.78"
ID13544,06-Jan-2026,Payment,0.00,954.25,"14,012.25"
ID13544,25-Jan-2026,ATM Withdrawal,0.00,984.55,"34,507.00"
ID13544,28-Jan-2026,ATM Withdrawal,0.00,537.54,"40,499.19"
ID13544,12-Feb-2026,Debit Card,0.00,742.73,"78,801.38"
ID13544,28-Feb-2026,Direct Deposit,"3,592.38",0.00,"19,973.48"
ID13544,20-Feb-2026,ATM Withdrawal,0.00,353.30,"88,777.47"
ID13544,05-Jan-2026,Charge,0.00,419.64,"23,395.63"
ID13544,14-Jan-2026,Transfer,"1,897.94",0.00,"48,864.39"
ID13544,11-Mar-2026,Direct Deposit,"1,707.63",0.00,"58,997.36"
ID13545,26-Jan-2026,Direct Deposit,"3,708.18",0.00,"44,193.27"
ID13545,21-Feb-2026,Direct Deposit,837.03,0.00,"70,732.20"
ID13545,24-Mar-2026,Transfer,967.75,0.00,"91,521.09"
ID13545,14-Feb-2026,Interest,69.44,0.00,"18,496.53"
ID13545,05-Mar-2026,Direct Deposit,"1,328.79",0.00,"2,785.18"
ID13545,19-Feb-2026,Direct Deposit,"1,511.99",0.00,"96,282.73"
ID13545,06-Jan-2026,Reversal,0.00,740.02,"57,061.57"
ID13545,05-Feb-2026,Charge,0.00,783.28,"7,194.92"
ID13545,25-Mar-2026,Transfer,0.00,487.50,"85,281.08"
ID13545,03-Apr-2026,Payment,820.55,0.00,"98,885.57"
ID13545,11-Mar-2026,ATM Withdrawal,0.00,480.45,"38,184.36"
ID13545,08-Mar-2026,Charge,0.00,643.19,"6,407.64"
ID13545,29-Mar-2026,Direct Deposit,"2,300.17",0.00,"23,346.11"
ID13545,15-Jan-2026,Direct Deposit,"4,070.07",0.00,"25,278.44"
ID13545,22-Feb-2026,ATM Withdrawal,0.00,243.80,"98,619.80"
ID13545,29-Jan-2026,Interest,140.52,0.00,"17,896.65"
ID13545,11-Jan-2026,Charge,0.00,851.57,"35,481.47"
ID13545,11-Mar-2026,Charge,0.00,145.18,"79,646.11"
ID13545,21-Jan-2026,Charge,0.00,682.94,"92,676.07"
ID13545,02-Apr-2026,Transfer,0.00,984.59,"59,094.89"
ID13546,10-Feb-2026,Payment,0.00,380.76,"12,125.10"
ID13546,15-Jan-2026,Debit Card,0.00,484.17,"24,991.66"
ID13546,05-Feb-2026,Direct Deposit,"4,786.32",0.00,"87,091.54"
ID13546,30-Jan-2026,Direct Deposit,"1,798.51",0.00,"81,645.69"
ID13546,15-Mar-2026,Direct Deposit,"2,788.79",0.00,"4,196.65"
ID13546,23-Jan-2026,Direct Deposit,"2,380.15",0.00,"91,806.28"
ID13546,10-Jan-2026,ATM Withdrawal,0.00,736.88,"63,270.87"
ID13546,28-Feb-2026,Debit Card,0.00,475.39,"74,461.70"
ID13546,29-Jan-2026,Interest,48.30,0.00,"99,089.78"
ID13546,03-Jan-2026,Debit Card,0.00,338.46,"37,647.88"
ID13546,16-Mar-2026,Debit Card,0.00,491.24,"6,977.23"
ID13546,02-Apr-2026,Payment,680.30,0.00,"85,727.45"
ID13546,24-Jan-2026,Interest,377.21,0.00,"72,480.91"
ID13546,03-Jan-2026,ATM Withdrawal,0.00,196.48,"50,993.30"
ID13546,13-Feb-2026,Interest,110.67,0.00,"58,196.64"
ID13546,27-Mar-2026,Charge,0.00,431.39,"3,325.19"
ID13546,18-Mar-2026,Transfer,"1,649.57",0.00,"9,176.79"
ID13546,09-Jan-2026,Direct Deposit,764.48,0.00,"71,093.11"
ID13546,08-Feb-2026,Transfer,0.00,791.03,"98,308.42"
ID13546,10-Jan-2026,Reversal,0.00,623.48,"84,493.14"
ID13547,07-Mar-2026,Interest,117.91,0.00,"20,290.12"
ID13547,26-Mar-2026,Transfer,"1,669.40",0.00,"47,832.79"
ID13547,10-Mar-2026,Reversal,"1,449.15",0.00,"98,313.84"
ID13547,02-Mar-2026,Payment,0.00,"1,293.61","99,451.09"
ID13547,03-Feb-2026,Payment,0.00,"1,423.43","95,741.07"
ID13547,22-Mar-2026,ATM Withdrawal,0.00,915.53,"36,177.55"
ID13547,18-Jan-2026,Transfer,0.00,"1,442.48","72,564.14"
ID13547,23-Feb-2026,Charge,0.00,60.05,"14,749.76"
ID13547,17-Jan-2026,Payment,0.00,599.57,"31,285.16"
ID13547,21-Mar-2026,Debit Card,0.00,995.78,"97,403.10"
ID13547,04-Jan-2026,ATM Withdrawal,0.00,137.32,"9,090.43"
ID13547,09-Jan-2026,Reversal,0.00,412.16,"42,652.64"
ID13547,09-Mar-2026,Reversal,887.24,0.00,"7,849.82"
ID13547,21-Jan-2026,Interest,277.91,0.00,"3,809.59"
ID13547,25-Mar-2026,Interest,330.23,0.00,"85,431.87"
ID13547,22-Mar-2026,Charge,0.00,323.11,"89,111.11"
ID13547,25-Feb-2026,Transfer,908.88,0.00,"80,730.26"
ID13547,22-Feb-2026,Transfer,"1,968.74",0.00,"44,045.88"
ID13547,25-Mar-2026,Transfer,0.00,901.31,"61,068.52"
ID13547,30-Jan-2026,ATM Withdrawal,0.00,668.37,"86,061.55"
ID13548,04-Mar-2026,Transfer,"1,288.48",0.00,"69,401.23"
ID13548,14-Jan-2026,Payment,0.00,130.71,"37,354.41"
ID13548,02-Apr-2026,Charge,0.00,579.66,"40,193.01"
ID13548,31-Mar-2026,Reversal,0.00,849.86,"55,085.60"
ID13548,10-Mar-2026,Debit Card,0.00,195.96,"91,331.03"
ID13548,23-Mar-2026,Transfer,238.84,0.00,"10,261.41"
ID13548,16-Jan-2026,Interest,438.32,0.00,"55,410.65"
ID13548,31-Jan-2026,Transfer,0.00,"1,499.86","61,270.46"
ID13548,20-Jan-2026,Payment,0.00,858.21,"44,780.25"
ID13548,10-Jan-2026,Direct Deposit,"2,911.54",0.00,"51,230.09"
ID13548,23-Jan-2026,Transfer,"1,726.06",0.00,"95,106.75"
ID13548,25-Feb-2026,Transfer,0.00,404.31,"89,481.83"
ID13548,15-Mar-2026,Direct Deposit,"2,740.22",0.00,"1,007.08"
ID13548,24-Feb-2026,Payment,306.21,0.00,"17,673.00"
ID13548,26-Feb-2026,Direct Deposit,"2,653.46",0.00,"70,194.45"
ID13548,06-Mar-2026,Transfer,0.00,79.47,"80,221.98"
ID13548,16-Mar-2026,Payment,0.00,474.40,"24,799.13"
ID13548,23-Feb-2026,Charge,0.00,61.76,"65,744.61"
ID13548,03-Jan-2026,Reversal,0.00,397.28,"36,944.94"
ID13548,20-Jan-2026,ATM Withdrawal,0.00,992.59,"61,971.80"
ID13549,22-Feb-2026,Transfer,"1,143.16",0.00,"78,229.55"
ID13549,28-Feb-2026,Payment,"1,297.58",0.00,"68,407.73"
ID13549,18-Jan-2026,Interest,469.47,0.00,"31,341.80"
ID13549,21-Feb-2026,Charge,0.00,84.06,"93,992.06"
ID13549,20-Feb-2026,Payment,0.00,"1,441.38","55,416.64"
ID13549,03-Jan-2026,Interest,27.31,0.00,"46,781.38"
ID13549,03-Feb-2026,Interest,118.63,0.00,"69,424.69"
ID13549,29-Mar-2026,Debit Card,0.00,141.77,"77,446.20"
ID13549,15-Feb-2026,Transfer,0.00,895.51,"85,876.99"
ID13549,10-Mar-2026,Reversal,"1,914.98",0.00,"54,645.36"
ID13549,28-Feb-2026,Debit Card,0.00,814.80,"56,933.51"
ID13549,05-Mar-2026,Charge,0.00,873.38,"52,830.82"
ID13549,02-Mar-2026,Direct Deposit,"1,196.41",0.00,"6,778.73"
ID13549,20-Mar-2026,Payment,143.26,0.00,"81,418.85"
ID13549,24-Feb-2026,ATM Withdrawal,0.00,226.73,"56,574.44"
ID13549,07-Jan-2026,Payment,0.00,846.23,"53,282.98"
ID13549,06-Jan-2026,Payment,0.00,"1,414.69","28,077.39"
ID13549,22-Jan-2026,Reversal,"1,157.04",0.00,"27,366.65"
ID13549,27-Mar-2026,Transfer,0.00,928.30,"39,820.85"
ID13549,14-Feb-2026,Charge,0.00,544.11,"18,077.01"
ID13550,24-Feb-2026,ATM Withdrawal,0.00,578.23,"9,968.62"
ID13550,28-Feb-2026,ATM Withdrawal,0.00,447.54,"53,426.52"
ID13550,23-Feb-2026,Transfer,0.00,580.20,"45,614.43"
ID13550,08-Feb-2026,Charge,0.00,523.36,"89,841.71"
ID13550,16-Mar-2026,Interest,455.19,0.00,"43,124.56"
ID13550,11-Mar-2026,Payment,0.00,"1,471.15","56,518.93"
ID13550,08-Jan-2026,Reversal,0.00,368.40,"44,079.11"
ID13550,18-Jan-2026,Charge,0.00,381.33,"86,969.97"
ID13550,06-Feb-2026,Reversal,"1,175.31",0.00,"85,923.01"
ID13550,08-Feb-2026,ATM Withdrawal,0.00,769.85,"30,316.97"
ID13550,26-Feb-2026,Direct Deposit,"3,489.90",0.00,"54,306.52"
ID13550,07-Jan-2026,Reversal,0.00,324.02,"73,828.54"
ID13550,25-Feb-2026,Direct Deposit,"1,128.92",0.00,"92,939.89"
ID13550,08-Jan-2026,Debit Card,0.00,107.78,"71,773.76"
ID13550,01-Apr-2026,ATM Withdrawal,0.00,446.96,"14,099.14"
ID13550,30-Mar-2026,Charge,0.00,550.63,"62,315.31"
ID13550,22-Jan-2026,Reversal,0.00,283.37,"89,382.91"
ID13550,11-Feb-2026,Transfer,0.00,"1,005.13","59,470.46"
ID13550,14-Mar-2026,Direct Deposit,"2,455.47",0.00,"12,834.22"
ID13550,28-Jan-2026,Interest,50.21,0.00,"91,143.07"
ID13551,27-Mar-2026,Interest,361.31,0.00,"44,388.78"
ID13551,23-Feb-2026,Transfer,417.19,0.00,"52,709.78"
ID13551,07-Feb-2026,Interest,41.10,0.00,"82,637.84"
ID13551,23-Feb-2026,Direct Deposit,"1,017.84",0.00,"24,434.75"
ID13551,04-Feb-2026,Charge,0.00,371.67,"85,386.37"
ID13551,09-Mar-2026,Interest,254.74,0.00,"30,714.73"
ID13551,25-Mar-2026,Charge,0.00,771.71,"74,740.09"
ID13551,16-Jan-2026,Reversal,0.00,594.59,"29,566.00"
ID13551,18-Mar-2026,Payment,255.25,0.00,"74,230.33"
ID13551,02-Mar-2026,Reversal,"1,506.02",0.00,"16,033.50"
ID13551,24-Feb-2026,Debit Card,0.00,43.47,"31,142.99"
ID13551,04-Jan-2026,Charge,0.00,334.35,"36,828.97"
ID13551,07-Jan-2026,Payment,0.00,733.67,"95,807.87"
ID13551,06-Jan-2026,Interest,21.20,0.00,"14,853.46"
ID13551,17-Feb-2026,Interest,125.16,0.00,"38,478.63"
ID13551,14-Jan-2026,Payment,0.00,"1,247.51","45,943.79"
ID13551,02-Apr-2026,Charge,0.00,255.96,"5,542.40"
ID13551,26-Mar-2026,Debit Card,0.00,886.58,"9,259.82"
ID13551,30-Jan-2026,Direct Deposit,"2,800.80",0.00,"18,706.93"
ID13551,10-Jan-2026,Reversal,838.73,0.00,"91,666.00"
ID13552,14-Jan-2026,Reversal,0.00,"1,417.94","44,626.26"
ID13552,17-Jan-2026,ATM Withdrawal,0.00,495.92,"21,179.88"
ID13552,16-Mar-2026,Debit Card,0.00,382.99,"43,940.22"
ID13552,25-Mar-2026,Direct Deposit,"1,311.87",0.00,"70,313.70"
ID13552,10-Jan-2026,Reversal,0.00,"1,310.63","90,226.15"
ID13552,23-Jan-2026,Charge,0.00,116.18,"7,510.21"
ID13552,02-Apr-2026,Direct Deposit,"4,643.41",0.00,"31,394.09"
ID13552,19-Mar-2026,Debit Card,0.00,601.46,"51,899.44"
ID13552,18-Mar-2026,Direct Deposit,"2,715.79",0.00,"43,126.67"
ID13552,09-Jan-2026,Transfer,0.00,449.07,"87,813.58"
ID13552,09-Jan-2026,Transfer,0.00,761.81,"5,776.91"
ID13552,09-Mar-2026,Reversal,0.00,131.07,"11,465.04"
ID13552,18-Jan-2026,Charge,0.00,378.84,"81,116.83"
ID13552,22-Mar-2026,Payment,"1,810.90",0.00,"42,615.68"
ID13552,07-Feb-2026,Direct Deposit,"1,227.16",0.00,"19,016.59"
ID13552,03-Feb-2026,Payment,0.00,"1,063.97","83,195.15"
ID13552,21-Mar-2026,Charge,0.00,714.46,"94,232.20"
ID13552,19-Mar-2026,Debit Card,0.00,717.66,"22,339.79"
ID13552,18-Feb-2026,Direct Deposit,"1,665.17",0.00,"33,166.13"
ID13552,05-Feb-2026,ATM Withdrawal,0.00,346.59,"64,010.51"
ID13553,19-Jan-2026,Charge,0.00,660.20,"92,045.30"
ID13553,21-Jan-2026,Interest,231.82,0.00,"27,674.92"
ID13553,25-Feb-2026,Debit Card,0.00,602.36,"43,523.03"
ID13553,21-Jan-2026,Interest,149.49,0.00,"75,331.21"
ID13553,31-Mar-2026,Direct Deposit,"4,128.49",0.00,"51,787.39"
ID13553,08-Feb-2026,Transfer,0.00,"1,452.89","59,753.78"
ID13553,30-Mar-2026,Transfer,0.00,428.11,"60,102.24"
ID13553,21-Mar-2026,Reversal,0.00,"1,490.27","20,920.92"
ID13553,04-Jan-2026,Interest,212.73,0.00,"83,463.56"
ID13553,17-Mar-2026,Interest,255.56,0.00,"67,310.97"
ID13553,21-Mar-2026,Interest,237.34,0.00,"91,459.55"
ID13553,20-Mar-2026,Debit Card,0.00,57.17,"80,000.56"
ID13553,05-Feb-2026,Direct Deposit,"2,682.31",0.00,"44,021.47"
ID13553,17-Mar-2026,Charge,0.00,803.00,"66,758.46"
ID13553,07-Feb-2026,Debit Card,0.00,969.37,"40,729.67"
ID13553,16-Mar-2026,ATM Withdrawal,0.00,928.14,"92,214.10"
ID13553,09-Jan-2026,Reversal,"1,825.69",0.00,"83,800.44"
ID13553,06-Mar-2026,Reversal,852.39,0.00,"95,022.77"
ID13553,24-Jan-2026,ATM Withdrawal,0.00,355.10,"78,995.79"
ID13553,08-Jan-2026,ATM Withdrawal,0.00,264.54,"45,429.79"
ID13554,03-Jan-2026,Direct Deposit,"3,193.47",0.00,"85,621.93"
ID13554,02-Mar-2026,Interest,196.82,0.00,"31,276.29"
ID13554,25-Mar-2026,Transfer,0.00,922.86,"27,765.60"
ID13554,17-Mar-2026,ATM Withdrawal,0.00,123.10,"74,092.97"
ID13554,13-Feb-2026,Charge,0.00,922.39,"7,109.44"
ID13554,09-Jan-2026,Charge,0.00,953.34,"18,887.51"
ID13554,29-Jan-2026,ATM Withdrawal,0.00,640.87,"73,094.92"
ID13554,19-Jan-2026,Reversal,144.73,0.00,"66,469.55"
ID13554,15-Feb-2026,Interest,300.28,0.00,"34,111.64"
ID13554,06-Mar-2026,Reversal,850.26,0.00,"39,319.52"
ID13554,18-Jan-2026,Reversal,840.78,0.00,"79,891.78"
ID13554,13-Feb-2026,Direct Deposit,"3,236.46",0.00,"47,523.00"
ID13554,16-Feb-2026,Interest,162.52,0.00,"11,866.88"
ID13554,25-Feb-2026,Direct Deposit,"1,489.52",0.00,"42,308.20"
ID13554,16-Mar-2026,Direct Deposit,"4,902.72",0.00,"76,518.36"
ID13554,01-Mar-2026,Direct Deposit,"4,051.55",0.00,"68,266.84"
ID13554,15-Feb-2026,Debit Card,0.00,563.02,"7,536.20"
ID13554,20-Feb-2026,Charge,0.00,67.48,"14,982.42"
ID13554,07-Feb-2026,Debit Card,0.00,977.81,"24,779.90"
ID13554,14-Mar-2026,Debit Card,0.00,347.03,"58,903.31"
ID13555,08-Mar-2026,Debit Card,0.00,701.41,"16,223.39"
ID13555,09-Feb-2026,Interest,114.23,0.00,"46,041.69"
ID13555,18-Mar-2026,Payment,0.00,869.29,"6,905.44"
ID13555,26-Jan-2026,Interest,276.45,0.00,"26,252.29"
ID13555,13-Jan-2026,Payment,842.53,0.00,"87,077.67"
ID13555,02-Mar-2026,Interest,180.61,0.00,"78,304.08"
ID13555,14-Feb-2026,ATM Withdrawal,0.00,602.42,"42,763.08"
ID13555,27-Mar-2026,Reversal,"1,269.61",0.00,"82,140.43"
ID13555,14-Feb-2026,Interest,344.41,0.00,"54,076.88"
ID13555,26-Feb-2026,Payment,0.00,"1,128.39","93,490.84"
ID13555,20-Mar-2026,ATM Withdrawal,0.00,239.90,"4,446.27"
ID13555,06-Feb-2026,Direct Deposit,"2,269.97",0.00,"58,414.22"
ID13555,24-Feb-2026,Interest,230.34,0.00,"30,423.17"
ID13555,05-Feb-2026,Interest,434.46,0.00,"97,871.96"
ID13555,09-Feb-2026,Payment,112.86,0.00,"58,812.29"
ID13555,10-Mar-2026,Debit Card,0.00,817.81,"31,337.44"
ID13555,31-Jan-2026,ATM Withdrawal,0.00,219.31,"1,867.52"
ID13555,22-Jan-2026,Charge,0.00,254.80,"25,915.58"
ID13555,25-Mar-2026,Debit Card,0.00,151.33,"21,669.28"
ID13555,15-Mar-2026,ATM Withdrawal,0.00,651.18,"74,880.98"
ID13556,03-Feb-2026,ATM Withdrawal,0.00,698.00,"60,302.21"
ID13556,10-Feb-2026,Debit Card,0.00,119.47,"85,200.24"
ID13556,06-Mar-2026,Reversal,0.00,615.61,"80,470.06"
ID13556,23-Mar-2026,Interest,446.07,0.00,"47,743.70"
ID13556,05-Feb-2026,Reversal,0.00,334.75,"10,266.54"
ID13556,04-Feb-2026,Debit Card,0.00,628.73,"20,852.26"
ID13556,26-Mar-2026,Direct Deposit,962.15,0.00,"45,063.68"
ID13556,01-Feb-2026,Charge,0.00,980.99,"51,279.65"
ID13556,09-Feb-2026,Payment,0.00,397.40,"45,552.03"
ID13556,05-Mar-2026,Direct Deposit,"3,436.20",0.00,"87,268.96"
ID13556,02-Mar-2026,Interest,498.45,0.00,"87,510.77"
ID13556,31-Mar-2026,Charge,0.00,410.32,"33,249.16"
ID13556,04-Mar-2026,Reversal,661.71,0.00,"70,400.20"
ID13556,17-Feb-2026,Debit Card,0.00,666.03,"19,734.31"
ID13556,31-Jan-2026,Debit Card,0.00,170.94,"2,839.23"
ID13556,11-Mar-2026,Charge,0.00,446.27,"53,430.69"
ID13556,06-Feb-2026,Interest,479.64,0.00,"58,691.84"
ID13556,28-Jan-2026,Interest,294.11,0.00,"1,155.77"
ID13556,10-Feb-2026,Reversal,387.60,0.00,"1,041.46"
ID13556,15-Feb-2026,Direct Deposit,"3,587.66",0.00,"71,329.41"
ID13557,06-Mar-2026,Debit Card,0.00,924.40,"54,123.11"
ID13557,21-Feb-2026,Charge,0.00,64.23,"39,786.64"
ID13557,19-Feb-2026,Debit Card,0.00,227.93,"65,484.51"
ID13557,22-Feb-2026,Payment,128.61,0.00,"71,221.49"
ID13557,28-Feb-2026,Payment,0.00,"1,432.19","68,302.62"
ID13557,22-Mar-2026,Interest,231.92,0.00,"51,279.40"
ID13557,27-Feb-2026,Direct Deposit,"2,624.65",0.00,"21,876.97"
ID13557,13-Jan-2026,Reversal,693.35,0.00,"44,497.84"
ID13557,07-Feb-2026,Direct Deposit,"3,306.66",0.00,"83,844.51"
ID13557,08-Jan-2026,ATM Withdrawal,0.00,735.75,"92,412.43"
ID13557,23-Feb-2026,Interest,341.04,0.00,"2,551.00"
ID13557,29-Mar-2026,Transfer,545.69,0.00,"58,227.77"
ID13557,16-Feb-2026,Direct Deposit,"3,042.61",0.00,"28,485.24"
ID13557,01-Apr-2026,Reversal,"1,383.17",0.00,"56,986.07"
ID13557,21-Feb-2026,Payment,0.00,375.88,"60,499.18"
ID13557,28-Feb-2026,Debit Card,0.00,59.93,"28,595.92"
ID13557,31-Jan-2026,Payment,0.00,"1,478.09","87,023.88"
ID13557,08-Jan-2026,Debit Card,0.00,419.03,"84,531.84"
ID13557,31-Jan-2026,Payment,154.11,0.00,"77,766.15"
ID13557,28-Mar-2026,Direct Deposit,"4,699.14",0.00,"18,851.12"
ID13558,02-Feb-2026,Debit Card,0.00,251.09,"72,772.38"
ID13558,05-Mar-2026,Interest,301.72,0.00,"30,544.02"
ID13558,13-Feb-2026,Payment,0.00,"1,093.98","25,702.46"
ID13558,26-Mar-2026,ATM Withdrawal,0.00,230.59,"6,740.23"
ID13558,25-Feb-2026,Interest,251.47,0.00,"61,699.31"
ID13558,03-Apr-2026,Charge,0.00,388.39,"48,596.33"
ID13558,03-Jan-2026,Payment,0.00,953.48,"36,562.24"
ID13558,01-Mar-2026,ATM Withdrawal,0.00,171.83,"45,413.83"
ID13558,17-Mar-2026,Direct Deposit,"3,806.02",0.00,"40,284.06"
ID13558,26-Mar-2026,Charge,0.00,455.05,"91,821.95"
ID13558,10-Mar-2026,Interest,339.37,0.00,"52,465.25"
ID13558,22-Jan-2026,ATM Withdrawal,0.00,106.44,"16,086.94"
ID13558,20-Mar-2026,Charge,0.00,271.81,"72,193.19"
ID13558,22-Jan-2026,Direct Deposit,765.47,0.00,"36,922.13"
ID13558,05-Jan-2026,Direct Deposit,"4,832.77",0.00,"51,621.38"
ID13558,01-Apr-2026,Charge,0.00,416.80,"28,421.10"
ID13558,26-Feb-2026,ATM Withdrawal,0.00,294.37,"36,217.61"
ID13558,07-Jan-2026,Direct Deposit,556.18,0.00,"58,561.97"
ID13558,22-Feb-2026,Payment,"1,197.37",0.00,"42,582.84"
ID13558,27-Mar-2026,Charge,0.00,465.27,"10,755.49"
ID13559,04-Mar-2026,Interest,294.85,0.00,"86,087.50"
ID13559,08-Feb-2026,Direct Deposit,"3,101.46",0.00,"34,893.48"
ID13559,14-Mar-2026,Direct Deposit,"2,378.17",0.00,"72,382.06"
ID13559,23-Mar-2026,Transfer,0.00,325.61,"27,921.87"
ID13559,26-Mar-2026,Direct Deposit,"3,869.62",0.00,"61,642.12"
ID13559,20-Feb-2026,Debit Card,0.00,630.52,"86,745.76"
ID13559,02-Feb-2026,Payment,0.00,944.04,"92,299.45"
ID13559,29-Jan-2026,Transfer,"1,632.67",0.00,"13,333.84"
ID13559,13-Feb-2026,Reversal,0.00,618.01,"98,452.25"
ID13559,04-Feb-2026,Debit Card,0.00,730.55,"99,676.97"
ID13559,29-Mar-2026,Charge,0.00,475.95,"29,072.78"
ID13559,05-Jan-2026,Direct Deposit,"4,446.51",0.00,"45,143.67"
ID13559,11-Feb-2026,Charge,0.00,274.48,"87,680.13"
ID13559,09-Mar-2026,Direct Deposit,"3,551.62",0.00,"63,514.78"
ID13559,08-Jan-2026,ATM Withdrawal,0.00,472.92,"20,415.19"
ID13559,07-Feb-2026,ATM Withdrawal,0.00,743.44,"11,522.04"
ID13559,12-Feb-2026,Transfer,"1,497.08",0.00,"14,848.81"
ID13559,07-Feb-2026,Charge,0.00,209.91,"3,322.67"
ID13559,07-Mar-2026,Charge,0.00,611.95,"21,573.71"
ID13559,10-Jan-2026,Payment,"1,759.37",0.00,"17,652.67"
ID13560,29-Jan-2026,Charge,0.00,50.41,"67,519.75"
ID13560,09-Mar-2026,Payment,449.31,0.00,"80,595.64"
ID13560,30-Mar-2026,Direct Deposit,945.96,0.00,"41,733.34"
ID13560,22-Jan-2026,Debit Card,0.00,786.45,"16,039.02"
ID13560,29-Mar-2026,Interest,402.19,0.00,"42,809.11"
ID13560,05-Mar-2026,Reversal,0.00,"1,393.47","34,895.08"
ID13560,21-Jan-2026,Charge,0.00,419.49,"90,995.57"
ID13560,17-Jan-2026,Debit Card,0.00,270.84,"37,054.82"
ID13560,15-Mar-2026,Debit Card,0.00,458.64,"96,107.78"
ID13560,21-Mar-2026,Direct Deposit,"4,511.34",0.00,"22,427.79"
ID13560,21-Feb-2026,Debit Card,0.00,166.05,"39,762.75"
ID13560,02-Apr-2026,Debit Card,0.00,186.64,"75,880.05"
ID13560,21-Mar-2026,ATM Withdrawal,0.00,916.26,"82,996.53"
ID13560,18-Jan-2026,Debit Card,0.00,642.95,"51,850.28"
ID13560,13-Jan-2026,Transfer,"1,439.33",0.00,"9,793.47"
ID13560,22-Feb-2026,Interest,414.97,0.00,"25,045.03"
ID13560,15-Feb-2026,Direct Deposit,"1,930.62",0.00,"20,130.12"
ID13560,02-Apr-2026,Direct Deposit,"4,640.72",0.00,"99,483.29"
ID13560,08-Jan-2026,Interest,353.03,0.00,"17,081.99"
ID13560,17-Mar-2026,Payment,214.74,0.00,"51,186.90"
ID13561,17-Jan-2026,Payment,0.00,465.76,"33,048.15"
ID13561,18-Mar-2026,ATM Withdrawal,0.00,269.66,"44,023.52"
ID13561,11-Jan-2026,Payment,714.09,0.00,"58,491.15"
ID13561,24-Feb-2026,Interest,122.29,0.00,"63,605.35"
ID13561,28-Jan-2026,Debit Card,0.00,605.58,"43,161.51"
ID13561,18-Jan-2026,ATM Withdrawal,0.00,880.09,"45,224.93"
ID13561,13-Feb-2026,Direct Deposit,"1,133.78",0.00,"26,726.59"
ID13561,12-Jan-2026,ATM Withdrawal,0.00,913.14,"39,688.23"
ID13561,14-Mar-2026,Direct Deposit,"4,843.00",0.00,"39,086.49"
ID13561,14-Jan-2026,Payment,972.62,0.00,"31,746.70"
ID13561,15-Mar-2026,Reversal,"1,457.60",0.00,"14,260.61"
ID13561,08-Mar-2026,Debit Card,0.00,63.26,"80,155.91"
ID13561,23-Feb-2026,Direct Deposit,"1,848.95",0.00,"77,208.37"
ID13561,13-Jan-2026,Direct Deposit,"3,925.06",0.00,"28,468.45"
ID13561,02-Mar-2026,ATM Withdrawal,0.00,379.96,"30,962.77"
ID13561,26-Mar-2026,Interest,378.78,0.00,"89,451.61"
ID13561,02-Mar-2026,Reversal,"1,865.87",0.00,"91,131.83"
ID13561,08-Jan-2026,Payment,730.44,0.00,"49,415.25"
ID13561,23-Feb-2026,ATM Withdrawal,0.00,636.11,"23,030.47"
ID13561,26-Feb-2026,Debit Card,0.00,580.95,"52,692.09"
ID13562,12-Feb-2026,Interest,448.46,0.00,"7,553.36"
ID13562,05-Mar-2026,ATM Withdrawal,0.00,923.91,"25,982.72"
ID13562,20-Feb-2026,ATM Withdrawal,0.00,114.63,"72,541.55"
ID13562,07-Mar-2026,Debit Card,0.00,967.09,"45,832.01"
ID13562,08-Mar-2026,Debit Card,0.00,455.75,"33,644.03"
ID13562,01-Feb-2026,Payment,0.00,276.82,"1,331.81"
ID13562,12-Mar-2026,Reversal,0.00,"1,134.06","65,672.48"
ID13562,31-Jan-2026,Charge,0.00,413.46,"4,368.04"
ID13562,03-Jan-2026,Interest,20.75,0.00,"56,469.95"
ID13562,11-Mar-2026,ATM Withdrawal,0.00,320.66,"74,689.50"
ID13562,02-Apr-2026,Payment,0.00,844.51,"71,880.56"
ID13562,16-Jan-2026,Debit Card,0.00,958.44,"57,727.61"
ID13562,25-Jan-2026,ATM Withdrawal,0.00,656.07,"18,206.90"
ID13562,16-Jan-2026,Interest,304.95,0.00,"30,324.41"
ID13562,10-Mar-2026,Direct Deposit,"4,031.86",0.00,"92,839.28"
ID13562,21-Mar-2026,Payment,"1,676.77",0.00,"62,530.74"
ID13562,15-Feb-2026,Direct Deposit,"2,258.19",0.00,"33,234.08"
ID13562,03-Mar-2026,ATM Withdrawal,0.00,566.55,"41,751.77"
ID13562,29-Jan-2026,Debit Card,0.00,44.68,"24,744.48"
ID13562,11-Mar-2026,ATM Withdrawal,0.00,163.33,"88,469.04"
ID13563,29-Mar-2026,Interest,429.86,0.00,"28,023.47"
ID13563,29-Mar-2026,Reversal,0.00,"1,479.58","84,421.12"
ID13563,04-Feb-2026,Interest,139.33,0.00,"89,098.08"
ID13563,13-Feb-2026,Charge,0.00,946.94,"94,779.51"
ID13563,09-Jan-2026,Reversal,"1,424.21",0.00,"2,592.20"
ID13563,01-Mar-2026,Payment,0.00,"1,192.36","16,170.32"
ID13563,27-Jan-2026,ATM Withdrawal,0.00,375.53,"84,599.64"
ID13563,25-Feb-2026,Debit Card,0.00,198.59,"61,677.51"
ID13563,01-Apr-2026,Payment,"1,103.11",0.00,"59,805.19"
ID13563,26-Jan-2026,Reversal,0.00,"1,251.48","2,082.61"
ID13563,21-Feb-2026,Debit Card,0.00,819.70,"76,430.57"
ID13563,28-Feb-2026,Interest,349.02,0.00,"48,710.45"
ID13563,13-Jan-2026,Interest,134.12,0.00,"35,825.21"
ID13563,22-Mar-2026,Reversal,0.00,216.26,"40,272.23"
ID13563,24-Mar-2026,Reversal,0.00,"1,175.55","82,723.79"
ID13563,07-Jan-2026,Debit Card,0.00,258.99,"26,047.24"
ID13563,19-Jan-2026,Direct Deposit,"3,065.65",0.00,"22,026.29"
ID13563,20-Feb-2026,Debit Card,0.00,254.58,"97,612.80"
ID13563,13-Jan-2026,Reversal,639.87,0.00,"46,232.54"
ID13563,29-Mar-2026,Reversal,"1,641.23",0.00,"74,692.14"
ID13564,30-Mar-2026,Debit Card,0.00,703.88,"56,605.95"
ID13564,15-Feb-2026,ATM Withdrawal,0.00,871.99,"75,220.78"
ID13564,27-Feb-2026,Direct Deposit,"4,859.40",0.00,"22,997.35"
ID13564,13-Mar-2026,Interest,130.14,0.00,"51,798.57"
ID13564,18-Feb-2026,Charge,0.00,254.99,"96,104.12"
ID13564,13-Feb-2026,Interest,426.13,0.00,"40,445.55"
ID13564,12-Feb-2026,Payment,0.00,644.48,"87,267.23"
ID13564,11-Mar-2026,Reversal,0.00,531.48,"38,775.23"
ID13564,01-Feb-2026,Transfer,0.00,711.18,"41,678.63"
ID13564,06-Feb-2026,Charge,0.00,409.59,"50,593.75"
ID13564,04-Jan-2026,ATM Withdrawal,0.00,852.80,"9,323.06"
ID13564,14-Mar-2026,Reversal,"1,428.95",0.00,"24,238.73"
ID13564,09-Feb-2026,Charge,0.00,316.80,"17,548.39"
ID13564,18-Feb-2026,Payment,0.00,445.61,"43,713.93"
ID13564,08-Mar-2026,Reversal,324.91,0.00,"51,229.13"
ID13564,10-Mar-2026,Interest,35.04,0.00,"68,542.45"
ID13564,16-Feb-2026,Interest,478.36,0.00,"93,251.42"
ID13564,05-Jan-2026,Charge,0.00,800.38,"6,589.99"
ID13564,06-Feb-2026,Payment,0.00,277.04,"48,437.34"
ID13564,09-Jan-2026,Debit Card,0.00,105.49,"2,432.97"
ID13565,27-Feb-2026,Transfer,"1,073.27",0.00,"67,695.95"
ID13565,11-Mar-2026,Interest,73.87,0.00,"51,381.14"
ID13565,21-Mar-2026,Interest,336.69,0.00,"32,426.03"
ID13565,11-Mar-2026,Reversal,0.00,455.21,"52,525.89"
ID13565,25-Jan-2026,Payment,"1,165.85",0.00,"40,924.48"
ID13565,22-Mar-2026,ATM Withdrawal,0.00,953.51,"14,755.17"
ID13565,02-Feb-2026,Payment,941.09,0.00,"82,143.34"
ID13565,27-Mar-2026,Debit Card,0.00,907.95,"42,260.91"
ID13565,11-Feb-2026,Interest,317.07,0.00,"76,249.94"
ID13565,24-Feb-2026,Reversal,"1,981.56",0.00,"98,400.13"
ID13565,27-Feb-2026,Debit Card,0.00,860.63,"18,841.78"
ID13565,06-Feb-2026,Transfer,0.00,"1,141.57","45,892.01"
ID13565,15-Feb-2026,Interest,300.97,0.00,"15,571.21"
ID13565,21-Mar-2026,Debit Card,0.00,75.11,"8,145.07"
ID13565,05-Jan-2026,Debit Card,0.00,531.56,"36,892.92"
ID13565,14-Mar-2026,Debit Card,0.00,405.73,"62,321.34"
ID13565,01-Mar-2026,Payment,0.00,"1,364.96","91,053.12"
ID13565,10-Mar-2026,Debit Card,0.00,299.19,"43,259.13"
ID13565,01-Feb-2026,Reversal,0.00,424.19,"78,378.70"
ID13565,30-Mar-2026,Transfer,0.00,316.06,"41,739.34"
ID13566,20-Feb-2026,Transfer,0.00,"1,277.72","21,050.98"
ID13566,03-Jan-2026,Debit Card,0.00,559.99,"64,770.95"
ID13566,01-Apr-2026,Transfer,0.00,388.81,"71,062.92"
ID13566,06-Jan-2026,Payment,425.78,0.00,"66,780.68"
ID13566,31-Jan-2026,Reversal,697.24,0.00,"14,464.00"
ID13566,04-Feb-2026,ATM Withdrawal,0.00,272.02,"43,605.61"
ID13566,08-Feb-2026,ATM Withdrawal,0.00,49.13,"36,532.23"
ID13566,25-Feb-2026,Interest,411.26,0.00,"83,262.56"
ID13566,15-Jan-2026,Direct Deposit,536.65,0.00,"39,936.03"
ID13566,24-Feb-2026,Direct Deposit,"4,398.04",0.00,"26,230.65"
ID13566,10-Feb-2026,Direct Deposit,"4,631.46",0.00,"63,836.30"
ID13566,07-Feb-2026,Direct Deposit,"4,227.74",0.00,"99,412.52"
ID13566,11-Jan-2026,Reversal,843.10,0.00,"51,406.56"
ID13566,26-Mar-2026,Reversal,"1,415.22",0.00,"46,279.67"
ID13566,25-Jan-2026,Charge,0.00,282.89,"71,580.52"
ID13566,07-Mar-2026,ATM Withdrawal,0.00,575.28,"79,762.98"
ID13566,02-Mar-2026,Direct Deposit,"3,709.27",0.00,"40,370.30"
ID13566,12-Jan-2026,Transfer,0.00,787.76,"72,220.57"
ID13566,13-Jan-2026,Charge,0.00,552.67,"22,452.85"
ID13566,03-Mar-2026,Payment,0.00,454.41,"38,025.64"
ID13567,14-Jan-2026,Interest,435.30,0.00,"56,647.29"
ID13567,06-Feb-2026,Charge,0.00,366.89,"93,044.29"
ID13567,25-Feb-2026,Debit Card,0.00,117.87,"46,154.47"
ID13567,04-Jan-2026,Reversal,700.79,0.00,"7,717.14"
ID13567,07-Jan-2026,Reversal,"1,077.92",0.00,"56,068.36"
ID13567,09-Mar-2026,Interest,63.14,0.00,"91,651.42"
ID13567,25-Jan-2026,Interest,68.64,0.00,"43,014.72"
ID13567,15-Feb-2026,Transfer,0.00,738.29,"98,409.60"
ID13567,17-Jan-2026,ATM Withdrawal,0.00,742.47,"76,255.28"
ID13567,04-Feb-2026,ATM Withdrawal,0.00,329.90,"96,921.02"
ID13567,24-Mar-2026,Payment,325.55,0.00,"84,864.90"
ID13567,07-Feb-2026,Direct Deposit,"1,113.12",0.00,"18,102.16"
ID13567,02-Mar-2026,Interest,142.06,0.00,"11,310.10"
ID13567,25-Jan-2026,Payment,443.29,0.00,"1,189.92"
ID13567,25-Mar-2026,Debit Card,0.00,421.10,"81,905.99"
ID13567,20-Jan-2026,Direct Deposit,"2,218.66",0.00,"84,095.57"
ID13567,31-Jan-2026,ATM Withdrawal,0.00,354.29,"8,863.04"
ID13567,31-Mar-2026,Reversal,0.00,891.97,"57,636.43"
ID13567,25-Mar-2026,Transfer,0.00,271.24,"30,144.09"
ID13567,11-Mar-2026,Charge,0.00,812.83,"33,520.68"
ID13568,25-Jan-2026,Charge,0.00,900.42,"2,290.01"
ID13568,12-Mar-2026,Debit Card,0.00,604.97,"36,383.22"
ID13568,25-Mar-2026,ATM Withdrawal,0.00,124.63,"57,008.04"
ID13568,30-Jan-2026,Debit Card,0.00,624.98,"61,857.88"
ID13568,07-Mar-2026,Charge,0.00,741.03,"42,429.10"
ID13568,08-Mar-2026,Reversal,"1,437.51",0.00,"74,268.75"
ID13568,16-Jan-2026,ATM Withdrawal,0.00,357.93,"87,493.58"
ID13568,02-Mar-2026,Payment,0.00,164.80,"36,002.56"
ID13568,24-Feb-2026,Interest,330.08,0.00,"33,793.79"
ID13568,20-Feb-2026,Debit Card,0.00,944.91,"13,050.94"
ID13568,26-Jan-2026,Payment,465.87,0.00,"44,956.31"
ID13568,09-Mar-2026,Interest,415.12,0.00,"82,276.90"
ID13568,19-Mar-2026,Debit Card,0.00,353.24,"85,494.72"
ID13568,10-Feb-2026,Charge,0.00,185.33,"47,624.51"
ID13568,12-Jan-2026,ATM Withdrawal,0.00,979.83,"3,485.29"
ID13568,16-Jan-2026,ATM Withdrawal,0.00,201.33,"16,247.20"
ID13568,28-Feb-2026,ATM Withdrawal,0.00,641.18,"56,665.65"
ID13568,29-Jan-2026,ATM Withdrawal,0.00,932.73,"67,038.28"
ID13568,16-Mar-2026,Debit Card,0.00,790.32,"72,062.93"
ID13568,29-Jan-2026,Debit Card,0.00,998.29,"85,317.84"
ID13569,07-Jan-2026,Reversal,"1,249.35",0.00,"20,161.44"
ID13569,18-Feb-2026,Debit Card,0.00,989.27,"60,840.85"
ID13569,26-Mar-2026,Interest,189.25,0.00,"52,076.41"
ID13569,16-Feb-2026,Debit Card,0.00,962.80,"97,429.53"
ID13569,05-Jan-2026,Debit Card,0.00,773.02,"33,058.37"
ID13569,24-Feb-2026,Reversal,0.00,899.71,"82,157.98"
ID13569,07-Jan-2026,Transfer,334.10,0.00,"30,245.91"
ID13569,02-Feb-2026,Payment,0.00,"1,287.06","92,428.80"
ID13569,10-Mar-2026,Direct Deposit,"2,250.72",0.00,"80,616.13"
ID13569,02-Feb-2026,Payment,832.59,0.00,"87,058.77"
ID13569,08-Mar-2026,Reversal,260.33,0.00,"66,900.06"
ID13569,08-Jan-2026,Transfer,0.00,217.85,"39,102.87"
ID13569,11-Jan-2026,Debit Card,0.00,649.27,"84,915.16"
ID13569,15-Jan-2026,Charge,0.00,167.74,"2,923.35"
ID13569,01-Mar-2026,Transfer,549.04,0.00,"15,465.43"
ID13569,25-Mar-2026,Charge,0.00,131.99,"24,784.93"
ID13569,29-Mar-2026,ATM Withdrawal,0.00,958.59,"94,045.37"
ID13569,25-Jan-2026,Payment,"1,547.02",0.00,"95,483.66"
ID13569,24-Jan-2026,Charge,0.00,904.48,"98,864.41"
ID13569,25-Feb-2026,Interest,494.79,0.00,"59,610.21"
ID13570,04-Mar-2026,Charge,0.00,939.72,"43,457.39"
ID13570,22-Mar-2026,Transfer,326.39,0.00,"35,215.09"
ID13570,27-Mar-2026,Interest,99.49,0.00,"31,526.24"
ID13570,10-Feb-2026,ATM Withdrawal,0.00,877.86,"18,569.47"
ID13570,04-Mar-2026,Debit Card,0.00,973.21,"34,991.48"
ID13570,28-Jan-2026,Transfer,839.06,0.00,"12,951.76"
ID13570,03-Jan-2026,Reversal,688.81,0.00,"32,052.94"
ID13570,03-Jan-2026,Interest,99.87,0.00,"63,290.29"
ID13570,30-Jan-2026,Interest,466.82,0.00,"68,584.28"
ID13570,12-Feb-2026,Transfer,"1,411.28",0.00,"76,359.05"
ID13570,04-Jan-2026,Debit Card,0.00,574.41,"53,043.81"
ID13570,11-Feb-2026,ATM Withdrawal,0.00,899.54,"37,758.96"
ID13570,14-Feb-2026,Reversal,0.00,689.48,"73,388.48"
ID13570,04-Mar-2026,ATM Withdrawal,0.00,783.54,"12,735.02"
ID13570,14-Feb-2026,Debit Card,0.00,602.75,"66,921.20"
ID13570,07-Mar-2026,Reversal,0.00,66.21,"23,152.17"
ID13570,23-Feb-2026,Reversal,0.00,413.45,"29,371.08"
ID13570,20-Jan-2026,Transfer,"1,701.59",0.00,"9,556.38"
ID13570,03-Feb-2026,Transfer,"1,258.93",0.00,"38,152.65"
ID13570,26-Mar-2026,Debit Card,0.00,488.79,"17,139.47"
ID13571,31-Mar-2026,Payment,"1,668.37",0.00,"76,257.99"
ID13571,23-Mar-2026,ATM Withdrawal,0.00,843.15,"39,398.00"
ID13571,12-Mar-2026,Charge,0.00,728.53,"53,015.60"
ID13571,15-Feb-2026,Charge,0.00,621.65,"79,450.38"
ID13571,03-Apr-2026,Direct Deposit,"3,588.79",0.00,"53,577.89"
ID13571,10-Jan-2026,Interest,130.86,0.00,"39,925.83"
ID13571,26-Feb-2026,Debit Card,0.00,217.29,"77,125.70"
ID13571,05-Jan-2026,Debit Card,0.00,144.18,"63,150.16"
ID13571,30-Jan-2026,Direct Deposit,"1,082.16",0.00,"26,295.17"
ID13571,25-Feb-2026,Charge,0.00,43.62,"44,108.49"
ID13571,07-Jan-2026,ATM Withdrawal,0.00,100.37,"3,107.60"
ID13571,09-Feb-2026,ATM Withdrawal,0.00,19.41,"82,974.93"
ID13571,17-Mar-2026,Charge,0.00,848.41,"48,426.66"
ID13571,04-Feb-2026,Charge,0.00,258.37,"42,332.48"
ID13571,07-Mar-2026,Transfer,0.00,939.87,"56,990.15"
ID13571,09-Jan-2026,Payment,965.06,0.00,"26,912.71"
ID13571,14-Jan-2026,Transfer,0.00,"1,434.31","9,877.43"
ID13571,01-Apr-2026,Charge,0.00,211.54,"41,192.92"
ID13571,24-Feb-2026,Transfer,0.00,"1,192.92","36,501.50"
ID13571,29-Mar-2026,Transfer,346.55,0.00,"28,531.72"
ID13572,14-Feb-2026,Payment,0.00,502.64,"66,945.67"
ID13572,08-Mar-2026,Reversal,0.00,393.54,"15,335.00"
ID13572,14-Mar-2026,Charge,0.00,901.80,"94,758.46"
ID13572,24-Jan-2026,Payment,0.00,"1,075.57","99,357.56"
ID13572,18-Feb-2026,Debit Card,0.00,847.54,"85,717.60"
ID13572,02-Mar-2026,Payment,0.00,620.07,"53,018.85"
ID13572,17-Feb-2026,ATM Withdrawal,0.00,400.50,"75,960.84"
ID13572,01-Feb-2026,Payment,0.00,"1,491.05","12,148.89"
ID13572,27-Jan-2026,Direct Deposit,"2,961.31",0.00,"49,825.12"
ID13572,20-Feb-2026,Reversal,0.00,"1,265.76","89,064.50"
ID13572,08-Feb-2026,Charge,0.00,577.57,"2,898.51"
ID13572,12-Jan-2026,Direct Deposit,"2,621.88",0.00,"10,330.35"
ID13572,13-Feb-2026,Reversal,0.00,365.68,"62,051.24"
ID13572,21-Feb-2026,Transfer,0.00,738.20,"27,021.91"
ID13572,16-Jan-2026,Payment,"1,808.80",0.00,"89,879.37"
ID13572,13-Mar-2026,Charge,0.00,97.74,"50,943.01"
ID13572,20-Mar-2026,Debit Card,0.00,335.83,"99,844.82"
ID13572,28-Feb-2026,Interest,231.69,0.00,"11,440.20"
ID13572,14-Feb-2026,ATM Withdrawal,0.00,112.37,"46,024.42"
ID13572,21-Mar-2026,Transfer,0.00,743.39,"50,503.21"
ID13573,05-Jan-2026,Payment,573.44,0.00,"40,822.85"
ID13573,17-Mar-2026,Transfer,"1,370.97",0.00,"31,299.81"
ID13573,11-Jan-2026,Direct Deposit,"2,605.55",0.00,"89,706.45"
ID13573,11-Feb-2026,Direct Deposit,"4,043.94",0.00,"67,558.69"
ID13573,01-Apr-2026,Interest,270.19,0.00,"27,270.31"
ID13573,12-Mar-2026,Transfer,0.00,"1,164.75","18,937.65"
ID13573,13-Feb-2026,Transfer,"1,924.86",0.00,"19,835.57"
ID13573,29-Mar-2026,Transfer,"1,408.36",0.00,"86,492.71"
ID13573,27-Mar-2026,Charge,0.00,38.82,"71,386.46"
ID13573,08-Jan-2026,Direct Deposit,"1,964.88",0.00,"37,951.46"
ID13573,19-Feb-2026,Interest,24.44,0.00,"10,115.74"
ID13573,14-Mar-2026,Charge,0.00,438.22,"47,316.87"
ID13573,11-Mar-2026,Interest,283.32,0.00,"82,263.20"
ID13573,10-Feb-2026,Reversal,691.09,0.00,"47,782.12"
ID13573,02-Apr-2026,ATM Withdrawal,0.00,992.90,"98,737.97"
ID13573,21-Jan-2026,Debit Card,0.00,205.01,"47,188.73"
ID13573,28-Jan-2026,ATM Withdrawal,0.00,297.16,"45,676.76"
ID13573,09-Jan-2026,Debit Card,0.00,148.06,"65,457.85"
ID13573,12-Mar-2026,Interest,455.32,0.00,"9,114.21"
ID13573,14-Feb-2026,Payment,0.00,"1,391.80","88,493.03"
ID13574,17-Mar-2026,Transfer,530.34,0.00,"77,923.60"
ID13574,15-Feb-2026,Charge,0.00,965.53,"37,208.98"
ID13574,13-Mar-2026,ATM Withdrawal,0.00,341.06,"61,345.57"
ID13574,02-Mar-2026,Interest,274.43,0.00,"58,973.13"
ID13574,22-Jan-2026,Reversal,0.00,"1,356.30","82,199.85"
ID13574,11-Feb-2026,Charge,0.00,959.65,"35,454.92"
ID13574,10-Jan-2026,ATM Withdrawal,0.00,591.34,"25,759.46"
ID13574,10-Feb-2026,Transfer,671.26,0.00,"14,547.05"
ID13574,19-Mar-2026,Interest,223.72,0.00,"21,966.26"
ID13574,13-Mar-2026,Interest,323.65,0.00,"29,146.94"
ID13574,26-Mar-2026,Reversal,112.57,0.00,"42,248.37"
ID13574,24-Mar-2026,Debit Card,0.00,326.17,"32,908.37"
ID13574,16-Feb-2026,Charge,0.00,486.15,"34,222.02"
ID13574,26-Mar-2026,Reversal,0.00,979.73,"90,718.15"
ID13574,03-Apr-2026,Direct Deposit,"4,562.04",0.00,"65,407.56"
ID13574,31-Mar-2026,ATM Withdrawal,0.00,759.21,"76,695.12"
ID13574,23-Mar-2026,Interest,444.21,0.00,"66,999.33"
ID13574,11-Jan-2026,Debit Card,0.00,447.61,"40,252.79"
ID13574,03-Mar-2026,Charge,0.00,815.71,"26,285.21"
ID13574,15-Jan-2026,Debit Card,0.00,138.97,"19,825.68"
ID13575,29-Mar-2026,Direct Deposit,"4,317.91",0.00,"70,677.12"
ID13575,15-Feb-2026,Interest,307.11,0.00,"23,264.79"
ID13575,22-Jan-2026,ATM Withdrawal,0.00,544.14,"7,946.65"
ID13575,24-Feb-2026,Interest,297.90,0.00,"78,465.52"
ID13575,06-Feb-2026,Charge,0.00,705.02,"46,836.53"
ID13575,14-Mar-2026,Charge,0.00,670.20,"27,439.73"
ID13575,21-Jan-2026,Interest,242.90,0.00,"46,902.11"
ID13575,31-Jan-2026,Transfer,0.00,"1,471.48","51,812.41"
ID13575,03-Feb-2026,ATM Withdrawal,0.00,686.97,"45,006.66"
ID13575,17-Jan-2026,Charge,0.00,896.46,"13,957.18"
ID13575,13-Mar-2026,Payment,520.04,0.00,"8,121.73"
ID13575,26-Mar-2026,Payment,0.00,723.43,"48,496.17"
ID13575,19-Feb-2026,Direct Deposit,"4,251.55",0.00,"52,988.12"
ID13575,17-Feb-2026,Payment,"1,842.62",0.00,"64,807.37"
ID13575,13-Jan-2026,Interest,460.88,0.00,"93,771.40"
ID13575,11-Mar-2026,Direct Deposit,"4,477.44",0.00,"41,900.82"
ID13575,26-Feb-2026,Payment,820.39,0.00,"35,520.65"
ID13575,02-Mar-2026,ATM Withdrawal,0.00,445.17,"35,066.05"
ID13575,07-Jan-2026,Reversal,"1,386.06",0.00,"15,403.41"
ID13575,03-Feb-2026,Charge,0.00,386.12,"94,798.27"
ID13576,23-Feb-2026,Reversal,0.00,"1,178.08","62,677.16"
ID13576,09-Mar-2026,Payment,"1,979.55",0.00,"55,182.19"
ID13576,28-Jan-2026,Direct Deposit,"1,194.78",0.00,"68,514.08"
ID13576,02-Feb-2026,Reversal,0.00,733.70,"22,373.24"
ID13576,27-Feb-2026,Direct Deposit,655.71,0.00,"45,208.20"
ID13576,10-Feb-2026,Interest,79.22,0.00,"13,570.71"
ID13576,22-Feb-2026,Interest,105.97,0.00,"97,892.58"
ID13576,25-Mar-2026,Payment,0.00,"1,367.48","23,971.46"
ID13576,03-Feb-2026,Charge,0.00,697.85,"24,025.19"
ID13576,16-Feb-2026,Debit Card,0.00,297.32,"5,431.40"
ID13576,05-Mar-2026,Debit Card,0.00,769.24,"7,702.50"
ID13576,13-Feb-2026,Transfer,"1,228.16",0.00,"60,098.86"
ID13576,17-Feb-2026,Transfer,252.53,0.00,"21,952.06"
ID13576,03-Apr-2026,Payment,0.00,96.15,"82,239.31"
ID13576,29-Jan-2026,Debit Card,0.00,949.11,"54,255.74"
ID13576,17-Mar-2026,Charge,0.00,30.01,"96,799.00"
ID13576,30-Jan-2026,Transfer,0.00,67.85,"44,058.58"
ID13576,05-Mar-2026,Interest,108.86,0.00,"72,172.99"
ID13576,02-Mar-2026,Charge,0.00,153.19,"48,872.13"
ID13576,01-Apr-2026,Payment,0.00,"1,231.44","70,632.95"
ID13577,02-Feb-2026,Payment,481.72,0.00,"46,318.09"
ID13577,16-Jan-2026,Charge,0.00,582.30,"70,703.46"
ID13577,16-Mar-2026,Direct Deposit,831.24,0.00,"43,764.78"
ID13577,13-Feb-2026,Charge,0.00,604.29,"65,288.54"
ID13577,03-Jan-2026,ATM Withdrawal,0.00,475.15,"74,933.74"
ID13577,14-Feb-2026,Direct Deposit,"2,941.03",0.00,"94,198.87"
ID13577,08-Feb-2026,Debit Card,0.00,87.61,"45,997.93"
ID13577,11-Mar-2026,ATM Withdrawal,0.00,364.37,"71,572.97"
ID13577,13-Mar-2026,Charge,0.00,371.45,"78,390.19"
ID13577,17-Mar-2026,Charge,0.00,758.46,"55,828.38"
ID13577,02-Apr-2026,ATM Withdrawal,0.00,239.80,"59,086.08"
ID13577,10-Feb-2026,Charge,0.00,919.05,"63,624.72"
ID13577,24-Jan-2026,ATM Withdrawal,0.00,446.80,"66,019.07"
ID13577,26-Mar-2026,Payment,"1,345.40",0.00,"68,048.92"
ID13577,06-Feb-2026,Transfer,0.00,870.95,"51,086.42"
ID13577,08-Feb-2026,Direct Deposit,"2,884.23",0.00,"40,207.23"
ID13577,25-Jan-2026,Interest,84.09,0.00,"25,839.34"
ID13577,23-Jan-2026,Transfer,831.15,0.00,"43,822.10"
ID13577,07-Jan-2026,Charge,0.00,70.02,"55,808.10"
ID13577,03-Mar-2026,Direct Deposit,"2,229.99",0.00,"76,866.46"
ID13578,28-Feb-2026,Charge,0.00,863.16,"17,791.81"
ID13578,19-Mar-2026,Reversal,0.00,572.80,"96,862.20"
ID13578,01-Apr-2026,Direct Deposit,"2,055.82",0.00,"6,810.04"
ID13578,23-Jan-2026,ATM Withdrawal,0.00,813.00,"99,820.67"
ID13578,26-Jan-2026,Direct Deposit,"3,625.54",0.00,"27,896.08"
ID13578,21-Feb-2026,Direct Deposit,"2,206.12",0.00,"35,850.47"
ID13578,10-Feb-2026,ATM Withdrawal,0.00,937.19,"44,109.79"
ID13578,31-Jan-2026,Interest,425.07,0.00,"39,235.56"
ID13578,18-Feb-2026,Payment,"1,293.99",0.00,"91,060.99"
ID13578,03-Feb-2026,Transfer,0.00,"1,157.69","29,288.21"
ID13578,30-Jan-2026,Direct Deposit,894.44,0.00,"79,551.85"
ID13578,22-Feb-2026,Reversal,909.23,0.00,"29,274.36"
ID13578,23-Mar-2026,Debit Card,0.00,157.63,"92,883.73"
ID13578,08-Feb-2026,Debit Card,0.00,931.19,"26,356.46"
ID13578,28-Jan-2026,Payment,"1,579.80",0.00,"49,836.23"
ID13578,13-Feb-2026,Payment,0.00,"1,223.41","8,062.15"
ID13578,14-Jan-2026,Payment,0.00,"1,441.45","86,460.58"
ID13578,26-Feb-2026,Debit Card,0.00,70.41,"57,271.99"
ID13578,22-Mar-2026,Debit Card,0.00,644.16,"3,328.11"
ID13578,05-Feb-2026,Interest,140.79,0.00,"30,883.06"
ID13579,20-Mar-2026,Reversal,"1,666.12",0.00,"37,631.53"
ID13579,02-Apr-2026,Direct Deposit,"2,543.38",0.00,"97,450.60"
ID13579,24-Feb-2026,Payment,479.04,0.00,"94,034.57"
ID13579,14-Feb-2026,ATM Withdrawal,0.00,38.71,"40,269.69"
ID13579,13-Feb-2026,Debit Card,0.00,293.83,"9,903.60"
ID13579,11-Jan-2026,Payment,902.88,0.00,"70,876.39"
ID13579,27-Feb-2026,Interest,412.00,0.00,"14,536.75"
ID13579,06-Feb-2026,Interest,248.64,0.00,"64,386.03"
ID13579,11-Jan-2026,Debit Card,0.00,789.58,"17,854.28"
ID13579,16-Mar-2026,Payment,0.00,"1,312.21","44,281.69"
ID13579,23-Feb-2026,Reversal,0.00,"1,441.98","89,243.33"
ID13579,26-Feb-2026,ATM Withdrawal,0.00,263.53,"12,606.79"
ID13579,17-Mar-2026,Reversal,0.00,"1,289.37","48,580.97"
ID13579,10-Mar-2026,Reversal,339.66,0.00,"7,711.76"
ID13579,04-Jan-2026,Reversal,370.86,0.00,"34,741.71"
ID13579,03-Mar-2026,Debit Card,0.00,138.55,"70,005.53"
ID13579,21-Feb-2026,Reversal,597.40,0.00,"2,659.28"
ID13579,30-Jan-2026,Debit Card,0.00,616.32,"52,372.99"
ID13579,25-Jan-2026,Reversal,0.00,"1,120.26","14,086.58"
ID13579,03-Apr-2026,Transfer,"1,433.01",0.00,"80,538.81"
ID13580,13-Feb-2026,Debit Card,0.00,702.59,"4,324.69"
ID13580,12-Feb-2026,ATM Withdrawal,0.00,55.72,"34,601.46"
ID13580,23-Jan-2026,ATM Withdrawal,0.00,699.12,"36,206.04"
ID13580,25-Jan-2026,ATM Withdrawal,0.00,689.76,"9,218.31"
ID13580,15-Jan-2026,Payment,0.00,"1,359.75","43,076.49"
ID13580,22-Jan-2026,Direct Deposit,"2,460.47",0.00,"58,778.46"
ID13580,31-Jan-2026,Direct Deposit,"2,771.66",0.00,"22,199.19"
ID13580,19-Feb-2026,Direct Deposit,"1,982.37",0.00,"44,054.92"
ID13580,23-Mar-2026,Interest,260.91,0.00,"21,550.28"
ID13580,24-Mar-2026,Debit Card,0.00,268.37,"78,847.62"
ID13580,19-Feb-2026,Debit Card,0.00,630.14,"7,572.87"
ID13580,22-Feb-2026,Direct Deposit,"1,826.13",0.00,"5,136.36"
ID13580,13-Feb-2026,Direct Deposit,"1,366.84",0.00,"94,254.31"
ID13580,10-Feb-2026,Payment,0.00,777.76,"9,157.90"
ID13580,04-Mar-2026,Debit Card,0.00,489.64,"35,397.66"
ID13580,17-Feb-2026,ATM Withdrawal,0.00,444.94,"32,280.80"
ID13580,26-Jan-2026,Charge,0.00,347.71,"88,351.86"
ID13580,08-Mar-2026,Transfer,0.00,684.98,"14,741.70"
ID13580,11-Feb-2026,Interest,46.43,0.00,"20,924.83"
ID13580,21-Feb-2026,Reversal,0.00,202.93,"5,982.86"
ID13581,06-Feb-2026,Payment,207.71,0.00,"47,783.45"
ID13581,11-Jan-2026,Payment,0.00,808.43,"10,878.24"
ID13581,31-Mar-2026,Reversal,0.00,"1,202.51","66,936.67"
ID13581,23-Mar-2026,Direct Deposit,"3,010.62",0.00,"39,067.75"
ID13581,05-Feb-2026,Debit Card,0.00,768.04,"12,435.13"
ID13581,18-Feb-2026,Transfer,0.00,891.58,"92,958.11"
ID13581,24-Mar-2026,Charge,0.00,317.87,"34,280.09"
ID13581,22-Feb-2026,Transfer,815.85,0.00,"76,205.93"
ID13581,26-Jan-2026,Charge,0.00,591.64,"61,056.65"
ID13581,24-Mar-2026,Reversal,0.00,"1,376.50","75,604.24"
ID13581,28-Jan-2026,ATM Withdrawal,0.00,513.50,"33,306.78"
ID13581,17-Jan-2026,Charge,0.00,966.87,"49,528.68"
ID13581,10-Jan-2026,Charge,0.00,680.36,"66,523.08"
ID13581,19-Feb-2026,Direct Deposit,688.31,0.00,"18,005.41"
ID13581,25-Feb-2026,Direct Deposit,"2,179.37",0.00,"94,350.42"
ID13581,19-Feb-2026,Debit Card,0.00,440.68,"76,572.10"
ID13581,26-Jan-2026,Transfer,0.00,305.96,"37,049.02"
ID13581,06-Mar-2026,Debit Card,0.00,426.95,"34,602.46"
ID13581,14-Jan-2026,Transfer,0.00,986.52,"8,220.75"
ID13581,01-Feb-2026,Payment,774.64,0.00,"53,165.09"
ID13582,23-Feb-2026,Payment,0.00,144.92,"25,067.09"
ID13582,28-Mar-2026,Interest,303.34,0.00,"20,470.46"
ID13582,14-Mar-2026,Payment,0.00,"1,355.31","28,088.84"
ID13582,28-Mar-2026,Debit Card,0.00,392.10,"29,906.51"
ID13582,01-Feb-2026,Reversal,303.04,0.00,"95,049.43"
ID13582,19-Feb-2026,Debit Card,0.00,123.74,"10,399.51"
ID13582,09-Mar-2026,Transfer,863.54,0.00,"30,832.34"
ID13582,25-Jan-2026,Interest,496.97,0.00,"73,803.30"
ID13582,02-Feb-2026,Charge,0.00,834.00,"38,142.23"
ID13582,11-Mar-2026,Direct Deposit,"2,450.35",0.00,"92,128.68"
ID13582,11-Mar-2026,Debit Card,0.00,797.65,"27,296.39"
ID13582,19-Feb-2026,Direct Deposit,"1,294.37",0.00,"65,017.42"
ID13582,08-Mar-2026,ATM Withdrawal,0.00,203.33,"91,403.75"
ID13582,16-Feb-2026,Payment,0.00,102.70,"8,559.22"
ID13582,13-Jan-2026,ATM Withdrawal,0.00,851.16,"8,348.18"
ID13582,13-Mar-2026,Interest,42.89,0.00,"58,604.61"
ID13582,18-Feb-2026,Transfer,0.00,839.31,"62,274.38"
ID13582,29-Mar-2026,Transfer,0.00,"1,473.57","96,196.49"
ID13582,09-Jan-2026,Reversal,0.00,"1,473.08","91,852.72"
ID13582,28-Feb-2026,Direct Deposit,"2,182.23",0.00,"69,098.28"
ID13583,15-Mar-2026,Payment,"1,119.43",0.00,"74,631.68"
ID13583,22-Feb-2026,Interest,356.18,0.00,"34,129.72"
ID13583,17-Mar-2026,Transfer,0.00,686.36,"36,155.16"
ID13583,15-Mar-2026,Reversal,"1,927.87",0.00,"6,011.82"
ID13583,13-Jan-2026,Transfer,0.00,330.11,"17,999.38"
ID13583,17-Mar-2026,ATM Withdrawal,0.00,593.38,"18,804.42"
ID13583,24-Feb-2026,Reversal,0.00,"1,444.73","26,675.33"
ID13583,07-Feb-2026,Reversal,"1,431.74",0.00,"91,272.93"
ID13583,16-Jan-2026,Reversal,0.00,"1,019.54","60,665.92"
ID13583,26-Feb-2026,Transfer,692.97,0.00,"54,877.50"
ID13583,04-Mar-2026,Reversal,353.04,0.00,"66,003.69"
ID13583,01-Feb-2026,Debit Card,0.00,53.89,"34,756.32"
ID13583,04-Jan-2026,Transfer,410.76,0.00,"73,576.36"
ID13583,11-Jan-2026,Direct Deposit,"2,720.31",0.00,"21,691.06"
ID13583,18-Feb-2026,Charge,0.00,656.57,"52,365.09"
ID13583,12-Jan-2026,ATM Withdrawal,0.00,214.85,"50,320.53"
ID13583,14-Feb-2026,Direct Deposit,"3,549.57",0.00,"80,339.98"
ID13583,20-Feb-2026,ATM Withdrawal,0.00,308.55,"11,336.72"
ID13583,18-Jan-2026,Debit Card,0.00,287.20,"18,672.96"
ID13583,09-Feb-2026,Reversal,0.00,660.66,"59,173.27"
ID13584,02-Mar-2026,Direct Deposit,"3,613.60",0.00,"21,357.14"
ID13584,05-Feb-2026,Transfer,0.00,"1,433.93","44,109.69"
ID13584,20-Feb-2026,Debit Card,0.00,728.72,"75,763.97"
ID13584,05-Feb-2026,Payment,0.00,236.70,"48,607.91"
ID13584,25-Feb-2026,Charge,0.00,669.73,"99,579.58"
ID13584,06-Feb-2026,Reversal,100.24,0.00,"71,180.15"
ID13584,27-Feb-2026,Charge,0.00,878.69,"90,823.96"
ID13584,24-Feb-2026,Debit Card,0.00,218.18,"45,661.84"
ID13584,21-Jan-2026,Reversal,0.00,"1,152.52","15,398.84"
ID13584,13-Feb-2026,Debit Card,0.00,418.82,"19,601.84"
ID13584,11-Mar-2026,Direct Deposit,"3,217.05",0.00,"40,137.91"
ID13584,12-Jan-2026,ATM Withdrawal,0.00,750.26,"29,796.46"
ID13584,26-Jan-2026,Direct Deposit,"2,614.62",0.00,"59,791.86"
ID13584,22-Jan-2026,ATM Withdrawal,0.00,437.01,"93,300.08"
ID13584,05-Feb-2026,Reversal,158.63,0.00,"79,264.68"
ID13584,04-Mar-2026,Transfer,0.00,"1,358.27","78,480.20"
ID13584,02-Apr-2026,Payment,"1,835.26",0.00,"17,510.32"
ID13584,13-Feb-2026,Interest,258.51,0.00,"60,641.45"
ID13584,28-Feb-2026,Transfer,"1,277.66",0.00,"7,208.50"
ID13584,21-Mar-2026,ATM Withdrawal,0.00,54.71,"83,994.38"
ID13585,15-Feb-2026,Interest,344.16,0.00,"8,479.46"
ID13585,26-Feb-2026,Charge,0.00,449.67,"48,755.66"
ID13585,18-Mar-2026,Debit Card,0.00,776.26,"38,390.03"
ID13585,19-Feb-2026,ATM Withdrawal,0.00,821.37,"42,809.73"
ID13585,21-Feb-2026,ATM Withdrawal,0.00,971.83,"62,467.27"
ID13585,14-Jan-2026,Payment,0.00,282.82,"16,975.70"
ID13585,28-Mar-2026,Direct Deposit,"2,809.61",0.00,"24,367.53"
ID13585,11-Jan-2026,Interest,261.43,0.00,"75,822.47"
ID13585,29-Jan-2026,Interest,10.04,0.00,"84,692.98"
ID13585,08-Feb-2026,Transfer,0.00,610.94,"72,292.56"
ID13585,21-Jan-2026,Reversal,843.89,0.00,"11,660.39"
ID13585,18-Mar-2026,Reversal,"1,229.62",0.00,"71,090.11"
ID13585,12-Jan-2026,Transfer,"1,890.87",0.00,"25,272.53"
ID13585,21-Mar-2026,Charge,0.00,176.13,"87,866.28"
ID13585,19-Feb-2026,Debit Card,0.00,547.89,"1,702.09"
ID13585,02-Feb-2026,Debit Card,0.00,137.25,"63,204.18"
ID13585,02-Apr-2026,Reversal,0.00,390.37,"80,325.26"
ID13585,07-Feb-2026,Interest,185.08,0.00,"97,159.86"
ID13585,20-Jan-2026,Charge,0.00,640.79,"62,207.77"
ID13585,21-Mar-2026,ATM Withdrawal,0.00,356.74,"32,575.28"
ID13586,27-Feb-2026,Direct Deposit,"2,767.08",0.00,"16,645.61"
ID13586,24-Feb-2026,Direct Deposit,"3,389.16",0.00,"8,539.21"
ID13586,07-Mar-2026,Payment,0.00,369.75,"18,420.84"
ID13586,16-Jan-2026,Charge,0.00,321.01,"49,252.67"
ID13586,25-Feb-2026,Charge,0.00,780.69,"54,090.93"
ID13586,22-Feb-2026,ATM Withdrawal,0.00,331.83,"16,449.13"
ID13586,01-Apr-2026,Direct Deposit,"3,415.88",0.00,"72,254.13"
ID13586,28-Feb-2026,Debit Card,0.00,685.20,"29,662.23"
ID13586,04-Jan-2026,Direct Deposit,"3,713.61",0.00,"4,758.60"
ID13586,04-Mar-2026,Charge,0.00,890.00,"35,416.14"
ID13586,06-Feb-2026,Transfer,518.77,0.00,"50,063.17"
ID13586,07-Mar-2026,Interest,111.38,0.00,"22,480.57"
ID13586,19-Mar-2026,Payment,0.00,201.67,"55,950.00"
ID13586,09-Mar-2026,Debit Card,0.00,181.27,"67,017.55"
ID13586,17-Jan-2026,Payment,0.00,"1,156.09","36,428.25"
ID13586,11-Feb-2026,Transfer,747.60,0.00,"14,624.43"
ID13586,05-Mar-2026,Charge,0.00,832.05,"31,747.21"
ID13586,13-Feb-2026,Interest,384.54,0.00,"41,160.65"
ID13586,17-Jan-2026,Reversal,0.00,807.67,"60,286.79"
ID13586,17-Jan-2026,ATM Withdrawal,0.00,747.25,"75,496.77"
ID13587,03-Jan-2026,Debit Card,0.00,792.06,"12,660.40"
ID13587,03-Feb-2026,ATM Withdrawal,0.00,120.59,"86,318.34"
ID13587,25-Feb-2026,Charge,0.00,330.75,"36,309.13"
ID13587,02-Mar-2026,ATM Withdrawal,0.00,870.75,"13,696.23"
ID13587,24-Mar-2026,Transfer,0.00,"1,070.78","51,870.36"
ID13587,03-Jan-2026,Payment,550.98,0.00,"59,788.34"
ID13587,12-Feb-2026,Interest,80.54,0.00,"45,372.95"
ID13587,27-Feb-2026,Payment,0.00,239.82,"87,504.02"
ID13587,11-Jan-2026,Direct Deposit,"1,433.73",0.00,"96,806.81"
ID13587,02-Feb-2026,Transfer,0.00,735.92,"37,497.37"
ID13587,25-Feb-2026,Interest,92.91,0.00,"57,925.31"
ID13587,10-Feb-2026,Interest,269.62,0.00,"4,897.72"
ID13587,15-Feb-2026,Interest,57.80,0.00,"89,243.31"
ID13587,20-Jan-2026,Direct Deposit,"1,221.18",0.00,"5,254.23"
ID13587,21-Mar-2026,Reversal,311.07,0.00,"5,101.92"
ID13587,17-Mar-2026,Direct Deposit,"1,141.96",0.00,"77,742.35"
ID13587,03-Mar-2026,Payment,922.14,0.00,"42,883.91"
ID13587,20-Jan-2026,Interest,217.09,0.00,"29,593.78"
ID13587,08-Jan-2026,Direct Deposit,"4,405.44",0.00,"66,337.70"
ID13587,14-Mar-2026,Reversal,0.00,"1,165.53","74,279.04"
ID13588,14-Feb-2026,Payment,"1,761.31",0.00,"33,422.86"
ID13588,27-Jan-2026,Payment,"1,938.81",0.00,"1,312.04"
ID13588,31-Jan-2026,Interest,378.60,0.00,"52,310.30"
ID13588,29-Mar-2026,Interest,146.17,0.00,"43,915.73"
ID13588,09-Mar-2026,Reversal,0.00,"1,418.43","21,628.04"
ID13588,09-Jan-2026,ATM Withdrawal,0.00,39.96,"33,266.72"
ID13588,02-Apr-2026,Charge,0.00,921.32,"64,310.20"
ID13588,04-Jan-2026,Transfer,0.00,803.64,"60,412.20"
ID13588,10-Jan-2026,Payment,254.44,0.00,"67,418.83"
ID13588,07-Mar-2026,Direct Deposit,"1,586.18",0.00,"88,061.97"
ID13588,02-Apr-2026,ATM Withdrawal,0.00,963.32,"53,902.43"
ID13588,14-Jan-2026,Debit Card,0.00,667.67,"40,300.61"
ID13588,12-Jan-2026,Direct Deposit,"4,283.06",0.00,"52,046.95"
ID13588,12-Feb-2026,Debit Card,0.00,247.08,"23,349.25"
ID13588,13-Jan-2026,Charge,0.00,405.93,"18,118.10"
ID13588,16-Feb-2026,Payment,"1,498.06",0.00,"84,003.21"
ID13588,15-Jan-2026,Payment,320.24,0.00,"80,406.29"
ID13588,26-Feb-2026,Direct Deposit,"4,682.63",0.00,"21,528.06"
ID13588,14-Jan-2026,Transfer,0.00,"1,406.85","45,074.28"
ID13588,27-Feb-2026,ATM Withdrawal,0.00,286.74,"35,427.38"
ID13589,10-Mar-2026,Payment,0.00,744.46,"11,579.86"
ID13589,23-Mar-2026,Debit Card,0.00,742.49,"31,091.93"
ID13589,30-Mar-2026,Payment,0.00,"1,294.36","49,237.92"
ID13589,23-Jan-2026,Charge,0.00,513.99,"86,171.51"
ID13589,19-Mar-2026,Direct Deposit,"3,714.15",0.00,"53,017.23"
ID13589,27-Mar-2026,Charge,0.00,697.91,"34,715.42"
ID13589,23-Feb-2026,Transfer,0.00,93.40,"2,668.61"
ID13589,28-Feb-2026,Debit Card,0.00,866.26,"31,539.84"
ID13589,15-Mar-2026,Reversal,0.00,491.17,"24,013.13"
ID13589,02-Apr-2026,Charge,0.00,624.01,"32,792.89"
ID13589,09-Feb-2026,Transfer,"1,699.82",0.00,"14,332.68"
ID13589,26-Feb-2026,Charge,0.00,742.58,"44,495.82"
ID13589,20-Feb-2026,Direct Deposit,"1,285.44",0.00,"28,878.61"
ID13589,14-Jan-2026,Payment,0.00,620.76,"18,371.44"
ID13589,17-Feb-2026,Payment,"1,828.58",0.00,"89,349.27"
ID13589,06-Mar-2026,Debit Card,0.00,837.31,"58,316.45"
ID13589,12-Feb-2026,Debit Card,0.00,420.97,"53,135.96"
ID13589,13-Mar-2026,Interest,382.06,0.00,"60,672.80"
ID13589,04-Mar-2026,ATM Withdrawal,0.00,908.38,"99,920.74"
ID13589,05-Jan-2026,ATM Withdrawal,0.00,336.79,"64,584.74"
ID13590,03-Mar-2026,Direct Deposit,673.84,0.00,"26,810.61"
ID13590,16-Mar-2026,Payment,0.00,821.15,"90,632.52"
ID13590,26-Mar-2026,Interest,153.78,0.00,"72,165.37"
ID13590,15-Jan-2026,Transfer,0.00,"1,068.69","89,903.89"
ID13590,12-Mar-2026,Debit Card,0.00,215.15,"58,328.61"
ID13590,28-Feb-2026,Payment,325.55,0.00,"7,128.33"
ID13590,04-Mar-2026,Direct Deposit,"3,177.32",0.00,"21,251.39"
ID13590,08-Feb-2026,Payment,0.00,729.44,"8,185.28"
ID13590,26-Feb-2026,Transfer,417.90,0.00,"33,609.94"
ID13590,24-Jan-2026,ATM Withdrawal,0.00,202.65,"77,310.11"
ID13590,25-Feb-2026,Direct Deposit,"1,568.09",0.00,"35,539.22"
ID13590,22-Jan-2026,Interest,324.97,0.00,"54,845.33"
ID13590,01-Apr-2026,Direct Deposit,"4,677.93",0.00,"83,345.20"
ID13590,10-Jan-2026,Interest,322.49,0.00,"84,755.08"
ID13590,12-Jan-2026,Debit Card,0.00,86.68,"53,873.65"
ID13590,20-Jan-2026,Reversal,788.05,0.00,"33,674.32"
ID13590,06-Jan-2026,Transfer,0.00,294.68,"98,907.09"
ID13590,05-Jan-2026,Reversal,0.00,"1,124.63","35,514.55"
ID13590,22-Jan-2026,Direct Deposit,"3,559.02",0.00,"49,559.14"
ID13590,19-Feb-2026,Debit Card,0.00,130.01,"65,781.17"
ID13591,04-Mar-2026,Direct Deposit,"4,311.30",0.00,"87,149.06"
ID13591,14-Jan-2026,Charge,0.00,634.79,"32,891.87"
ID13591,18-Jan-2026,Charge,0.00,797.39,"45,812.92"
ID13591,01-Feb-2026,Debit Card,0.00,85.36,"57,944.29"
ID13591,15-Feb-2026,Direct Deposit,"2,620.22",0.00,"80,005.91"
ID13591,23-Feb-2026,Reversal,0.00,745.60,"70,481.25"
ID13591,17-Feb-2026,Reversal,0.00,"1,476.67","39,490.84"
ID13591,01-Feb-2026,Debit Card,0.00,262.70,"11,409.23"
ID13591,02-Feb-2026,Debit Card,0.00,247.99,"50,892.92"
ID13591,23-Feb-2026,Direct Deposit,"1,676.39",0.00,"26,578.29"
ID13591,02-Apr-2026,Payment,159.10,0.00,"77,171.51"
ID13591,10-Mar-2026,Reversal,870.96,0.00,"48,765.90"
ID13591,22-Feb-2026,Interest,63.40,0.00,"7,610.07"
ID13591,24-Jan-2026,Payment,0.00,"1,302.25","77,395.57"
ID13591,27-Feb-2026,Debit Card,0.00,972.56,"48,085.73"
ID13591,19-Jan-2026,Payment,0.00,476.21,"48,320.75"
ID13591,25-Jan-2026,Charge,0.00,839.01,"84,415.79"
ID13591,27-Jan-2026,Charge,0.00,200.45,"5,685.03"
ID13591,15-Jan-2026,ATM Withdrawal,0.00,812.44,"58,618.83"
ID13591,25-Feb-2026,Interest,194.50,0.00,"63,676.65"
ID13592,09-Jan-2026,ATM Withdrawal,0.00,206.22,"55,178.49"
ID13592,11-Mar-2026,Debit Card,0.00,307.45,"26,742.56"
ID13592,02-Apr-2026,Charge,0.00,853.55,"16,192.24"
ID13592,21-Mar-2026,Direct Deposit,"2,944.80",0.00,"53,193.38"
ID13592,10-Feb-2026,ATM Withdrawal,0.00,608.07,"86,284.99"
ID13592,03-Apr-2026,Payment,0.00,"1,492.05","41,677.86"
ID13592,20-Mar-2026,ATM Withdrawal,0.00,270.24,"53,711.47"
ID13592,14-Feb-2026,Debit Card,0.00,835.66,"92,102.07"
ID13592,04-Feb-2026,Charge,0.00,386.06,"24,176.00"
ID13592,28-Mar-2026,Transfer,0.00,372.18,"86,658.53"
ID13592,25-Jan-2026,Debit Card,0.00,821.50,"39,739.47"
ID13592,22-Mar-2026,Direct Deposit,750.46,0.00,"5,754.13"
ID13592,26-Feb-2026,Interest,425.31,0.00,"4,054.89"
ID13592,21-Feb-2026,Payment,"1,464.80",0.00,"26,736.38"
ID13592,08-Mar-2026,Transfer,0.00,"1,097.27","90,911.90"
ID13592,08-Mar-2026,Transfer,0.00,"1,256.60","29,326.54"
ID13592,22-Mar-2026,Charge,0.00,794.85,"28,663.04"
ID13592,21-Mar-2026,Direct Deposit,"4,402.65",0.00,"95,362.31"
ID13592,18-Mar-2026,Payment,"1,761.96",0.00,"72,546.94"
ID13592,03-Jan-2026,Debit Card,0.00,418.47,"23,990.50"
ID13593,24-Feb-2026,Interest,409.63,0.00,"98,801.23"
ID13593,22-Jan-2026,Interest,327.73,0.00,"80,956.64"
ID13593,10-Feb-2026,Debit Card,0.00,967.99,"91,959.94"
ID13593,28-Feb-2026,Transfer,272.80,0.00,"2,748.53"
ID13593,08-Mar-2026,Transfer,711.24,0.00,"30,342.58"
ID13593,19-Mar-2026,Payment,0.00,"1,077.39","50,361.06"
ID13593,07-Mar-2026,Interest,129.93,0.00,"80,864.66"
ID13593,05-Mar-2026,Charge,0.00,51.45,"28,775.28"
ID13593,23-Mar-2026,Reversal,0.00,160.64,"29,625.70"
ID13593,29-Mar-2026,Charge,0.00,348.58,"73,141.95"
ID13593,06-Mar-2026,Interest,22.04,0.00,"15,591.06"
ID13593,29-Mar-2026,Reversal,972.95,0.00,"72,154.35"
ID13593,30-Jan-2026,ATM Withdrawal,0.00,323.56,"42,233.47"
ID13593,24-Jan-2026,Charge,0.00,758.02,"83,022.51"
ID13593,01-Feb-2026,ATM Withdrawal,0.00,766.19,"65,512.94"
ID13593,30-Jan-2026,Debit Card,0.00,965.44,"41,419.37"
ID13593,15-Mar-2026,Transfer,"1,946.92",0.00,"73,631.30"
ID13593,22-Jan-2026,Reversal,0.00,870.86,"45,632.46"
ID13593,07-Mar-2026,Direct Deposit,"1,292.82",0.00,"57,598.35"
ID13593,12-Mar-2026,Reversal,"1,767.18",0.00,"9,585.35"
ID13594,19-Jan-2026,Direct Deposit,"1,110.56",0.00,"50,213.65"
ID13594,11-Jan-2026,Interest,134.64,0.00,"58,939.72"
ID13594,15-Mar-2026,Charge,0.00,233.81,"30,412.58"
ID13594,30-Mar-2026,Interest,475.27,0.00,"36,891.60"
ID13594,19-Feb-2026,Interest,466.85,0.00,"52,304.70"
ID13594,27-Feb-2026,Transfer,0.00,716.80,"55,448.35"
ID13594,31-Jan-2026,Reversal,"1,935.31",0.00,"63,341.89"
ID13594,12-Feb-2026,Transfer,0.00,75.89,"63,964.08"
ID13594,12-Mar-2026,Direct Deposit,635.91,0.00,"74,229.78"
ID13594,02-Feb-2026,Interest,366.89,0.00,"93,833.51"
ID13594,15-Mar-2026,Transfer,0.00,"1,270.10","55,164.84"
ID13594,16-Mar-2026,Interest,402.92,0.00,"35,513.53"
ID13594,01-Feb-2026,Transfer,"1,081.66",0.00,"2,467.82"
ID13594,28-Jan-2026,Interest,429.66,0.00,"61,155.81"
ID13594,03-Jan-2026,Charge,0.00,165.58,"69,073.07"
ID13594,09-Mar-2026,Charge,0.00,991.66,"65,605.78"
ID13594,23-Feb-2026,Payment,0.00,"1,342.56","9,426.74"
ID13594,17-Mar-2026,Payment,0.00,508.43,"36,770.21"
ID13594,10-Jan-2026,Debit Card,0.00,770.40,"8,690.87"
ID13594,20-Mar-2026,Payment,942.94,0.00,"46,044.53"
ID13595,06-Feb-2026,Direct Deposit,"1,139.70",0.00,"98,716.01"
ID13595,24-Mar-2026,Debit Card,0.00,692.24,"93,407.47"
ID13595,11-Mar-2026,Interest,212.01,0.00,"49,340.20"
ID13595,11-Feb-2026,ATM Withdrawal,0.00,734.25,"84,654.77"
ID13595,06-Jan-2026,Charge,0.00,311.33,"43,730.95"
ID13595,15-Mar-2026,Direct Deposit,"2,839.28",0.00,"1,327.92"
ID13595,13-Mar-2026,ATM Withdrawal,0.00,585.69,"69,812.10"
ID13595,07-Mar-2026,Payment,0.00,"1,137.13","89,097.36"
ID13595,17-Jan-2026,Transfer,"1,313.03",0.00,"15,466.78"
ID13595,01-Mar-2026,Direct Deposit,991.91,0.00,"1,153.75"
ID13595,17-Feb-2026,Transfer,413.07,0.00,"4,675.06"
ID13595,10-Mar-2026,Reversal,"1,591.16",0.00,"6,680.63"
ID13595,16-Jan-2026,Debit Card,0.00,352.31,"99,898.19"
ID13595,13-Feb-2026,Direct Deposit,"1,255.04",0.00,"37,031.72"
ID13595,18-Feb-2026,Interest,306.75,0.00,"51,673.21"
ID13595,07-Mar-2026,Interest,229.48,0.00,"63,813.64"
ID13595,02-Apr-2026,Direct Deposit,"1,179.60",0.00,"23,500.31"
ID13595,14-Mar-2026,Charge,0.00,786.62,"63,248.17"
ID13595,04-Jan-2026,Direct Deposit,"1,188.97",0.00,"5,826.09"
ID13595,29-Jan-2026,Debit Card,0.00,662.97,"62,887.66"
ID13596,07-Mar-2026,Direct Deposit,"4,067.11",0.00,"42,361.02"
ID13596,17-Jan-2026,Interest,141.83,0.00,"28,871.59"
ID13596,28-Jan-2026,Direct Deposit,"2,288.68",0.00,"81,930.04"
ID13596,23-Jan-2026,Reversal,0.00,"1,047.90","20,923.35"
ID13596,15-Mar-2026,Interest,24.08,0.00,"85,901.32"
ID13596,13-Mar-2026,Payment,600.17,0.00,"26,075.32"
ID13596,07-Jan-2026,Payment,"1,765.85",0.00,"33,407.30"
ID13596,06-Jan-2026,Debit Card,0.00,186.84,"17,776.18"
ID13596,18-Feb-2026,Transfer,631.00,0.00,"66,923.39"
ID13596,02-Mar-2026,Payment,0.00,254.14,"51,004.42"
ID13596,21-Jan-2026,Direct Deposit,"4,926.67",0.00,"76,076.60"
ID13596,16-Jan-2026,Reversal,0.00,"1,304.79","24,860.28"
ID13596,01-Feb-2026,Debit Card,0.00,51.11,"88,217.37"
ID13596,02-Feb-2026,Payment,"1,807.62",0.00,"73,295.81"
ID13596,17-Jan-2026,Transfer,235.36,0.00,"28,796.98"
ID13596,13-Jan-2026,Charge,0.00,941.96,"99,399.59"
ID13596,12-Mar-2026,Debit Card,0.00,914.35,"71,178.71"
ID13596,23-Feb-2026,Transfer,0.00,851.09,"41,424.98"
ID13596,05-Mar-2026,Debit Card,0.00,896.35,"33,945.02"
ID13596,20-Jan-2026,Transfer,0.00,"1,478.00","46,009.56"
ID13597,28-Jan-2026,ATM Withdrawal,0.00,981.70,"66,054.04"
ID13597,18-Jan-2026,Transfer,710.83,0.00,"9,834.06"
ID13597,15-Jan-2026,Payment,"1,358.40",0.00,"49,765.65"
ID13597,01-Feb-2026,ATM Withdrawal,0.00,359.05,"51,062.58"
ID13597,26-Jan-2026,ATM Withdrawal,0.00,318.64,"27,302.83"
ID13597,17-Jan-2026,Debit Card,0.00,320.81,"26,112.82"
ID13597,17-Feb-2026,Interest,492.97,0.00,"95,074.95"
ID13597,22-Feb-2026,ATM Withdrawal,0.00,623.46,"53,454.10"
ID13597,18-Jan-2026,Reversal,0.00,"1,460.73","64,398.29"
ID13597,02-Mar-2026,Debit Card,0.00,797.53,"85,226.91"
ID13597,20-Feb-2026,Direct Deposit,"2,816.83",0.00,"13,848.73"
ID13597,21-Jan-2026,Interest,193.65,0.00,"37,463.03"
ID13597,26-Jan-2026,Debit Card,0.00,788.66,"44,245.16"
ID13597,14-Feb-2026,Transfer,"1,935.45",0.00,"48,876.08"
ID13597,28-Jan-2026,Transfer,0.00,801.53,"92,031.70"
ID13597,01-Apr-2026,Reversal,0.00,590.65,"51,138.80"
ID13597,03-Apr-2026,Debit Card,0.00,72.80,"94,123.25"
ID13597,05-Mar-2026,Debit Card,0.00,318.69,"46,517.25"
ID13597,12-Feb-2026,Payment,220.37,0.00,"92,163.18"
ID13597,13-Mar-2026,Reversal,"1,613.11",0.00,"5,337.55"
ID13598,23-Feb-2026,Interest,325.08,0.00,"96,175.11"
ID13598,05-Mar-2026,Transfer,636.60,0.00,"63,725.21"
ID13598,12-Feb-2026,Charge,0.00,803.45,"29,538.60"
ID13598,22-Jan-2026,Transfer,0.00,297.20,"29,379.25"
ID13598,24-Mar-2026,Transfer,"1,374.07",0.00,"64,327.19"
ID13598,17-Mar-2026,Payment,"1,222.99",0.00,"98,255.46"
ID13598,13-Feb-2026,ATM Withdrawal,0.00,559.36,"75,148.67"
ID13598,08-Feb-2026,Reversal,0.00,111.58,"66,650.23"
ID13598,30-Mar-2026,ATM Withdrawal,0.00,150.73,"39,576.28"
ID13598,07-Feb-2026,ATM Withdrawal,0.00,410.74,"7,396.80"
ID13598,19-Jan-2026,Payment,0.00,259.66,"12,778.70"
ID13598,05-Jan-2026,Charge,0.00,868.99,"51,416.64"
ID13598,08-Feb-2026,Reversal,843.26,0.00,"46,497.35"
ID13598,10-Feb-2026,Debit Card,0.00,929.83,"71,493.07"
ID13598,26-Feb-2026,Direct Deposit,"2,147.30",0.00,"32,934.32"
ID13598,23-Jan-2026,Debit Card,0.00,936.75,"37,819.49"
ID13598,02-Apr-2026,Reversal,242.87,0.00,"40,245.10"
ID13598,25-Jan-2026,Reversal,599.79,0.00,"57,426.75"
ID13598,08-Mar-2026,Charge,0.00,307.85,"28,543.16"
ID13598,07-Feb-2026,Payment,0.00,118.71,"43,377.96"
ID13599,30-Jan-2026,Payment,"1,650.07",0.00,"78,813.08"
ID13599,17-Jan-2026,Direct Deposit,838.14,0.00,"68,019.42"
ID13599,17-Jan-2026,Direct Deposit,"1,054.26",0.00,"97,257.05"
ID13599,18-Jan-2026,Transfer,701.04,0.00,"31,258.65"
ID13599,18-Mar-2026,Transfer,0.00,108.37,"56,615.48"
ID13599,01-Apr-2026,Charge,0.00,432.11,"68,970.70"
ID13599,27-Jan-2026,Interest,166.56,0.00,"3,829.50"
ID13599,27-Mar-2026,Transfer,0.00,"1,050.42","11,944.24"
ID13599,31-Mar-2026,Charge,0.00,68.12,"14,691.82"
ID13599,31-Mar-2026,Direct Deposit,"4,226.39",0.00,"39,638.91"
ID13599,08-Mar-2026,Payment,0.00,908.03,"34,853.74"
ID13599,25-Feb-2026,Interest,331.06,0.00,"88,815.15"
ID13599,13-Jan-2026,Interest,171.62,0.00,"71,704.46"
ID13599,20-Mar-2026,Direct Deposit,"1,308.83",0.00,"6,366.92"
ID13599,27-Jan-2026,Payment,0.00,939.46,"76,849.24"
ID13599,09-Mar-2026,Interest,13.63,0.00,"79,052.12"
ID13599,17-Jan-2026,Interest,340.03,0.00,"5,382.08"
ID13599,08-Jan-2026,Charge,0.00,477.74,"78,728.63"
ID13599,25-Feb-2026,Payment,0.00,407.57,"59,083.05"
ID13599,23-Mar-2026,Transfer,"1,897.07",0.00,"22,853.36"
ID13600,20-Mar-2026,Transfer,0.00,"1,408.36","46,880.24"
ID13600,12-Feb-2026,Charge,0.00,993.96,"6,985.83"
ID13600,04-Jan-2026,Debit Card,0.00,564.00,"96,003.77"
ID13600,22-Mar-2026,Interest,464.10,0.00,"3,415.17"
ID13600,23-Feb-2026,Charge,0.00,961.26,"57,527.82"
ID13600,07-Mar-2026,Charge,0.00,393.38,"77,864.20"
ID13600,29-Jan-2026,Transfer,166.19,0.00,"28,189.58"
ID13600,29-Jan-2026,Charge,0.00,919.94,"7,600.25"
ID13600,28-Mar-2026,Interest,160.40,0.00,"63,989.42"
ID13600,11-Jan-2026,Charge,0.00,689.56,"71,629.71"
ID13600,30-Mar-2026,ATM Withdrawal,0.00,172.17,"73,361.18"
ID13600,18-Jan-2026,Payment,0.00,"1,496.91","68,756.71"
ID13600,22-Jan-2026,Charge,0.00,356.89,"76,937.83"
ID13600,04-Jan-2026,Interest,199.51,0.00,"7,116.86"
ID13600,10-Mar-2026,Reversal,0.00,983.87,"88,586.80"
ID13600,08-Jan-2026,ATM Withdrawal,0.00,272.08,"99,550.43"
ID13600,13-Mar-2026,Reversal,479.28,0.00,"63,905.02"
ID13600,19-Jan-2026,Debit Card,0.00,512.19,"78,406.26"
ID13600,14-Jan-2026,Reversal,0.00,92.86,"46,511.26"
ID13600,24-Jan-2026,Payment,0.00,719.39,"74,208.08"
ID13601,04-Mar-2026,Transfer,0.00,919.65,"90,362.13"
ID13601,16-Jan-2026,Reversal,0.00,"1,250.55","18,764.60"
ID13601,13-Mar-2026,Interest,174.33,0.00,"95,420.95"
ID13601,12-Mar-2026,Interest,151.20,0.00,"55,508.83"
ID13601,14-Jan-2026,ATM Withdrawal,0.00,94.51,"38,084.68"
ID13601,14-Feb-2026,Payment,0.00,"1,130.98","10,979.37"
ID13601,19-Mar-2026,Interest,112.47,0.00,"8,922.50"
ID13601,14-Feb-2026,Debit Card,0.00,691.57,"29,222.39"
ID13601,31-Jan-2026,Reversal,0.00,437.40,"80,043.51"
ID13601,21-Jan-2026,Reversal,0.00,632.74,"44,601.78"
ID13601,14-Jan-2026,Transfer,0.00,"1,461.72","15,731.09"
ID13601,27-Feb-2026,Transfer,939.19,0.00,"23,319.17"
ID13601,19-Jan-2026,Charge,0.00,41.42,"96,129.93"
ID13601,27-Jan-2026,Interest,172.18,0.00,"98,687.18"
ID13601,02-Apr-2026,Interest,448.41,0.00,"93,284.63"
ID13601,13-Mar-2026,Charge,0.00,696.79,"50,507.34"
ID13601,27-Mar-2026,Transfer,0.00,809.96,"15,675.30"
ID13601,28-Jan-2026,ATM Withdrawal,0.00,415.95,"71,254.51"
ID13601,08-Mar-2026,Reversal,824.99,0.00,"25,375.73"
ID13601,09-Mar-2026,Payment,100.73,0.00,"11,329.01"
ID13602,18-Jan-2026,Payment,0.00,719.04,"44,976.58"
ID13602,20-Jan-2026,Transfer,"1,915.90",0.00,"22,286.39"
ID13602,17-Feb-2026,Payment,540.10,0.00,"82,444.95"
ID13602,02-Feb-2026,Charge,0.00,82.19,"6,580.56"
ID13602,24-Mar-2026,Payment,"1,119.32",0.00,"41,155.28"
ID13602,21-Jan-2026,ATM Withdrawal,0.00,858.58,"71,603.25"
ID13602,22-Feb-2026,Transfer,0.00,829.12,"61,824.40"
ID13602,16-Mar-2026,Charge,0.00,252.85,"52,171.66"
ID13602,04-Mar-2026,Debit Card,0.00,256.96,"22,679.03"
ID13602,03-Mar-2026,Direct Deposit,"1,012.40",0.00,"27,361.89"
ID13602,09-Mar-2026,Payment,0.00,126.73,"76,505.63"
ID13602,30-Mar-2026,Transfer,0.00,920.67,"92,183.12"
ID13602,08-Mar-2026,Direct Deposit,"3,623.88",0.00,"84,249.62"
ID13602,11-Mar-2026,Direct Deposit,"4,721.35",0.00,"26,086.17"
ID13602,27-Feb-2026,Payment,"1,350.83",0.00,"5,773.07"
ID13602,06-Mar-2026,Reversal,608.66,0.00,"45,491.48"
ID13602,07-Feb-2026,Transfer,175.15,0.00,"83,710.93"
ID13602,24-Feb-2026,Transfer,252.16,0.00,"93,149.83"
ID13602,03-Jan-2026,Debit Card,0.00,375.85,"51,123.18"
ID13602,23-Feb-2026,ATM Withdrawal,0.00,383.50,"1,665.32"
ID13603,24-Feb-2026,Transfer,"1,021.12",0.00,"42,641.87"
ID13603,05-Jan-2026,Interest,206.02,0.00,"64,767.95"
ID13603,03-Jan-2026,ATM Withdrawal,0.00,921.20,"36,506.32"
ID13603,23-Feb-2026,Transfer,"1,554.11",0.00,"97,827.06"
ID13603,30-Jan-2026,Charge,0.00,488.96,"43,382.15"
ID13603,30-Jan-2026,Debit Card,0.00,847.83,"68,235.36"
ID13603,16-Mar-2026,Direct Deposit,"2,579.80",0.00,"10,954.87"
ID13603,06-Mar-2026,Payment,0.00,"1,378.64","86,576.80"
ID13603,09-Feb-2026,ATM Withdrawal,0.00,415.79,"97,264.78"
ID13603,16-Jan-2026,Transfer,0.00,500.08,"68,164.40"
ID13603,15-Jan-2026,Payment,0.00,435.14,"41,953.18"
ID13603,27-Jan-2026,Interest,452.35,0.00,"16,509.15"
ID13603,17-Feb-2026,ATM Withdrawal,0.00,71.08,"59,343.00"
ID13603,04-Mar-2026,ATM Withdrawal,0.00,800.08,"71,909.86"
ID13603,23-Feb-2026,Reversal,0.00,355.10,"33,113.48"
ID13603,02-Feb-2026,Interest,70.84,0.00,"63,563.71"
ID13603,17-Feb-2026,Payment,0.00,238.45,"27,196.31"
ID13603,11-Jan-2026,ATM Withdrawal,0.00,684.05,"17,957.91"
ID13603,26-Jan-2026,Charge,0.00,616.72,"21,642.42"
ID13603,30-Jan-2026,Direct Deposit,"3,171.15",0.00,"57,051.65"
ID13604,10-Jan-2026,Debit Card,0.00,475.74,"40,672.98"
ID13604,27-Mar-2026,Reversal,0.00,501.91,"81,398.78"
ID13604,24-Mar-2026,Interest,375.29,0.00,"29,581.56"
ID13604,20-Jan-2026,Transfer,0.00,508.81,"15,289.97"
ID13604,03-Feb-2026,Transfer,0.00,975.73,"79,626.73"
ID13604,22-Feb-2026,Reversal,0.00,115.12,"35,903.71"
ID13604,16-Mar-2026,Payment,0.00,377.62,"30,834.74"
ID13604,10-Feb-2026,ATM Withdrawal,0.00,506.39,"52,016.40"
ID13604,17-Mar-2026,Payment,"1,110.91",0.00,"24,943.00"
ID13604,18-Jan-2026,Reversal,209.38,0.00,"32,127.64"
ID13604,12-Jan-2026,Transfer,549.64,0.00,"36,051.81"
ID13604,14-Jan-2026,Transfer,"1,528.15",0.00,"81,134.32"
ID13604,03-Mar-2026,Interest,336.65,0.00,"29,511.63"
ID13604,27-Feb-2026,Debit Card,0.00,204.86,"91,847.16"
ID13604,24-Mar-2026,ATM Withdrawal,0.00,403.88,"36,895.28"
ID13604,05-Feb-2026,Direct Deposit,"4,178.59",0.00,"23,553.47"
ID13604,07-Mar-2026,Transfer,"1,655.53",0.00,"85,480.41"
ID13604,03-Apr-2026,ATM Withdrawal,0.00,70.55,"59,826.26"
ID13604,27-Feb-2026,Interest,310.94,0.00,"34,884.87"
ID13604,19-Mar-2026,Interest,293.56,0.00,"75,393.35"
ID13605,28-Feb-2026,Direct Deposit,"3,445.26",0.00,"20,750.48"
ID13605,26-Mar-2026,Interest,31.46,0.00,"7,878.84"
ID13605,01-Feb-2026,Direct Deposit,"1,836.12",0.00,"69,247.21"
ID13605,23-Mar-2026,Charge,0.00,374.51,"6,009.59"
ID13605,06-Mar-2026,Payment,0.00,74.88,"38,168.95"
ID13605,28-Jan-2026,Direct Deposit,"4,388.66",0.00,"67,349.76"
ID13605,05-Mar-2026,Direct Deposit,"4,461.42",0.00,"22,599.34"
ID13605,01-Apr-2026,ATM Withdrawal,0.00,433.03,"93,098.53"
ID13605,04-Feb-2026,Interest,281.67,0.00,"3,869.45"
ID13605,09-Jan-2026,Transfer,252.49,0.00,"87,703.17"
ID13605,22-Feb-2026,ATM Withdrawal,0.00,515.58,"68,080.63"
ID13605,11-Mar-2026,ATM Withdrawal,0.00,386.50,"11,912.74"
ID13605,01-Feb-2026,Interest,417.23,0.00,"34,613.61"
ID13605,20-Jan-2026,Debit Card,0.00,433.29,"32,471.69"
ID13605,15-Jan-2026,Direct Deposit,"2,808.04",0.00,"32,333.07"
ID13605,06-Mar-2026,Interest,366.88,0.00,"77,003.58"
ID13605,02-Feb-2026,ATM Withdrawal,0.00,668.66,"90,492.50"
ID13605,07-Jan-2026,Reversal,"1,162.20",0.00,"40,634.30"
ID13605,29-Mar-2026,Debit Card,0.00,388.20,"94,870.04"
ID13605,23-Feb-2026,Charge,0.00,64.05,"20,058.12"
ID13606,16-Mar-2026,Debit Card,0.00,790.91,"33,830.24"
ID13606,30-Mar-2026,Debit Card,0.00,16.65,"3,025.50"
ID13606,11-Mar-2026,Interest,428.01,0.00,"81,069.15"
ID13606,17-Jan-2026,Reversal,0.00,"1,315.00","72,899.63"
ID13606,10-Jan-2026,Transfer,929.45,0.00,"93,450.11"
ID13606,01-Feb-2026,Transfer,299.39,0.00,"27,199.74"
ID13606,26-Mar-2026,Charge,0.00,326.13,"83,145.86"
ID13606,16-Jan-2026,Debit Card,0.00,88.35,"35,315.92"
ID13606,06-Mar-2026,ATM Withdrawal,0.00,472.98,"29,444.42"
ID13606,31-Mar-2026,Interest,315.33,0.00,"86,208.99"
ID13606,06-Mar-2026,Direct Deposit,"3,048.97",0.00,"58,776.52"
ID13606,04-Mar-2026,Interest,329.59,0.00,"28,142.15"
ID13606,19-Mar-2026,Interest,309.53,0.00,"68,162.89"
ID13606,15-Mar-2026,Interest,378.70,0.00,"77,241.40"
ID13606,22-Jan-2026,Charge,0.00,936.59,"41,975.71"
ID13606,18-Jan-2026,Transfer,0.00,"1,397.69","6,670.75"
ID13606,08-Mar-2026,Debit Card,0.00,181.47,"6,099.42"
ID13606,21-Jan-2026,Direct Deposit,"1,497.79",0.00,"81,012.40"
ID13606,10-Feb-2026,Payment,338.69,0.00,"23,399.99"
ID13606,04-Feb-2026,Payment,489.08,0.00,"69,937.27"
ID13607,30-Mar-2026,Transfer,0.00,"1,053.62","95,351.60"
ID13607,23-Jan-2026,Transfer,0.00,269.87,"50,030.01"
ID13607,08-Jan-2026,Charge,0.00,12.29,"12,982.55"
ID13607,26-Mar-2026,Reversal,0.00,"1,064.06","28,346.52"
ID13607,20-Jan-2026,ATM Withdrawal,0.00,528.69,"27,595.57"
ID13607,16-Feb-2026,ATM Withdrawal,0.00,975.41,"90,860.38"
ID13607,18-Jan-2026,Debit Card,0.00,949.07,"8,290.19"
ID13607,04-Jan-2026,Payment,0.00,446.67,"50,144.45"
ID13607,06-Feb-2026,Reversal,"1,212.89",0.00,"76,045.88"
ID13607,05-Mar-2026,Reversal,"1,943.27",0.00,"72,694.68"
ID13607,31-Mar-2026,Direct Deposit,"2,754.43",0.00,"10,026.51"
ID13607,04-Mar-2026,Interest,30.39,0.00,"82,787.48"
ID13607,21-Jan-2026,Debit Card,0.00,222.26,"77,369.64"
ID13607,04-Feb-2026,Reversal,143.85,0.00,"33,099.86"
ID13607,23-Jan-2026,Charge,0.00,983.70,"96,924.97"
ID13607,08-Mar-2026,Debit Card,0.00,116.86,"45,999.26"
ID13607,25-Feb-2026,Payment,914.34,0.00,"57,678.21"
ID13607,17-Jan-2026,Transfer,0.00,942.86,"21,136.87"
ID13607,18-Feb-2026,Payment,153.26,0.00,"9,142.66"
ID13607,02-Apr-2026,Transfer,0.00,"1,362.29","66,546.83"
ID13608,01-Mar-2026,Charge,0.00,62.88,"1,080.60"
ID13608,06-Jan-2026,Charge,0.00,476.15,"89,380.68"
ID13608,03-Jan-2026,Payment,"1,584.67",0.00,"53,424.87"
ID13608,10-Jan-2026,Transfer,0.00,"1,486.34","16,080.70"
ID13608,18-Mar-2026,Payment,301.62,0.00,"39,213.99"
ID13608,07-Mar-2026,ATM Withdrawal,0.00,249.93,"90,556.90"
ID13608,31-Jan-2026,Reversal,"1,486.22",0.00,"29,236.64"
ID13608,19-Feb-2026,Transfer,0.00,851.90,"62,904.50"
ID13608,19-Mar-2026,Interest,404.65,0.00,"81,298.18"
ID13608,17-Jan-2026,Charge,0.00,862.41,"58,210.92"
ID13608,22-Jan-2026,Reversal,473.51,0.00,"97,634.91"
ID13608,27-Jan-2026,Direct Deposit,"4,611.79",0.00,"73,591.70"
ID13608,14-Feb-2026,Charge,0.00,909.00,"15,547.72"
ID13608,05-Mar-2026,Interest,143.33,0.00,"53,762.99"
ID13608,11-Mar-2026,Debit Card,0.00,825.39,"55,903.03"
ID13608,03-Apr-2026,Reversal,"1,829.99",0.00,"28,152.42"
ID13608,27-Feb-2026,ATM Withdrawal,0.00,427.16,"64,516.80"
ID13608,24-Jan-2026,Debit Card,0.00,994.41,"66,828.14"
ID13608,17-Feb-2026,Transfer,"1,647.79",0.00,"81,354.79"
ID13608,31-Mar-2026,Charge,0.00,32.72,"51,596.37"
ID13609,12-Jan-2026,Interest,221.40,0.00,"41,885.92"
ID13609,18-Feb-2026,Direct Deposit,"2,674.39",0.00,"59,761.95"
ID13609,18-Jan-2026,Debit Card,0.00,601.10,"84,323.38"
ID13609,24-Mar-2026,Transfer,993.61,0.00,"76,803.74"
ID13609,26-Jan-2026,Charge,0.00,331.91,"8,399.86"
ID13609,16-Feb-2026,Charge,0.00,560.36,"69,548.20"
ID13609,03-Jan-2026,ATM Withdrawal,0.00,212.07,"17,198.19"
ID13609,05-Feb-2026,Reversal,0.00,"1,052.50","88,286.15"
ID13609,22-Mar-2026,Charge,0.00,286.70,"47,656.54"
ID13609,01-Apr-2026,Charge,0.00,473.85,"58,589.80"
ID13609,07-Mar-2026,Direct Deposit,"3,032.89",0.00,"25,834.15"
ID13609,17-Jan-2026,Payment,184.46,0.00,"27,905.61"
ID13609,29-Jan-2026,ATM Withdrawal,0.00,160.62,"86,691.92"
ID13609,22-Mar-2026,Charge,0.00,96.67,"2,580.05"
ID13609,02-Apr-2026,Payment,"1,913.47",0.00,"14,033.22"
ID13609,14-Jan-2026,Transfer,0.00,442.26,"24,232.70"
ID13609,03-Jan-2026,Debit Card,0.00,781.37,"17,455.54"
ID13609,01-Apr-2026,Charge,0.00,982.89,"97,993.69"
ID13609,25-Jan-2026,Reversal,0.00,271.17,"44,960.14"
ID13609,07-Mar-2026,Direct Deposit,"3,016.16",0.00,"96,193.27"
ID13610,01-Mar-2026,Payment,"1,611.20",0.00,"15,333.47"
ID13610,01-Mar-2026,Reversal,0.00,141.70,"49,150.33"
ID13610,07-Mar-2026,Payment,0.00,593.44,"44,800.73"
ID13610,13-Jan-2026,Charge,0.00,853.67,"15,662.78"
ID13610,07-Mar-2026,Interest,379.71,0.00,"49,120.71"
ID13610,11-Jan-2026,Transfer,"1,394.62",0.00,"14,843.40"
ID13610,22-Mar-2026,Interest,432.49,0.00,"70,214.45"
ID13610,02-Mar-2026,Interest,92.75,0.00,"78,491.79"
ID13610,07-Jan-2026,Payment,976.52,0.00,"19,302.27"
ID13610,17-Jan-2026,Direct Deposit,"4,987.89",0.00,"44,082.07"
ID13610,23-Feb-2026,Reversal,"1,227.90",0.00,"49,371.12"
ID13610,23-Feb-2026,Direct Deposit,"3,275.13",0.00,"48,870.67"
ID13610,14-Mar-2026,Charge,0.00,610.15,"67,414.31"
ID13610,25-Jan-2026,Interest,338.34,0.00,"43,148.15"
ID13610,13-Feb-2026,Direct Deposit,755.03,0.00,"73,676.23"
ID13610,16-Mar-2026,Interest,73.04,0.00,"50,198.15"
ID13610,20-Mar-2026,Payment,"1,420.06",0.00,"51,147.99"
ID13610,15-Mar-2026,Interest,291.31,0.00,"85,049.48"
ID13610,03-Apr-2026,Interest,311.67,0.00,"17,224.29"
ID13610,03-Feb-2026,Transfer,0.00,987.59,"64,960.77"
ID13611,05-Mar-2026,ATM Withdrawal,0.00,332.20,"23,003.30"
ID13611,25-Feb-2026,Payment,121.48,0.00,"64,684.75"
ID13611,10-Jan-2026,ATM Withdrawal,0.00,39.01,"87,863.71"
ID13611,05-Feb-2026,ATM Withdrawal,0.00,610.18,"87,399.05"
ID13611,02-Feb-2026,Direct Deposit,"3,220.58",0.00,"21,956.47"
ID13611,28-Jan-2026,Debit Card,0.00,539.67,"18,164.97"
ID13611,15-Feb-2026,Direct Deposit,"2,907.93",0.00,"83,488.59"
ID13611,26-Mar-2026,Direct Deposit,"4,009.62",0.00,"22,726.58"
ID13611,01-Feb-2026,Debit Card,0.00,374.97,"56,026.56"
ID13611,05-Feb-2026,Debit Card,0.00,646.83,"45,714.23"
ID13611,27-Mar-2026,Reversal,696.43,0.00,"43,285.35"
ID13611,23-Jan-2026,Reversal,"1,438.70",0.00,"66,789.90"
ID13611,03-Apr-2026,Reversal,"1,167.81",0.00,"79,705.31"
ID13611,26-Feb-2026,Transfer,150.64,0.00,"22,048.06"
ID13611,10-Feb-2026,ATM Withdrawal,0.00,358.86,"91,315.17"
ID13611,25-Feb-2026,ATM Withdrawal,0.00,674.50,"66,396.24"
ID13611,22-Mar-2026,Charge,0.00,802.51,"78,119.63"
ID13611,14-Mar-2026,Transfer,0.00,144.34,"76,178.88"
ID13611,16-Feb-2026,Debit Card,0.00,144.73,"94,061.30"
ID13611,24-Jan-2026,Charge,0.00,457.92,"78,201.68"
ID13612,16-Mar-2026,Reversal,0.00,169.26,"28,676.11"
ID13612,26-Mar-2026,Reversal,510.20,0.00,"79,933.65"
ID13612,23-Feb-2026,Debit Card,0.00,298.58,"61,221.18"
ID13612,03-Apr-2026,Debit Card,0.00,956.54,"3,709.99"
ID13612,01-Mar-2026,Direct Deposit,"4,589.89",0.00,"21,806.83"
ID13612,11-Mar-2026,Charge,0.00,281.20,"89,752.80"
ID13612,19-Feb-2026,Reversal,"1,393.75",0.00,"24,825.07"
ID13612,09-Mar-2026,Payment,"1,918.61",0.00,"5,949.14"
ID13612,27-Feb-2026,Transfer,0.00,147.58,"55,750.74"
ID13612,09-Feb-2026,Interest,358.72,0.00,"52,303.48"
ID13612,31-Jan-2026,Transfer,"1,778.37",0.00,"30,058.66"
ID13612,04-Mar-2026,Transfer,"1,563.76",0.00,"55,966.90"
ID13612,11-Feb-2026,Direct Deposit,"1,002.02",0.00,"46,682.88"
ID13612,31-Mar-2026,Charge,0.00,317.07,"94,164.95"
ID13612,02-Mar-2026,Reversal,0.00,"1,050.25","29,892.15"
ID13612,11-Feb-2026,ATM Withdrawal,0.00,312.09,"58,102.13"
ID13612,10-Feb-2026,Transfer,0.00,"1,017.06","44,613.89"
ID13612,08-Mar-2026,ATM Withdrawal,0.00,409.35,"65,129.44"
ID13612,14-Feb-2026,Interest,160.90,0.00,"19,151.05"
ID13612,07-Feb-2026,Payment,822.75,0.00,"45,988.39"
ID13613,13-Jan-2026,Interest,88.77,0.00,"40,195.39"
ID13613,22-Mar-2026,Direct Deposit,"3,203.19",0.00,"67,955.10"
ID13613,10-Jan-2026,ATM Withdrawal,0.00,262.94,"26,857.83"
ID13613,01-Feb-2026,Direct Deposit,"3,634.82",0.00,"98,139.18"
ID13613,03-Jan-2026,Transfer,768.91,0.00,"97,256.23"
ID13613,03-Apr-2026,Debit Card,0.00,482.69,"38,745.31"
ID13613,03-Apr-2026,ATM Withdrawal,0.00,807.62,"93,844.94"
ID13613,20-Mar-2026,ATM Withdrawal,0.00,478.24,"10,484.50"
ID13613,01-Apr-2026,Charge,0.00,86.33,"48,858.93"
ID13613,16-Feb-2026,Reversal,163.87,0.00,"31,292.48"
ID13613,04-Mar-2026,Transfer,0.00,753.93,"53,844.40"
ID13613,08-Feb-2026,ATM Withdrawal,0.00,590.07,"92,771.76"
ID13613,27-Mar-2026,Transfer,0.00,"1,429.21","95,432.01"
ID13613,25-Mar-2026,Payment,0.00,107.45,"69,949.29"
ID13613,14-Jan-2026,Debit Card,0.00,703.62,"11,474.20"
ID13613,01-Apr-2026,Payment,0.00,379.98,"41,738.96"
ID13613,14-Mar-2026,ATM Withdrawal,0.00,55.04,"1,940.87"
ID13613,23-Mar-2026,Direct Deposit,548.92,0.00,"94,603.61"
ID13613,15-Jan-2026,Direct Deposit,"1,099.84",0.00,"89,784.12"
ID13613,01-Mar-2026,Direct Deposit,"4,876.53",0.00,"69,142.45"
ID13614,24-Jan-2026,ATM Withdrawal,0.00,635.45,"67,908.32"
ID13614,02-Mar-2026,ATM Withdrawal,0.00,650.05,"14,346.72"
ID13614,31-Mar-2026,ATM Withdrawal,0.00,661.46,"2,877.41"
ID13614,18-Mar-2026,Debit Card,0.00,619.40,"2,668.31"
ID13614,14-Mar-2026,ATM Withdrawal,0.00,819.22,"87,451.00"
ID13614,10-Feb-2026,Reversal,"1,388.53",0.00,"1,725.14"
ID13614,16-Mar-2026,Transfer,545.81,0.00,"62,899.80"
ID13614,08-Mar-2026,Charge,0.00,756.81,"19,014.78"
ID13614,03-Feb-2026,Charge,0.00,161.31,"22,689.22"
ID13614,09-Jan-2026,Transfer,"1,916.98",0.00,"22,528.76"
ID13614,07-Jan-2026,Debit Card,0.00,70.88,"78,009.90"
ID13614,18-Jan-2026,Transfer,"1,564.24",0.00,"70,520.33"
ID13614,27-Feb-2026,Payment,"1,571.32",0.00,"16,044.31"
ID13614,30-Jan-2026,Direct Deposit,"3,767.82",0.00,"43,258.50"
ID13614,28-Mar-2026,Transfer,"1,193.45",0.00,"78,158.46"
ID13614,18-Jan-2026,Interest,95.98,0.00,"79,554.60"
ID13614,09-Feb-2026,Debit Card,0.00,848.71,"9,673.43"
ID13614,23-Feb-2026,Payment,0.00,"1,405.88","13,257.47"
ID13614,19-Mar-2026,Reversal,"1,187.48",0.00,"3,448.29"
ID13614,20-Feb-2026,Transfer,196.67,0.00,"27,539.10"
ID13615,30-Mar-2026,Transfer,385.46,0.00,"38,090.87"
ID13615,16-Jan-2026,Reversal,0.00,162.28,"39,789.72"
ID13615,19-Jan-2026,Debit Card,0.00,588.20,"97,875.67"
ID13615,30-Jan-2026,ATM Withdrawal,0.00,882.92,"45,284.84"
ID13615,03-Feb-2026,Payment,"1,888.16",0.00,"37,021.41"
ID13615,31-Mar-2026,Charge,0.00,978.10,"3,452.54"
ID13615,11-Feb-2026,Interest,215.56,0.00,"85,710.41"
ID13615,16-Jan-2026,Payment,"1,279.22",0.00,"9,432.39"
ID13615,10-Jan-2026,Transfer,827.13,0.00,"31,251.86"
ID13615,04-Jan-2026,Reversal,640.05,0.00,"24,290.47"
ID13615,12-Mar-2026,Reversal,0.00,489.33,"47,114.65"
ID13615,11-Feb-2026,Payment,0.00,"1,041.28","45,008.03"
ID13615,04-Feb-2026,Direct Deposit,"1,724.90",0.00,"71,090.13"
ID13615,06-Feb-2026,Direct Deposit,"1,944.75",0.00,"42,915.52"
ID13615,01-Mar-2026,Transfer,636.90,0.00,"93,528.55"
ID13615,28-Feb-2026,Reversal,"1,495.86",0.00,"21,992.39"
ID13615,10-Mar-2026,Interest,478.72,0.00,"92,747.33"
ID13615,21-Jan-2026,Interest,42.86,0.00,"47,104.34"
ID13615,07-Feb-2026,Transfer,"1,881.38",0.00,"44,014.72"
ID13615,28-Feb-2026,Transfer,0.00,503.62,"76,516.25"
ID13616,26-Mar-2026,Interest,127.43,0.00,"24,971.46"
ID13616,12-Mar-2026,Reversal,0.00,396.74,"53,388.47"
ID13616,03-Jan-2026,Interest,323.64,0.00,"12,823.63"
ID13616,28-Feb-2026,Charge,0.00,47.48,"98,021.96"
ID13616,24-Feb-2026,Reversal,898.62,0.00,"25,946.48"
ID13616,16-Mar-2026,Reversal,453.94,0.00,"9,366.31"
ID13616,09-Mar-2026,Direct Deposit,"2,234.64",0.00,"48,461.74"
ID13616,01-Mar-2026,Charge,0.00,835.45,"38,538.77"
ID13616,14-Feb-2026,Charge,0.00,293.52,"1,546.53"
ID13616,01-Feb-2026,ATM Withdrawal,0.00,925.92,"20,481.25"
ID13616,27-Feb-2026,Payment,"1,495.47",0.00,"80,425.80"
ID13616,17-Mar-2026,Transfer,876.82,0.00,"16,111.44"
ID13616,31-Jan-2026,Transfer,0.00,716.64,"64,987.14"
ID13616,12-Feb-2026,Charge,0.00,16.34,"72,286.58"
ID13616,24-Mar-2026,Direct Deposit,"3,645.15",0.00,"99,239.52"
ID13616,02-Apr-2026,ATM Withdrawal,0.00,949.05,"10,191.21"
ID13616,19-Jan-2026,Direct Deposit,"4,035.29",0.00,"95,896.16"
ID13616,04-Jan-2026,ATM Withdrawal,0.00,206.64,"79,640.62"
ID13616,28-Feb-2026,Debit Card,0.00,187.13,"45,421.68"
ID13616,01-Mar-2026,Reversal,446.80,0.00,"31,235.08"
ID13617,15-Jan-2026,ATM Withdrawal,0.00,333.09,"88,361.40"
ID13617,09-Jan-2026,Charge,0.00,757.32,"34,387.40"
ID13617,12-Jan-2026,Payment,0.00,913.66,"78,472.24"
ID13617,05-Feb-2026,Direct Deposit,"3,035.89",0.00,"64,025.39"
ID13617,05-Mar-2026,Direct Deposit,532.95,0.00,"27,244.54"
ID13617,20-Mar-2026,Direct Deposit,"2,482.03",0.00,"70,849.59"
ID13617,11-Jan-2026,Interest,341.50,0.00,"82,463.29"
ID13617,26-Mar-2026,Reversal,563.14,0.00,"12,599.09"
ID13617,25-Mar-2026,Interest,50.88,0.00,"21,729.16"
ID13617,10-Feb-2026,Reversal,0.00,240.75,"84,566.52"
ID13617,06-Mar-2026,Direct Deposit,"1,720.17",0.00,"96,527.36"
ID13617,16-Feb-2026,Direct Deposit,"2,266.64",0.00,"63,359.45"
ID13617,20-Feb-2026,Transfer,0.00,534.19,"29,321.59"
ID13617,10-Jan-2026,Payment,"1,946.26",0.00,"72,033.56"
ID13617,21-Feb-2026,Payment,0.00,765.60,"43,159.08"
ID13617,23-Feb-2026,Interest,361.79,0.00,"14,812.12"
ID13617,13-Mar-2026,Direct Deposit,"2,225.07",0.00,"41,384.54"
ID13617,26-Mar-2026,Interest,326.52,0.00,"41,844.25"
ID13617,14-Mar-2026,Charge,0.00,901.79,"29,906.92"
ID13617,07-Mar-2026,Payment,0.00,167.01,"93,237.47"
ID13618,17-Mar-2026,Charge,0.00,95.58,"26,213.47"
ID13618,07-Feb-2026,Direct Deposit,"3,437.08",0.00,"84,884.90"
ID13618,26-Jan-2026,ATM Withdrawal,0.00,681.55,"87,039.28"
ID13618,31-Mar-2026,Reversal,0.00,97.43,"85,824.98"
ID13618,02-Feb-2026,Transfer,836.91,0.00,"73,249.87"
ID13618,07-Jan-2026,Direct Deposit,"1,147.02",0.00,"63,323.94"
ID13618,19-Jan-2026,Interest,15.97,0.00,"87,381.08"
ID13618,20-Mar-2026,Payment,"1,656.34",0.00,"60,870.95"
ID13618,16-Mar-2026,Direct Deposit,"3,482.01",0.00,"9,750.46"
ID13618,26-Mar-2026,Reversal,900.00,0.00,"10,670.84"
ID13618,11-Mar-2026,ATM Withdrawal,0.00,43.11,"40,929.68"
ID13618,08-Jan-2026,Transfer,0.00,921.84,"11,616.43"
ID13618,18-Feb-2026,Interest,150.63,0.00,"9,297.98"
ID13618,02-Feb-2026,Reversal,0.00,"1,121.68","21,551.44"
ID13618,06-Mar-2026,Debit Card,0.00,115.74,"61,355.74"
ID13618,24-Jan-2026,Reversal,"1,589.27",0.00,"78,265.25"
ID13618,05-Mar-2026,Direct Deposit,"2,641.16",0.00,"98,266.91"
ID13618,30-Jan-2026,Reversal,554.85,0.00,"88,315.67"
ID13618,27-Jan-2026,Charge,0.00,739.08,"24,263.03"
ID13618,19-Jan-2026,Transfer,0.00,"1,428.92","78,477.02"
ID13619,08-Feb-2026,Interest,63.25,0.00,"73,866.20"
ID13619,20-Jan-2026,Payment,0.00,901.34,"37,974.85"
ID13619,19-Jan-2026,Payment,0.00,962.08,"71,791.85"
ID13619,05-Feb-2026,Interest,204.01,0.00,"88,382.39"
ID13619,04-Feb-2026,Interest,475.73,0.00,"67,527.20"
ID13619,07-Jan-2026,Reversal,0.00,448.92,"25,747.37"
ID13619,15-Mar-2026,Direct Deposit,"4,387.50",0.00,"18,736.84"
ID13619,13-Mar-2026,Direct Deposit,"1,129.64",0.00,"13,332.07"
ID13619,10-Feb-2026,Interest,74.43,0.00,"91,827.83"
ID13619,02-Apr-2026,Debit Card,0.00,559.71,"48,298.45"
ID13619,23-Jan-2026,Interest,112.44,0.00,"88,015.98"
ID13619,03-Apr-2026,Interest,125.09,0.00,"57,962.23"
ID13619,11-Feb-2026,ATM Withdrawal,0.00,699.62,"40,053.40"
ID13619,01-Mar-2026,Reversal,"1,992.90",0.00,"46,783.99"
ID13619,31-Mar-2026,Interest,318.95,0.00,"88,441.70"
ID13619,13-Feb-2026,Transfer,628.14,0.00,"86,411.39"
ID13619,23-Jan-2026,Interest,175.24,0.00,"72,821.37"
ID13619,09-Feb-2026,Transfer,"1,995.92",0.00,"23,025.39"
ID13619,08-Mar-2026,Interest,487.30,0.00,"67,711.76"
ID13619,10-Feb-2026,Reversal,"1,482.83",0.00,"75,412.43"
ID13620,04-Mar-2026,Interest,235.98,0.00,"72,382.74"
ID13620,23-Jan-2026,Charge,0.00,822.90,"85,747.09"
ID13620,26-Jan-2026,Direct Deposit,"4,124.11",0.00,"18,919.03"
ID13620,25-Feb-2026,Charge,0.00,473.40,"20,666.49"
ID13620,06-Mar-2026,ATM Withdrawal,0.00,810.54,"77,244.33"
ID13620,27-Jan-2026,Interest,232.80,0.00,"64,138.98"
ID13620,13-Feb-2026,ATM Withdrawal,0.00,155.63,"34,375.21"
ID13620,17-Mar-2026,Payment,0.00,"1,452.96","18,991.23"
ID13620,13-Mar-2026,Direct Deposit,"1,937.22",0.00,"45,424.10"
ID13620,23-Feb-2026,Debit Card,0.00,46.38,"64,566.76"
ID13620,20-Feb-2026,Charge,0.00,620.28,"33,943.78"
ID13620,25-Feb-2026,Direct Deposit,"4,383.45",0.00,"16,532.06"
ID13620,26-Mar-2026,Transfer,"1,940.64",0.00,"97,811.20"
ID13620,30-Jan-2026,Direct Deposit,"4,769.37",0.00,"12,808.55"
ID13620,12-Feb-2026,ATM Withdrawal,0.00,444.43,"24,124.10"
ID13620,10-Feb-2026,Direct Deposit,"4,531.99",0.00,"72,006.31"
ID13620,20-Feb-2026,Debit Card,0.00,228.18,"9,930.62"
ID13620,12-Jan-2026,ATM Withdrawal,0.00,519.72,"72,712.41"
ID13620,14-Jan-2026,Debit Card,0.00,162.09,"73,041.85"
ID13620,15-Jan-2026,Transfer,0.00,"1,050.97","36,069.39"
ID13621,30-Jan-2026,Transfer,0.00,942.74,"79,830.92"
ID13621,20-Jan-2026,Direct Deposit,"4,390.86",0.00,"51,382.79"
ID13621,11-Feb-2026,Debit Card,0.00,238.33,"75,714.61"
ID13621,05-Feb-2026,Debit Card,0.00,920.33,"95,039.94"
ID13621,19-Mar-2026,ATM Withdrawal,0.00,427.27,"5,782.53"
ID13621,17-Mar-2026,ATM Withdrawal,0.00,445.36,"80,233.55"
ID13621,12-Jan-2026,Debit Card,0.00,21.53,"44,785.64"
ID13621,20-Jan-2026,Reversal,0.00,569.76,"79,042.06"
ID13621,09-Mar-2026,Transfer,0.00,685.28,"29,111.05"
ID13621,22-Mar-2026,Charge,0.00,859.42,"61,965.58"
ID13621,10-Mar-2026,Payment,0.00,244.28,"10,573.26"
ID13621,21-Mar-2026,Reversal,186.54,0.00,"87,589.80"
ID13621,23-Feb-2026,ATM Withdrawal,0.00,44.49,"84,355.63"
ID13621,22-Feb-2026,Charge,0.00,936.58,"18,781.47"
ID13621,20-Feb-2026,ATM Withdrawal,0.00,15.59,"97,591.55"
ID13621,05-Jan-2026,Direct Deposit,"2,130.86",0.00,"69,115.78"
ID13621,20-Feb-2026,Payment,816.56,0.00,"34,393.11"
ID13621,13-Mar-2026,Direct Deposit,"2,517.50",0.00,"81,011.07"
ID13621,25-Mar-2026,ATM Withdrawal,0.00,416.73,"3,420.45"
ID13621,26-Mar-2026,Reversal,0.00,"1,142.77","38,260.22"
ID13622,01-Mar-2026,Interest,382.55,0.00,"12,250.01"
ID13622,14-Feb-2026,Interest,248.15,0.00,"62,044.05"
ID13622,22-Jan-2026,Direct Deposit,"3,046.06",0.00,"2,262.81"
ID13622,13-Mar-2026,Payment,0.00,"1,476.03","35,204.90"
ID13622,24-Mar-2026,Charge,0.00,881.79,"75,493.10"
ID13622,10-Mar-2026,Direct Deposit,"4,733.64",0.00,"47,881.72"
ID13622,22-Feb-2026,Direct Deposit,"2,805.69",0.00,"66,649.44"
ID13622,25-Mar-2026,Charge,0.00,17.43,"93,031.48"
ID13622,24-Feb-2026,Transfer,351.31,0.00,"52,218.29"
ID13622,14-Jan-2026,Charge,0.00,781.42,"58,388.54"
ID13622,25-Jan-2026,Direct Deposit,"3,575.48",0.00,"52,955.03"
ID13622,22-Feb-2026,Direct Deposit,"1,690.48",0.00,"72,032.01"
ID13622,05-Feb-2026,ATM Withdrawal,0.00,217.01,"87,018.75"
ID13622,09-Feb-2026,Interest,57.83,0.00,"51,946.77"
ID13622,21-Mar-2026,Direct Deposit,"2,724.64",0.00,"99,313.55"
ID13622,19-Jan-2026,Direct Deposit,"3,274.76",0.00,"42,689.68"
ID13622,25-Mar-2026,Transfer,549.01,0.00,"96,093.23"
ID13622,08-Feb-2026,Charge,0.00,428.39,"65,949.65"
ID13622,25-Jan-2026,Interest,60.06,0.00,"12,464.09"
ID13622,01-Mar-2026,Transfer,0.00,129.55,"98,901.82"
ID13623,17-Jan-2026,Payment,741.18,0.00,"19,905.76"
ID13623,19-Jan-2026,Payment,0.00,"1,342.27","98,634.24"
ID13623,05-Mar-2026,Charge,0.00,389.15,"97,229.41"
ID13623,13-Feb-2026,ATM Withdrawal,0.00,986.37,"21,790.70"
ID13623,03-Apr-2026,Transfer,"1,850.53",0.00,"35,537.10"
ID13623,27-Jan-2026,Charge,0.00,12.06,"97,878.91"
ID13623,03-Jan-2026,Interest,257.85,0.00,"93,589.12"
ID13623,05-Mar-2026,Interest,464.36,0.00,"63,716.43"
ID13623,08-Feb-2026,ATM Withdrawal,0.00,150.07,"64,612.96"
ID13623,21-Mar-2026,ATM Withdrawal,0.00,97.50,"90,927.63"
ID13623,11-Mar-2026,Transfer,722.18,0.00,"92,780.16"
ID13623,04-Feb-2026,Payment,984.46,0.00,"63,037.11"
ID13623,12-Mar-2026,Debit Card,0.00,676.72,"63,348.26"
ID13623,05-Jan-2026,Reversal,0.00,"1,222.82","40,888.84"
ID13623,22-Jan-2026,Reversal,"1,194.43",0.00,"32,740.94"
ID13623,11-Jan-2026,Debit Card,0.00,525.91,"44,233.82"
ID13623,19-Mar-2026,Reversal,"1,265.29",0.00,"81,377.81"
ID13623,17-Mar-2026,ATM Withdrawal,0.00,563.35,"97,191.79"
ID13623,13-Jan-2026,Debit Card,0.00,385.26,"78,778.48"
ID13623,06-Feb-2026,Transfer,"1,251.00",0.00,"16,110.89"
ID13624,17-Feb-2026,Reversal,"1,516.89",0.00,"47,940.28"
ID13624,05-Feb-2026,ATM Withdrawal,0.00,345.06,"75,989.81"
ID13624,03-Mar-2026,Payment,0.00,935.41,"99,771.10"
ID13624,02-Feb-2026,Debit Card,0.00,510.30,"49,122.65"
ID13624,02-Apr-2026,Direct Deposit,"2,499.74",0.00,"41,005.87"
ID13624,19-Feb-2026,Interest,457.65,0.00,"24,486.44"
ID13624,08-Mar-2026,Reversal,488.90,0.00,"21,576.97"
ID13624,21-Jan-2026,Payment,0.00,"1,406.31","5,374.27"
ID13624,04-Mar-2026,Payment,0.00,150.26,"17,540.96"
ID13624,02-Feb-2026,Debit Card,0.00,390.18,"33,670.62"
ID13624,23-Mar-2026,Debit Card,0.00,174.59,"94,192.16"
ID13624,08-Mar-2026,Interest,130.01,0.00,"39,495.01"
ID13624,05-Mar-2026,ATM Withdrawal,0.00,620.24,"38,394.47"
ID13624,01-Apr-2026,Charge,0.00,706.83,"53,656.05"
ID13624,30-Mar-2026,Debit Card,0.00,523.41,"41,636.79"
ID13624,19-Feb-2026,Interest,68.94,0.00,"7,526.45"
ID13624,17-Jan-2026,Transfer,0.00,323.66,"99,731.67"
ID13624,25-Feb-2026,Transfer,0.00,945.84,"22,687.22"
ID13624,10-Jan-2026,Charge,0.00,944.40,"27,907.55"
ID13624,07-Mar-2026,Interest,228.62,0.00,"13,707.07"
ID13625,20-Mar-2026,Transfer,416.46,0.00,"38,324.35"
ID13625,02-Apr-2026,Reversal,409.12,0.00,"71,270.35"
ID13625,20-Feb-2026,Payment,0.00,"1,149.97","89,316.42"
ID13625,07-Jan-2026,Payment,109.95,0.00,"38,947.84"
ID13625,20-Jan-2026,Payment,"1,078.78",0.00,"90,687.99"
ID13625,30-Jan-2026,ATM Withdrawal,0.00,848.71,"96,899.26"
ID13625,20-Mar-2026,Charge,0.00,473.23,"93,608.46"
ID13625,15-Feb-2026,Debit Card,0.00,394.49,"49,709.24"
ID13625,25-Jan-2026,Reversal,0.00,801.32,"59,658.61"
ID13625,28-Mar-2026,Direct Deposit,"4,297.88",0.00,"82,928.56"
ID13625,20-Jan-2026,Transfer,108.19,0.00,"61,820.72"
ID13625,23-Mar-2026,Interest,423.65,0.00,"23,265.17"
ID13625,08-Jan-2026,Reversal,"1,285.00",0.00,"55,535.77"
ID13625,16-Mar-2026,Transfer,0.00,805.44,"34,654.60"
ID13625,06-Mar-2026,Transfer,0.00,880.25,"7,657.18"
ID13625,18-Mar-2026,ATM Withdrawal,0.00,699.94,"62,381.89"
ID13625,09-Jan-2026,Transfer,0.00,598.96,"9,005.32"
ID13625,16-Feb-2026,Payment,872.79,0.00,"83,287.39"
ID13625,23-Mar-2026,Payment,0.00,201.77,"70,083.53"
ID13625,26-Mar-2026,Payment,0.00,337.18,"14,953.09"
ID13626,14-Mar-2026,Reversal,599.54,0.00,"62,281.75"
ID13626,11-Jan-2026,Debit Card,0.00,753.60,"99,380.68"
ID13626,17-Feb-2026,Debit Card,0.00,25.66,"2,301.88"
ID13626,11-Feb-2026,Payment,0.00,"1,191.82","39,105.82"
ID13626,19-Feb-2026,Direct Deposit,"1,412.56",0.00,"82,377.97"
ID13626,28-Feb-2026,Payment,353.58,0.00,"19,819.07"
ID13626,13-Jan-2026,Transfer,"1,047.44",0.00,"63,352.16"
ID13626,27-Jan-2026,Interest,21.19,0.00,"86,595.77"
ID13626,20-Feb-2026,Debit Card,0.00,574.91,"76,399.72"
ID13626,03-Mar-2026,Payment,0.00,541.01,"78,313.59"
ID13626,22-Feb-2026,Charge,0.00,109.42,"30,873.16"
ID13626,30-Mar-2026,Reversal,0.00,"1,434.77","21,837.12"
ID13626,25-Feb-2026,Direct Deposit,"4,816.51",0.00,"10,713.91"
ID13626,25-Feb-2026,ATM Withdrawal,0.00,630.80,"2,109.01"
ID13626,07-Feb-2026,Direct Deposit,"1,893.40",0.00,"34,521.30"
ID13626,17-Mar-2026,Charge,0.00,806.85,"58,436.48"
ID13626,03-Feb-2026,Reversal,0.00,545.53,"3,645.26"
ID13626,10-Jan-2026,Reversal,0.00,821.45,"87,895.04"
ID13626,11-Mar-2026,ATM Withdrawal,0.00,98.47,"30,106.30"
ID13626,17-Mar-2026,Charge,0.00,666.36,"4,009.41"
ID13627,28-Jan-2026,Charge,0.00,191.32,"83,738.04"
ID13627,20-Feb-2026,Reversal,"1,005.70",0.00,"66,486.50"
ID13627,28-Mar-2026,Direct Deposit,"2,813.85",0.00,"43,537.43"
ID13627,18-Jan-2026,Transfer,530.61,0.00,"11,386.44"
ID13627,08-Feb-2026,Transfer,0.00,862.94,"16,636.74"
ID13627,01-Apr-2026,Direct Deposit,"1,922.47",0.00,"93,980.11"
ID13627,13-Jan-2026,Charge,0.00,327.03,"95,500.64"
ID13627,19-Jan-2026,Payment,502.23,0.00,"89,232.83"
ID13627,23-Mar-2026,Transfer,0.00,820.21,"95,118.32"
ID13627,12-Jan-2026,Debit Card,0.00,995.95,"37,900.74"
ID13627,26-Feb-2026,Debit Card,0.00,335.87,"72,585.32"
ID13627,17-Jan-2026,Direct Deposit,948.81,0.00,"60,426.00"
ID13627,27-Feb-2026,ATM Withdrawal,0.00,373.62,"44,419.73"
ID13627,11-Feb-2026,Reversal,874.21,0.00,"96,928.04"
ID13627,15-Mar-2026,Interest,199.87,0.00,"22,309.63"
ID13627,23-Jan-2026,Debit Card,0.00,370.49,"58,794.53"
ID13627,07-Mar-2026,Reversal,0.00,"1,163.97","15,827.03"
ID13627,27-Feb-2026,Charge,0.00,840.88,"53,352.50"
ID13627,06-Jan-2026,Reversal,0.00,321.66,"59,055.23"
ID13627,03-Mar-2026,Interest,290.01,0.00,"56,350.58"
ID13628,11-Mar-2026,Reversal,0.00,478.24,"67,007.45"
ID13628,14-Mar-2026,Transfer,0.00,375.45,"97,476.10"
ID13628,22-Feb-2026,Interest,492.11,0.00,"28,835.84"
ID13628,21-Mar-2026,Reversal,401.31,0.00,"63,955.43"
ID13628,03-Mar-2026,Payment,"1,357.12",0.00,"14,632.91"
ID13628,06-Mar-2026,Interest,12.41,0.00,"94,783.29"
ID13628,23-Feb-2026,Charge,0.00,72.63,"31,011.40"
ID13628,12-Mar-2026,ATM Withdrawal,0.00,802.99,"96,798.83"
ID13628,08-Mar-2026,Direct Deposit,"1,456.27",0.00,"86,611.70"
ID13628,22-Mar-2026,Transfer,0.00,"1,022.35","87,498.39"
ID13628,12-Mar-2026,Transfer,0.00,968.18,"8,082.82"
ID13628,17-Jan-2026,Interest,76.67,0.00,"20,503.38"
ID13628,28-Mar-2026,Transfer,772.32,0.00,"46,087.58"
ID13628,25-Feb-2026,Reversal,0.00,128.44,"79,440.49"
ID13628,22-Jan-2026,Direct Deposit,831.47,0.00,"38,876.43"
ID13628,30-Jan-2026,Interest,323.70,0.00,"60,882.66"
ID13628,01-Apr-2026,Debit Card,0.00,72.04,"57,254.90"
ID13628,09-Jan-2026,Reversal,532.82,0.00,"47,169.43"
ID13628,01-Mar-2026,ATM Withdrawal,0.00,760.74,"46,084.09"
ID13628,20-Feb-2026,ATM Withdrawal,0.00,979.62,"7,444.49"
ID13629,13-Jan-2026,Interest,333.85,0.00,"83,483.23"
ID13629,12-Mar-2026,Debit Card,0.00,254.26,"4,322.96"
ID13629,03-Jan-2026,Charge,0.00,903.38,"95,756.30"
ID13629,04-Jan-2026,Debit Card,0.00,587.88,"30,998.13"
ID13629,11-Feb-2026,Reversal,"1,270.86",0.00,"35,118.92"
ID13629,07-Mar-2026,Transfer,311.72,0.00,"49,123.22"
ID13629,10-Feb-2026,Reversal,993.60,0.00,"39,153.86"
ID13629,01-Feb-2026,ATM Withdrawal,0.00,729.13,"31,622.00"
ID13629,29-Mar-2026,Charge,0.00,148.64,"72,502.33"
ID13629,08-Mar-2026,Direct Deposit,"4,174.05",0.00,"49,045.50"
ID13629,23-Feb-2026,Debit Card,0.00,988.42,"38,447.70"
ID13629,13-Jan-2026,Interest,420.34,0.00,"4,410.30"
ID13629,11-Jan-2026,Interest,358.80,0.00,"38,782.09"
ID13629,14-Mar-2026,ATM Withdrawal,0.00,132.71,"88,871.00"
ID13629,06-Jan-2026,Transfer,0.00,325.89,"58,223.89"
ID13629,25-Jan-2026,Debit Card,0.00,319.75,"31,317.17"
ID13629,10-Jan-2026,Reversal,"1,929.45",0.00,"45,917.55"
ID13629,20-Jan-2026,Charge,0.00,594.72,"7,533.71"
ID13629,05-Jan-2026,Payment,"1,193.25",0.00,"86,925.56"
ID13629,17-Mar-2026,Debit Card,0.00,411.73,"99,415.69"
ID13630,03-Mar-2026,Debit Card,0.00,62.13,"66,292.52"
ID13630,24-Mar-2026,Charge,0.00,833.96,"91,168.29"
ID13630,06-Mar-2026,Payment,0.00,"1,169.34","1,660.76"
ID13630,09-Jan-2026,Payment,281.32,0.00,"14,913.57"
ID13630,28-Jan-2026,Charge,0.00,961.50,"32,841.89"
ID13630,12-Jan-2026,Debit Card,0.00,112.23,"87,978.34"
ID13630,08-Mar-2026,Reversal,821.67,0.00,"74,843.65"
ID13630,03-Mar-2026,ATM Withdrawal,0.00,160.40,"55,913.78"
ID13630,16-Jan-2026,Charge,0.00,294.43,"23,409.80"
ID13630,30-Mar-2026,ATM Withdrawal,0.00,63.24,"94,481.52"
ID13630,07-Jan-2026,Debit Card,0.00,655.37,"95,501.39"
ID13630,03-Mar-2026,Interest,414.98,0.00,"14,080.79"
ID13630,15-Jan-2026,Direct Deposit,"3,152.00",0.00,"20,079.90"
ID13630,27-Feb-2026,ATM Withdrawal,0.00,432.58,"32,486.38"
ID13630,14-Jan-2026,Debit Card,0.00,551.04,"68,343.12"
ID13630,20-Feb-2026,Direct Deposit,"4,910.72",0.00,"45,890.95"
ID13630,18-Feb-2026,Charge,0.00,185.32,"34,173.59"
ID13630,30-Jan-2026,Transfer,0.00,173.61,"87,525.74"
ID13630,23-Jan-2026,Interest,110.70,0.00,"93,696.01"
ID13630,27-Mar-2026,Transfer,872.98,0.00,"79,164.96"
ID13631,18-Mar-2026,Transfer,0.00,968.60,"57,667.23"
ID13631,19-Feb-2026,Transfer,0.00,"1,081.06","23,062.97"
ID13631,25-Mar-2026,Payment,"1,965.88",0.00,"80,964.65"
ID13631,22-Mar-2026,Debit Card,0.00,813.86,"95,703.96"
ID13631,03-Feb-2026,Reversal,0.00,"1,095.64","8,263.83"
ID13631,25-Jan-2026,Payment,276.97,0.00,"20,575.77"
ID13631,13-Jan-2026,Reversal,110.08,0.00,"84,968.39"
ID13631,23-Feb-2026,Reversal,548.86,0.00,"82,762.28"
ID13631,05-Jan-2026,Payment,0.00,"1,482.45","91,753.22"
ID13631,09-Feb-2026,ATM Withdrawal,0.00,398.89,"2,692.87"
ID13631,30-Jan-2026,ATM Withdrawal,0.00,325.11,"16,689.73"
ID13631,17-Feb-2026,Charge,0.00,468.24,"97,628.33"
ID13631,10-Mar-2026,ATM Withdrawal,0.00,961.31,"79,672.44"
ID13631,04-Feb-2026,Reversal,0.00,877.68,"38,960.01"
ID13631,16-Feb-2026,Interest,416.55,0.00,"6,324.50"
ID13631,18-Jan-2026,Interest,274.80,0.00,"46,089.74"
ID13631,27-Mar-2026,ATM Withdrawal,0.00,517.63,"34,127.24"
ID13631,18-Feb-2026,Direct Deposit,"2,057.30",0.00,"35,883.81"
ID13631,11-Jan-2026,Interest,116.95,0.00,"80,646.27"
ID13631,05-Feb-2026,ATM Withdrawal,0.00,553.98,"66,339.87"
ID13632,15-Jan-2026,Debit Card,0.00,729.04,"69,713.49"
ID13632,23-Jan-2026,Payment,"1,484.06",0.00,"70,870.39"
ID13632,16-Jan-2026,Charge,0.00,809.43,"2,481.71"
ID13632,16-Jan-2026,Reversal,0.00,"1,233.01","94,927.31"
ID13632,13-Feb-2026,Direct Deposit,"4,704.71",0.00,"24,090.83"
ID13632,15-Feb-2026,ATM Withdrawal,0.00,900.74,"65,762.72"
ID13632,23-Feb-2026,Reversal,0.00,168.75,"50,402.58"
ID13632,24-Mar-2026,Interest,322.12,0.00,"35,215.88"
ID13632,06-Feb-2026,Payment,0.00,875.66,"80,336.14"
ID13632,31-Jan-2026,Charge,0.00,190.75,"69,156.70"
ID13632,22-Jan-2026,Transfer,0.00,368.16,"34,566.27"
ID13632,17-Jan-2026,Transfer,192.25,0.00,"79,300.71"
ID13632,12-Mar-2026,Charge,0.00,70.37,"5,450.16"
ID13632,16-Feb-2026,Payment,0.00,249.51,"42,804.65"
ID13632,08-Jan-2026,Debit Card,0.00,514.82,"32,785.21"
ID13632,05-Feb-2026,Debit Card,0.00,721.87,"89,355.73"
ID13632,26-Jan-2026,Direct Deposit,"3,831.15",0.00,"69,342.74"
ID13632,27-Mar-2026,Debit Card,0.00,878.47,"80,193.80"
ID13632,24-Feb-2026,Transfer,0.00,549.61,"39,453.07"
ID13632,21-Feb-2026,Interest,403.70,0.00,"62,704.19"
ID13633,13-Mar-2026,Payment,"1,134.30",0.00,"15,254.64"
ID13633,10-Feb-2026,Transfer,"1,329.99",0.00,"74,268.39"
ID13633,11-Jan-2026,Charge,0.00,436.54,"35,144.24"
ID13633,19-Mar-2026,Charge,0.00,875.93,"28,466.33"
ID13633,19-Mar-2026,Reversal,"1,398.32",0.00,"38,580.41"
ID13633,02-Apr-2026,Interest,328.61,0.00,"84,169.17"
ID13633,28-Mar-2026,Transfer,"1,118.21",0.00,"95,576.29"
ID13633,09-Jan-2026,Payment,"1,328.84",0.00,"52,170.34"
ID13633,27-Jan-2026,Payment,"1,842.68",0.00,"43,621.15"
ID13633,07-Jan-2026,Interest,63.00,0.00,"56,232.55"
ID13633,28-Mar-2026,Payment,0.00,273.34,"6,007.86"
ID13633,28-Mar-2026,Reversal,0.00,"1,288.60","86,339.69"
ID13633,11-Mar-2026,Transfer,0.00,284.41,"68,158.04"
ID13633,09-Feb-2026,Interest,52.21,0.00,"10,264.82"
ID13633,02-Mar-2026,Interest,208.12,0.00,"18,812.47"
ID13633,10-Feb-2026,Reversal,805.58,0.00,"66,458.50"
ID13633,13-Mar-2026,Debit Card,0.00,337.95,"15,077.38"
ID13633,26-Feb-2026,Reversal,"1,906.46",0.00,"37,795.99"
ID13633,15-Jan-2026,Reversal,789.73,0.00,"32,955.15"
ID13633,19-Jan-2026,Direct Deposit,"4,527.75",0.00,"48,892.56"
ID13634,26-Mar-2026,Interest,172.18,0.00,"37,112.45"
ID13634,13-Mar-2026,Direct Deposit,"2,209.46",0.00,"72,681.45"
ID13634,11-Jan-2026,Charge,0.00,966.69,"45,575.90"
ID13634,12-Jan-2026,Reversal,0.00,"1,405.09","85,970.34"
ID13634,16-Jan-2026,Debit Card,0.00,99.18,"74,802.00"
ID13634,25-Feb-2026,Interest,456.28,0.00,"15,991.73"
ID13634,28-Jan-2026,Direct Deposit,"3,291.44",0.00,"67,412.76"
ID13634,30-Jan-2026,Transfer,0.00,"1,232.50","63,168.02"
ID13634,12-Feb-2026,Direct Deposit,"1,514.65",0.00,"44,680.49"
ID13634,08-Jan-2026,Payment,"1,107.91",0.00,"39,773.70"
ID13634,28-Jan-2026,Reversal,"1,044.67",0.00,"19,697.83"
ID13634,08-Mar-2026,ATM Withdrawal,0.00,52.38,"24,245.46"
ID13634,07-Jan-2026,Interest,52.20,0.00,"46,953.00"
ID13634,01-Feb-2026,Debit Card,0.00,607.87,"74,082.17"
ID13634,28-Feb-2026,Charge,0.00,701.61,"36,871.50"
ID13634,03-Mar-2026,Reversal,"1,418.33",0.00,"74,597.67"
ID13634,27-Jan-2026,Payment,"1,415.86",0.00,"45,947.68"
ID13634,07-Jan-2026,Reversal,"1,715.08",0.00,"2,074.72"
ID13634,22-Jan-2026,Interest,367.39,0.00,"24,339.53"
ID13634,13-Mar-2026,Transfer,314.69,0.00,"6,254.50"
ID13635,09-Feb-2026,Direct Deposit,960.89,0.00,"99,082.28"
ID13635,03-Feb-2026,Interest,137.54,0.00,"14,199.16"
ID13635,24-Jan-2026,Debit Card,0.00,467.30,"62,866.29"
ID13635,29-Mar-2026,ATM Withdrawal,0.00,459.63,"80,821.97"
ID13635,12-Mar-2026,ATM Withdrawal,0.00,703.31,"15,583.68"
ID13635,16-Feb-2026,Transfer,0.00,"1,435.16","50,633.33"
ID13635,25-Feb-2026,Charge,0.00,497.24,"6,946.89"
ID13635,09-Mar-2026,Transfer,0.00,"1,187.40","52,998.36"
ID13635,11-Feb-2026,Interest,134.65,0.00,"88,865.99"
ID13635,05-Feb-2026,Payment,894.81,0.00,"76,631.62"
ID13635,08-Jan-2026,Reversal,591.07,0.00,"35,829.52"
ID13635,22-Jan-2026,Interest,220.15,0.00,"38,951.26"
ID13635,10-Mar-2026,Debit Card,0.00,313.30,"90,212.26"
ID13635,07-Mar-2026,Payment,"1,843.12",0.00,"70,793.33"
ID13635,02-Feb-2026,Transfer,0.00,584.21,"75,308.12"
ID13635,25-Jan-2026,Debit Card,0.00,945.56,"33,662.09"
ID13635,03-Mar-2026,Direct Deposit,610.15,0.00,"87,485.35"
ID13635,28-Mar-2026,Charge,0.00,122.63,"97,076.50"
ID13635,31-Jan-2026,Debit Card,0.00,701.28,"39,717.01"
ID13635,31-Jan-2026,Reversal,988.46,0.00,"24,493.26"
ID13636,01-Mar-2026,Transfer,284.51,0.00,"26,988.71"
ID13636,30-Jan-2026,Direct Deposit,"2,125.20",0.00,"2,570.65"
ID13636,10-Jan-2026,Debit Card,0.00,498.12,"97,707.33"
ID13636,08-Mar-2026,Interest,187.35,0.00,"56,800.77"
ID13636,06-Mar-2026,Reversal,0.00,927.15,"35,413.59"
ID13636,02-Apr-2026,Direct Deposit,"4,493.40",0.00,"30,984.74"
ID13636,26-Feb-2026,Direct Deposit,"1,064.50",0.00,"39,231.62"
ID13636,13-Feb-2026,ATM Withdrawal,0.00,650.62,"73,017.83"
ID13636,27-Jan-2026,Debit Card,0.00,889.43,"8,453.70"
ID13636,22-Mar-2026,Debit Card,0.00,886.12,"49,872.69"
ID13636,13-Mar-2026,Transfer,0.00,859.21,"15,530.37"
ID13636,17-Mar-2026,ATM Withdrawal,0.00,914.41,"53,239.04"
ID13636,27-Jan-2026,Payment,406.07,0.00,"36,298.76"
ID13636,07-Jan-2026,Payment,0.00,332.80,"12,251.52"
ID13636,18-Feb-2026,Debit Card,0.00,358.95,"13,247.71"
ID13636,04-Jan-2026,Transfer,0.00,"1,153.96","49,275.77"
ID13636,01-Apr-2026,Interest,333.36,0.00,"38,087.79"
ID13636,01-Apr-2026,Reversal,0.00,622.85,"21,509.43"
ID13636,17-Mar-2026,Reversal,0.00,790.01,"87,278.30"
ID13636,31-Jan-2026,Transfer,0.00,"1,263.87","46,776.38"
ID13637,17-Jan-2026,Debit Card,0.00,678.21,"50,547.65"
ID13637,03-Mar-2026,ATM Withdrawal,0.00,957.98,"31,303.04"
ID13637,15-Feb-2026,Transfer,0.00,257.90,"26,789.63"
ID13637,06-Mar-2026,Interest,189.51,0.00,"45,293.78"
ID13637,29-Mar-2026,Payment,0.00,292.92,"89,668.88"
ID13637,22-Feb-2026,ATM Withdrawal,0.00,326.62,"90,353.57"
ID13637,16-Feb-2026,Interest,353.02,0.00,"33,782.07"
ID13637,03-Mar-2026,Interest,80.35,0.00,"97,830.02"
ID13637,15-Feb-2026,Interest,190.57,0.00,"9,746.24"
ID13637,02-Apr-2026,ATM Withdrawal,0.00,10.68,"36,397.94"
ID13637,03-Jan-2026,ATM Withdrawal,0.00,186.27,"60,837.82"
ID13637,19-Feb-2026,Charge,0.00,63.67,"77,631.46"
ID13637,27-Mar-2026,Payment,0.00,372.57,"17,175.42"
ID13637,31-Mar-2026,Transfer,"1,227.79",0.00,"11,903.87"
ID13637,16-Feb-2026,ATM Withdrawal,0.00,171.62,"17,697.61"
ID13637,02-Apr-2026,Debit Card,0.00,904.92,"56,495.18"
ID13637,20-Mar-2026,Charge,0.00,674.82,"90,608.69"
ID13637,12-Mar-2026,Charge,0.00,528.44,"68,665.66"
ID13637,02-Mar-2026,Reversal,0.00,"1,173.35","33,795.15"
ID13637,18-Mar-2026,ATM Withdrawal,0.00,749.80,"62,628.88"
ID13638,10-Feb-2026,Charge,0.00,277.29,"16,816.36"
ID13638,08-Jan-2026,Transfer,"1,547.69",0.00,"19,200.04"
ID13638,07-Mar-2026,Direct Deposit,"3,066.04",0.00,"95,982.03"
ID13638,22-Feb-2026,Debit Card,0.00,494.79,"43,388.88"
ID13638,27-Feb-2026,Interest,259.57,0.00,"85,414.48"
ID13638,08-Mar-2026,Interest,367.07,0.00,"86,162.65"
ID13638,27-Jan-2026,ATM Withdrawal,0.00,845.99,"49,819.71"
ID13638,02-Mar-2026,ATM Withdrawal,0.00,208.12,"96,582.70"
ID13638,18-Feb-2026,Direct Deposit,"3,974.42",0.00,"62,289.38"
ID13638,03-Feb-2026,Transfer,503.70,0.00,"95,493.74"
ID13638,27-Jan-2026,Reversal,0.00,696.86,"61,385.69"
ID13638,15-Feb-2026,Charge,0.00,482.12,"94,260.85"
ID13638,16-Feb-2026,ATM Withdrawal,0.00,583.82,"67,530.08"
ID13638,03-Jan-2026,Payment,0.00,138.08,"1,728.19"
ID13638,03-Apr-2026,Direct Deposit,"4,603.17",0.00,"19,856.09"
ID13638,01-Mar-2026,ATM Withdrawal,0.00,991.01,"73,855.63"
ID13638,24-Feb-2026,ATM Withdrawal,0.00,807.28,"68,974.11"
ID13638,10-Feb-2026,Interest,364.69,0.00,"47,797.58"
ID13638,12-Jan-2026,Payment,0.00,220.68,"42,391.46"
ID13638,25-Feb-2026,ATM Withdrawal,0.00,611.11,"81,371.67"
ID13639,11-Feb-2026,Interest,176.24,0.00,"72,797.66"
ID13639,02-Feb-2026,ATM Withdrawal,0.00,499.19,"84,578.65"
ID13639,16-Feb-2026,Direct Deposit,"4,548.78",0.00,"89,182.84"
ID13639,02-Apr-2026,Charge,0.00,628.14,"69,139.10"
ID13639,01-Mar-2026,Reversal,"1,832.35",0.00,"65,015.12"
ID13639,19-Jan-2026,Interest,372.71,0.00,"1,769.37"
ID13639,02-Mar-2026,Reversal,0.00,337.00,"92,741.74"
ID13639,28-Mar-2026,ATM Withdrawal,0.00,167.79,"31,960.71"
ID13639,21-Jan-2026,Direct Deposit,"1,325.87",0.00,"36,250.51"
ID13639,20-Jan-2026,Transfer,585.85,0.00,"30,089.24"
ID13639,23-Jan-2026,Payment,0.00,291.08,"63,084.31"
ID13639,14-Feb-2026,Direct Deposit,"2,295.12",0.00,"17,475.90"
ID13639,14-Feb-2026,Interest,102.81,0.00,"95,356.97"
ID13639,08-Mar-2026,ATM Withdrawal,0.00,940.39,"69,860.14"
ID13639,20-Feb-2026,Reversal,0.00,685.27,"73,657.54"
ID13639,07-Jan-2026,Direct Deposit,"3,529.50",0.00,"68,318.88"
ID13639,29-Jan-2026,Interest,120.53,0.00,"24,980.17"
ID13639,03-Jan-2026,Charge,0.00,805.82,"44,097.47"
ID13639,21-Jan-2026,Direct Deposit,"2,474.02",0.00,"97,615.18"
ID13639,23-Feb-2026,Debit Card,0.00,906.49,"19,833.85"
ID13640,31-Mar-2026,Interest,379.27,0.00,"23,013.18"
ID13640,25-Jan-2026,Reversal,0.00,272.17,"99,883.69"
ID13640,22-Jan-2026,Charge,0.00,967.62,"48,111.22"
ID13640,16-Jan-2026,Direct Deposit,"1,583.62",0.00,"21,788.45"
ID13640,16-Jan-2026,Direct Deposit,"1,883.50",0.00,"97,922.16"
ID13640,19-Feb-2026,Charge,0.00,885.55,"5,323.57"
ID13640,08-Jan-2026,Reversal,0.00,"1,465.71","8,896.87"
ID13640,10-Feb-2026,ATM Withdrawal,0.00,533.54,"76,968.63"
ID13640,28-Jan-2026,ATM Withdrawal,0.00,436.28,"86,986.90"
ID13640,18-Jan-2026,Transfer,"1,829.49",0.00,"68,793.01"
ID13640,16-Mar-2026,ATM Withdrawal,0.00,152.98,"17,646.24"
ID13640,22-Feb-2026,Charge,0.00,278.68,"19,177.48"
ID13640,27-Feb-2026,Transfer,0.00,636.95,"36,445.00"
ID13640,11-Jan-2026,Debit Card,0.00,526.87,"47,672.71"
ID13640,05-Mar-2026,Charge,0.00,682.05,"33,142.77"
ID13640,25-Feb-2026,Debit Card,0.00,637.94,"38,719.12"
ID13640,18-Feb-2026,Reversal,"1,257.21",0.00,"81,977.07"
ID13640,15-Mar-2026,Debit Card,0.00,729.27,"87,759.46"
ID13640,26-Mar-2026,Reversal,0.00,783.59,"66,448.35"
ID13640,16-Jan-2026,Payment,"1,526.11",0.00,"67,926.22"
ID13641,17-Feb-2026,Charge,0.00,978.20,"70,643.16"
ID13641,17-Jan-2026,Payment,0.00,249.44,"17,793.30"
ID13641,01-Feb-2026,Payment,0.00,"1,237.93","77,170.79"
ID13641,08-Feb-2026,Direct Deposit,944.60,0.00,"24,843.89"
ID13641,10-Feb-2026,ATM Withdrawal,0.00,209.49,"78,938.83"
ID13641,14-Mar-2026,Charge,0.00,153.12,"9,261.16"
ID13641,24-Jan-2026,Reversal,"1,256.15",0.00,"4,138.00"
ID13641,26-Mar-2026,Direct Deposit,"1,917.32",0.00,"38,866.65"
ID13641,15-Mar-2026,Interest,259.46,0.00,"86,803.80"
ID13641,09-Mar-2026,Interest,317.48,0.00,"82,479.04"
ID13641,27-Feb-2026,Interest,213.60,0.00,"22,186.88"
ID13641,17-Jan-2026,ATM Withdrawal,0.00,712.90,"26,249.71"
ID13641,10-Jan-2026,Debit Card,0.00,185.51,"21,521.61"
ID13641,26-Feb-2026,Transfer,"1,346.99",0.00,"51,108.19"
ID13641,28-Jan-2026,Debit Card,0.00,568.07,"72,584.08"
ID13641,26-Feb-2026,Debit Card,0.00,236.89,"40,385.22"
ID13641,17-Mar-2026,Debit Card,0.00,146.87,"13,906.56"
ID13641,08-Feb-2026,Direct Deposit,"3,992.70",0.00,"67,996.49"
ID13641,01-Mar-2026,Charge,0.00,185.54,"84,633.80"
ID13641,05-Mar-2026,ATM Withdrawal,0.00,434.95,"37,482.61"
ID13642,11-Feb-2026,Direct Deposit,"1,393.39",0.00,"12,101.90"
ID13642,06-Feb-2026,ATM Withdrawal,0.00,118.48,"54,819.77"
ID13642,06-Feb-2026,ATM Withdrawal,0.00,69.50,"2,370.37"
ID13642,03-Feb-2026,Debit Card,0.00,246.18,"26,122.30"
ID13642,22-Feb-2026,Direct Deposit,"4,901.29",0.00,"98,365.66"
ID13642,01-Feb-2026,Direct Deposit,"3,585.31",0.00,"22,438.54"
ID13642,04-Mar-2026,Transfer,0.00,989.12,"56,286.35"
ID13642,12-Feb-2026,Interest,474.27,0.00,"85,334.62"
ID13642,24-Mar-2026,Transfer,310.01,0.00,"74,599.24"
ID13642,14-Mar-2026,ATM Withdrawal,0.00,837.82,"50,177.97"
ID13642,21-Jan-2026,Direct Deposit,"4,664.14",0.00,"47,646.38"
ID13642,28-Feb-2026,ATM Withdrawal,0.00,123.64,"45,887.89"
ID13642,07-Mar-2026,Interest,85.83,0.00,"51,753.26"
ID13642,06-Jan-2026,Interest,104.46,0.00,"31,793.13"
ID13642,30-Jan-2026,Payment,"1,448.21",0.00,"70,907.43"
ID13642,11-Feb-2026,Charge,0.00,301.55,"1,074.89"
ID13642,02-Feb-2026,Direct Deposit,"4,611.25",0.00,"83,402.88"
ID13642,03-Mar-2026,Interest,65.10,0.00,"85,180.64"
ID13642,15-Jan-2026,Transfer,"1,151.81",0.00,"51,271.92"
ID13642,03-Feb-2026,ATM Withdrawal,0.00,700.99,"78,657.17"
ID13643,26-Mar-2026,ATM Withdrawal,0.00,241.81,"92,402.46"
ID13643,27-Feb-2026,Direct Deposit,"4,776.90",0.00,"92,669.10"
ID13643,25-Feb-2026,Charge,0.00,480.82,"85,396.88"
ID13643,10-Mar-2026,ATM Withdrawal,0.00,451.78,"48,980.72"
ID13643,22-Feb-2026,Payment,0.00,744.83,"76,219.46"
ID13643,24-Jan-2026,Debit Card,0.00,980.59,"84,423.23"
ID13643,06-Jan-2026,ATM Withdrawal,0.00,345.75,"36,949.01"
ID13643,02-Feb-2026,ATM Withdrawal,0.00,484.09,"18,576.81"
ID13643,02-Feb-2026,ATM Withdrawal,0.00,559.14,"64,005.09"
ID13643,14-Mar-2026,Direct Deposit,"1,494.47",0.00,"69,681.62"
ID13643,03-Mar-2026,Payment,800.90,0.00,"25,750.20"
ID13643,04-Jan-2026,Transfer,0.00,603.73,"66,940.15"
ID13643,19-Mar-2026,Payment,0.00,270.58,"66,154.05"
ID13643,31-Mar-2026,Debit Card,0.00,721.47,"3,508.93"
ID13643,22-Mar-2026,Charge,0.00,895.66,"89,137.58"
ID13643,20-Jan-2026,Debit Card,0.00,290.99,"57,228.75"
ID13643,10-Feb-2026,Debit Card,0.00,615.59,"61,919.27"
ID13643,23-Jan-2026,Interest,380.32,0.00,"77,260.64"
ID13643,09-Feb-2026,ATM Withdrawal,0.00,524.34,"71,309.10"
ID13643,12-Jan-2026,Interest,14.44,0.00,"50,346.08"
ID13644,25-Mar-2026,Interest,463.24,0.00,"1,140.51"
ID13644,25-Mar-2026,Payment,0.00,257.36,"82,953.01"
ID13644,21-Mar-2026,Charge,0.00,325.78,"78,811.92"
ID13644,12-Feb-2026,Reversal,0.00,"1,431.32","68,944.11"
ID13644,11-Jan-2026,ATM Withdrawal,0.00,423.42,"5,850.08"
ID13644,03-Mar-2026,Transfer,165.89,0.00,"76,306.76"
ID13644,30-Jan-2026,Reversal,303.86,0.00,"86,114.19"
ID13644,22-Mar-2026,Transfer,"1,647.96",0.00,"91,398.04"
ID13644,13-Feb-2026,Reversal,0.00,105.05,"77,769.06"
ID13644,19-Mar-2026,Direct Deposit,"3,366.82",0.00,"29,127.15"
ID13644,23-Jan-2026,Charge,0.00,638.08,"78,557.48"
ID13644,20-Feb-2026,Debit Card,0.00,327.95,"7,169.70"
ID13644,24-Mar-2026,ATM Withdrawal,0.00,591.32,"17,120.39"
ID13644,02-Mar-2026,Transfer,0.00,917.44,"27,785.33"
ID13644,09-Mar-2026,Payment,0.00,402.06,"75,715.95"
ID13644,27-Feb-2026,Payment,"1,920.33",0.00,"62,802.60"
ID13644,24-Mar-2026,Reversal,0.00,831.00,"38,182.07"
ID13644,05-Jan-2026,Interest,297.25,0.00,"72,107.72"
ID13644,01-Apr-2026,Transfer,0.00,399.12,"4,968.60"
ID13644,19-Feb-2026,Transfer,0.00,"1,092.41","14,386.07"
ID13645,08-Jan-2026,ATM Withdrawal,0.00,222.89,"64,414.83"
ID13645,08-Mar-2026,ATM Withdrawal,0.00,266.66,"9,313.20"
ID13645,22-Feb-2026,Payment,"1,894.92",0.00,"30,017.69"
ID13645,11-Jan-2026,ATM Withdrawal,0.00,756.75,"6,617.20"
ID13645,27-Mar-2026,Charge,0.00,924.87,"58,219.33"
ID13645,24-Feb-2026,Direct Deposit,"3,961.23",0.00,"56,420.83"
ID13645,03-Jan-2026,Transfer,923.66,0.00,"90,206.91"
ID13645,08-Jan-2026,Reversal,0.00,"1,314.91","44,265.46"
ID13645,08-Jan-2026,Payment,0.00,"1,004.71","94,179.40"
ID13645,29-Mar-2026,Debit Card,0.00,412.44,"52,430.68"
ID13645,28-Mar-2026,Debit Card,0.00,998.87,"99,455.46"
ID13645,07-Jan-2026,Direct Deposit,"2,060.69",0.00,"54,834.02"
ID13645,06-Feb-2026,Reversal,0.00,794.65,"53,734.35"
ID13645,01-Apr-2026,Transfer,0.00,100.36,"65,118.87"
ID13645,13-Feb-2026,Charge,0.00,126.87,"27,005.55"
ID13645,21-Mar-2026,Payment,0.00,976.96,"2,372.62"
ID13645,05-Feb-2026,Debit Card,0.00,622.30,"6,474.66"
ID13645,08-Mar-2026,Reversal,"1,982.27",0.00,"77,346.31"
ID13645,11-Feb-2026,Debit Card,0.00,529.89,"49,064.72"
ID13645,21-Mar-2026,Direct Deposit,"3,964.22",0.00,"51,521.38"
ID13646,11-Feb-2026,Reversal,0.00,"1,406.76","3,674.63"
ID13646,01-Feb-2026,Debit Card,0.00,534.05,"61,599.79"
ID13646,10-Feb-2026,Interest,352.10,0.00,"95,217.85"
ID13646,17-Mar-2026,Charge,0.00,759.19,"56,623.72"
ID13646,12-Feb-2026,ATM Withdrawal,0.00,743.06,"17,914.15"
ID13646,27-Jan-2026,Payment,"1,028.95",0.00,"98,079.79"
ID13646,31-Jan-2026,Charge,0.00,794.78,"13,161.74"
ID13646,01-Apr-2026,Transfer,162.59,0.00,"95,969.54"
ID13646,02-Feb-2026,Interest,316.76,0.00,"18,847.55"
ID13646,10-Jan-2026,Transfer,"1,663.89",0.00,"56,574.70"
ID13646,25-Jan-2026,Interest,417.78,0.00,"78,139.34"
ID13646,07-Mar-2026,Direct Deposit,"1,857.62",0.00,"72,555.98"
ID13646,12-Mar-2026,Debit Card,0.00,951.35,"69,757.43"
ID13646,28-Jan-2026,Interest,12.00,0.00,"70,788.66"
ID13646,03-Feb-2026,Payment,"1,204.86",0.00,"62,516.89"
ID13646,19-Mar-2026,Interest,367.00,0.00,"27,597.60"
ID13646,21-Feb-2026,Debit Card,0.00,772.55,"32,567.25"
ID13646,21-Feb-2026,ATM Withdrawal,0.00,276.72,"57,855.68"
ID13646,13-Mar-2026,Charge,0.00,69.57,"88,382.36"
ID13646,15-Feb-2026,Payment,"1,285.49",0.00,"61,722.72"
ID13647,18-Mar-2026,Reversal,769.78,0.00,"69,118.16"
ID13647,15-Jan-2026,Charge,0.00,862.52,"51,383.46"
ID13647,24-Jan-2026,Reversal,"1,139.24",0.00,"47,804.54"
ID13647,17-Feb-2026,Transfer,211.56,0.00,"2,760.91"
ID13647,15-Mar-2026,Transfer,0.00,255.80,"38,704.46"
ID13647,09-Jan-2026,Interest,470.46,0.00,"99,137.61"
ID13647,18-Jan-2026,Interest,205.89,0.00,"37,254.01"
ID13647,17-Mar-2026,Charge,0.00,626.22,"48,182.63"
ID13647,26-Feb-2026,Debit Card,0.00,993.30,"94,086.04"
ID13647,17-Jan-2026,Debit Card,0.00,816.54,"67,227.69"
ID13647,31-Jan-2026,ATM Withdrawal,0.00,230.99,"6,553.06"
ID13647,21-Feb-2026,Payment,0.00,"1,484.62","61,817.81"
ID13647,02-Mar-2026,Payment,"1,339.27",0.00,"88,086.75"
ID13647,21-Feb-2026,Interest,484.27,0.00,"17,480.00"
ID13647,17-Mar-2026,Payment,0.00,662.42,"44,343.74"
ID13647,06-Feb-2026,Charge,0.00,296.04,"2,904.39"
ID13647,22-Feb-2026,Direct Deposit,"4,342.36",0.00,"67,548.33"
ID13647,06-Mar-2026,Reversal,"1,158.16",0.00,"90,028.49"
ID13647,20-Feb-2026,Debit Card,0.00,751.18,"81,147.83"
ID13647,29-Jan-2026,ATM Withdrawal,0.00,624.41,"69,003.17"
ID13648,12-Mar-2026,Interest,329.54,0.00,"68,507.08"
ID13648,21-Jan-2026,Direct Deposit,"1,617.30",0.00,"4,537.73"
ID13648,27-Mar-2026,Reversal,600.47,0.00,"99,793.49"
ID13648,03-Mar-2026,Interest,12.46,0.00,"45,709.47"
ID13648,09-Feb-2026,Charge,0.00,270.61,"91,337.69"
ID13648,15-Feb-2026,ATM Withdrawal,0.00,305.41,"50,755.11"
ID13648,03-Jan-2026,Direct Deposit,"4,394.82",0.00,"7,269.00"
ID13648,04-Jan-2026,Direct Deposit,"3,948.79",0.00,"75,419.18"
ID13648,10-Feb-2026,Transfer,0.00,125.31,"64,126.94"
ID13648,20-Mar-2026,Interest,147.69,0.00,"96,468.43"
ID13648,06-Mar-2026,Reversal,697.50,0.00,"29,870.76"
ID13648,26-Jan-2026,Interest,347.28,0.00,"77,152.58"
ID13648,07-Mar-2026,Transfer,"1,652.22",0.00,"25,184.09"
ID13648,28-Feb-2026,Charge,0.00,133.65,"70,166.61"
ID13648,01-Apr-2026,Interest,280.45,0.00,"37,318.87"
ID13648,18-Jan-2026,Payment,"1,021.14",0.00,"91,495.72"
ID13648,20-Jan-2026,Debit Card,0.00,174.05,"84,316.23"
ID13648,06-Jan-2026,Reversal,0.00,"1,056.86","68,812.85"
ID13648,20-Mar-2026,ATM Withdrawal,0.00,967.42,"3,768.20"
ID13648,13-Jan-2026,Charge,0.00,75.32,"29,165.49"
ID13649,05-Jan-2026,Transfer,219.45,0.00,"88,697.13"
ID13649,27-Jan-2026,ATM Withdrawal,0.00,54.52,"38,577.22"
ID13649,06-Mar-2026,Direct Deposit,"3,438.30",0.00,"53,137.36"
ID13649,03-Mar-2026,Payment,"1,028.34",0.00,"56,287.30"
ID13649,24-Feb-2026,Transfer,190.90,0.00,"43,039.79"
ID13649,15-Jan-2026,Transfer,0.00,543.14,"18,938.07"
ID13649,12-Feb-2026,Interest,431.03,0.00,"4,846.92"
ID13649,31-Jan-2026,Debit Card,0.00,280.06,"4,238.32"
ID13649,16-Feb-2026,Reversal,0.00,80.52,"50,435.78"
ID13649,11-Feb-2026,Transfer,560.77,0.00,"70,633.86"
ID13649,25-Feb-2026,Payment,0.00,308.41,"88,442.46"
ID13649,15-Feb-2026,Reversal,0.00,475.64,"8,252.38"
ID13649,28-Mar-2026,Interest,220.38,0.00,"36,062.46"
ID13649,05-Feb-2026,Reversal,0.00,"1,076.55","79,287.49"
ID13649,04-Mar-2026,Interest,11.68,0.00,"96,025.09"
ID13649,06-Jan-2026,ATM Withdrawal,0.00,581.01,"51,903.33"
ID13649,22-Feb-2026,Debit Card,0.00,819.18,"14,474.54"
ID13649,01-Mar-2026,ATM Withdrawal,0.00,814.31,"99,324.83"
ID13649,15-Feb-2026,Interest,253.20,0.00,"98,891.64"
ID13649,02-Mar-2026,ATM Withdrawal,0.00,743.55,"45,317.86"
ID13650,10-Feb-2026,Transfer,"1,574.51",0.00,"94,841.41"
ID13650,02-Feb-2026,ATM Withdrawal,0.00,450.11,"97,610.46"
ID13650,06-Jan-2026,ATM Withdrawal,0.00,934.71,"34,004.61"
ID13650,07-Jan-2026,Direct Deposit,"1,197.99",0.00,"96,388.33"
ID13650,04-Jan-2026,Charge,0.00,901.39,"48,571.15"
ID13650,07-Jan-2026,Direct Deposit,"4,847.84",0.00,"20,757.72"
ID13650,28-Jan-2026,Debit Card,0.00,319.71,"29,535.92"
ID13650,05-Mar-2026,Charge,0.00,837.69,"95,376.05"
ID13650,03-Jan-2026,Interest,475.37,0.00,"21,507.15"
ID13650,28-Feb-2026,Reversal,445.00,0.00,"51,573.73"
ID13650,12-Feb-2026,ATM Withdrawal,0.00,585.62,"70,222.94"
ID13650,02-Apr-2026,Reversal,893.00,0.00,"13,651.82"
ID13650,26-Feb-2026,ATM Withdrawal,0.00,705.04,"97,304.42"
ID13650,25-Feb-2026,Charge,0.00,237.22,"31,441.21"
ID13650,04-Jan-2026,Charge,0.00,163.29,"17,558.61"
ID13650,22-Jan-2026,Direct Deposit,"3,871.07",0.00,"91,648.65"
ID13650,03-Jan-2026,Charge,0.00,98.97,"51,059.34"
ID13650,15-Jan-2026,ATM Withdrawal,0.00,940.50,"21,655.50"
ID13650,31-Mar-2026,Transfer,0.00,960.42,"49,064.74"
ID13650,13-Jan-2026,ATM Withdrawal,0.00,18.07,"31,637.01"
ID13651,03-Apr-2026,Reversal,"1,817.59",0.00,"89,121.03"
ID13651,08-Mar-2026,Direct Deposit,"3,868.15",0.00,"19,134.86"
ID13651,22-Feb-2026,Reversal,982.97,0.00,"38,608.88"
ID13651,28-Feb-2026,Debit Card,0.00,269.08,"78,261.28"
ID13651,08-Mar-2026,Interest,478.12,0.00,"76,537.22"
ID13651,06-Mar-2026,Interest,468.75,0.00,"50,522.15"
ID13651,21-Jan-2026,Reversal,"1,315.62",0.00,"62,589.97"
ID13651,25-Jan-2026,Payment,0.00,844.11,"69,300.80"
ID13651,31-Jan-2026,Charge,0.00,777.49,"86,583.67"
ID13651,03-Feb-2026,Debit Card,0.00,142.52,"56,471.60"
ID13651,31-Mar-2026,Charge,0.00,352.68,"82,475.61"
ID13651,28-Feb-2026,Charge,0.00,319.55,"45,060.98"
ID13651,20-Jan-2026,Transfer,0.00,"1,209.80","58,882.04"
ID13651,12-Mar-2026,Reversal,938.95,0.00,"74,199.67"
ID13651,25-Jan-2026,Charge,0.00,318.98,"35,307.57"
ID13651,01-Mar-2026,Charge,0.00,776.64,"25,919.47"
ID13651,30-Mar-2026,ATM Withdrawal,0.00,636.87,"87,810.16"
ID13651,24-Jan-2026,Reversal,"1,012.00",0.00,"81,734.64"
ID13651,20-Feb-2026,ATM Withdrawal,0.00,798.19,"99,102.92"
ID13651,08-Jan-2026,ATM Withdrawal,0.00,234.40,"84,174.02"
ID13652,15-Jan-2026,Charge,0.00,615.00,"5,420.49"
ID13652,19-Mar-2026,Direct Deposit,"4,513.06",0.00,"5,928.08"
ID13652,20-Jan-2026,Direct Deposit,"1,657.31",0.00,"53,921.19"
ID13652,19-Mar-2026,ATM Withdrawal,0.00,850.97,"10,798.93"
ID13652,02-Feb-2026,Transfer,"1,481.04",0.00,"41,035.89"
ID13652,08-Mar-2026,ATM Withdrawal,0.00,210.76,"82,928.58"
ID13652,28-Mar-2026,Reversal,914.95,0.00,"12,267.64"
ID13652,18-Feb-2026,Direct Deposit,"2,589.90",0.00,"82,642.47"
ID13652,06-Mar-2026,Direct Deposit,"4,849.71",0.00,"49,488.06"
ID13652,19-Jan-2026,Interest,474.93,0.00,"48,631.22"
ID13652,23-Jan-2026,Reversal,"1,369.66",0.00,"75,503.49"
ID13652,24-Mar-2026,Direct Deposit,"1,892.34",0.00,"71,623.50"
ID13652,25-Jan-2026,Payment,247.18,0.00,"95,751.52"
ID13652,04-Feb-2026,Transfer,"1,543.77",0.00,"71,550.65"
ID13652,11-Mar-2026,Payment,0.00,505.74,"50,988.58"
ID13652,15-Jan-2026,Reversal,"1,813.49",0.00,"40,003.82"
ID13652,02-Apr-2026,Interest,479.76,0.00,"66,048.12"
ID13652,04-Mar-2026,ATM Withdrawal,0.00,684.48,"53,399.70"
ID13652,25-Feb-2026,ATM Withdrawal,0.00,713.18,"65,544.77"
ID13652,07-Mar-2026,Transfer,748.41,0.00,"51,296.26"
ID13653,16-Feb-2026,Direct Deposit,"2,235.73",0.00,"19,278.29"
ID13653,07-Mar-2026,Reversal,"1,437.01",0.00,"95,751.61"
ID13653,21-Mar-2026,Reversal,"1,549.45",0.00,"59,493.96"
ID13653,21-Mar-2026,Direct Deposit,718.10,0.00,"42,145.61"
ID13653,13-Mar-2026,Debit Card,0.00,162.28,"1,289.34"
ID13653,14-Mar-2026,ATM Withdrawal,0.00,109.00,"23,666.98"
ID13653,09-Feb-2026,Payment,"1,190.56",0.00,"36,915.90"
ID13653,22-Feb-2026,Charge,0.00,83.07,"84,955.27"
ID13653,22-Mar-2026,ATM Withdrawal,0.00,527.17,"81,321.13"
ID13653,26-Feb-2026,Transfer,0.00,780.34,"68,064.72"
ID13653,17-Jan-2026,Interest,484.71,0.00,"4,529.86"
ID13653,16-Mar-2026,Debit Card,0.00,197.96,"54,916.72"
ID13653,17-Mar-2026,Reversal,"1,802.52",0.00,"85,746.91"
ID13653,03-Apr-2026,Debit Card,0.00,528.58,"41,331.89"
ID13653,04-Jan-2026,Debit Card,0.00,224.58,"56,292.75"
ID13653,01-Feb-2026,ATM Withdrawal,0.00,900.98,"95,624.11"
ID13653,15-Jan-2026,Direct Deposit,"2,381.19",0.00,"1,365.71"
ID13653,04-Mar-2026,ATM Withdrawal,0.00,268.23,"78,341.55"
ID13653,23-Feb-2026,Reversal,298.07,0.00,"24,100.50"
ID13653,23-Feb-2026,Payment,177.83,0.00,"52,634.24"
ID13654,01-Apr-2026,Charge,0.00,618.58,"35,931.31"
ID13654,10-Mar-2026,ATM Withdrawal,0.00,160.81,"87,779.35"
ID13654,10-Mar-2026,ATM Withdrawal,0.00,548.36,"55,236.14"
ID13654,07-Mar-2026,ATM Withdrawal,0.00,641.25,"44,710.36"
ID13654,17-Jan-2026,Reversal,0.00,"1,109.58","79,617.92"
ID13654,01-Feb-2026,Transfer,0.00,547.56,"63,749.32"
ID13654,29-Mar-2026,Transfer,0.00,713.22,"7,252.53"
ID13654,10-Jan-2026,ATM Withdrawal,0.00,737.11,"47,281.94"
ID13654,17-Feb-2026,Charge,0.00,493.22,"38,053.85"
ID13654,08-Jan-2026,Interest,111.73,0.00,"60,127.49"
ID13654,06-Feb-2026,Charge,0.00,220.23,"6,493.46"
ID13654,09-Feb-2026,Direct Deposit,"4,089.87",0.00,"99,569.05"
ID13654,25-Mar-2026,Payment,234.47,0.00,"10,487.21"
ID13654,29-Mar-2026,Transfer,"1,269.42",0.00,"27,619.73"
ID13654,09-Mar-2026,Payment,"1,712.81",0.00,"27,418.17"
ID13654,19-Feb-2026,Interest,108.09,0.00,"58,508.38"
ID13654,07-Feb-2026,Debit Card,0.00,648.97,"79,900.63"
ID13654,01-Apr-2026,Interest,140.62,0.00,"14,476.05"
ID13654,23-Jan-2026,Charge,0.00,422.70,"65,954.82"
ID13654,08-Feb-2026,Debit Card,0.00,161.74,"78,611.74"
ID13655,17-Mar-2026,Payment,0.00,123.39,"95,049.92"
ID13655,22-Mar-2026,Direct Deposit,"2,512.33",0.00,"57,798.80"
ID13655,29-Mar-2026,Direct Deposit,"1,157.03",0.00,"20,930.54"
ID13655,25-Feb-2026,Interest,179.23,0.00,"80,520.98"
ID13655,06-Feb-2026,Charge,0.00,33.86,"73,796.77"
ID13655,09-Jan-2026,ATM Withdrawal,0.00,393.11,"42,219.93"
ID13655,04-Jan-2026,Interest,378.91,0.00,"49,901.31"
ID13655,18-Jan-2026,Reversal,0.00,"1,071.08","85,263.83"
ID13655,03-Mar-2026,Debit Card,0.00,212.52,"17,414.25"
ID13655,13-Feb-2026,Charge,0.00,340.85,"37,578.80"
ID13655,16-Feb-2026,Debit Card,0.00,262.88,"67,363.13"
ID13655,04-Feb-2026,Interest,41.59,0.00,"46,459.19"
ID13655,13-Feb-2026,Reversal,0.00,123.06,"22,534.24"
ID13655,27-Jan-2026,Interest,242.99,0.00,"95,527.56"
ID13655,05-Mar-2026,Interest,343.13,0.00,"66,871.43"
ID13655,24-Mar-2026,Payment,"1,588.23",0.00,"86,768.36"
ID13655,25-Jan-2026,Reversal,0.00,"1,127.87","12,629.90"
ID13655,26-Mar-2026,Debit Card,0.00,971.21,"36,074.92"
ID13655,04-Jan-2026,Payment,"1,645.60",0.00,"94,752.89"
ID13655,10-Feb-2026,Reversal,0.00,865.98,"69,443.76"
ID13656,24-Mar-2026,Reversal,0.00,591.32,"90,418.45"
ID13656,03-Apr-2026,Payment,"1,902.58",0.00,"75,554.90"
ID13656,02-Apr-2026,ATM Withdrawal,0.00,546.39,"35,326.23"
ID13656,21-Feb-2026,ATM Withdrawal,0.00,222.99,"60,355.57"
ID13656,08-Mar-2026,Direct Deposit,962.88,0.00,"81,636.74"
ID13656,11-Jan-2026,Payment,0.00,"1,180.59","93,842.37"
ID13656,22-Jan-2026,Transfer,0.00,"1,061.97","55,936.30"
ID13656,06-Jan-2026,ATM Withdrawal,0.00,523.70,"25,284.40"
ID13656,17-Feb-2026,Interest,238.11,0.00,"3,122.50"
ID13656,19-Mar-2026,Interest,352.64,0.00,"13,916.04"
ID13656,10-Jan-2026,Debit Card,0.00,205.09,"45,230.45"
ID13656,20-Feb-2026,Reversal,810.25,0.00,"67,015.20"
ID13656,17-Jan-2026,Debit Card,0.00,749.29,"4,623.15"
ID13656,28-Jan-2026,Debit Card,0.00,206.18,"18,389.73"
ID13656,13-Mar-2026,Interest,32.30,0.00,"23,884.80"
ID13656,21-Feb-2026,ATM Withdrawal,0.00,419.69,"87,358.25"
ID13656,03-Feb-2026,Payment,0.00,466.19,"13,784.33"
ID13656,29-Mar-2026,Reversal,0.00,"1,237.19","56,407.65"
ID13656,05-Jan-2026,Transfer,"1,201.14",0.00,"34,614.07"
ID13656,08-Mar-2026,Payment,"1,564.58",0.00,"23,606.81"
ID13657,03-Mar-2026,Debit Card,0.00,155.64,"95,032.17"
ID13657,21-Jan-2026,Transfer,886.51,0.00,"6,322.73"
ID13657,17-Mar-2026,Debit Card,0.00,126.73,"94,851.75"
ID13657,19-Feb-2026,Transfer,0.00,833.95,"40,233.92"
ID13657,23-Feb-2026,ATM Withdrawal,0.00,746.24,"12,119.64"
ID13657,17-Mar-2026,Interest,412.78,0.00,"2,153.95"
ID13657,13-Mar-2026,Direct Deposit,"4,616.47",0.00,"73,697.97"
ID13657,06-Feb-2026,Debit Card,0.00,274.36,"21,405.88"
ID13657,14-Feb-2026,Interest,420.02,0.00,"34,159.64"
ID13657,15-Jan-2026,Payment,0.00,280.47,"24,184.81"
ID13657,16-Jan-2026,Transfer,0.00,"1,058.30","46,120.39"
ID13657,20-Feb-2026,Interest,402.08,0.00,"50,130.61"
ID13657,25-Jan-2026,ATM Withdrawal,0.00,668.55,"31,505.72"
ID13657,01-Apr-2026,Payment,"1,446.14",0.00,"50,336.20"
ID13657,19-Mar-2026,ATM Withdrawal,0.00,568.26,"11,931.70"
ID13657,25-Feb-2026,Direct Deposit,"4,609.23",0.00,"40,604.69"
ID13657,03-Apr-2026,Payment,"1,035.26",0.00,"82,000.34"
ID13657,01-Mar-2026,Reversal,0.00,"1,231.39","36,386.44"
ID13657,18-Jan-2026,Debit Card,0.00,385.89,"21,714.54"
ID13657,26-Jan-2026,Reversal,283.93,0.00,"64,690.11"
ID13658,16-Feb-2026,Reversal,0.00,294.47,"62,842.55"
ID13658,03-Feb-2026,Payment,0.00,905.89,"99,583.66"
ID13658,28-Mar-2026,Debit Card,0.00,856.52,"65,223.72"
ID13658,03-Jan-2026,Direct Deposit,"1,341.31",0.00,"73,196.05"
ID13658,26-Jan-2026,Transfer,833.94,0.00,"42,466.05"
ID13658,07-Jan-2026,Debit Card,0.00,558.11,"2,304.22"
ID13658,10-Mar-2026,Payment,0.00,207.93,"3,500.88"
ID13658,20-Mar-2026,Debit Card,0.00,318.84,"37,830.64"
ID13658,03-Mar-2026,Payment,0.00,"1,122.00","69,659.70"
ID13658,04-Jan-2026,Direct Deposit,606.38,0.00,"60,060.38"
ID13658,01-Feb-2026,Transfer,250.60,0.00,"41,167.92"
ID13658,05-Mar-2026,Reversal,0.00,"1,035.76","5,619.49"
ID13658,07-Mar-2026,Debit Card,0.00,152.90,"43,246.15"
ID13658,15-Feb-2026,Reversal,0.00,575.10,"23,949.22"
ID13658,03-Apr-2026,Reversal,0.00,276.27,"40,308.82"
ID13658,06-Feb-2026,ATM Withdrawal,0.00,199.92,"78,746.77"
ID13658,17-Feb-2026,Reversal,0.00,690.49,"42,427.63"
ID13658,17-Jan-2026,Transfer,"1,366.57",0.00,"92,518.39"
ID13658,11-Jan-2026,Debit Card,0.00,246.82,"78,587.38"
ID13658,15-Jan-2026,Direct Deposit,"2,154.25",0.00,"87,298.38"
ID13659,20-Feb-2026,Charge,0.00,583.88,"56,037.71"
ID13659,21-Feb-2026,ATM Withdrawal,0.00,604.14,"51,538.57"
ID13659,13-Mar-2026,Payment,839.15,0.00,"51,744.70"
ID13659,01-Apr-2026,Transfer,207.63,0.00,"11,727.08"
ID13659,25-Jan-2026,Reversal,150.33,0.00,"60,070.79"
ID13659,26-Feb-2026,Payment,138.86,0.00,"20,098.43"
ID13659,11-Jan-2026,Charge,0.00,417.19,"67,503.78"
ID13659,02-Feb-2026,Payment,0.00,580.28,"42,148.51"
ID13659,28-Mar-2026,Debit Card,0.00,286.39,"62,456.91"
ID13659,04-Jan-2026,Payment,0.00,704.45,"58,527.29"
ID13659,10-Mar-2026,Reversal,801.95,0.00,"56,542.42"
ID13659,26-Mar-2026,Transfer,"1,279.46",0.00,"1,661.37"
ID13659,15-Feb-2026,Reversal,0.00,278.58,"48,045.83"
ID13659,18-Jan-2026,ATM Withdrawal,0.00,400.81,"20,740.18"
ID13659,27-Mar-2026,Interest,161.77,0.00,"2,903.84"
ID13659,02-Feb-2026,Debit Card,0.00,827.04,"12,904.29"
ID13659,19-Feb-2026,Debit Card,0.00,149.33,"27,355.62"
ID13659,04-Jan-2026,Direct Deposit,"2,233.57",0.00,"21,361.26"
ID13659,30-Jan-2026,Interest,184.02,0.00,"68,458.33"
ID13659,25-Feb-2026,Direct Deposit,"1,807.80",0.00,"57,088.03"
ID13660,18-Mar-2026,Interest,19.89,0.00,"4,528.86"
ID13660,05-Feb-2026,Payment,723.33,0.00,"48,237.95"
ID13660,21-Jan-2026,Interest,445.87,0.00,"22,343.67"
ID13660,05-Jan-2026,Interest,425.15,0.00,"74,849.04"
ID13660,06-Mar-2026,Payment,"1,197.37",0.00,"40,208.42"
ID13660,19-Jan-2026,Reversal,108.05,0.00,"61,036.97"
ID13660,07-Jan-2026,Reversal,0.00,539.72,"64,839.70"
ID13660,08-Feb-2026,Transfer,382.76,0.00,"47,468.63"
ID13660,25-Feb-2026,Transfer,0.00,573.46,"14,578.53"
ID13660,31-Mar-2026,Interest,274.23,0.00,"23,725.44"
ID13660,11-Feb-2026,Payment,0.00,"1,201.21","47,502.90"
ID13660,24-Mar-2026,Debit Card,0.00,128.95,"94,947.61"
ID13660,15-Jan-2026,Reversal,0.00,705.29,"91,001.96"
ID13660,08-Mar-2026,Direct Deposit,"4,364.80",0.00,"16,999.03"
ID13660,27-Jan-2026,Payment,"1,644.60",0.00,"7,229.76"
ID13660,09-Jan-2026,Debit Card,0.00,257.88,"66,860.25"
ID13660,02-Apr-2026,Transfer,"1,982.73",0.00,"33,500.91"
ID13660,24-Jan-2026,ATM Withdrawal,0.00,574.79,"67,106.97"
ID13660,25-Mar-2026,Payment,163.57,0.00,"66,293.92"
ID13660,14-Feb-2026,Payment,596.34,0.00,"12,059.73"
ID13661,29-Mar-2026,ATM Withdrawal,0.00,908.86,"99,052.46"
ID13661,19-Jan-2026,Direct Deposit,"3,814.15",0.00,"58,310.98"
ID13661,07-Mar-2026,Payment,828.95,0.00,"42,940.11"
ID13661,08-Feb-2026,Transfer,"1,159.64",0.00,"74,312.46"
ID13661,23-Mar-2026,Payment,187.79,0.00,"1,447.49"
ID13661,26-Feb-2026,Transfer,"1,462.00",0.00,"39,810.51"
ID13661,07-Jan-2026,Charge,0.00,234.45,"75,959.42"
ID13661,23-Feb-2026,Payment,0.00,111.59,"72,786.68"
ID13661,27-Mar-2026,Reversal,0.00,405.42,"27,292.81"
ID13661,23-Jan-2026,ATM Withdrawal,0.00,342.98,"93,562.21"
ID13661,25-Mar-2026,Interest,271.29,0.00,"9,254.11"
ID13661,31-Jan-2026,Reversal,667.02,0.00,"68,867.30"
ID13661,20-Mar-2026,Charge,0.00,22.05,"26,931.05"
ID13661,04-Mar-2026,Interest,46.57,0.00,"3,378.66"
ID13661,19-Jan-2026,Charge,0.00,948.45,"92,193.22"
ID13661,03-Jan-2026,Reversal,319.82,0.00,"92,045.04"
ID13661,01-Mar-2026,Transfer,0.00,979.13,"57,649.96"
ID13661,25-Jan-2026,Charge,0.00,440.38,"46,652.15"
ID13661,10-Feb-2026,Direct Deposit,"4,727.69",0.00,"36,286.26"
ID13661,16-Feb-2026,Debit Card,0.00,334.55,"87,927.09"
ID13662,23-Mar-2026,Payment,"1,312.63",0.00,"89,896.41"
ID13662,01-Feb-2026,ATM Withdrawal,0.00,158.13,"92,120.10"
ID13662,10-Jan-2026,Reversal,"1,037.27",0.00,"84,321.56"
ID13662,12-Jan-2026,Direct Deposit,"4,665.80",0.00,"33,268.90"
ID13662,19-Feb-2026,Interest,117.25,0.00,"33,314.81"
ID13662,01-Feb-2026,Payment,0.00,"1,441.82","44,151.27"
ID13662,24-Mar-2026,Interest,15.63,0.00,"77,476.94"
ID13662,29-Jan-2026,Transfer,0.00,669.77,"66,036.72"
ID13662,31-Jan-2026,Payment,"1,185.64",0.00,"80,381.44"
ID13662,25-Feb-2026,ATM Withdrawal,0.00,385.23,"53,463.31"
ID13662,11-Jan-2026,Payment,889.16,0.00,"22,096.97"
ID13662,18-Mar-2026,Payment,0.00,120.03,"56,022.77"
ID13662,01-Mar-2026,Reversal,587.00,0.00,"54,445.11"
ID13662,19-Feb-2026,Transfer,0.00,"1,110.46","63,696.60"
ID13662,03-Feb-2026,Direct Deposit,611.55,0.00,"45,217.60"
ID13662,09-Jan-2026,Reversal,0.00,448.24,"73,431.81"
ID13662,26-Mar-2026,Reversal,945.66,0.00,"74,175.29"
ID13662,15-Feb-2026,Reversal,0.00,"1,017.86","85,119.24"
ID13662,24-Jan-2026,Interest,166.94,0.00,"18,288.67"
ID13662,30-Mar-2026,Debit Card,0.00,859.03,"64,764.53"
ID13663,10-Jan-2026,ATM Withdrawal,0.00,382.36,"17,774.18"
ID13663,07-Jan-2026,Direct Deposit,"1,305.69",0.00,"99,503.90"
ID13663,01-Apr-2026,Debit Card,0.00,658.14,"42,956.09"
ID13663,03-Mar-2026,Direct Deposit,"1,534.68",0.00,"6,165.77"
ID13663,08-Mar-2026,Charge,0.00,710.40,"35,649.31"
ID13663,03-Feb-2026,Debit Card,0.00,745.83,"79,845.16"
ID13663,12-Feb-2026,Direct Deposit,"4,943.46",0.00,"89,700.39"
ID13663,07-Feb-2026,Debit Card,0.00,660.79,"12,098.18"
ID13663,29-Jan-2026,Direct Deposit,"3,711.37",0.00,"87,915.03"
ID13663,13-Feb-2026,ATM Withdrawal,0.00,486.63,"52,196.85"
ID13663,07-Jan-2026,Reversal,0.00,"1,468.31","56,136.51"
ID13663,02-Mar-2026,Charge,0.00,208.76,"93,217.43"
ID13663,03-Apr-2026,ATM Withdrawal,0.00,716.67,"12,917.71"
ID13663,26-Feb-2026,Charge,0.00,985.49,"7,448.21"
ID13663,09-Mar-2026,Transfer,206.68,0.00,"93,919.17"
ID13663,11-Jan-2026,Direct Deposit,"1,006.72",0.00,"28,631.83"
ID13663,03-Feb-2026,Interest,345.49,0.00,"91,956.15"
ID13663,29-Jan-2026,Debit Card,0.00,877.43,"17,305.68"
ID13663,20-Jan-2026,Charge,0.00,362.48,"91,441.62"
ID13663,25-Feb-2026,Interest,190.16,0.00,"80,019.41"
ID13664,08-Jan-2026,ATM Withdrawal,0.00,197.05,"41,966.30"
ID13664,13-Jan-2026,ATM Withdrawal,0.00,790.87,"55,728.22"
ID13664,18-Feb-2026,Interest,460.11,0.00,"47,714.63"
ID13664,31-Mar-2026,Payment,0.00,879.18,"25,570.10"
ID13664,19-Mar-2026,Interest,247.11,0.00,"36,522.66"
ID13664,09-Jan-2026,Payment,391.22,0.00,"12,089.53"
ID13664,11-Jan-2026,ATM Withdrawal,0.00,351.55,"78,055.09"
ID13664,11-Mar-2026,Interest,373.20,0.00,"40,970.39"
ID13664,05-Feb-2026,Reversal,0.00,"1,190.90","75,356.86"
ID13664,04-Mar-2026,Interest,76.67,0.00,"53,882.23"
ID13664,29-Mar-2026,Reversal,"1,741.26",0.00,"54,073.25"
ID13664,01-Apr-2026,ATM Withdrawal,0.00,165.65,"91,204.83"
ID13664,04-Feb-2026,Debit Card,0.00,485.83,"37,143.70"
ID13664,03-Jan-2026,Reversal,"1,764.69",0.00,"51,704.39"
ID13664,29-Jan-2026,Direct Deposit,"2,074.67",0.00,"53,419.38"
ID13664,28-Feb-2026,Debit Card,0.00,640.04,"79,665.36"
ID13664,19-Feb-2026,Transfer,"1,310.80",0.00,"10,321.02"
ID13664,11-Jan-2026,Payment,877.34,0.00,"8,518.10"
ID13664,15-Jan-2026,Charge,0.00,875.57,"57,198.68"
ID13664,04-Feb-2026,Interest,275.08,0.00,"72,923.25"
ID13665,03-Jan-2026,Payment,615.59,0.00,"66,925.14"
ID13665,19-Mar-2026,Reversal,0.00,633.72,"40,412.06"
ID13665,22-Jan-2026,Direct Deposit,"3,002.62",0.00,"99,049.23"
ID13665,07-Jan-2026,ATM Withdrawal,0.00,709.01,"24,980.60"
ID13665,09-Feb-2026,Charge,0.00,751.32,"87,138.70"
ID13665,11-Jan-2026,Payment,"1,815.56",0.00,"93,106.52"
ID13665,27-Feb-2026,Reversal,912.30,0.00,"29,885.45"
ID13665,19-Feb-2026,ATM Withdrawal,0.00,716.17,"79,309.18"
ID13665,08-Mar-2026,Payment,156.21,0.00,"66,506.50"
ID13665,14-Feb-2026,ATM Withdrawal,0.00,856.23,"38,034.87"
ID13665,08-Jan-2026,Payment,0.00,643.28,"92,157.85"
ID13665,31-Mar-2026,Payment,682.51,0.00,"62,481.45"
ID13665,02-Mar-2026,ATM Withdrawal,0.00,665.73,"74,121.41"
ID13665,11-Jan-2026,Direct Deposit,"4,889.72",0.00,"31,075.85"
ID13665,28-Mar-2026,Charge,0.00,94.16,"24,901.09"
ID13665,09-Feb-2026,Charge,0.00,556.55,"14,268.88"
ID13665,16-Jan-2026,Debit Card,0.00,456.21,"76,164.05"
ID13665,16-Mar-2026,Interest,459.79,0.00,"15,797.89"
ID13665,02-Mar-2026,Payment,0.00,"1,293.88","95,197.50"
ID13665,26-Jan-2026,Direct Deposit,"2,647.71",0.00,"29,499.37"
ID13666,15-Feb-2026,Charge,0.00,211.17,"99,263.77"
ID13666,05-Feb-2026,Direct Deposit,"3,030.37",0.00,"88,635.49"
ID13666,08-Mar-2026,Direct Deposit,"4,660.04",0.00,"18,685.42"
ID13666,16-Feb-2026,Reversal,331.20,0.00,"73,142.19"
ID13666,08-Jan-2026,Reversal,0.00,743.13,"30,091.50"
ID13666,25-Feb-2026,Charge,0.00,472.24,"67,825.30"
ID13666,05-Jan-2026,Charge,0.00,572.62,"95,121.18"
ID13666,26-Feb-2026,Charge,0.00,92.06,"76,007.78"
ID13666,02-Mar-2026,Reversal,824.20,0.00,"86,091.37"
ID13666,20-Mar-2026,Payment,244.13,0.00,"24,273.74"
ID13666,23-Jan-2026,ATM Withdrawal,0.00,663.37,"50,672.07"
ID13666,31-Mar-2026,Charge,0.00,278.44,"86,975.43"
ID13666,10-Feb-2026,Interest,141.41,0.00,"56,136.66"
ID13666,31-Jan-2026,Payment,0.00,123.13,"95,736.33"
ID13666,24-Jan-2026,Reversal,839.32,0.00,"11,243.67"
ID13666,26-Feb-2026,Interest,220.37,0.00,"73,683.57"
ID13666,22-Feb-2026,Charge,0.00,297.68,"80,035.06"
ID13666,12-Mar-2026,Direct Deposit,"1,944.33",0.00,"84,741.59"
ID13666,13-Mar-2026,Charge,0.00,741.27,"8,544.87"
ID13666,01-Feb-2026,Reversal,"1,702.32",0.00,"87,482.53"
ID13667,08-Jan-2026,Direct Deposit,"1,799.00",0.00,"72,465.00"
ID13667,01-Apr-2026,Transfer,"1,639.15",0.00,"85,950.12"
ID13667,05-Feb-2026,Transfer,"1,851.18",0.00,"38,743.37"
ID13667,15-Mar-2026,Direct Deposit,"3,518.98",0.00,"12,362.87"
ID13667,26-Feb-2026,Payment,116.04,0.00,"88,246.72"
ID13667,20-Jan-2026,Interest,486.66,0.00,"9,052.21"
ID13667,29-Mar-2026,Reversal,0.00,"1,187.09","62,656.83"
ID13667,18-Jan-2026,Charge,0.00,184.02,"34,535.54"
ID13667,14-Jan-2026,Payment,"1,871.39",0.00,"74,797.82"
ID13667,03-Mar-2026,Charge,0.00,931.29,"20,993.44"
ID13667,31-Mar-2026,Direct Deposit,"4,546.13",0.00,"31,617.34"
ID13667,07-Mar-2026,Interest,97.46,0.00,"13,842.69"
ID13667,28-Mar-2026,Reversal,0.00,503.30,"22,484.81"
ID13667,28-Jan-2026,Transfer,0.00,956.99,"26,970.00"
ID13667,27-Mar-2026,Payment,"1,702.92",0.00,"45,808.56"
ID13667,16-Jan-2026,Charge,0.00,716.24,"94,513.14"
ID13667,18-Mar-2026,Reversal,0.00,285.31,"30,277.55"
ID13667,12-Mar-2026,ATM Withdrawal,0.00,667.29,"96,135.84"
ID13667,01-Feb-2026,Payment,"1,308.34",0.00,"67,761.42"
ID13667,23-Jan-2026,Debit Card,0.00,802.98,"81,632.85"
ID13668,13-Mar-2026,Transfer,0.00,"1,158.71","91,794.39"
ID13668,06-Feb-2026,Charge,0.00,494.13,"16,209.93"
ID13668,08-Jan-2026,Charge,0.00,412.21,"82,283.12"
ID13668,16-Mar-2026,Payment,324.49,0.00,"60,716.91"
ID13668,26-Mar-2026,Interest,358.23,0.00,"18,653.72"
ID13668,19-Mar-2026,Charge,0.00,438.82,"33,530.26"
ID13668,23-Mar-2026,Direct Deposit,"1,818.57",0.00,"92,412.89"
ID13668,04-Jan-2026,Debit Card,0.00,95.22,"20,468.03"
ID13668,17-Jan-2026,Charge,0.00,298.87,"52,498.89"
ID13668,20-Mar-2026,Reversal,"1,901.80",0.00,"76,994.74"
ID13668,01-Feb-2026,ATM Withdrawal,0.00,319.86,"67,266.85"
ID13668,01-Apr-2026,ATM Withdrawal,0.00,13.83,"45,525.94"
ID13668,01-Feb-2026,Interest,496.03,0.00,"80,999.53"
ID13668,24-Feb-2026,Debit Card,0.00,428.95,"13,056.93"
ID13668,10-Mar-2026,Direct Deposit,"1,061.53",0.00,"85,032.49"
ID13668,03-Apr-2026,ATM Withdrawal,0.00,229.66,"19,559.62"
ID13668,06-Mar-2026,ATM Withdrawal,0.00,844.61,"28,712.82"
ID13668,09-Feb-2026,Reversal,0.00,231.04,"27,422.05"
ID13668,01-Feb-2026,Payment,0.00,949.82,"67,123.54"
ID13668,20-Feb-2026,Payment,281.90,0.00,"32,220.02"
ID13669,08-Mar-2026,Interest,239.46,0.00,"68,402.51"
ID13669,07-Mar-2026,Reversal,"1,363.61",0.00,"85,254.72"
ID13669,14-Mar-2026,Charge,0.00,861.09,"53,192.05"
ID13669,11-Mar-2026,Reversal,0.00,"1,122.00","90,273.06"
ID13669,01-Apr-2026,ATM Withdrawal,0.00,50.38,"62,266.10"
ID13669,14-Mar-2026,Charge,0.00,92.86,"44,585.45"
ID13669,13-Mar-2026,ATM Withdrawal,0.00,533.34,"78,569.81"
ID13669,15-Jan-2026,Payment,"1,170.36",0.00,"19,506.78"
ID13669,15-Mar-2026,Direct Deposit,"3,627.58",0.00,"96,063.86"
ID13669,27-Mar-2026,Charge,0.00,250.64,"72,216.67"
ID13669,07-Mar-2026,Debit Card,0.00,316.37,"87,043.26"
ID13669,13-Jan-2026,Reversal,0.00,"1,303.42","20,325.37"
ID13669,24-Mar-2026,Payment,0.00,562.74,"74,660.89"
ID13669,21-Feb-2026,Interest,27.66,0.00,"85,142.89"
ID13669,02-Mar-2026,Reversal,"1,009.22",0.00,"29,525.80"
ID13669,16-Jan-2026,Reversal,0.00,894.61,"79,684.35"
ID13669,01-Feb-2026,Interest,468.14,0.00,"70,030.30"
ID13669,24-Mar-2026,Charge,0.00,738.25,"72,795.59"
ID13669,14-Mar-2026,ATM Withdrawal,0.00,773.58,"2,850.92"
ID13669,12-Mar-2026,Payment,"1,811.77",0.00,"7,597.12"
ID13670,07-Jan-2026,Charge,0.00,558.26,"95,846.79"
ID13670,13-Mar-2026,Debit Card,0.00,817.14,"93,095.51"
ID13670,26-Mar-2026,Interest,144.55,0.00,"97,188.05"
ID13670,11-Feb-2026,Direct Deposit,567.97,0.00,"40,738.48"
ID13670,28-Feb-2026,Reversal,912.14,0.00,"8,054.37"
ID13670,24-Mar-2026,Reversal,0.00,920.60,"44,883.85"
ID13670,15-Mar-2026,Direct Deposit,"2,957.69",0.00,"9,930.52"
ID13670,29-Jan-2026,Direct Deposit,"1,215.64",0.00,"99,162.13"
ID13670,18-Feb-2026,ATM Withdrawal,0.00,195.58,"14,850.30"
ID13670,06-Mar-2026,Direct Deposit,"1,521.61",0.00,"61,551.55"
ID13670,12-Feb-2026,Direct Deposit,"4,058.88",0.00,"39,058.27"
ID13670,10-Mar-2026,Payment,752.57,0.00,"41,452.27"
ID13670,19-Jan-2026,Interest,64.46,0.00,"32,690.54"
ID13670,04-Feb-2026,Reversal,0.00,"1,447.93","75,514.90"
ID13670,24-Mar-2026,Interest,495.06,0.00,"51,984.87"
ID13670,15-Mar-2026,Reversal,0.00,701.70,"50,220.90"
ID13670,16-Mar-2026,Payment,0.00,390.17,"46,396.29"
ID13670,13-Mar-2026,Payment,0.00,729.11,"40,448.56"
ID13670,01-Mar-2026,Debit Card,0.00,634.56,"98,450.88"
ID13670,18-Jan-2026,Reversal,634.38,0.00,"26,143.49"
ID13671,07-Feb-2026,ATM Withdrawal,0.00,956.38,"99,556.25"
ID13671,05-Mar-2026,ATM Withdrawal,0.00,564.97,"97,071.97"
ID13671,30-Jan-2026,Payment,0.00,"1,409.35","34,399.40"
ID13671,05-Feb-2026,Direct Deposit,"2,802.35",0.00,"47,856.92"
ID13671,12-Jan-2026,Charge,0.00,158.63,"30,227.30"
ID13671,20-Mar-2026,Charge,0.00,653.11,"22,792.74"
ID13671,01-Apr-2026,ATM Withdrawal,0.00,392.55,"72,309.86"
ID13671,11-Mar-2026,Charge,0.00,594.59,"58,959.31"
ID13671,11-Mar-2026,Payment,953.49,0.00,"29,951.29"
ID13671,06-Feb-2026,Reversal,0.00,"1,348.02","3,465.13"
ID13671,10-Feb-2026,ATM Withdrawal,0.00,893.10,"73,277.83"
ID13671,23-Mar-2026,Charge,0.00,71.55,"30,462.62"
ID13671,17-Jan-2026,Charge,0.00,26.41,"41,887.60"
ID13671,30-Mar-2026,Transfer,0.00,"1,049.60","10,848.78"
ID13671,12-Jan-2026,Reversal,0.00,84.66,"54,345.43"
ID13671,28-Jan-2026,Direct Deposit,"3,758.56",0.00,"26,651.51"
ID13671,28-Mar-2026,Debit Card,0.00,492.33,"59,074.35"
ID13671,26-Jan-2026,Transfer,0.00,671.71,"1,203.38"
ID13671,05-Mar-2026,Interest,208.51,0.00,"72,265.27"
ID13671,14-Feb-2026,ATM Withdrawal,0.00,132.60,"73,372.60"
ID13672,24-Jan-2026,Reversal,623.39,0.00,"65,297.40"
ID13672,25-Jan-2026,Direct Deposit,"3,418.42",0.00,"42,596.28"
ID13672,28-Mar-2026,ATM Withdrawal,0.00,19.76,"90,977.87"
ID13672,06-Jan-2026,Direct Deposit,"3,282.01",0.00,"23,740.86"
ID13672,10-Jan-2026,Interest,414.90,0.00,"18,021.45"
ID13672,02-Apr-2026,Charge,0.00,677.88,"2,100.79"
ID13672,15-Mar-2026,ATM Withdrawal,0.00,653.08,"8,420.38"
ID13672,08-Jan-2026,ATM Withdrawal,0.00,425.06,"81,716.85"
ID13672,01-Apr-2026,Payment,892.84,0.00,"88,764.73"
ID13672,02-Feb-2026,ATM Withdrawal,0.00,329.17,"94,888.18"
ID13672,07-Jan-2026,Transfer,0.00,360.18,"69,862.20"
ID13672,23-Jan-2026,Charge,0.00,683.30,"37,489.37"
ID13672,10-Jan-2026,Direct Deposit,"2,950.91",0.00,"16,543.84"
ID13672,22-Jan-2026,Direct Deposit,"1,333.97",0.00,"69,248.87"
ID13672,15-Feb-2026,Charge,0.00,201.67,"56,067.50"
ID13672,15-Mar-2026,Charge,0.00,785.35,"5,648.22"
ID13672,16-Mar-2026,Reversal,"1,857.08",0.00,"22,055.04"
ID13672,04-Jan-2026,Payment,0.00,"1,120.10","61,759.01"
ID13672,11-Feb-2026,Direct Deposit,"2,569.83",0.00,"77,938.74"
ID13672,08-Jan-2026,Direct Deposit,"1,378.39",0.00,"81,364.65"
ID13673,21-Feb-2026,Direct Deposit,"4,161.65",0.00,"18,512.45"
ID13673,31-Mar-2026,Debit Card,0.00,368.72,"14,762.82"
ID13673,16-Feb-2026,Charge,0.00,222.03,"41,004.36"
ID13673,17-Mar-2026,Payment,0.00,413.12,"90,543.50"
ID13673,11-Mar-2026,Transfer,0.00,550.16,"17,938.16"
ID13673,28-Feb-2026,Charge,0.00,447.77,"54,070.60"
ID13673,27-Jan-2026,Charge,0.00,529.83,"67,128.62"
ID13673,26-Mar-2026,Direct Deposit,"3,597.59",0.00,"50,942.71"
ID13673,01-Mar-2026,Debit Card,0.00,34.80,"96,582.80"
ID13673,29-Mar-2026,Interest,217.28,0.00,"50,259.91"
ID13673,15-Feb-2026,Reversal,0.00,700.92,"57,242.55"
ID13673,19-Mar-2026,Reversal,0.00,537.49,"18,985.63"
ID13673,04-Mar-2026,Reversal,771.53,0.00,"74,448.66"
ID13673,14-Mar-2026,Debit Card,0.00,393.85,"58,169.18"
ID13673,07-Mar-2026,ATM Withdrawal,0.00,385.90,"63,806.33"
ID13673,10-Jan-2026,Charge,0.00,697.17,"41,358.68"
ID13673,02-Mar-2026,ATM Withdrawal,0.00,880.52,"43,251.28"
ID13673,24-Feb-2026,Debit Card,0.00,95.84,"8,282.57"
ID13673,20-Jan-2026,Charge,0.00,591.87,"77,609.01"
ID13673,14-Feb-2026,Direct Deposit,"4,587.86",0.00,"40,075.58"
ID13674,28-Mar-2026,Reversal,"1,239.98",0.00,"34,869.46"
ID13674,28-Jan-2026,Reversal,0.00,"1,019.95","51,333.43"
ID13674,24-Jan-2026,Charge,0.00,39.78,"63,817.45"
ID13674,15-Mar-2026,Charge,0.00,100.77,"62,299.82"
ID13674,01-Mar-2026,Debit Card,0.00,786.57,"92,931.18"
ID13674,03-Mar-2026,Payment,0.00,79.30,"25,769.50"
ID13674,08-Feb-2026,ATM Withdrawal,0.00,744.14,"48,934.63"
ID13674,01-Mar-2026,Charge,0.00,588.66,"8,279.97"
ID13674,08-Jan-2026,Interest,369.57,0.00,"14,015.55"
ID13674,15-Jan-2026,Debit Card,0.00,529.87,"61,671.42"
ID13674,11-Mar-2026,Payment,0.00,"1,186.63","11,023.19"
ID13674,21-Mar-2026,Interest,407.29,0.00,"78,421.89"
ID13674,13-Feb-2026,Interest,294.69,0.00,"97,742.87"
ID13674,11-Feb-2026,Direct Deposit,"4,935.34",0.00,"35,107.81"
ID13674,27-Mar-2026,Charge,0.00,521.81,"41,106.78"
ID13674,11-Jan-2026,Payment,802.09,0.00,"44,673.09"
ID13674,19-Mar-2026,ATM Withdrawal,0.00,870.11,"6,677.02"
ID13674,07-Jan-2026,Charge,0.00,107.57,"65,907.99"
ID13674,11-Feb-2026,Reversal,630.10,0.00,"25,695.03"
ID13674,08-Feb-2026,ATM Withdrawal,0.00,100.23,"24,767.12"
ID13675,29-Mar-2026,Charge,0.00,995.95,"4,021.23"
ID13675,15-Feb-2026,Interest,246.86,0.00,"59,228.16"
ID13675,13-Feb-2026,Direct Deposit,"1,311.35",0.00,"73,111.66"
ID13675,20-Jan-2026,Interest,56.29,0.00,"21,082.61"
ID13675,13-Mar-2026,Direct Deposit,"4,091.76",0.00,"64,273.04"
ID13675,09-Mar-2026,ATM Withdrawal,0.00,770.06,"13,792.49"
ID13675,17-Mar-2026,Payment,"1,176.49",0.00,"96,600.51"
ID13675,09-Feb-2026,Payment,0.00,275.96,"23,854.86"
ID13675,25-Mar-2026,Payment,"1,577.06",0.00,"99,404.62"
ID13675,16-Feb-2026,Direct Deposit,"4,972.94",0.00,"98,870.18"
ID13675,04-Mar-2026,ATM Withdrawal,0.00,647.65,"9,151.61"
ID13675,06-Feb-2026,ATM Withdrawal,0.00,546.65,"7,198.41"
ID13675,18-Feb-2026,Charge,0.00,239.24,"10,567.94"
ID13675,04-Feb-2026,Interest,377.43,0.00,"1,873.36"
ID13675,28-Feb-2026,Charge,0.00,427.13,"64,649.14"
ID13675,23-Mar-2026,Payment,396.56,0.00,"68,124.38"
ID13675,15-Feb-2026,Debit Card,0.00,642.53,"42,073.84"
ID13675,26-Feb-2026,Reversal,0.00,90.35,"78,446.78"
ID13675,28-Mar-2026,Interest,103.36,0.00,"2,244.14"
ID13675,28-Jan-2026,ATM Withdrawal,0.00,111.98,"1,836.90"
ID13676,25-Mar-2026,Reversal,"1,253.02",0.00,"30,513.09"
ID13676,17-Feb-2026,Debit Card,0.00,844.43,"13,453.38"
ID13676,04-Mar-2026,ATM Withdrawal,0.00,526.30,"76,178.31"
ID13676,07-Feb-2026,Reversal,741.20,0.00,"46,027.50"
ID13676,03-Jan-2026,Transfer,0.00,647.89,"27,084.81"
ID13676,23-Feb-2026,ATM Withdrawal,0.00,41.05,"27,864.15"
ID13676,02-Apr-2026,Transfer,"1,094.87",0.00,"95,459.32"
ID13676,06-Feb-2026,Debit Card,0.00,756.09,"53,209.06"
ID13676,05-Mar-2026,Charge,0.00,991.06,"84,795.80"
ID13676,15-Mar-2026,Transfer,"1,490.35",0.00,"55,850.84"
ID13676,13-Feb-2026,Direct Deposit,"2,115.68",0.00,"69,874.26"
ID13676,21-Feb-2026,Reversal,0.00,841.22,"13,609.26"
ID13676,24-Jan-2026,Debit Card,0.00,393.65,"59,338.28"
ID13676,05-Feb-2026,Interest,365.77,0.00,"35,583.17"
ID13676,02-Mar-2026,Interest,124.89,0.00,"96,930.29"
ID13676,01-Feb-2026,Interest,456.59,0.00,"38,817.93"
ID13676,31-Mar-2026,ATM Withdrawal,0.00,489.42,"77,563.26"
ID13676,05-Feb-2026,Interest,117.03,0.00,"10,267.95"
ID13676,04-Mar-2026,Direct Deposit,"3,491.54",0.00,"17,097.39"
ID13676,06-Mar-2026,Transfer,"1,344.13",0.00,"84,995.05"
ID13677,16-Jan-2026,Charge,0.00,85.04,"47,593.05"
ID13677,17-Jan-2026,ATM Withdrawal,0.00,598.55,"61,301.38"
ID13677,06-Jan-2026,Reversal,316.89,0.00,"67,105.82"
ID13677,14-Mar-2026,ATM Withdrawal,0.00,381.43,"96,323.07"
ID13677,05-Mar-2026,Transfer,0.00,"1,282.40","29,910.36"
ID13677,25-Jan-2026,Charge,0.00,590.41,"19,108.45"
ID13677,08-Mar-2026,Transfer,445.97,0.00,"52,645.90"
ID13677,08-Feb-2026,Payment,0.00,687.32,"39,704.59"
ID13677,16-Mar-2026,Reversal,296.53,0.00,"13,081.29"
ID13677,03-Mar-2026,Debit Card,0.00,556.97,"30,144.72"
ID13677,10-Jan-2026,Transfer,"1,239.99",0.00,"54,286.98"
ID13677,20-Mar-2026,Charge,0.00,464.17,"74,824.87"
ID13677,12-Feb-2026,ATM Withdrawal,0.00,268.62,"48,947.19"
ID13677,17-Mar-2026,ATM Withdrawal,0.00,399.39,"52,940.84"
ID13677,12-Mar-2026,ATM Withdrawal,0.00,347.15,"76,782.25"
ID13677,31-Jan-2026,Debit Card,0.00,729.75,"54,889.37"
ID13677,13-Mar-2026,Direct Deposit,"1,878.92",0.00,"40,025.68"
ID13677,10-Mar-2026,Debit Card,0.00,808.37,"32,513.57"
ID13677,21-Mar-2026,Charge,0.00,289.79,"62,367.98"
ID13677,27-Mar-2026,ATM Withdrawal,0.00,114.53,"55,743.08"
ID13678,09-Feb-2026,ATM Withdrawal,0.00,378.44,"64,083.16"
ID13678,19-Mar-2026,Payment,"1,803.94",0.00,"39,344.82"
ID13678,05-Jan-2026,Reversal,0.00,"1,442.68","46,233.92"
ID13678,14-Jan-2026,Payment,0.00,"1,262.86","43,035.09"
ID13678,04-Feb-2026,Interest,458.44,0.00,"56,154.44"
ID13678,03-Apr-2026,Debit Card,0.00,776.60,"75,088.63"
ID13678,17-Mar-2026,Reversal,0.00,887.76,"3,874.06"
ID13678,13-Jan-2026,Charge,0.00,108.35,"37,214.94"
ID13678,05-Jan-2026,Interest,14.36,0.00,"63,281.36"
ID13678,13-Jan-2026,Payment,"1,014.91",0.00,"86,565.70"
ID13678,21-Mar-2026,Reversal,"1,836.16",0.00,"29,145.32"
ID13678,16-Jan-2026,Charge,0.00,575.55,"12,978.20"
ID13678,10-Feb-2026,Interest,477.51,0.00,"48,694.10"
ID13678,05-Feb-2026,Reversal,631.74,0.00,"77,297.88"
ID13678,21-Feb-2026,Debit Card,0.00,299.27,"30,037.83"
ID13678,10-Jan-2026,Reversal,887.40,0.00,"53,128.37"
ID13678,06-Mar-2026,Charge,0.00,882.42,"5,529.98"
ID13678,20-Mar-2026,Transfer,494.59,0.00,"4,638.24"
ID13678,16-Mar-2026,Reversal,0.00,"1,443.87","18,446.73"
ID13678,17-Jan-2026,Debit Card,0.00,859.86,"17,311.97"
ID13679,13-Feb-2026,ATM Withdrawal,0.00,377.89,"3,645.03"
ID13679,15-Jan-2026,Debit Card,0.00,874.86,"42,940.46"
ID13679,08-Jan-2026,Payment,880.61,0.00,"53,194.60"
ID13679,21-Mar-2026,Reversal,0.00,"1,138.94","60,861.86"
ID13679,21-Feb-2026,Transfer,0.00,800.05,"60,739.63"
ID13679,27-Mar-2026,Transfer,"1,702.13",0.00,"14,111.11"
ID13679,29-Jan-2026,ATM Withdrawal,0.00,756.32,"17,957.53"
ID13679,02-Feb-2026,Direct Deposit,994.97,0.00,"31,124.02"
ID13679,23-Mar-2026,ATM Withdrawal,0.00,502.76,"82,423.42"
ID13679,16-Jan-2026,Charge,0.00,714.29,"48,947.30"
ID13679,08-Jan-2026,Interest,476.26,0.00,"66,047.14"
ID13679,15-Mar-2026,ATM Withdrawal,0.00,129.26,"44,018.23"
ID13679,26-Mar-2026,Transfer,"1,460.61",0.00,"87,178.67"
ID13679,19-Jan-2026,Reversal,104.01,0.00,"74,885.01"
ID13679,23-Jan-2026,ATM Withdrawal,0.00,611.78,"13,965.38"
ID13679,02-Apr-2026,Transfer,0.00,289.45,"23,833.95"
ID13679,07-Feb-2026,Direct Deposit,"4,933.75",0.00,"18,207.25"
ID13679,07-Jan-2026,Direct Deposit,"2,340.36",0.00,"98,727.73"
ID13679,30-Jan-2026,Transfer,0.00,"1,128.88","55,093.18"
ID13679,07-Jan-2026,Debit Card,0.00,615.92,"36,420.15"
ID13680,10-Feb-2026,ATM Withdrawal,0.00,973.16,"50,795.47"
ID13680,30-Mar-2026,ATM Withdrawal,0.00,754.39,"97,123.74"
ID13680,16-Feb-2026,Charge,0.00,704.78,"96,684.20"
ID13680,11-Feb-2026,Interest,423.74,0.00,"56,223.98"
ID13680,16-Mar-2026,Transfer,0.00,173.26,"34,786.55"
ID13680,05-Jan-2026,Transfer,"1,593.54",0.00,"70,575.92"
ID13680,21-Mar-2026,Charge,0.00,146.40,"62,463.60"
ID13680,02-Feb-2026,Interest,46.92,0.00,"32,659.86"
ID13680,04-Jan-2026,Debit Card,0.00,424.42,"6,407.01"
ID13680,03-Jan-2026,Reversal,0.00,"1,160.45","31,361.84"
ID13680,14-Mar-2026,Charge,0.00,291.77,"11,193.03"
ID13680,01-Apr-2026,Reversal,"1,327.44",0.00,"17,191.84"
ID13680,05-Jan-2026,Debit Card,0.00,635.39,"74,286.95"
ID13680,03-Mar-2026,Transfer,0.00,809.48,"39,756.66"
ID13680,02-Feb-2026,Transfer,0.00,809.42,"74,913.00"
ID13680,24-Jan-2026,Interest,498.21,0.00,"24,895.74"
ID13680,18-Feb-2026,Charge,0.00,912.58,"58,948.21"
ID13680,29-Mar-2026,Transfer,553.61,0.00,"2,394.43"
ID13680,07-Jan-2026,Debit Card,0.00,303.75,"24,132.42"
ID13680,04-Jan-2026,Reversal,0.00,871.61,"38,320.91"
ID13681,01-Mar-2026,Direct Deposit,"4,194.24",0.00,"17,913.12"
ID13681,19-Mar-2026,Transfer,0.00,123.39,"3,417.67"
ID13681,14-Jan-2026,ATM Withdrawal,0.00,837.25,"2,966.32"
ID13681,04-Jan-2026,Transfer,0.00,115.34,"86,003.54"
ID13681,05-Feb-2026,Transfer,0.00,632.14,"61,960.83"
ID13681,03-Mar-2026,Debit Card,0.00,511.41,"70,194.30"
ID13681,02-Apr-2026,Transfer,"1,681.07",0.00,"42,431.27"
ID13681,30-Mar-2026,Payment,0.00,"1,280.57","80,883.03"
ID13681,01-Feb-2026,Debit Card,0.00,736.02,"71,440.12"
ID13681,12-Mar-2026,Direct Deposit,"2,559.54",0.00,"28,433.26"
ID13681,18-Jan-2026,Reversal,783.45,0.00,"27,329.02"
ID13681,01-Mar-2026,Reversal,0.00,"1,401.56","9,385.01"
ID13681,07-Feb-2026,ATM Withdrawal,0.00,703.53,"25,651.47"
ID13681,19-Jan-2026,Direct Deposit,966.65,0.00,"49,392.38"
ID13681,06-Mar-2026,Reversal,0.00,602.31,"89,260.70"
ID13681,27-Jan-2026,Transfer,0.00,"1,102.54","86,690.66"
ID13681,23-Feb-2026,Interest,376.76,0.00,"22,061.91"
ID13681,17-Mar-2026,Charge,0.00,52.07,"40,307.27"
ID13681,28-Mar-2026,Payment,0.00,743.85,"12,413.00"
ID13681,23-Feb-2026,Charge,0.00,460.60,"44,391.84"
ID13682,14-Feb-2026,ATM Withdrawal,0.00,424.69,"97,778.40"
ID13682,04-Mar-2026,Payment,"1,340.38",0.00,"41,197.59"
ID13682,28-Jan-2026,Debit Card,0.00,575.00,"33,038.52"
ID13682,12-Feb-2026,ATM Withdrawal,0.00,751.21,"43,149.20"
ID13682,24-Jan-2026,ATM Withdrawal,0.00,398.32,"83,195.76"
ID13682,23-Feb-2026,Interest,393.45,0.00,"30,875.53"
ID13682,24-Feb-2026,Payment,0.00,"1,037.06","92,753.19"
ID13682,27-Jan-2026,Payment,0.00,335.16,"86,332.66"
ID13682,08-Feb-2026,Transfer,0.00,"1,351.96","7,104.03"
ID13682,26-Feb-2026,Payment,451.92,0.00,"39,804.36"
ID13682,31-Jan-2026,Charge,0.00,482.74,"31,958.11"
ID13682,16-Mar-2026,Debit Card,0.00,250.15,"82,192.01"
ID13682,16-Jan-2026,Transfer,0.00,"1,402.02","39,180.95"
ID13682,02-Mar-2026,Interest,445.81,0.00,"59,242.89"
ID13682,30-Mar-2026,Charge,0.00,37.25,"3,840.39"
ID13682,06-Jan-2026,Payment,"1,600.91",0.00,"79,350.34"
ID13682,01-Mar-2026,Reversal,0.00,640.24,"55,604.99"
ID13682,17-Jan-2026,ATM Withdrawal,0.00,849.05,"58,615.20"
ID13682,28-Mar-2026,ATM Withdrawal,0.00,345.14,"46,568.97"
ID13682,20-Feb-2026,Reversal,0.00,322.98,"8,059.36"
ID13683,31-Mar-2026,Transfer,0.00,"1,428.51","12,923.03"
ID13683,26-Mar-2026,Payment,0.00,"1,477.36","14,835.40"
ID13683,02-Feb-2026,Interest,69.86,0.00,"86,718.74"
ID13683,07-Mar-2026,Direct Deposit,"1,020.25",0.00,"82,629.28"
ID13683,10-Jan-2026,Reversal,0.00,"1,382.33","82,870.56"
ID13683,30-Jan-2026,Interest,21.61,0.00,"31,090.45"
ID13683,08-Jan-2026,Interest,50.44,0.00,"19,564.28"
ID13683,19-Jan-2026,Interest,70.81,0.00,"71,465.30"
ID13683,28-Feb-2026,Transfer,"1,050.63",0.00,"15,581.37"
ID13683,10-Feb-2026,Payment,0.00,821.84,"40,749.14"
ID13683,14-Feb-2026,Direct Deposit,"2,939.85",0.00,"73,239.50"
ID13683,23-Jan-2026,Interest,296.71,0.00,"13,824.23"
ID13683,03-Jan-2026,Reversal,"1,524.79",0.00,"81,645.63"
ID13683,24-Feb-2026,Debit Card,0.00,308.42,"82,422.37"
ID13683,25-Jan-2026,Charge,0.00,303.00,"49,747.23"
ID13683,14-Mar-2026,Debit Card,0.00,822.17,"13,007.31"
ID13683,14-Jan-2026,Debit Card,0.00,403.90,"19,352.81"
ID13683,24-Mar-2026,Transfer,987.01,0.00,"93,448.98"
ID13683,30-Jan-2026,Direct Deposit,622.05,0.00,"2,201.50"
ID13683,12-Feb-2026,Interest,286.61,0.00,"12,467.82"
ID13684,25-Jan-2026,Interest,424.36,0.00,"94,977.79"
ID13684,23-Jan-2026,ATM Withdrawal,0.00,752.35,"54,923.76"
ID13684,31-Mar-2026,Interest,349.34,0.00,"70,627.18"
ID13684,17-Feb-2026,Direct Deposit,"3,763.78",0.00,"4,643.63"
ID13684,06-Mar-2026,Debit Card,0.00,14.99,"17,962.43"
ID13684,21-Feb-2026,Interest,237.65,0.00,"31,156.95"
ID13684,17-Jan-2026,Charge,0.00,287.29,"7,564.52"
ID13684,18-Jan-2026,Reversal,"1,519.79",0.00,"12,844.03"
ID13684,29-Jan-2026,Charge,0.00,523.29,"86,596.68"
ID13684,24-Mar-2026,Debit Card,0.00,494.84,"84,375.80"
ID13684,09-Jan-2026,Transfer,"1,189.55",0.00,"18,551.74"
ID13684,28-Mar-2026,Direct Deposit,"4,677.16",0.00,"60,706.97"
ID13684,09-Mar-2026,Reversal,"1,997.49",0.00,"44,951.95"
ID13684,05-Jan-2026,Debit Card,0.00,326.20,"50,424.38"
ID13684,15-Jan-2026,Transfer,0.00,"1,033.19","16,300.22"
ID13684,13-Mar-2026,Charge,0.00,410.60,"70,844.59"
ID13684,17-Mar-2026,Reversal,0.00,195.33,"44,331.22"
ID13684,22-Feb-2026,Payment,"1,418.61",0.00,"97,229.40"
ID13684,21-Jan-2026,Direct Deposit,"3,206.82",0.00,"71,282.12"
ID13684,02-Feb-2026,Reversal,0.00,"1,125.54","79,798.15"
ID13685,17-Jan-2026,Debit Card,0.00,706.80,"78,332.53"
ID13685,03-Jan-2026,Direct Deposit,"3,978.41",0.00,"62,826.01"
ID13685,16-Jan-2026,Reversal,408.85,0.00,"10,821.05"
ID13685,27-Feb-2026,Payment,337.95,0.00,"87,635.08"
ID13685,02-Mar-2026,Transfer,0.00,56.56,"1,884.51"
ID13685,04-Mar-2026,Reversal,863.90,0.00,"33,875.52"
ID13685,05-Jan-2026,Payment,491.06,0.00,"21,103.81"
ID13685,07-Jan-2026,Charge,0.00,335.19,"3,778.86"
ID13685,09-Mar-2026,Direct Deposit,"3,994.93",0.00,"37,399.29"
ID13685,01-Apr-2026,Transfer,0.00,188.30,"26,261.17"
ID13685,08-Jan-2026,Reversal,"1,126.66",0.00,"87,532.63"
ID13685,05-Feb-2026,Reversal,0.00,403.43,"82,054.18"
ID13685,28-Feb-2026,ATM Withdrawal,0.00,532.80,"1,803.07"
ID13685,05-Jan-2026,Transfer,176.44,0.00,"52,059.98"
ID13685,01-Apr-2026,Direct Deposit,"1,056.06",0.00,"38,860.71"
ID13685,09-Mar-2026,Direct Deposit,"1,995.47",0.00,"20,972.49"
ID13685,20-Mar-2026,Reversal,0.00,984.04,"41,173.38"
ID13685,08-Mar-2026,ATM Withdrawal,0.00,891.03,"86,632.66"
ID13685,21-Mar-2026,Debit Card,0.00,335.52,"94,153.44"
ID13685,14-Mar-2026,Charge,0.00,464.60,"15,617.66"
ID13686,14-Feb-2026,ATM Withdrawal,0.00,158.70,"64,419.37"
ID13686,01-Apr-2026,Transfer,"1,890.75",0.00,"51,792.06"
ID13686,18-Feb-2026,Charge,0.00,210.93,"34,369.25"
ID13686,03-Apr-2026,Direct Deposit,"1,755.74",0.00,"13,350.43"
ID13686,01-Feb-2026,Transfer,116.05,0.00,"61,025.06"
ID13686,17-Mar-2026,ATM Withdrawal,0.00,131.18,"18,470.95"
ID13686,03-Apr-2026,Direct Deposit,976.83,0.00,"43,600.14"
ID13686,25-Mar-2026,Charge,0.00,999.25,"19,175.42"
ID13686,12-Jan-2026,Transfer,0.00,690.24,"62,409.99"
ID13686,17-Mar-2026,Debit Card,0.00,143.12,"53,957.97"
ID13686,21-Mar-2026,Payment,778.60,0.00,"59,990.05"
ID13686,31-Jan-2026,Charge,0.00,402.00,"4,253.95"
ID13686,20-Mar-2026,Direct Deposit,"2,648.09",0.00,"8,703.27"
ID13686,03-Apr-2026,Transfer,"1,237.52",0.00,"10,437.90"
ID13686,22-Jan-2026,Payment,"1,958.37",0.00,"47,812.65"
ID13686,08-Jan-2026,ATM Withdrawal,0.00,900.04,"25,316.93"
ID13686,13-Mar-2026,Debit Card,0.00,697.29,"69,214.80"
ID13686,10-Jan-2026,Payment,0.00,805.02,"71,771.28"
ID13686,31-Jan-2026,Direct Deposit,"4,339.91",0.00,"42,105.55"
ID13686,25-Feb-2026,Payment,0.00,420.93,"70,741.74"
ID13687,11-Feb-2026,Interest,243.45,0.00,"18,561.68"
ID13687,01-Feb-2026,Debit Card,0.00,602.11,"50,353.02"
ID13687,25-Feb-2026,ATM Withdrawal,0.00,304.74,"11,732.40"
ID13687,19-Jan-2026,ATM Withdrawal,0.00,553.31,"80,186.54"
ID13687,24-Mar-2026,Interest,198.98,0.00,"16,076.32"
ID13687,03-Apr-2026,Payment,447.47,0.00,"17,172.38"
ID13687,29-Jan-2026,Debit Card,0.00,777.52,"93,537.61"
ID13687,12-Jan-2026,Charge,0.00,296.71,"78,796.73"
ID13687,27-Jan-2026,Transfer,0.00,"1,340.64","25,466.09"
ID13687,24-Feb-2026,Debit Card,0.00,413.61,"21,881.24"
ID13687,08-Mar-2026,Interest,215.29,0.00,"78,932.66"
ID13687,27-Feb-2026,Charge,0.00,830.53,"7,342.07"
ID13687,26-Jan-2026,Payment,0.00,584.07,"85,078.98"
ID13687,26-Jan-2026,Debit Card,0.00,199.28,"88,501.64"
ID13687,14-Feb-2026,ATM Withdrawal,0.00,997.60,"80,597.65"
ID13687,23-Mar-2026,Interest,72.32,0.00,"5,248.96"
ID13687,29-Mar-2026,Payment,"1,447.01",0.00,"84,450.00"
ID13687,23-Jan-2026,Reversal,"1,129.95",0.00,"46,828.27"
ID13687,20-Feb-2026,Reversal,0.00,449.85,"73,218.90"
ID13687,10-Jan-2026,Direct Deposit,"3,201.41",0.00,"86,977.54"
ID13688,16-Mar-2026,Interest,117.31,0.00,"30,233.30"
ID13688,15-Jan-2026,Direct Deposit,"3,882.58",0.00,"88,708.32"
ID13688,03-Mar-2026,Direct Deposit,"2,889.09",0.00,"12,023.16"
ID13688,18-Jan-2026,Charge,0.00,938.49,"26,642.27"
ID13688,20-Feb-2026,Charge,0.00,584.15,"67,186.32"
ID13688,22-Jan-2026,Reversal,0.00,817.50,"13,559.88"
ID13688,01-Feb-2026,Reversal,212.95,0.00,"52,577.78"
ID13688,07-Mar-2026,ATM Withdrawal,0.00,733.44,"59,715.17"
ID13688,28-Feb-2026,Charge,0.00,518.54,"90,338.35"
ID13688,11-Feb-2026,Charge,0.00,677.05,"16,740.70"
ID13688,19-Feb-2026,Direct Deposit,"2,197.20",0.00,"8,132.98"
ID13688,02-Feb-2026,ATM Withdrawal,0.00,52.56,"16,767.30"
ID13688,23-Mar-2026,Direct Deposit,529.29,0.00,"70,549.28"
ID13688,03-Mar-2026,Direct Deposit,"3,924.92",0.00,"31,358.20"
ID13688,21-Jan-2026,Interest,461.64,0.00,"21,187.14"
ID13688,13-Feb-2026,Payment,"1,728.43",0.00,"1,410.90"
ID13688,15-Mar-2026,Charge,0.00,221.91,"40,360.10"
ID13688,15-Feb-2026,Direct Deposit,"2,377.13",0.00,"92,348.82"
ID13688,02-Apr-2026,ATM Withdrawal,0.00,718.73,"72,669.87"
ID13688,15-Mar-2026,Interest,246.55,0.00,"90,095.88"
ID13689,03-Apr-2026,Interest,63.78,0.00,"32,265.62"
ID13689,23-Feb-2026,Interest,498.55,0.00,"9,426.69"
ID13689,05-Feb-2026,Interest,446.65,0.00,"56,291.13"
ID13689,13-Feb-2026,Transfer,751.69,0.00,"36,303.22"
ID13689,28-Jan-2026,Interest,263.91,0.00,"47,272.87"
ID13689,24-Feb-2026,Interest,62.38,0.00,"38,000.25"
ID13689,17-Mar-2026,Charge,0.00,245.79,"72,067.23"
ID13689,21-Mar-2026,Debit Card,0.00,174.40,"37,054.52"
ID13689,06-Mar-2026,Payment,0.00,309.72,"99,514.03"
ID13689,30-Mar-2026,Direct Deposit,762.97,0.00,"10,263.39"
ID13689,15-Feb-2026,Direct Deposit,612.78,0.00,"67,533.21"
ID13689,26-Feb-2026,Direct Deposit,"4,905.53",0.00,"37,332.84"
ID13689,08-Feb-2026,Payment,"1,397.80",0.00,"36,985.53"
ID13689,08-Jan-2026,ATM Withdrawal,0.00,408.19,"80,175.08"
ID13689,15-Feb-2026,Reversal,0.00,"1,241.05","54,095.31"
ID13689,17-Feb-2026,Direct Deposit,"2,465.37",0.00,"1,611.89"
ID13689,22-Jan-2026,Transfer,0.00,102.82,"93,644.21"
ID13689,04-Mar-2026,Reversal,0.00,256.10,"74,839.71"
ID13689,05-Mar-2026,Interest,13.50,0.00,"9,295.99"
ID13689,23-Feb-2026,Charge,0.00,293.89,"7,840.67"
ID13690,05-Feb-2026,Interest,151.20,0.00,"80,889.42"
ID13690,05-Mar-2026,Transfer,0.00,"1,060.88","92,344.68"
ID13690,08-Mar-2026,Interest,450.65,0.00,"77,397.44"
ID13690,01-Feb-2026,Direct Deposit,"4,940.35",0.00,"58,327.07"
ID13690,08-Feb-2026,Transfer,0.00,838.46,"45,512.41"
ID13690,05-Jan-2026,Direct Deposit,"3,066.37",0.00,"29,655.95"
ID13690,06-Feb-2026,Direct Deposit,"3,444.50",0.00,"76,406.57"
ID13690,22-Feb-2026,Reversal,"1,981.00",0.00,"57,363.68"
ID13690,09-Feb-2026,Reversal,"1,901.24",0.00,"24,007.31"
ID13690,01-Mar-2026,Interest,396.03,0.00,"72,072.34"
ID13690,13-Jan-2026,Reversal,0.00,"1,234.58","57,784.25"
ID13690,08-Feb-2026,Direct Deposit,"1,555.69",0.00,"54,421.34"
ID13690,15-Mar-2026,Direct Deposit,"3,482.00",0.00,"92,727.24"
ID13690,21-Feb-2026,Interest,194.44,0.00,"9,956.59"
ID13690,03-Feb-2026,Interest,164.18,0.00,"11,311.75"
ID13690,21-Mar-2026,Debit Card,0.00,628.35,"75,439.75"
ID13690,01-Apr-2026,Interest,235.54,0.00,"53,699.56"
ID13690,16-Feb-2026,Reversal,0.00,"1,322.49","86,993.50"
ID13690,10-Feb-2026,Payment,366.75,0.00,"54,677.55"
ID13690,07-Mar-2026,Transfer,438.56,0.00,"87,925.26"
ID13691,09-Feb-2026,Transfer,0.00,"1,228.77","45,665.50"
ID13691,29-Jan-2026,Charge,0.00,618.95,"31,760.99"
ID13691,14-Feb-2026,Debit Card,0.00,210.36,"85,534.58"
ID13691,13-Jan-2026,Debit Card,0.00,909.43,"24,984.62"
ID13691,17-Mar-2026,ATM Withdrawal,0.00,465.44,"4,951.08"
ID13691,09-Feb-2026,Direct Deposit,"4,589.54",0.00,"46,755.96"
ID13691,11-Feb-2026,Charge,0.00,245.18,"38,440.86"
ID13691,30-Jan-2026,ATM Withdrawal,0.00,424.95,"11,851.08"
ID13691,03-Mar-2026,Reversal,"1,162.57",0.00,"34,321.20"
ID13691,29-Jan-2026,Charge,0.00,121.83,"66,141.18"
ID13691,24-Feb-2026,Direct Deposit,"4,025.63",0.00,"48,527.26"
ID13691,20-Feb-2026,Transfer,225.34,0.00,"36,365.44"
ID13691,15-Mar-2026,Payment,722.44,0.00,"59,443.31"
ID13691,23-Feb-2026,ATM Withdrawal,0.00,146.66,"2,416.21"
ID13691,22-Jan-2026,Charge,0.00,594.85,"34,452.17"
ID13691,31-Jan-2026,Direct Deposit,752.49,0.00,"49,915.96"
ID13691,20-Mar-2026,ATM Withdrawal,0.00,13.24,"51,695.98"
ID13691,04-Jan-2026,Direct Deposit,"4,303.86",0.00,"42,398.74"
ID13691,04-Mar-2026,Payment,0.00,"1,069.53","11,263.05"
ID13691,13-Jan-2026,Direct Deposit,"2,842.63",0.00,"86,252.23"
ID13692,22-Mar-2026,Reversal,0.00,"1,126.59","69,072.55"
ID13692,14-Feb-2026,Interest,497.38,0.00,"22,665.82"
ID13692,12-Feb-2026,Charge,0.00,395.75,"36,987.02"
ID13692,01-Feb-2026,ATM Withdrawal,0.00,351.76,"72,849.45"
ID13692,28-Mar-2026,ATM Withdrawal,0.00,572.96,"61,612.84"
ID13692,06-Feb-2026,Reversal,0.00,"1,051.52","37,679.90"
ID13692,28-Feb-2026,Transfer,424.55,0.00,"58,718.53"
ID13692,19-Mar-2026,Reversal,0.00,"1,185.96","94,871.08"
ID13692,28-Mar-2026,Debit Card,0.00,28.98,"90,001.36"
ID13692,16-Mar-2026,Debit Card,0.00,804.14,"76,552.99"
ID13692,10-Mar-2026,Reversal,0.00,"1,085.56","88,257.61"
ID13692,02-Mar-2026,Interest,114.24,0.00,"97,200.24"
ID13692,19-Mar-2026,Interest,328.60,0.00,"33,455.43"
ID13692,16-Jan-2026,Interest,288.26,0.00,"40,167.15"
ID13692,15-Jan-2026,Reversal,"1,113.28",0.00,"4,059.61"
ID13692,25-Feb-2026,ATM Withdrawal,0.00,245.05,"6,244.04"
ID13692,21-Jan-2026,Transfer,"1,801.28",0.00,"62,981.42"
ID13692,10-Mar-2026,Charge,0.00,370.81,"85,735.06"
ID13692,08-Mar-2026,Charge,0.00,247.06,"44,768.00"
ID13692,10-Feb-2026,Transfer,0.00,"1,152.52","83,352.97"
ID13693,12-Jan-2026,Direct Deposit,"3,395.98",0.00,"29,603.38"
ID13693,21-Mar-2026,Charge,0.00,512.79,"96,362.40"
ID13693,10-Feb-2026,Direct Deposit,"2,639.95",0.00,"93,095.30"
ID13693,17-Jan-2026,Payment,0.00,"1,018.17","32,695.66"
ID13693,24-Jan-2026,Transfer,0.00,534.93,"28,501.55"
ID13693,08-Jan-2026,Direct Deposit,"2,545.59",0.00,"55,565.79"
ID13693,18-Jan-2026,Debit Card,0.00,157.18,"17,850.74"
ID13693,21-Feb-2026,Debit Card,0.00,187.30,"81,856.18"
ID13693,03-Apr-2026,Payment,0.00,826.54,"70,826.16"
ID13693,16-Jan-2026,Reversal,"1,078.51",0.00,"44,098.99"
ID13693,26-Mar-2026,ATM Withdrawal,0.00,83.77,"40,794.53"
ID13693,06-Mar-2026,Direct Deposit,"1,030.77",0.00,"61,398.41"
ID13693,11-Feb-2026,ATM Withdrawal,0.00,895.73,"36,898.32"
ID13693,22-Feb-2026,ATM Withdrawal,0.00,108.21,"39,297.83"
ID13693,03-Apr-2026,Charge,0.00,437.14,"66,387.49"
ID13693,02-Feb-2026,Direct Deposit,683.10,0.00,"56,770.09"
ID13693,11-Mar-2026,Interest,16.41,0.00,"50,248.31"
ID13693,12-Feb-2026,Charge,0.00,95.75,"4,317.80"
ID13693,28-Feb-2026,Reversal,254.24,0.00,"41,903.53"
ID13693,19-Jan-2026,ATM Withdrawal,0.00,307.16,"79,123.53"
ID13694,22-Mar-2026,ATM Withdrawal,0.00,39.58,"93,893.40"
ID13694,29-Jan-2026,Charge,0.00,71.21,"29,311.78"
ID13694,03-Jan-2026,Reversal,"1,712.94",0.00,"15,179.06"
ID13694,15-Feb-2026,Debit Card,0.00,238.60,"65,148.98"
ID13694,09-Feb-2026,Payment,0.00,362.46,"90,521.30"
ID13694,12-Feb-2026,Transfer,"1,570.77",0.00,"72,183.37"
ID13694,29-Jan-2026,Interest,63.48,0.00,"87,905.34"
ID13694,22-Feb-2026,Charge,0.00,417.81,"28,915.70"
ID13694,18-Mar-2026,ATM Withdrawal,0.00,716.99,"18,952.01"
ID13694,25-Jan-2026,ATM Withdrawal,0.00,37.91,"38,084.72"
ID13694,07-Feb-2026,Debit Card,0.00,40.76,"58,036.06"
ID13694,08-Jan-2026,Charge,0.00,288.46,"27,475.85"
ID13694,15-Jan-2026,ATM Withdrawal,0.00,538.86,"25,744.28"
ID13694,13-Mar-2026,Interest,304.68,0.00,"33,033.22"
ID13694,24-Jan-2026,Transfer,0.00,693.20,"48,442.05"
ID13694,24-Mar-2026,Debit Card,0.00,97.19,"9,151.62"
ID13694,01-Apr-2026,Payment,0.00,"1,462.85","44,804.50"
ID13694,06-Jan-2026,Debit Card,0.00,768.94,"79,710.05"
ID13694,28-Feb-2026,Interest,110.67,0.00,"9,274.19"
ID13694,06-Jan-2026,Charge,0.00,33.64,"43,805.50"
ID13695,08-Mar-2026,Interest,302.19,0.00,"55,146.87"
ID13695,26-Feb-2026,Charge,0.00,911.83,"29,364.72"
ID13695,16-Mar-2026,Transfer,"1,467.86",0.00,"97,519.99"
ID13695,30-Mar-2026,Direct Deposit,"4,083.61",0.00,"32,606.31"
ID13695,12-Jan-2026,Charge,0.00,30.00,"91,458.90"
ID13695,15-Mar-2026,Interest,464.46,0.00,"28,184.78"
ID13695,23-Feb-2026,ATM Withdrawal,0.00,392.08,"62,625.78"
ID13695,04-Feb-2026,Direct Deposit,"3,857.13",0.00,"95,353.64"
ID13695,06-Feb-2026,ATM Withdrawal,0.00,682.35,"84,790.14"
ID13695,26-Mar-2026,Direct Deposit,"3,317.19",0.00,"57,301.72"
ID13695,14-Feb-2026,Interest,230.86,0.00,"84,757.56"
ID13695,18-Jan-2026,Interest,444.28,0.00,"76,612.14"
ID13695,16-Jan-2026,Transfer,0.00,704.11,"57,116.90"
ID13695,25-Feb-2026,Charge,0.00,626.83,"5,696.90"
ID13695,13-Feb-2026,Interest,119.74,0.00,"41,742.33"
ID13695,08-Feb-2026,Payment,0.00,562.47,"94,652.21"
ID13695,21-Feb-2026,Direct Deposit,"4,113.18",0.00,"91,169.35"
ID13695,11-Jan-2026,Payment,0.00,971.87,"81,408.79"
ID13695,09-Mar-2026,Payment,0.00,"1,020.17","83,336.96"
ID13695,07-Feb-2026,Transfer,0.00,812.24,"91,404.47"
ID13696,25-Jan-2026,Reversal,"1,768.43",0.00,"2,061.07"
ID13696,22-Jan-2026,Reversal,"1,581.55",0.00,"40,149.97"
ID13696,12-Feb-2026,Transfer,"1,817.34",0.00,"83,160.06"
ID13696,11-Jan-2026,Interest,268.91,0.00,"90,646.39"
ID13696,17-Mar-2026,ATM Withdrawal,0.00,989.85,"73,201.04"
ID13696,14-Jan-2026,Charge,0.00,113.82,"95,188.02"
ID13696,15-Mar-2026,Payment,0.00,"1,332.49","39,054.49"
ID13696,21-Jan-2026,Reversal,0.00,762.11,"70,989.13"
ID13696,08-Feb-2026,Interest,193.47,0.00,"8,403.73"
ID13696,10-Mar-2026,Reversal,855.89,0.00,"84,575.86"
ID13696,07-Feb-2026,Direct Deposit,"2,346.35",0.00,"57,922.74"
ID13696,25-Jan-2026,Payment,0.00,"1,201.27","2,973.47"
ID13696,19-Feb-2026,Reversal,"1,935.50",0.00,"11,462.30"
ID13696,02-Feb-2026,Transfer,0.00,"1,326.30","77,158.45"
ID13696,26-Jan-2026,ATM Withdrawal,0.00,641.36,"92,075.83"
ID13696,27-Feb-2026,Interest,431.74,0.00,"74,971.57"
ID13696,07-Feb-2026,Transfer,0.00,761.80,"79,071.62"
ID13696,06-Feb-2026,ATM Withdrawal,0.00,363.20,"74,287.20"
ID13696,22-Mar-2026,Charge,0.00,966.82,"50,432.85"
ID13696,24-Mar-2026,Transfer,0.00,"1,220.17","69,005.77"
ID13697,26-Feb-2026,Transfer,0.00,352.10,"39,620.71"
ID13697,31-Jan-2026,Direct Deposit,"3,611.71",0.00,"50,744.23"
ID13697,26-Mar-2026,ATM Withdrawal,0.00,511.28,"96,620.13"
ID13697,02-Feb-2026,Reversal,0.00,"1,095.37","44,555.18"
ID13697,10-Feb-2026,Interest,174.18,0.00,"27,031.01"
ID13697,06-Feb-2026,Transfer,"1,524.05",0.00,"66,478.00"
ID13697,22-Feb-2026,Debit Card,0.00,815.88,"21,607.99"
ID13697,13-Mar-2026,Direct Deposit,"2,167.27",0.00,"64,195.92"
ID13697,10-Mar-2026,Payment,0.00,583.17,"67,993.36"
ID13697,11-Feb-2026,Reversal,0.00,"1,484.15","97,506.98"
ID13697,13-Mar-2026,ATM Withdrawal,0.00,943.42,"36,860.91"
ID13697,20-Jan-2026,Charge,0.00,40.62,"77,002.88"
ID13697,15-Mar-2026,Direct Deposit,"3,170.18",0.00,"20,079.88"
ID13697,23-Mar-2026,ATM Withdrawal,0.00,377.40,"23,987.79"
ID13697,31-Jan-2026,Charge,0.00,974.17,"2,604.37"
ID13697,09-Feb-2026,Transfer,0.00,665.22,"7,261.54"
ID13697,22-Jan-2026,Reversal,0.00,205.19,"20,908.37"
ID13697,30-Mar-2026,Interest,359.84,0.00,"98,772.44"
ID13697,03-Jan-2026,Debit Card,0.00,263.20,"18,694.32"
ID13697,17-Mar-2026,Interest,215.70,0.00,"38,358.21"
ID13698,01-Feb-2026,Interest,297.31,0.00,"63,780.29"
ID13698,31-Mar-2026,Direct Deposit,"4,356.85",0.00,"49,141.40"
ID13698,11-Jan-2026,Reversal,"1,732.34",0.00,"31,336.61"
ID13698,18-Mar-2026,Interest,301.58,0.00,"2,714.42"
ID13698,13-Jan-2026,ATM Withdrawal,0.00,905.40,"26,379.06"
ID13698,26-Feb-2026,Reversal,0.00,727.39,"29,870.17"
ID13698,27-Mar-2026,Debit Card,0.00,986.49,"59,668.21"
ID13698,11-Mar-2026,Charge,0.00,825.55,"2,192.37"
ID13698,10-Jan-2026,Reversal,0.00,"1,343.06","36,550.43"
ID13698,30-Jan-2026,Interest,472.73,0.00,"62,355.72"
ID13698,28-Mar-2026,Charge,0.00,375.92,"30,281.80"
ID13698,08-Mar-2026,Payment,"1,691.49",0.00,"7,613.15"
ID13698,22-Jan-2026,Debit Card,0.00,93.60,"12,936.41"
ID13698,09-Feb-2026,Transfer,"1,653.74",0.00,"11,710.08"
ID13698,26-Mar-2026,Transfer,"1,197.18",0.00,"41,878.39"
ID13698,28-Feb-2026,ATM Withdrawal,0.00,909.70,"70,407.92"
ID13698,18-Jan-2026,Charge,0.00,394.30,"78,179.56"
ID13698,26-Feb-2026,Payment,989.59,0.00,"17,947.94"
ID13698,15-Mar-2026,Payment,638.28,0.00,"93,630.08"
ID13698,07-Mar-2026,Debit Card,0.00,463.59,"35,628.95"
ID13699,01-Feb-2026,Debit Card,0.00,457.29,"72,471.75"
ID13699,15-Jan-2026,Reversal,0.00,833.78,"55,644.61"
ID13699,27-Mar-2026,ATM Withdrawal,0.00,656.13,"77,058.34"
ID13699,13-Mar-2026,ATM Withdrawal,0.00,545.41,"67,609.75"
ID13699,21-Mar-2026,Debit Card,0.00,340.12,"77,441.85"
ID13699,10-Mar-2026,Payment,0.00,339.26,"80,275.66"
ID13699,25-Feb-2026,Charge,0.00,900.42,"60,142.25"
ID13699,27-Feb-2026,Direct Deposit,"4,275.53",0.00,"79,926.85"
ID13699,19-Jan-2026,Interest,255.15,0.00,"92,827.94"
ID13699,18-Jan-2026,Payment,0.00,126.22,"69,781.04"
ID13699,12-Feb-2026,Payment,"1,708.31",0.00,"38,976.58"
ID13699,09-Jan-2026,Payment,849.93,0.00,"80,917.60"
ID13699,22-Feb-2026,Charge,0.00,232.93,"58,623.34"
ID13699,19-Jan-2026,Transfer,"1,823.80",0.00,"85,134.67"
ID13699,23-Mar-2026,ATM Withdrawal,0.00,229.47,"72,012.07"
ID13699,17-Feb-2026,Payment,"1,605.04",0.00,"28,158.88"
ID13699,01-Feb-2026,Interest,377.00,0.00,"37,302.10"
ID13699,22-Jan-2026,Transfer,0.00,"1,387.79","28,417.85"
ID13699,22-Mar-2026,ATM Withdrawal,0.00,639.92,"56,988.29"
ID13699,07-Feb-2026,Debit Card,0.00,156.17,"89,671.76"
ID13700,13-Jan-2026,Payment,"1,474.94",0.00,"30,757.24"
ID13700,26-Feb-2026,Debit Card,0.00,992.01,"55,382.46"
ID13700,08-Jan-2026,Charge,0.00,870.06,"91,258.26"
ID13700,24-Feb-2026,Interest,226.40,0.00,"21,637.24"
ID13700,18-Jan-2026,ATM Withdrawal,0.00,546.30,"92,919.55"
ID13700,24-Jan-2026,Direct Deposit,"1,688.99",0.00,"39,251.09"
ID13700,20-Jan-2026,Transfer,977.68,0.00,"96,651.30"
ID13700,11-Jan-2026,Interest,113.40,0.00,"52,016.46"
ID13700,17-Mar-2026,Payment,0.00,340.55,"22,073.20"
ID13700,10-Feb-2026,Charge,0.00,563.26,"46,607.22"
ID13700,16-Mar-2026,Debit Card,0.00,920.76,"35,379.92"
ID13700,13-Jan-2026,Transfer,"1,327.17",0.00,"2,734.29"
ID13700,22-Mar-2026,Direct Deposit,"1,944.71",0.00,"34,247.11"
ID13700,11-Mar-2026,Direct Deposit,"1,640.72",0.00,"60,474.36"
ID13700,10-Feb-2026,Transfer,722.67,0.00,"70,040.37"
ID13700,09-Feb-2026,Transfer,0.00,329.39,"23,477.62"
ID13700,24-Mar-2026,Reversal,"1,281.81",0.00,"28,928.21"
ID13700,22-Mar-2026,Interest,217.13,0.00,"30,295.08"
ID13700,02-Apr-2026,Payment,"1,058.83",0.00,"9,822.77"
ID13700,24-Feb-2026,Interest,193.77,0.00,"29,189.46"
ID13701,03-Apr-2026,Reversal,0.00,744.81,"20,792.83"
ID13701,04-Feb-2026,Direct Deposit,"1,838.54",0.00,"48,360.37"
ID13701,20-Jan-2026,Reversal,0.00,504.41,"92,242.10"
ID13701,12-Feb-2026,Interest,179.05,0.00,"85,908.56"
ID13701,09-Feb-2026,Payment,"1,840.76",0.00,"75,047.93"
ID13701,07-Jan-2026,ATM Withdrawal,0.00,195.75,"7,245.95"
ID13701,16-Mar-2026,Payment,0.00,369.69,"35,548.09"
ID13701,30-Mar-2026,Reversal,"1,310.29",0.00,"29,339.78"
ID13701,09-Jan-2026,Debit Card,0.00,341.07,"42,219.74"
ID13701,15-Jan-2026,Direct Deposit,"1,617.09",0.00,"60,773.66"
ID13701,09-Jan-2026,ATM Withdrawal,0.00,145.87,"73,709.21"
ID13701,30-Jan-2026,Charge,0.00,284.18,"69,513.73"
ID13701,09-Mar-2026,Reversal,"1,147.52",0.00,"59,129.68"
ID13701,02-Apr-2026,Direct Deposit,"2,833.60",0.00,"73,096.21"
ID13701,23-Mar-2026,Transfer,0.00,326.47,"33,792.14"
ID13701,31-Jan-2026,Payment,426.49,0.00,"3,272.59"
ID13701,15-Feb-2026,Interest,235.79,0.00,"35,875.83"
ID13701,12-Mar-2026,Debit Card,0.00,803.05,"13,405.51"
ID13701,08-Mar-2026,Charge,0.00,566.21,"17,862.56"
ID13701,02-Feb-2026,Direct Deposit,"4,665.69",0.00,"30,822.27"
ID13702,07-Mar-2026,Direct Deposit,"3,551.67",0.00,"75,118.86"
ID13702,06-Jan-2026,Charge,0.00,400.97,"24,705.01"
ID13702,20-Feb-2026,Transfer,166.82,0.00,"83,146.97"
ID13702,12-Mar-2026,Direct Deposit,"2,285.88",0.00,"47,326.46"
ID13702,11-Feb-2026,Reversal,0.00,383.37,"74,674.34"
ID13702,21-Feb-2026,Payment,0.00,895.36,"43,542.04"
ID13702,17-Mar-2026,Direct Deposit,"4,187.46",0.00,"29,027.82"
ID13702,21-Feb-2026,ATM Withdrawal,0.00,985.74,"61,793.29"
ID13702,19-Feb-2026,Reversal,0.00,390.06,"2,787.58"
ID13702,06-Feb-2026,Interest,124.42,0.00,"74,751.23"
ID13702,28-Mar-2026,Debit Card,0.00,408.14,"72,420.64"
ID13702,25-Feb-2026,Interest,489.70,0.00,"60,983.25"
ID13702,28-Feb-2026,Debit Card,0.00,144.65,"84,497.77"
ID13702,25-Mar-2026,ATM Withdrawal,0.00,852.51,"21,695.93"
ID13702,24-Mar-2026,ATM Withdrawal,0.00,737.69,"5,425.64"
ID13702,20-Jan-2026,ATM Withdrawal,0.00,51.25,"75,758.14"
ID13702,02-Mar-2026,Reversal,170.99,0.00,"64,082.36"
ID13702,02-Mar-2026,Debit Card,0.00,395.20,"17,024.75"
ID13702,18-Feb-2026,ATM Withdrawal,0.00,318.66,"42,800.08"
ID13702,05-Mar-2026,Direct Deposit,837.17,0.00,"89,498.59"
ID13703,27-Feb-2026,Debit Card,0.00,915.90,"92,816.27"
ID13703,07-Mar-2026,ATM Withdrawal,0.00,138.04,"9,527.73"
ID13703,24-Jan-2026,Charge,0.00,538.83,"23,009.60"
ID13703,10-Jan-2026,Debit Card,0.00,270.06,"25,870.43"
ID13703,02-Feb-2026,Interest,50.01,0.00,"92,728.74"
ID13703,08-Feb-2026,Direct Deposit,"1,195.62",0.00,"79,867.34"
ID13703,26-Feb-2026,Debit Card,0.00,325.24,"40,285.68"
ID13703,13-Mar-2026,Debit Card,0.00,599.28,"6,121.16"
ID13703,28-Feb-2026,Reversal,0.00,"1,340.24","37,804.28"
ID13703,19-Feb-2026,Interest,131.78,0.00,"57,873.95"
ID13703,31-Mar-2026,Charge,0.00,329.05,"26,687.69"
ID13703,19-Feb-2026,Debit Card,0.00,135.73,"64,955.51"
ID13703,24-Feb-2026,Debit Card,0.00,295.05,"25,877.45"
ID13703,11-Mar-2026,ATM Withdrawal,0.00,461.10,"58,821.67"
ID13703,19-Feb-2026,Reversal,883.26,0.00,"61,937.16"
ID13703,27-Feb-2026,Debit Card,0.00,674.76,"94,477.95"
ID13703,26-Feb-2026,Payment,"1,599.46",0.00,"55,582.09"
ID13703,22-Feb-2026,Direct Deposit,"3,791.69",0.00,"52,116.73"
ID13703,09-Jan-2026,Charge,0.00,909.32,"26,682.46"
ID13703,03-Feb-2026,Payment,0.00,"1,181.46","67,872.69"
ID13704,14-Mar-2026,Reversal,0.00,988.34,"53,364.50"
ID13704,30-Jan-2026,Payment,"1,008.63",0.00,"16,645.49"
ID13704,18-Jan-2026,Reversal,322.87,0.00,"25,173.35"
ID13704,20-Jan-2026,Direct Deposit,"4,737.72",0.00,"34,574.19"
ID13704,24-Mar-2026,Interest,173.86,0.00,"64,596.52"
ID13704,10-Feb-2026,ATM Withdrawal,0.00,102.16,"59,629.27"
ID13704,10-Mar-2026,ATM Withdrawal,0.00,983.59,"55,181.69"
ID13704,02-Mar-2026,Payment,0.00,985.18,"38,197.70"
ID13704,21-Jan-2026,Payment,0.00,846.51,"3,413.27"
ID13704,13-Mar-2026,Transfer,0.00,447.65,"54,290.50"
ID13704,01-Apr-2026,Interest,466.12,0.00,"23,996.21"
ID13704,16-Jan-2026,Interest,243.34,0.00,"32,900.20"
ID13704,29-Jan-2026,Interest,335.49,0.00,"92,227.48"
ID13704,12-Mar-2026,Charge,0.00,30.99,"35,879.33"
ID13704,06-Feb-2026,Debit Card,0.00,253.42,"57,307.00"
ID13704,22-Jan-2026,Payment,"1,532.41",0.00,"79,734.61"
ID13704,15-Mar-2026,Transfer,0.00,235.13,"33,712.38"
ID13704,22-Jan-2026,Transfer,"1,421.76",0.00,"73,681.14"
ID13704,30-Mar-2026,Direct Deposit,819.20,0.00,"37,251.63"
ID13704,25-Jan-2026,Transfer,"1,704.14",0.00,"92,976.81"
ID13705,23-Jan-2026,Direct Deposit,"4,309.54",0.00,"97,755.72"
ID13705,26-Jan-2026,Interest,164.69,0.00,"56,466.08"
ID13705,03-Jan-2026,Debit Card,0.00,21.64,"39,218.03"
ID13705,26-Jan-2026,Reversal,0.00,736.28,"98,751.30"
ID13705,02-Mar-2026,ATM Withdrawal,0.00,89.74,"6,708.68"
ID13705,05-Feb-2026,Direct Deposit,"2,000.71",0.00,"26,283.55"
ID13705,05-Mar-2026,Charge,0.00,988.70,"66,436.79"
ID13705,22-Mar-2026,Direct Deposit,"2,455.02",0.00,"18,459.11"
ID13705,23-Mar-2026,Direct Deposit,"2,505.42",0.00,"46,789.47"
ID13705,06-Jan-2026,Reversal,"1,964.98",0.00,"15,710.13"
ID13705,24-Feb-2026,Payment,628.27,0.00,"79,395.15"
ID13705,20-Feb-2026,Direct Deposit,"4,591.71",0.00,"93,777.74"
ID13705,10-Feb-2026,Reversal,278.35,0.00,"50,697.35"
ID13705,22-Mar-2026,Charge,0.00,12.10,"68,905.43"
ID13705,10-Jan-2026,Direct Deposit,"1,974.99",0.00,"54,313.00"
ID13705,18-Jan-2026,Interest,105.84,0.00,"25,475.03"
ID13705,19-Mar-2026,Interest,301.05,0.00,"43,051.56"
ID13705,23-Mar-2026,ATM Withdrawal,0.00,345.89,"27,549.55"
ID13705,30-Jan-2026,Direct Deposit,"1,324.18",0.00,"28,226.01"
ID13705,22-Jan-2026,Reversal,0.00,393.80,"93,724.58"
ID13706,05-Feb-2026,Reversal,0.00,90.28,"53,754.00"
ID13706,21-Jan-2026,Interest,78.79,0.00,"36,553.08"
ID13706,26-Feb-2026,Payment,0.00,573.69,"45,018.10"
ID13706,18-Feb-2026,Transfer,"1,235.41",0.00,"24,599.38"
ID13706,25-Mar-2026,Direct Deposit,"1,051.05",0.00,"88,202.07"
ID13706,07-Mar-2026,Reversal,0.00,661.62,"89,940.40"
ID13706,22-Feb-2026,Interest,17.63,0.00,"35,125.72"
ID13706,11-Mar-2026,Charge,0.00,887.09,"35,071.83"
ID13706,12-Feb-2026,Payment,0.00,853.34,"50,230.84"
ID13706,18-Mar-2026,Transfer,0.00,895.95,"47,230.87"
ID13706,03-Jan-2026,Payment,224.76,0.00,"61,205.24"
ID13706,14-Feb-2026,Interest,294.84,0.00,"87,085.62"
ID13706,23-Feb-2026,Payment,0.00,227.13,"55,031.97"
ID13706,07-Mar-2026,Transfer,"1,525.96",0.00,"68,978.05"
ID13706,17-Jan-2026,Transfer,0.00,266.00,"3,099.37"
ID13706,19-Mar-2026,Charge,0.00,533.79,"6,467.24"
ID13706,03-Jan-2026,Payment,0.00,306.98,"46,799.41"
ID13706,26-Jan-2026,Transfer,0.00,945.03,"34,473.03"
ID13706,21-Mar-2026,ATM Withdrawal,0.00,560.12,"72,547.85"
ID13706,05-Jan-2026,ATM Withdrawal,0.00,495.71,"20,303.53"
ID13707,26-Feb-2026,Reversal,0.00,356.85,"13,269.39"
ID13707,22-Feb-2026,Interest,262.07,0.00,"56,947.20"
ID13707,17-Jan-2026,Interest,447.70,0.00,"82,481.28"
ID13707,22-Jan-2026,Direct Deposit,"4,801.26",0.00,"61,518.81"
ID13707,23-Mar-2026,Interest,62.15,0.00,"36,372.71"
ID13707,15-Feb-2026,Interest,89.05,0.00,"25,278.86"
ID13707,20-Mar-2026,Transfer,0.00,"1,029.84","91,100.30"
ID13707,02-Feb-2026,Direct Deposit,"4,362.55",0.00,"22,066.36"
ID13707,26-Jan-2026,Payment,354.74,0.00,"98,919.41"
ID13707,15-Feb-2026,Transfer,"1,358.35",0.00,"32,079.39"
ID13707,06-Mar-2026,ATM Withdrawal,0.00,889.29,"61,105.26"
ID13707,29-Jan-2026,Debit Card,0.00,162.99,"24,960.37"
ID13707,19-Jan-2026,Payment,0.00,949.32,"13,975.00"
ID13707,21-Mar-2026,Transfer,0.00,296.05,"82,517.13"
ID13707,24-Jan-2026,Debit Card,0.00,522.83,"44,662.19"
ID13707,26-Jan-2026,Direct Deposit,"1,555.52",0.00,"67,915.66"
ID13707,21-Feb-2026,Transfer,0.00,126.73,"5,733.61"
ID13707,18-Jan-2026,Charge,0.00,831.24,"35,669.45"
ID13707,13-Mar-2026,Charge,0.00,348.02,"45,934.89"
ID13707,09-Mar-2026,Direct Deposit,"4,887.82",0.00,"88,445.64"
ID13708,23-Feb-2026,Direct Deposit,"1,643.34",0.00,"40,098.88"
ID13708,02-Apr-2026,Direct Deposit,"1,699.76",0.00,"64,011.52"
ID13708,01-Apr-2026,Payment,977.93,0.00,"82,615.41"
ID13708,22-Feb-2026,ATM Withdrawal,0.00,632.37,"90,942.64"
ID13708,28-Jan-2026,Interest,54.11,0.00,"46,713.47"
ID13708,04-Feb-2026,Charge,0.00,673.78,"82,462.52"
ID13708,01-Apr-2026,Reversal,0.00,"1,224.85","18,877.11"
ID13708,19-Feb-2026,Reversal,0.00,353.48,"63,126.98"
ID13708,17-Feb-2026,ATM Withdrawal,0.00,663.48,"68,541.22"
ID13708,26-Mar-2026,Transfer,0.00,592.17,"36,593.92"
ID13708,27-Feb-2026,Interest,264.27,0.00,"2,937.62"
ID13708,09-Feb-2026,Transfer,0.00,996.06,"86,527.77"
ID13708,03-Mar-2026,Payment,"1,260.19",0.00,"43,751.91"
ID13708,11-Feb-2026,Direct Deposit,"4,369.42",0.00,"50,581.17"
ID13708,24-Jan-2026,Transfer,0.00,402.04,"15,707.26"
ID13708,15-Feb-2026,Transfer,0.00,70.87,"83,617.87"
ID13708,10-Feb-2026,Reversal,0.00,523.94,"72,292.44"
ID13708,06-Feb-2026,Direct Deposit,"4,229.45",0.00,"6,352.88"
ID13708,06-Mar-2026,Debit Card,0.00,108.38,"59,769.54"
ID13708,18-Jan-2026,Payment,0.00,516.71,"66,149.60"
ID13709,16-Jan-2026,ATM Withdrawal,0.00,567.53,"49,594.18"
ID13709,27-Mar-2026,Debit Card,0.00,546.50,"79,344.90"
ID13709,23-Feb-2026,Direct Deposit,"3,423.93",0.00,"75,575.28"
ID13709,23-Mar-2026,Charge,0.00,588.05,"11,701.37"
ID13709,28-Feb-2026,Charge,0.00,890.66,"77,778.17"
ID13709,24-Jan-2026,Transfer,139.01,0.00,"5,990.81"
ID13709,17-Feb-2026,Interest,267.56,0.00,"94,599.21"
ID13709,27-Feb-2026,Interest,409.34,0.00,"79,955.48"
ID13709,23-Jan-2026,Direct Deposit,"4,205.02",0.00,"43,357.22"
ID13709,24-Jan-2026,Interest,487.57,0.00,"37,017.18"
ID13709,22-Jan-2026,Direct Deposit,"2,838.04",0.00,"41,139.18"
ID13709,26-Jan-2026,Payment,0.00,683.65,"75,724.39"
ID13709,24-Mar-2026,ATM Withdrawal,0.00,713.71,"25,932.78"
ID13709,31-Mar-2026,Interest,295.64,0.00,"47,204.79"
ID13709,15-Jan-2026,Transfer,468.71,0.00,"47,873.18"
ID13709,06-Jan-2026,Reversal,"1,242.32",0.00,"97,869.63"
ID13709,03-Jan-2026,Interest,140.42,0.00,"6,801.55"
ID13709,16-Feb-2026,Debit Card,0.00,113.27,"81,780.49"
ID13709,18-Mar-2026,Debit Card,0.00,610.38,"90,891.73"
ID13709,20-Feb-2026,Reversal,0.00,646.02,"72,293.38"
ID13710,25-Feb-2026,Interest,334.28,0.00,"34,482.95"
ID13710,19-Mar-2026,Payment,0.00,"1,428.52","2,587.39"
ID13710,22-Mar-2026,Charge,0.00,324.46,"4,208.07"
ID13710,04-Feb-2026,Interest,364.19,0.00,"58,403.98"
ID13710,01-Mar-2026,Payment,736.20,0.00,"21,136.71"
ID13710,07-Jan-2026,Transfer,"1,783.19",0.00,"7,038.51"
ID13710,31-Jan-2026,ATM Withdrawal,0.00,632.67,"88,327.96"
ID13710,11-Mar-2026,Charge,0.00,730.89,"25,419.76"
ID13710,22-Jan-2026,Interest,305.72,0.00,"13,013.68"
ID13710,06-Mar-2026,Interest,195.64,0.00,"2,714.06"
ID13710,11-Mar-2026,Debit Card,0.00,929.35,"85,551.58"
ID13710,27-Feb-2026,ATM Withdrawal,0.00,992.40,"81,072.48"
ID13710,28-Jan-2026,Charge,0.00,776.13,"38,915.59"
ID13710,30-Mar-2026,Debit Card,0.00,141.36,"18,736.38"
ID13710,01-Mar-2026,Debit Card,0.00,763.35,"65,028.84"
ID13710,15-Mar-2026,Debit Card,0.00,281.35,"84,275.65"
ID13710,08-Jan-2026,Charge,0.00,994.78,"21,646.97"
ID13710,31-Jan-2026,Payment,"1,546.56",0.00,"87,281.73"
ID13710,11-Jan-2026,Debit Card,0.00,418.82,"39,806.23"
ID13710,08-Feb-2026,Interest,492.34,0.00,"26,801.19"
ID13711,21-Mar-2026,Transfer,918.00,0.00,"96,385.01"
ID13711,18-Jan-2026,Transfer,0.00,"1,073.51","80,609.33"
ID13711,25-Mar-2026,Payment,0.00,300.32,"39,093.10"
ID13711,08-Mar-2026,Direct Deposit,"2,811.38",0.00,"54,448.62"
ID13711,15-Mar-2026,Charge,0.00,617.95,"77,548.85"
ID13711,09-Mar-2026,Debit Card,0.00,640.61,"43,615.23"
ID13711,21-Jan-2026,Direct Deposit,"3,064.45",0.00,"12,718.10"
ID13711,27-Feb-2026,Interest,115.75,0.00,"70,910.58"
ID13711,26-Jan-2026,Payment,0.00,"1,215.06","25,644.25"
ID13711,25-Jan-2026,Reversal,0.00,263.64,"94,102.04"
ID13711,18-Feb-2026,Transfer,0.00,"1,354.76","58,365.63"
ID13711,11-Jan-2026,ATM Withdrawal,0.00,272.83,"75,525.16"
ID13711,22-Mar-2026,Direct Deposit,"2,455.29",0.00,"14,441.14"
ID13711,15-Mar-2026,ATM Withdrawal,0.00,901.92,"58,272.68"
ID13711,12-Mar-2026,Direct Deposit,"2,452.16",0.00,"22,285.98"
ID13711,04-Feb-2026,ATM Withdrawal,0.00,765.79,"5,979.35"
ID13711,22-Mar-2026,Charge,0.00,914.37,"33,773.13"
ID13711,18-Feb-2026,Debit Card,0.00,586.04,"33,138.34"
ID13711,12-Mar-2026,Reversal,0.00,812.05,"11,856.98"
ID13711,24-Jan-2026,Debit Card,0.00,344.62,"47,260.13"
ID13712,31-Jan-2026,Debit Card,0.00,783.04,"4,431.96"
ID13712,26-Mar-2026,Direct Deposit,"3,247.11",0.00,"39,098.27"
ID13712,19-Feb-2026,Direct Deposit,"3,132.12",0.00,"82,635.28"
ID13712,13-Mar-2026,Charge,0.00,854.07,"92,648.45"
ID13712,03-Mar-2026,Debit Card,0.00,985.43,"28,861.68"
ID13712,07-Mar-2026,Transfer,813.44,0.00,"87,657.98"
ID13712,19-Feb-2026,Charge,0.00,578.34,"12,020.48"
ID13712,26-Jan-2026,Reversal,0.00,677.75,"34,276.51"
ID13712,08-Feb-2026,Charge,0.00,241.74,"92,627.06"
ID13712,28-Feb-2026,Transfer,0.00,316.32,"9,238.05"
ID13712,25-Mar-2026,Direct Deposit,566.59,0.00,"13,455.22"
ID13712,08-Jan-2026,Interest,306.27,0.00,"78,064.32"
ID13712,16-Feb-2026,Interest,223.62,0.00,"44,051.02"
ID13712,13-Mar-2026,Charge,0.00,179.42,"83,647.14"
ID13712,11-Mar-2026,Reversal,"1,619.13",0.00,"94,663.86"
ID13712,29-Mar-2026,Debit Card,0.00,744.45,"28,369.60"
ID13712,11-Feb-2026,Reversal,0.00,"1,288.72","9,654.39"
ID13712,05-Jan-2026,Transfer,0.00,452.90,"94,030.56"
ID13712,19-Mar-2026,Direct Deposit,"3,111.18",0.00,"73,167.86"
ID13712,04-Jan-2026,Interest,231.70,0.00,"68,802.36"
ID13713,30-Jan-2026,Interest,204.16,0.00,"93,468.30"
ID13713,05-Jan-2026,Charge,0.00,344.75,"67,719.38"
ID13713,02-Mar-2026,ATM Withdrawal,0.00,432.99,"83,548.01"
ID13713,01-Mar-2026,Direct Deposit,"1,100.90",0.00,"18,349.02"
ID13713,19-Mar-2026,Interest,25.72,0.00,"27,254.16"
ID13713,15-Jan-2026,Charge,0.00,18.87,"87,099.84"
ID13713,15-Jan-2026,Payment,"1,176.88",0.00,"20,527.80"
ID13713,01-Feb-2026,Charge,0.00,662.66,"30,146.59"
ID13713,25-Jan-2026,Reversal,0.00,405.69,"37,572.32"
ID13713,29-Jan-2026,Interest,77.23,0.00,"17,474.84"
ID13713,19-Jan-2026,Debit Card,0.00,694.89,"64,141.46"
ID13713,26-Jan-2026,Interest,173.05,0.00,"30,182.25"
ID13713,10-Mar-2026,Reversal,641.49,0.00,"44,737.62"
ID13713,31-Mar-2026,Transfer,"1,125.39",0.00,"30,696.46"
ID13713,07-Mar-2026,Transfer,744.01,0.00,"20,673.41"
ID13713,26-Mar-2026,Interest,321.16,0.00,"72,526.16"
ID13713,22-Jan-2026,Interest,488.45,0.00,"17,175.85"
ID13713,25-Jan-2026,Debit Card,0.00,136.59,"15,266.92"
ID13713,03-Apr-2026,Reversal,0.00,700.48,"66,706.53"
ID13713,03-Apr-2026,Payment,"1,301.05",0.00,"77,048.93"
ID13714,03-Feb-2026,Charge,0.00,304.08,"45,885.31"
ID13714,19-Feb-2026,Direct Deposit,"4,584.21",0.00,"93,821.73"
ID13714,15-Feb-2026,Direct Deposit,"2,921.62",0.00,"58,023.52"
ID13714,04-Jan-2026,Transfer,"1,092.25",0.00,"42,105.21"
ID13714,18-Jan-2026,ATM Withdrawal,0.00,664.69,"55,717.40"
ID13714,09-Mar-2026,ATM Withdrawal,0.00,993.43,"58,104.79"
ID13714,04-Feb-2026,Transfer,0.00,552.80,"55,289.10"
ID13714,12-Feb-2026,ATM Withdrawal,0.00,241.73,"85,195.17"
ID13714,29-Jan-2026,Interest,160.95,0.00,"18,376.10"
ID13714,17-Jan-2026,Reversal,0.00,"1,487.98","51,435.55"
ID13714,20-Mar-2026,Direct Deposit,"1,370.97",0.00,"15,858.63"
ID13714,26-Mar-2026,Debit Card,0.00,407.21,"73,865.50"
ID13714,31-Jan-2026,Reversal,152.43,0.00,"9,018.30"
ID13714,07-Feb-2026,Interest,349.95,0.00,"53,961.36"
ID13714,02-Mar-2026,Charge,0.00,899.77,"33,168.81"
ID13714,18-Mar-2026,Charge,0.00,649.18,"68,738.05"
ID13714,17-Feb-2026,Debit Card,0.00,598.27,"88,257.03"
ID13714,27-Jan-2026,Payment,0.00,363.64,"7,478.57"
ID13714,08-Mar-2026,Direct Deposit,"4,674.41",0.00,"42,313.38"
ID13714,08-Jan-2026,Transfer,0.00,190.64,"47,185.45"
ID13715,03-Feb-2026,Reversal,"1,432.12",0.00,"9,145.21"
ID13715,17-Mar-2026,Reversal,842.93,0.00,"89,614.46"
ID13715,27-Feb-2026,Debit Card,0.00,113.71,"70,044.93"
ID13715,23-Jan-2026,Direct Deposit,"1,939.39",0.00,"19,083.28"
ID13715,03-Feb-2026,ATM Withdrawal,0.00,528.48,"15,360.58"
ID13715,24-Mar-2026,Direct Deposit,"4,288.06",0.00,"56,024.22"
ID13715,26-Jan-2026,Interest,26.72,0.00,"96,478.87"
ID13715,09-Mar-2026,Charge,0.00,66.02,"51,140.76"
ID13715,27-Feb-2026,Interest,478.59,0.00,"58,677.92"
ID13715,27-Jan-2026,Debit Card,0.00,336.90,"35,151.88"
ID13715,18-Feb-2026,Charge,0.00,434.65,"65,611.88"
ID13715,01-Mar-2026,Transfer,881.23,0.00,"63,969.79"
ID13715,30-Mar-2026,Charge,0.00,206.30,"20,727.49"
ID13715,08-Jan-2026,Charge,0.00,807.93,"94,055.63"
ID13715,03-Feb-2026,Transfer,697.53,0.00,"62,424.04"
ID13715,03-Feb-2026,Reversal,0.00,"1,140.10","17,888.83"
ID13715,06-Feb-2026,Transfer,0.00,511.68,"52,465.18"
ID13715,13-Jan-2026,Direct Deposit,"1,888.51",0.00,"17,520.59"
ID13715,11-Jan-2026,Direct Deposit,986.07,0.00,"37,803.57"
ID13715,24-Mar-2026,Payment,0.00,"1,131.41","13,587.34"
ID13716,26-Jan-2026,Charge,0.00,941.23,"71,891.80"
ID13716,05-Jan-2026,Debit Card,0.00,491.79,"48,522.10"
ID13716,17-Jan-2026,Payment,0.00,417.66,"77,757.79"
ID13716,12-Feb-2026,Payment,0.00,360.59,"37,656.06"
ID13716,05-Feb-2026,Transfer,"1,877.92",0.00,"25,698.20"
ID13716,10-Feb-2026,Interest,426.34,0.00,"12,687.80"
ID13716,05-Mar-2026,Debit Card,0.00,742.66,"17,195.94"
ID13716,22-Mar-2026,Interest,195.56,0.00,"69,592.34"
ID13716,03-Mar-2026,Payment,"1,821.65",0.00,"45,021.33"
ID13716,14-Feb-2026,Direct Deposit,"3,114.50",0.00,"47,531.21"
ID13716,05-Mar-2026,Interest,365.14,0.00,"14,059.42"
ID13716,22-Mar-2026,Direct Deposit,"1,236.66",0.00,"9,455.48"
ID13716,05-Feb-2026,Interest,346.57,0.00,"87,365.23"
ID13716,18-Jan-2026,ATM Withdrawal,0.00,820.40,"10,506.54"
ID13716,24-Mar-2026,Direct Deposit,"2,608.51",0.00,"46,947.74"
ID13716,18-Feb-2026,Charge,0.00,294.12,"62,074.99"
ID13716,15-Feb-2026,Reversal,"1,860.03",0.00,"89,823.91"
ID13716,13-Jan-2026,Payment,0.00,555.43,"94,185.96"
ID13716,21-Jan-2026,Interest,374.96,0.00,"74,796.21"
ID13716,18-Mar-2026,Payment,0.00,"1,254.10","89,876.78"
ID13717,22-Mar-2026,Reversal,"1,876.23",0.00,"35,572.55"
ID13717,18-Mar-2026,Transfer,0.00,771.48,"4,472.14"
ID13717,03-Jan-2026,Direct Deposit,"3,635.41",0.00,"3,239.00"
ID13717,17-Jan-2026,Interest,128.35,0.00,"43,648.42"
ID13717,03-Mar-2026,Reversal,0.00,421.38,"94,125.97"
ID13717,04-Jan-2026,ATM Withdrawal,0.00,845.11,"22,083.70"
ID13717,15-Jan-2026,Interest,466.03,0.00,"33,523.41"
ID13717,26-Jan-2026,Reversal,0.00,817.33,"74,344.70"
ID13717,20-Mar-2026,Transfer,"1,579.27",0.00,"74,366.93"
ID13717,12-Mar-2026,Direct Deposit,"1,756.90",0.00,"90,757.04"
ID13717,02-Feb-2026,Interest,377.41,0.00,"92,265.24"
ID13717,25-Feb-2026,Reversal,0.00,"1,494.45","83,377.31"
ID13717,18-Mar-2026,Direct Deposit,"1,922.74",0.00,"79,846.99"
ID13717,26-Mar-2026,Transfer,0.00,345.80,"32,190.64"
ID13717,15-Jan-2026,Interest,490.35,0.00,"6,084.15"
ID13717,27-Jan-2026,Charge,0.00,482.44,"21,581.09"
ID13717,05-Feb-2026,Direct Deposit,"2,876.37",0.00,"12,685.17"
ID13717,14-Mar-2026,Interest,138.02,0.00,"69,192.95"
ID13717,17-Mar-2026,Charge,0.00,962.78,"9,609.35"
ID13717,28-Feb-2026,Debit Card,0.00,540.64,"75,117.97"
ID13718,12-Jan-2026,Reversal,0.00,"1,072.12","87,108.47"
ID13718,15-Feb-2026,Direct Deposit,"4,155.69",0.00,"97,159.86"
ID13718,08-Jan-2026,ATM Withdrawal,0.00,530.07,"65,293.32"
ID13718,09-Feb-2026,Direct Deposit,"4,708.72",0.00,"94,732.43"
ID13718,27-Mar-2026,Reversal,"1,224.79",0.00,"50,861.28"
ID13718,14-Jan-2026,Debit Card,0.00,468.87,"16,801.72"
ID13718,07-Jan-2026,Direct Deposit,"1,810.92",0.00,"50,902.88"
ID13718,03-Apr-2026,Direct Deposit,"4,142.54",0.00,"58,316.54"
ID13718,13-Feb-2026,Debit Card,0.00,288.43,"73,812.01"
ID13718,15-Jan-2026,Interest,41.11,0.00,"95,971.08"
ID13718,03-Apr-2026,Direct Deposit,"2,341.83",0.00,"56,571.70"
ID13718,14-Jan-2026,Reversal,"1,636.47",0.00,"53,149.92"
ID13718,12-Jan-2026,Payment,0.00,"1,222.29","32,103.95"
ID13718,31-Jan-2026,Transfer,841.73,0.00,"87,852.41"
ID13718,17-Jan-2026,Charge,0.00,569.05,"38,196.25"
ID13718,19-Jan-2026,Transfer,0.00,146.53,"78,132.72"
ID13718,18-Feb-2026,Interest,117.76,0.00,"89,775.58"
ID13718,27-Jan-2026,Charge,0.00,86.52,"96,840.89"
ID13718,15-Jan-2026,Reversal,0.00,831.81,"98,378.07"
ID13718,07-Mar-2026,Reversal,0.00,"1,320.85","38,276.27"
ID13719,24-Feb-2026,Reversal,0.00,876.49,"63,710.67"
ID13719,27-Jan-2026,Transfer,0.00,"1,098.49","8,922.51"
ID13719,04-Jan-2026,Transfer,0.00,568.64,"63,592.11"
ID13719,10-Mar-2026,Direct Deposit,"3,274.32",0.00,"66,618.65"
ID13719,29-Mar-2026,ATM Withdrawal,0.00,566.60,"12,323.04"
ID13719,17-Jan-2026,Reversal,887.21,0.00,"10,347.84"
ID13719,22-Mar-2026,Reversal,811.14,0.00,"53,118.26"
ID13719,07-Feb-2026,Transfer,"1,721.80",0.00,"99,666.80"
ID13719,03-Jan-2026,Payment,0.00,"1,193.68","34,994.03"
ID13719,04-Mar-2026,Payment,0.00,"1,377.68","44,208.64"
ID13719,19-Feb-2026,Transfer,0.00,491.15,"26,021.94"
ID13719,08-Feb-2026,Direct Deposit,"4,816.80",0.00,"64,303.31"
ID13719,12-Mar-2026,Charge,0.00,415.80,"95,734.77"
ID13719,25-Jan-2026,Payment,0.00,"1,408.95","85,770.29"
ID13719,02-Feb-2026,ATM Withdrawal,0.00,878.66,"24,248.06"
ID13719,22-Jan-2026,ATM Withdrawal,0.00,867.72,"8,950.05"
ID13719,01-Mar-2026,Direct Deposit,632.49,0.00,"58,584.70"
ID13719,27-Jan-2026,Direct Deposit,"1,247.39",0.00,"49,429.40"
ID13719,05-Feb-2026,Debit Card,0.00,592.37,"38,379.46"
ID13719,22-Jan-2026,Payment,"1,433.57",0.00,"9,291.45"
ID13720,05-Jan-2026,Reversal,0.00,565.69,"54,019.88"
ID13720,16-Jan-2026,Debit Card,0.00,538.15,"29,237.67"
ID13720,17-Feb-2026,Charge,0.00,210.74,"41,055.22"
ID13720,14-Mar-2026,Reversal,0.00,583.37,"78,505.14"
ID13720,05-Feb-2026,Payment,"1,101.39",0.00,"55,329.42"
ID13720,13-Feb-2026,Interest,323.19,0.00,"6,255.19"
ID13720,15-Feb-2026,Payment,143.01,0.00,"21,241.01"
ID13720,22-Feb-2026,Charge,0.00,92.32,"27,607.94"
ID13720,27-Mar-2026,Transfer,0.00,"1,486.68","56,271.61"
ID13720,05-Feb-2026,Interest,193.52,0.00,"10,638.27"
ID13720,22-Jan-2026,Payment,0.00,"1,103.62","52,932.16"
ID13720,24-Feb-2026,Charge,0.00,782.71,"64,182.70"
ID13720,16-Jan-2026,Direct Deposit,"4,216.51",0.00,"49,042.08"
ID13720,28-Jan-2026,ATM Withdrawal,0.00,937.08,"94,550.02"
ID13720,24-Feb-2026,Transfer,529.95,0.00,"87,292.28"
ID13720,19-Jan-2026,Transfer,698.89,0.00,"91,864.95"
ID13720,31-Mar-2026,Transfer,0.00,330.45,"74,112.25"
ID13720,08-Feb-2026,Reversal,0.00,"1,355.76","72,101.68"
ID13720,21-Feb-2026,Debit Card,0.00,760.34,"77,992.87"
ID13720,22-Feb-2026,ATM Withdrawal,0.00,700.75,"97,319.20"
ID13721,31-Jan-2026,ATM Withdrawal,0.00,691.78,"99,421.66"
ID13721,18-Mar-2026,Charge,0.00,217.72,"28,439.29"
ID13721,15-Jan-2026,Interest,47.49,0.00,"9,326.45"
ID13721,22-Feb-2026,Payment,"1,518.41",0.00,"23,669.66"
ID13721,28-Jan-2026,Interest,234.71,0.00,"9,836.94"
ID13721,07-Jan-2026,ATM Withdrawal,0.00,274.02,"44,591.22"
ID13721,21-Feb-2026,Transfer,0.00,177.64,"55,116.44"
ID13721,08-Jan-2026,Debit Card,0.00,663.07,"4,856.61"
ID13721,16-Mar-2026,Charge,0.00,599.34,"33,342.93"
ID13721,23-Jan-2026,Direct Deposit,"4,840.25",0.00,"95,985.04"
ID13721,20-Feb-2026,Reversal,0.00,191.52,"50,744.11"
ID13721,05-Feb-2026,Interest,458.78,0.00,"37,410.93"
ID13721,29-Jan-2026,Debit Card,0.00,828.51,"25,649.70"
ID13721,06-Mar-2026,ATM Withdrawal,0.00,420.09,"55,477.96"
ID13721,26-Mar-2026,Transfer,750.19,0.00,"5,115.94"
ID13721,15-Jan-2026,Debit Card,0.00,570.30,"22,097.66"
ID13721,16-Mar-2026,Payment,847.39,0.00,"97,994.94"
ID13721,04-Jan-2026,Payment,932.67,0.00,"35,257.08"
ID13721,27-Jan-2026,ATM Withdrawal,0.00,356.62,"94,984.23"
ID13721,19-Jan-2026,Transfer,0.00,"1,358.33","90,222.52"
ID13722,13-Mar-2026,Debit Card,0.00,704.70,"70,940.80"
ID13722,21-Mar-2026,Direct Deposit,"4,695.03",0.00,"33,190.57"
ID13722,09-Mar-2026,ATM Withdrawal,0.00,11.31,"15,081.06"
ID13722,08-Jan-2026,Debit Card,0.00,728.39,"37,349.78"
ID13722,02-Apr-2026,Interest,194.39,0.00,"18,787.52"
ID13722,17-Feb-2026,Transfer,"1,617.66",0.00,"49,449.86"
ID13722,17-Mar-2026,Debit Card,0.00,744.03,"94,063.55"
ID13722,28-Feb-2026,Charge,0.00,688.43,"92,524.16"
ID13722,24-Feb-2026,Payment,0.00,518.55,"15,186.47"
ID13722,17-Mar-2026,Reversal,0.00,883.48,"27,922.54"
ID13722,18-Mar-2026,ATM Withdrawal,0.00,190.49,"19,213.70"
ID13722,28-Jan-2026,Reversal,0.00,"1,441.03","33,491.37"
ID13722,10-Jan-2026,Interest,360.78,0.00,"34,375.53"
ID13722,22-Jan-2026,Interest,308.54,0.00,"59,097.13"
ID13722,11-Feb-2026,Payment,0.00,109.69,"37,041.12"
ID13722,24-Feb-2026,Payment,0.00,219.68,"9,431.36"
ID13722,02-Apr-2026,Reversal,467.36,0.00,"1,809.57"
ID13722,08-Mar-2026,Direct Deposit,"2,943.71",0.00,"53,607.97"
ID13722,31-Mar-2026,Reversal,0.00,"1,092.34","6,947.50"
ID13722,22-Jan-2026,Interest,210.39,0.00,"82,262.06"
ID13723,02-Feb-2026,Debit Card,0.00,304.57,"69,919.62"
ID13723,29-Jan-2026,Reversal,0.00,210.54,"43,375.43"
ID13723,11-Mar-2026,Interest,294.65,0.00,"50,316.40"
ID13723,06-Jan-2026,Reversal,448.76,0.00,"51,231.10"
ID13723,01-Mar-2026,ATM Withdrawal,0.00,282.89,"43,741.75"
ID13723,29-Jan-2026,Payment,"1,207.37",0.00,"32,579.46"
ID13723,10-Jan-2026,Transfer,0.00,525.42,"40,430.34"
ID13723,19-Jan-2026,Debit Card,0.00,556.92,"2,174.54"
ID13723,01-Mar-2026,Payment,923.02,0.00,"57,858.69"
ID13723,07-Jan-2026,Reversal,"1,739.30",0.00,"37,038.68"
ID13723,03-Mar-2026,Transfer,542.36,0.00,"47,385.02"
ID13723,31-Jan-2026,Reversal,0.00,289.12,"6,420.85"
ID13723,20-Feb-2026,Reversal,0.00,336.01,"14,597.05"
ID13723,21-Feb-2026,ATM Withdrawal,0.00,540.19,"18,243.82"
ID13723,15-Jan-2026,Interest,416.15,0.00,"93,134.22"
ID13723,09-Feb-2026,Interest,105.35,0.00,"85,870.02"
ID13723,22-Jan-2026,Debit Card,0.00,581.22,"19,603.79"
ID13723,13-Jan-2026,Interest,240.04,0.00,"88,600.76"
ID13723,05-Jan-2026,ATM Withdrawal,0.00,924.08,"42,015.54"
ID13723,22-Jan-2026,Payment,0.00,418.44,"13,726.26"
ID13724,18-Mar-2026,Debit Card,0.00,927.41,"10,029.81"
ID13724,02-Mar-2026,Debit Card,0.00,311.80,"22,808.48"
ID13724,27-Mar-2026,Charge,0.00,660.14,"54,416.00"
ID13724,01-Apr-2026,Direct Deposit,"3,166.90",0.00,"98,402.06"
ID13724,11-Feb-2026,Charge,0.00,419.12,"42,663.06"
ID13724,17-Mar-2026,Debit Card,0.00,282.53,"5,795.46"
ID13724,12-Mar-2026,ATM Withdrawal,0.00,163.78,"18,166.36"
ID13724,13-Feb-2026,Payment,638.22,0.00,"21,894.74"
ID13724,12-Feb-2026,Interest,31.57,0.00,"31,426.58"
ID13724,23-Feb-2026,Reversal,"1,420.22",0.00,"74,221.78"
ID13724,22-Feb-2026,Payment,0.00,796.14,"85,790.78"
ID13724,06-Jan-2026,Reversal,697.06,0.00,"97,888.75"
ID13724,14-Jan-2026,Debit Card,0.00,247.96,"16,040.63"
ID13724,19-Mar-2026,Reversal,238.38,0.00,"36,234.75"
ID13724,17-Jan-2026,Transfer,0.00,"1,199.07","99,414.90"
ID13724,06-Jan-2026,Transfer,0.00,926.94,"85,181.44"
ID13724,03-Mar-2026,Charge,0.00,498.35,"45,559.61"
ID13724,27-Mar-2026,Payment,0.00,657.81,"47,498.59"
ID13724,30-Jan-2026,Charge,0.00,262.26,"32,519.06"
ID13724,08-Feb-2026,Charge,0.00,806.26,"38,313.98"
ID13725,17-Mar-2026,Interest,57.91,0.00,"18,912.28"
ID13725,03-Jan-2026,ATM Withdrawal,0.00,258.87,"33,884.60"
ID13725,06-Mar-2026,Interest,459.47,0.00,"66,545.36"
ID13725,31-Mar-2026,Direct Deposit,"3,840.46",0.00,"51,385.28"
ID13725,26-Jan-2026,Transfer,0.00,756.14,"47,252.73"
ID13725,08-Mar-2026,Direct Deposit,"2,442.72",0.00,"52,241.37"
ID13725,07-Jan-2026,Payment,0.00,"1,167.14","43,685.92"
ID13725,18-Jan-2026,Charge,0.00,391.85,"97,523.45"
ID13725,26-Mar-2026,Transfer,763.15,0.00,"78,733.80"
ID13725,03-Jan-2026,Transfer,0.00,"1,393.61","34,477.87"
ID13725,10-Feb-2026,Reversal,738.75,0.00,"83,507.25"
ID13725,23-Feb-2026,Transfer,564.71,0.00,"8,334.17"
ID13725,21-Jan-2026,Debit Card,0.00,975.35,"77,636.53"
ID13725,07-Jan-2026,Payment,0.00,296.94,"2,238.27"
ID13725,10-Feb-2026,Reversal,0.00,"1,160.40","15,696.64"
ID13725,15-Feb-2026,Charge,0.00,748.07,"58,660.86"
ID13725,07-Feb-2026,Reversal,351.11,0.00,"14,070.30"
ID13725,17-Mar-2026,Charge,0.00,928.68,"9,113.44"
ID13725,30-Mar-2026,Payment,"1,837.68",0.00,"21,564.17"
ID13725,15-Feb-2026,Direct Deposit,599.93,0.00,"66,847.83"
ID13726,09-Feb-2026,Payment,0.00,"1,103.06","33,800.00"
ID13726,15-Jan-2026,Direct Deposit,"4,229.64",0.00,"46,615.30"
ID13726,01-Feb-2026,ATM Withdrawal,0.00,916.90,"50,476.18"
ID13726,28-Jan-2026,Payment,"1,321.95",0.00,"35,379.44"
ID13726,06-Jan-2026,Charge,0.00,604.73,"33,452.26"
ID13726,24-Jan-2026,ATM Withdrawal,0.00,319.35,"53,698.67"
ID13726,09-Jan-2026,Transfer,"1,507.73",0.00,"1,618.98"
ID13726,03-Feb-2026,Payment,"1,294.45",0.00,"78,405.72"
ID13726,24-Jan-2026,ATM Withdrawal,0.00,847.82,"75,925.00"
ID13726,03-Apr-2026,Interest,422.18,0.00,"47,937.84"
ID13726,10-Feb-2026,Transfer,"1,997.52",0.00,"7,136.09"
ID13726,16-Feb-2026,Direct Deposit,"1,551.80",0.00,"46,765.06"
ID13726,29-Jan-2026,Payment,"1,448.43",0.00,"27,971.44"
ID13726,28-Jan-2026,Payment,"1,729.32",0.00,"41,455.03"
ID13726,09-Feb-2026,ATM Withdrawal,0.00,780.82,"70,777.92"
ID13726,17-Jan-2026,ATM Withdrawal,0.00,30.44,"3,574.19"
ID13726,24-Mar-2026,Reversal,0.00,316.54,"4,530.49"
ID13726,20-Feb-2026,Charge,0.00,769.67,"54,096.72"
ID13726,03-Apr-2026,ATM Withdrawal,0.00,38.78,"39,177.70"
ID13726,07-Jan-2026,Reversal,606.27,0.00,"51,188.57"
ID13727,02-Mar-2026,Debit Card,0.00,710.87,"83,713.20"
ID13727,11-Jan-2026,Reversal,371.35,0.00,"47,240.12"
ID13727,15-Feb-2026,Interest,51.88,0.00,"96,444.96"
ID13727,14-Mar-2026,Debit Card,0.00,60.06,"29,296.61"
ID13727,10-Feb-2026,Charge,0.00,92.14,"75,555.26"
ID13727,27-Jan-2026,ATM Withdrawal,0.00,542.68,"8,788.40"
ID13727,10-Jan-2026,Reversal,0.00,485.77,"69,704.89"
ID13727,12-Feb-2026,Reversal,0.00,"1,065.63","19,761.08"
ID13727,08-Mar-2026,Direct Deposit,"2,351.05",0.00,"3,254.08"
ID13727,19-Mar-2026,Transfer,0.00,735.36,"22,582.91"
ID13727,03-Jan-2026,Transfer,0.00,"1,096.56","86,105.68"
ID13727,11-Feb-2026,Charge,0.00,773.57,"58,028.45"
ID13727,12-Jan-2026,Payment,0.00,604.09,"48,845.32"
ID13727,28-Jan-2026,Interest,187.24,0.00,"49,682.76"
ID13727,18-Feb-2026,ATM Withdrawal,0.00,881.34,"60,598.28"
ID13727,10-Mar-2026,ATM Withdrawal,0.00,187.80,"5,113.54"
ID13727,12-Mar-2026,Payment,0.00,366.91,"81,048.71"
ID13727,25-Jan-2026,Debit Card,0.00,212.56,"31,704.22"
ID13727,19-Mar-2026,Debit Card,0.00,273.00,"38,168.64"
ID13727,25-Jan-2026,Debit Card,0.00,430.27,"80,436.54"
ID13728,11-Mar-2026,Transfer,"1,785.83",0.00,"24,557.44"
ID13728,01-Feb-2026,ATM Withdrawal,0.00,765.80,"80,500.56"
ID13728,23-Feb-2026,Reversal,"1,046.81",0.00,"99,321.59"
ID13728,23-Mar-2026,Direct Deposit,"3,137.25",0.00,"8,629.94"
ID13728,10-Mar-2026,ATM Withdrawal,0.00,76.87,"93,791.36"
ID13728,16-Feb-2026,Payment,0.00,473.75,"7,036.04"
ID13728,26-Feb-2026,Charge,0.00,503.81,"98,496.27"
ID13728,26-Jan-2026,Reversal,0.00,137.14,"66,467.79"
ID13728,06-Mar-2026,Payment,0.00,232.81,"63,274.28"
ID13728,22-Jan-2026,Interest,44.37,0.00,"98,743.29"
ID13728,21-Mar-2026,ATM Withdrawal,0.00,931.23,"39,588.73"
ID13728,12-Feb-2026,Payment,0.00,956.47,"11,497.35"
ID13728,19-Jan-2026,Interest,115.83,0.00,"60,749.14"
ID13728,09-Feb-2026,Interest,26.37,0.00,"85,471.23"
ID13728,18-Jan-2026,Charge,0.00,268.19,"30,202.97"
ID13728,18-Jan-2026,Charge,0.00,27.27,"9,327.86"
ID13728,21-Feb-2026,Reversal,"1,458.32",0.00,"81,879.24"
ID13728,16-Jan-2026,Direct Deposit,"4,903.33",0.00,"8,574.40"
ID13728,24-Jan-2026,Debit Card,0.00,578.80,"43,470.12"
ID13728,31-Jan-2026,Debit Card,0.00,958.44,"7,708.61"
ID13729,25-Mar-2026,Payment,0.00,503.29,"74,691.52"
ID13729,30-Jan-2026,Charge,0.00,75.76,"26,582.19"
ID13729,20-Jan-2026,Direct Deposit,964.82,0.00,"70,176.89"
ID13729,06-Mar-2026,Charge,0.00,530.98,"6,155.24"
ID13729,08-Mar-2026,Reversal,476.29,0.00,"41,490.81"
ID13729,12-Jan-2026,Debit Card,0.00,707.25,"10,097.57"
ID13729,08-Mar-2026,Transfer,0.00,281.93,"77,914.53"
ID13729,08-Jan-2026,Transfer,"1,903.93",0.00,"6,819.65"
ID13729,18-Feb-2026,Interest,252.95,0.00,"52,479.53"
ID13729,02-Apr-2026,Payment,0.00,451.80,"55,029.52"
ID13729,31-Jan-2026,Direct Deposit,"1,323.30",0.00,"75,930.73"
ID13729,05-Feb-2026,Transfer,0.00,636.82,"35,870.22"
ID13729,07-Mar-2026,Charge,0.00,846.89,"39,677.32"
ID13729,02-Feb-2026,Direct Deposit,"3,410.11",0.00,"58,603.14"
ID13729,20-Mar-2026,Payment,0.00,893.50,"46,836.87"
ID13729,09-Mar-2026,Direct Deposit,"2,949.41",0.00,"35,787.10"
ID13729,23-Feb-2026,Interest,462.23,0.00,"87,256.62"
ID13729,01-Apr-2026,Transfer,"1,265.12",0.00,"71,324.71"
ID13729,04-Mar-2026,Payment,0.00,"1,320.27","34,035.72"
ID13729,27-Feb-2026,Charge,0.00,946.93,"37,259.59"
ID13730,26-Feb-2026,Interest,447.53,0.00,"5,340.46"
ID13730,28-Mar-2026,Charge,0.00,47.63,"20,505.91"
ID13730,05-Feb-2026,Direct Deposit,"4,503.21",0.00,"28,196.74"
ID13730,03-Feb-2026,Transfer,263.98,0.00,"1,606.55"
ID13730,20-Jan-2026,ATM Withdrawal,0.00,489.23,"46,788.18"
ID13730,14-Mar-2026,Charge,0.00,327.04,"28,010.96"
ID13730,09-Jan-2026,Direct Deposit,"3,142.04",0.00,"66,434.77"
ID13730,18-Mar-2026,Payment,"1,655.36",0.00,"67,596.03"
ID13730,05-Jan-2026,ATM Withdrawal,0.00,656.60,"44,366.88"
ID13730,17-Jan-2026,Payment,0.00,"1,228.53","74,724.82"
ID13730,14-Mar-2026,Transfer,0.00,538.76,"54,756.83"
ID13730,11-Feb-2026,Direct Deposit,"1,010.16",0.00,"64,780.13"
ID13730,13-Jan-2026,Charge,0.00,167.51,"99,300.27"
ID13730,19-Jan-2026,Reversal,0.00,"1,465.26","68,246.30"
ID13730,05-Jan-2026,Charge,0.00,885.81,"48,104.66"
ID13730,30-Jan-2026,ATM Withdrawal,0.00,831.92,"56,760.93"
ID13730,02-Feb-2026,Transfer,138.98,0.00,"33,051.81"
ID13730,23-Mar-2026,Debit Card,0.00,862.14,"47,628.58"
ID13730,23-Mar-2026,Interest,268.61,0.00,"45,973.98"
ID13730,27-Jan-2026,Interest,120.68,0.00,"12,643.98"
ID13731,10-Jan-2026,Transfer,0.00,"1,480.63","31,674.13"
ID13731,26-Feb-2026,Debit Card,0.00,36.68,"41,125.47"
ID13731,18-Jan-2026,ATM Withdrawal,0.00,437.55,"92,695.59"
ID13731,12-Jan-2026,Debit Card,0.00,230.38,"38,050.17"
ID13731,18-Jan-2026,Debit Card,0.00,682.92,"15,325.33"
ID13731,13-Jan-2026,Interest,412.09,0.00,"96,440.15"
ID13731,26-Mar-2026,Transfer,789.62,0.00,"60,737.58"
ID13731,13-Mar-2026,ATM Withdrawal,0.00,444.20,"15,066.34"
ID13731,04-Feb-2026,Transfer,0.00,80.94,"80,956.02"
ID13731,05-Mar-2026,ATM Withdrawal,0.00,535.50,"28,771.57"
ID13731,10-Feb-2026,ATM Withdrawal,0.00,754.74,"29,620.80"
ID13731,06-Feb-2026,Reversal,0.00,"1,308.80","50,423.80"
ID13731,30-Mar-2026,Payment,754.20,0.00,"60,157.05"
ID13731,20-Mar-2026,Payment,483.19,0.00,"89,607.43"
ID13731,26-Jan-2026,Interest,104.52,0.00,"40,965.15"
ID13731,25-Mar-2026,Payment,0.00,118.13,"37,305.28"
ID13731,14-Jan-2026,Direct Deposit,593.58,0.00,"89,708.11"
ID13731,25-Jan-2026,Debit Card,0.00,909.43,"16,798.43"
ID13731,08-Jan-2026,Interest,378.04,0.00,"50,194.37"
ID13731,13-Mar-2026,Transfer,646.96,0.00,"52,535.33"
ID13732,05-Feb-2026,Payment,"1,290.47",0.00,"58,774.79"
ID13732,10-Jan-2026,Transfer,0.00,654.99,"95,602.77"
ID13732,30-Jan-2026,Reversal,"1,967.96",0.00,"99,305.14"
ID13732,05-Mar-2026,Direct Deposit,"1,048.83",0.00,"73,685.90"
ID13732,17-Jan-2026,Transfer,0.00,202.57,"38,988.04"
ID13732,26-Jan-2026,Transfer,"1,935.33",0.00,"30,772.48"
ID13732,11-Jan-2026,Reversal,0.00,281.89,"34,497.78"
ID13732,07-Mar-2026,Payment,0.00,"1,014.65","34,590.39"
ID13732,21-Jan-2026,Debit Card,0.00,662.50,"47,635.00"
ID13732,01-Mar-2026,Reversal,976.84,0.00,"24,901.57"
ID13732,01-Apr-2026,Reversal,"1,284.19",0.00,"37,048.15"
ID13732,22-Mar-2026,ATM Withdrawal,0.00,367.94,"11,893.42"
ID13732,05-Jan-2026,Debit Card,0.00,968.49,"90,442.26"
ID13732,16-Jan-2026,Debit Card,0.00,165.15,"83,297.10"
ID13732,14-Feb-2026,Interest,63.76,0.00,"42,955.77"
ID13732,27-Mar-2026,Interest,208.03,0.00,"4,161.48"
ID13732,13-Mar-2026,Transfer,0.00,611.70,"12,075.59"
ID13732,19-Mar-2026,Direct Deposit,943.43,0.00,"53,440.09"
ID13732,25-Jan-2026,Payment,0.00,184.14,"30,251.14"
ID13732,30-Mar-2026,Payment,758.99,0.00,"26,489.34"
ID13733,20-Feb-2026,Transfer,0.00,112.71,"22,832.55"
ID13733,05-Jan-2026,ATM Withdrawal,0.00,434.33,"64,379.86"
ID13733,22-Feb-2026,Transfer,174.82,0.00,"72,365.34"
ID13733,06-Feb-2026,Direct Deposit,"4,741.89",0.00,"39,995.14"
ID13733,31-Mar-2026,Debit Card,0.00,216.14,"28,719.60"
ID13733,21-Mar-2026,Charge,0.00,529.02,"76,010.39"
ID13733,06-Jan-2026,Debit Card,0.00,732.43,"64,947.96"
ID13733,14-Jan-2026,Interest,251.13,0.00,"29,584.65"
ID13733,05-Mar-2026,Transfer,0.00,"1,333.00","28,401.41"
ID13733,07-Jan-2026,Payment,"1,975.09",0.00,"54,439.66"
ID13733,28-Jan-2026,Interest,171.88,0.00,"25,025.92"
ID13733,22-Feb-2026,Reversal,"1,316.28",0.00,"31,151.51"
ID13733,01-Apr-2026,Debit Card,0.00,434.79,"86,902.06"
ID13733,12-Mar-2026,Payment,"1,032.00",0.00,"76,056.93"
ID13733,20-Feb-2026,Direct Deposit,680.11,0.00,"55,146.32"
ID13733,08-Feb-2026,Debit Card,0.00,399.07,"76,242.03"
ID13733,13-Mar-2026,Interest,190.23,0.00,"28,280.29"
ID13733,11-Feb-2026,Debit Card,0.00,742.47,"99,140.89"
ID13733,02-Mar-2026,Charge,0.00,430.69,"37,314.08"
ID13733,17-Feb-2026,Interest,274.81,0.00,"6,909.20"
ID13734,21-Mar-2026,Direct Deposit,561.80,0.00,"81,487.41"
ID13734,17-Mar-2026,Interest,116.20,0.00,"27,905.25"
ID13734,06-Jan-2026,Payment,0.00,"1,091.19","15,548.99"
ID13734,01-Apr-2026,Reversal,"1,599.54",0.00,"7,839.96"
ID13734,13-Jan-2026,Direct Deposit,"4,967.08",0.00,"45,622.51"
ID13734,10-Jan-2026,Debit Card,0.00,594.10,"42,890.53"
ID13734,20-Feb-2026,Transfer,0.00,891.94,"29,988.87"
ID13734,06-Mar-2026,Interest,400.71,0.00,"21,144.44"
ID13734,19-Mar-2026,Payment,0.00,146.20,"5,399.69"
ID13734,17-Jan-2026,Debit Card,0.00,453.19,"2,086.02"
ID13734,22-Feb-2026,Reversal,"1,956.23",0.00,"86,461.61"
ID13734,03-Jan-2026,Charge,0.00,706.79,"7,399.45"
ID13734,31-Mar-2026,Reversal,835.88,0.00,"96,395.00"
ID13734,06-Mar-2026,Charge,0.00,722.40,"16,968.49"
ID13734,21-Jan-2026,ATM Withdrawal,0.00,26.19,"47,369.10"
ID13734,26-Feb-2026,Reversal,0.00,685.48,"17,525.57"
ID13734,29-Jan-2026,Payment,0.00,764.48,"17,318.55"
ID13734,04-Feb-2026,Transfer,0.00,644.12,"28,074.54"
ID13734,25-Mar-2026,Reversal,"1,716.00",0.00,"4,292.57"
ID13734,06-Feb-2026,Reversal,"1,913.81",0.00,"60,365.56"
ID13735,20-Mar-2026,Payment,242.25,0.00,"49,002.29"
ID13735,16-Feb-2026,Payment,211.87,0.00,"4,387.67"
ID13735,05-Jan-2026,Transfer,0.00,"1,452.35","30,180.58"
ID13735,17-Jan-2026,Reversal,0.00,643.83,"42,054.75"
ID13735,06-Jan-2026,ATM Withdrawal,0.00,962.47,"27,455.34"
ID13735,27-Jan-2026,Reversal,181.15,0.00,"13,972.57"
ID13735,07-Mar-2026,Direct Deposit,"2,893.60",0.00,"14,950.75"
ID13735,07-Mar-2026,Charge,0.00,712.49,"85,874.73"
ID13735,01-Feb-2026,Interest,258.35,0.00,"26,131.98"
ID13735,06-Mar-2026,Charge,0.00,963.08,"95,755.41"
ID13735,14-Feb-2026,Payment,0.00,"1,433.04","7,600.14"
ID13735,04-Mar-2026,Transfer,"1,833.63",0.00,"62,517.71"
ID13735,24-Mar-2026,Interest,116.60,0.00,"80,147.26"
ID13735,20-Jan-2026,Direct Deposit,"4,681.44",0.00,"28,915.82"
ID13735,03-Feb-2026,Transfer,149.19,0.00,"38,125.91"
ID13735,06-Feb-2026,Direct Deposit,"4,767.48",0.00,"23,308.44"
ID13735,26-Feb-2026,Reversal,0.00,373.05,"5,390.50"
ID13735,13-Feb-2026,ATM Withdrawal,0.00,879.28,"21,077.92"
ID13735,07-Jan-2026,Reversal,"1,747.34",0.00,"58,146.76"
ID13735,01-Apr-2026,ATM Withdrawal,0.00,287.57,"25,980.45"
ID13736,16-Feb-2026,ATM Withdrawal,0.00,353.05,"58,990.45"
ID13736,18-Jan-2026,Charge,0.00,699.28,"93,321.76"
ID13736,09-Mar-2026,Interest,72.91,0.00,"50,553.98"
ID13736,03-Mar-2026,Interest,329.62,0.00,"3,203.65"
ID13736,03-Apr-2026,Transfer,0.00,"1,026.75","19,741.89"
ID13736,19-Jan-2026,Charge,0.00,953.18,"23,023.94"
ID13736,19-Jan-2026,Interest,23.97,0.00,"75,503.32"
ID13736,12-Feb-2026,Debit Card,0.00,789.98,"20,329.44"
ID13736,03-Jan-2026,Transfer,0.00,"1,321.80","25,192.02"
ID13736,19-Jan-2026,Interest,119.29,0.00,"51,875.31"
ID13736,28-Jan-2026,Direct Deposit,"3,686.32",0.00,"23,101.44"
ID13736,03-Feb-2026,Payment,0.00,"1,270.76","35,431.64"
ID13736,02-Apr-2026,Interest,204.69,0.00,"52,445.85"
ID13736,09-Mar-2026,Charge,0.00,787.07,"57,567.68"
ID13736,03-Mar-2026,Payment,0.00,"1,385.61","17,312.37"
ID13736,23-Jan-2026,Payment,366.11,0.00,"67,332.42"
ID13736,03-Feb-2026,Direct Deposit,908.18,0.00,"1,506.71"
ID13736,26-Mar-2026,Direct Deposit,"3,568.89",0.00,"9,103.71"
ID13736,04-Mar-2026,Transfer,725.65,0.00,"29,247.61"
ID13736,11-Feb-2026,Charge,0.00,910.95,"41,321.13"
ID13737,29-Mar-2026,Debit Card,0.00,681.62,"44,539.98"
ID13737,25-Jan-2026,Reversal,0.00,"1,400.49","68,598.29"
ID13737,20-Feb-2026,Transfer,"1,465.86",0.00,"20,477.09"
ID13737,10-Jan-2026,Direct Deposit,622.24,0.00,"68,254.29"
ID13737,24-Mar-2026,Payment,0.00,844.56,"62,183.44"
ID13737,24-Jan-2026,Debit Card,0.00,968.49,"16,056.18"
ID13737,06-Feb-2026,Charge,0.00,213.32,"3,974.18"
ID13737,29-Mar-2026,Payment,341.29,0.00,"70,491.96"
ID13737,11-Jan-2026,Transfer,"1,185.39",0.00,"99,267.71"
ID13737,24-Feb-2026,Direct Deposit,"1,334.43",0.00,"63,221.84"
ID13737,24-Feb-2026,Direct Deposit,"1,972.31",0.00,"95,478.29"
ID13737,31-Jan-2026,Interest,216.57,0.00,"41,353.96"
ID13737,28-Jan-2026,ATM Withdrawal,0.00,449.54,"97,246.28"
ID13737,18-Feb-2026,Charge,0.00,872.13,"83,726.19"
ID13737,05-Mar-2026,Reversal,249.98,0.00,"50,422.48"
ID13737,14-Jan-2026,Transfer,"1,694.09",0.00,"7,344.07"
ID13737,25-Feb-2026,Direct Deposit,"3,689.58",0.00,"53,550.79"
ID13737,31-Jan-2026,Direct Deposit,"1,079.41",0.00,"82,189.69"
ID13737,09-Jan-2026,Reversal,"1,018.30",0.00,"99,827.26"
ID13737,16-Mar-2026,Payment,0.00,"1,448.61","72,280.56"
ID13738,19-Mar-2026,Debit Card,0.00,799.88,"29,008.29"
ID13738,21-Mar-2026,ATM Withdrawal,0.00,277.23,"73,729.44"
ID13738,27-Mar-2026,Charge,0.00,325.50,"35,989.10"
ID13738,03-Apr-2026,Direct Deposit,"1,912.15",0.00,"54,062.28"
ID13738,29-Jan-2026,Interest,22.72,0.00,"60,452.24"
ID13738,06-Jan-2026,Transfer,"1,249.76",0.00,"17,103.70"
ID13738,22-Feb-2026,ATM Withdrawal,0.00,656.34,"3,401.48"
ID13738,15-Feb-2026,Transfer,387.43,0.00,"75,680.42"
ID13738,15-Feb-2026,Reversal,"1,338.60",0.00,"75,204.75"
ID13738,17-Jan-2026,Direct Deposit,"1,493.91",0.00,"91,359.48"
ID13738,27-Jan-2026,Payment,0.00,"1,492.92","65,635.56"
ID13738,25-Feb-2026,Transfer,199.25,0.00,"14,388.86"
ID13738,21-Mar-2026,Transfer,"1,808.36",0.00,"49,797.22"
ID13738,04-Mar-2026,Payment,0.00,"1,116.45","76,603.46"
ID13738,17-Feb-2026,Direct Deposit,"3,069.68",0.00,"89,405.42"
ID13738,09-Jan-2026,Debit Card,0.00,882.12,"77,328.11"
ID13738,28-Jan-2026,Charge,0.00,340.31,"84,072.29"
ID13738,12-Feb-2026,Interest,499.67,0.00,"38,839.23"
ID13738,12-Feb-2026,Reversal,"1,102.97",0.00,"42,993.46"
ID13738,14-Mar-2026,Payment,0.00,505.63,"83,727.76"
ID13739,04-Mar-2026,Reversal,"1,321.13",0.00,"63,441.25"
ID13739,18-Jan-2026,Direct Deposit,"3,590.05",0.00,"70,868.75"
ID13739,11-Mar-2026,Debit Card,0.00,306.21,"42,047.90"
ID13739,16-Mar-2026,Reversal,0.00,"1,372.64","39,546.48"
ID13739,24-Jan-2026,Transfer,"1,284.92",0.00,"77,484.32"
ID13739,22-Mar-2026,ATM Withdrawal,0.00,125.83,"42,971.57"
ID13739,28-Jan-2026,Charge,0.00,52.87,"31,608.32"
ID13739,29-Mar-2026,Transfer,"1,700.97",0.00,"24,864.11"
ID13739,20-Feb-2026,Reversal,0.00,692.03,"32,302.29"
ID13739,03-Feb-2026,Direct Deposit,"1,812.02",0.00,"24,943.96"
ID13739,22-Jan-2026,ATM Withdrawal,0.00,167.59,"64,669.71"
ID13739,07-Mar-2026,Direct Deposit,"1,502.66",0.00,"6,859.47"
ID13739,27-Feb-2026,Interest,130.06,0.00,"28,822.15"
ID13739,09-Jan-2026,Direct Deposit,"3,398.84",0.00,"4,177.89"
ID13739,25-Feb-2026,Transfer,0.00,777.96,"17,715.00"
ID13739,28-Feb-2026,Debit Card,0.00,487.11,"29,105.93"
ID13739,31-Jan-2026,Reversal,310.83,0.00,"95,039.19"
ID13739,11-Feb-2026,Transfer,0.00,513.86,"83,762.49"
ID13739,23-Jan-2026,Debit Card,0.00,297.28,"73,215.98"
ID13739,15-Mar-2026,Direct Deposit,"4,417.90",0.00,"56,936.40"
ID13740,11-Jan-2026,Reversal,"1,617.95",0.00,"88,989.03"
ID13740,10-Jan-2026,Direct Deposit,"1,281.87",0.00,"23,659.83"
ID13740,07-Feb-2026,Direct Deposit,"1,313.93",0.00,"7,195.23"
ID13740,28-Feb-2026,Charge,0.00,357.40,"66,340.69"
ID13740,23-Mar-2026,Debit Card,0.00,80.64,"11,738.96"
ID13740,12-Feb-2026,ATM Withdrawal,0.00,415.47,"1,762.14"
ID13740,21-Mar-2026,Interest,289.69,0.00,"49,515.85"
ID13740,18-Jan-2026,Debit Card,0.00,987.00,"11,435.59"
ID13740,11-Feb-2026,Payment,0.00,"1,405.02","26,233.89"
ID13740,09-Mar-2026,Transfer,"1,623.86",0.00,"95,914.28"
ID13740,21-Feb-2026,Payment,267.35,0.00,"64,255.81"
ID13740,14-Mar-2026,Reversal,0.00,"1,306.05","74,457.00"
ID13740,03-Feb-2026,Charge,0.00,866.81,"62,410.48"
ID13740,11-Jan-2026,Charge,0.00,667.21,"22,607.27"
ID13740,01-Feb-2026,Reversal,446.27,0.00,"62,230.15"
ID13740,29-Mar-2026,Payment,0.00,715.17,"99,694.94"
ID13740,13-Feb-2026,Direct Deposit,"2,927.89",0.00,"47,162.24"
ID13740,05-Mar-2026,Interest,265.58,0.00,"86,055.22"
ID13740,10-Feb-2026,Direct Deposit,"3,652.92",0.00,"95,861.08"
ID13740,28-Feb-2026,Payment,865.05,0.00,"60,472.27"
ID13741,25-Feb-2026,ATM Withdrawal,0.00,413.40,"94,030.85"
ID13741,21-Feb-2026,Charge,0.00,787.04,"40,751.18"
ID13741,20-Feb-2026,Debit Card,0.00,977.13,"9,520.90"
ID13741,09-Jan-2026,Payment,722.56,0.00,"36,373.78"
ID13741,22-Feb-2026,Direct Deposit,"2,333.60",0.00,"34,075.34"
ID13741,04-Feb-2026,Payment,551.33,0.00,"48,684.78"
ID13741,25-Jan-2026,ATM Withdrawal,0.00,239.72,"79,797.32"
ID13741,27-Jan-2026,Debit Card,0.00,923.95,"17,711.79"
ID13741,25-Jan-2026,Reversal,"1,863.30",0.00,"16,298.46"
ID13741,23-Mar-2026,Debit Card,0.00,668.38,"18,344.03"
ID13741,15-Jan-2026,Reversal,753.24,0.00,"92,397.27"
ID13741,16-Mar-2026,Debit Card,0.00,720.65,"15,514.29"
ID13741,08-Mar-2026,ATM Withdrawal,0.00,175.23,"12,542.31"
ID13741,21-Mar-2026,Reversal,0.00,922.07,"92,440.24"
ID13741,07-Mar-2026,Interest,129.73,0.00,"47,907.55"
ID13741,03-Feb-2026,Direct Deposit,"2,169.05",0.00,"66,172.37"
ID13741,23-Feb-2026,Charge,0.00,259.79,"20,072.29"
ID13741,22-Jan-2026,Reversal,0.00,"1,110.28","17,291.07"
ID13741,23-Feb-2026,Reversal,0.00,963.82,"9,944.70"
ID13741,11-Jan-2026,Debit Card,0.00,969.71,"4,016.89"
ID13742,04-Mar-2026,Direct Deposit,"1,017.05",0.00,"90,526.19"
ID13742,17-Jan-2026,Direct Deposit,"2,363.42",0.00,"16,030.71"
ID13742,03-Feb-2026,Interest,336.05,0.00,"60,890.41"
ID13742,13-Feb-2026,Interest,320.13,0.00,"42,546.08"
ID13742,04-Feb-2026,Payment,617.65,0.00,"58,210.83"
ID13742,30-Jan-2026,Reversal,"1,362.39",0.00,"48,628.18"
ID13742,10-Feb-2026,Interest,200.77,0.00,"57,183.20"
ID13742,11-Feb-2026,Charge,0.00,975.99,"18,866.46"
ID13742,03-Feb-2026,Reversal,0.00,"1,080.79","13,755.24"
ID13742,05-Jan-2026,Charge,0.00,346.63,"44,269.53"
ID13742,14-Mar-2026,Reversal,"1,189.85",0.00,"66,219.43"
ID13742,07-Feb-2026,Debit Card,0.00,485.79,"55,211.54"
ID13742,01-Feb-2026,Reversal,592.93,0.00,"94,551.41"
ID13742,18-Jan-2026,Transfer,"1,078.35",0.00,"29,658.39"
ID13742,11-Mar-2026,Payment,709.92,0.00,"14,609.90"
ID13742,27-Mar-2026,Charge,0.00,649.01,"26,969.74"
ID13742,14-Jan-2026,ATM Withdrawal,0.00,155.67,"19,826.12"
ID13742,05-Mar-2026,Debit Card,0.00,312.48,"67,492.31"
ID13742,15-Jan-2026,Charge,0.00,984.96,"25,773.63"
ID13742,20-Jan-2026,Charge,0.00,193.76,"15,653.53"
ID13743,14-Jan-2026,Charge,0.00,67.29,"51,749.41"
ID13743,19-Jan-2026,Payment,428.36,0.00,"24,109.34"
ID13743,03-Apr-2026,Transfer,0.00,"1,343.68","6,003.09"
ID13743,23-Feb-2026,Payment,730.75,0.00,"48,518.95"
ID13743,04-Jan-2026,Payment,170.04,0.00,"34,263.54"
ID13743,25-Jan-2026,Reversal,0.00,955.52,"99,963.49"
ID13743,07-Mar-2026,Interest,16.43,0.00,"51,950.90"
ID13743,08-Mar-2026,Debit Card,0.00,537.87,"81,632.16"
ID13743,27-Feb-2026,ATM Withdrawal,0.00,431.64,"11,777.06"
ID13743,20-Mar-2026,Transfer,0.00,509.70,"87,172.01"
ID13743,27-Mar-2026,Payment,504.49,0.00,"27,605.04"
ID13743,24-Feb-2026,Payment,0.00,"1,133.53","85,221.61"
ID13743,05-Mar-2026,Transfer,0.00,793.63,"66,107.81"
ID13743,09-Feb-2026,Reversal,435.26,0.00,"84,744.58"
ID13743,05-Feb-2026,Charge,0.00,139.20,"98,115.98"
ID13743,03-Apr-2026,Charge,0.00,216.32,"2,375.79"
ID13743,09-Feb-2026,Payment,602.29,0.00,"25,405.51"
ID13743,13-Jan-2026,ATM Withdrawal,0.00,210.47,"20,117.47"
ID13743,21-Feb-2026,Reversal,0.00,152.80,"39,468.62"
ID13743,29-Mar-2026,ATM Withdrawal,0.00,315.70,"25,577.50"
ID13744,20-Feb-2026,Payment,"1,117.09",0.00,"40,404.00"
ID13744,06-Feb-2026,Payment,"1,765.09",0.00,"30,476.62"
ID13744,09-Feb-2026,Transfer,168.17,0.00,"87,693.95"
ID13744,18-Jan-2026,Charge,0.00,487.32,"75,385.92"
ID13744,21-Mar-2026,Debit Card,0.00,733.65,"85,142.58"
ID13744,01-Mar-2026,Charge,0.00,635.77,"87,500.26"
ID13744,23-Feb-2026,ATM Withdrawal,0.00,28.70,"7,497.23"
ID13744,12-Feb-2026,Transfer,602.12,0.00,"88,642.56"
ID13744,12-Jan-2026,Interest,119.67,0.00,"58,517.47"
ID13744,27-Mar-2026,Interest,262.18,0.00,"34,997.16"
ID13744,25-Mar-2026,ATM Withdrawal,0.00,277.01,"4,616.88"
ID13744,11-Feb-2026,ATM Withdrawal,0.00,857.56,"28,221.56"
ID13744,27-Feb-2026,Reversal,0.00,775.29,"81,643.02"
ID13744,13-Jan-2026,Charge,0.00,282.04,"61,839.58"
ID13744,23-Mar-2026,Charge,0.00,295.61,"32,676.39"
ID13744,26-Feb-2026,Payment,"1,675.91",0.00,"35,335.31"
ID13744,09-Feb-2026,ATM Withdrawal,0.00,977.07,"39,666.77"
ID13744,01-Mar-2026,Charge,0.00,387.13,"36,395.96"
ID13744,26-Jan-2026,Debit Card,0.00,69.86,"42,603.60"
ID13744,11-Jan-2026,ATM Withdrawal,0.00,366.20,"91,762.79"
ID13745,02-Apr-2026,Charge,0.00,77.15,"12,030.59"
ID13745,10-Feb-2026,Reversal,562.23,0.00,"42,388.39"
ID13745,08-Jan-2026,ATM Withdrawal,0.00,465.27,"41,566.67"
ID13745,18-Feb-2026,Transfer,"1,709.38",0.00,"51,233.55"
ID13745,16-Jan-2026,Interest,254.02,0.00,"93,308.14"
ID13745,25-Feb-2026,Reversal,349.92,0.00,"37,132.58"
ID13745,26-Feb-2026,Interest,143.90,0.00,"49,693.59"
ID13745,15-Feb-2026,Interest,76.04,0.00,"49,971.60"
ID13745,30-Jan-2026,ATM Withdrawal,0.00,740.34,"24,846.42"
ID13745,12-Jan-2026,Direct Deposit,"1,962.74",0.00,"18,928.45"
ID13745,02-Feb-2026,Interest,155.15,0.00,"46,297.64"
ID13745,15-Jan-2026,Transfer,0.00,"1,473.40","34,063.39"
ID13745,14-Mar-2026,ATM Withdrawal,0.00,285.72,"5,719.97"
ID13745,29-Mar-2026,Interest,167.11,0.00,"3,744.98"
ID13745,26-Jan-2026,Transfer,555.90,0.00,"45,524.51"
ID13745,07-Feb-2026,Direct Deposit,"1,592.74",0.00,"10,399.47"
ID13745,24-Mar-2026,Payment,0.00,543.06,"65,677.37"
ID13745,17-Feb-2026,Direct Deposit,"1,679.19",0.00,"58,955.44"
ID13745,03-Feb-2026,Interest,103.13,0.00,"43,467.52"
ID13745,17-Jan-2026,Reversal,0.00,"1,168.97","30,887.02"
ID13746,07-Mar-2026,Reversal,0.00,"1,188.94","42,004.22"
ID13746,23-Jan-2026,Direct Deposit,"1,099.86",0.00,"2,096.75"
ID13746,10-Jan-2026,Payment,0.00,"1,349.84","96,581.67"
ID13746,06-Jan-2026,Direct Deposit,"4,769.02",0.00,"63,261.82"
ID13746,11-Jan-2026,Reversal,0.00,"1,377.12","39,734.87"
ID13746,31-Jan-2026,Payment,0.00,165.52,"77,368.07"
ID13746,02-Feb-2026,Debit Card,0.00,689.62,"1,514.67"
ID13746,11-Feb-2026,Transfer,0.00,626.93,"23,382.65"
ID13746,15-Mar-2026,Transfer,663.30,0.00,"39,573.25"
ID13746,16-Jan-2026,Reversal,229.27,0.00,"5,044.72"
ID13746,07-Mar-2026,Direct Deposit,"2,411.05",0.00,"16,187.54"
ID13746,01-Feb-2026,Direct Deposit,"4,026.48",0.00,"33,634.35"
ID13746,02-Apr-2026,ATM Withdrawal,0.00,642.66,"72,484.22"
ID13746,15-Mar-2026,Charge,0.00,406.67,"8,267.05"
ID13746,31-Mar-2026,ATM Withdrawal,0.00,443.20,"1,380.62"
ID13746,10-Mar-2026,ATM Withdrawal,0.00,980.51,"50,050.97"
ID13746,18-Jan-2026,Payment,944.14,0.00,"41,401.31"
ID13746,08-Mar-2026,Debit Card,0.00,35.99,"91,648.30"
ID13746,09-Jan-2026,Transfer,355.55,0.00,"10,865.24"
ID13746,16-Jan-2026,Reversal,0.00,"1,157.99","88,071.09"
ID13747,29-Mar-2026,Debit Card,0.00,388.23,"36,186.36"
ID13747,03-Apr-2026,Direct Deposit,"4,657.89",0.00,"62,335.53"
ID13747,12-Feb-2026,Reversal,0.00,725.41,"74,360.69"
ID13747,14-Mar-2026,Direct Deposit,"3,059.47",0.00,"39,821.00"
ID13747,05-Mar-2026,Payment,0.00,96.29,"49,086.05"
ID13747,27-Jan-2026,Direct Deposit,"2,144.55",0.00,"48,146.24"
ID13747,08-Feb-2026,Payment,"1,123.46",0.00,"93,899.98"
ID13747,04-Jan-2026,Interest,402.56,0.00,"78,729.92"
ID13747,26-Feb-2026,ATM Withdrawal,0.00,661.90,"39,242.21"
ID13747,06-Feb-2026,ATM Withdrawal,0.00,829.03,"44,811.46"
ID13747,05-Mar-2026,Direct Deposit,"1,283.54",0.00,"48,542.43"
ID13747,03-Feb-2026,Direct Deposit,"1,766.07",0.00,"50,472.57"
ID13747,04-Feb-2026,Debit Card,0.00,294.56,"98,918.52"
ID13747,06-Jan-2026,Direct Deposit,"4,217.87",0.00,"82,211.14"
ID13747,12-Jan-2026,Payment,0.00,823.96,"56,557.89"
ID13747,20-Mar-2026,Payment,0.00,"1,010.02","93,131.22"
ID13747,26-Feb-2026,Interest,249.74,0.00,"20,290.25"
ID13747,29-Jan-2026,ATM Withdrawal,0.00,32.16,"30,112.40"
ID13747,02-Mar-2026,Transfer,0.00,"1,399.54","53,779.57"
ID13747,30-Jan-2026,Payment,0.00,96.15,"29,886.45"
ID13748,14-Feb-2026,Transfer,917.52,0.00,"68,349.29"
ID13748,05-Mar-2026,ATM Withdrawal,0.00,305.43,"54,259.67"
ID13748,15-Mar-2026,ATM Withdrawal,0.00,313.53,"13,965.07"
ID13748,19-Feb-2026,Interest,249.74,0.00,"28,443.23"
ID13748,02-Feb-2026,Reversal,0.00,"1,182.97","94,583.18"
ID13748,17-Mar-2026,Interest,144.72,0.00,"72,011.02"
ID13748,11-Feb-2026,Debit Card,0.00,764.42,"73,788.33"
ID13748,03-Feb-2026,Debit Card,0.00,941.22,"21,655.41"
ID13748,02-Apr-2026,Transfer,0.00,"1,035.45","70,788.14"
ID13748,01-Mar-2026,Transfer,418.51,0.00,"49,547.54"
ID13748,03-Apr-2026,Direct Deposit,"4,800.79",0.00,"68,033.59"
ID13748,27-Mar-2026,ATM Withdrawal,0.00,113.94,"10,593.89"
ID13748,05-Jan-2026,Interest,271.51,0.00,"75,729.38"
ID13748,06-Feb-2026,Direct Deposit,"1,487.24",0.00,"1,219.68"
ID13748,29-Jan-2026,Interest,80.50,0.00,"96,010.89"
ID13748,06-Feb-2026,Payment,"1,689.05",0.00,"67,231.18"
ID13748,22-Feb-2026,Interest,386.36,0.00,"53,425.07"
ID13748,14-Mar-2026,Transfer,"1,636.80",0.00,"97,125.84"
ID13748,22-Mar-2026,Reversal,0.00,"1,112.00","88,351.83"
ID13748,18-Jan-2026,Reversal,"1,574.37",0.00,"15,193.45"
ID13749,14-Feb-2026,Debit Card,0.00,250.93,"40,965.80"
ID13749,04-Jan-2026,Debit Card,0.00,925.23,"66,732.05"
ID13749,01-Apr-2026,Payment,0.00,891.54,"3,576.92"
ID13749,14-Jan-2026,Interest,170.63,0.00,"68,323.44"
ID13749,25-Feb-2026,Debit Card,0.00,835.54,"7,315.45"
ID13749,08-Feb-2026,ATM Withdrawal,0.00,234.66,"16,312.45"
ID13749,07-Feb-2026,Charge,0.00,267.48,"71,446.05"
ID13749,23-Feb-2026,Direct Deposit,"1,099.16",0.00,"45,158.82"
ID13749,29-Jan-2026,Payment,0.00,474.75,"85,473.71"
ID13749,05-Mar-2026,Debit Card,0.00,575.24,"38,587.21"
ID13749,03-Feb-2026,Charge,0.00,326.14,"53,514.02"
ID13749,14-Feb-2026,Charge,0.00,711.90,"86,069.60"
ID13749,15-Jan-2026,ATM Withdrawal,0.00,879.78,"44,526.50"
ID13749,06-Jan-2026,Reversal,"1,066.60",0.00,"8,063.03"
ID13749,26-Mar-2026,Interest,364.93,0.00,"28,639.42"
ID13749,06-Jan-2026,Payment,0.00,351.77,"62,868.65"
ID13749,13-Jan-2026,Payment,"1,128.42",0.00,"57,225.82"
ID13749,01-Apr-2026,Payment,0.00,912.54,"27,618.12"
ID13749,27-Feb-2026,Direct Deposit,"4,329.04",0.00,"19,649.92"
ID13749,14-Feb-2026,Payment,0.00,"1,284.71","15,785.64"
ID13750,18-Jan-2026,Charge,0.00,540.55,"99,473.04"
ID13750,31-Mar-2026,Charge,0.00,11.88,"49,413.28"
ID13750,27-Feb-2026,Direct Deposit,836.01,0.00,"26,566.03"
ID13750,29-Mar-2026,Payment,334.81,0.00,"2,052.77"
ID13750,19-Jan-2026,ATM Withdrawal,0.00,477.23,"2,229.23"
ID13750,23-Jan-2026,Interest,351.56,0.00,"71,002.61"
ID13750,03-Mar-2026,Charge,0.00,920.22,"69,792.97"
ID13750,02-Mar-2026,Debit Card,0.00,253.45,"13,760.17"
ID13750,20-Feb-2026,Transfer,619.83,0.00,"97,150.81"
ID13750,01-Mar-2026,ATM Withdrawal,0.00,603.81,"90,823.14"
ID13750,03-Mar-2026,Reversal,398.21,0.00,"15,978.56"
ID13750,08-Feb-2026,Transfer,"1,754.91",0.00,"82,345.65"
ID13750,02-Mar-2026,ATM Withdrawal,0.00,655.92,"49,417.13"
ID13750,06-Feb-2026,Transfer,841.61,0.00,"7,088.29"
ID13750,30-Jan-2026,Debit Card,0.00,928.78,"80,753.57"
ID13750,24-Jan-2026,Interest,186.89,0.00,"30,213.58"
ID13750,09-Feb-2026,Charge,0.00,276.93,"14,540.60"
ID13750,16-Jan-2026,Interest,166.30,0.00,"64,566.15"
ID13750,09-Feb-2026,Interest,415.89,0.00,"71,643.51"
ID13750,29-Mar-2026,Transfer,0.00,900.16,"34,477.34"
ID13751,17-Feb-2026,Transfer,0.00,261.96,"18,276.36"
ID13751,02-Feb-2026,Interest,462.66,0.00,"27,437.07"
ID13751,27-Mar-2026,Debit Card,0.00,451.41,"66,183.06"
ID13751,21-Mar-2026,Reversal,0.00,900.28,"96,729.01"
ID13751,24-Jan-2026,Direct Deposit,"3,398.47",0.00,"16,921.28"
ID13751,20-Jan-2026,Direct Deposit,"4,061.22",0.00,"80,743.74"
ID13751,28-Mar-2026,Direct Deposit,"2,735.29",0.00,"40,298.85"
ID13751,01-Mar-2026,Direct Deposit,"3,565.11",0.00,"90,930.58"
ID13751,11-Jan-2026,Payment,475.48,0.00,"19,760.80"
ID13751,14-Mar-2026,Reversal,0.00,445.14,"45,038.19"
ID13751,31-Jan-2026,Charge,0.00,945.79,"12,181.36"
ID13751,21-Jan-2026,Charge,0.00,555.79,"61,763.98"
ID13751,06-Mar-2026,Direct Deposit,"4,725.86",0.00,"84,521.10"
ID13751,28-Feb-2026,ATM Withdrawal,0.00,306.42,"69,968.38"
ID13751,28-Jan-2026,Reversal,0.00,"1,326.46","87,489.21"
ID13751,28-Jan-2026,Interest,228.01,0.00,"40,453.01"
ID13751,10-Mar-2026,Payment,766.97,0.00,"39,359.53"
ID13751,30-Mar-2026,Interest,37.18,0.00,"80,372.77"
ID13751,24-Feb-2026,ATM Withdrawal,0.00,284.90,"37,592.56"
ID13751,31-Mar-2026,Charge,0.00,130.48,"13,693.43"
ID13752,23-Jan-2026,Debit Card,0.00,280.95,"99,096.43"
ID13752,07-Feb-2026,Interest,154.20,0.00,"30,039.48"
ID13752,07-Feb-2026,Interest,108.50,0.00,"48,937.52"
ID13752,31-Mar-2026,Payment,"1,794.86",0.00,"49,271.41"
ID13752,18-Jan-2026,Reversal,0.00,588.29,"58,452.24"
ID13752,15-Jan-2026,Transfer,163.90,0.00,"68,889.15"
ID13752,18-Jan-2026,Reversal,302.58,0.00,"79,646.94"
ID13752,09-Mar-2026,Interest,143.17,0.00,"73,311.38"
ID13752,11-Mar-2026,Payment,"1,474.35",0.00,"92,266.63"
ID13752,31-Jan-2026,Direct Deposit,"4,369.04",0.00,"47,922.71"
ID13752,25-Feb-2026,ATM Withdrawal,0.00,898.18,"7,994.87"
ID13752,03-Jan-2026,Interest,109.77,0.00,"94,781.03"
ID13752,18-Jan-2026,ATM Withdrawal,0.00,528.74,"81,449.60"
ID13752,21-Jan-2026,Direct Deposit,517.88,0.00,"36,835.60"
ID13752,23-Mar-2026,Direct Deposit,"4,253.10",0.00,"36,373.91"
ID13752,30-Jan-2026,Payment,0.00,711.62,"53,880.14"
ID13752,08-Mar-2026,Debit Card,0.00,65.12,"40,860.74"
ID13752,25-Feb-2026,Interest,37.54,0.00,"14,137.27"
ID13752,25-Mar-2026,Charge,0.00,320.38,"1,114.50"
ID13752,28-Mar-2026,Reversal,"1,071.68",0.00,"11,815.07"
ID13753,10-Jan-2026,Reversal,144.11,0.00,"81,037.61"
ID13753,19-Mar-2026,Reversal,0.00,843.71,"23,203.68"
ID13753,23-Jan-2026,Interest,498.77,0.00,"9,034.34"
ID13753,31-Mar-2026,Debit Card,0.00,315.87,"64,683.16"
ID13753,18-Feb-2026,Interest,356.99,0.00,"26,394.74"
ID13753,15-Jan-2026,Direct Deposit,"4,455.05",0.00,"64,859.51"
ID13753,04-Jan-2026,Transfer,834.81,0.00,"46,836.39"
ID13753,02-Mar-2026,Reversal,0.00,183.82,"98,764.09"
ID13753,22-Jan-2026,Transfer,837.80,0.00,"52,460.93"
ID13753,21-Feb-2026,Charge,0.00,45.92,"29,108.23"
ID13753,09-Mar-2026,Payment,0.00,932.90,"19,982.37"
ID13753,03-Mar-2026,ATM Withdrawal,0.00,892.48,"38,299.24"
ID13753,09-Mar-2026,Reversal,0.00,117.88,"16,061.05"
ID13753,21-Mar-2026,Transfer,"1,374.76",0.00,"33,169.01"
ID13753,28-Jan-2026,Debit Card,0.00,391.17,"63,177.18"
ID13753,09-Jan-2026,Direct Deposit,"4,582.05",0.00,"5,896.35"
ID13753,14-Feb-2026,Charge,0.00,870.93,"4,030.03"
ID13753,23-Jan-2026,Direct Deposit,"2,441.26",0.00,"21,341.61"
ID13753,27-Jan-2026,ATM Withdrawal,0.00,41.62,"25,067.03"
ID13753,21-Mar-2026,Direct Deposit,"4,042.37",0.00,"85,197.03"
ID13754,28-Mar-2026,Interest,284.87,0.00,"15,365.34"
ID13754,25-Feb-2026,Debit Card,0.00,156.02,"17,776.20"
ID13754,09-Mar-2026,Interest,227.33,0.00,"21,480.75"
ID13754,23-Mar-2026,Direct Deposit,"3,767.23",0.00,"91,678.68"
ID13754,15-Mar-2026,ATM Withdrawal,0.00,315.83,"21,104.62"
ID13754,20-Feb-2026,Reversal,0.00,861.91,"22,511.84"
ID13754,10-Feb-2026,Debit Card,0.00,927.30,"10,868.82"
ID13754,10-Jan-2026,Interest,203.48,0.00,"50,192.07"
ID13754,09-Mar-2026,Interest,322.52,0.00,"78,950.34"
ID13754,25-Feb-2026,Reversal,0.00,390.86,"21,769.57"
ID13754,07-Mar-2026,Direct Deposit,"3,031.53",0.00,"29,014.06"
ID13754,25-Jan-2026,Debit Card,0.00,644.56,"41,034.01"
ID13754,04-Mar-2026,ATM Withdrawal,0.00,948.75,"67,421.63"
ID13754,11-Mar-2026,ATM Withdrawal,0.00,927.56,"7,700.34"
ID13754,12-Feb-2026,Debit Card,0.00,394.04,"9,057.72"
ID13754,19-Feb-2026,Payment,"1,778.71",0.00,"63,033.31"
ID13754,23-Mar-2026,Reversal,0.00,146.93,"86,857.64"
ID13754,26-Jan-2026,Direct Deposit,"1,664.80",0.00,"97,301.24"
ID13754,14-Feb-2026,ATM Withdrawal,0.00,505.94,"28,485.22"
ID13754,26-Feb-2026,Transfer,0.00,315.92,"81,278.73"
ID13755,06-Jan-2026,ATM Withdrawal,0.00,412.88,"30,289.12"
ID13755,05-Mar-2026,Reversal,176.63,0.00,"34,542.94"
ID13755,17-Mar-2026,Reversal,593.99,0.00,"17,140.18"
ID13755,09-Feb-2026,Debit Card,0.00,641.13,"52,314.49"
ID13755,08-Feb-2026,Direct Deposit,"3,067.34",0.00,"49,171.16"
ID13755,28-Feb-2026,Direct Deposit,"4,766.16",0.00,"82,736.22"
ID13755,14-Feb-2026,Direct Deposit,"4,313.42",0.00,"95,554.79"
ID13755,11-Jan-2026,Payment,0.00,510.21,"39,851.00"
ID13755,06-Jan-2026,Interest,305.18,0.00,"92,390.35"
ID13755,11-Feb-2026,Transfer,0.00,"1,230.43","85,712.71"
ID13755,19-Jan-2026,ATM Withdrawal,0.00,669.77,"95,549.05"
ID13755,24-Feb-2026,Charge,0.00,379.68,"57,275.73"
ID13755,26-Feb-2026,Transfer,413.05,0.00,"54,517.79"
ID13755,05-Feb-2026,Interest,264.06,0.00,"92,041.16"
ID13755,02-Feb-2026,ATM Withdrawal,0.00,215.74,"29,952.92"
ID13755,15-Feb-2026,Transfer,"1,266.85",0.00,"74,741.95"
ID13755,02-Mar-2026,Payment,"1,549.34",0.00,"88,807.09"
ID13755,15-Mar-2026,Transfer,0.00,673.90,"83,469.99"
ID13755,21-Mar-2026,Charge,0.00,889.80,"24,703.02"
ID13755,27-Jan-2026,Transfer,0.00,839.41,"57,331.94"
ID13756,21-Mar-2026,ATM Withdrawal,0.00,212.23,"34,133.84"
ID13756,07-Mar-2026,Debit Card,0.00,600.42,"8,304.50"
ID13756,18-Feb-2026,Transfer,"1,956.34",0.00,"12,856.65"
ID13756,22-Feb-2026,ATM Withdrawal,0.00,135.88,"3,939.76"
ID13756,31-Jan-2026,Charge,0.00,784.22,"47,905.27"
ID13756,16-Jan-2026,ATM Withdrawal,0.00,765.54,"95,459.40"
ID13756,25-Jan-2026,Transfer,"1,791.49",0.00,"87,554.59"
ID13756,22-Mar-2026,Reversal,0.00,"1,490.15","13,495.72"
ID13756,15-Feb-2026,Transfer,986.24,0.00,"24,812.06"
ID13756,14-Feb-2026,ATM Withdrawal,0.00,402.58,"36,346.13"
ID13756,29-Jan-2026,ATM Withdrawal,0.00,585.97,"6,915.24"
ID13756,14-Feb-2026,Transfer,"1,042.60",0.00,"88,868.50"
ID13756,13-Feb-2026,Reversal,0.00,431.28,"56,965.27"
ID13756,19-Feb-2026,Interest,161.58,0.00,"99,307.86"
ID13756,22-Jan-2026,Direct Deposit,"4,188.48",0.00,"6,975.13"
ID13756,25-Feb-2026,Charge,0.00,396.07,"38,750.46"
ID13756,04-Mar-2026,Reversal,0.00,741.77,"86,148.81"
ID13756,16-Feb-2026,ATM Withdrawal,0.00,702.38,"61,110.88"
ID13756,11-Mar-2026,Debit Card,0.00,901.92,"10,295.74"
ID13756,02-Mar-2026,Transfer,261.62,0.00,"69,246.83"
ID13757,07-Jan-2026,Direct Deposit,"2,825.00",0.00,"65,501.27"
ID13757,15-Mar-2026,Debit Card,0.00,833.22,"23,960.10"
ID13757,14-Mar-2026,ATM Withdrawal,0.00,457.41,"74,516.59"
ID13757,25-Mar-2026,Direct Deposit,"3,392.77",0.00,"94,492.53"
ID13757,27-Feb-2026,Transfer,0.00,"1,445.27","34,106.59"
ID13757,25-Mar-2026,Payment,0.00,"1,379.20","63,241.20"
ID13757,26-Feb-2026,Debit Card,0.00,967.53,"66,564.87"
ID13757,27-Feb-2026,Payment,565.22,0.00,"36,514.97"
ID13757,02-Apr-2026,Direct Deposit,"2,597.59",0.00,"83,872.79"
ID13757,18-Jan-2026,ATM Withdrawal,0.00,506.21,"24,845.77"
ID13757,01-Apr-2026,Direct Deposit,"2,026.29",0.00,"88,224.72"
ID13757,03-Jan-2026,ATM Withdrawal,0.00,111.80,"57,290.61"
ID13757,07-Feb-2026,ATM Withdrawal,0.00,254.39,"35,197.62"
ID13757,19-Feb-2026,Charge,0.00,853.76,"56,885.30"
ID13757,04-Jan-2026,Charge,0.00,623.08,"81,309.60"
ID13757,07-Feb-2026,Charge,0.00,991.65,"93,117.82"
ID13757,02-Mar-2026,Direct Deposit,"1,488.17",0.00,"21,507.91"
ID13757,10-Mar-2026,ATM Withdrawal,0.00,746.12,"60,851.46"
ID13757,22-Jan-2026,ATM Withdrawal,0.00,391.01,"49,280.43"
ID13757,09-Feb-2026,Charge,0.00,455.13,"77,987.53"
ID13758,20-Feb-2026,Transfer,0.00,523.16,"68,470.74"
ID13758,30-Jan-2026,Charge,0.00,733.78,"1,356.54"
ID13758,03-Apr-2026,Payment,0.00,"1,062.27","13,416.01"
ID13758,18-Mar-2026,ATM Withdrawal,0.00,869.05,"72,598.02"
ID13758,02-Apr-2026,Debit Card,0.00,705.11,"74,085.19"
ID13758,29-Jan-2026,Transfer,0.00,405.96,"34,277.13"
ID13758,22-Jan-2026,Reversal,"1,238.87",0.00,"16,500.27"
ID13758,15-Feb-2026,ATM Withdrawal,0.00,995.75,"13,024.94"
ID13758,16-Jan-2026,ATM Withdrawal,0.00,507.81,"55,998.33"
ID13758,23-Jan-2026,Direct Deposit,801.47,0.00,"79,758.41"
ID13758,10-Feb-2026,Payment,0.00,654.04,"23,908.16"
ID13758,20-Mar-2026,ATM Withdrawal,0.00,610.79,"22,039.87"
ID13758,31-Mar-2026,Reversal,0.00,552.88,"79,129.86"
ID13758,25-Mar-2026,Charge,0.00,677.83,"5,268.52"
ID13758,05-Mar-2026,Transfer,"1,521.58",0.00,"7,720.79"
ID13758,30-Mar-2026,ATM Withdrawal,0.00,226.61,"83,965.71"
ID13758,31-Jan-2026,Direct Deposit,"3,261.45",0.00,"51,082.85"
ID13758,06-Jan-2026,ATM Withdrawal,0.00,937.55,"55,896.62"
ID13758,30-Jan-2026,Transfer,0.00,"1,012.06","49,574.25"
ID13758,01-Apr-2026,Interest,160.18,0.00,"69,275.94"
ID13759,12-Mar-2026,Debit Card,0.00,584.00,"10,737.83"
ID13759,17-Feb-2026,Debit Card,0.00,851.92,"65,734.92"
ID13759,12-Mar-2026,Interest,27.23,0.00,"32,786.62"
ID13759,12-Jan-2026,Transfer,0.00,702.57,"93,788.38"
ID13759,18-Jan-2026,Transfer,602.17,0.00,"30,435.98"
ID13759,07-Feb-2026,Interest,48.32,0.00,"73,689.62"
ID13759,20-Mar-2026,Payment,"1,477.97",0.00,"33,594.62"
ID13759,26-Jan-2026,Direct Deposit,"3,004.46",0.00,"53,728.07"
ID13759,02-Mar-2026,Reversal,0.00,"1,457.78","84,354.12"
ID13759,30-Jan-2026,Interest,282.05,0.00,"64,288.71"
ID13759,13-Feb-2026,Direct Deposit,"3,518.32",0.00,"82,380.65"
ID13759,23-Jan-2026,Reversal,0.00,"1,228.97","94,057.90"
ID13759,08-Feb-2026,Reversal,807.65,0.00,"73,965.11"
ID13759,10-Jan-2026,Reversal,0.00,"1,409.17","10,325.50"
ID13759,18-Feb-2026,Direct Deposit,"4,179.58",0.00,"11,397.41"
ID13759,12-Mar-2026,Debit Card,0.00,928.16,"15,905.23"
ID13759,14-Mar-2026,Direct Deposit,"4,008.11",0.00,"40,912.49"
ID13759,01-Apr-2026,Interest,114.04,0.00,"26,458.91"
ID13759,14-Mar-2026,Interest,57.37,0.00,"93,717.17"
ID13759,14-Jan-2026,Interest,431.78,0.00,"42,190.76"
ID13760,12-Feb-2026,ATM Withdrawal,0.00,765.85,"11,701.50"
ID13760,19-Feb-2026,Reversal,0.00,455.98,"54,883.15"
ID13760,18-Mar-2026,Payment,0.00,130.48,"24,851.69"
ID13760,29-Jan-2026,Transfer,0.00,144.26,"15,800.92"
ID13760,09-Jan-2026,ATM Withdrawal,0.00,163.78,"77,553.47"
ID13760,01-Mar-2026,ATM Withdrawal,0.00,865.16,"75,381.55"
ID13760,04-Feb-2026,Reversal,0.00,924.22,"91,909.08"
ID13760,15-Feb-2026,Reversal,0.00,575.65,"70,108.94"
ID13760,23-Jan-2026,Charge,0.00,224.34,"22,699.94"
ID13760,16-Mar-2026,Debit Card,0.00,899.30,"97,854.99"
ID13760,10-Jan-2026,Transfer,"1,169.15",0.00,"80,184.28"
ID13760,12-Feb-2026,Charge,0.00,83.62,"93,678.77"
ID13760,22-Mar-2026,Charge,0.00,595.76,"57,332.14"
ID13760,29-Jan-2026,Transfer,0.00,722.72,"37,134.83"
ID13760,21-Mar-2026,Payment,137.16,0.00,"75,124.64"
ID13760,11-Feb-2026,Debit Card,0.00,686.25,"39,161.55"
ID13760,31-Mar-2026,ATM Withdrawal,0.00,54.38,"78,598.83"
ID13760,24-Jan-2026,Reversal,0.00,392.22,"18,100.92"
ID13760,03-Apr-2026,Transfer,698.61,0.00,"46,780.32"
ID13760,12-Jan-2026,Direct Deposit,613.87,0.00,"43,616.06"
ID13761,17-Mar-2026,ATM Withdrawal,0.00,940.84,"44,454.90"
ID13761,18-Feb-2026,Charge,0.00,728.03,"2,696.63"
ID13761,28-Mar-2026,ATM Withdrawal,0.00,156.24,"43,439.42"
ID13761,18-Feb-2026,Interest,216.80,0.00,"66,608.79"
ID13761,24-Feb-2026,Payment,832.03,0.00,"65,511.53"
ID13761,02-Mar-2026,Payment,678.48,0.00,"11,226.83"
ID13761,08-Jan-2026,Reversal,855.80,0.00,"18,965.05"
ID13761,31-Jan-2026,Payment,853.08,0.00,"5,396.25"
ID13761,11-Mar-2026,Interest,210.78,0.00,"77,232.91"
ID13761,23-Jan-2026,Charge,0.00,977.09,"76,164.66"
ID13761,26-Feb-2026,ATM Withdrawal,0.00,628.53,"9,731.87"
ID13761,23-Mar-2026,Debit Card,0.00,954.73,"92,189.75"
ID13761,29-Jan-2026,ATM Withdrawal,0.00,171.52,"27,532.78"
ID13761,18-Feb-2026,Direct Deposit,"2,410.14",0.00,"77,532.50"
ID13761,03-Feb-2026,Reversal,0.00,638.09,"38,159.76"
ID13761,30-Jan-2026,Charge,0.00,626.29,"65,558.37"
ID13761,02-Mar-2026,Payment,0.00,"1,038.57","67,739.96"
ID13761,09-Feb-2026,Payment,0.00,157.38,"38,041.45"
ID13761,24-Mar-2026,Charge,0.00,508.98,"41,318.86"
ID13761,04-Jan-2026,Interest,486.25,0.00,"5,860.40"
ID13762,16-Jan-2026,ATM Withdrawal,0.00,766.93,"79,682.00"
ID13762,20-Mar-2026,ATM Withdrawal,0.00,362.08,"35,110.30"
ID13762,23-Jan-2026,Debit Card,0.00,288.53,"77,390.07"
ID13762,04-Feb-2026,Direct Deposit,"2,925.01",0.00,"15,517.23"
ID13762,10-Mar-2026,ATM Withdrawal,0.00,269.94,"55,197.98"
ID13762,17-Mar-2026,Direct Deposit,"1,770.71",0.00,"56,457.84"
ID13762,17-Mar-2026,Charge,0.00,560.49,"36,230.50"
ID13762,02-Apr-2026,Charge,0.00,386.35,"94,712.90"
ID13762,01-Apr-2026,Charge,0.00,231.52,"89,417.70"
ID13762,10-Feb-2026,Charge,0.00,495.62,"37,605.82"
ID13762,06-Mar-2026,Reversal,0.00,504.68,"71,502.82"
ID13762,09-Feb-2026,ATM Withdrawal,0.00,331.90,"68,112.81"
ID13762,27-Jan-2026,ATM Withdrawal,0.00,169.68,"17,374.99"
ID13762,23-Jan-2026,Debit Card,0.00,515.23,"60,336.00"
ID13762,26-Mar-2026,Transfer,238.06,0.00,"67,081.18"
ID13762,13-Jan-2026,Transfer,0.00,676.67,"30,916.46"
ID13762,16-Mar-2026,Charge,0.00,305.21,"47,800.66"
ID13762,20-Mar-2026,Debit Card,0.00,113.51,"79,720.53"
ID13762,17-Mar-2026,Reversal,0.00,"1,436.50","99,172.03"
ID13762,10-Feb-2026,ATM Withdrawal,0.00,843.31,"26,979.25"
ID13763,31-Mar-2026,Interest,217.93,0.00,"75,400.66"
ID13763,02-Mar-2026,Debit Card,0.00,860.01,"24,198.93"
ID13763,01-Mar-2026,ATM Withdrawal,0.00,862.05,"14,158.64"
ID13763,05-Mar-2026,Interest,96.58,0.00,"37,063.42"
ID13763,09-Mar-2026,Direct Deposit,"2,273.48",0.00,"80,652.93"
ID13763,16-Mar-2026,Payment,812.48,0.00,"93,236.79"
ID13763,08-Feb-2026,Charge,0.00,52.09,"20,475.03"
ID13763,02-Apr-2026,Interest,387.00,0.00,"52,505.40"
ID13763,23-Jan-2026,Charge,0.00,545.60,"19,028.09"
ID13763,14-Mar-2026,ATM Withdrawal,0.00,136.67,"20,508.25"
ID13763,31-Mar-2026,Reversal,268.54,0.00,"6,649.19"
ID13763,05-Mar-2026,Transfer,915.61,0.00,"21,363.91"
ID13763,15-Feb-2026,Direct Deposit,"2,386.56",0.00,"22,739.97"
ID13763,07-Mar-2026,ATM Withdrawal,0.00,369.21,"22,897.89"
ID13763,28-Jan-2026,Interest,141.20,0.00,"43,356.70"
ID13763,12-Feb-2026,Direct Deposit,"4,324.42",0.00,"34,632.71"
ID13763,24-Jan-2026,Debit Card,0.00,789.40,"14,946.62"
ID13763,24-Mar-2026,Debit Card,0.00,785.29,"47,353.09"
ID13763,23-Mar-2026,ATM Withdrawal,0.00,740.53,"89,780.60"
ID13763,10-Feb-2026,Debit Card,0.00,451.71,"60,812.41"
ID13764,09-Mar-2026,Reversal,342.47,0.00,"59,550.09"
ID13764,25-Feb-2026,Debit Card,0.00,148.45,"18,599.43"
ID13764,16-Mar-2026,Charge,0.00,988.70,"14,126.98"
ID13764,10-Jan-2026,Debit Card,0.00,464.53,"81,565.72"
ID13764,31-Jan-2026,Reversal,0.00,242.13,"44,939.30"
ID13764,01-Feb-2026,ATM Withdrawal,0.00,186.55,"26,658.70"
ID13764,15-Mar-2026,Interest,325.96,0.00,"1,949.66"
ID13764,18-Feb-2026,ATM Withdrawal,0.00,871.02,"64,845.32"
ID13764,25-Feb-2026,Debit Card,0.00,887.64,"56,817.12"
ID13764,04-Mar-2026,Debit Card,0.00,957.63,"59,849.77"
ID13764,23-Jan-2026,Transfer,0.00,459.40,"32,696.54"
ID13764,07-Jan-2026,Interest,145.65,0.00,"8,347.81"
ID13764,28-Mar-2026,Payment,"1,721.72",0.00,"25,633.89"
ID13764,23-Jan-2026,Transfer,0.00,793.40,"82,013.53"
ID13764,12-Jan-2026,Interest,260.38,0.00,"82,728.44"
ID13764,19-Jan-2026,Payment,0.00,96.29,"98,359.78"
ID13764,27-Mar-2026,Payment,0.00,"1,428.85","83,867.50"
ID13764,16-Feb-2026,Transfer,0.00,208.13,"78,364.37"
ID13764,26-Jan-2026,Charge,0.00,747.90,"46,649.02"
ID13764,08-Feb-2026,Interest,308.34,0.00,"47,267.42"
ID13765,02-Mar-2026,Debit Card,0.00,498.73,"42,790.45"
ID13765,19-Feb-2026,Direct Deposit,"4,912.77",0.00,"89,881.95"
ID13765,19-Feb-2026,ATM Withdrawal,0.00,493.17,"3,385.46"
ID13765,18-Jan-2026,Direct Deposit,926.77,0.00,"83,338.62"
ID13765,09-Feb-2026,Charge,0.00,922.32,"42,846.08"
ID13765,01-Feb-2026,Debit Card,0.00,22.21,"15,892.15"
ID13765,17-Mar-2026,Direct Deposit,"1,329.99",0.00,"8,285.56"
ID13765,08-Mar-2026,Reversal,0.00,430.86,"45,779.33"
ID13765,12-Mar-2026,Interest,308.85,0.00,"72,595.64"
ID13765,22-Mar-2026,Interest,147.74,0.00,"50,265.78"
ID13765,25-Mar-2026,Charge,0.00,678.11,"5,488.24"
ID13765,22-Feb-2026,Payment,0.00,876.27,"98,419.23"
ID13765,23-Mar-2026,Charge,0.00,398.53,"25,821.49"
ID13765,16-Feb-2026,Charge,0.00,566.46,"55,055.70"
ID13765,17-Jan-2026,ATM Withdrawal,0.00,420.28,"71,796.69"
ID13765,28-Feb-2026,Charge,0.00,210.91,"55,378.57"
ID13765,07-Jan-2026,Payment,0.00,742.05,"60,248.61"
ID13765,12-Mar-2026,ATM Withdrawal,0.00,497.86,"67,361.44"
ID13765,26-Mar-2026,Payment,912.57,0.00,"95,461.97"
ID13765,07-Mar-2026,Reversal,0.00,788.69,"12,236.39"
ID13766,16-Jan-2026,Reversal,0.00,"1,333.96","35,077.60"
ID13766,11-Mar-2026,Direct Deposit,"2,078.78",0.00,"77,316.07"
ID13766,10-Feb-2026,Direct Deposit,"1,878.33",0.00,"70,193.42"
ID13766,11-Mar-2026,Payment,"1,735.02",0.00,"22,672.85"
ID13766,26-Feb-2026,ATM Withdrawal,0.00,235.73,"19,326.36"
ID13766,20-Jan-2026,Direct Deposit,"4,159.81",0.00,"57,714.59"
ID13766,26-Jan-2026,ATM Withdrawal,0.00,164.13,"23,331.45"
ID13766,05-Mar-2026,Debit Card,0.00,350.00,"47,969.63"
ID13766,20-Feb-2026,Direct Deposit,"2,016.43",0.00,"18,633.46"
ID13766,21-Feb-2026,Direct Deposit,"2,167.24",0.00,"60,470.60"
ID13766,27-Jan-2026,Payment,"1,058.23",0.00,"24,672.45"
ID13766,11-Jan-2026,Payment,554.41,0.00,"38,047.07"
ID13766,24-Jan-2026,Debit Card,0.00,908.06,"77,537.89"
ID13766,17-Feb-2026,Debit Card,0.00,749.39,"42,582.43"
ID13766,25-Jan-2026,Transfer,0.00,795.98,"82,707.61"
ID13766,06-Mar-2026,Charge,0.00,432.00,"78,073.48"
ID13766,04-Jan-2026,ATM Withdrawal,0.00,397.36,"37,344.43"
ID13766,20-Jan-2026,Transfer,965.24,0.00,"31,013.74"
ID13766,23-Jan-2026,Debit Card,0.00,185.52,"15,169.23"
ID13766,01-Apr-2026,Reversal,"1,356.82",0.00,"18,738.76"
ID13767,10-Jan-2026,Payment,"1,382.93",0.00,"44,228.00"
ID13767,24-Feb-2026,Debit Card,0.00,811.19,"30,774.15"
ID13767,26-Feb-2026,Debit Card,0.00,506.04,"95,426.83"
ID13767,11-Feb-2026,Direct Deposit,780.54,0.00,"80,433.47"
ID13767,28-Jan-2026,ATM Withdrawal,0.00,500.39,"18,120.37"
ID13767,19-Jan-2026,Charge,0.00,465.14,"13,835.96"
ID13767,22-Jan-2026,Charge,0.00,800.57,"25,407.30"
ID13767,17-Mar-2026,Debit Card,0.00,909.40,"79,158.21"
ID13767,14-Mar-2026,Payment,0.00,952.14,"68,091.61"
ID13767,02-Feb-2026,Direct Deposit,"2,855.59",0.00,"21,028.85"
ID13767,08-Jan-2026,Direct Deposit,"4,261.80",0.00,"58,998.39"
ID13767,15-Jan-2026,Reversal,"1,620.39",0.00,"51,172.59"
ID13767,08-Mar-2026,Interest,93.22,0.00,"1,770.57"
ID13767,11-Mar-2026,Debit Card,0.00,933.27,"43,232.56"
ID13767,30-Mar-2026,Direct Deposit,"1,538.41",0.00,"28,760.68"
ID13767,27-Jan-2026,Transfer,"1,382.46",0.00,"4,470.53"
ID13767,25-Mar-2026,Reversal,229.88,0.00,"91,992.12"
ID13767,02-Apr-2026,ATM Withdrawal,0.00,553.77,"15,015.77"
ID13767,25-Mar-2026,ATM Withdrawal,0.00,945.61,"78,149.52"
ID13767,04-Feb-2026,ATM Withdrawal,0.00,566.38,"66,066.52"
ID13768,12-Jan-2026,Reversal,0.00,879.72,"50,237.71"
ID13768,20-Mar-2026,Direct Deposit,"2,606.42",0.00,"2,485.80"
ID13768,09-Feb-2026,Interest,142.43,0.00,"79,199.99"
ID13768,31-Jan-2026,ATM Withdrawal,0.00,610.51,"74,057.85"
ID13768,02-Feb-2026,ATM Withdrawal,0.00,59.97,"77,573.73"
ID13768,23-Feb-2026,Transfer,0.00,828.95,"57,527.11"
ID13768,27-Feb-2026,Transfer,"1,632.25",0.00,"37,238.19"
ID13768,28-Mar-2026,Transfer,0.00,747.03,"85,092.84"
ID13768,01-Mar-2026,Payment,0.00,"1,046.80","51,617.78"
ID13768,21-Feb-2026,Payment,"1,962.43",0.00,"84,712.76"
ID13768,12-Feb-2026,Interest,176.11,0.00,"55,379.89"
ID13768,16-Mar-2026,Direct Deposit,"3,136.24",0.00,"13,976.64"
ID13768,18-Feb-2026,ATM Withdrawal,0.00,329.99,"97,368.50"
ID13768,14-Feb-2026,Transfer,"1,083.73",0.00,"57,152.86"
ID13768,13-Mar-2026,Transfer,0.00,486.71,"4,135.78"
ID13768,12-Mar-2026,ATM Withdrawal,0.00,958.40,"79,914.56"
ID13768,01-Feb-2026,ATM Withdrawal,0.00,217.76,"17,484.95"
ID13768,27-Feb-2026,Direct Deposit,"1,152.58",0.00,"36,894.73"
ID13768,01-Mar-2026,Charge,0.00,617.30,"3,690.03"
ID13768,08-Feb-2026,Payment,543.59,0.00,"84,905.82"
ID13769,10-Mar-2026,Charge,0.00,285.49,"68,948.69"
ID13769,30-Mar-2026,Direct Deposit,"2,697.42",0.00,"29,598.69"
ID13769,16-Feb-2026,Reversal,0.00,811.27,"37,057.83"
ID13769,08-Mar-2026,Payment,0.00,59.83,"59,349.26"
ID13769,23-Mar-2026,Direct Deposit,"4,629.89",0.00,"56,666.41"
ID13769,27-Mar-2026,Reversal,0.00,"1,134.43","28,550.08"
ID13769,11-Jan-2026,Direct Deposit,"3,231.72",0.00,"31,776.69"
ID13769,30-Jan-2026,Transfer,0.00,"1,427.56","15,193.71"
ID13769,13-Feb-2026,Transfer,493.94,0.00,"64,253.78"
ID13769,28-Mar-2026,Interest,499.63,0.00,"41,059.25"
ID13769,11-Jan-2026,Transfer,0.00,"1,011.82","42,864.62"
ID13769,25-Jan-2026,Reversal,0.00,351.58,"92,328.15"
ID13769,11-Feb-2026,Interest,250.99,0.00,"11,648.91"
ID13769,18-Mar-2026,Reversal,0.00,"1,059.90","43,449.40"
ID13769,04-Mar-2026,Interest,57.81,0.00,"20,351.60"
ID13769,23-Jan-2026,Reversal,0.00,"1,351.01","7,193.88"
ID13769,23-Jan-2026,Debit Card,0.00,750.43,"12,640.31"
ID13769,18-Mar-2026,Debit Card,0.00,863.63,"45,297.22"
ID13769,04-Mar-2026,Direct Deposit,"3,644.05",0.00,"39,822.36"
ID13769,30-Mar-2026,Payment,885.35,0.00,"15,039.37"
ID13770,13-Jan-2026,Direct Deposit,"2,678.57",0.00,"51,545.82"
ID13770,05-Jan-2026,Reversal,0.00,"1,087.29","62,226.66"
ID13770,02-Feb-2026,Direct Deposit,"4,467.35",0.00,"36,885.69"
ID13770,18-Jan-2026,Payment,754.50,0.00,"59,296.68"
ID13770,03-Feb-2026,Reversal,0.00,193.95,"95,127.03"
ID13770,27-Feb-2026,Debit Card,0.00,238.78,"88,292.41"
ID13770,25-Feb-2026,Reversal,0.00,592.40,"54,731.63"
ID13770,09-Mar-2026,Transfer,"1,572.29",0.00,"26,181.87"
ID13770,09-Feb-2026,Direct Deposit,"4,788.49",0.00,"46,741.26"
ID13770,20-Jan-2026,Interest,50.49,0.00,"31,544.33"
ID13770,20-Mar-2026,Charge,0.00,169.77,"45,763.95"
ID13770,13-Mar-2026,Debit Card,0.00,592.35,"88,352.64"
ID13770,27-Feb-2026,Direct Deposit,"4,671.23",0.00,"33,038.31"
ID13770,15-Jan-2026,Interest,495.87,0.00,"42,777.23"
ID13770,16-Feb-2026,Interest,196.05,0.00,"18,830.16"
ID13770,07-Mar-2026,ATM Withdrawal,0.00,61.48,"41,839.13"
ID13770,15-Mar-2026,Transfer,"1,746.87",0.00,"65,141.25"
ID13770,02-Feb-2026,Transfer,0.00,431.18,"84,009.65"
ID13770,05-Feb-2026,ATM Withdrawal,0.00,966.89,"64,806.91"
ID13770,11-Mar-2026,Interest,243.54,0.00,"14,497.05"
ID13771,22-Feb-2026,Transfer,"1,084.68",0.00,"39,891.76"
ID13771,08-Jan-2026,Direct Deposit,745.26,0.00,"70,532.65"
ID13771,08-Jan-2026,ATM Withdrawal,0.00,921.74,"34,833.04"
ID13771,24-Feb-2026,Charge,0.00,962.00,"50,135.42"
ID13771,08-Jan-2026,Charge,0.00,636.66,"2,542.68"
ID13771,12-Jan-2026,Transfer,"1,263.51",0.00,"28,852.53"
ID13771,10-Feb-2026,Interest,468.17,0.00,"3,050.46"
ID13771,25-Mar-2026,ATM Withdrawal,0.00,251.42,"20,584.60"
ID13771,08-Feb-2026,Transfer,129.25,0.00,"34,152.34"
ID13771,13-Jan-2026,Transfer,0.00,"1,003.22","39,369.14"
ID13771,19-Mar-2026,Direct Deposit,"4,840.78",0.00,"5,865.84"
ID13771,01-Mar-2026,Transfer,"1,323.63",0.00,"10,724.50"
ID13771,28-Jan-2026,ATM Withdrawal,0.00,214.63,"7,797.66"
ID13771,21-Feb-2026,ATM Withdrawal,0.00,936.15,"64,308.72"
ID13771,19-Mar-2026,Debit Card,0.00,159.73,"22,817.07"
ID13771,30-Jan-2026,Debit Card,0.00,536.33,"48,401.03"
ID13771,02-Apr-2026,ATM Withdrawal,0.00,823.46,"64,137.11"
ID13771,15-Feb-2026,Charge,0.00,414.71,"67,807.43"
ID13771,30-Mar-2026,Reversal,"1,420.28",0.00,"17,989.05"
ID13771,10-Feb-2026,Debit Card,0.00,753.07,"82,141.22"
ID13772,28-Jan-2026,Charge,0.00,756.25,"1,776.05"
ID13772,10-Jan-2026,Interest,11.14,0.00,"31,832.45"
ID13772,27-Jan-2026,Debit Card,0.00,902.10,"60,979.31"
ID13772,23-Mar-2026,Charge,0.00,855.36,"52,660.33"
ID13772,11-Feb-2026,Interest,201.98,0.00,"70,189.29"
ID13772,19-Feb-2026,Direct Deposit,742.64,0.00,"98,284.95"
ID13772,13-Mar-2026,Transfer,0.00,725.29,"58,085.69"
ID13772,25-Jan-2026,Payment,0.00,"1,085.09","93,756.38"
ID13772,15-Feb-2026,Interest,327.04,0.00,"76,372.00"
ID13772,21-Jan-2026,Transfer,0.00,"1,292.62","39,525.91"
ID13772,25-Jan-2026,Interest,352.80,0.00,"87,760.10"
ID13772,31-Jan-2026,Debit Card,0.00,500.18,"92,193.24"
ID13772,27-Feb-2026,Reversal,0.00,726.68,"4,678.86"
ID13772,24-Feb-2026,Payment,0.00,950.89,"54,788.25"
ID13772,16-Feb-2026,Direct Deposit,"4,604.92",0.00,"53,025.10"
ID13772,08-Mar-2026,Charge,0.00,613.52,"61,654.02"
ID13772,05-Mar-2026,Debit Card,0.00,938.14,"13,253.59"
ID13772,15-Jan-2026,Debit Card,0.00,845.46,"56,165.04"
ID13772,22-Jan-2026,Reversal,"1,327.59",0.00,"35,406.68"
ID13772,17-Mar-2026,Debit Card,0.00,288.30,"99,985.62"
ID13773,07-Mar-2026,Charge,0.00,216.60,"80,407.51"
ID13773,04-Jan-2026,Charge,0.00,198.37,"49,535.25"
ID13773,14-Jan-2026,Interest,393.35,0.00,"21,186.41"
ID13773,05-Jan-2026,Interest,144.32,0.00,"26,738.47"
ID13773,14-Feb-2026,Debit Card,0.00,861.61,"22,192.62"
ID13773,02-Feb-2026,Interest,247.92,0.00,"24,912.47"
ID13773,11-Mar-2026,Reversal,0.00,256.91,"96,886.38"
ID13773,19-Jan-2026,Interest,145.09,0.00,"91,297.46"
ID13773,17-Mar-2026,Charge,0.00,715.61,"57,624.36"
ID13773,16-Feb-2026,Direct Deposit,"3,950.72",0.00,"62,830.95"
ID13773,31-Mar-2026,Payment,"1,576.76",0.00,"46,170.12"
ID13773,23-Feb-2026,Reversal,0.00,"1,276.34","87,694.06"
ID13773,05-Jan-2026,Charge,0.00,183.77,"29,752.41"
ID13773,12-Jan-2026,Direct Deposit,"1,065.02",0.00,"32,429.41"
ID13773,24-Jan-2026,Payment,0.00,122.12,"92,165.07"
ID13773,20-Mar-2026,Payment,0.00,917.39,"26,562.01"
ID13773,20-Jan-2026,Debit Card,0.00,249.51,"54,878.52"
ID13773,11-Mar-2026,Payment,0.00,481.98,"39,328.10"
ID13773,28-Feb-2026,ATM Withdrawal,0.00,732.79,"6,053.04"
ID13773,10-Jan-2026,Charge,0.00,82.93,"31,628.80"
ID13774,11-Feb-2026,Direct Deposit,"4,771.83",0.00,"4,480.07"
ID13774,19-Mar-2026,Direct Deposit,"4,891.46",0.00,"65,775.08"
ID13774,26-Feb-2026,Direct Deposit,"3,641.44",0.00,"71,322.14"
ID13774,15-Mar-2026,Reversal,0.00,973.56,"18,486.31"
ID13774,19-Jan-2026,Interest,405.85,0.00,"39,514.93"
ID13774,24-Feb-2026,Reversal,339.19,0.00,"73,282.73"
ID13774,08-Feb-2026,Direct Deposit,"2,876.13",0.00,"63,885.51"
ID13774,05-Mar-2026,Reversal,0.00,165.91,"64,125.04"
ID13774,02-Feb-2026,Interest,194.59,0.00,"49,059.03"
ID13774,21-Feb-2026,Direct Deposit,824.21,0.00,"82,333.99"
ID13774,01-Feb-2026,ATM Withdrawal,0.00,205.50,"67,684.74"
ID13774,05-Mar-2026,ATM Withdrawal,0.00,775.37,"5,418.15"
ID13774,22-Mar-2026,Transfer,"1,051.96",0.00,"96,287.19"
ID13774,03-Jan-2026,ATM Withdrawal,0.00,490.87,"87,299.14"
ID13774,11-Feb-2026,ATM Withdrawal,0.00,516.92,"92,634.06"
ID13774,01-Mar-2026,Interest,440.18,0.00,"11,605.94"
ID13774,22-Mar-2026,Transfer,0.00,"1,245.64","43,633.44"
ID13774,16-Jan-2026,Charge,0.00,522.90,"73,868.51"
ID13774,17-Jan-2026,Transfer,603.77,0.00,"34,441.96"
ID13774,27-Jan-2026,Reversal,949.41,0.00,"14,610.17"
ID13775,28-Mar-2026,Direct Deposit,"3,272.98",0.00,"3,091.79"
ID13775,26-Feb-2026,Direct Deposit,"3,917.69",0.00,"98,960.58"
ID13775,10-Feb-2026,Interest,415.73,0.00,"96,371.16"
ID13775,06-Jan-2026,Reversal,0.00,"1,083.08","60,064.17"
ID13775,23-Jan-2026,Payment,0.00,750.18,"21,482.59"
ID13775,03-Feb-2026,Reversal,889.90,0.00,"24,479.29"
ID13775,21-Jan-2026,Reversal,0.00,717.51,"64,108.38"
ID13775,25-Mar-2026,ATM Withdrawal,0.00,351.17,"66,507.05"
ID13775,24-Mar-2026,Transfer,673.20,0.00,"70,711.36"
ID13775,03-Apr-2026,ATM Withdrawal,0.00,560.26,"67,652.72"
ID13775,16-Jan-2026,Charge,0.00,526.15,"38,803.98"
ID13775,23-Feb-2026,Charge,0.00,343.66,"4,706.01"
ID13775,06-Feb-2026,Interest,414.99,0.00,"9,658.06"
ID13775,23-Jan-2026,Charge,0.00,54.55,"28,683.76"
ID13775,08-Mar-2026,Interest,315.10,0.00,"33,660.68"
ID13775,25-Feb-2026,ATM Withdrawal,0.00,317.79,"7,732.68"
ID13775,03-Mar-2026,Payment,0.00,679.15,"57,385.58"
ID13775,15-Mar-2026,Direct Deposit,"4,075.89",0.00,"2,473.29"
ID13775,16-Mar-2026,Transfer,0.00,825.39,"4,592.76"
ID13775,10-Mar-2026,Transfer,540.82,0.00,"44,476.28"
ID13776,09-Mar-2026,Transfer,"1,799.12",0.00,"51,334.60"
ID13776,14-Jan-2026,Charge,0.00,169.72,"70,743.18"
ID13776,02-Apr-2026,Debit Card,0.00,997.76,"28,007.37"
ID13776,26-Jan-2026,ATM Withdrawal,0.00,260.45,"61,813.39"
ID13776,13-Jan-2026,ATM Withdrawal,0.00,297.54,"35,352.22"
ID13776,15-Jan-2026,Interest,359.96,0.00,"70,170.60"
ID13776,29-Jan-2026,Direct Deposit,"2,157.01",0.00,"32,786.78"
ID13776,04-Jan-2026,Interest,347.70,0.00,"31,300.86"
ID13776,30-Mar-2026,Direct Deposit,"4,153.07",0.00,"69,851.46"
ID13776,24-Jan-2026,Charge,0.00,677.00,"29,212.01"
ID13776,04-Jan-2026,Payment,0.00,670.52,"30,033.68"
ID13776,08-Mar-2026,Direct Deposit,"3,557.78",0.00,"31,171.71"
ID13776,19-Jan-2026,Transfer,"1,206.01",0.00,"45,882.29"
ID13776,15-Feb-2026,Direct Deposit,"3,178.09",0.00,"64,387.87"
ID13776,09-Mar-2026,Transfer,"1,785.58",0.00,"88,274.18"
ID13776,17-Jan-2026,Reversal,"1,921.40",0.00,"40,672.16"
ID13776,21-Jan-2026,Payment,0.00,347.22,"38,718.72"
ID13776,12-Feb-2026,Charge,0.00,810.62,"39,666.72"
ID13776,15-Mar-2026,Direct Deposit,"4,549.05",0.00,"37,242.26"
ID13776,02-Feb-2026,Payment,"1,324.54",0.00,"37,760.44"
ID13777,10-Feb-2026,Charge,0.00,545.05,"21,770.50"
ID13777,27-Jan-2026,ATM Withdrawal,0.00,946.50,"76,422.29"
ID13777,23-Jan-2026,Payment,0.00,488.25,"77,689.16"
ID13777,16-Feb-2026,Reversal,"1,808.14",0.00,"62,232.00"
ID13777,04-Feb-2026,Reversal,0.00,407.00,"41,675.57"
ID13777,24-Mar-2026,Interest,402.69,0.00,"13,788.32"
ID13777,15-Mar-2026,ATM Withdrawal,0.00,305.46,"5,952.16"
ID13777,03-Jan-2026,Transfer,0.00,267.97,"83,623.74"
ID13777,24-Feb-2026,ATM Withdrawal,0.00,259.62,"95,939.07"
ID13777,06-Mar-2026,Reversal,0.00,555.49,"93,224.89"
ID13777,23-Mar-2026,ATM Withdrawal,0.00,851.80,"49,230.98"
ID13777,13-Mar-2026,Direct Deposit,"4,250.92",0.00,"88,390.61"
ID13777,08-Jan-2026,Transfer,0.00,737.45,"26,500.35"
ID13777,10-Jan-2026,Interest,232.54,0.00,"94,944.47"
ID13777,21-Jan-2026,Charge,0.00,288.73,"66,949.99"
ID13777,27-Feb-2026,Reversal,0.00,99.79,"39,059.73"
ID13777,07-Jan-2026,Transfer,0.00,366.49,"48,903.09"
ID13777,10-Feb-2026,Debit Card,0.00,817.29,"91,930.63"
ID13777,07-Mar-2026,Direct Deposit,"2,995.62",0.00,"9,356.50"
ID13777,08-Jan-2026,Debit Card,0.00,454.54,"48,430.70"
ID13778,01-Apr-2026,ATM Withdrawal,0.00,952.07,"59,468.31"
ID13778,10-Mar-2026,Reversal,0.00,"1,110.54","36,527.66"
ID13778,14-Jan-2026,Charge,0.00,354.58,"67,076.59"
ID13778,27-Jan-2026,Debit Card,0.00,988.94,"71,606.00"
ID13778,06-Jan-2026,Payment,0.00,747.27,"52,734.53"
ID13778,23-Jan-2026,Payment,338.03,0.00,"92,091.24"
ID13778,25-Jan-2026,Debit Card,0.00,269.02,"68,047.01"
ID13778,01-Feb-2026,Debit Card,0.00,234.91,"60,210.06"
ID13778,16-Mar-2026,Direct Deposit,"2,239.76",0.00,"44,379.31"
ID13778,01-Feb-2026,Direct Deposit,"3,991.25",0.00,"91,706.75"
ID13778,04-Jan-2026,Transfer,"1,539.27",0.00,"76,648.75"
ID13778,25-Feb-2026,Direct Deposit,"3,685.74",0.00,"58,333.25"
ID13778,20-Jan-2026,Interest,441.12,0.00,"88,779.92"
ID13778,27-Mar-2026,Reversal,0.00,682.00,"58,895.79"
ID13778,31-Mar-2026,Interest,93.90,0.00,"20,784.98"
ID13778,05-Jan-2026,Payment,"1,282.55",0.00,"98,288.97"
ID13778,31-Mar-2026,ATM Withdrawal,0.00,519.46,"15,645.71"
ID13778,23-Feb-2026,Charge,0.00,429.45,"16,279.15"
ID13778,14-Mar-2026,Payment,653.00,0.00,"67,816.95"
ID13778,04-Feb-2026,Direct Deposit,"2,320.14",0.00,"45,709.06"
ID13779,06-Feb-2026,Reversal,"1,272.60",0.00,"50,161.76"
ID13779,02-Feb-2026,Debit Card,0.00,220.29,"87,869.24"
ID13779,07-Mar-2026,Debit Card,0.00,821.68,"48,658.00"
ID13779,27-Jan-2026,ATM Withdrawal,0.00,184.64,"17,255.11"
ID13779,21-Mar-2026,Payment,0.00,70.88,"1,881.56"
ID13779,27-Jan-2026,Direct Deposit,"4,541.81",0.00,"74,981.34"
ID13779,28-Jan-2026,Debit Card,0.00,324.68,"15,762.08"
ID13779,08-Jan-2026,Reversal,"1,118.77",0.00,"45,351.32"
ID13779,04-Feb-2026,Charge,0.00,577.83,"75,369.03"
ID13779,25-Mar-2026,Interest,335.80,0.00,"82,610.19"
ID13779,01-Feb-2026,Reversal,163.64,0.00,"46,358.94"
ID13779,20-Mar-2026,Direct Deposit,"1,342.28",0.00,"70,111.04"
ID13779,25-Feb-2026,Transfer,0.00,"1,301.66","24,525.25"
ID13779,23-Feb-2026,Interest,78.97,0.00,"76,833.38"
ID13779,05-Feb-2026,Direct Deposit,"3,054.21",0.00,"89,460.54"
ID13779,02-Apr-2026,Transfer,0.00,"1,234.38","12,229.88"
ID13779,12-Mar-2026,Transfer,"1,710.29",0.00,"50,518.97"
ID13779,23-Feb-2026,ATM Withdrawal,0.00,569.04,"31,507.35"
ID13779,12-Jan-2026,Direct Deposit,"3,076.04",0.00,"8,986.36"
ID13779,23-Feb-2026,Debit Card,0.00,733.47,"30,218.72"
ID13780,31-Mar-2026,Interest,350.74,0.00,"35,954.15"
ID13780,05-Feb-2026,Charge,0.00,542.59,"1,964.14"
ID13780,19-Feb-2026,Interest,71.41,0.00,"37,146.19"
ID13780,26-Feb-2026,Interest,268.91,0.00,"3,315.26"
ID13780,14-Feb-2026,Direct Deposit,"3,373.30",0.00,"11,037.23"
ID13780,30-Mar-2026,Debit Card,0.00,76.55,"50,239.34"
ID13780,03-Feb-2026,Charge,0.00,203.70,"54,639.22"
ID13780,07-Mar-2026,Interest,408.71,0.00,"96,738.66"
ID13780,22-Feb-2026,Reversal,"1,578.32",0.00,"13,488.81"
ID13780,01-Apr-2026,Charge,0.00,281.28,"38,637.18"
ID13780,21-Feb-2026,Interest,42.47,0.00,"37,821.69"
ID13780,28-Mar-2026,ATM Withdrawal,0.00,955.95,"2,458.24"
ID13780,01-Mar-2026,Reversal,0.00,906.25,"81,524.80"
ID13780,01-Mar-2026,ATM Withdrawal,0.00,523.58,"76,271.49"
ID13780,26-Feb-2026,Reversal,"1,159.29",0.00,"2,698.54"
ID13780,06-Mar-2026,Reversal,0.00,"1,391.51","23,835.05"
ID13780,06-Mar-2026,ATM Withdrawal,0.00,588.17,"10,311.63"
ID13780,22-Feb-2026,Direct Deposit,710.21,0.00,"68,841.73"
ID13780,29-Mar-2026,Payment,0.00,866.41,"41,337.97"
ID13780,18-Jan-2026,Debit Card,0.00,847.31,"8,467.36"
ID13781,12-Mar-2026,Interest,271.49,0.00,"7,479.68"
ID13781,06-Mar-2026,Payment,"1,818.40",0.00,"73,871.84"
ID13781,24-Mar-2026,Debit Card,0.00,17.75,"32,950.51"
ID13781,28-Feb-2026,Charge,0.00,956.58,"65,777.02"
ID13781,19-Mar-2026,Charge,0.00,242.74,"97,364.63"
ID13781,26-Mar-2026,Direct Deposit,"3,639.44",0.00,"99,472.28"
ID13781,12-Mar-2026,Reversal,0.00,235.97,"64,296.23"
ID13781,22-Jan-2026,Transfer,"1,459.22",0.00,"82,960.59"
ID13781,20-Feb-2026,Payment,0.00,695.52,"57,499.56"
ID13781,23-Mar-2026,Reversal,0.00,654.97,"63,825.67"
ID13781,03-Apr-2026,Payment,398.17,0.00,"56,420.50"
ID13781,25-Jan-2026,Reversal,0.00,"1,484.93","38,023.16"
ID13781,02-Mar-2026,Charge,0.00,968.01,"87,870.53"
ID13781,17-Feb-2026,Debit Card,0.00,613.02,"86,792.30"
ID13781,27-Mar-2026,Debit Card,0.00,86.50,"27,304.75"
ID13781,14-Jan-2026,ATM Withdrawal,0.00,167.27,"28,896.36"
ID13781,08-Feb-2026,Charge,0.00,940.50,"30,897.17"
ID13781,30-Jan-2026,Reversal,"1,589.42",0.00,"45,783.42"
ID13781,05-Feb-2026,Charge,0.00,764.20,"75,106.14"
ID13781,20-Jan-2026,Payment,0.00,"1,301.10","62,607.16"
ID13782,03-Apr-2026,Transfer,249.84,0.00,"53,202.25"
ID13782,29-Jan-2026,Transfer,715.40,0.00,"23,959.80"
ID13782,02-Mar-2026,ATM Withdrawal,0.00,831.96,"56,197.25"
ID13782,09-Jan-2026,Debit Card,0.00,100.97,"11,888.35"
ID13782,18-Feb-2026,Payment,0.00,"1,431.84","60,799.85"
ID13782,31-Jan-2026,Direct Deposit,"4,393.17",0.00,"90,515.95"
ID13782,29-Jan-2026,Direct Deposit,"4,007.83",0.00,"52,760.54"
ID13782,01-Feb-2026,Charge,0.00,716.49,"64,922.88"
ID13782,31-Mar-2026,Direct Deposit,"2,587.90",0.00,"78,056.25"
ID13782,21-Feb-2026,Charge,0.00,720.30,"49,969.40"
ID13782,22-Jan-2026,Transfer,0.00,298.72,"12,150.07"
ID13782,24-Jan-2026,Reversal,0.00,782.71,"88,295.60"
ID13782,09-Feb-2026,Transfer,0.00,"1,410.89","51,194.24"
ID13782,06-Jan-2026,Payment,0.00,375.20,"34,983.52"
ID13782,22-Mar-2026,Charge,0.00,594.27,"34,135.38"
ID13782,03-Jan-2026,Reversal,0.00,413.10,"47,649.76"
ID13782,17-Feb-2026,Reversal,"1,331.73",0.00,"11,339.73"
ID13782,28-Jan-2026,Reversal,0.00,951.83,"67,304.90"
ID13782,04-Jan-2026,Charge,0.00,565.40,"91,285.47"
ID13782,02-Apr-2026,Transfer,178.97,0.00,"96,080.64"
ID13783,06-Jan-2026,Transfer,0.00,"1,376.42","32,952.83"
ID13783,20-Feb-2026,Transfer,0.00,"1,206.56","67,102.84"
ID13783,16-Mar-2026,Transfer,0.00,"1,464.17","52,192.50"
ID13783,05-Jan-2026,Reversal,0.00,546.65,"65,666.07"
ID13783,17-Feb-2026,Direct Deposit,"2,378.96",0.00,"60,252.20"
ID13783,16-Feb-2026,Transfer,0.00,244.94,"76,704.31"
ID13783,01-Mar-2026,Interest,357.18,0.00,"10,558.76"
ID13783,12-Mar-2026,Payment,"1,437.10",0.00,"8,459.86"
ID13783,08-Mar-2026,Debit Card,0.00,469.82,"43,992.71"
ID13783,06-Jan-2026,ATM Withdrawal,0.00,47.90,"14,657.77"
ID13783,31-Mar-2026,Payment,0.00,793.81,"95,026.67"
ID13783,22-Mar-2026,Charge,0.00,446.74,"31,313.15"
ID13783,08-Mar-2026,Direct Deposit,"4,657.04",0.00,"76,190.59"
ID13783,04-Jan-2026,ATM Withdrawal,0.00,359.33,"44,113.57"
ID13783,17-Mar-2026,Interest,450.79,0.00,"55,272.74"
ID13783,23-Mar-2026,ATM Withdrawal,0.00,902.13,"32,041.50"
ID13783,12-Feb-2026,ATM Withdrawal,0.00,669.53,"66,145.87"
ID13783,19-Feb-2026,Direct Deposit,"1,799.53",0.00,"9,641.25"
ID13783,03-Jan-2026,Transfer,0.00,"1,177.73","48,072.34"
ID13783,16-Jan-2026,Interest,395.64,0.00,"36,142.01"
ID13784,14-Jan-2026,Reversal,"1,049.54",0.00,"12,552.32"
ID13784,22-Feb-2026,Direct Deposit,730.85,0.00,"76,524.25"
ID13784,20-Jan-2026,Direct Deposit,"4,916.48",0.00,"26,355.82"
ID13784,23-Feb-2026,Reversal,"1,228.46",0.00,"97,610.47"
ID13784,21-Feb-2026,Payment,"1,004.03",0.00,"85,102.68"
ID13784,18-Jan-2026,Direct Deposit,"1,444.07",0.00,"18,084.00"
ID13784,21-Mar-2026,Direct Deposit,"4,261.63",0.00,"87,097.60"
ID13784,20-Feb-2026,Reversal,"1,747.74",0.00,"47,253.09"
ID13784,02-Feb-2026,Transfer,0.00,612.55,"85,515.84"
ID13784,23-Mar-2026,Direct Deposit,"2,724.04",0.00,"92,926.32"
ID13784,14-Jan-2026,Reversal,"1,865.96",0.00,"30,847.16"
ID13784,19-Feb-2026,Charge,0.00,370.71,"5,423.98"
ID13784,13-Feb-2026,Charge,0.00,965.50,"91,615.74"
ID13784,17-Feb-2026,Reversal,0.00,159.57,"33,111.47"
ID13784,04-Feb-2026,Interest,352.94,0.00,"56,216.62"
ID13784,08-Jan-2026,ATM Withdrawal,0.00,572.68,"27,911.84"
ID13784,22-Feb-2026,Reversal,175.76,0.00,"4,188.82"
ID13784,22-Jan-2026,ATM Withdrawal,0.00,596.70,"5,025.42"
ID13784,16-Feb-2026,Direct Deposit,"3,329.95",0.00,"37,547.79"
ID13784,19-Feb-2026,Charge,0.00,197.70,"41,733.81"
ID13785,06-Jan-2026,Transfer,0.00,"1,165.90","57,071.66"
ID13785,19-Jan-2026,ATM Withdrawal,0.00,702.58,"46,422.79"
ID13785,19-Mar-2026,ATM Withdrawal,0.00,307.26,"55,106.04"
ID13785,09-Feb-2026,Payment,0.00,112.62,"25,642.41"
ID13785,02-Feb-2026,Transfer,0.00,74.04,"78,052.52"
ID13785,13-Feb-2026,Interest,482.67,0.00,"71,604.37"
ID13785,05-Feb-2026,Payment,0.00,625.09,"13,554.73"
ID13785,08-Feb-2026,Charge,0.00,891.75,"3,056.66"
ID13785,13-Mar-2026,Debit Card,0.00,229.66,"19,361.78"
ID13785,31-Mar-2026,Reversal,0.00,548.69,"33,454.78"
ID13785,06-Feb-2026,Debit Card,0.00,30.21,"2,441.76"
ID13785,02-Mar-2026,ATM Withdrawal,0.00,966.38,"70,068.78"
ID13785,18-Jan-2026,Interest,83.07,0.00,"23,054.05"
ID13785,12-Jan-2026,Payment,0.00,335.73,"57,251.58"
ID13785,23-Mar-2026,Transfer,227.68,0.00,"83,195.43"
ID13785,27-Feb-2026,Reversal,0.00,"1,410.19","40,994.37"
ID13785,03-Mar-2026,Direct Deposit,"4,113.15",0.00,"5,007.92"
ID13785,19-Jan-2026,Payment,"1,067.08",0.00,"19,005.31"
ID13785,01-Feb-2026,Interest,489.97,0.00,"50,768.33"
ID13785,31-Mar-2026,Reversal,0.00,425.52,"43,986.18"
ID13786,26-Mar-2026,Transfer,299.50,0.00,"49,697.68"
ID13786,07-Feb-2026,Transfer,781.58,0.00,"99,540.27"
ID13786,24-Jan-2026,Interest,406.75,0.00,"39,696.69"
ID13786,01-Feb-2026,Charge,0.00,715.42,"86,100.12"
ID13786,10-Jan-2026,Charge,0.00,512.11,"49,603.79"
ID13786,23-Jan-2026,ATM Withdrawal,0.00,750.78,"66,708.47"
ID13786,06-Jan-2026,Transfer,0.00,"1,216.16","68,987.19"
ID13786,12-Mar-2026,Reversal,0.00,"1,375.81","34,349.27"
ID13786,30-Mar-2026,Interest,374.06,0.00,"20,030.20"
ID13786,15-Feb-2026,ATM Withdrawal,0.00,986.77,"32,927.01"
ID13786,26-Jan-2026,ATM Withdrawal,0.00,536.09,"48,416.23"
ID13786,03-Apr-2026,Interest,49.97,0.00,"54,656.85"
ID13786,23-Mar-2026,Debit Card,0.00,528.41,"68,540.43"
ID13786,05-Feb-2026,Debit Card,0.00,49.07,"95,534.77"
ID13786,23-Jan-2026,Charge,0.00,587.52,"31,719.78"
ID13786,02-Apr-2026,Transfer,"1,132.79",0.00,"21,021.68"
ID13786,28-Feb-2026,Charge,0.00,949.82,"32,799.49"
ID13786,03-Jan-2026,ATM Withdrawal,0.00,678.84,"53,707.45"
ID13786,08-Mar-2026,Debit Card,0.00,45.65,"44,884.15"
ID13786,24-Jan-2026,Debit Card,0.00,358.04,"73,917.79"
ID13787,25-Jan-2026,Interest,216.34,0.00,"78,073.32"
ID13787,11-Mar-2026,Charge,0.00,93.34,"63,532.61"
ID13787,16-Feb-2026,Debit Card,0.00,988.21,"65,483.25"
ID13787,23-Feb-2026,Direct Deposit,"3,464.39",0.00,"79,641.15"
ID13787,27-Feb-2026,Interest,115.61,0.00,"57,578.71"
ID13787,11-Jan-2026,Direct Deposit,"2,921.13",0.00,"93,137.67"
ID13787,10-Jan-2026,Debit Card,0.00,718.85,"13,154.54"
ID13787,10-Feb-2026,Interest,308.11,0.00,"19,585.56"
ID13787,05-Jan-2026,Interest,11.31,0.00,"77,657.02"
ID13787,23-Feb-2026,Debit Card,0.00,227.28,"17,496.74"
ID13787,12-Feb-2026,Direct Deposit,"2,460.47",0.00,"27,701.56"
ID13787,23-Jan-2026,Debit Card,0.00,881.61,"63,163.11"
ID13787,28-Feb-2026,Reversal,248.32,0.00,"32,994.48"
ID13787,03-Mar-2026,Charge,0.00,150.36,"75,870.32"
ID13787,30-Jan-2026,Interest,105.94,0.00,"85,246.26"
ID13787,03-Mar-2026,ATM Withdrawal,0.00,194.26,"56,692.36"
ID13787,24-Mar-2026,Payment,"1,212.70",0.00,"59,726.56"
ID13787,14-Jan-2026,Debit Card,0.00,245.00,"46,113.97"
ID13787,01-Feb-2026,Charge,0.00,253.29,"65,774.67"
ID13787,31-Mar-2026,Debit Card,0.00,89.41,"40,228.41"
ID13788,14-Mar-2026,Charge,0.00,217.80,"36,008.15"
ID13788,30-Mar-2026,Debit Card,0.00,293.11,"12,769.59"
ID13788,03-Apr-2026,Debit Card,0.00,609.48,"47,962.88"
ID13788,09-Mar-2026,Charge,0.00,819.33,"83,525.85"
ID13788,03-Feb-2026,Charge,0.00,794.58,"36,300.81"
ID13788,09-Feb-2026,Transfer,517.40,0.00,"28,480.94"
ID13788,24-Feb-2026,Debit Card,0.00,455.66,"31,763.46"
ID13788,27-Jan-2026,ATM Withdrawal,0.00,559.19,"42,630.67"
ID13788,29-Jan-2026,ATM Withdrawal,0.00,40.01,"17,328.77"
ID13788,04-Jan-2026,Charge,0.00,189.33,"13,972.65"
ID13788,14-Jan-2026,Transfer,0.00,"1,046.85","44,051.96"
ID13788,25-Jan-2026,ATM Withdrawal,0.00,139.54,"20,751.93"
ID13788,18-Jan-2026,Debit Card,0.00,233.83,"32,389.95"
ID13788,09-Jan-2026,Charge,0.00,65.71,"30,223.93"
ID13788,04-Feb-2026,Direct Deposit,780.90,0.00,"78,532.39"
ID13788,09-Feb-2026,Reversal,0.00,"1,293.72","30,329.13"
ID13788,31-Jan-2026,Transfer,417.80,0.00,"24,049.26"
ID13788,09-Jan-2026,ATM Withdrawal,0.00,387.17,"70,807.37"
ID13788,29-Jan-2026,Direct Deposit,723.40,0.00,"15,055.92"
ID13788,31-Mar-2026,Debit Card,0.00,169.63,"58,616.32"
ID13789,25-Mar-2026,Direct Deposit,"2,934.26",0.00,"79,775.65"
ID13789,12-Mar-2026,ATM Withdrawal,0.00,282.91,"97,901.60"
ID13789,19-Jan-2026,Debit Card,0.00,50.96,"90,850.37"
ID13789,20-Feb-2026,ATM Withdrawal,0.00,99.01,"49,256.29"
ID13789,26-Mar-2026,Reversal,0.00,"1,064.62","82,025.07"
ID13789,01-Mar-2026,Interest,126.72,0.00,"34,072.84"
ID13789,02-Feb-2026,Direct Deposit,"3,032.20",0.00,"96,535.40"
ID13789,13-Feb-2026,Interest,35.02,0.00,"30,404.42"
ID13789,06-Feb-2026,Transfer,972.92,0.00,"57,062.41"
ID13789,07-Jan-2026,Charge,0.00,355.74,"9,013.47"
ID13789,04-Mar-2026,Reversal,0.00,141.75,"10,552.76"
ID13789,21-Jan-2026,Transfer,"1,790.13",0.00,"8,431.90"
ID13789,12-Feb-2026,ATM Withdrawal,0.00,989.29,"26,590.66"
ID13789,05-Feb-2026,Reversal,0.00,181.62,"16,543.10"
ID13789,17-Jan-2026,Direct Deposit,"1,725.42",0.00,"72,222.61"
ID13789,01-Feb-2026,ATM Withdrawal,0.00,43.50,"19,037.29"
ID13789,18-Jan-2026,Interest,250.72,0.00,"79,961.80"
ID13789,21-Feb-2026,Charge,0.00,20.68,"24,408.93"
ID13789,16-Mar-2026,Transfer,"1,890.70",0.00,"13,018.75"
ID13789,21-Mar-2026,Reversal,"1,697.34",0.00,"88,453.15"
ID13790,20-Jan-2026,ATM Withdrawal,0.00,230.58,"95,186.29"
ID13790,22-Feb-2026,ATM Withdrawal,0.00,550.85,"64,766.18"
ID13790,20-Feb-2026,Transfer,0.00,618.76,"2,621.87"
ID13790,04-Feb-2026,Direct Deposit,"3,416.62",0.00,"15,642.18"
ID13790,16-Mar-2026,Transfer,"1,403.65",0.00,"88,653.43"
ID13790,28-Feb-2026,Debit Card,0.00,956.37,"33,179.87"
ID13790,19-Mar-2026,Reversal,0.00,"1,086.10","90,919.29"
ID13790,01-Feb-2026,Direct Deposit,"3,031.52",0.00,"36,014.31"
ID13790,06-Feb-2026,Transfer,"1,971.77",0.00,"82,489.39"
ID13790,26-Jan-2026,Debit Card,0.00,778.53,"83,704.74"
ID13790,02-Feb-2026,Payment,0.00,"1,436.17","31,312.22"
ID13790,13-Mar-2026,Transfer,0.00,"1,386.27","19,198.66"
ID13790,20-Jan-2026,Direct Deposit,"3,627.04",0.00,"43,699.88"
ID13790,03-Apr-2026,Debit Card,0.00,658.67,"79,462.94"
ID13790,18-Feb-2026,ATM Withdrawal,0.00,286.71,"27,835.36"
ID13790,02-Apr-2026,Charge,0.00,109.05,"48,982.46"
ID13790,30-Jan-2026,Direct Deposit,"2,281.37",0.00,"86,425.28"
ID13790,03-Apr-2026,Reversal,0.00,102.49,"87,025.84"
ID13790,06-Feb-2026,Payment,277.47,0.00,"99,245.04"
ID13790,22-Feb-2026,Reversal,0.00,416.92,"64,233.56"
ID13791,26-Feb-2026,Interest,46.97,0.00,"33,716.09"
ID13791,07-Jan-2026,Direct Deposit,"3,323.56",0.00,"25,043.49"
ID13791,21-Jan-2026,Interest,381.18,0.00,"54,223.13"
ID13791,04-Jan-2026,Interest,354.88,0.00,"29,047.34"
ID13791,15-Jan-2026,Debit Card,0.00,851.39,"86,809.53"
ID13791,26-Mar-2026,Direct Deposit,"1,670.00",0.00,"85,821.33"
ID13791,26-Feb-2026,Reversal,"1,243.80",0.00,"61,564.86"
ID13791,14-Mar-2026,Interest,70.72,0.00,"19,861.58"
ID13791,01-Mar-2026,Reversal,0.00,729.40,"69,635.49"
ID13791,27-Mar-2026,Debit Card,0.00,581.66,"84,635.51"
ID13791,09-Mar-2026,Direct Deposit,"3,707.19",0.00,"14,533.55"
ID13791,27-Jan-2026,Payment,0.00,"1,080.45","10,395.81"
ID13791,11-Feb-2026,Direct Deposit,"1,559.49",0.00,"30,071.30"
ID13791,08-Mar-2026,Charge,0.00,951.95,"48,006.21"
ID13791,28-Mar-2026,Debit Card,0.00,78.85,"41,352.72"
ID13791,13-Jan-2026,Debit Card,0.00,139.13,"95,282.04"
ID13791,29-Mar-2026,Debit Card,0.00,118.14,"66,380.04"
ID13791,07-Feb-2026,Direct Deposit,"4,351.88",0.00,"92,775.64"
ID13791,19-Mar-2026,Charge,0.00,248.42,"8,527.01"
ID13791,18-Mar-2026,Debit Card,0.00,84.38,"44,514.34"
ID13792,23-Jan-2026,Transfer,"1,407.39",0.00,"9,392.27"
ID13792,30-Mar-2026,Interest,443.04,0.00,"59,614.71"
ID13792,27-Mar-2026,Direct Deposit,"4,500.22",0.00,"68,367.73"
ID13792,04-Feb-2026,Debit Card,0.00,564.04,"79,750.98"
ID13792,25-Feb-2026,Debit Card,0.00,885.34,"50,170.25"
ID13792,22-Jan-2026,Interest,469.33,0.00,"86,371.78"
ID13792,12-Mar-2026,Interest,303.66,0.00,"29,688.09"
ID13792,11-Mar-2026,Direct Deposit,"2,667.70",0.00,"35,450.58"
ID13792,17-Mar-2026,Interest,438.09,0.00,"11,680.85"
ID13792,04-Mar-2026,Reversal,0.00,576.51,"9,657.24"
ID13792,09-Feb-2026,Debit Card,0.00,740.48,"57,969.43"
ID13792,02-Feb-2026,Debit Card,0.00,669.49,"89,464.46"
ID13792,22-Jan-2026,Interest,404.23,0.00,"86,022.54"
ID13792,10-Mar-2026,Reversal,0.00,800.84,"94,781.22"
ID13792,10-Feb-2026,Interest,60.50,0.00,"21,451.74"
ID13792,15-Feb-2026,ATM Withdrawal,0.00,129.00,"63,925.50"
ID13792,18-Mar-2026,Charge,0.00,209.00,"52,142.94"
ID13792,28-Jan-2026,Payment,0.00,550.83,"34,719.08"
ID13792,03-Mar-2026,Transfer,0.00,867.96,"88,900.67"
ID13792,11-Mar-2026,Reversal,"1,505.15",0.00,"44,407.86"
ID13793,06-Jan-2026,Transfer,0.00,869.17,"82,567.65"
ID13793,10-Feb-2026,ATM Withdrawal,0.00,981.28,"2,197.80"
ID13793,02-Feb-2026,Transfer,138.13,0.00,"95,890.40"
ID13793,13-Feb-2026,Debit Card,0.00,202.05,"76,999.21"
ID13793,16-Feb-2026,Interest,67.44,0.00,"52,213.38"
ID13793,02-Feb-2026,Transfer,0.00,551.86,"77,297.28"
ID13793,05-Mar-2026,Payment,"1,072.06",0.00,"23,163.51"
ID13793,21-Feb-2026,Interest,332.75,0.00,"34,342.29"
ID13793,15-Mar-2026,Payment,0.00,839.54,"33,485.09"
ID13793,25-Feb-2026,Reversal,0.00,965.27,"73,492.68"
ID13793,04-Mar-2026,Direct Deposit,"4,283.66",0.00,"62,346.90"
ID13793,14-Feb-2026,Debit Card,0.00,345.36,"45,415.69"
ID13793,08-Jan-2026,Direct Deposit,"4,321.61",0.00,"68,616.36"
ID13793,23-Feb-2026,Interest,494.68,0.00,"24,900.64"
ID13793,17-Jan-2026,Interest,497.45,0.00,"92,409.45"
ID13793,19-Feb-2026,Reversal,"1,058.50",0.00,"11,784.12"
ID13793,19-Jan-2026,Direct Deposit,859.23,0.00,"74,609.65"
ID13793,07-Mar-2026,Interest,188.98,0.00,"7,466.82"
ID13793,07-Jan-2026,ATM Withdrawal,0.00,203.28,"46,126.89"
ID13793,06-Mar-2026,Debit Card,0.00,859.35,"12,749.31"
ID13794,17-Jan-2026,Debit Card,0.00,895.13,"83,079.34"
ID13794,13-Feb-2026,Debit Card,0.00,842.90,"88,307.70"
ID13794,22-Jan-2026,ATM Withdrawal,0.00,396.29,"15,368.57"
ID13794,20-Mar-2026,Charge,0.00,181.74,"2,641.11"
ID13794,08-Jan-2026,Transfer,"1,862.95",0.00,"57,621.12"
ID13794,03-Feb-2026,Payment,0.00,488.40,"17,028.64"
ID13794,12-Mar-2026,Payment,"1,982.77",0.00,"28,510.53"
ID13794,20-Feb-2026,Transfer,"1,605.75",0.00,"35,155.27"
ID13794,08-Jan-2026,Direct Deposit,"4,479.62",0.00,"78,631.75"
ID13794,12-Mar-2026,Reversal,235.64,0.00,"53,014.56"
ID13794,25-Mar-2026,Transfer,0.00,"1,351.37","92,732.18"
ID13794,02-Apr-2026,Interest,311.86,0.00,"77,236.66"
ID13794,19-Feb-2026,Debit Card,0.00,141.20,"57,230.64"
ID13794,12-Jan-2026,Payment,0.00,"1,445.18","48,400.18"
ID13794,26-Feb-2026,Transfer,0.00,"1,400.23","30,154.63"
ID13794,21-Jan-2026,Interest,436.30,0.00,"57,725.54"
ID13794,28-Jan-2026,Reversal,0.00,"1,256.39","30,997.71"
ID13794,20-Jan-2026,Payment,361.24,0.00,"50,398.28"
ID13794,15-Feb-2026,Debit Card,0.00,859.51,"14,097.70"
ID13794,30-Jan-2026,Payment,548.96,0.00,"12,420.91"
ID13795,18-Mar-2026,Reversal,0.00,912.38,"2,296.07"
ID13795,21-Jan-2026,Direct Deposit,"1,799.02",0.00,"15,936.48"
ID13795,20-Jan-2026,Charge,0.00,53.40,"89,736.57"
ID13795,17-Mar-2026,Direct Deposit,"1,184.22",0.00,"61,299.51"
ID13795,26-Mar-2026,Payment,"1,950.37",0.00,"81,623.36"
ID13795,06-Jan-2026,Charge,0.00,451.82,"62,121.01"
ID13795,06-Mar-2026,Direct Deposit,"2,123.80",0.00,"45,523.72"
ID13795,27-Feb-2026,Debit Card,0.00,491.56,"38,618.06"
ID13795,20-Mar-2026,Interest,203.00,0.00,"5,665.71"
ID13795,25-Jan-2026,Charge,0.00,693.87,"56,102.00"
ID13795,04-Jan-2026,ATM Withdrawal,0.00,343.63,"53,749.06"
ID13795,18-Mar-2026,Transfer,0.00,832.05,"84,641.45"
ID13795,16-Feb-2026,Transfer,599.35,0.00,"27,762.60"
ID13795,27-Jan-2026,ATM Withdrawal,0.00,785.35,"3,738.94"
ID13795,28-Feb-2026,ATM Withdrawal,0.00,983.38,"19,483.15"
ID13795,26-Mar-2026,Reversal,282.81,0.00,"21,533.44"
ID13795,15-Mar-2026,Transfer,"1,861.03",0.00,"77,537.54"
ID13795,20-Mar-2026,Debit Card,0.00,811.37,"46,458.33"
ID13795,23-Feb-2026,Interest,428.40,0.00,"94,042.40"
ID13795,05-Feb-2026,Debit Card,0.00,141.39,"97,342.00"
ID13796,27-Mar-2026,ATM Withdrawal,0.00,649.22,"73,976.66"
ID13796,27-Mar-2026,Direct Deposit,"4,924.56",0.00,"64,384.45"
ID13796,28-Feb-2026,Charge,0.00,746.03,"25,217.16"
ID13796,19-Mar-2026,Debit Card,0.00,319.43,"98,508.07"
ID13796,23-Jan-2026,Transfer,0.00,809.79,"82,466.07"
ID13796,27-Jan-2026,Interest,446.05,0.00,"27,921.24"
ID13796,11-Jan-2026,Transfer,0.00,"1,329.55","57,983.99"
ID13796,02-Apr-2026,Payment,0.00,807.05,"77,118.47"
ID13796,28-Mar-2026,Reversal,911.69,0.00,"41,336.63"
ID13796,31-Mar-2026,Debit Card,0.00,482.41,"69,281.99"
ID13796,26-Jan-2026,Direct Deposit,"4,525.52",0.00,"67,747.15"
ID13796,13-Mar-2026,Direct Deposit,"4,958.48",0.00,"69,245.84"
ID13796,09-Feb-2026,Debit Card,0.00,102.20,"63,397.70"
ID13796,18-Jan-2026,Debit Card,0.00,422.09,"99,536.56"
ID13796,06-Feb-2026,Direct Deposit,894.77,0.00,"65,685.55"
ID13796,06-Feb-2026,Direct Deposit,"2,707.44",0.00,"65,068.28"
ID13796,28-Feb-2026,Transfer,0.00,"1,405.82","51,713.65"
ID13796,20-Jan-2026,Debit Card,0.00,137.36,"15,128.99"
ID13796,08-Mar-2026,Reversal,"1,016.40",0.00,"9,984.26"
ID13796,21-Mar-2026,Direct Deposit,"4,179.51",0.00,"53,491.79"
ID13797,28-Jan-2026,ATM Withdrawal,0.00,694.93,"53,940.09"
ID13797,03-Apr-2026,Charge,0.00,99.51,"3,286.77"
ID13797,21-Feb-2026,ATM Withdrawal,0.00,878.52,"55,751.94"
ID13797,15-Jan-2026,Debit Card,0.00,525.70,"51,651.91"
ID13797,18-Feb-2026,Charge,0.00,652.40,"66,447.89"
ID13797,06-Feb-2026,Payment,0.00,583.94,"67,406.06"
ID13797,16-Feb-2026,Interest,236.49,0.00,"29,332.20"
ID13797,27-Jan-2026,Transfer,448.96,0.00,"1,202.21"
ID13797,23-Mar-2026,Transfer,0.00,404.77,"26,355.93"
ID13797,13-Jan-2026,ATM Withdrawal,0.00,645.55,"38,492.71"
ID13797,06-Jan-2026,Reversal,"1,777.96",0.00,"50,328.01"
ID13797,18-Feb-2026,Direct Deposit,"3,230.11",0.00,"9,871.12"
ID13797,16-Jan-2026,Debit Card,0.00,96.00,"73,853.75"
ID13797,29-Mar-2026,Charge,0.00,454.54,"62,962.75"
ID13797,03-Mar-2026,Charge,0.00,933.56,"11,515.37"
ID13797,10-Jan-2026,Reversal,0.00,"1,171.67","39,541.48"
ID13797,17-Mar-2026,Direct Deposit,"3,154.66",0.00,"63,084.21"
ID13797,24-Mar-2026,ATM Withdrawal,0.00,447.52,"99,182.64"
ID13797,26-Feb-2026,Charge,0.00,963.84,"41,730.60"
ID13797,19-Feb-2026,Reversal,"1,278.46",0.00,"69,658.52"
ID13798,08-Feb-2026,Reversal,0.00,902.18,"42,652.41"
ID13798,13-Jan-2026,Charge,0.00,956.31,"81,896.74"
ID13798,15-Jan-2026,Charge,0.00,767.29,"64,846.80"
ID13798,11-Feb-2026,Reversal,0.00,540.70,"62,910.83"
ID13798,04-Mar-2026,Reversal,"1,219.38",0.00,"62,913.11"
ID13798,15-Mar-2026,Charge,0.00,137.06,"46,454.48"
ID13798,22-Feb-2026,Charge,0.00,51.33,"72,747.03"
ID13798,17-Feb-2026,Charge,0.00,672.87,"38,800.93"
ID13798,03-Mar-2026,Debit Card,0.00,510.64,"83,742.74"
ID13798,10-Feb-2026,Payment,"1,757.92",0.00,"24,778.02"
ID13798,08-Mar-2026,Interest,172.36,0.00,"25,716.07"
ID13798,28-Jan-2026,ATM Withdrawal,0.00,317.30,"67,018.50"
ID13798,07-Mar-2026,Transfer,871.20,0.00,"59,281.17"
ID13798,15-Jan-2026,Charge,0.00,153.45,"81,390.04"
ID13798,06-Feb-2026,Interest,392.73,0.00,"10,269.60"
ID13798,14-Jan-2026,Interest,300.04,0.00,"85,024.80"
ID13798,31-Mar-2026,Transfer,"1,968.46",0.00,"62,832.59"
ID13798,02-Feb-2026,Transfer,0.00,963.35,"96,680.26"
ID13798,24-Mar-2026,Reversal,0.00,378.47,"37,705.92"
ID13798,30-Mar-2026,ATM Withdrawal,0.00,872.95,"74,971.04"
ID13799,19-Feb-2026,Direct Deposit,"4,580.63",0.00,"57,869.38"
ID13799,11-Jan-2026,Direct Deposit,"1,087.72",0.00,"11,692.48"
ID13799,07-Mar-2026,Debit Card,0.00,354.63,"77,658.12"
ID13799,21-Jan-2026,ATM Withdrawal,0.00,704.85,"34,215.12"
ID13799,27-Mar-2026,Payment,0.00,470.10,"55,449.02"
ID13799,03-Jan-2026,Payment,339.87,0.00,"88,309.96"
ID13799,11-Feb-2026,Reversal,0.00,587.42,"58,085.62"
ID13799,28-Feb-2026,Charge,0.00,195.51,"72,062.17"
ID13799,02-Feb-2026,Payment,828.00,0.00,"36,961.74"
ID13799,12-Mar-2026,ATM Withdrawal,0.00,508.53,"28,163.98"
ID13799,15-Jan-2026,ATM Withdrawal,0.00,429.69,"39,982.01"
ID13799,18-Feb-2026,Direct Deposit,"4,890.86",0.00,"58,725.27"
ID13799,23-Mar-2026,Payment,"1,933.36",0.00,"24,378.65"
ID13799,20-Jan-2026,Charge,0.00,535.61,"74,158.98"
ID13799,31-Jan-2026,Transfer,0.00,689.96,"81,483.16"
ID13799,08-Feb-2026,Payment,322.54,0.00,"29,823.94"
ID13799,03-Feb-2026,Direct Deposit,882.87,0.00,"29,577.89"
ID13799,17-Feb-2026,Reversal,697.62,0.00,"79,870.55"
ID13799,26-Feb-2026,Debit Card,0.00,997.75,"35,573.48"
ID13799,19-Jan-2026,ATM Withdrawal,0.00,517.44,"79,724.39"
ID13800,04-Jan-2026,Reversal,0.00,694.06,"69,707.83"
ID13800,22-Mar-2026,Interest,211.06,0.00,"88,749.65"
ID13800,08-Mar-2026,Reversal,0.00,175.83,"74,341.17"
ID13800,11-Jan-2026,Interest,374.74,0.00,"45,363.22"
ID13800,11-Jan-2026,Charge,0.00,59.84,"76,640.46"
ID13800,21-Jan-2026,Reversal,0.00,"1,401.37","47,817.08"
ID13800,27-Mar-2026,Debit Card,0.00,260.02,"59,971.23"
ID13800,08-Mar-2026,Transfer,0.00,730.19,"41,378.55"
ID13800,07-Mar-2026,Debit Card,0.00,438.72,"58,170.21"
ID13800,02-Mar-2026,Reversal,0.00,857.48,"89,182.54"
ID13800,27-Mar-2026,Reversal,493.63,0.00,"42,333.00"
ID13800,11-Mar-2026,Transfer,0.00,83.52,"1,946.02"
ID13800,28-Mar-2026,Transfer,0.00,483.35,"5,963.46"
ID13800,22-Jan-2026,Reversal,967.78,0.00,"55,849.63"
ID13800,01-Mar-2026,Direct Deposit,"4,166.30",0.00,"47,803.32"
ID13800,18-Mar-2026,Interest,377.40,0.00,"35,549.06"
ID13800,09-Mar-2026,Transfer,"1,724.15",0.00,"71,894.38"
ID13800,26-Mar-2026,Transfer,"1,145.21",0.00,"18,845.82"
ID13800,07-Mar-2026,Reversal,"1,497.08",0.00,"38,702.99"
ID13800,07-Feb-2026,Debit Card,0.00,599.10,"98,212.89"
ID13801,16-Feb-2026,Transfer,0.00,516.13,"12,318.37"
ID13801,09-Jan-2026,Payment,0.00,"1,423.06","30,633.45"
ID13801,29-Jan-2026,Payment,0.00,109.88,"4,748.30"
ID13801,22-Feb-2026,Interest,472.39,0.00,"33,753.89"
ID13801,09-Mar-2026,ATM Withdrawal,0.00,417.82,"58,811.28"
ID13801,22-Jan-2026,Payment,0.00,982.90,"88,891.49"
ID13801,31-Mar-2026,Charge,0.00,111.63,"86,740.99"
ID13801,03-Feb-2026,Transfer,579.07,0.00,"97,455.16"
ID13801,07-Mar-2026,ATM Withdrawal,0.00,69.52,"54,627.14"
ID13801,27-Feb-2026,Charge,0.00,623.92,"29,357.22"
ID13801,07-Mar-2026,Reversal,0.00,514.85,"21,176.30"
ID13801,21-Jan-2026,Charge,0.00,817.11,"62,207.68"
ID13801,04-Mar-2026,ATM Withdrawal,0.00,45.27,"21,664.68"
ID13801,07-Jan-2026,Transfer,"1,281.99",0.00,"11,939.91"
ID13801,30-Mar-2026,Reversal,0.00,"1,381.78","23,718.87"
ID13801,24-Feb-2026,Payment,0.00,620.04,"46,661.36"
ID13801,08-Jan-2026,Reversal,325.93,0.00,"58,816.38"
ID13801,04-Mar-2026,Direct Deposit,"3,309.03",0.00,"68,473.08"
ID13801,12-Jan-2026,Interest,150.57,0.00,"48,668.20"
ID13801,01-Mar-2026,Interest,151.04,0.00,"83,667.51"
ID13802,16-Mar-2026,Interest,174.55,0.00,"23,919.06"
ID13802,15-Jan-2026,Charge,0.00,826.05,"54,533.81"
ID13802,18-Feb-2026,Reversal,0.00,"1,400.92","20,271.95"
ID13802,18-Mar-2026,Transfer,"1,047.38",0.00,"14,361.43"
ID13802,28-Feb-2026,Interest,366.30,0.00,"83,060.75"
ID13802,21-Jan-2026,Debit Card,0.00,712.71,"30,661.67"
ID13802,08-Mar-2026,Reversal,0.00,"1,110.39","48,731.59"
ID13802,25-Feb-2026,Reversal,0.00,"1,371.88","34,173.14"
ID13802,20-Jan-2026,Debit Card,0.00,575.23,"52,549.12"
ID13802,09-Jan-2026,Charge,0.00,276.08,"38,128.13"
ID13802,12-Feb-2026,Interest,13.13,0.00,"19,039.15"
ID13802,21-Mar-2026,Transfer,0.00,264.45,"10,821.77"
ID13802,22-Jan-2026,Direct Deposit,"4,468.26",0.00,"63,083.34"
ID13802,20-Mar-2026,Reversal,0.00,"1,217.29","82,452.39"
ID13802,16-Jan-2026,ATM Withdrawal,0.00,945.79,"7,249.15"
ID13802,18-Feb-2026,Payment,297.82,0.00,"36,223.61"
ID13802,12-Mar-2026,Charge,0.00,195.25,"94,420.99"
ID13802,21-Mar-2026,ATM Withdrawal,0.00,398.93,"68,390.91"
ID13802,04-Feb-2026,Debit Card,0.00,633.93,"44,513.82"
ID13802,16-Feb-2026,Direct Deposit,"4,592.55",0.00,"1,848.02"
ID13803,11-Jan-2026,Reversal,0.00,540.63,"9,244.38"
ID13803,16-Jan-2026,Payment,"1,536.34",0.00,"73,303.55"
ID13803,08-Feb-2026,Debit Card,0.00,120.35,"93,127.29"
ID13803,12-Jan-2026,Transfer,0.00,817.36,"74,113.07"
ID13803,29-Mar-2026,Interest,188.40,0.00,"58,707.38"
ID13803,06-Feb-2026,Charge,0.00,780.94,"74,502.32"
ID13803,01-Feb-2026,ATM Withdrawal,0.00,307.15,"58,911.74"
ID13803,26-Jan-2026,Transfer,239.67,0.00,"55,560.68"
ID13803,31-Jan-2026,Charge,0.00,28.45,"31,866.92"
ID13803,17-Jan-2026,ATM Withdrawal,0.00,731.31,"34,312.21"
ID13803,10-Feb-2026,Interest,313.94,0.00,"31,254.41"
ID13803,06-Mar-2026,Debit Card,0.00,443.89,"22,217.71"
ID13803,08-Jan-2026,Direct Deposit,"2,717.07",0.00,"55,821.13"
ID13803,25-Feb-2026,Charge,0.00,528.61,"68,629.64"
ID13803,25-Jan-2026,Debit Card,0.00,512.62,"21,484.44"
ID13803,06-Mar-2026,Interest,416.50,0.00,"3,261.66"
ID13803,11-Jan-2026,Payment,0.00,675.40,"7,000.93"
ID13803,19-Mar-2026,Interest,174.53,0.00,"91,304.12"
ID13803,16-Feb-2026,Reversal,990.47,0.00,"11,163.81"
ID13803,04-Mar-2026,Payment,"1,399.42",0.00,"38,179.92"
ID13804,28-Jan-2026,Debit Card,0.00,280.49,"52,312.14"
ID13804,26-Feb-2026,Interest,350.94,0.00,"89,590.59"
ID13804,18-Feb-2026,Transfer,0.00,575.14,"54,902.06"
ID13804,14-Feb-2026,Direct Deposit,"4,206.11",0.00,"74,511.54"
ID13804,06-Jan-2026,Reversal,0.00,825.46,"53,715.52"
ID13804,15-Mar-2026,Payment,305.42,0.00,"28,867.19"
ID13804,24-Jan-2026,ATM Withdrawal,0.00,578.56,"75,658.91"
ID13804,03-Feb-2026,Payment,"1,693.47",0.00,"36,104.05"
ID13804,28-Feb-2026,Interest,274.37,0.00,"75,974.46"
ID13804,07-Feb-2026,ATM Withdrawal,0.00,702.91,"31,330.74"
ID13804,05-Mar-2026,Direct Deposit,"4,355.87",0.00,"9,435.72"
ID13804,16-Jan-2026,Interest,13.71,0.00,"66,786.91"
ID13804,13-Mar-2026,ATM Withdrawal,0.00,332.37,"95,127.10"
ID13804,27-Feb-2026,Payment,0.00,830.51,"34,050.42"
ID13804,12-Mar-2026,Reversal,199.02,0.00,"3,013.48"
ID13804,06-Feb-2026,Debit Card,0.00,669.43,"43,386.39"
ID13804,24-Jan-2026,Debit Card,0.00,124.29,"84,191.17"
ID13804,17-Jan-2026,Interest,229.13,0.00,"23,007.20"
ID13804,31-Mar-2026,Interest,371.54,0.00,"85,492.07"
ID13804,22-Feb-2026,ATM Withdrawal,0.00,612.36,"64,706.72"
ID13805,26-Feb-2026,Debit Card,0.00,280.93,"25,594.28"
ID13805,05-Jan-2026,Payment,154.35,0.00,"39,312.43"
ID13805,02-Apr-2026,ATM Withdrawal,0.00,255.50,"71,688.70"
ID13805,21-Feb-2026,ATM Withdrawal,0.00,992.32,"25,083.52"
ID13805,19-Feb-2026,Reversal,"1,491.32",0.00,"4,281.91"
ID13805,01-Apr-2026,Direct Deposit,"3,779.59",0.00,"3,579.74"
ID13805,14-Mar-2026,Payment,0.00,983.62,"68,845.81"
ID13805,05-Jan-2026,Debit Card,0.00,436.92,"89,492.63"
ID13805,10-Mar-2026,Reversal,"1,682.60",0.00,"38,954.67"
ID13805,18-Feb-2026,Direct Deposit,"3,668.80",0.00,"60,885.55"
ID13805,18-Feb-2026,ATM Withdrawal,0.00,712.78,"68,521.80"
ID13805,31-Jan-2026,Charge,0.00,75.85,"25,499.87"
ID13805,29-Jan-2026,Direct Deposit,"1,542.95",0.00,"52,492.42"
ID13805,25-Jan-2026,Interest,206.45,0.00,"36,994.40"
ID13805,14-Feb-2026,ATM Withdrawal,0.00,757.29,"61,778.72"
ID13805,24-Feb-2026,Charge,0.00,302.87,"54,337.09"
ID13805,06-Feb-2026,Transfer,298.39,0.00,"17,603.01"
ID13805,18-Mar-2026,Payment,0.00,"1,092.43","90,162.39"
ID13805,22-Feb-2026,Direct Deposit,745.41,0.00,"14,135.00"
ID13805,16-Jan-2026,Transfer,0.00,767.10,"66,553.75"
ID13806,22-Jan-2026,ATM Withdrawal,0.00,192.89,"66,524.56"
ID13806,11-Mar-2026,Direct Deposit,"4,849.09",0.00,"75,863.90"
ID13806,17-Feb-2026,Reversal,0.00,992.50,"36,388.81"
ID13806,20-Feb-2026,Reversal,0.00,335.25,"23,489.54"
ID13806,23-Feb-2026,Reversal,271.06,0.00,"20,729.80"
ID13806,23-Jan-2026,Transfer,366.77,0.00,"96,343.15"
ID13806,11-Jan-2026,Transfer,0.00,510.30,"27,047.95"
ID13806,29-Jan-2026,Payment,0.00,"1,262.21","3,014.21"
ID13806,03-Mar-2026,Transfer,"1,201.41",0.00,"55,601.27"
ID13806,09-Feb-2026,Reversal,"1,425.25",0.00,"26,108.59"
ID13806,05-Feb-2026,Transfer,0.00,721.31,"76,583.15"
ID13806,21-Mar-2026,Interest,387.04,0.00,"83,524.64"
ID13806,09-Feb-2026,Charge,0.00,428.33,"87,611.22"
ID13806,02-Feb-2026,Interest,391.74,0.00,"77,547.40"
ID13806,08-Jan-2026,Transfer,0.00,780.13,"57,698.17"
ID13806,01-Feb-2026,Reversal,"1,883.98",0.00,"16,355.76"
ID13806,25-Jan-2026,Reversal,671.45,0.00,"39,285.56"
ID13806,17-Feb-2026,Direct Deposit,"2,909.79",0.00,"38,292.05"
ID13806,14-Feb-2026,Transfer,0.00,459.65,"96,290.68"
ID13806,03-Feb-2026,Transfer,438.82,0.00,"97,801.63"
ID13807,26-Mar-2026,Debit Card,0.00,855.08,"66,765.00"
ID13807,31-Jan-2026,Direct Deposit,"1,469.62",0.00,"8,944.74"
ID13807,14-Mar-2026,Direct Deposit,"1,830.46",0.00,"34,285.66"
ID13807,20-Mar-2026,ATM Withdrawal,0.00,31.49,"34,424.86"
ID13807,17-Feb-2026,Reversal,"1,972.50",0.00,"38,227.70"
ID13807,06-Feb-2026,Debit Card,0.00,648.22,"89,065.86"
ID13807,26-Feb-2026,Debit Card,0.00,153.57,"32,158.33"
ID13807,10-Jan-2026,Debit Card,0.00,895.10,"94,077.32"
ID13807,10-Mar-2026,Direct Deposit,"4,839.29",0.00,"25,082.08"
ID13807,17-Mar-2026,Transfer,"1,050.01",0.00,"75,066.51"
ID13807,05-Mar-2026,Transfer,590.33,0.00,"46,740.02"
ID13807,20-Jan-2026,Reversal,0.00,311.99,"82,685.48"
ID13807,12-Mar-2026,Direct Deposit,"1,245.81",0.00,"39,177.12"
ID13807,16-Mar-2026,Direct Deposit,"3,800.68",0.00,"22,164.07"
ID13807,10-Feb-2026,Reversal,"1,111.27",0.00,"41,625.15"
ID13807,08-Mar-2026,Charge,0.00,244.38,"99,743.38"
ID13807,29-Mar-2026,Reversal,"1,753.25",0.00,"92,616.08"
ID13807,06-Jan-2026,Payment,0.00,706.49,"38,413.17"
ID13807,25-Mar-2026,Direct Deposit,"1,264.61",0.00,"1,771.87"
ID13807,24-Jan-2026,Interest,438.04,0.00,"76,134.66"
ID13808,24-Mar-2026,Reversal,0.00,652.28,"84,051.41"
ID13808,14-Jan-2026,Charge,0.00,322.29,"58,669.10"
ID13808,16-Feb-2026,Payment,434.96,0.00,"79,529.83"
ID13808,04-Mar-2026,Charge,0.00,395.73,"26,978.04"
ID13808,13-Mar-2026,Transfer,716.78,0.00,"10,066.50"
ID13808,10-Jan-2026,Charge,0.00,924.80,"89,706.07"
ID13808,06-Jan-2026,Payment,0.00,"1,181.94","33,930.68"
ID13808,02-Mar-2026,Debit Card,0.00,493.10,"15,289.00"
ID13808,18-Mar-2026,Interest,408.02,0.00,"64,376.78"
ID13808,22-Mar-2026,Payment,0.00,"1,363.82","98,132.40"
ID13808,13-Jan-2026,Direct Deposit,"3,233.78",0.00,"45,378.16"
ID13808,29-Mar-2026,Interest,272.28,0.00,"97,100.42"
ID13808,05-Mar-2026,Interest,98.09,0.00,"20,985.98"
ID13808,02-Apr-2026,Transfer,"1,567.32",0.00,"34,759.90"
ID13808,11-Jan-2026,Transfer,"1,271.57",0.00,"21,183.24"
ID13808,22-Jan-2026,Charge,0.00,624.53,"44,634.60"
ID13808,19-Mar-2026,Payment,0.00,336.44,"5,466.43"
ID13808,18-Jan-2026,Direct Deposit,"3,643.52",0.00,"41,490.61"
ID13808,31-Mar-2026,Payment,"1,395.62",0.00,"54,375.77"
ID13808,28-Feb-2026,Transfer,0.00,466.62,"50,261.83"
ID13809,23-Feb-2026,Transfer,"1,816.25",0.00,"81,251.84"
ID13809,04-Feb-2026,Transfer,0.00,779.72,"14,566.61"
ID13809,16-Jan-2026,Interest,461.55,0.00,"88,742.18"
ID13809,04-Jan-2026,Payment,"1,792.37",0.00,"18,067.90"
ID13809,02-Feb-2026,Reversal,456.31,0.00,"76,049.83"
ID13809,09-Feb-2026,Reversal,0.00,776.74,"74,804.09"
ID13809,13-Jan-2026,Reversal,0.00,"1,419.43","93,765.10"
ID13809,01-Mar-2026,Debit Card,0.00,340.15,"42,150.31"
ID13809,31-Jan-2026,Debit Card,0.00,707.76,"47,921.96"
ID13809,20-Jan-2026,Transfer,0.00,137.02,"78,880.43"
ID13809,10-Mar-2026,ATM Withdrawal,0.00,493.58,"97,799.64"
ID13809,10-Feb-2026,ATM Withdrawal,0.00,50.96,"28,964.77"
ID13809,05-Feb-2026,ATM Withdrawal,0.00,993.13,"67,230.22"
ID13809,21-Jan-2026,ATM Withdrawal,0.00,588.38,"52,809.92"
ID13809,22-Mar-2026,Direct Deposit,"4,243.70",0.00,"25,425.27"
ID13809,15-Feb-2026,Debit Card,0.00,795.51,"79,395.67"
ID13809,14-Jan-2026,ATM Withdrawal,0.00,734.46,"9,077.19"
ID13809,22-Feb-2026,Direct Deposit,"3,241.54",0.00,"76,960.80"
ID13809,28-Feb-2026,Reversal,504.39,0.00,"56,243.00"
ID13809,14-Feb-2026,Transfer,0.00,"1,030.86","93,601.90"
ID13810,19-Jan-2026,Transfer,0.00,"1,070.82","62,737.37"
ID13810,14-Jan-2026,Interest,400.63,0.00,"24,258.98"
ID13810,22-Mar-2026,Interest,48.45,0.00,"98,913.37"
ID13810,07-Jan-2026,Interest,294.70,0.00,"15,739.40"
ID13810,20-Feb-2026,Transfer,"1,794.03",0.00,"14,231.75"
ID13810,26-Jan-2026,Payment,0.00,"1,264.87","29,719.03"
ID13810,29-Mar-2026,Payment,507.64,0.00,"80,538.48"
ID13810,08-Feb-2026,Payment,0.00,"1,374.90","37,813.49"
ID13810,19-Jan-2026,Payment,"1,057.14",0.00,"12,378.77"
ID13810,03-Jan-2026,Reversal,0.00,"1,446.49","40,990.56"
ID13810,27-Jan-2026,Interest,111.12,0.00,"91,241.47"
ID13810,10-Feb-2026,Debit Card,0.00,994.89,"38,405.00"
ID13810,26-Jan-2026,Direct Deposit,"1,341.18",0.00,"35,651.39"
ID13810,21-Mar-2026,ATM Withdrawal,0.00,46.15,"97,982.95"
ID13810,08-Mar-2026,ATM Withdrawal,0.00,40.12,"65,330.63"
ID13810,20-Feb-2026,ATM Withdrawal,0.00,370.23,"45,680.69"
ID13810,10-Mar-2026,Direct Deposit,"3,952.64",0.00,"65,204.12"
ID13810,11-Jan-2026,Interest,28.25,0.00,"51,607.63"
ID13810,09-Jan-2026,Interest,289.58,0.00,"45,319.08"
ID13810,27-Mar-2026,Transfer,0.00,996.30,"33,927.89"
ID13811,25-Feb-2026,Direct Deposit,"2,902.98",0.00,"55,353.56"
ID13811,12-Jan-2026,Reversal,0.00,675.04,"15,360.72"
ID13811,31-Jan-2026,Debit Card,0.00,852.64,"66,671.55"
ID13811,02-Mar-2026,Reversal,0.00,"1,051.03","12,271.71"
ID13811,27-Mar-2026,Transfer,0.00,944.54,"52,059.15"
ID13811,10-Feb-2026,Reversal,"1,539.68",0.00,"21,728.51"
ID13811,04-Mar-2026,Charge,0.00,719.50,"1,267.13"
ID13811,20-Jan-2026,Charge,0.00,396.67,"74,032.45"
ID13811,14-Mar-2026,Charge,0.00,865.53,"65,768.28"
ID13811,06-Mar-2026,Reversal,0.00,"1,240.97","34,359.39"
ID13811,10-Feb-2026,Interest,282.11,0.00,"14,585.82"
ID13811,24-Mar-2026,Interest,386.55,0.00,"94,377.51"
ID13811,12-Jan-2026,Charge,0.00,171.50,"56,654.19"
ID13811,21-Jan-2026,Interest,249.45,0.00,"14,178.35"
ID13811,15-Mar-2026,Payment,"1,192.52",0.00,"79,430.56"
ID13811,23-Jan-2026,Direct Deposit,"2,501.68",0.00,"49,997.72"
ID13811,21-Feb-2026,Reversal,0.00,133.05,"11,325.85"
ID13811,31-Mar-2026,Interest,252.66,0.00,"89,393.57"
ID13811,26-Jan-2026,ATM Withdrawal,0.00,494.11,"22,702.71"
ID13811,31-Mar-2026,Payment,520.59,0.00,"2,428.38"
ID13812,15-Jan-2026,Interest,449.09,0.00,"35,739.01"
ID13812,06-Mar-2026,ATM Withdrawal,0.00,259.37,"78,855.97"
ID13812,08-Mar-2026,Transfer,"1,657.56",0.00,"24,053.32"
ID13812,18-Feb-2026,Interest,376.09,0.00,"36,164.89"
ID13812,24-Jan-2026,Reversal,0.00,"1,075.47","33,124.69"
ID13812,03-Jan-2026,ATM Withdrawal,0.00,172.69,"15,077.94"
ID13812,18-Jan-2026,Transfer,115.50,0.00,"96,631.44"
ID13812,28-Feb-2026,Interest,103.56,0.00,"35,562.36"
ID13812,22-Mar-2026,Reversal,"1,198.10",0.00,"96,505.00"
ID13812,13-Feb-2026,Debit Card,0.00,567.20,"19,695.95"
ID13812,19-Feb-2026,Charge,0.00,134.60,"27,962.33"
ID13812,23-Jan-2026,Transfer,779.27,0.00,"27,896.51"
ID13812,22-Feb-2026,Direct Deposit,"1,140.04",0.00,"8,642.00"
ID13812,18-Mar-2026,Charge,0.00,666.19,"8,982.27"
ID13812,23-Feb-2026,Charge,0.00,340.70,"57,618.64"
ID13812,10-Feb-2026,Transfer,696.11,0.00,"93,038.47"
ID13812,06-Feb-2026,Direct Deposit,"1,477.09",0.00,"31,295.08"
ID13812,13-Mar-2026,Interest,97.11,0.00,"81,033.87"
ID13812,21-Feb-2026,Transfer,0.00,"1,097.37","24,551.01"
ID13812,02-Feb-2026,Direct Deposit,"3,994.80",0.00,"83,793.55"
ID13813,06-Feb-2026,Charge,0.00,293.56,"9,113.48"
ID13813,28-Mar-2026,Interest,192.11,0.00,"22,844.73"
ID13813,08-Feb-2026,Charge,0.00,588.13,"47,110.27"
ID13813,02-Apr-2026,Charge,0.00,539.02,"95,783.08"
ID13813,28-Feb-2026,Direct Deposit,"2,098.95",0.00,"91,587.47"
ID13813,19-Feb-2026,Transfer,"1,933.39",0.00,"34,645.58"
ID13813,30-Mar-2026,Debit Card,0.00,870.13,"72,444.49"
ID13813,10-Jan-2026,Transfer,"1,928.01",0.00,"5,647.54"
ID13813,12-Jan-2026,ATM Withdrawal,0.00,468.12,"7,120.74"
ID13813,12-Jan-2026,Direct Deposit,"4,623.97",0.00,"73,969.78"
ID13813,17-Mar-2026,Debit Card,0.00,965.69,"50,501.70"
ID13813,01-Apr-2026,Interest,425.06,0.00,"39,284.05"
ID13813,31-Mar-2026,Payment,0.00,"1,204.84","51,708.58"
ID13813,17-Jan-2026,Direct Deposit,"1,390.98",0.00,"32,361.33"
ID13813,09-Mar-2026,ATM Withdrawal,0.00,760.21,"43,887.75"
ID13813,06-Jan-2026,Direct Deposit,"3,904.31",0.00,"90,115.13"
ID13813,19-Feb-2026,Transfer,"1,532.04",0.00,"90,534.45"
ID13813,22-Jan-2026,Direct Deposit,"1,357.79",0.00,"59,318.07"
ID13813,28-Feb-2026,Reversal,789.37,0.00,"14,795.81"
ID13813,02-Feb-2026,ATM Withdrawal,0.00,718.20,"31,279.53"
ID13814,07-Mar-2026,Charge,0.00,53.45,"58,628.10"
ID13814,26-Mar-2026,Transfer,0.00,405.50,"44,451.84"
ID13814,05-Mar-2026,Debit Card,0.00,421.41,"58,030.91"
ID13814,03-Apr-2026,ATM Withdrawal,0.00,42.30,"53,090.07"
ID13814,25-Jan-2026,Debit Card,0.00,961.09,"96,173.23"
ID13814,15-Mar-2026,Payment,0.00,50.05,"73,975.85"
ID13814,31-Mar-2026,Payment,432.03,0.00,"68,579.29"
ID13814,11-Mar-2026,ATM Withdrawal,0.00,730.44,"16,600.00"
ID13814,05-Feb-2026,Charge,0.00,988.90,"12,945.51"
ID13814,31-Mar-2026,Payment,837.57,0.00,"18,491.12"
ID13814,09-Feb-2026,Interest,212.75,0.00,"47,148.63"
ID13814,02-Mar-2026,Charge,0.00,419.63,"68,448.42"
ID13814,08-Jan-2026,Transfer,"1,465.59",0.00,"58,766.16"
ID13814,24-Jan-2026,ATM Withdrawal,0.00,773.75,"49,955.87"
ID13814,14-Mar-2026,Transfer,"1,484.52",0.00,"63,051.29"
ID13814,19-Feb-2026,Reversal,"1,123.38",0.00,"1,292.41"
ID13814,11-Jan-2026,Transfer,0.00,703.73,"84,800.30"
ID13814,03-Mar-2026,Direct Deposit,720.62,0.00,"90,991.97"
ID13814,04-Jan-2026,Direct Deposit,555.18,0.00,"67,023.56"
ID13814,02-Feb-2026,Interest,143.41,0.00,"79,211.31"
ID13815,19-Mar-2026,ATM Withdrawal,0.00,341.05,"11,438.73"
ID13815,03-Jan-2026,Reversal,"1,015.88",0.00,"9,721.30"
ID13815,28-Jan-2026,Transfer,"1,690.59",0.00,"87,638.10"
ID13815,14-Feb-2026,Interest,10.78,0.00,"22,451.68"
ID13815,02-Mar-2026,Payment,"1,692.86",0.00,"50,147.65"
ID13815,03-Jan-2026,Direct Deposit,"1,004.25",0.00,"72,859.01"
ID13815,21-Feb-2026,Transfer,"1,941.89",0.00,"30,949.82"
ID13815,10-Mar-2026,Direct Deposit,841.88,0.00,"61,692.16"
ID13815,02-Apr-2026,Debit Card,0.00,160.39,"12,672.82"
ID13815,26-Feb-2026,Reversal,456.16,0.00,"61,696.37"
ID13815,11-Feb-2026,Interest,392.04,0.00,"43,214.66"
ID13815,19-Feb-2026,Interest,370.67,0.00,"85,411.12"
ID13815,03-Mar-2026,Reversal,0.00,"1,226.23","33,202.27"
ID13815,29-Mar-2026,ATM Withdrawal,0.00,954.81,"12,736.44"
ID13815,15-Mar-2026,Debit Card,0.00,736.99,"93,549.06"
ID13815,18-Feb-2026,Payment,0.00,"1,070.28","54,017.47"
ID13815,31-Jan-2026,ATM Withdrawal,0.00,328.01,"73,681.44"
ID13815,15-Jan-2026,Transfer,0.00,"1,114.16","17,770.94"
ID13815,21-Mar-2026,Transfer,0.00,"1,430.64","99,597.18"
ID13815,10-Mar-2026,Direct Deposit,"1,888.96",0.00,"86,766.69"
ID13816,17-Jan-2026,ATM Withdrawal,0.00,814.31,"38,712.17"
ID13816,28-Mar-2026,Debit Card,0.00,700.79,"87,543.55"
ID13816,02-Feb-2026,Reversal,"1,192.52",0.00,"52,973.36"
ID13816,05-Mar-2026,Transfer,0.00,"1,126.42","4,810.92"
ID13816,26-Feb-2026,Direct Deposit,"2,455.72",0.00,"8,925.09"
ID13816,29-Mar-2026,Transfer,"1,280.18",0.00,"60,067.18"
ID13816,12-Jan-2026,ATM Withdrawal,0.00,379.21,"36,994.62"
ID13816,15-Jan-2026,Direct Deposit,"3,104.70",0.00,"10,523.15"
ID13816,21-Jan-2026,Charge,0.00,849.19,"86,329.20"
ID13816,22-Feb-2026,Reversal,"1,048.53",0.00,"75,658.90"
ID13816,02-Mar-2026,Payment,"1,182.67",0.00,"38,031.88"
ID13816,17-Jan-2026,Payment,0.00,942.89,"83,621.53"
ID13816,19-Feb-2026,ATM Withdrawal,0.00,619.40,"24,653.71"
ID13816,18-Mar-2026,Transfer,0.00,322.27,"34,504.45"
ID13816,14-Feb-2026,Payment,0.00,753.52,"96,528.19"
ID13816,20-Jan-2026,Reversal,404.05,0.00,"83,768.56"
ID13816,11-Feb-2026,Payment,0.00,463.95,"12,728.67"
ID13816,17-Mar-2026,Payment,0.00,767.00,"87,693.33"
ID13816,03-Feb-2026,Charge,0.00,860.44,"39,645.40"
ID13816,01-Apr-2026,Charge,0.00,45.27,"77,593.05"
ID13817,17-Mar-2026,Debit Card,0.00,196.24,"73,281.04"
ID13817,04-Feb-2026,ATM Withdrawal,0.00,811.98,"81,434.56"
ID13817,21-Feb-2026,Charge,0.00,55.90,"29,205.77"
ID13817,05-Mar-2026,Reversal,"1,978.50",0.00,"77,664.87"
ID13817,18-Jan-2026,Payment,0.00,"1,302.04","47,540.33"
ID13817,30-Mar-2026,Debit Card,0.00,933.53,"99,242.25"
ID13817,26-Mar-2026,Payment,613.90,0.00,"79,072.05"
ID13817,08-Jan-2026,Interest,243.69,0.00,"40,416.26"
ID13817,19-Jan-2026,Transfer,"1,377.29",0.00,"60,988.36"
ID13817,03-Feb-2026,Direct Deposit,"1,420.86",0.00,"30,841.00"
ID13817,18-Feb-2026,Direct Deposit,"3,609.07",0.00,"80,103.73"
ID13817,01-Apr-2026,Payment,858.14,0.00,"19,368.56"
ID13817,02-Mar-2026,Interest,250.56,0.00,"86,100.66"
ID13817,09-Mar-2026,Transfer,894.06,0.00,"72,559.14"
ID13817,26-Jan-2026,Payment,0.00,787.33,"29,166.76"
ID13817,02-Mar-2026,Payment,572.84,0.00,"23,757.21"
ID13817,14-Jan-2026,Interest,437.22,0.00,"85,297.70"
ID13817,06-Feb-2026,Direct Deposit,"1,835.73",0.00,"47,106.34"
ID13817,09-Feb-2026,Reversal,906.58,0.00,"57,945.06"
ID13817,06-Feb-2026,ATM Withdrawal,0.00,307.41,"67,960.64"
ID13818,30-Mar-2026,Payment,"1,702.06",0.00,"60,231.11"
ID13818,01-Mar-2026,Charge,0.00,820.72,"15,099.05"
ID13818,14-Mar-2026,ATM Withdrawal,0.00,545.47,"85,339.01"
ID13818,05-Mar-2026,ATM Withdrawal,0.00,595.21,"69,741.79"
ID13818,04-Mar-2026,Reversal,0.00,124.50,"84,948.07"
ID13818,22-Mar-2026,Debit Card,0.00,366.40,"50,547.23"
ID13818,25-Mar-2026,Payment,"1,020.71",0.00,"34,666.29"
ID13818,09-Mar-2026,Transfer,957.51,0.00,"68,462.39"
ID13818,19-Jan-2026,Interest,132.87,0.00,"56,576.26"
ID13818,05-Mar-2026,Debit Card,0.00,671.08,"65,285.21"
ID13818,22-Feb-2026,Transfer,"1,775.37",0.00,"82,829.30"
ID13818,08-Jan-2026,ATM Withdrawal,0.00,973.88,"99,492.38"
ID13818,29-Jan-2026,Transfer,"1,215.49",0.00,"97,648.68"
ID13818,01-Mar-2026,Direct Deposit,"1,708.57",0.00,"76,170.64"
ID13818,07-Mar-2026,Payment,0.00,"1,011.98","74,922.75"
ID13818,06-Mar-2026,Debit Card,0.00,666.95,"3,532.07"
ID13818,30-Mar-2026,Reversal,0.00,"1,252.00","91,687.91"
ID13818,29-Mar-2026,Direct Deposit,"1,658.87",0.00,"47,433.22"
ID13818,02-Feb-2026,Debit Card,0.00,273.09,"69,512.76"
ID13818,19-Feb-2026,Charge,0.00,83.15,"87,253.03"
ID13819,06-Feb-2026,Interest,58.18,0.00,"85,134.84"
ID13819,31-Jan-2026,Debit Card,0.00,827.59,"48,260.53"
ID13819,06-Feb-2026,Direct Deposit,"2,191.34",0.00,"6,554.37"
ID13819,14-Feb-2026,ATM Withdrawal,0.00,114.28,"66,343.13"
ID13819,10-Mar-2026,Transfer,"1,843.36",0.00,"19,474.19"
ID13819,03-Jan-2026,Payment,"1,536.37",0.00,"24,178.06"
ID13819,20-Feb-2026,Interest,200.85,0.00,"62,020.93"
ID13819,22-Feb-2026,Payment,0.00,"1,036.27","71,610.95"
ID13819,18-Mar-2026,Interest,391.07,0.00,"90,404.47"
ID13819,02-Mar-2026,Debit Card,0.00,974.79,"26,607.24"
ID13819,29-Mar-2026,Payment,0.00,265.52,"73,294.80"
ID13819,15-Mar-2026,Payment,"1,770.93",0.00,"73,261.74"
ID13819,22-Feb-2026,Debit Card,0.00,551.81,"96,404.90"
ID13819,27-Feb-2026,Transfer,757.76,0.00,"34,479.97"
ID13819,29-Jan-2026,Reversal,"1,457.53",0.00,"23,069.63"
ID13819,20-Jan-2026,Reversal,396.91,0.00,"17,164.83"
ID13819,30-Mar-2026,Payment,"1,924.93",0.00,"89,187.31"
ID13819,21-Mar-2026,ATM Withdrawal,0.00,219.68,"32,787.24"
ID13819,06-Mar-2026,Payment,0.00,"1,098.83","35,854.65"
ID13819,29-Jan-2026,Reversal,0.00,477.04,"42,211.89"
ID13820,13-Feb-2026,Transfer,0.00,327.28,"14,140.47"
ID13820,05-Feb-2026,Transfer,257.33,0.00,"49,291.43"
ID13820,28-Feb-2026,Interest,258.14,0.00,"54,226.88"
ID13820,06-Mar-2026,ATM Withdrawal,0.00,206.99,"4,285.27"
ID13820,14-Jan-2026,Debit Card,0.00,690.67,"83,846.90"
ID13820,17-Mar-2026,Debit Card,0.00,821.48,"28,814.30"
ID13820,01-Feb-2026,Transfer,"1,124.92",0.00,"33,312.06"
ID13820,24-Feb-2026,Direct Deposit,"1,040.85",0.00,"21,724.45"
ID13820,17-Jan-2026,ATM Withdrawal,0.00,403.26,"17,980.87"
ID13820,02-Mar-2026,Debit Card,0.00,941.25,"92,219.82"
ID13820,04-Mar-2026,Transfer,0.00,"1,438.41","91,292.24"
ID13820,28-Feb-2026,ATM Withdrawal,0.00,301.34,"24,157.99"
ID13820,20-Feb-2026,Reversal,0.00,985.49,"57,833.43"
ID13820,08-Feb-2026,ATM Withdrawal,0.00,464.56,"91,638.35"
ID13820,11-Jan-2026,Interest,42.21,0.00,"35,115.95"
ID13820,02-Mar-2026,ATM Withdrawal,0.00,53.11,"68,495.13"
ID13820,16-Feb-2026,Reversal,0.00,481.68,"22,281.39"
ID13820,30-Mar-2026,Payment,"1,235.51",0.00,"69,437.29"
ID13820,07-Mar-2026,Reversal,0.00,603.30,"92,267.98"
ID13820,17-Mar-2026,Charge,0.00,785.44,"15,366.14"
ID13821,28-Feb-2026,Interest,445.66,0.00,"13,772.58"
ID13821,31-Jan-2026,Payment,0.00,361.51,"61,146.09"
ID13821,25-Mar-2026,Direct Deposit,"4,331.12",0.00,"74,800.22"
ID13821,19-Mar-2026,Payment,548.31,0.00,"98,062.60"
ID13821,01-Apr-2026,Direct Deposit,"1,973.52",0.00,"39,074.41"
ID13821,17-Mar-2026,Interest,288.40,0.00,"77,639.65"
ID13821,01-Mar-2026,Debit Card,0.00,465.57,"18,231.30"
ID13821,20-Mar-2026,ATM Withdrawal,0.00,572.57,"44,357.61"
ID13821,23-Feb-2026,Transfer,"1,042.87",0.00,"42,898.59"
ID13821,31-Jan-2026,Transfer,0.00,73.40,"89,341.28"
ID13821,22-Mar-2026,Transfer,0.00,744.72,"99,112.74"
ID13821,10-Jan-2026,Interest,296.86,0.00,"75,474.10"
ID13821,13-Feb-2026,Charge,0.00,820.39,"61,384.52"
ID13821,11-Jan-2026,Payment,"1,515.87",0.00,"93,072.65"
ID13821,25-Feb-2026,Charge,0.00,200.42,"15,710.89"
ID13821,18-Mar-2026,ATM Withdrawal,0.00,74.39,"10,086.85"
ID13821,28-Jan-2026,ATM Withdrawal,0.00,656.97,"63,377.28"
ID13821,02-Feb-2026,Reversal,469.23,0.00,"30,197.74"
ID13821,24-Mar-2026,Charge,0.00,627.26,"5,090.80"
ID13821,07-Jan-2026,ATM Withdrawal,0.00,363.24,"13,555.81"
ID13822,12-Mar-2026,Debit Card,0.00,602.84,"51,720.68"
ID13822,26-Jan-2026,Interest,305.76,0.00,"10,129.10"
ID13822,26-Feb-2026,Interest,304.71,0.00,"74,840.55"
ID13822,07-Mar-2026,Interest,309.54,0.00,"50,993.82"
ID13822,01-Feb-2026,Direct Deposit,765.06,0.00,"33,650.49"
ID13822,19-Jan-2026,Interest,434.28,0.00,"35,095.59"
ID13822,09-Feb-2026,Direct Deposit,"4,009.76",0.00,"90,009.04"
ID13822,19-Jan-2026,Charge,0.00,492.49,"46,150.06"
ID13822,08-Jan-2026,Direct Deposit,"4,173.60",0.00,"7,496.62"
ID13822,20-Mar-2026,ATM Withdrawal,0.00,439.38,"64,102.96"
ID13822,11-Feb-2026,Debit Card,0.00,269.13,"52,133.90"
ID13822,20-Mar-2026,Interest,130.80,0.00,"56,221.58"
ID13822,24-Feb-2026,Direct Deposit,"4,945.10",0.00,"98,341.22"
ID13822,18-Mar-2026,Direct Deposit,"1,562.68",0.00,"73,464.86"
ID13822,23-Jan-2026,Payment,512.42,0.00,"18,826.30"
ID13822,01-Mar-2026,Direct Deposit,"2,351.93",0.00,"43,992.42"
ID13822,11-Jan-2026,Debit Card,0.00,478.97,"96,450.39"
ID13822,11-Jan-2026,Interest,345.12,0.00,"45,233.17"
ID13822,07-Jan-2026,ATM Withdrawal,0.00,61.36,"31,599.97"
ID13822,19-Jan-2026,Interest,86.94,0.00,"48,195.33"
ID13823,29-Jan-2026,Direct Deposit,"1,228.08",0.00,"75,236.29"
ID13823,18-Jan-2026,Charge,0.00,594.43,"92,296.25"
ID13823,06-Jan-2026,Debit Card,0.00,509.25,"13,636.83"
ID13823,23-Mar-2026,Interest,242.95,0.00,"57,302.69"
ID13823,08-Mar-2026,Interest,386.76,0.00,"14,385.32"
ID13823,19-Feb-2026,Reversal,533.50,0.00,"5,960.35"
ID13823,15-Mar-2026,ATM Withdrawal,0.00,187.14,"17,791.84"
ID13823,26-Feb-2026,Reversal,200.17,0.00,"50,573.01"
ID13823,22-Jan-2026,Interest,36.88,0.00,"95,736.43"
ID13823,11-Feb-2026,Payment,0.00,306.25,"43,394.54"
ID13823,04-Feb-2026,Payment,"1,880.70",0.00,"25,928.35"
ID13823,08-Mar-2026,Reversal,0.00,872.63,"76,459.49"
ID13823,19-Feb-2026,Reversal,0.00,474.11,"48,232.63"
ID13823,03-Apr-2026,Interest,333.95,0.00,"44,123.04"
ID13823,28-Jan-2026,Payment,0.00,392.66,"35,909.32"
ID13823,10-Mar-2026,Interest,259.44,0.00,"10,622.36"
ID13823,05-Mar-2026,Transfer,0.00,"1,312.45","45,582.02"
ID13823,18-Mar-2026,ATM Withdrawal,0.00,514.44,"64,251.45"
ID13823,02-Mar-2026,Payment,0.00,780.08,"65,363.40"
ID13823,18-Feb-2026,Interest,376.54,0.00,"89,707.42"
ID13824,02-Apr-2026,Reversal,278.29,0.00,"94,732.92"
ID13824,16-Jan-2026,Payment,0.00,"1,423.79","51,359.56"
ID13824,09-Feb-2026,Direct Deposit,525.01,0.00,"71,929.81"
ID13824,18-Feb-2026,Transfer,"1,529.43",0.00,"76,468.36"
ID13824,02-Apr-2026,Reversal,0.00,136.17,"64,073.71"
ID13824,09-Jan-2026,Interest,121.91,0.00,"8,929.88"
ID13824,28-Feb-2026,Charge,0.00,292.21,"33,901.78"
ID13824,21-Feb-2026,ATM Withdrawal,0.00,136.75,"53,998.73"
ID13824,26-Feb-2026,Reversal,"1,718.85",0.00,"48,881.46"
ID13824,06-Feb-2026,Interest,394.96,0.00,"10,460.12"
ID13824,14-Feb-2026,Debit Card,0.00,765.97,"80,487.05"
ID13824,19-Feb-2026,Reversal,"1,546.72",0.00,"28,080.71"
ID13824,09-Jan-2026,Charge,0.00,785.70,"11,401.41"
ID13824,08-Mar-2026,Charge,0.00,657.94,"48,055.10"
ID13824,02-Apr-2026,Direct Deposit,"1,230.41",0.00,"60,425.53"
ID13824,03-Mar-2026,Reversal,0.00,"1,257.61","1,765.99"
ID13824,18-Mar-2026,Direct Deposit,"1,551.32",0.00,"1,039.27"
ID13824,29-Jan-2026,Reversal,866.73,0.00,"45,177.92"
ID13824,11-Mar-2026,Direct Deposit,"3,954.37",0.00,"71,648.61"
ID13824,28-Jan-2026,Transfer,941.20,0.00,"37,339.09"
ID13825,14-Feb-2026,Interest,136.52,0.00,"67,832.72"
ID13825,16-Mar-2026,ATM Withdrawal,0.00,155.52,"52,276.59"
ID13825,26-Mar-2026,Transfer,0.00,669.57,"56,996.52"
ID13825,09-Jan-2026,Reversal,"1,395.93",0.00,"11,262.92"
ID13825,11-Feb-2026,Interest,249.17,0.00,"12,148.38"
ID13825,24-Mar-2026,Charge,0.00,633.55,"58,934.47"
ID13825,20-Mar-2026,Payment,0.00,862.29,"18,956.70"
ID13825,03-Apr-2026,Direct Deposit,"3,515.87",0.00,"67,962.56"
ID13825,14-Feb-2026,ATM Withdrawal,0.00,595.23,"41,477.87"
ID13825,07-Jan-2026,Charge,0.00,638.47,"75,922.17"
ID13825,14-Mar-2026,Payment,"1,545.72",0.00,"46,611.81"
ID13825,06-Jan-2026,Debit Card,0.00,227.79,"55,132.61"
ID13825,15-Jan-2026,Charge,0.00,270.74,"52,448.72"
ID13825,08-Feb-2026,Reversal,"1,249.35",0.00,"24,736.44"
ID13825,29-Mar-2026,Debit Card,0.00,538.76,"69,739.42"
ID13825,04-Mar-2026,Direct Deposit,"1,706.02",0.00,"88,028.49"
ID13825,29-Jan-2026,Direct Deposit,"3,190.68",0.00,"83,765.11"
ID13825,04-Feb-2026,Charge,0.00,380.96,"45,321.71"
ID13825,03-Mar-2026,Interest,232.32,0.00,"33,536.81"
ID13825,02-Feb-2026,Payment,"1,333.22",0.00,"72,557.51"
ID13826,10-Jan-2026,Direct Deposit,"2,900.53",0.00,"40,861.17"
ID13826,19-Mar-2026,ATM Withdrawal,0.00,355.25,"16,131.62"
ID13826,22-Feb-2026,Transfer,0.00,683.65,"49,450.84"
ID13826,25-Jan-2026,Charge,0.00,270.81,"21,686.26"
ID13826,03-Apr-2026,Reversal,0.00,"1,045.71","28,488.45"
ID13826,28-Mar-2026,Direct Deposit,865.59,0.00,"66,286.83"
ID13826,24-Mar-2026,Debit Card,0.00,263.73,"64,220.26"
ID13826,26-Feb-2026,Debit Card,0.00,750.87,"43,759.66"
ID13826,24-Jan-2026,ATM Withdrawal,0.00,583.36,"22,291.44"
ID13826,31-Jan-2026,Direct Deposit,"2,162.79",0.00,"71,634.31"
ID13826,27-Jan-2026,Payment,390.61,0.00,"19,330.41"
ID13826,28-Jan-2026,Payment,"1,553.04",0.00,"93,834.39"
ID13826,04-Feb-2026,Interest,312.02,0.00,"14,569.69"
ID13826,30-Mar-2026,Debit Card,0.00,462.09,"24,169.17"
ID13826,06-Mar-2026,Debit Card,0.00,999.05,"23,105.04"
ID13826,02-Feb-2026,ATM Withdrawal,0.00,456.96,"82,552.70"
ID13826,18-Jan-2026,Charge,0.00,76.52,"7,773.90"
ID13826,06-Mar-2026,Interest,23.36,0.00,"40,963.34"
ID13826,17-Mar-2026,Debit Card,0.00,353.48,"18,992.85"
ID13826,20-Feb-2026,Direct Deposit,"3,238.96",0.00,"2,755.49"
ID13827,20-Feb-2026,Direct Deposit,"2,919.23",0.00,"74,579.79"
ID13827,22-Feb-2026,Charge,0.00,492.17,"5,240.72"
ID13827,08-Jan-2026,Direct Deposit,"3,896.79",0.00,"97,897.09"
ID13827,26-Feb-2026,Interest,155.53,0.00,"96,055.03"
ID13827,31-Jan-2026,Reversal,0.00,375.35,"64,707.88"
ID13827,29-Jan-2026,Charge,0.00,952.08,"19,633.24"
ID13827,04-Jan-2026,Debit Card,0.00,896.54,"49,004.33"
ID13827,20-Feb-2026,Interest,148.18,0.00,"45,006.44"
ID13827,27-Feb-2026,Direct Deposit,"2,066.54",0.00,"15,706.45"
ID13827,25-Feb-2026,Transfer,0.00,"1,488.91","12,971.62"
ID13827,07-Feb-2026,Reversal,0.00,"1,139.12","72,759.60"
ID13827,19-Mar-2026,Payment,0.00,"1,231.70","87,504.18"
ID13827,15-Jan-2026,Direct Deposit,"1,738.81",0.00,"85,920.47"
ID13827,02-Mar-2026,Debit Card,0.00,216.21,"63,929.92"
ID13827,09-Feb-2026,Direct Deposit,"2,273.41",0.00,"89,310.95"
ID13827,11-Feb-2026,Debit Card,0.00,624.38,"62,174.81"
ID13827,26-Feb-2026,Transfer,571.74,0.00,"2,700.60"
ID13827,24-Feb-2026,Debit Card,0.00,118.48,"36,203.81"
ID13827,26-Mar-2026,Debit Card,0.00,501.22,"47,408.66"
ID13827,19-Mar-2026,ATM Withdrawal,0.00,323.86,"57,312.20"
ID13828,18-Jan-2026,Payment,116.98,0.00,"20,455.93"
ID13828,02-Apr-2026,Direct Deposit,"1,692.16",0.00,"44,502.32"
ID13828,23-Jan-2026,Debit Card,0.00,653.85,"64,377.50"
ID13828,05-Jan-2026,Direct Deposit,"4,966.53",0.00,"37,272.09"
ID13828,06-Mar-2026,Transfer,109.60,0.00,"71,094.73"
ID13828,21-Feb-2026,ATM Withdrawal,0.00,293.99,"21,236.98"
ID13828,21-Feb-2026,Direct Deposit,"4,315.85",0.00,"26,774.86"
ID13828,13-Feb-2026,Debit Card,0.00,676.30,"83,042.30"
ID13828,04-Jan-2026,Interest,275.27,0.00,"63,601.84"
ID13828,27-Feb-2026,ATM Withdrawal,0.00,693.63,"46,870.32"
ID13828,05-Mar-2026,Reversal,0.00,520.94,"11,426.31"
ID13828,01-Apr-2026,Payment,134.52,0.00,"45,550.88"
ID13828,17-Jan-2026,Transfer,0.00,918.96,"46,597.12"
ID13828,03-Jan-2026,Direct Deposit,"3,540.47",0.00,"82,161.69"
ID13828,18-Feb-2026,Payment,0.00,796.32,"82,095.76"
ID13828,11-Jan-2026,Reversal,0.00,715.59,"21,542.06"
ID13828,25-Mar-2026,Direct Deposit,926.62,0.00,"29,938.56"
ID13828,28-Mar-2026,Reversal,0.00,986.03,"94,384.58"
ID13828,17-Feb-2026,Charge,0.00,542.68,"10,406.79"
ID13828,14-Feb-2026,ATM Withdrawal,0.00,570.11,"38,845.24"
ID13829,22-Jan-2026,Debit Card,0.00,471.36,"34,132.63"
ID13829,15-Jan-2026,Interest,98.24,0.00,"58,170.93"
ID13829,03-Jan-2026,Transfer,0.00,"1,055.85","5,419.31"
ID13829,17-Feb-2026,Interest,67.05,0.00,"19,354.84"
ID13829,03-Feb-2026,ATM Withdrawal,0.00,186.46,"79,775.06"
ID13829,11-Jan-2026,Direct Deposit,"1,389.49",0.00,"46,202.32"
ID13829,06-Feb-2026,Payment,0.00,537.98,"10,823.71"
ID13829,07-Jan-2026,Reversal,"1,800.94",0.00,"10,546.93"
ID13829,18-Mar-2026,Interest,491.44,0.00,"8,446.67"
ID13829,14-Mar-2026,Transfer,0.00,"1,106.65","1,483.95"
ID13829,04-Feb-2026,Charge,0.00,99.35,"41,518.53"
ID13829,07-Jan-2026,Interest,195.20,0.00,"95,800.12"
ID13829,09-Feb-2026,Transfer,"1,688.21",0.00,"88,118.82"
ID13829,26-Mar-2026,Interest,445.59,0.00,"55,573.34"
ID13829,01-Mar-2026,Reversal,"1,760.61",0.00,"57,968.14"
ID13829,25-Feb-2026,ATM Withdrawal,0.00,163.03,"97,155.66"
ID13829,16-Feb-2026,Direct Deposit,"4,398.76",0.00,"35,126.24"
ID13829,13-Feb-2026,Transfer,910.62,0.00,"95,046.20"
ID13829,16-Feb-2026,Payment,0.00,538.75,"63,570.75"
ID13829,25-Mar-2026,Interest,391.11,0.00,"91,395.23"
ID13830,20-Jan-2026,Debit Card,0.00,313.46,"88,621.61"
ID13830,12-Jan-2026,Payment,0.00,925.00,"69,891.62"
ID13830,08-Feb-2026,Direct Deposit,946.38,0.00,"3,650.45"
ID13830,08-Mar-2026,Direct Deposit,"4,821.00",0.00,"61,127.17"
ID13830,01-Mar-2026,Interest,424.32,0.00,"40,841.18"
ID13830,26-Mar-2026,ATM Withdrawal,0.00,502.35,"91,330.72"
ID13830,29-Jan-2026,Direct Deposit,"2,969.81",0.00,"36,846.94"
ID13830,16-Jan-2026,Reversal,"1,602.24",0.00,"4,166.86"
ID13830,21-Mar-2026,Reversal,418.34,0.00,"19,104.28"
ID13830,29-Mar-2026,Interest,227.00,0.00,"78,839.32"
ID13830,26-Jan-2026,Debit Card,0.00,278.51,"43,890.59"
ID13830,15-Jan-2026,Debit Card,0.00,205.36,"39,902.12"
ID13830,06-Mar-2026,Reversal,"1,009.42",0.00,"36,740.82"
ID13830,17-Mar-2026,Interest,303.14,0.00,"79,866.68"
ID13830,27-Jan-2026,Direct Deposit,"3,842.86",0.00,"5,231.38"
ID13830,14-Mar-2026,Reversal,"1,582.76",0.00,"94,248.27"
ID13830,15-Mar-2026,Charge,0.00,267.13,"26,380.24"
ID13830,22-Mar-2026,Reversal,"1,358.45",0.00,"1,838.22"
ID13830,16-Jan-2026,Debit Card,0.00,966.35,"84,491.43"
ID13830,24-Mar-2026,Interest,334.67,0.00,"67,810.10"
ID13831,17-Feb-2026,Direct Deposit,"1,365.67",0.00,"25,159.73"
ID13831,01-Feb-2026,Interest,344.83,0.00,"80,466.68"
ID13831,04-Mar-2026,Payment,233.44,0.00,"64,612.11"
ID13831,11-Mar-2026,Interest,286.28,0.00,"34,110.85"
ID13831,18-Jan-2026,Charge,0.00,544.28,"23,122.91"
ID13831,15-Jan-2026,Direct Deposit,"4,731.83",0.00,"30,941.44"
ID13831,01-Mar-2026,Charge,0.00,791.59,"2,654.14"
ID13831,22-Feb-2026,ATM Withdrawal,0.00,990.47,"12,227.87"
ID13831,13-Feb-2026,Debit Card,0.00,34.86,"80,066.83"
ID13831,16-Jan-2026,Interest,178.50,0.00,"81,428.61"
ID13831,05-Mar-2026,Transfer,0.00,978.90,"9,875.46"
ID13831,08-Mar-2026,Interest,394.39,0.00,"59,257.56"
ID13831,18-Mar-2026,Reversal,918.81,0.00,"57,850.91"
ID13831,28-Mar-2026,Charge,0.00,275.20,"23,035.35"
ID13831,15-Jan-2026,Payment,0.00,426.44,"84,555.33"
ID13831,23-Jan-2026,Interest,101.80,0.00,"6,599.33"
ID13831,11-Feb-2026,Transfer,0.00,994.73,"72,314.22"
ID13831,13-Feb-2026,Interest,357.67,0.00,"63,595.70"
ID13831,25-Jan-2026,Reversal,678.20,0.00,"45,637.05"
ID13831,07-Mar-2026,Interest,441.50,0.00,"28,052.21"
ID13832,22-Mar-2026,Direct Deposit,"4,194.75",0.00,"51,597.73"
ID13832,24-Feb-2026,Payment,613.54,0.00,"68,939.66"
ID13832,01-Mar-2026,Debit Card,0.00,198.45,"8,283.30"
ID13832,18-Feb-2026,ATM Withdrawal,0.00,636.35,"40,314.90"
ID13832,23-Feb-2026,Transfer,"1,623.17",0.00,"49,334.71"
ID13832,26-Jan-2026,Transfer,0.00,"1,051.81","69,709.85"
ID13832,10-Mar-2026,Charge,0.00,625.11,"7,477.80"
ID13832,09-Mar-2026,Reversal,498.10,0.00,"22,386.61"
ID13832,23-Jan-2026,Payment,0.00,586.12,"65,130.17"
ID13832,21-Jan-2026,Payment,165.64,0.00,"68,579.33"
ID13832,26-Feb-2026,Transfer,0.00,958.45,"54,892.51"
ID13832,23-Mar-2026,Transfer,"1,284.72",0.00,"14,967.51"
ID13832,07-Mar-2026,Transfer,859.52,0.00,"18,655.52"
ID13832,15-Jan-2026,Transfer,0.00,"1,391.25","17,631.45"
ID13832,28-Mar-2026,Charge,0.00,818.69,"71,549.51"
ID13832,19-Feb-2026,Payment,0.00,740.49,"50,780.90"
ID13832,22-Feb-2026,ATM Withdrawal,0.00,316.40,"37,012.94"
ID13832,13-Jan-2026,Direct Deposit,"4,268.06",0.00,"34,658.25"
ID13832,11-Mar-2026,Reversal,0.00,495.94,"58,788.59"
ID13832,21-Jan-2026,Direct Deposit,"3,429.13",0.00,"22,894.95"
ID13833,24-Feb-2026,Interest,181.17,0.00,"16,231.68"
ID13833,05-Mar-2026,Payment,0.00,751.77,"24,887.30"
ID13833,26-Jan-2026,Transfer,785.72,0.00,"65,977.08"
ID13833,25-Jan-2026,Payment,0.00,282.67,"25,169.06"
ID13833,04-Mar-2026,ATM Withdrawal,0.00,232.67,"16,721.66"
ID13833,07-Jan-2026,Transfer,647.48,0.00,"39,312.83"
ID13833,26-Jan-2026,Interest,358.06,0.00,"93,261.40"
ID13833,19-Jan-2026,Transfer,"1,572.10",0.00,"42,038.22"
ID13833,19-Mar-2026,Payment,"1,538.25",0.00,"9,734.32"
ID13833,11-Mar-2026,Charge,0.00,680.91,"90,163.70"
ID13833,08-Jan-2026,Reversal,0.00,648.84,"1,961.78"
ID13833,14-Mar-2026,Charge,0.00,541.88,"20,016.67"
ID13833,17-Jan-2026,Direct Deposit,817.36,0.00,"41,843.74"
ID13833,30-Mar-2026,ATM Withdrawal,0.00,463.85,"54,298.88"
ID13833,13-Jan-2026,Direct Deposit,"1,381.99",0.00,"42,855.62"
ID13833,02-Mar-2026,Charge,0.00,705.98,"70,833.09"
ID13833,03-Mar-2026,Transfer,0.00,843.02,"73,217.05"
ID13833,19-Jan-2026,Reversal,181.21,0.00,"51,996.41"
ID13833,07-Jan-2026,Charge,0.00,489.88,"13,096.69"
ID13833,27-Feb-2026,Debit Card,0.00,389.32,"27,249.38"
ID13834,12-Feb-2026,Reversal,0.00,"1,048.24","43,980.19"
ID13834,14-Mar-2026,Direct Deposit,"1,766.95",0.00,"37,969.04"
ID13834,06-Jan-2026,Charge,0.00,875.92,"33,782.48"
ID13834,08-Mar-2026,Interest,444.02,0.00,"88,933.85"
ID13834,01-Feb-2026,Debit Card,0.00,893.34,"80,912.58"
ID13834,23-Mar-2026,Payment,402.05,0.00,"83,984.54"
ID13834,15-Feb-2026,Payment,865.65,0.00,"13,903.95"
ID13834,17-Feb-2026,Interest,278.70,0.00,"67,269.79"
ID13834,29-Jan-2026,Payment,0.00,534.63,"59,547.64"
ID13834,12-Mar-2026,Direct Deposit,"3,620.35",0.00,"21,330.09"
ID13834,19-Mar-2026,Interest,408.81,0.00,"87,965.64"
ID13834,09-Mar-2026,Payment,921.55,0.00,"94,019.88"
ID13834,15-Jan-2026,ATM Withdrawal,0.00,843.69,"86,867.29"
ID13834,06-Mar-2026,Payment,0.00,"1,490.74","21,775.84"
ID13834,18-Mar-2026,Charge,0.00,956.50,"59,547.30"
ID13834,30-Jan-2026,ATM Withdrawal,0.00,766.11,"35,880.89"
ID13834,27-Jan-2026,Transfer,602.31,0.00,"74,467.15"
ID13834,03-Apr-2026,Direct Deposit,"4,639.67",0.00,"54,281.39"
ID13834,17-Feb-2026,Reversal,0.00,"1,180.08","61,746.38"
ID13834,06-Jan-2026,Debit Card,0.00,12.80,"12,652.82"
ID13835,06-Feb-2026,Debit Card,0.00,399.84,"60,207.10"
ID13835,23-Jan-2026,Transfer,"1,665.18",0.00,"42,840.07"
ID13835,05-Feb-2026,ATM Withdrawal,0.00,605.92,"1,021.55"
ID13835,12-Mar-2026,Debit Card,0.00,637.11,"56,200.68"
ID13835,25-Mar-2026,Interest,402.62,0.00,"69,987.19"
ID13835,22-Feb-2026,Debit Card,0.00,784.89,"90,697.05"
ID13835,18-Mar-2026,Direct Deposit,837.90,0.00,"48,012.40"
ID13835,08-Mar-2026,Debit Card,0.00,197.87,"64,012.61"
ID13835,23-Feb-2026,Reversal,519.18,0.00,"60,829.98"
ID13835,22-Feb-2026,Direct Deposit,"4,688.74",0.00,"59,355.31"
ID13835,17-Feb-2026,Debit Card,0.00,702.36,"25,681.12"
ID13835,23-Jan-2026,Payment,0.00,891.41,"66,813.76"
ID13835,04-Feb-2026,Reversal,"1,314.24",0.00,"94,026.37"
ID13835,17-Feb-2026,Reversal,"1,683.07",0.00,"97,476.06"
ID13835,02-Mar-2026,Charge,0.00,897.35,"52,664.35"
ID13835,19-Mar-2026,ATM Withdrawal,0.00,921.99,"43,994.36"
ID13835,17-Feb-2026,Payment,0.00,714.25,"26,595.09"
ID13835,29-Mar-2026,Interest,286.90,0.00,"38,070.24"
ID13835,04-Mar-2026,Direct Deposit,"3,493.74",0.00,"44,557.84"
ID13835,27-Jan-2026,ATM Withdrawal,0.00,387.66,"99,771.73"
ID13836,01-Feb-2026,Interest,71.08,0.00,"45,549.90"
ID13836,16-Jan-2026,Interest,391.64,0.00,"81,644.86"
ID13836,16-Mar-2026,Reversal,0.00,"1,278.06","14,806.89"
ID13836,09-Jan-2026,Interest,121.37,0.00,"81,041.27"
ID13836,02-Apr-2026,Interest,286.77,0.00,"18,436.78"
ID13836,06-Jan-2026,Payment,"1,236.85",0.00,"54,770.70"
ID13836,09-Jan-2026,Payment,"1,423.12",0.00,"18,110.00"
ID13836,12-Feb-2026,Debit Card,0.00,40.50,"80,882.44"
ID13836,13-Feb-2026,Direct Deposit,"4,055.06",0.00,"69,130.14"
ID13836,06-Jan-2026,Transfer,0.00,"1,483.51","88,931.52"
ID13836,13-Mar-2026,Direct Deposit,"1,122.94",0.00,"39,340.91"
ID13836,14-Jan-2026,Debit Card,0.00,153.63,"42,540.26"
ID13836,20-Mar-2026,Interest,327.15,0.00,"60,382.64"
ID13836,30-Jan-2026,Debit Card,0.00,429.52,"34,172.02"
ID13836,30-Mar-2026,Interest,302.76,0.00,"83,781.08"
ID13836,14-Mar-2026,Interest,317.11,0.00,"77,216.63"
ID13836,09-Mar-2026,Payment,0.00,"1,041.49","99,585.20"
ID13836,10-Jan-2026,Interest,474.77,0.00,"66,626.20"
ID13836,04-Jan-2026,Interest,107.25,0.00,"40,121.79"
ID13836,11-Mar-2026,ATM Withdrawal,0.00,850.91,"40,986.68"
ID13837,20-Jan-2026,ATM Withdrawal,0.00,299.19,"58,397.45"
ID13837,27-Jan-2026,Interest,201.24,0.00,"48,696.68"
ID13837,24-Feb-2026,Transfer,0.00,166.36,"42,856.07"
ID13837,28-Feb-2026,Direct Deposit,"3,626.13",0.00,"61,481.13"
ID13837,03-Mar-2026,Interest,157.78,0.00,"40,945.31"
ID13837,28-Feb-2026,Charge,0.00,676.28,"96,815.65"
ID13837,13-Feb-2026,Direct Deposit,"1,237.03",0.00,"62,322.14"
ID13837,19-Feb-2026,Reversal,"1,226.15",0.00,"89,892.74"
ID13837,31-Jan-2026,Transfer,404.33,0.00,"69,024.12"
ID13837,02-Mar-2026,Debit Card,0.00,622.04,"97,556.78"
ID13837,22-Jan-2026,Direct Deposit,"2,796.70",0.00,"87,157.60"
ID13837,14-Feb-2026,Charge,0.00,44.83,"7,017.31"
ID13837,11-Mar-2026,Debit Card,0.00,279.09,"32,481.62"
ID13837,21-Mar-2026,Reversal,"1,089.50",0.00,"85,322.68"
ID13837,12-Jan-2026,Payment,0.00,379.30,"12,913.74"
ID13837,26-Jan-2026,Reversal,758.77,0.00,"30,712.78"
ID13837,28-Jan-2026,Debit Card,0.00,803.86,"21,198.20"
ID13837,10-Mar-2026,ATM Withdrawal,0.00,28.13,"83,329.21"
ID13837,23-Mar-2026,Debit Card,0.00,822.03,"8,007.50"
ID13837,15-Jan-2026,Charge,0.00,983.61,"95,366.10"
ID13838,15-Mar-2026,Interest,268.24,0.00,"78,118.53"
ID13838,01-Feb-2026,Reversal,0.00,149.32,"19,311.82"
ID13838,20-Mar-2026,Interest,66.74,0.00,"75,995.48"
ID13838,05-Mar-2026,Charge,0.00,861.97,"43,353.94"
ID13838,08-Feb-2026,Direct Deposit,"2,017.03",0.00,"84,919.78"
ID13838,26-Feb-2026,Direct Deposit,540.75,0.00,"27,090.13"
ID13838,30-Jan-2026,ATM Withdrawal,0.00,711.17,"73,444.70"
ID13838,29-Mar-2026,ATM Withdrawal,0.00,44.81,"65,946.45"
ID13838,07-Feb-2026,Transfer,0.00,601.56,"51,463.42"
ID13838,28-Feb-2026,Payment,0.00,768.08,"79,705.63"
ID13838,31-Jan-2026,Transfer,0.00,515.18,"89,169.70"
ID13838,07-Mar-2026,ATM Withdrawal,0.00,83.82,"30,796.92"
ID13838,27-Feb-2026,ATM Withdrawal,0.00,273.84,"92,329.54"
ID13838,01-Mar-2026,Reversal,0.00,493.72,"63,499.59"
ID13838,28-Feb-2026,Direct Deposit,"4,420.81",0.00,"7,107.24"
ID13838,02-Apr-2026,Interest,347.07,0.00,"7,327.51"
ID13838,23-Mar-2026,Direct Deposit,"3,459.87",0.00,"3,978.27"
ID13838,19-Mar-2026,Debit Card,0.00,125.56,"32,033.06"
ID13838,18-Feb-2026,Charge,0.00,625.22,"75,724.63"
ID13838,24-Feb-2026,Direct Deposit,"4,431.72",0.00,"81,520.53"
ID13839,27-Feb-2026,Transfer,0.00,123.78,"84,832.09"
ID13839,30-Jan-2026,Reversal,"1,088.40",0.00,"12,674.78"
ID13839,14-Jan-2026,Reversal,0.00,568.24,"77,514.51"
ID13839,21-Mar-2026,Debit Card,0.00,678.59,"42,452.19"
ID13839,27-Mar-2026,Reversal,0.00,342.42,"76,390.34"
ID13839,31-Jan-2026,Interest,117.65,0.00,"59,312.61"
ID13839,05-Jan-2026,Reversal,0.00,"1,427.25","45,358.31"
ID13839,13-Feb-2026,Reversal,0.00,"1,019.24","19,963.22"
ID13839,16-Jan-2026,Direct Deposit,"3,070.11",0.00,"96,981.20"
ID13839,14-Mar-2026,Payment,0.00,"1,476.56","97,616.38"
ID13839,27-Mar-2026,Interest,149.46,0.00,"64,182.61"
ID13839,13-Mar-2026,Payment,0.00,52.56,"75,246.35"
ID13839,16-Jan-2026,Interest,226.51,0.00,"36,039.28"
ID13839,05-Mar-2026,Transfer,0.00,"1,432.27","34,994.33"
ID13839,02-Feb-2026,Direct Deposit,"1,931.42",0.00,"80,318.80"
ID13839,03-Mar-2026,Interest,289.30,0.00,"39,900.18"
ID13839,14-Jan-2026,Interest,178.45,0.00,"36,423.49"
ID13839,05-Mar-2026,Direct Deposit,"4,415.27",0.00,"78,314.85"
ID13839,04-Feb-2026,Direct Deposit,"1,228.82",0.00,"80,269.26"
ID13839,15-Feb-2026,Charge,0.00,845.12,"10,681.36"
ID13840,15-Mar-2026,Charge,0.00,348.42,"70,981.75"
ID13840,12-Feb-2026,ATM Withdrawal,0.00,922.39,"31,825.49"
ID13840,17-Jan-2026,ATM Withdrawal,0.00,977.59,"26,549.45"
ID13840,17-Jan-2026,ATM Withdrawal,0.00,662.76,"96,590.04"
ID13840,06-Jan-2026,Transfer,0.00,"1,313.11","57,354.89"
ID13840,20-Jan-2026,Charge,0.00,658.31,"38,289.64"
ID13840,02-Apr-2026,Direct Deposit,923.35,0.00,"20,112.17"
ID13840,13-Jan-2026,Payment,"1,734.04",0.00,"12,985.71"
ID13840,11-Feb-2026,Debit Card,0.00,496.26,"3,319.16"
ID13840,20-Mar-2026,Payment,0.00,415.54,"28,969.88"
ID13840,25-Jan-2026,Charge,0.00,866.42,"97,666.49"
ID13840,27-Feb-2026,Charge,0.00,740.44,"58,605.77"
ID13840,15-Jan-2026,Reversal,0.00,353.10,"57,921.80"
ID13840,04-Feb-2026,Payment,127.66,0.00,"65,969.79"
ID13840,29-Jan-2026,Debit Card,0.00,48.33,"26,976.39"
ID13840,11-Feb-2026,Debit Card,0.00,928.12,"66,381.84"
ID13840,09-Feb-2026,Transfer,0.00,379.33,"68,934.59"
ID13840,06-Jan-2026,Payment,0.00,"1,141.60","75,348.41"
ID13840,18-Mar-2026,Reversal,0.00,"1,210.25","87,640.85"
ID13840,04-Jan-2026,Charge,0.00,220.75,"39,195.64"
ID13841,31-Mar-2026,Payment,0.00,"1,183.70","13,280.83"
ID13841,17-Jan-2026,Interest,261.76,0.00,"95,096.23"
ID13841,02-Feb-2026,Transfer,855.26,0.00,"19,835.17"
ID13841,27-Mar-2026,Debit Card,0.00,106.58,"60,146.97"
ID13841,25-Mar-2026,Debit Card,0.00,512.49,"11,854.27"
ID13841,07-Feb-2026,ATM Withdrawal,0.00,435.90,"95,639.52"
ID13841,16-Jan-2026,Debit Card,0.00,341.26,"64,014.05"
ID13841,31-Mar-2026,Charge,0.00,360.30,"20,157.65"
ID13841,17-Feb-2026,Direct Deposit,"2,746.93",0.00,"45,931.69"
ID13841,18-Jan-2026,ATM Withdrawal,0.00,529.28,"52,517.58"
ID13841,06-Mar-2026,Transfer,313.29,0.00,"22,173.91"
ID13841,09-Feb-2026,Direct Deposit,"2,859.40",0.00,"72,340.88"
ID13841,08-Jan-2026,Transfer,0.00,622.79,"9,808.88"
ID13841,20-Jan-2026,Debit Card,0.00,824.82,"90,553.14"
ID13841,29-Mar-2026,Reversal,0.00,"1,416.25","21,822.73"
ID13841,14-Jan-2026,Transfer,0.00,278.54,"98,720.97"
ID13841,07-Mar-2026,Debit Card,0.00,625.64,"33,249.52"
ID13841,19-Jan-2026,Transfer,"1,662.36",0.00,"23,382.88"
ID13841,27-Jan-2026,Payment,671.32,0.00,"73,906.47"
ID13841,15-Feb-2026,Interest,478.68,0.00,"44,694.83"
ID13842,02-Mar-2026,Interest,114.20,0.00,"83,259.33"
ID13842,28-Feb-2026,Debit Card,0.00,415.89,"34,143.95"
ID13842,27-Jan-2026,Transfer,718.70,0.00,"77,171.20"
ID13842,04-Mar-2026,Payment,764.57,0.00,"24,606.18"
ID13842,24-Feb-2026,ATM Withdrawal,0.00,872.17,"7,636.10"
ID13842,07-Mar-2026,Payment,300.43,0.00,"90,628.07"
ID13842,09-Feb-2026,Interest,173.16,0.00,"12,205.11"
ID13842,05-Mar-2026,Debit Card,0.00,573.60,"41,458.55"
ID13842,23-Jan-2026,Interest,284.89,0.00,"73,530.04"
ID13842,03-Feb-2026,Direct Deposit,"3,768.15",0.00,"50,680.73"
ID13842,23-Feb-2026,Debit Card,0.00,216.98,"59,753.71"
ID13842,08-Jan-2026,Charge,0.00,62.91,"16,545.54"
ID13842,26-Feb-2026,Payment,0.00,372.42,"19,445.13"
ID13842,21-Feb-2026,Interest,370.26,0.00,"69,570.08"
ID13842,28-Jan-2026,Reversal,"1,369.28",0.00,"94,753.32"
ID13842,15-Feb-2026,Transfer,0.00,"1,213.83","40,333.50"
ID13842,10-Mar-2026,Reversal,602.28,0.00,"15,502.95"
ID13842,10-Feb-2026,Reversal,0.00,133.38,"20,559.23"
ID13842,31-Mar-2026,Transfer,0.00,770.35,"55,901.78"
ID13842,01-Apr-2026,Transfer,569.61,0.00,"65,113.27"
ID13843,04-Jan-2026,ATM Withdrawal,0.00,236.88,"42,503.31"
ID13843,20-Feb-2026,Reversal,172.38,0.00,"29,431.75"
ID13843,03-Feb-2026,Transfer,"1,911.91",0.00,"95,568.11"
ID13843,14-Jan-2026,Transfer,"1,789.30",0.00,"82,840.74"
ID13843,09-Feb-2026,ATM Withdrawal,0.00,354.16,"12,536.38"
ID13843,21-Feb-2026,Transfer,195.34,0.00,"79,896.39"
ID13843,08-Feb-2026,Interest,328.84,0.00,"36,104.71"
ID13843,25-Mar-2026,ATM Withdrawal,0.00,963.35,"53,248.08"
ID13843,18-Feb-2026,Reversal,"1,640.73",0.00,"33,667.33"
ID13843,14-Mar-2026,Charge,0.00,556.54,"28,579.59"
ID13843,07-Jan-2026,Transfer,"1,195.66",0.00,"80,722.85"
ID13843,29-Mar-2026,ATM Withdrawal,0.00,482.48,"59,794.15"
ID13843,10-Mar-2026,Interest,105.78,0.00,"61,416.38"
ID13843,22-Mar-2026,Interest,235.75,0.00,"78,667.10"
ID13843,29-Mar-2026,Transfer,0.00,"1,202.10","54,028.65"
ID13843,07-Mar-2026,Debit Card,0.00,798.49,"69,061.64"
ID13843,30-Mar-2026,Reversal,0.00,728.30,"66,969.57"
ID13843,04-Mar-2026,Transfer,354.67,0.00,"2,525.02"
ID13843,18-Mar-2026,Charge,0.00,439.09,"10,641.68"
ID13843,03-Feb-2026,Debit Card,0.00,67.15,"50,587.95"
ID13844,04-Jan-2026,Interest,98.45,0.00,"9,894.07"
ID13844,18-Mar-2026,Reversal,"1,427.74",0.00,"46,979.98"
ID13844,11-Feb-2026,Transfer,0.00,621.32,"7,222.99"
ID13844,24-Feb-2026,Payment,"1,129.60",0.00,"25,388.08"
ID13844,07-Feb-2026,Transfer,456.88,0.00,"57,641.48"
ID13844,11-Feb-2026,Payment,0.00,91.90,"10,232.77"
ID13844,24-Feb-2026,Payment,"1,862.93",0.00,"2,769.97"
ID13844,20-Mar-2026,ATM Withdrawal,0.00,721.81,"95,202.12"
ID13844,19-Jan-2026,ATM Withdrawal,0.00,527.67,"82,509.58"
ID13844,16-Feb-2026,ATM Withdrawal,0.00,59.19,"97,470.37"
ID13844,11-Feb-2026,Direct Deposit,"2,804.85",0.00,"87,128.75"
ID13844,10-Mar-2026,Direct Deposit,"1,482.68",0.00,"8,864.48"
ID13844,01-Feb-2026,Debit Card,0.00,333.21,"80,161.65"
ID13844,19-Mar-2026,Charge,0.00,73.16,"39,604.73"
ID13844,17-Mar-2026,Debit Card,0.00,92.47,"42,814.05"
ID13844,17-Feb-2026,ATM Withdrawal,0.00,894.02,"97,398.09"
ID13844,18-Mar-2026,Charge,0.00,418.59,"78,883.44"
ID13844,14-Mar-2026,Debit Card,0.00,596.59,"61,857.48"
ID13844,09-Mar-2026,Debit Card,0.00,134.25,"35,953.54"
ID13844,28-Mar-2026,Transfer,"1,706.81",0.00,"93,736.95"
ID13845,17-Jan-2026,Direct Deposit,"3,316.07",0.00,"57,872.49"
ID13845,16-Mar-2026,Direct Deposit,"1,174.29",0.00,"94,861.90"
ID13845,17-Mar-2026,ATM Withdrawal,0.00,995.06,"19,789.07"
ID13845,18-Feb-2026,Debit Card,0.00,131.18,"9,318.65"
ID13845,18-Jan-2026,Reversal,0.00,204.81,"68,292.91"
ID13845,05-Mar-2026,Payment,908.71,0.00,"99,773.25"
ID13845,31-Jan-2026,Interest,182.60,0.00,"69,894.76"
ID13845,20-Feb-2026,Payment,502.31,0.00,"56,381.47"
ID13845,05-Jan-2026,Payment,"1,145.86",0.00,"43,475.65"
ID13845,03-Jan-2026,Reversal,"1,568.38",0.00,"89,678.16"
ID13845,01-Feb-2026,Transfer,0.00,51.47,"92,939.16"
ID13845,20-Mar-2026,Direct Deposit,"3,662.45",0.00,"47,556.06"
ID13845,14-Mar-2026,Debit Card,0.00,901.69,"74,125.12"
ID13845,21-Feb-2026,ATM Withdrawal,0.00,281.65,"77,992.98"
ID13845,26-Feb-2026,Direct Deposit,"2,725.27",0.00,"82,897.17"
ID13845,20-Jan-2026,Debit Card,0.00,197.96,"62,281.33"
ID13845,08-Jan-2026,Reversal,0.00,283.46,"93,825.03"
ID13845,12-Mar-2026,Charge,0.00,827.92,"27,447.35"
ID13845,19-Feb-2026,Payment,0.00,"1,491.02","42,446.58"
ID13845,25-Feb-2026,Reversal,0.00,"1,417.62","82,740.50"
ID13846,15-Feb-2026,Direct Deposit,"4,918.19",0.00,"5,869.28"
ID13846,31-Jan-2026,Direct Deposit,"3,517.81",0.00,"62,983.41"
ID13846,27-Mar-2026,Interest,89.27,0.00,"49,271.23"
ID13846,05-Jan-2026,Charge,0.00,476.42,"97,085.67"
ID13846,11-Feb-2026,Interest,344.94,0.00,"23,444.03"
ID13846,24-Jan-2026,Payment,"1,997.88",0.00,"11,410.65"
ID13846,10-Mar-2026,Charge,0.00,480.09,"88,260.40"
ID13846,10-Feb-2026,Interest,252.55,0.00,"33,732.41"
ID13846,22-Mar-2026,Charge,0.00,14.01,"7,437.27"
ID13846,20-Feb-2026,Direct Deposit,"1,043.89",0.00,"14,747.92"
ID13846,16-Feb-2026,Payment,"1,107.87",0.00,"5,275.66"
ID13846,10-Jan-2026,Charge,0.00,924.14,"56,697.19"
ID13846,25-Feb-2026,Debit Card,0.00,185.42,"74,741.05"
ID13846,16-Mar-2026,Debit Card,0.00,319.53,"83,092.41"
ID13846,05-Feb-2026,Debit Card,0.00,982.32,"92,563.64"
ID13846,07-Mar-2026,Interest,130.30,0.00,"3,560.92"
ID13846,14-Feb-2026,Reversal,0.00,"1,315.37","3,040.36"
ID13846,14-Feb-2026,ATM Withdrawal,0.00,831.28,"66,955.22"
ID13846,13-Mar-2026,Debit Card,0.00,519.28,"29,269.63"
ID13846,25-Jan-2026,Reversal,0.00,797.40,"41,915.50"
ID13847,07-Feb-2026,ATM Withdrawal,0.00,669.55,"77,730.37"
ID13847,24-Mar-2026,Payment,0.00,969.02,"70,180.95"
ID13847,31-Mar-2026,ATM Withdrawal,0.00,438.85,"50,970.63"
ID13847,21-Feb-2026,Direct Deposit,"4,071.71",0.00,"11,814.33"
ID13847,01-Mar-2026,Debit Card,0.00,143.03,"47,666.86"
ID13847,24-Feb-2026,Reversal,374.40,0.00,"24,925.56"
ID13847,06-Feb-2026,ATM Withdrawal,0.00,626.82,"75,543.37"
ID13847,06-Feb-2026,Debit Card,0.00,510.13,"80,914.28"
ID13847,25-Jan-2026,Debit Card,0.00,573.36,"68,361.18"
ID13847,11-Jan-2026,Charge,0.00,843.99,"55,857.92"
ID13847,18-Jan-2026,Transfer,0.00,505.50,"18,957.07"
ID13847,31-Jan-2026,Transfer,"1,476.84",0.00,"79,568.07"
ID13847,07-Feb-2026,Direct Deposit,"4,093.87",0.00,"64,281.83"
ID13847,29-Mar-2026,Interest,55.92,0.00,"11,990.98"
ID13847,24-Mar-2026,Charge,0.00,316.66,"94,722.75"
ID13847,31-Mar-2026,Interest,57.11,0.00,"50,765.42"
ID13847,28-Jan-2026,Charge,0.00,73.21,"78,754.90"
ID13847,10-Mar-2026,Reversal,"1,020.79",0.00,"79,704.24"
ID13847,26-Mar-2026,Debit Card,0.00,812.17,"72,955.89"
ID13847,23-Jan-2026,Transfer,0.00,271.06,"78,985.44"
ID13848,10-Feb-2026,Debit Card,0.00,239.08,"28,612.76"
ID13848,12-Feb-2026,Payment,0.00,903.28,"64,252.72"
ID13848,21-Feb-2026,Direct Deposit,"4,651.01",0.00,"31,143.66"
ID13848,01-Apr-2026,Interest,303.23,0.00,"65,370.68"
ID13848,17-Jan-2026,Interest,431.28,0.00,"35,484.38"
ID13848,03-Apr-2026,Transfer,995.07,0.00,"80,111.85"
ID13848,03-Mar-2026,Payment,0.00,938.39,"31,428.68"
ID13848,29-Jan-2026,Interest,416.46,0.00,"23,832.95"
ID13848,12-Jan-2026,Reversal,0.00,164.79,"22,147.95"
ID13848,25-Mar-2026,Reversal,0.00,"1,177.34","31,834.87"
ID13848,01-Apr-2026,ATM Withdrawal,0.00,644.81,"7,395.07"
ID13848,24-Feb-2026,Transfer,0.00,"1,032.89","73,034.27"
ID13848,25-Jan-2026,Payment,"1,636.48",0.00,"78,562.06"
ID13848,12-Mar-2026,Transfer,0.00,856.40,"82,260.20"
ID13848,07-Mar-2026,Interest,98.59,0.00,"44,405.74"
ID13848,14-Jan-2026,Charge,0.00,945.61,"44,380.85"
ID13848,18-Feb-2026,Transfer,"1,781.17",0.00,"85,539.42"
ID13848,01-Feb-2026,Direct Deposit,"1,903.92",0.00,"1,741.84"
ID13848,10-Jan-2026,Debit Card,0.00,210.18,"3,577.62"
ID13848,04-Mar-2026,Charge,0.00,786.96,"12,187.40"
ID13849,18-Jan-2026,ATM Withdrawal,0.00,128.65,"74,841.78"
ID13849,03-Jan-2026,ATM Withdrawal,0.00,716.66,"97,019.77"
ID13849,28-Jan-2026,Reversal,"1,804.88",0.00,"85,532.35"
ID13849,10-Jan-2026,ATM Withdrawal,0.00,262.98,"51,927.02"
ID13849,25-Feb-2026,Direct Deposit,"1,874.00",0.00,"3,666.87"
ID13849,22-Feb-2026,ATM Withdrawal,0.00,715.10,"94,324.14"
ID13849,29-Mar-2026,Direct Deposit,"3,184.02",0.00,"92,043.94"
ID13849,03-Jan-2026,Direct Deposit,"4,744.09",0.00,"13,730.22"
ID13849,12-Mar-2026,Debit Card,0.00,865.94,"24,846.57"
ID13849,03-Feb-2026,Debit Card,0.00,375.99,"21,097.16"
ID13849,05-Feb-2026,Direct Deposit,"1,624.99",0.00,"2,508.55"
ID13849,22-Jan-2026,ATM Withdrawal,0.00,386.54,"67,804.56"
ID13849,14-Mar-2026,Debit Card,0.00,965.81,"49,705.02"
ID13849,16-Mar-2026,Interest,13.92,0.00,"56,141.20"
ID13849,13-Jan-2026,Charge,0.00,141.18,"9,223.29"
ID13849,10-Mar-2026,Charge,0.00,725.20,"46,549.06"
ID13849,06-Jan-2026,Charge,0.00,304.42,"9,953.25"
ID13849,26-Mar-2026,Payment,543.30,0.00,"56,261.38"
ID13849,16-Mar-2026,ATM Withdrawal,0.00,323.17,"27,838.95"
ID13849,03-Apr-2026,ATM Withdrawal,0.00,645.72,"69,092.69"
ID13850,11-Mar-2026,Debit Card,0.00,133.65,"36,895.75"
ID13850,08-Jan-2026,Transfer,216.01,0.00,"51,275.32"
ID13850,13-Jan-2026,Charge,0.00,925.77,"4,338.77"
ID13850,21-Mar-2026,Payment,0.00,101.94,"35,372.05"
ID13850,07-Feb-2026,Payment,0.00,374.51,"36,601.42"
ID13850,20-Mar-2026,Charge,0.00,204.89,"46,155.63"
ID13850,14-Mar-2026,Reversal,"1,144.89",0.00,"52,726.75"
ID13850,19-Mar-2026,Reversal,227.44,0.00,"11,133.95"
ID13850,16-Mar-2026,Direct Deposit,"4,905.86",0.00,"24,419.59"
ID13850,02-Feb-2026,Interest,270.85,0.00,"12,939.06"
ID13850,25-Jan-2026,Charge,0.00,922.26,"54,850.75"
ID13850,09-Feb-2026,Transfer,0.00,166.67,"49,057.18"
ID13850,20-Jan-2026,Interest,119.31,0.00,"29,752.56"
ID13850,17-Mar-2026,Debit Card,0.00,157.11,"2,000.81"
ID13850,21-Feb-2026,Debit Card,0.00,631.36,"57,527.63"
ID13850,26-Mar-2026,Payment,"1,236.02",0.00,"1,793.06"
ID13850,31-Mar-2026,Direct Deposit,"4,778.64",0.00,"19,408.29"
ID13850,23-Jan-2026,Direct Deposit,"3,960.76",0.00,"9,844.97"
ID13850,05-Feb-2026,Payment,294.40,0.00,"58,634.69"
ID13850,22-Feb-2026,ATM Withdrawal,0.00,714.00,"16,085.23"
ID13851,31-Mar-2026,Charge,0.00,72.60,"17,800.16"
ID13851,26-Mar-2026,ATM Withdrawal,0.00,154.78,"18,488.35"
ID13851,02-Mar-2026,Debit Card,0.00,987.55,"64,107.31"
ID13851,19-Jan-2026,Debit Card,0.00,946.39,"74,035.08"
ID13851,12-Jan-2026,Direct Deposit,"4,648.98",0.00,"33,011.77"
ID13851,20-Mar-2026,Debit Card,0.00,826.51,"54,332.09"
ID13851,28-Feb-2026,Interest,378.12,0.00,"99,436.96"
ID13851,23-Feb-2026,Payment,0.00,826.36,"69,048.22"
ID13851,26-Mar-2026,Direct Deposit,825.98,0.00,"7,739.89"
ID13851,26-Jan-2026,Transfer,0.00,463.27,"41,447.30"
ID13851,19-Feb-2026,Direct Deposit,"3,192.65",0.00,"72,337.81"
ID13851,02-Apr-2026,Debit Card,0.00,886.21,"10,302.68"
ID13851,20-Jan-2026,Direct Deposit,"3,141.11",0.00,"34,593.96"
ID13851,21-Mar-2026,Payment,0.00,780.31,"93,751.24"
ID13851,20-Jan-2026,Debit Card,0.00,84.04,"96,805.07"
ID13851,27-Feb-2026,Transfer,573.43,0.00,"14,163.17"
ID13851,06-Jan-2026,Charge,0.00,755.13,"38,031.50"
ID13851,01-Mar-2026,Debit Card,0.00,845.11,"55,503.10"
ID13851,29-Mar-2026,Direct Deposit,"1,476.12",0.00,"49,482.21"
ID13851,14-Feb-2026,Direct Deposit,932.96,0.00,"57,317.47"
ID13852,18-Mar-2026,Interest,401.43,0.00,"41,514.20"
ID13852,19-Jan-2026,Reversal,"1,419.88",0.00,"99,568.00"
ID13852,08-Feb-2026,Charge,0.00,355.35,"93,136.72"
ID13852,26-Feb-2026,Transfer,"1,235.74",0.00,"55,534.59"
ID13852,12-Jan-2026,Interest,35.92,0.00,"65,184.12"
ID13852,07-Feb-2026,Direct Deposit,"2,046.92",0.00,"44,994.95"
ID13852,24-Feb-2026,Charge,0.00,144.96,"62,355.11"
ID13852,13-Mar-2026,Debit Card,0.00,241.31,"27,819.81"
ID13852,26-Mar-2026,ATM Withdrawal,0.00,81.73,"62,704.76"
ID13852,19-Feb-2026,ATM Withdrawal,0.00,899.55,"20,534.72"
ID13852,06-Jan-2026,Reversal,198.88,0.00,"47,340.76"
ID13852,10-Feb-2026,Transfer,722.23,0.00,"61,037.06"
ID13852,19-Mar-2026,Transfer,0.00,"1,179.23","82,617.15"
ID13852,27-Jan-2026,Transfer,0.00,557.78,"71,987.00"
ID13852,17-Mar-2026,Debit Card,0.00,320.47,"59,383.82"
ID13852,20-Jan-2026,Direct Deposit,517.56,0.00,"41,081.91"
ID13852,04-Feb-2026,Payment,0.00,"1,066.70","88,289.87"
ID13852,14-Feb-2026,Direct Deposit,642.38,0.00,"63,636.29"
ID13852,03-Jan-2026,Transfer,642.88,0.00,"89,840.71"
ID13852,21-Feb-2026,Payment,503.20,0.00,"58,672.55"
ID13853,08-Jan-2026,Charge,0.00,551.08,"97,637.11"
ID13853,21-Jan-2026,Reversal,0.00,202.98,"28,954.14"
ID13853,14-Jan-2026,Interest,78.95,0.00,"50,261.36"
ID13853,05-Jan-2026,Charge,0.00,46.01,"91,904.91"
ID13853,11-Feb-2026,Reversal,"1,446.03",0.00,"41,086.99"
ID13853,02-Feb-2026,Charge,0.00,602.81,"94,198.87"
ID13853,12-Mar-2026,Charge,0.00,13.17,"97,220.72"
ID13853,04-Feb-2026,Reversal,375.38,0.00,"61,311.60"
ID13853,03-Apr-2026,Charge,0.00,672.10,"19,417.73"
ID13853,13-Jan-2026,Interest,408.02,0.00,"84,463.91"
ID13853,19-Jan-2026,Transfer,955.96,0.00,"47,046.85"
ID13853,20-Mar-2026,Charge,0.00,969.31,"77,568.34"
ID13853,27-Mar-2026,ATM Withdrawal,0.00,890.04,"13,090.54"
ID13853,07-Mar-2026,ATM Withdrawal,0.00,732.57,"84,651.88"
ID13853,09-Mar-2026,Interest,454.46,0.00,"21,075.45"
ID13853,17-Mar-2026,Reversal,0.00,"1,116.68","78,960.22"
ID13853,23-Jan-2026,Reversal,876.94,0.00,"79,280.05"
ID13853,07-Mar-2026,Debit Card,0.00,296.91,"44,782.34"
ID13853,28-Jan-2026,Charge,0.00,981.55,"36,740.73"
ID13853,30-Mar-2026,Payment,0.00,235.04,"2,926.20"
ID13854,19-Jan-2026,Transfer,"1,936.34",0.00,"60,140.92"
ID13854,23-Jan-2026,Payment,0.00,362.38,"46,436.96"
ID13854,10-Mar-2026,Debit Card,0.00,137.93,"26,899.39"
ID13854,29-Mar-2026,ATM Withdrawal,0.00,564.80,"58,470.92"
ID13854,22-Feb-2026,Payment,"1,481.73",0.00,"6,629.99"
ID13854,23-Jan-2026,Direct Deposit,"2,698.44",0.00,"35,824.04"
ID13854,24-Jan-2026,Debit Card,0.00,39.67,"83,056.47"
ID13854,19-Mar-2026,Interest,495.19,0.00,"20,634.84"
ID13854,01-Apr-2026,Interest,286.94,0.00,"51,940.81"
ID13854,23-Jan-2026,Reversal,0.00,416.64,"60,105.12"
ID13854,21-Mar-2026,Transfer,752.45,0.00,"54,719.10"
ID13854,16-Jan-2026,Reversal,744.91,0.00,"78,188.08"
ID13854,22-Jan-2026,Transfer,"1,332.43",0.00,"36,950.98"
ID13854,03-Mar-2026,Direct Deposit,"2,124.01",0.00,"45,806.87"
ID13854,27-Mar-2026,Payment,"1,443.00",0.00,"48,491.84"
ID13854,22-Mar-2026,Direct Deposit,"4,564.14",0.00,"90,789.30"
ID13854,08-Mar-2026,Payment,0.00,"1,043.14","43,899.10"
ID13854,16-Jan-2026,Debit Card,0.00,726.40,"45,049.59"
ID13854,03-Feb-2026,Direct Deposit,"3,266.33",0.00,"21,740.54"
ID13854,15-Feb-2026,Payment,190.01,0.00,"32,774.65"
ID13855,20-Jan-2026,Interest,217.74,0.00,"9,326.71"
ID13855,28-Mar-2026,Transfer,0.00,"1,275.74","6,443.79"
ID13855,14-Feb-2026,Payment,0.00,658.17,"95,853.82"
ID13855,24-Feb-2026,Payment,"1,093.28",0.00,"38,680.55"
ID13855,19-Feb-2026,Transfer,0.00,619.80,"84,541.56"
ID13855,30-Mar-2026,Debit Card,0.00,804.07,"19,838.37"
ID13855,01-Apr-2026,Debit Card,0.00,524.35,"10,217.76"
ID13855,28-Mar-2026,Charge,0.00,142.35,"35,445.22"
ID13855,29-Jan-2026,Direct Deposit,"3,431.49",0.00,"81,930.28"
ID13855,08-Jan-2026,Charge,0.00,469.13,"19,684.66"
ID13855,01-Feb-2026,Payment,"1,510.38",0.00,"9,794.67"
ID13855,17-Jan-2026,Direct Deposit,"2,231.15",0.00,"13,702.27"
ID13855,26-Feb-2026,Debit Card,0.00,741.83,"82,237.76"
ID13855,02-Feb-2026,Interest,106.38,0.00,"97,592.94"
ID13855,09-Mar-2026,ATM Withdrawal,0.00,978.76,"12,979.09"
ID13855,14-Mar-2026,ATM Withdrawal,0.00,811.38,"12,572.61"
ID13855,24-Feb-2026,Direct Deposit,"4,287.25",0.00,"74,700.05"
ID13855,15-Feb-2026,Interest,287.44,0.00,"77,197.25"
ID13855,11-Feb-2026,ATM Withdrawal,0.00,111.35,"5,709.77"
ID13855,11-Jan-2026,Transfer,"1,823.50",0.00,"44,715.67"
ID13856,19-Mar-2026,Reversal,226.37,0.00,"52,543.69"
ID13856,05-Jan-2026,Debit Card,0.00,256.96,"26,283.39"
ID13856,20-Jan-2026,Interest,248.54,0.00,"61,037.78"
ID13856,13-Jan-2026,Interest,60.74,0.00,"56,294.82"
ID13856,10-Jan-2026,Debit Card,0.00,876.08,"15,905.09"
ID13856,13-Feb-2026,Interest,365.80,0.00,"42,832.23"
ID13856,26-Jan-2026,Transfer,619.89,0.00,"94,673.21"
ID13856,21-Feb-2026,Payment,0.00,771.43,"28,256.38"
ID13856,25-Feb-2026,Charge,0.00,253.29,"90,039.58"
ID13856,28-Mar-2026,Reversal,239.89,0.00,"86,000.21"
ID13856,12-Jan-2026,Transfer,"1,836.23",0.00,"18,565.50"
ID13856,10-Mar-2026,Debit Card,0.00,171.67,"36,497.00"
ID13856,21-Mar-2026,Charge,0.00,154.35,"62,077.52"
ID13856,23-Jan-2026,Transfer,"1,187.30",0.00,"21,838.68"
ID13856,20-Feb-2026,Debit Card,0.00,975.73,"65,117.27"
ID13856,23-Mar-2026,Direct Deposit,"3,577.17",0.00,"94,575.73"
ID13856,06-Jan-2026,Charge,0.00,793.74,"4,199.95"
ID13856,09-Mar-2026,Direct Deposit,"2,227.08",0.00,"12,508.80"
ID13856,18-Jan-2026,Direct Deposit,"2,212.97",0.00,"87,728.98"
ID13856,22-Feb-2026,Reversal,"1,415.22",0.00,"86,966.43"
ID13857,20-Feb-2026,Debit Card,0.00,787.64,"43,341.75"
ID13857,12-Feb-2026,Transfer,0.00,875.11,"39,291.90"
ID13857,04-Jan-2026,ATM Withdrawal,0.00,828.74,"51,410.87"
ID13857,23-Jan-2026,Payment,"1,761.99",0.00,"68,244.19"
ID13857,22-Feb-2026,Charge,0.00,848.82,"30,448.28"
ID13857,11-Mar-2026,Transfer,0.00,198.34,"14,945.87"
ID13857,26-Feb-2026,Debit Card,0.00,847.51,"75,331.15"
ID13857,16-Jan-2026,Charge,0.00,343.20,"45,894.92"
ID13857,16-Feb-2026,ATM Withdrawal,0.00,428.97,"56,231.04"
ID13857,20-Mar-2026,Debit Card,0.00,728.02,"66,167.96"
ID13857,30-Mar-2026,Interest,315.19,0.00,"35,922.32"
ID13857,19-Feb-2026,ATM Withdrawal,0.00,589.68,"9,897.80"
ID13857,03-Feb-2026,Reversal,"1,277.01",0.00,"28,609.81"
ID13857,23-Mar-2026,Interest,65.89,0.00,"66,741.05"
ID13857,25-Feb-2026,Charge,0.00,172.36,"9,654.05"
ID13857,15-Feb-2026,Interest,371.53,0.00,"97,623.53"
ID13857,29-Jan-2026,Charge,0.00,481.61,"78,773.78"
ID13857,14-Feb-2026,Debit Card,0.00,956.82,"15,073.61"
ID13857,13-Jan-2026,Payment,0.00,414.28,"77,781.20"
ID13857,19-Jan-2026,ATM Withdrawal,0.00,453.28,"52,311.83"
ID13858,21-Jan-2026,Payment,0.00,"1,211.84","10,512.27"
ID13858,07-Feb-2026,Debit Card,0.00,435.59,"70,768.74"
ID13858,27-Jan-2026,Debit Card,0.00,601.59,"11,055.47"
ID13858,06-Jan-2026,Transfer,"1,847.78",0.00,"11,412.71"
ID13858,09-Jan-2026,Direct Deposit,"3,948.81",0.00,"37,708.65"
ID13858,17-Mar-2026,Interest,457.34,0.00,"27,187.32"
ID13858,20-Jan-2026,Debit Card,0.00,824.01,"81,673.63"
ID13858,08-Feb-2026,ATM Withdrawal,0.00,34.98,"85,701.44"
ID13858,28-Feb-2026,Reversal,0.00,116.25,"8,694.07"
ID13858,29-Mar-2026,Payment,0.00,596.55,"89,863.42"
ID13858,27-Jan-2026,ATM Withdrawal,0.00,322.86,"45,964.68"
ID13858,13-Jan-2026,Charge,0.00,404.39,"63,564.51"
ID13858,02-Feb-2026,Debit Card,0.00,460.41,"72,062.31"
ID13858,28-Mar-2026,Transfer,0.00,773.60,"97,478.79"
ID13858,17-Jan-2026,Interest,257.00,0.00,"23,817.99"
ID13858,28-Jan-2026,Payment,102.47,0.00,"54,962.35"
ID13858,13-Jan-2026,Reversal,"1,703.51",0.00,"4,493.22"
ID13858,24-Mar-2026,Direct Deposit,"2,596.85",0.00,"54,139.21"
ID13858,18-Jan-2026,Reversal,0.00,606.64,"69,966.78"
ID13858,21-Mar-2026,Interest,24.56,0.00,"25,123.71"
ID13859,06-Jan-2026,Interest,97.72,0.00,"27,942.11"
ID13859,05-Mar-2026,Reversal,648.66,0.00,"24,804.93"
ID13859,24-Jan-2026,Payment,277.80,0.00,"32,994.41"
ID13859,06-Mar-2026,Reversal,0.00,434.96,"12,703.21"
ID13859,23-Mar-2026,ATM Withdrawal,0.00,318.24,"93,236.32"
ID13859,05-Feb-2026,Direct Deposit,"4,765.96",0.00,"67,168.20"
ID13859,05-Mar-2026,ATM Withdrawal,0.00,691.62,"22,327.03"
ID13859,15-Mar-2026,Reversal,0.00,724.35,"13,504.85"
ID13859,05-Feb-2026,Debit Card,0.00,477.60,"54,846.13"
ID13859,21-Mar-2026,Debit Card,0.00,367.51,"40,256.73"
ID13859,17-Jan-2026,Payment,"1,899.73",0.00,"30,349.35"
ID13859,11-Jan-2026,Direct Deposit,"4,169.89",0.00,"6,531.08"
ID13859,06-Jan-2026,Charge,0.00,913.57,"12,043.10"
ID13859,07-Jan-2026,Charge,0.00,535.04,"25,636.45"
ID13859,23-Jan-2026,Interest,362.23,0.00,"74,515.58"
ID13859,24-Mar-2026,Payment,0.00,"1,366.99","9,340.93"
ID13859,14-Jan-2026,Charge,0.00,933.39,"81,949.77"
ID13859,02-Feb-2026,Reversal,0.00,924.02,"31,177.93"
ID13859,04-Jan-2026,Payment,"1,387.50",0.00,"74,777.07"
ID13859,15-Jan-2026,Transfer,345.79,0.00,"60,491.64"
ID13860,18-Feb-2026,Reversal,"1,540.73",0.00,"65,080.38"
ID13860,19-Jan-2026,Reversal,448.22,0.00,"33,437.89"
ID13860,12-Feb-2026,Transfer,0.00,118.54,"21,348.51"
ID13860,11-Feb-2026,Direct Deposit,"2,211.99",0.00,"5,172.53"
ID13860,30-Jan-2026,Charge,0.00,56.70,"86,769.78"
ID13860,28-Jan-2026,ATM Withdrawal,0.00,654.95,"64,529.85"
ID13860,28-Mar-2026,Transfer,"1,958.41",0.00,"61,663.42"
ID13860,18-Mar-2026,Reversal,0.00,"1,308.19","99,982.13"
ID13860,28-Feb-2026,Debit Card,0.00,423.72,"21,154.09"
ID13860,17-Feb-2026,Transfer,0.00,"1,376.43","80,108.73"
ID13860,03-Apr-2026,Debit Card,0.00,103.47,"12,196.79"
ID13860,29-Mar-2026,Charge,0.00,503.23,"34,948.01"
ID13860,07-Feb-2026,Payment,0.00,864.27,"91,318.26"
ID13860,28-Mar-2026,Transfer,"1,474.38",0.00,"55,141.30"
ID13860,16-Mar-2026,Payment,0.00,603.11,"26,068.75"
ID13860,29-Jan-2026,Interest,176.51,0.00,"95,383.01"
ID13860,06-Mar-2026,Interest,286.69,0.00,"48,437.90"
ID13860,05-Mar-2026,Debit Card,0.00,212.05,"46,549.72"
ID13860,05-Jan-2026,Payment,"1,320.05",0.00,"24,428.46"
ID13860,13-Jan-2026,Debit Card,0.00,282.98,"45,867.76"
ID13861,23-Mar-2026,Debit Card,0.00,712.07,"91,848.14"
ID13861,02-Mar-2026,Interest,308.83,0.00,"11,321.32"
ID13861,25-Jan-2026,Transfer,0.00,981.58,"69,535.79"
ID13861,16-Feb-2026,Interest,66.32,0.00,"18,453.64"
ID13861,26-Jan-2026,Transfer,0.00,895.91,"30,609.54"
ID13861,07-Mar-2026,ATM Withdrawal,0.00,673.03,"68,528.07"
ID13861,27-Mar-2026,Payment,0.00,444.53,"41,604.93"
ID13861,14-Mar-2026,Reversal,0.00,947.52,"42,749.40"
ID13861,10-Feb-2026,Charge,0.00,596.95,"38,587.27"
ID13861,24-Feb-2026,Charge,0.00,781.12,"12,131.07"
ID13861,11-Jan-2026,Interest,454.65,0.00,"58,815.98"
ID13861,07-Mar-2026,Direct Deposit,"2,152.73",0.00,"21,970.83"
ID13861,20-Feb-2026,Direct Deposit,"2,901.16",0.00,"43,294.27"
ID13861,05-Mar-2026,Charge,0.00,807.26,"4,781.68"
ID13861,22-Jan-2026,Transfer,0.00,"1,129.04","89,001.55"
ID13861,18-Jan-2026,ATM Withdrawal,0.00,827.86,"29,141.12"
ID13861,11-Feb-2026,Payment,0.00,639.69,"80,816.15"
ID13861,22-Mar-2026,Payment,0.00,"1,195.04","88,838.99"
ID13861,11-Feb-2026,Debit Card,0.00,904.53,"32,928.00"
ID13861,28-Mar-2026,Debit Card,0.00,622.85,"37,596.69"
ID13862,27-Feb-2026,Transfer,"1,358.58",0.00,"71,413.88"
ID13862,06-Jan-2026,Payment,0.00,"1,191.57","50,863.20"
ID13862,24-Jan-2026,Charge,0.00,265.29,"41,913.04"
ID13862,12-Jan-2026,Direct Deposit,"1,466.98",0.00,"94,851.95"
ID13862,12-Jan-2026,Transfer,"1,830.15",0.00,"48,792.95"
ID13862,08-Mar-2026,Transfer,"1,739.01",0.00,"84,950.02"
ID13862,01-Apr-2026,Reversal,0.00,896.25,"52,944.07"
ID13862,17-Jan-2026,ATM Withdrawal,0.00,70.36,"3,947.72"
ID13862,20-Feb-2026,Transfer,0.00,230.31,"75,467.66"
ID13862,22-Mar-2026,ATM Withdrawal,0.00,886.04,"98,730.14"
ID13862,27-Mar-2026,Reversal,604.50,0.00,"70,272.47"
ID13862,19-Mar-2026,ATM Withdrawal,0.00,544.51,"7,006.59"
ID13862,27-Jan-2026,Charge,0.00,485.52,"63,197.13"
ID13862,28-Mar-2026,Transfer,"1,122.17",0.00,"31,148.76"
ID13862,15-Mar-2026,Transfer,"1,390.44",0.00,"72,993.63"
ID13862,08-Jan-2026,Interest,479.69,0.00,"59,998.67"
ID13862,03-Mar-2026,Debit Card,0.00,399.89,"61,447.58"
ID13862,19-Jan-2026,Debit Card,0.00,858.27,"83,683.62"
ID13862,27-Feb-2026,ATM Withdrawal,0.00,82.18,"63,696.53"
ID13862,17-Jan-2026,Reversal,"1,170.98",0.00,"89,769.60"
ID13863,30-Mar-2026,ATM Withdrawal,0.00,41.02,"4,822.16"
ID13863,06-Mar-2026,Reversal,0.00,959.08,"6,461.70"
ID13863,20-Jan-2026,Reversal,"1,841.82",0.00,"25,343.03"
ID13863,12-Feb-2026,Direct Deposit,904.91,0.00,"75,620.54"
ID13863,20-Mar-2026,Transfer,"1,888.11",0.00,"77,929.54"
ID13863,13-Jan-2026,Reversal,288.43,0.00,"79,205.00"
ID13863,05-Feb-2026,Debit Card,0.00,926.00,"57,990.49"
ID13863,12-Jan-2026,Interest,50.84,0.00,"70,731.27"
ID13863,10-Mar-2026,Direct Deposit,"4,307.95",0.00,"50,668.56"
ID13863,26-Mar-2026,Transfer,339.98,0.00,"86,343.52"
ID13863,01-Mar-2026,Debit Card,0.00,982.26,"55,098.23"
ID13863,28-Mar-2026,Interest,108.42,0.00,"82,830.45"
ID13863,04-Mar-2026,Direct Deposit,"1,409.90",0.00,"4,158.69"
ID13863,29-Jan-2026,Debit Card,0.00,524.80,"27,962.48"
ID13863,06-Jan-2026,Direct Deposit,870.97,0.00,"19,169.51"
ID13863,01-Apr-2026,Interest,17.13,0.00,"98,917.35"
ID13863,10-Mar-2026,Reversal,0.00,221.57,"79,828.24"
ID13863,06-Feb-2026,Charge,0.00,223.35,"57,504.70"
ID13863,10-Feb-2026,ATM Withdrawal,0.00,331.59,"4,556.77"
ID13863,29-Mar-2026,Interest,136.19,0.00,"58,027.25"
ID13864,25-Jan-2026,ATM Withdrawal,0.00,594.50,"79,713.69"
ID13864,11-Jan-2026,Charge,0.00,243.12,"38,079.66"
ID13864,10-Mar-2026,Debit Card,0.00,942.76,"79,145.33"
ID13864,22-Jan-2026,Interest,11.57,0.00,"6,936.51"
ID13864,30-Mar-2026,Payment,"1,493.62",0.00,"22,390.80"
ID13864,01-Mar-2026,Reversal,"1,717.16",0.00,"25,412.46"
ID13864,09-Jan-2026,Direct Deposit,"1,463.11",0.00,"33,248.00"
ID13864,22-Feb-2026,Reversal,0.00,"1,224.66","2,629.98"
ID13864,27-Jan-2026,Interest,41.20,0.00,"51,213.34"
ID13864,05-Mar-2026,Debit Card,0.00,159.01,"64,872.69"
ID13864,06-Mar-2026,Payment,0.00,672.03,"96,926.97"
ID13864,13-Mar-2026,Transfer,"1,666.65",0.00,"34,982.61"
ID13864,03-Apr-2026,Transfer,0.00,155.90,"11,280.27"
ID13864,23-Feb-2026,Debit Card,0.00,702.75,"80,009.82"
ID13864,14-Mar-2026,Direct Deposit,"2,674.16",0.00,"10,190.52"
ID13864,05-Jan-2026,Interest,473.92,0.00,"74,220.94"
ID13864,21-Jan-2026,Direct Deposit,"4,101.58",0.00,"23,141.68"
ID13864,24-Jan-2026,Transfer,773.53,0.00,"1,166.79"
ID13864,03-Jan-2026,Charge,0.00,219.08,"63,974.57"
ID13864,18-Mar-2026,Transfer,783.10,0.00,"27,052.21"
ID13865,25-Mar-2026,Debit Card,0.00,551.82,"31,644.53"
ID13865,12-Jan-2026,Charge,0.00,417.24,"94,631.77"
ID13865,12-Jan-2026,Transfer,"1,204.77",0.00,"40,248.87"
ID13865,22-Mar-2026,Interest,71.30,0.00,"28,602.18"
ID13865,25-Feb-2026,Debit Card,0.00,504.80,"54,437.73"
ID13865,13-Feb-2026,Interest,53.92,0.00,"32,661.89"
ID13865,03-Feb-2026,Reversal,"1,724.15",0.00,"82,613.73"
ID13865,31-Mar-2026,ATM Withdrawal,0.00,117.80,"13,704.53"
ID13865,06-Jan-2026,Direct Deposit,"1,202.39",0.00,"83,917.10"
ID13865,01-Apr-2026,Interest,280.59,0.00,"97,676.94"
ID13865,23-Feb-2026,ATM Withdrawal,0.00,819.52,"14,833.55"
ID13865,09-Mar-2026,Charge,0.00,208.91,"9,294.87"
ID13865,15-Mar-2026,Transfer,0.00,918.71,"23,573.95"
ID13865,04-Feb-2026,Transfer,"1,053.26",0.00,"65,704.58"
ID13865,31-Jan-2026,ATM Withdrawal,0.00,961.49,"80,848.96"
ID13865,06-Feb-2026,Transfer,0.00,446.04,"79,383.90"
ID13865,11-Jan-2026,Reversal,0.00,873.59,"88,774.74"
ID13865,03-Apr-2026,Transfer,786.38,0.00,"99,734.91"
ID13865,15-Feb-2026,ATM Withdrawal,0.00,762.19,"23,146.39"
ID13865,20-Feb-2026,Payment,"1,243.84",0.00,"48,337.58"
ID13866,01-Mar-2026,Debit Card,0.00,191.91,"52,654.41"
ID13866,28-Jan-2026,Transfer,116.86,0.00,"63,767.82"
ID13866,01-Apr-2026,Transfer,719.80,0.00,"79,285.10"
ID13866,24-Feb-2026,Reversal,0.00,339.40,"64,963.39"
ID13866,24-Jan-2026,Transfer,"1,917.40",0.00,"19,369.58"
ID13866,31-Mar-2026,Direct Deposit,"1,320.95",0.00,"21,236.93"
ID13866,14-Feb-2026,Reversal,"1,548.79",0.00,"22,114.55"
ID13866,23-Mar-2026,Payment,545.64,0.00,"22,363.06"
ID13866,20-Mar-2026,Charge,0.00,289.76,"41,880.68"
ID13866,31-Jan-2026,ATM Withdrawal,0.00,153.72,"94,960.03"
ID13866,27-Mar-2026,Debit Card,0.00,437.63,"16,314.42"
ID13866,09-Jan-2026,Transfer,183.97,0.00,"37,356.79"
ID13866,30-Mar-2026,Charge,0.00,42.36,"41,293.39"
ID13866,27-Jan-2026,Debit Card,0.00,504.10,"64,467.93"
ID13866,10-Feb-2026,Interest,122.29,0.00,"99,834.47"
ID13866,01-Feb-2026,Debit Card,0.00,446.83,"19,012.76"
ID13866,04-Feb-2026,Direct Deposit,"1,619.61",0.00,"17,823.33"
ID13866,28-Mar-2026,ATM Withdrawal,0.00,218.45,"56,374.21"
ID13866,22-Feb-2026,Transfer,0.00,253.49,"9,072.88"
ID13866,16-Mar-2026,Reversal,281.85,0.00,"45,349.47"
ID13867,05-Mar-2026,Reversal,0.00,676.22,"15,036.15"
ID13867,25-Mar-2026,Reversal,"1,393.68",0.00,"50,214.44"
ID13867,08-Jan-2026,Payment,792.02,0.00,"67,083.37"
ID13867,04-Mar-2026,Payment,0.00,"1,468.74","65,849.23"
ID13867,02-Feb-2026,Reversal,"1,596.60",0.00,"51,046.74"
ID13867,21-Mar-2026,ATM Withdrawal,0.00,904.52,"17,974.28"
ID13867,19-Mar-2026,Debit Card,0.00,126.59,"88,453.46"
ID13867,18-Feb-2026,Direct Deposit,"1,957.21",0.00,"31,262.13"
ID13867,29-Mar-2026,Debit Card,0.00,81.56,"4,455.19"
ID13867,21-Jan-2026,Transfer,0.00,429.68,"3,104.48"
ID13867,10-Mar-2026,Payment,0.00,"1,324.32","76,785.72"
ID13867,26-Mar-2026,Charge,0.00,192.36,"47,036.09"
ID13867,20-Mar-2026,Transfer,0.00,290.27,"87,394.07"
ID13867,26-Mar-2026,ATM Withdrawal,0.00,354.40,"10,629.11"
ID13867,12-Mar-2026,Payment,0.00,"1,016.02","37,857.90"
ID13867,19-Feb-2026,Charge,0.00,69.74,"77,987.17"
ID13867,19-Jan-2026,Interest,256.45,0.00,"7,797.43"
ID13867,05-Feb-2026,Reversal,0.00,"1,307.00","13,563.75"
ID13867,12-Mar-2026,Transfer,463.99,0.00,"85,928.54"
ID13867,03-Mar-2026,Direct Deposit,"3,852.10",0.00,"40,414.39"
ID13868,21-Feb-2026,Reversal,817.98,0.00,"99,232.48"
ID13868,16-Jan-2026,Interest,494.39,0.00,"60,422.31"
ID13868,13-Feb-2026,Payment,0.00,848.38,"57,299.80"
ID13868,25-Jan-2026,ATM Withdrawal,0.00,121.39,"14,973.86"
ID13868,06-Feb-2026,Transfer,0.00,226.26,"12,133.33"
ID13868,04-Mar-2026,Direct Deposit,"3,790.59",0.00,"24,073.65"
ID13868,03-Feb-2026,ATM Withdrawal,0.00,994.79,"69,291.29"
ID13868,03-Mar-2026,ATM Withdrawal,0.00,47.53,"39,870.97"
ID13868,04-Feb-2026,Debit Card,0.00,554.26,"55,404.63"
ID13868,18-Mar-2026,ATM Withdrawal,0.00,781.87,"39,951.08"
ID13868,02-Mar-2026,Charge,0.00,356.91,"29,714.86"
ID13868,09-Mar-2026,Debit Card,0.00,748.33,"75,677.78"
ID13868,02-Mar-2026,Interest,385.20,0.00,"85,298.05"
ID13868,19-Mar-2026,ATM Withdrawal,0.00,877.54,"96,848.53"
ID13868,17-Feb-2026,Transfer,0.00,310.57,"75,473.75"
ID13868,27-Jan-2026,Payment,0.00,583.09,"14,203.13"
ID13868,25-Feb-2026,ATM Withdrawal,0.00,211.21,"87,884.23"
ID13868,11-Mar-2026,Transfer,"1,399.64",0.00,"69,830.32"
ID13868,04-Feb-2026,Debit Card,0.00,657.40,"85,254.20"
ID13868,03-Apr-2026,Charge,0.00,21.78,"91,851.83"
ID13869,26-Mar-2026,Interest,22.40,0.00,"66,282.23"
ID13869,05-Jan-2026,Payment,282.61,0.00,"27,791.23"
ID13869,26-Jan-2026,Transfer,838.10,0.00,"73,774.12"
ID13869,03-Apr-2026,Debit Card,0.00,35.18,"84,232.65"
ID13869,26-Jan-2026,Reversal,"1,308.41",0.00,"99,957.53"
ID13869,02-Feb-2026,Reversal,458.40,0.00,"66,704.12"
ID13869,19-Mar-2026,Direct Deposit,"2,836.03",0.00,"5,773.68"
ID13869,30-Jan-2026,Direct Deposit,"4,313.55",0.00,"4,990.24"
ID13869,20-Feb-2026,Direct Deposit,"1,871.35",0.00,"93,100.16"
ID13869,23-Feb-2026,Debit Card,0.00,796.42,"69,849.26"
ID13869,23-Feb-2026,Debit Card,0.00,376.88,"34,526.93"
ID13869,10-Jan-2026,Charge,0.00,813.76,"59,859.17"
ID13869,10-Jan-2026,Interest,216.38,0.00,"84,824.54"
ID13869,14-Feb-2026,Charge,0.00,242.55,"73,824.95"
ID13869,06-Jan-2026,ATM Withdrawal,0.00,569.52,"71,892.65"
ID13869,28-Mar-2026,Direct Deposit,"1,117.48",0.00,"2,024.11"
ID13869,06-Mar-2026,Direct Deposit,"4,617.68",0.00,"11,258.02"
ID13869,13-Jan-2026,Payment,0.00,686.75,"68,914.47"
ID13869,01-Apr-2026,Direct Deposit,"3,009.85",0.00,"51,995.39"
ID13869,12-Mar-2026,Payment,0.00,751.26,"35,145.36"
ID13870,27-Feb-2026,Interest,103.80,0.00,"4,303.49"
ID13870,03-Apr-2026,Interest,348.66,0.00,"22,531.70"
ID13870,20-Feb-2026,Interest,64.99,0.00,"37,005.60"
ID13870,18-Mar-2026,Interest,195.51,0.00,"87,052.86"
ID13870,21-Mar-2026,Direct Deposit,"4,875.52",0.00,"50,309.68"
ID13870,01-Feb-2026,Payment,"1,187.17",0.00,"83,968.68"
ID13870,02-Mar-2026,Debit Card,0.00,530.61,"18,348.12"
ID13870,31-Jan-2026,Charge,0.00,457.03,"53,075.91"
ID13870,08-Mar-2026,Reversal,977.40,0.00,"55,923.14"
ID13870,28-Feb-2026,Charge,0.00,600.68,"94,315.03"
ID13870,26-Feb-2026,Transfer,"1,046.35",0.00,"78,791.92"
ID13870,07-Mar-2026,Direct Deposit,"4,549.12",0.00,"47,092.78"
ID13870,12-Jan-2026,Transfer,0.00,"1,357.96","29,158.04"
ID13870,06-Mar-2026,Debit Card,0.00,483.22,"98,972.67"
ID13870,20-Jan-2026,Reversal,"1,502.43",0.00,"77,043.71"
ID13870,17-Feb-2026,Interest,173.77,0.00,"10,098.83"
ID13870,18-Feb-2026,Reversal,836.45,0.00,"17,287.17"
ID13870,12-Jan-2026,Debit Card,0.00,301.08,"62,190.98"
ID13870,15-Jan-2026,Reversal,"1,143.76",0.00,"9,133.47"
ID13870,16-Feb-2026,Transfer,"1,409.39",0.00,"11,358.10"
ID13871,28-Feb-2026,Direct Deposit,"3,361.17",0.00,"99,475.05"
ID13871,09-Mar-2026,Payment,"1,923.43",0.00,"15,803.44"
ID13871,10-Feb-2026,ATM Withdrawal,0.00,53.11,"85,455.48"
ID13871,19-Jan-2026,Payment,"1,781.10",0.00,"60,270.39"
ID13871,16-Feb-2026,ATM Withdrawal,0.00,788.01,"43,817.06"
ID13871,18-Feb-2026,Interest,215.48,0.00,"42,546.68"
ID13871,26-Mar-2026,Charge,0.00,211.00,"81,054.86"
ID13871,21-Feb-2026,ATM Withdrawal,0.00,691.95,"34,662.46"
ID13871,09-Feb-2026,Interest,323.46,0.00,"61,808.74"
ID13871,16-Feb-2026,Debit Card,0.00,687.08,"30,878.17"
ID13871,04-Feb-2026,Payment,0.00,810.62,"42,491.70"
ID13871,19-Jan-2026,Interest,412.06,0.00,"41,918.13"
ID13871,26-Feb-2026,Charge,0.00,433.19,"12,752.44"
ID13871,20-Mar-2026,Payment,"1,898.21",0.00,"57,510.84"
ID13871,22-Mar-2026,Transfer,0.00,201.07,"40,266.27"
ID13871,13-Feb-2026,Direct Deposit,"1,291.54",0.00,"50,369.43"
ID13871,21-Jan-2026,Interest,176.18,0.00,"47,111.63"
ID13871,27-Feb-2026,ATM Withdrawal,0.00,285.63,"36,946.98"
ID13871,23-Jan-2026,ATM Withdrawal,0.00,833.27,"74,648.18"
ID13871,26-Feb-2026,Transfer,0.00,818.05,"34,928.94"
ID13872,02-Mar-2026,Payment,0.00,826.68,"62,380.35"
ID13872,24-Jan-2026,ATM Withdrawal,0.00,87.58,"19,513.63"
ID13872,24-Mar-2026,Interest,356.80,0.00,"35,481.14"
ID13872,07-Mar-2026,Payment,"1,810.44",0.00,"88,113.54"
ID13872,05-Jan-2026,Interest,227.67,0.00,"18,125.92"
ID13872,02-Feb-2026,Transfer,860.23,0.00,"42,835.88"
ID13872,03-Mar-2026,Direct Deposit,"1,924.38",0.00,"49,594.20"
ID13872,16-Jan-2026,Debit Card,0.00,940.04,"80,800.59"
ID13872,27-Jan-2026,Transfer,"1,431.48",0.00,"89,656.20"
ID13872,14-Feb-2026,Direct Deposit,719.21,0.00,"65,289.87"
ID13872,21-Mar-2026,Reversal,0.00,153.70,"1,114.63"
ID13872,12-Feb-2026,Reversal,"1,423.92",0.00,"3,881.05"
ID13872,07-Jan-2026,Reversal,0.00,892.31,"29,343.41"
ID13872,15-Mar-2026,Charge,0.00,968.94,"32,740.41"
ID13872,01-Feb-2026,Payment,588.63,0.00,"43,565.16"
ID13872,03-Apr-2026,Direct Deposit,"2,207.61",0.00,"62,660.89"
ID13872,25-Jan-2026,Payment,0.00,440.20,"90,749.56"
ID13872,17-Feb-2026,Reversal,0.00,"1,254.25","32,498.36"
ID13872,06-Jan-2026,Transfer,137.74,0.00,"96,461.97"
ID13872,03-Feb-2026,Reversal,0.00,271.35,"96,995.90"
ID13873,15-Feb-2026,ATM Withdrawal,0.00,562.52,"96,432.24"
ID13873,26-Jan-2026,Debit Card,0.00,817.94,"4,304.94"
ID13873,20-Mar-2026,ATM Withdrawal,0.00,796.47,"3,169.02"
ID13873,06-Feb-2026,Debit Card,0.00,104.65,"60,270.54"
ID13873,24-Mar-2026,Debit Card,0.00,43.11,"8,540.88"
ID13873,31-Mar-2026,Interest,29.36,0.00,"55,378.80"
ID13873,21-Mar-2026,Charge,0.00,272.35,"15,844.12"
ID13873,01-Mar-2026,Interest,41.37,0.00,"58,265.70"
ID13873,16-Feb-2026,Reversal,"1,839.40",0.00,"17,318.30"
ID13873,13-Jan-2026,ATM Withdrawal,0.00,287.02,"41,881.96"
ID13873,02-Mar-2026,Reversal,0.00,572.79,"20,312.60"
ID13873,28-Jan-2026,ATM Withdrawal,0.00,173.73,"56,553.92"
ID13873,08-Feb-2026,Payment,"1,554.31",0.00,"94,281.42"
ID13873,23-Mar-2026,Interest,469.50,0.00,"47,019.87"
ID13873,18-Jan-2026,Payment,0.00,91.93,"19,858.89"
ID13873,23-Feb-2026,Charge,0.00,630.56,"38,842.26"
ID13873,28-Jan-2026,Interest,293.18,0.00,"20,121.74"
ID13873,16-Mar-2026,Payment,488.28,0.00,"78,420.94"
ID13873,22-Mar-2026,Direct Deposit,"4,043.93",0.00,"57,623.93"
ID13873,26-Feb-2026,Interest,92.35,0.00,"63,733.63"
ID13874,08-Feb-2026,Transfer,"1,278.36",0.00,"69,441.94"
ID13874,09-Jan-2026,Payment,"1,237.14",0.00,"55,376.04"
ID13874,17-Jan-2026,Debit Card,0.00,914.90,"66,263.23"
ID13874,30-Mar-2026,Reversal,0.00,241.09,"22,438.75"
ID13874,30-Jan-2026,Direct Deposit,"2,775.28",0.00,"86,964.40"
ID13874,04-Mar-2026,Debit Card,0.00,425.12,"44,318.76"
ID13874,08-Feb-2026,ATM Withdrawal,0.00,871.73,"26,696.37"
ID13874,12-Feb-2026,Debit Card,0.00,737.69,"49,162.89"
ID13874,20-Mar-2026,Debit Card,0.00,243.53,"17,150.77"
ID13874,24-Mar-2026,Direct Deposit,"4,154.32",0.00,"10,945.08"
ID13874,14-Feb-2026,ATM Withdrawal,0.00,329.50,"29,154.81"
ID13874,12-Feb-2026,Direct Deposit,"4,083.45",0.00,"59,454.67"
ID13874,14-Jan-2026,Transfer,0.00,759.85,"96,732.30"
ID13874,13-Feb-2026,Direct Deposit,"1,928.34",0.00,"37,020.81"
ID13874,03-Feb-2026,Debit Card,0.00,330.05,"83,773.57"
ID13874,28-Jan-2026,Charge,0.00,190.61,"83,038.06"
ID13874,20-Feb-2026,ATM Withdrawal,0.00,639.08,"79,642.71"
ID13874,21-Mar-2026,Reversal,"1,572.92",0.00,"22,653.27"
ID13874,02-Mar-2026,Reversal,0.00,902.66,"35,873.94"
ID13874,30-Mar-2026,Reversal,"1,988.98",0.00,"13,546.04"
ID13875,30-Mar-2026,Direct Deposit,"1,275.04",0.00,"31,744.29"
ID13875,14-Jan-2026,Charge,0.00,428.29,"11,195.27"
ID13875,21-Feb-2026,ATM Withdrawal,0.00,134.81,"59,652.96"
ID13875,30-Mar-2026,Transfer,923.29,0.00,"38,493.44"
ID13875,13-Feb-2026,Reversal,0.00,406.55,"22,422.80"
ID13875,25-Jan-2026,ATM Withdrawal,0.00,457.43,"41,104.79"
ID13875,17-Mar-2026,Transfer,0.00,856.83,"17,340.72"
ID13875,24-Jan-2026,Transfer,"1,205.81",0.00,"49,334.41"
ID13875,25-Mar-2026,Debit Card,0.00,426.34,"38,919.32"
ID13875,09-Mar-2026,Interest,411.79,0.00,"25,670.28"
ID13875,03-Mar-2026,Transfer,0.00,883.68,"37,928.49"
ID13875,22-Feb-2026,Reversal,"1,734.25",0.00,"16,315.91"
ID13875,21-Jan-2026,ATM Withdrawal,0.00,478.09,"91,673.27"
ID13875,30-Mar-2026,Interest,445.37,0.00,"52,849.49"
ID13875,27-Feb-2026,Charge,0.00,881.83,"69,841.58"
ID13875,19-Jan-2026,Payment,0.00,247.01,"46,686.53"
ID13875,26-Mar-2026,Transfer,827.57,0.00,"37,840.29"
ID13875,31-Jan-2026,Transfer,0.00,274.39,"13,590.32"
ID13875,10-Mar-2026,Transfer,"1,403.00",0.00,"55,395.11"
ID13875,23-Jan-2026,Reversal,0.00,442.14,"89,082.94"
ID13876,28-Jan-2026,Direct Deposit,"2,175.92",0.00,"73,143.03"
ID13876,07-Mar-2026,Transfer,0.00,"1,169.30","81,726.91"
ID13876,24-Jan-2026,Direct Deposit,"3,584.02",0.00,"36,261.64"
ID13876,31-Jan-2026,Payment,489.58,0.00,"45,191.10"
ID13876,14-Mar-2026,Debit Card,0.00,973.19,"28,426.07"
ID13876,02-Feb-2026,Interest,66.53,0.00,"77,553.09"
ID13876,21-Mar-2026,Charge,0.00,983.65,"1,027.77"
ID13876,14-Jan-2026,Payment,617.08,0.00,"53,908.30"
ID13876,28-Mar-2026,Interest,330.01,0.00,"7,538.50"
ID13876,02-Mar-2026,Interest,139.96,0.00,"84,487.16"
ID13876,03-Mar-2026,Interest,248.91,0.00,"43,427.45"
ID13876,09-Mar-2026,Direct Deposit,623.48,0.00,"91,123.36"
ID13876,01-Apr-2026,Charge,0.00,972.86,"58,760.40"
ID13876,20-Mar-2026,Direct Deposit,"3,292.33",0.00,"38,058.11"
ID13876,15-Feb-2026,Charge,0.00,658.86,"70,684.93"
ID13876,01-Mar-2026,Transfer,420.03,0.00,"59,216.90"
ID13876,15-Mar-2026,Payment,"1,222.83",0.00,"70,742.49"
ID13876,17-Mar-2026,Debit Card,0.00,866.00,"86,534.80"
ID13876,14-Feb-2026,ATM Withdrawal,0.00,601.03,"45,466.90"
ID13876,19-Mar-2026,Debit Card,0.00,955.04,"99,120.10"
ID13877,23-Mar-2026,Payment,0.00,"1,235.53","31,959.26"
ID13877,03-Jan-2026,ATM Withdrawal,0.00,156.19,"52,726.57"
ID13877,23-Feb-2026,Transfer,0.00,341.54,"60,713.71"
ID13877,19-Jan-2026,Reversal,0.00,989.65,"15,676.43"
ID13877,03-Jan-2026,ATM Withdrawal,0.00,317.00,"35,448.20"
ID13877,16-Feb-2026,Direct Deposit,"1,374.96",0.00,"38,022.94"
ID13877,12-Feb-2026,Charge,0.00,567.57,"31,858.05"
ID13877,08-Mar-2026,Interest,442.05,0.00,"2,920.47"
ID13877,06-Mar-2026,Reversal,0.00,"1,053.58","47,925.33"
ID13877,02-Feb-2026,Debit Card,0.00,300.54,"87,776.50"
ID13877,17-Feb-2026,Charge,0.00,326.71,"29,612.38"
ID13877,13-Jan-2026,Interest,420.57,0.00,"58,819.17"
ID13877,18-Mar-2026,Debit Card,0.00,480.85,"55,224.42"
ID13877,02-Mar-2026,Debit Card,0.00,722.69,"46,882.21"
ID13877,23-Jan-2026,Payment,0.00,216.87,"38,095.98"
ID13877,26-Jan-2026,Charge,0.00,64.38,"99,503.60"
ID13877,09-Jan-2026,Debit Card,0.00,634.36,"63,551.30"
ID13877,27-Jan-2026,Debit Card,0.00,221.75,"47,737.72"
ID13877,24-Jan-2026,Payment,416.88,0.00,"55,447.32"
ID13877,03-Apr-2026,Reversal,"1,581.67",0.00,"64,436.50"
ID13878,17-Jan-2026,Reversal,"1,841.23",0.00,"10,084.16"
ID13878,29-Jan-2026,Transfer,0.00,712.10,"39,157.68"
ID13878,14-Jan-2026,Transfer,224.43,0.00,"83,652.64"
ID13878,01-Apr-2026,ATM Withdrawal,0.00,966.34,"33,895.48"
ID13878,02-Apr-2026,Payment,0.00,"1,200.96","29,356.56"
ID13878,06-Feb-2026,Direct Deposit,"2,930.80",0.00,"11,071.36"
ID13878,21-Feb-2026,ATM Withdrawal,0.00,906.65,"54,828.85"
ID13878,01-Mar-2026,Payment,"1,759.64",0.00,"81,359.37"
ID13878,08-Feb-2026,ATM Withdrawal,0.00,631.20,"57,741.51"
ID13878,13-Jan-2026,Reversal,"1,284.08",0.00,"22,849.55"
ID13878,20-Mar-2026,Direct Deposit,"2,354.21",0.00,"93,668.18"
ID13878,17-Jan-2026,Reversal,668.35,0.00,"89,218.55"
ID13878,06-Jan-2026,Reversal,963.72,0.00,"51,172.96"
ID13878,16-Feb-2026,Debit Card,0.00,370.02,"24,426.33"
ID13878,18-Feb-2026,Direct Deposit,"2,877.25",0.00,"74,832.79"
ID13878,30-Mar-2026,Charge,0.00,793.10,"36,275.70"
ID13878,03-Apr-2026,Transfer,637.85,0.00,"8,778.97"
ID13878,10-Feb-2026,Payment,514.95,0.00,"46,525.67"
ID13878,08-Mar-2026,Interest,460.88,0.00,"8,247.86"
ID13878,08-Feb-2026,Debit Card,0.00,250.13,"28,799.94"
ID13879,14-Feb-2026,Direct Deposit,"2,095.78",0.00,"95,771.54"
ID13879,02-Feb-2026,Debit Card,0.00,431.54,"11,848.56"
ID13879,06-Mar-2026,ATM Withdrawal,0.00,47.96,"70,805.99"
ID13879,20-Feb-2026,ATM Withdrawal,0.00,760.56,"47,058.81"
ID13879,25-Mar-2026,Reversal,"1,861.77",0.00,"16,738.20"
ID13879,06-Mar-2026,Debit Card,0.00,198.22,"10,133.19"
ID13879,21-Mar-2026,ATM Withdrawal,0.00,185.48,"26,488.08"
ID13879,29-Jan-2026,Interest,91.69,0.00,"87,957.89"
ID13879,11-Feb-2026,Payment,0.00,"1,443.67","25,110.37"
ID13879,20-Feb-2026,ATM Withdrawal,0.00,339.57,"35,353.96"
ID13879,31-Mar-2026,Transfer,0.00,944.63,"89,899.76"
ID13879,06-Feb-2026,ATM Withdrawal,0.00,190.07,"14,053.67"
ID13879,28-Mar-2026,Interest,218.82,0.00,"64,877.97"
ID13879,14-Mar-2026,Payment,344.79,0.00,"58,313.78"
ID13879,23-Feb-2026,Interest,466.29,0.00,"15,018.14"
ID13879,11-Mar-2026,Interest,119.24,0.00,"45,450.50"
ID13879,19-Mar-2026,Transfer,0.00,"1,108.97","89,204.32"
ID13879,19-Feb-2026,Debit Card,0.00,689.22,"26,850.34"
ID13879,11-Feb-2026,Debit Card,0.00,247.89,"79,256.93"
ID13879,07-Jan-2026,Direct Deposit,"4,711.92",0.00,"86,353.37"
ID13880,15-Feb-2026,Charge,0.00,748.01,"41,133.09"
ID13880,08-Mar-2026,Debit Card,0.00,229.74,"36,870.67"
ID13880,23-Mar-2026,Transfer,0.00,560.91,"35,626.29"
ID13880,24-Jan-2026,Charge,0.00,12.27,"11,088.65"
ID13880,04-Jan-2026,Transfer,0.00,946.60,"44,462.26"
ID13880,07-Mar-2026,Interest,93.62,0.00,"67,318.63"
ID13880,26-Jan-2026,Debit Card,0.00,268.39,"47,246.99"
ID13880,15-Jan-2026,Direct Deposit,"3,122.81",0.00,"13,939.95"
ID13880,01-Mar-2026,ATM Withdrawal,0.00,740.23,"17,051.93"
ID13880,25-Feb-2026,Reversal,"1,113.87",0.00,"92,840.86"
ID13880,22-Feb-2026,ATM Withdrawal,0.00,439.20,"2,587.81"
ID13880,02-Mar-2026,Transfer,"1,127.58",0.00,"46,038.23"
ID13880,09-Mar-2026,ATM Withdrawal,0.00,840.09,"2,467.32"
ID13880,18-Mar-2026,Transfer,0.00,"1,449.17","92,653.61"
ID13880,23-Jan-2026,Direct Deposit,"2,653.33",0.00,"16,793.59"
ID13880,21-Mar-2026,Direct Deposit,"2,400.93",0.00,"21,497.71"
ID13880,17-Jan-2026,Direct Deposit,"2,748.83",0.00,"92,638.59"
ID13880,05-Jan-2026,Debit Card,0.00,916.43,"47,377.26"
ID13880,23-Jan-2026,Interest,206.45,0.00,"65,789.41"
ID13880,02-Apr-2026,ATM Withdrawal,0.00,438.33,"2,678.14"
ID13881,05-Mar-2026,Transfer,"1,731.67",0.00,"4,002.84"
ID13881,09-Mar-2026,Payment,0.00,"1,245.50","60,764.04"
ID13881,18-Feb-2026,ATM Withdrawal,0.00,932.66,"12,464.86"
ID13881,22-Feb-2026,Transfer,0.00,"1,281.84","81,550.28"
ID13881,02-Feb-2026,Transfer,"1,379.26",0.00,"53,510.74"
ID13881,06-Jan-2026,Debit Card,0.00,407.41,"41,731.99"
ID13881,03-Apr-2026,ATM Withdrawal,0.00,174.26,"91,448.68"
ID13881,03-Feb-2026,Debit Card,0.00,383.98,"5,726.38"
ID13881,10-Jan-2026,Debit Card,0.00,299.77,"67,600.97"
ID13881,26-Feb-2026,Transfer,486.98,0.00,"43,784.57"
ID13881,26-Jan-2026,Reversal,0.00,309.34,"43,864.22"
ID13881,15-Feb-2026,Debit Card,0.00,896.08,"18,187.40"
ID13881,03-Apr-2026,Debit Card,0.00,59.92,"83,351.74"
ID13881,05-Jan-2026,Debit Card,0.00,795.07,"86,505.30"
ID13881,02-Mar-2026,Transfer,0.00,758.10,"65,612.09"
ID13881,10-Jan-2026,ATM Withdrawal,0.00,653.54,"84,764.79"
ID13881,06-Feb-2026,Debit Card,0.00,739.12,"4,949.20"
ID13881,26-Jan-2026,Reversal,"1,546.01",0.00,"86,249.29"
ID13881,01-Feb-2026,ATM Withdrawal,0.00,152.29,"50,620.81"
ID13881,14-Mar-2026,Charge,0.00,619.32,"38,373.70"
ID13882,27-Feb-2026,Charge,0.00,300.32,"75,061.78"
ID13882,31-Jan-2026,Direct Deposit,"1,934.95",0.00,"6,490.98"
ID13882,28-Mar-2026,Debit Card,0.00,500.27,"43,829.24"
ID13882,20-Jan-2026,Debit Card,0.00,916.23,"62,310.15"
ID13882,21-Jan-2026,Reversal,0.00,"1,195.42","45,491.23"
ID13882,05-Mar-2026,Transfer,362.40,0.00,"5,179.38"
ID13882,24-Mar-2026,Direct Deposit,"2,403.29",0.00,"12,671.37"
ID13882,06-Jan-2026,Reversal,339.21,0.00,"33,333.15"
ID13882,08-Feb-2026,Reversal,395.55,0.00,"82,517.07"
ID13882,08-Mar-2026,Reversal,0.00,"1,046.77","31,291.33"
ID13882,27-Feb-2026,Interest,51.22,0.00,"28,766.16"
ID13882,05-Mar-2026,Charge,0.00,648.67,"73,608.14"
ID13882,02-Apr-2026,Reversal,"1,847.26",0.00,"61,461.94"
ID13882,28-Feb-2026,Direct Deposit,845.67,0.00,"54,347.58"
ID13882,15-Jan-2026,Interest,63.91,0.00,"88,953.24"
ID13882,30-Jan-2026,ATM Withdrawal,0.00,815.11,"87,920.35"
ID13882,31-Mar-2026,Reversal,"1,172.93",0.00,"76,488.43"
ID13882,06-Mar-2026,ATM Withdrawal,0.00,107.60,"25,322.86"
ID13882,05-Mar-2026,Payment,0.00,"1,428.81","15,110.08"
ID13882,08-Mar-2026,Reversal,0.00,756.28,"94,871.74"
ID13883,10-Mar-2026,Debit Card,0.00,935.92,"65,860.17"
ID13883,14-Mar-2026,Charge,0.00,414.62,"44,594.30"
ID13883,15-Feb-2026,Transfer,"1,900.51",0.00,"12,070.82"
ID13883,22-Feb-2026,Direct Deposit,852.79,0.00,"77,719.65"
ID13883,19-Mar-2026,Interest,87.58,0.00,"93,381.99"
ID13883,25-Feb-2026,Payment,0.00,"1,307.85","23,365.71"
ID13883,05-Feb-2026,Payment,489.16,0.00,"2,628.36"
ID13883,22-Feb-2026,Charge,0.00,75.83,"22,596.15"
ID13883,19-Mar-2026,Reversal,"1,394.11",0.00,"44,681.11"
ID13883,25-Mar-2026,Transfer,"1,131.71",0.00,"84,010.55"
ID13883,11-Jan-2026,Transfer,0.00,984.75,"76,816.18"
ID13883,24-Feb-2026,Payment,631.40,0.00,"91,190.09"
ID13883,04-Jan-2026,Debit Card,0.00,495.69,"56,661.95"
ID13883,04-Jan-2026,Charge,0.00,498.54,"72,928.72"
ID13883,02-Apr-2026,Direct Deposit,"1,957.98",0.00,"40,560.29"
ID13883,23-Mar-2026,Debit Card,0.00,282.19,"92,878.33"
ID13883,02-Mar-2026,Debit Card,0.00,149.70,"93,776.27"
ID13883,08-Mar-2026,ATM Withdrawal,0.00,141.22,"65,317.07"
ID13883,09-Feb-2026,Direct Deposit,"3,860.70",0.00,"49,300.06"
ID13883,21-Jan-2026,Reversal,0.00,"1,487.69","40,866.65"
ID13884,27-Feb-2026,Charge,0.00,731.28,"61,030.58"
ID13884,12-Feb-2026,Charge,0.00,636.32,"34,255.12"
ID13884,24-Mar-2026,Direct Deposit,"4,641.72",0.00,"12,191.69"
ID13884,03-Mar-2026,Reversal,"1,350.91",0.00,"35,667.31"
ID13884,27-Mar-2026,Direct Deposit,"2,576.23",0.00,"64,378.12"
ID13884,25-Feb-2026,Payment,"1,607.15",0.00,"4,344.86"
ID13884,28-Mar-2026,Direct Deposit,"3,567.85",0.00,"11,910.93"
ID13884,28-Jan-2026,Debit Card,0.00,62.51,"98,833.74"
ID13884,07-Mar-2026,Payment,0.00,405.62,"94,774.66"
ID13884,12-Jan-2026,Interest,256.38,0.00,"69,229.48"
ID13884,07-Mar-2026,Transfer,0.00,"1,239.12","14,658.64"
ID13884,07-Mar-2026,Transfer,0.00,974.82,"32,330.93"
ID13884,18-Mar-2026,Transfer,0.00,287.93,"26,087.67"
ID13884,24-Jan-2026,Transfer,0.00,501.34,"38,707.39"
ID13884,15-Jan-2026,ATM Withdrawal,0.00,464.17,"17,343.53"
ID13884,16-Feb-2026,Reversal,"1,008.72",0.00,"77,422.84"
ID13884,28-Mar-2026,Reversal,0.00,415.94,"39,556.09"
ID13884,11-Feb-2026,Payment,0.00,369.98,"97,534.21"
ID13884,25-Mar-2026,Payment,0.00,569.17,"26,594.18"
ID13884,02-Feb-2026,Interest,44.69,0.00,"13,723.93"
ID13885,18-Jan-2026,Interest,111.60,0.00,"26,085.91"
ID13885,13-Mar-2026,Direct Deposit,"3,595.05",0.00,"16,720.61"
ID13885,21-Feb-2026,Charge,0.00,557.90,"26,640.36"
ID13885,06-Jan-2026,Reversal,0.00,"1,193.61","93,399.63"
ID13885,25-Jan-2026,Payment,0.00,"1,238.65","78,097.60"
ID13885,11-Mar-2026,Interest,96.55,0.00,"12,641.13"
ID13885,27-Mar-2026,Charge,0.00,755.17,"96,380.28"
ID13885,06-Jan-2026,Debit Card,0.00,808.31,"11,721.47"
ID13885,07-Feb-2026,Charge,0.00,974.90,"65,342.44"
ID13885,07-Feb-2026,Direct Deposit,"2,338.23",0.00,"72,975.25"
ID13885,10-Mar-2026,Charge,0.00,964.39,"34,241.56"
ID13885,12-Jan-2026,Payment,0.00,"1,189.85","84,055.77"
ID13885,01-Apr-2026,Transfer,0.00,281.60,"35,740.63"
ID13885,29-Mar-2026,Charge,0.00,702.89,"91,130.72"
ID13885,31-Jan-2026,Reversal,0.00,865.07,"41,819.59"
ID13885,24-Feb-2026,Reversal,0.00,538.53,"75,867.08"
ID13885,12-Mar-2026,Direct Deposit,533.49,0.00,"24,165.54"
ID13885,24-Feb-2026,Charge,0.00,392.19,"88,993.37"
ID13885,01-Feb-2026,Reversal,407.75,0.00,"31,132.85"
ID13885,18-Feb-2026,ATM Withdrawal,0.00,273.51,"60,893.48"
ID13886,03-Feb-2026,Debit Card,0.00,741.72,"61,759.87"
ID13886,12-Mar-2026,Debit Card,0.00,627.60,"75,937.77"
ID13886,01-Mar-2026,ATM Withdrawal,0.00,280.09,"55,604.66"
ID13886,13-Mar-2026,Debit Card,0.00,716.13,"34,373.34"
ID13886,31-Mar-2026,Charge,0.00,136.97,"16,947.97"
ID13886,13-Mar-2026,Transfer,133.90,0.00,"81,233.94"
ID13886,08-Mar-2026,Charge,0.00,675.69,"38,175.09"
ID13886,01-Feb-2026,Debit Card,0.00,150.21,"38,954.40"
ID13886,22-Jan-2026,Charge,0.00,949.04,"95,924.98"
ID13886,30-Jan-2026,ATM Withdrawal,0.00,119.05,"40,075.93"
ID13886,25-Mar-2026,Transfer,274.73,0.00,"15,858.70"
ID13886,21-Mar-2026,Direct Deposit,"4,145.63",0.00,"43,461.20"
ID13886,13-Jan-2026,Direct Deposit,"2,988.51",0.00,"18,780.76"
ID13886,20-Mar-2026,Direct Deposit,"1,952.79",0.00,"2,251.49"
ID13886,29-Jan-2026,Transfer,423.02,0.00,"40,785.65"
ID13886,24-Mar-2026,Reversal,0.00,"1,144.43","73,335.56"
ID13886,20-Feb-2026,Direct Deposit,"2,136.88",0.00,"43,559.38"
ID13886,09-Jan-2026,Transfer,0.00,"1,047.11","39,375.94"
ID13886,26-Feb-2026,Debit Card,0.00,408.44,"52,941.52"
ID13886,12-Mar-2026,Charge,0.00,148.14,"90,447.36"
ID13887,23-Feb-2026,Interest,187.28,0.00,"67,389.39"
ID13887,20-Feb-2026,Charge,0.00,503.76,"56,849.53"
ID13887,02-Mar-2026,Direct Deposit,"2,942.57",0.00,"6,664.89"
ID13887,14-Feb-2026,Reversal,0.00,271.01,"14,671.39"
ID13887,16-Mar-2026,ATM Withdrawal,0.00,522.94,"28,992.75"
ID13887,31-Mar-2026,Reversal,"1,677.38",0.00,"88,220.73"
ID13887,30-Jan-2026,Transfer,"1,337.09",0.00,"98,135.56"
ID13887,11-Feb-2026,Payment,779.54,0.00,"94,260.52"
ID13887,07-Jan-2026,Reversal,0.00,879.78,"92,883.33"
ID13887,09-Mar-2026,Payment,"1,012.23",0.00,"5,523.58"
ID13887,09-Mar-2026,Charge,0.00,18.31,"35,419.11"
ID13887,22-Jan-2026,Debit Card,0.00,562.43,"61,961.45"
ID13887,31-Mar-2026,Transfer,392.83,0.00,"39,902.49"
ID13887,29-Mar-2026,Direct Deposit,"3,211.16",0.00,"3,569.57"
ID13887,30-Jan-2026,Debit Card,0.00,216.99,"27,278.09"
ID13887,25-Mar-2026,Reversal,0.00,"1,116.21","71,773.47"
ID13887,22-Feb-2026,Reversal,0.00,557.84,"32,784.37"
ID13887,06-Mar-2026,ATM Withdrawal,0.00,225.42,"72,170.85"
ID13887,11-Feb-2026,Interest,88.74,0.00,"33,682.36"
ID13887,08-Feb-2026,Payment,"1,749.68",0.00,"80,286.22"
ID13888,23-Jan-2026,Payment,0.00,"1,368.87","20,734.22"
ID13888,20-Jan-2026,Direct Deposit,"4,829.37",0.00,"61,286.96"
ID13888,09-Mar-2026,Direct Deposit,"4,177.54",0.00,"30,626.99"
ID13888,13-Feb-2026,Reversal,573.05,0.00,"20,396.70"
ID13888,15-Jan-2026,Payment,0.00,578.63,"1,189.47"
ID13888,10-Mar-2026,Transfer,702.70,0.00,"37,007.29"
ID13888,07-Feb-2026,Reversal,"1,240.91",0.00,"13,242.99"
ID13888,11-Jan-2026,Reversal,496.27,0.00,"24,542.89"
ID13888,29-Jan-2026,Interest,51.92,0.00,"76,972.75"
ID13888,13-Jan-2026,Interest,183.95,0.00,"52,516.09"
ID13888,10-Feb-2026,Transfer,0.00,"1,006.93","87,390.43"
ID13888,02-Apr-2026,Interest,88.87,0.00,"87,239.55"
ID13888,02-Feb-2026,Interest,447.47,0.00,"40,131.47"
ID13888,01-Mar-2026,Payment,"1,436.14",0.00,"84,654.13"
ID13888,08-Feb-2026,Direct Deposit,"1,031.75",0.00,"48,394.28"
ID13888,18-Jan-2026,Charge,0.00,622.47,"98,465.83"
ID13888,03-Feb-2026,Debit Card,0.00,981.30,"8,543.97"
ID13888,11-Feb-2026,Charge,0.00,621.50,"49,635.49"
ID13888,01-Apr-2026,Direct Deposit,"2,096.63",0.00,"47,848.22"
ID13888,23-Jan-2026,ATM Withdrawal,0.00,186.61,"23,905.83"
ID13889,25-Feb-2026,Transfer,0.00,"1,289.72","26,431.31"
ID13889,22-Mar-2026,Reversal,0.00,126.89,"26,308.02"
ID13889,16-Mar-2026,Transfer,0.00,"1,399.59","89,603.24"
ID13889,29-Mar-2026,Payment,"1,654.47",0.00,"38,092.41"
ID13889,10-Feb-2026,Transfer,0.00,"1,460.66","37,181.83"
ID13889,06-Jan-2026,Payment,0.00,245.13,"65,171.20"
ID13889,04-Mar-2026,Interest,301.47,0.00,"19,877.59"
ID13889,05-Feb-2026,Reversal,0.00,750.65,"95,779.27"
ID13889,18-Feb-2026,Payment,"1,757.38",0.00,"75,236.91"
ID13889,10-Feb-2026,Payment,0.00,499.89,"61,452.58"
ID13889,29-Mar-2026,Charge,0.00,617.77,"32,852.96"
ID13889,07-Feb-2026,Direct Deposit,"1,885.28",0.00,"17,998.08"
ID13889,28-Feb-2026,Interest,375.04,0.00,"8,301.10"
ID13889,08-Feb-2026,Direct Deposit,"3,073.81",0.00,"11,544.33"
ID13889,17-Feb-2026,Transfer,0.00,"1,475.30","76,423.93"
ID13889,01-Mar-2026,Transfer,0.00,"1,066.47","79,331.58"
ID13889,27-Feb-2026,Charge,0.00,45.78,"78,462.71"
ID13889,22-Mar-2026,Charge,0.00,304.07,"41,999.87"
ID13889,10-Jan-2026,Transfer,203.78,0.00,"63,231.34"
ID13889,09-Feb-2026,Interest,147.34,0.00,"13,065.36"
ID13890,27-Mar-2026,Payment,196.26,0.00,"48,175.82"
ID13890,08-Mar-2026,Transfer,0.00,156.70,"77,951.66"
ID13890,12-Feb-2026,Reversal,0.00,985.09,"24,707.12"
ID13890,24-Feb-2026,Direct Deposit,"4,553.31",0.00,"44,475.72"
ID13890,09-Mar-2026,Charge,0.00,712.14,"37,882.26"
ID13890,25-Feb-2026,ATM Withdrawal,0.00,218.63,"64,563.36"
ID13890,27-Jan-2026,Direct Deposit,"1,225.54",0.00,"13,822.28"
ID13890,15-Jan-2026,Charge,0.00,503.19,"47,930.51"
ID13890,01-Mar-2026,Transfer,"1,215.67",0.00,"53,109.40"
ID13890,20-Mar-2026,Charge,0.00,540.32,"25,593.03"
ID13890,25-Mar-2026,Reversal,0.00,537.39,"68,383.94"
ID13890,30-Jan-2026,ATM Withdrawal,0.00,572.62,"75,318.36"
ID13890,09-Jan-2026,Interest,168.90,0.00,"64,907.91"
ID13890,12-Jan-2026,Payment,843.57,0.00,"37,965.03"
ID13890,10-Mar-2026,Payment,357.28,0.00,"77,852.38"
ID13890,22-Mar-2026,ATM Withdrawal,0.00,26.66,"11,280.99"
ID13890,22-Mar-2026,Reversal,0.00,766.44,"37,145.22"
ID13890,06-Jan-2026,ATM Withdrawal,0.00,362.66,"39,171.01"
ID13890,20-Mar-2026,Direct Deposit,"1,177.87",0.00,"29,699.66"
ID13890,01-Apr-2026,Interest,301.80,0.00,"10,099.69"
ID13891,14-Feb-2026,Payment,602.06,0.00,"57,174.66"
ID13891,23-Feb-2026,Reversal,218.29,0.00,"1,348.87"
ID13891,05-Jan-2026,Interest,34.84,0.00,"77,215.24"
ID13891,18-Feb-2026,Transfer,0.00,762.85,"89,843.40"
ID13891,23-Feb-2026,Interest,453.58,0.00,"74,566.21"
ID13891,29-Mar-2026,Interest,460.31,0.00,"70,339.85"
ID13891,06-Jan-2026,Debit Card,0.00,381.59,"61,157.59"
ID13891,28-Feb-2026,Charge,0.00,335.46,"37,205.08"
ID13891,15-Jan-2026,Interest,92.39,0.00,"45,429.25"
ID13891,25-Jan-2026,ATM Withdrawal,0.00,35.61,"61,081.85"
ID13891,03-Mar-2026,ATM Withdrawal,0.00,256.32,"57,127.60"
ID13891,10-Mar-2026,Payment,0.00,708.43,"24,046.94"
ID13891,31-Jan-2026,Payment,0.00,524.72,"62,477.58"
ID13891,30-Jan-2026,Charge,0.00,490.99,"91,974.46"
ID13891,08-Feb-2026,Transfer,900.24,0.00,"43,106.79"
ID13891,14-Mar-2026,Transfer,0.00,"1,429.84","41,417.02"
ID13891,01-Apr-2026,Interest,376.03,0.00,"86,027.95"
ID13891,27-Feb-2026,Debit Card,0.00,316.20,"60,727.04"
ID13891,23-Jan-2026,Reversal,0.00,683.78,"60,614.52"
ID13891,28-Feb-2026,ATM Withdrawal,0.00,434.40,"58,526.82"
ID13892,15-Feb-2026,Direct Deposit,874.17,0.00,"33,763.73"
ID13892,31-Jan-2026,Payment,0.00,293.32,"53,356.52"
ID13892,21-Mar-2026,ATM Withdrawal,0.00,880.41,"39,951.29"
ID13892,17-Mar-2026,ATM Withdrawal,0.00,861.17,"11,182.68"
ID13892,26-Mar-2026,Transfer,"1,458.52",0.00,"7,871.47"
ID13892,19-Jan-2026,ATM Withdrawal,0.00,247.71,"94,533.87"
ID13892,08-Feb-2026,Charge,0.00,460.75,"65,721.47"
ID13892,01-Feb-2026,ATM Withdrawal,0.00,904.11,"73,876.72"
ID13892,10-Mar-2026,ATM Withdrawal,0.00,703.43,"95,106.53"
ID13892,28-Mar-2026,Payment,0.00,550.79,"5,048.40"
ID13892,06-Feb-2026,Payment,316.11,0.00,"65,115.99"
ID13892,08-Jan-2026,Debit Card,0.00,325.81,"52,365.06"
ID13892,15-Mar-2026,Debit Card,0.00,340.19,"32,647.51"
ID13892,14-Mar-2026,Interest,190.91,0.00,"69,544.80"
ID13892,22-Feb-2026,Interest,10.36,0.00,"89,549.09"
ID13892,25-Jan-2026,Debit Card,0.00,630.50,"46,242.73"
ID13892,20-Feb-2026,Interest,200.93,0.00,"1,622.32"
ID13892,09-Feb-2026,Payment,0.00,941.81,"59,452.58"
ID13892,09-Jan-2026,Transfer,0.00,"1,169.47","84,900.91"
ID13892,28-Feb-2026,Transfer,"1,461.82",0.00,"2,156.21"
ID13893,30-Jan-2026,Reversal,0.00,"1,495.60","65,539.17"
ID13893,06-Feb-2026,Reversal,0.00,256.17,"54,987.90"
ID13893,27-Feb-2026,Transfer,0.00,541.62,"97,900.95"
ID13893,08-Mar-2026,Reversal,0.00,868.79,"44,933.26"
ID13893,11-Feb-2026,Transfer,0.00,"1,089.93","12,640.61"
ID13893,03-Feb-2026,Interest,427.08,0.00,"44,302.55"
ID13893,08-Jan-2026,Interest,27.78,0.00,"10,341.11"
ID13893,07-Mar-2026,Payment,0.00,434.25,"1,218.76"
ID13893,16-Jan-2026,Debit Card,0.00,757.76,"63,247.81"
ID13893,05-Feb-2026,Reversal,816.63,0.00,"3,235.90"
ID13893,11-Mar-2026,Charge,0.00,801.06,"72,080.42"
ID13893,27-Mar-2026,ATM Withdrawal,0.00,928.92,"58,345.09"
ID13893,25-Feb-2026,Reversal,524.81,0.00,"42,497.90"
ID13893,27-Jan-2026,Payment,"1,713.65",0.00,"85,877.55"
ID13893,09-Jan-2026,Interest,94.19,0.00,"55,209.07"
ID13893,02-Mar-2026,Reversal,0.00,"1,436.38","69,090.87"
ID13893,09-Feb-2026,ATM Withdrawal,0.00,28.49,"25,273.54"
ID13893,14-Mar-2026,Direct Deposit,"2,566.50",0.00,"74,936.84"
ID13893,18-Jan-2026,Reversal,"1,688.12",0.00,"29,781.32"
ID13893,05-Mar-2026,Charge,0.00,295.26,"11,123.67"
ID13894,16-Mar-2026,Transfer,0.00,547.32,"66,939.31"
ID13894,17-Mar-2026,Reversal,0.00,105.05,"88,669.16"
ID13894,29-Mar-2026,Payment,0.00,702.07,"99,726.50"
ID13894,08-Jan-2026,Payment,"1,541.50",0.00,"62,382.69"
ID13894,10-Mar-2026,Direct Deposit,"1,621.54",0.00,"43,478.02"
ID13894,20-Jan-2026,Charge,0.00,714.34,"45,685.73"
ID13894,24-Feb-2026,Direct Deposit,"3,852.99",0.00,"65,730.45"
ID13894,08-Feb-2026,Interest,251.47,0.00,"97,295.76"
ID13894,12-Jan-2026,ATM Withdrawal,0.00,500.42,"12,191.63"
ID13894,06-Mar-2026,Payment,"1,347.72",0.00,"76,701.45"
ID13894,21-Mar-2026,Debit Card,0.00,434.26,"92,149.01"
ID13894,12-Mar-2026,Debit Card,0.00,242.16,"52,675.67"
ID13894,15-Feb-2026,ATM Withdrawal,0.00,852.52,"88,382.36"
ID13894,26-Jan-2026,Reversal,"1,390.57",0.00,"66,642.53"
ID13894,18-Feb-2026,Reversal,179.77,0.00,"1,921.81"
ID13894,04-Jan-2026,ATM Withdrawal,0.00,319.93,"68,273.65"
ID13894,24-Feb-2026,Direct Deposit,"2,154.38",0.00,"63,505.15"
ID13894,26-Feb-2026,Direct Deposit,"3,321.55",0.00,"26,688.59"
ID13894,01-Apr-2026,Debit Card,0.00,897.90,"51,512.43"
ID13894,08-Feb-2026,ATM Withdrawal,0.00,230.53,"14,745.21"
ID13895,27-Mar-2026,Direct Deposit,"4,351.61",0.00,"9,728.57"
ID13895,14-Jan-2026,Debit Card,0.00,911.45,"53,023.95"
ID13895,07-Feb-2026,Direct Deposit,"4,539.56",0.00,"22,679.88"
ID13895,26-Jan-2026,Interest,42.40,0.00,"75,578.96"
ID13895,27-Mar-2026,ATM Withdrawal,0.00,688.87,"59,120.14"
ID13895,07-Jan-2026,Transfer,489.57,0.00,"85,280.02"
ID13895,26-Feb-2026,Payment,0.00,63.59,"63,478.12"
ID13895,27-Feb-2026,ATM Withdrawal,0.00,327.89,"67,716.19"
ID13895,02-Apr-2026,ATM Withdrawal,0.00,352.83,"38,436.45"
ID13895,28-Jan-2026,Interest,172.13,0.00,"83,724.13"
ID13895,28-Feb-2026,Debit Card,0.00,34.90,"97,967.72"
ID13895,17-Mar-2026,Debit Card,0.00,537.42,"50,809.23"
ID13895,04-Feb-2026,Reversal,0.00,95.23,"62,819.50"
ID13895,27-Feb-2026,Payment,0.00,"1,184.18","50,224.81"
ID13895,26-Jan-2026,Payment,"1,981.33",0.00,"84,162.87"
ID13895,14-Mar-2026,Charge,0.00,332.98,"53,476.59"
ID13895,11-Feb-2026,Charge,0.00,821.51,"11,825.71"
ID13895,12-Feb-2026,Debit Card,0.00,853.91,"10,252.53"
ID13895,04-Mar-2026,Direct Deposit,"1,622.53",0.00,"53,137.19"
ID13895,11-Mar-2026,Interest,355.24,0.00,"26,464.94"
ID13896,12-Mar-2026,Debit Card,0.00,997.55,"52,324.12"
ID13896,23-Feb-2026,Debit Card,0.00,408.65,"72,001.39"
ID13896,06-Mar-2026,Interest,236.82,0.00,"79,507.32"
ID13896,07-Mar-2026,Transfer,0.00,65.14,"76,308.81"
ID13896,02-Apr-2026,Direct Deposit,"1,392.25",0.00,"97,467.61"
ID13896,17-Mar-2026,Charge,0.00,44.51,"11,814.73"
ID13896,20-Feb-2026,Reversal,0.00,55.94,"61,485.65"
ID13896,21-Mar-2026,Interest,497.84,0.00,"53,320.41"
ID13896,31-Jan-2026,Payment,183.99,0.00,"10,576.44"
ID13896,12-Jan-2026,Interest,358.08,0.00,"72,693.37"
ID13896,01-Feb-2026,ATM Withdrawal,0.00,610.96,"24,929.64"
ID13896,04-Feb-2026,ATM Withdrawal,0.00,877.16,"10,561.78"
ID13896,26-Feb-2026,Payment,"1,122.40",0.00,"1,924.79"
ID13896,25-Mar-2026,Charge,0.00,360.37,"16,161.02"
ID13896,24-Jan-2026,Payment,"1,906.12",0.00,"58,617.85"
ID13896,15-Jan-2026,Direct Deposit,"1,094.20",0.00,"24,386.53"
ID13896,27-Jan-2026,Interest,264.93,0.00,"31,593.18"
ID13896,23-Jan-2026,Transfer,"1,072.02",0.00,"69,804.00"
ID13896,29-Jan-2026,Debit Card,0.00,468.35,"56,770.95"
ID13896,10-Feb-2026,Interest,72.53,0.00,"99,102.87"
ID13897,24-Mar-2026,Debit Card,0.00,133.15,"48,431.52"
ID13897,02-Feb-2026,Payment,"1,915.91",0.00,"49,662.84"
ID13897,22-Feb-2026,Reversal,959.95,0.00,"45,238.75"
ID13897,10-Mar-2026,Reversal,137.48,0.00,"90,685.40"
ID13897,13-Feb-2026,Reversal,0.00,100.61,"93,825.42"
ID13897,01-Feb-2026,Payment,"1,638.54",0.00,"86,139.93"
ID13897,30-Jan-2026,Charge,0.00,237.02,"88,690.92"
ID13897,23-Mar-2026,Debit Card,0.00,366.28,"95,756.61"
ID13897,14-Feb-2026,Payment,"1,935.32",0.00,"6,291.48"
ID13897,30-Jan-2026,Payment,"1,402.68",0.00,"36,471.35"
ID13897,10-Feb-2026,ATM Withdrawal,0.00,249.62,"64,853.87"
ID13897,14-Mar-2026,Payment,0.00,"1,107.07","34,979.75"
ID13897,06-Jan-2026,ATM Withdrawal,0.00,865.67,"67,154.12"
ID13897,18-Feb-2026,Payment,0.00,302.83,"5,856.85"
ID13897,26-Mar-2026,Debit Card,0.00,609.99,"89,405.12"
ID13897,28-Feb-2026,ATM Withdrawal,0.00,841.19,"99,057.23"
ID13897,27-Feb-2026,Payment,"1,308.36",0.00,"67,709.49"
ID13897,07-Mar-2026,Transfer,"1,767.22",0.00,"25,820.11"
ID13897,16-Mar-2026,Payment,634.01,0.00,"31,497.02"
ID13897,17-Jan-2026,Interest,175.22,0.00,"8,578.84"
ID13898,31-Jan-2026,Direct Deposit,"3,197.85",0.00,"93,616.69"
ID13898,19-Feb-2026,Debit Card,0.00,947.79,"26,855.33"
ID13898,07-Feb-2026,Charge,0.00,406.60,"28,686.88"
ID13898,01-Apr-2026,Interest,208.42,0.00,"46,213.93"
ID13898,04-Mar-2026,Direct Deposit,"1,646.53",0.00,"25,205.43"
ID13898,06-Mar-2026,Interest,371.83,0.00,"33,472.63"
ID13898,10-Mar-2026,Interest,347.70,0.00,"25,208.24"
ID13898,15-Feb-2026,Direct Deposit,"2,835.90",0.00,"57,790.08"
ID13898,30-Jan-2026,Charge,0.00,509.21,"78,743.47"
ID13898,02-Apr-2026,Reversal,517.23,0.00,"74,303.61"
ID13898,16-Mar-2026,Charge,0.00,865.00,"45,029.86"
ID13898,21-Feb-2026,Payment,0.00,"1,024.26","40,198.13"
ID13898,24-Mar-2026,Charge,0.00,377.15,"51,680.83"
ID13898,28-Mar-2026,Debit Card,0.00,840.82,"69,601.54"
ID13898,11-Jan-2026,Reversal,747.75,0.00,"82,428.95"
ID13898,23-Feb-2026,Direct Deposit,"1,185.31",0.00,"3,878.66"
ID13898,05-Feb-2026,Reversal,0.00,697.10,"79,844.32"
ID13898,15-Mar-2026,ATM Withdrawal,0.00,202.54,"6,800.70"
ID13898,12-Jan-2026,Transfer,0.00,787.88,"44,761.58"
ID13898,04-Feb-2026,Debit Card,0.00,511.43,"40,601.75"
ID13899,16-Mar-2026,Payment,0.00,541.08,"53,653.79"
ID13899,09-Jan-2026,Direct Deposit,"1,689.59",0.00,"68,739.84"
ID13899,06-Jan-2026,Debit Card,0.00,639.94,"42,953.48"
ID13899,23-Mar-2026,Payment,127.26,0.00,"48,155.95"
ID13899,27-Feb-2026,ATM Withdrawal,0.00,616.76,"19,702.22"
ID13899,06-Mar-2026,ATM Withdrawal,0.00,730.39,"6,787.57"
ID13899,13-Mar-2026,Debit Card,0.00,921.40,"24,047.79"
ID13899,14-Feb-2026,Interest,153.31,0.00,"58,231.73"
ID13899,07-Jan-2026,Interest,173.94,0.00,"92,802.58"
ID13899,12-Feb-2026,Direct Deposit,978.78,0.00,"43,289.96"
ID13899,15-Jan-2026,Reversal,"1,793.28",0.00,"71,713.99"
ID13899,26-Mar-2026,Transfer,"1,010.30",0.00,"65,862.74"
ID13899,05-Feb-2026,Debit Card,0.00,366.13,"86,820.53"
ID13899,02-Apr-2026,Direct Deposit,"4,869.62",0.00,"62,536.22"
ID13899,05-Feb-2026,Debit Card,0.00,207.74,"79,350.97"
ID13899,21-Jan-2026,Payment,0.00,930.14,"9,136.08"
ID13899,26-Feb-2026,Transfer,"1,354.68",0.00,"61,257.09"
ID13899,02-Apr-2026,ATM Withdrawal,0.00,181.83,"52,133.62"
ID13899,15-Feb-2026,Transfer,"1,731.45",0.00,"46,416.46"
ID13899,05-Jan-2026,Interest,165.29,0.00,"56,506.48"
ID13900,06-Jan-2026,Debit Card,0.00,706.68,"17,253.01"
ID13900,23-Feb-2026,Direct Deposit,790.57,0.00,"59,786.15"
ID13900,20-Jan-2026,Debit Card,0.00,212.35,"86,903.95"
ID13900,07-Mar-2026,Reversal,"1,257.10",0.00,"53,770.22"
ID13900,22-Jan-2026,Payment,0.00,363.57,"54,913.34"
ID13900,18-Mar-2026,Interest,266.98,0.00,"66,584.14"
ID13900,16-Jan-2026,Debit Card,0.00,53.76,"75,016.63"
ID13900,28-Mar-2026,Interest,351.09,0.00,"97,780.80"
ID13900,06-Mar-2026,Payment,"1,418.44",0.00,"98,887.26"
ID13900,28-Jan-2026,Debit Card,0.00,675.61,"26,259.86"
ID13900,28-Feb-2026,Transfer,927.96,0.00,"99,048.35"
ID13900,14-Mar-2026,Debit Card,0.00,374.32,"92,102.26"
ID13900,10-Jan-2026,ATM Withdrawal,0.00,29.24,"19,334.08"
ID13900,20-Feb-2026,ATM Withdrawal,0.00,407.72,"45,576.92"
ID13900,13-Jan-2026,Reversal,528.06,0.00,"35,837.24"
ID13900,03-Feb-2026,Debit Card,0.00,74.31,"94,582.76"
ID13900,10-Feb-2026,Debit Card,0.00,780.48,"37,475.11"
ID13900,15-Feb-2026,Interest,439.06,0.00,"77,821.29"
ID13900,27-Jan-2026,Interest,316.59,0.00,"54,679.93"
ID13900,26-Jan-2026,Direct Deposit,"1,571.17",0.00,"23,881.80"
ID13901,10-Mar-2026,Payment,825.51,0.00,"21,251.91"
ID13901,21-Mar-2026,Direct Deposit,"2,361.03",0.00,"25,338.48"
ID13901,08-Mar-2026,ATM Withdrawal,0.00,488.68,"24,042.07"
ID13901,19-Mar-2026,Debit Card,0.00,794.69,"82,780.18"
ID13901,19-Feb-2026,Direct Deposit,975.79,0.00,"18,880.50"
ID13901,11-Feb-2026,Interest,294.58,0.00,"70,139.87"
ID13901,04-Mar-2026,Interest,100.42,0.00,"81,075.91"
ID13901,27-Feb-2026,Reversal,357.18,0.00,"30,225.80"
ID13901,13-Jan-2026,Interest,224.91,0.00,"39,157.46"
ID13901,25-Jan-2026,Transfer,0.00,532.14,"91,326.76"
ID13901,18-Jan-2026,Direct Deposit,"2,048.49",0.00,"34,150.49"
ID13901,25-Feb-2026,Payment,0.00,"1,327.98","66,715.24"
ID13901,25-Mar-2026,Reversal,0.00,"1,216.97","79,257.88"
ID13901,27-Mar-2026,Payment,580.11,0.00,"95,187.39"
ID13901,26-Mar-2026,Reversal,"1,670.51",0.00,"54,330.82"
ID13901,23-Jan-2026,Payment,0.00,946.77,"33,219.68"
ID13901,21-Feb-2026,Payment,0.00,940.98,"61,241.66"
ID13901,11-Mar-2026,Reversal,0.00,853.52,"91,937.52"
ID13901,02-Mar-2026,ATM Withdrawal,0.00,903.26,"59,670.99"
ID13901,09-Jan-2026,Reversal,921.50,0.00,"86,675.79"
ID13902,07-Jan-2026,Transfer,0.00,871.77,"79,138.18"
ID13902,31-Jan-2026,Reversal,441.03,0.00,"66,227.19"
ID13902,21-Jan-2026,Transfer,"1,350.35",0.00,"29,336.56"
ID13902,13-Mar-2026,Interest,192.97,0.00,"17,917.86"
ID13902,03-Feb-2026,Direct Deposit,"3,896.43",0.00,"6,672.18"
ID13902,10-Jan-2026,Interest,147.17,0.00,"54,032.90"
ID13902,13-Mar-2026,Payment,0.00,"1,325.48","78,888.53"
ID13902,05-Feb-2026,Interest,20.50,0.00,"5,167.06"
ID13902,28-Feb-2026,Charge,0.00,767.55,"79,397.21"
ID13902,24-Mar-2026,Reversal,136.90,0.00,"24,235.96"
ID13902,07-Jan-2026,Debit Card,0.00,924.81,"82,917.22"
ID13902,31-Jan-2026,Debit Card,0.00,34.53,"96,591.53"
ID13902,27-Mar-2026,ATM Withdrawal,0.00,541.59,"27,676.84"
ID13902,03-Mar-2026,Reversal,0.00,295.09,"20,873.99"
ID13902,23-Mar-2026,ATM Withdrawal,0.00,194.88,"10,354.80"
ID13902,26-Jan-2026,ATM Withdrawal,0.00,372.67,"50,662.01"
ID13902,15-Feb-2026,Reversal,476.24,0.00,"35,887.60"
ID13902,28-Jan-2026,Payment,0.00,"1,361.82","8,273.60"
ID13902,05-Feb-2026,Debit Card,0.00,347.15,"70,903.42"
ID13902,27-Jan-2026,Direct Deposit,"4,752.25",0.00,"3,952.65"
ID13903,29-Mar-2026,Reversal,0.00,350.80,"5,042.89"
ID13903,11-Feb-2026,ATM Withdrawal,0.00,349.79,"10,019.61"
ID13903,03-Feb-2026,ATM Withdrawal,0.00,729.36,"11,852.19"
ID13903,04-Jan-2026,Payment,0.00,505.04,"30,630.34"
ID13903,24-Jan-2026,Direct Deposit,"1,373.27",0.00,"89,045.67"
ID13903,16-Jan-2026,ATM Withdrawal,0.00,160.29,"54,467.39"
ID13903,16-Feb-2026,ATM Withdrawal,0.00,168.10,"82,721.39"
ID13903,03-Mar-2026,Direct Deposit,"1,977.33",0.00,"58,882.23"
ID13903,07-Feb-2026,Charge,0.00,311.37,"35,826.57"
ID13903,24-Mar-2026,Charge,0.00,280.65,"77,160.67"
ID13903,14-Jan-2026,Payment,"1,930.29",0.00,"86,764.84"
ID13903,26-Mar-2026,Direct Deposit,"4,931.95",0.00,"19,132.36"
ID13903,21-Jan-2026,ATM Withdrawal,0.00,254.90,"44,007.11"
ID13903,27-Mar-2026,Interest,328.80,0.00,"2,328.55"
ID13903,13-Jan-2026,ATM Withdrawal,0.00,548.88,"66,276.53"
ID13903,09-Feb-2026,Charge,0.00,543.00,"16,995.41"
ID13903,31-Jan-2026,Transfer,"1,460.41",0.00,"99,863.77"
ID13903,02-Apr-2026,ATM Withdrawal,0.00,158.50,"23,991.76"
ID13903,20-Jan-2026,Charge,0.00,725.85,"18,317.12"
ID13903,02-Feb-2026,Reversal,583.12,0.00,"9,559.77"
ID13904,26-Feb-2026,Reversal,716.80,0.00,"44,900.51"
ID13904,10-Feb-2026,Reversal,0.00,950.47,"57,445.13"
ID13904,17-Jan-2026,Reversal,0.00,"1,412.56","14,542.22"
ID13904,03-Apr-2026,Interest,88.66,0.00,"73,946.37"
ID13904,21-Jan-2026,Debit Card,0.00,281.18,"43,160.61"
ID13904,27-Mar-2026,Debit Card,0.00,358.31,"80,404.95"
ID13904,21-Mar-2026,Reversal,228.79,0.00,"53,924.97"
ID13904,09-Mar-2026,Direct Deposit,"1,238.42",0.00,"93,472.70"
ID13904,24-Jan-2026,Interest,489.86,0.00,"13,394.38"
ID13904,18-Mar-2026,Payment,463.42,0.00,"72,935.03"
ID13904,19-Jan-2026,ATM Withdrawal,0.00,121.11,"33,372.16"
ID13904,09-Jan-2026,Reversal,0.00,617.60,"72,310.15"
ID13904,02-Feb-2026,ATM Withdrawal,0.00,37.99,"8,648.67"
ID13904,09-Feb-2026,Payment,374.87,0.00,"84,919.84"
ID13904,02-Mar-2026,Charge,0.00,804.47,"19,819.50"
ID13904,09-Jan-2026,Debit Card,0.00,948.55,"35,551.23"
ID13904,19-Mar-2026,Reversal,0.00,210.35,"49,642.87"
ID13904,24-Mar-2026,Reversal,597.88,0.00,"96,092.15"
ID13904,05-Jan-2026,Transfer,987.33,0.00,"25,533.65"
ID13904,30-Mar-2026,Interest,311.41,0.00,"50,961.76"
ID13905,03-Mar-2026,Debit Card,0.00,177.10,"42,274.93"
ID13905,01-Mar-2026,Payment,0.00,"1,330.57","76,275.96"
ID13905,30-Mar-2026,Debit Card,0.00,602.54,"37,249.62"
ID13905,14-Mar-2026,Direct Deposit,"3,095.59",0.00,"71,621.70"
ID13905,14-Mar-2026,Charge,0.00,92.23,"75,997.64"
ID13905,30-Mar-2026,Direct Deposit,"1,982.28",0.00,"53,939.18"
ID13905,04-Jan-2026,Transfer,0.00,673.53,"76,731.49"
ID13905,25-Jan-2026,Transfer,0.00,372.57,"37,746.95"
ID13905,06-Feb-2026,Payment,0.00,348.36,"84,411.36"
ID13905,06-Feb-2026,Transfer,"1,426.70",0.00,"78,813.15"
ID13905,26-Jan-2026,Transfer,346.63,0.00,"87,436.15"
ID13905,15-Feb-2026,Transfer,0.00,778.15,"65,993.94"
ID13905,17-Jan-2026,Reversal,0.00,981.39,"98,964.28"
ID13905,28-Mar-2026,Payment,"1,479.33",0.00,"67,371.80"
ID13905,20-Mar-2026,Direct Deposit,"1,372.20",0.00,"78,485.85"
ID13905,13-Mar-2026,Payment,0.00,"1,055.09","53,187.91"
ID13905,02-Mar-2026,Interest,241.91,0.00,"6,826.97"
ID13905,24-Mar-2026,Payment,0.00,543.99,"18,110.07"
ID13905,20-Mar-2026,Direct Deposit,"3,492.19",0.00,"9,537.66"
ID13905,27-Jan-2026,Reversal,0.00,644.38,"46,794.87"
ID13906,12-Feb-2026,Charge,0.00,417.81,"52,074.13"
ID13906,09-Feb-2026,ATM Withdrawal,0.00,399.32,"36,358.09"
ID13906,02-Mar-2026,Debit Card,0.00,968.21,"5,764.44"
ID13906,04-Jan-2026,Transfer,0.00,826.23,"55,016.07"
ID13906,20-Jan-2026,Payment,0.00,631.71,"42,355.47"
ID13906,05-Feb-2026,Payment,"1,918.20",0.00,"55,641.12"
ID13906,08-Mar-2026,Direct Deposit,"4,362.91",0.00,"24,572.57"
ID13906,17-Mar-2026,Charge,0.00,523.49,"6,912.61"
ID13906,16-Jan-2026,Charge,0.00,768.80,"49,635.20"
ID13906,19-Feb-2026,Reversal,601.98,0.00,"63,170.47"
ID13906,01-Mar-2026,Direct Deposit,"2,394.34",0.00,"58,842.91"
ID13906,24-Mar-2026,Interest,122.09,0.00,"67,231.31"
ID13906,05-Jan-2026,Reversal,0.00,313.14,"44,721.65"
ID13906,23-Feb-2026,Reversal,346.81,0.00,"13,616.68"
ID13906,24-Feb-2026,Direct Deposit,"1,294.56",0.00,"59,850.80"
ID13906,28-Feb-2026,Transfer,737.92,0.00,"31,845.43"
ID13906,17-Mar-2026,Charge,0.00,768.22,"40,486.67"
ID13906,28-Feb-2026,ATM Withdrawal,0.00,451.30,"43,143.11"
ID13906,10-Feb-2026,Direct Deposit,"4,402.07",0.00,"18,258.76"
ID13906,21-Feb-2026,Charge,0.00,107.30,"7,519.69"
ID13907,14-Mar-2026,Interest,230.72,0.00,"74,516.90"
ID13907,24-Mar-2026,Transfer,0.00,"1,465.84","14,425.88"
ID13907,09-Mar-2026,Transfer,0.00,428.59,"63,578.64"
ID13907,26-Feb-2026,Reversal,"1,269.79",0.00,"78,897.29"
ID13907,22-Mar-2026,Reversal,"1,159.70",0.00,"88,939.41"
ID13907,04-Jan-2026,Reversal,318.64,0.00,"24,406.36"
ID13907,01-Mar-2026,Payment,"1,791.38",0.00,"43,591.32"
ID13907,23-Mar-2026,Transfer,0.00,"1,090.84","1,298.75"
ID13907,03-Jan-2026,Payment,0.00,383.47,"57,088.17"
ID13907,28-Mar-2026,Debit Card,0.00,392.53,"8,804.42"
ID13907,02-Feb-2026,ATM Withdrawal,0.00,265.73,"12,150.52"
ID13907,10-Mar-2026,Debit Card,0.00,30.77,"43,022.10"
ID13907,19-Jan-2026,Payment,0.00,"1,303.21","77,967.88"
ID13907,02-Mar-2026,ATM Withdrawal,0.00,253.31,"2,162.52"
ID13907,10-Mar-2026,Direct Deposit,"2,289.78",0.00,"36,449.98"
ID13907,20-Jan-2026,Interest,448.48,0.00,"7,282.60"
ID13907,02-Apr-2026,Debit Card,0.00,255.65,"81,024.26"
ID13907,08-Jan-2026,Debit Card,0.00,651.32,"31,470.55"
ID13907,02-Apr-2026,ATM Withdrawal,0.00,156.00,"13,834.53"
ID13907,16-Mar-2026,Debit Card,0.00,811.71,"46,773.30"
ID13908,24-Mar-2026,Interest,155.03,0.00,"66,416.97"
ID13908,19-Feb-2026,Reversal,0.00,169.26,"23,881.86"
ID13908,22-Mar-2026,Charge,0.00,194.03,"35,432.96"
ID13908,15-Feb-2026,Debit Card,0.00,427.30,"56,043.43"
ID13908,24-Jan-2026,Payment,"1,127.96",0.00,"14,280.58"
ID13908,14-Jan-2026,Interest,37.73,0.00,"33,865.25"
ID13908,20-Mar-2026,Debit Card,0.00,967.08,"18,769.03"
ID13908,13-Feb-2026,Transfer,"1,299.76",0.00,"97,776.65"
ID13908,02-Feb-2026,Interest,321.55,0.00,"94,750.96"
ID13908,20-Feb-2026,ATM Withdrawal,0.00,299.27,"37,465.33"
ID13908,21-Feb-2026,Reversal,0.00,899.97,"63,306.00"
ID13908,31-Jan-2026,Reversal,"1,689.65",0.00,"75,222.80"
ID13908,27-Jan-2026,Debit Card,0.00,987.77,"3,962.79"
ID13908,17-Mar-2026,Interest,244.49,0.00,"91,485.89"
ID13908,17-Jan-2026,Transfer,0.00,732.71,"39,259.70"
ID13908,20-Feb-2026,Direct Deposit,"1,031.67",0.00,"78,109.60"
ID13908,22-Jan-2026,Interest,291.03,0.00,"4,041.41"
ID13908,15-Mar-2026,Interest,122.04,0.00,"91,126.79"
ID13908,16-Mar-2026,Interest,285.91,0.00,"9,448.64"
ID13908,14-Feb-2026,Payment,"1,919.94",0.00,"37,262.94"
ID13909,13-Mar-2026,Charge,0.00,97.97,"67,320.60"
ID13909,14-Feb-2026,Reversal,0.00,492.46,"81,428.26"
ID13909,04-Jan-2026,Charge,0.00,225.94,"54,834.38"
ID13909,24-Jan-2026,Transfer,"1,903.36",0.00,"24,341.95"
ID13909,16-Jan-2026,Interest,67.42,0.00,"24,964.05"
ID13909,14-Jan-2026,Payment,0.00,"1,217.36","42,466.61"
ID13909,21-Jan-2026,Charge,0.00,67.98,"38,081.11"
ID13909,13-Feb-2026,Interest,255.84,0.00,"19,315.65"
ID13909,08-Mar-2026,Interest,455.80,0.00,"50,802.81"
ID13909,30-Mar-2026,Reversal,"1,629.64",0.00,"77,930.09"
ID13909,15-Mar-2026,Reversal,0.00,322.16,"61,382.79"
ID13909,21-Mar-2026,Reversal,0.00,"1,458.17","51,745.86"
ID13909,27-Jan-2026,Interest,127.63,0.00,"48,180.73"
ID13909,09-Jan-2026,Payment,0.00,913.86,"63,423.55"
ID13909,11-Feb-2026,Transfer,189.32,0.00,"25,975.37"
ID13909,13-Jan-2026,Reversal,0.00,305.85,"54,216.86"
ID13909,17-Jan-2026,Payment,"1,784.21",0.00,"50,669.79"
ID13909,18-Mar-2026,ATM Withdrawal,0.00,830.73,"94,823.76"
ID13909,26-Jan-2026,Direct Deposit,"4,050.26",0.00,"37,418.49"
ID13909,25-Feb-2026,Direct Deposit,"4,179.80",0.00,"61,850.27"
ID13910,22-Jan-2026,ATM Withdrawal,0.00,743.79,"49,594.75"
ID13910,10-Feb-2026,Payment,"1,839.17",0.00,"94,519.02"
ID13910,01-Mar-2026,Charge,0.00,339.84,"13,670.59"
ID13910,12-Feb-2026,ATM Withdrawal,0.00,915.59,"67,133.68"
ID13910,27-Feb-2026,Charge,0.00,886.47,"50,671.94"
ID13910,04-Jan-2026,Transfer,0.00,"1,178.72","18,869.50"
ID13910,29-Mar-2026,Reversal,0.00,513.15,"44,953.73"
ID13910,26-Mar-2026,Reversal,"1,149.85",0.00,"16,296.01"
ID13910,06-Jan-2026,Transfer,"1,558.21",0.00,"17,823.38"
ID13910,03-Apr-2026,ATM Withdrawal,0.00,672.89,"15,616.82"
ID13910,04-Jan-2026,Reversal,551.31,0.00,"53,628.89"
ID13910,04-Mar-2026,Interest,370.88,0.00,"56,352.79"
ID13910,19-Mar-2026,ATM Withdrawal,0.00,143.79,"70,950.67"
ID13910,09-Feb-2026,Direct Deposit,"4,759.92",0.00,"96,109.38"
ID13910,20-Mar-2026,ATM Withdrawal,0.00,699.62,"18,005.31"
ID13910,09-Feb-2026,Direct Deposit,667.10,0.00,"48,768.32"
ID13910,24-Feb-2026,Charge,0.00,541.06,"93,349.16"
ID13910,27-Feb-2026,Interest,413.31,0.00,"81,981.89"
ID13910,04-Mar-2026,Transfer,0.00,313.93,"14,182.12"
ID13910,14-Mar-2026,Payment,0.00,233.59,"89,103.40"
ID13911,08-Jan-2026,Direct Deposit,"4,369.37",0.00,"6,812.44"
ID13911,24-Jan-2026,Transfer,176.04,0.00,"73,498.47"
ID13911,15-Feb-2026,Interest,232.30,0.00,"52,002.87"
ID13911,28-Mar-2026,Debit Card,0.00,328.50,"77,897.55"
ID13911,12-Mar-2026,Direct Deposit,"2,850.16",0.00,"45,019.65"
ID13911,17-Mar-2026,Charge,0.00,651.03,"13,095.05"
ID13911,19-Feb-2026,ATM Withdrawal,0.00,483.03,"98,884.17"
ID13911,22-Feb-2026,Interest,418.19,0.00,"17,981.72"
ID13911,08-Mar-2026,ATM Withdrawal,0.00,717.80,"72,335.31"
ID13911,18-Jan-2026,Charge,0.00,958.01,"37,300.63"
ID13911,20-Jan-2026,Direct Deposit,789.58,0.00,"98,558.63"
ID13911,17-Jan-2026,Charge,0.00,816.60,"82,325.26"
ID13911,28-Jan-2026,ATM Withdrawal,0.00,416.37,"57,464.57"
ID13911,05-Feb-2026,Payment,0.00,611.10,"77,106.79"
ID13911,22-Feb-2026,ATM Withdrawal,0.00,897.94,"53,302.45"
ID13911,06-Jan-2026,Charge,0.00,169.93,"70,554.17"
ID13911,29-Jan-2026,Reversal,0.00,150.02,"23,219.12"
ID13911,23-Mar-2026,Interest,478.74,0.00,"61,034.45"
ID13911,19-Feb-2026,Charge,0.00,148.52,"5,409.73"
ID13911,27-Mar-2026,Charge,0.00,595.72,"44,409.20"
ID13912,17-Feb-2026,Transfer,0.00,341.01,"32,428.31"
ID13912,22-Feb-2026,Payment,0.00,131.31,"35,331.56"
ID13912,10-Jan-2026,Direct Deposit,"3,572.14",0.00,"31,693.83"
ID13912,03-Apr-2026,Charge,0.00,290.21,"50,918.26"
ID13912,08-Feb-2026,Reversal,0.00,383.04,"35,310.61"
ID13912,04-Jan-2026,Transfer,0.00,553.77,"56,427.98"
ID13912,31-Jan-2026,Interest,406.82,0.00,"32,099.83"
ID13912,03-Jan-2026,Debit Card,0.00,714.93,"17,509.96"
ID13912,08-Feb-2026,Charge,0.00,205.40,"30,230.45"
ID13912,31-Jan-2026,Transfer,0.00,238.11,"48,902.67"
ID13912,15-Jan-2026,Charge,0.00,272.50,"90,671.71"
ID13912,24-Feb-2026,Payment,380.66,0.00,"40,505.80"
ID13912,19-Jan-2026,Charge,0.00,840.25,"6,209.64"
ID13912,15-Feb-2026,ATM Withdrawal,0.00,624.43,"26,402.54"
ID13912,18-Mar-2026,Debit Card,0.00,917.32,"16,437.43"
ID13912,06-Feb-2026,Reversal,0.00,"1,235.68","66,179.01"
ID13912,02-Mar-2026,Charge,0.00,717.92,"72,647.41"
ID13912,25-Feb-2026,Interest,353.99,0.00,"29,664.15"
ID13912,04-Jan-2026,Interest,378.02,0.00,"16,670.79"
ID13912,10-Mar-2026,Charge,0.00,93.33,"92,507.14"
ID13913,22-Feb-2026,ATM Withdrawal,0.00,928.13,"70,056.92"
ID13913,03-Apr-2026,ATM Withdrawal,0.00,125.09,"30,631.06"
ID13913,25-Feb-2026,Reversal,0.00,436.27,"26,806.18"
ID13913,24-Feb-2026,Transfer,0.00,"1,125.27","68,821.72"
ID13913,30-Jan-2026,Transfer,0.00,"1,311.16","10,017.27"
ID13913,21-Mar-2026,Transfer,0.00,681.02,"37,827.31"
ID13913,21-Mar-2026,Transfer,"1,309.12",0.00,"13,723.92"
ID13913,09-Feb-2026,Direct Deposit,"3,966.64",0.00,"71,389.05"
ID13913,06-Feb-2026,ATM Withdrawal,0.00,78.75,"7,309.93"
ID13913,02-Apr-2026,Direct Deposit,"4,806.36",0.00,"5,468.99"
ID13913,17-Jan-2026,Charge,0.00,444.28,"68,287.92"
ID13913,21-Mar-2026,ATM Withdrawal,0.00,846.69,"30,162.05"
ID13913,05-Mar-2026,Direct Deposit,816.49,0.00,"40,684.05"
ID13913,16-Mar-2026,ATM Withdrawal,0.00,711.31,"24,024.48"
ID13913,09-Mar-2026,Charge,0.00,454.41,"14,717.02"
ID13913,16-Jan-2026,Debit Card,0.00,192.01,"96,520.46"
ID13913,14-Feb-2026,Debit Card,0.00,377.24,"69,717.87"
ID13913,06-Jan-2026,ATM Withdrawal,0.00,407.98,"17,891.86"
ID13913,14-Mar-2026,Reversal,0.00,583.53,"70,899.53"
ID13913,31-Jan-2026,ATM Withdrawal,0.00,675.76,"43,109.21"
ID13914,21-Jan-2026,Reversal,0.00,322.82,"22,938.86"
ID13914,04-Mar-2026,Reversal,0.00,908.31,"85,950.37"
ID13914,30-Mar-2026,ATM Withdrawal,0.00,75.12,"63,335.66"
ID13914,02-Feb-2026,Direct Deposit,"2,499.01",0.00,"60,136.49"
ID13914,22-Jan-2026,Charge,0.00,824.59,"24,347.49"
ID13914,18-Jan-2026,Charge,0.00,387.35,"42,305.53"
ID13914,19-Jan-2026,Debit Card,0.00,753.92,"63,843.85"
ID13914,01-Mar-2026,Direct Deposit,"1,930.06",0.00,"27,162.99"
ID13914,11-Feb-2026,Payment,348.50,0.00,"79,577.36"
ID13914,24-Mar-2026,Charge,0.00,619.43,"77,189.57"
ID13914,28-Feb-2026,Debit Card,0.00,852.09,"66,713.82"
ID13914,03-Mar-2026,Debit Card,0.00,133.10,"67,452.33"
ID13914,25-Mar-2026,Debit Card,0.00,927.22,"52,397.87"
ID13914,16-Feb-2026,Transfer,178.91,0.00,"50,897.78"
ID13914,16-Mar-2026,ATM Withdrawal,0.00,369.66,"17,835.83"
ID13914,25-Mar-2026,Interest,166.92,0.00,"41,491.98"
ID13914,02-Apr-2026,ATM Withdrawal,0.00,265.58,"6,844.60"
ID13914,04-Feb-2026,Payment,"1,993.76",0.00,"28,149.90"
ID13914,01-Apr-2026,Debit Card,0.00,420.05,"82,309.56"
ID13914,02-Mar-2026,Transfer,0.00,792.98,"16,176.49"
ID13915,02-Mar-2026,Debit Card,0.00,44.92,"94,868.31"
ID13915,22-Jan-2026,Payment,0.00,585.27,"3,276.21"
ID13915,07-Mar-2026,Reversal,"1,074.23",0.00,"1,545.79"
ID13915,26-Feb-2026,Debit Card,0.00,178.15,"24,287.88"
ID13915,27-Feb-2026,ATM Withdrawal,0.00,959.64,"21,305.69"
ID13915,18-Feb-2026,Payment,0.00,718.64,"12,017.30"
ID13915,01-Feb-2026,Reversal,"1,659.84",0.00,"69,430.28"
ID13915,14-Mar-2026,Direct Deposit,"3,297.48",0.00,"77,176.51"
ID13915,20-Feb-2026,Charge,0.00,990.71,"53,927.81"
ID13915,02-Apr-2026,Direct Deposit,"1,462.69",0.00,"46,870.39"
ID13915,07-Mar-2026,Reversal,0.00,"1,433.36","63,121.01"
ID13915,25-Mar-2026,Debit Card,0.00,849.28,"43,420.31"
ID13915,07-Mar-2026,Transfer,0.00,363.01,"41,931.41"
ID13915,11-Mar-2026,Transfer,0.00,206.69,"56,317.81"
ID13915,26-Jan-2026,Charge,0.00,899.60,"48,900.66"
ID13915,18-Mar-2026,ATM Withdrawal,0.00,599.88,"61,479.25"
ID13915,01-Feb-2026,ATM Withdrawal,0.00,495.34,"84,918.64"
ID13915,18-Jan-2026,Payment,0.00,993.59,"92,264.55"
ID13915,25-Feb-2026,Direct Deposit,624.59,0.00,"5,461.36"
ID13915,10-Mar-2026,Charge,0.00,343.45,"58,061.04"
ID13916,12-Feb-2026,Direct Deposit,"2,451.97",0.00,"66,667.77"
ID13916,03-Jan-2026,Charge,0.00,356.67,"97,962.12"
ID13916,06-Mar-2026,Interest,199.75,0.00,"92,851.80"
ID13916,11-Jan-2026,Transfer,0.00,504.37,"13,367.01"
ID13916,06-Feb-2026,Charge,0.00,164.70,"99,836.65"
ID13916,29-Jan-2026,Interest,179.02,0.00,"12,459.28"
ID13916,03-Feb-2026,Debit Card,0.00,887.24,"72,097.64"
ID13916,09-Jan-2026,Charge,0.00,442.76,"2,830.99"
ID13916,09-Mar-2026,ATM Withdrawal,0.00,189.68,"45,797.59"
ID13916,09-Mar-2026,Charge,0.00,548.38,"12,449.12"
ID13916,26-Mar-2026,Charge,0.00,638.41,"68,162.03"
ID13916,13-Mar-2026,Payment,"1,881.85",0.00,"36,195.03"
ID13916,23-Jan-2026,Debit Card,0.00,294.97,"27,008.15"
ID13916,14-Jan-2026,Debit Card,0.00,534.29,"93,677.23"
ID13916,16-Mar-2026,Charge,0.00,47.67,"51,220.32"
ID13916,06-Feb-2026,Reversal,"1,745.28",0.00,"12,885.52"
ID13916,05-Jan-2026,Transfer,157.47,0.00,"64,094.09"
ID13916,17-Feb-2026,Payment,"1,244.69",0.00,"4,300.78"
ID13916,13-Feb-2026,Charge,0.00,349.90,"23,351.32"
ID13916,23-Mar-2026,Interest,48.80,0.00,"67,694.70"
ID13917,12-Jan-2026,Direct Deposit,"1,223.52",0.00,"37,433.49"
ID13917,23-Mar-2026,Debit Card,0.00,554.40,"68,622.14"
ID13917,07-Feb-2026,Transfer,0.00,478.73,"39,483.61"
ID13917,16-Feb-2026,Debit Card,0.00,974.15,"49,192.53"
ID13917,20-Feb-2026,ATM Withdrawal,0.00,224.33,"79,025.02"
ID13917,03-Feb-2026,Interest,125.62,0.00,"80,590.77"
ID13917,24-Feb-2026,Transfer,999.37,0.00,"52,636.33"
ID13917,23-Feb-2026,Direct Deposit,"2,424.91",0.00,"10,162.39"
ID13917,05-Mar-2026,Debit Card,0.00,389.66,"26,688.12"
ID13917,14-Feb-2026,Payment,"1,982.30",0.00,"18,910.91"
ID13917,07-Jan-2026,Direct Deposit,"4,753.01",0.00,"50,071.10"
ID13917,22-Feb-2026,Direct Deposit,"1,638.20",0.00,"16,393.93"
ID13917,03-Mar-2026,ATM Withdrawal,0.00,995.26,"35,977.17"
ID13917,31-Mar-2026,Direct Deposit,"2,944.74",0.00,"40,982.26"
ID13917,20-Feb-2026,ATM Withdrawal,0.00,969.93,"56,215.75"
ID13917,15-Jan-2026,Interest,96.70,0.00,"49,321.30"
ID13917,05-Jan-2026,Reversal,"1,971.78",0.00,"8,193.97"
ID13917,13-Feb-2026,Payment,0.00,"1,015.48","40,188.75"
ID13917,01-Apr-2026,Charge,0.00,299.16,"24,764.85"
ID13917,13-Jan-2026,Reversal,"1,593.58",0.00,"59,861.31"
ID13918,04-Feb-2026,Payment,0.00,877.42,"70,880.71"
ID13918,31-Jan-2026,Debit Card,0.00,905.28,"28,789.61"
ID13918,28-Feb-2026,Direct Deposit,"1,183.39",0.00,"26,976.54"
ID13918,25-Feb-2026,Direct Deposit,"3,147.88",0.00,"33,950.29"
ID13918,05-Jan-2026,Interest,14.63,0.00,"97,181.17"
ID13918,08-Feb-2026,Transfer,0.00,742.94,"53,311.40"
ID13918,21-Mar-2026,Payment,0.00,361.91,"18,535.65"
ID13918,13-Mar-2026,Direct Deposit,"1,716.56",0.00,"90,499.26"
ID13918,26-Feb-2026,Transfer,0.00,"1,083.81","60,502.02"
ID13918,28-Jan-2026,ATM Withdrawal,0.00,729.91,"69,931.84"
ID13918,15-Mar-2026,Charge,0.00,81.21,"40,976.11"
ID13918,04-Mar-2026,Charge,0.00,996.79,"92,920.91"
ID13918,26-Feb-2026,Payment,180.87,0.00,"87,980.87"
ID13918,26-Feb-2026,Transfer,0.00,410.68,"13,919.29"
ID13918,03-Apr-2026,Direct Deposit,"1,003.41",0.00,"49,634.34"
ID13918,31-Jan-2026,Direct Deposit,"3,035.92",0.00,"20,387.82"
ID13918,29-Jan-2026,ATM Withdrawal,0.00,172.15,"33,222.68"
ID13918,04-Mar-2026,Interest,91.56,0.00,"98,967.27"
ID13918,09-Feb-2026,Reversal,345.56,0.00,"67,633.98"
ID13918,22-Jan-2026,Debit Card,0.00,15.11,"25,508.12"
ID13919,22-Feb-2026,ATM Withdrawal,0.00,538.87,"22,355.18"
ID13919,09-Mar-2026,Debit Card,0.00,649.68,"67,011.43"
ID13919,13-Mar-2026,Debit Card,0.00,565.67,"96,093.60"
ID13919,09-Jan-2026,Interest,122.53,0.00,"44,946.23"
ID13919,22-Feb-2026,Direct Deposit,"4,507.84",0.00,"38,562.90"
ID13919,15-Mar-2026,Direct Deposit,890.62,0.00,"6,416.23"
ID13919,04-Mar-2026,Payment,"1,426.29",0.00,"99,040.61"
ID13919,03-Jan-2026,Reversal,0.00,"1,093.85","97,587.04"
ID13919,08-Jan-2026,Charge,0.00,948.60,"42,536.65"
ID13919,27-Mar-2026,Reversal,155.52,0.00,"52,323.89"
ID13919,08-Feb-2026,Interest,324.21,0.00,"42,587.78"
ID13919,22-Jan-2026,Transfer,"1,803.85",0.00,"74,374.23"
ID13919,12-Mar-2026,Transfer,0.00,150.36,"45,616.22"
ID13919,03-Feb-2026,Charge,0.00,610.67,"34,708.39"
ID13919,18-Feb-2026,Reversal,854.58,0.00,"1,574.38"
ID13919,22-Feb-2026,Transfer,0.00,739.61,"62,054.21"
ID13919,09-Jan-2026,Transfer,"1,996.53",0.00,"3,565.48"
ID13919,31-Mar-2026,Charge,0.00,65.45,"96,078.83"
ID13919,30-Jan-2026,Transfer,0.00,"1,400.49","19,251.74"
ID13919,08-Feb-2026,Payment,"1,595.86",0.00,"38,111.46"
ID13920,13-Feb-2026,Direct Deposit,"3,025.98",0.00,"25,855.04"
ID13920,07-Jan-2026,Transfer,0.00,382.07,"8,185.20"
ID13920,07-Jan-2026,Debit Card,0.00,178.61,"13,776.17"
ID13920,20-Feb-2026,Payment,0.00,508.68,"49,753.37"
ID13920,02-Apr-2026,Transfer,0.00,874.59,"28,857.51"
ID13920,30-Jan-2026,Debit Card,0.00,870.28,"98,690.41"
ID13920,19-Mar-2026,Reversal,0.00,"1,137.79","30,518.43"
ID13920,06-Jan-2026,Interest,383.75,0.00,"49,369.14"
ID13920,23-Feb-2026,Charge,0.00,859.79,"36,373.13"
ID13920,01-Feb-2026,Charge,0.00,206.06,"99,035.80"
ID13920,20-Jan-2026,Charge,0.00,844.38,"61,350.63"
ID13920,26-Jan-2026,Charge,0.00,338.05,"55,422.37"
ID13920,19-Mar-2026,Charge,0.00,375.97,"34,768.30"
ID13920,01-Apr-2026,Transfer,0.00,"1,147.58","21,488.81"
ID13920,04-Jan-2026,Interest,235.34,0.00,"84,006.63"
ID13920,19-Mar-2026,Charge,0.00,714.35,"67,382.01"
ID13920,02-Apr-2026,Interest,275.28,0.00,"18,017.34"
ID13920,04-Jan-2026,Payment,0.00,895.72,"21,873.91"
ID13920,12-Mar-2026,Interest,356.02,0.00,"48,572.38"
ID13920,26-Feb-2026,Charge,0.00,192.75,"24,849.44"
ID13921,09-Jan-2026,Interest,11.47,0.00,"70,593.49"
ID13921,17-Jan-2026,Interest,434.64,0.00,"3,016.22"
ID13921,24-Mar-2026,ATM Withdrawal,0.00,738.48,"11,878.00"
ID13921,04-Feb-2026,Transfer,"1,582.83",0.00,"84,938.45"
ID13921,06-Feb-2026,Interest,195.96,0.00,"95,291.85"
ID13921,24-Jan-2026,Reversal,"1,290.05",0.00,"38,369.38"
ID13921,07-Mar-2026,ATM Withdrawal,0.00,51.91,"79,341.66"
ID13921,13-Mar-2026,Interest,391.33,0.00,"43,435.65"
ID13921,24-Mar-2026,Reversal,170.87,0.00,"92,916.19"
ID13921,16-Jan-2026,Charge,0.00,405.14,"85,951.72"
ID13921,11-Mar-2026,Transfer,501.34,0.00,"15,109.24"
ID13921,09-Mar-2026,Interest,175.42,0.00,"16,675.67"
ID13921,30-Mar-2026,Debit Card,0.00,856.69,"48,890.94"
ID13921,14-Feb-2026,Reversal,"1,538.72",0.00,"19,195.47"
ID13921,21-Mar-2026,ATM Withdrawal,0.00,411.06,"5,729.86"
ID13921,21-Jan-2026,Charge,0.00,630.60,"99,224.23"
ID13921,20-Jan-2026,Interest,67.84,0.00,"22,377.91"
ID13921,01-Apr-2026,Reversal,0.00,"1,423.43","62,034.62"
ID13921,13-Jan-2026,Reversal,0.00,391.98,"96,073.49"
ID13921,02-Feb-2026,Payment,0.00,999.00,"75,234.79"
ID13922,05-Feb-2026,Transfer,0.00,779.49,"79,501.95"
ID13922,15-Jan-2026,Reversal,0.00,"1,158.28","76,736.15"
ID13922,21-Mar-2026,Interest,258.72,0.00,"30,699.29"
ID13922,14-Mar-2026,Charge,0.00,990.75,"74,955.15"
ID13922,20-Jan-2026,Direct Deposit,"2,001.92",0.00,"94,899.41"
ID13922,25-Mar-2026,Transfer,0.00,260.34,"26,454.04"
ID13922,25-Jan-2026,Direct Deposit,"4,004.12",0.00,"45,204.56"
ID13922,25-Feb-2026,Transfer,187.85,0.00,"28,519.45"
ID13922,20-Mar-2026,Payment,0.00,213.05,"28,953.85"
ID13922,17-Mar-2026,Charge,0.00,210.81,"77,779.57"
ID13922,23-Feb-2026,Reversal,978.52,0.00,"51,458.74"
ID13922,25-Feb-2026,Charge,0.00,190.46,"35,806.20"
ID13922,27-Mar-2026,Transfer,679.55,0.00,"19,073.74"
ID13922,05-Mar-2026,Interest,89.36,0.00,"14,753.04"
ID13922,12-Feb-2026,Debit Card,0.00,274.55,"5,369.95"
ID13922,10-Mar-2026,Reversal,"1,712.51",0.00,"47,972.69"
ID13922,18-Feb-2026,Payment,0.00,365.96,"56,762.25"
ID13922,30-Jan-2026,Interest,472.02,0.00,"35,857.80"
ID13922,30-Mar-2026,Reversal,"1,872.96",0.00,"36,861.28"
ID13922,20-Mar-2026,Direct Deposit,"2,735.27",0.00,"69,855.51"
ID13923,13-Feb-2026,Charge,0.00,326.60,"75,166.09"
ID13923,15-Mar-2026,Debit Card,0.00,990.02,"73,379.52"
ID13923,03-Jan-2026,Direct Deposit,"3,158.65",0.00,"28,898.11"
ID13923,23-Jan-2026,ATM Withdrawal,0.00,435.47,"35,408.41"
ID13923,11-Feb-2026,Direct Deposit,"3,817.42",0.00,"11,493.71"
ID13923,04-Jan-2026,Direct Deposit,"4,998.04",0.00,"66,342.13"
ID13923,15-Jan-2026,Reversal,0.00,628.25,"34,536.91"
ID13923,18-Feb-2026,Transfer,0.00,"1,426.87","69,407.99"
ID13923,29-Jan-2026,Interest,275.05,0.00,"2,447.86"
ID13923,22-Jan-2026,Reversal,"1,836.01",0.00,"78,497.87"
ID13923,07-Jan-2026,Reversal,894.63,0.00,"75,747.62"
ID13923,23-Mar-2026,Charge,0.00,743.33,"30,473.67"
ID13923,03-Mar-2026,Payment,0.00,"1,485.21","56,223.66"
ID13923,06-Feb-2026,Payment,0.00,731.65,"8,542.47"
ID13923,24-Mar-2026,Payment,993.27,0.00,"11,682.53"
ID13923,01-Mar-2026,Charge,0.00,956.15,"10,597.54"
ID13923,16-Feb-2026,Direct Deposit,"2,897.60",0.00,"92,799.55"
ID13923,17-Feb-2026,Transfer,0.00,"1,339.23","3,316.24"
ID13923,10-Mar-2026,Payment,679.29,0.00,"11,543.51"
ID13923,26-Feb-2026,Direct Deposit,"1,282.84",0.00,"30,401.23"
ID13924,22-Jan-2026,Transfer,0.00,935.18,"67,381.41"
ID13924,03-Mar-2026,Charge,0.00,105.36,"53,430.86"
ID13924,20-Feb-2026,Interest,458.05,0.00,"8,917.59"
ID13924,30-Jan-2026,Payment,"1,696.40",0.00,"66,476.27"
ID13924,31-Mar-2026,ATM Withdrawal,0.00,832.11,"95,090.59"
ID13924,10-Feb-2026,Direct Deposit,"3,665.21",0.00,"76,947.55"
ID13924,23-Jan-2026,Charge,0.00,115.77,"31,964.91"
ID13924,23-Feb-2026,Transfer,197.76,0.00,"86,740.46"
ID13924,21-Feb-2026,Charge,0.00,512.25,"40,181.18"
ID13924,28-Jan-2026,Interest,243.43,0.00,"13,132.71"
ID13924,26-Jan-2026,Charge,0.00,882.17,"12,929.08"
ID13924,26-Feb-2026,Direct Deposit,"4,331.45",0.00,"41,733.17"
ID13924,14-Feb-2026,ATM Withdrawal,0.00,246.69,"17,915.33"
ID13924,09-Feb-2026,Charge,0.00,813.58,"9,620.46"
ID13924,12-Mar-2026,Transfer,"1,726.02",0.00,"34,336.53"
ID13924,03-Mar-2026,Payment,361.71,0.00,"45,430.68"
ID13924,20-Jan-2026,Reversal,549.53,0.00,"31,826.79"
ID13924,15-Feb-2026,Transfer,0.00,576.06,"56,025.10"
ID13924,16-Mar-2026,Payment,0.00,"1,149.17","12,905.30"
ID13924,11-Jan-2026,ATM Withdrawal,0.00,444.98,"69,303.39"
ID13925,30-Mar-2026,Interest,442.82,0.00,"67,562.91"
ID13925,03-Feb-2026,Reversal,0.00,668.30,"3,560.62"
ID13925,15-Feb-2026,Payment,0.00,81.84,"9,436.69"
ID13925,04-Jan-2026,Reversal,823.48,0.00,"62,691.13"
ID13925,12-Jan-2026,Transfer,219.30,0.00,"72,187.53"
ID13925,17-Mar-2026,Interest,456.37,0.00,"21,523.55"
ID13925,05-Jan-2026,Payment,"1,221.24",0.00,"14,497.62"
ID13925,28-Mar-2026,Interest,48.72,0.00,"14,578.61"
ID13925,19-Mar-2026,Debit Card,0.00,189.17,"31,724.98"
ID13925,27-Jan-2026,Direct Deposit,799.45,0.00,"24,554.23"
ID13925,13-Mar-2026,Interest,451.17,0.00,"12,149.77"
ID13925,12-Mar-2026,Debit Card,0.00,672.34,"29,459.76"
ID13925,17-Feb-2026,Reversal,0.00,799.64,"71,338.63"
ID13925,08-Feb-2026,Debit Card,0.00,672.44,"2,861.44"
ID13925,15-Jan-2026,Reversal,"1,066.90",0.00,"36,753.37"
ID13925,30-Mar-2026,Direct Deposit,"1,265.61",0.00,"45,966.45"
ID13925,16-Mar-2026,Payment,0.00,165.79,"82,819.33"
ID13925,18-Mar-2026,Interest,150.03,0.00,"7,475.49"
ID13925,24-Mar-2026,Transfer,0.00,453.16,"61,827.52"
ID13925,28-Feb-2026,Transfer,0.00,458.81,"31,131.11"
ID13926,26-Feb-2026,Interest,385.43,0.00,"65,351.52"
ID13926,01-Mar-2026,ATM Withdrawal,0.00,312.16,"46,650.31"
ID13926,12-Jan-2026,Direct Deposit,"2,765.90",0.00,"34,625.33"
ID13926,05-Mar-2026,Debit Card,0.00,124.89,"22,540.75"
ID13926,21-Jan-2026,Payment,0.00,"1,497.75","33,285.76"
ID13926,25-Jan-2026,Transfer,0.00,"1,115.76","24,111.56"
ID13926,22-Jan-2026,Direct Deposit,"1,280.43",0.00,"15,799.71"
ID13926,11-Jan-2026,ATM Withdrawal,0.00,150.13,"86,392.95"
ID13926,23-Jan-2026,Debit Card,0.00,689.04,"66,048.93"
ID13926,19-Jan-2026,Debit Card,0.00,537.99,"67,832.06"
ID13926,25-Jan-2026,Transfer,0.00,792.82,"48,183.71"
ID13926,23-Feb-2026,Charge,0.00,566.33,"16,498.33"
ID13926,16-Feb-2026,Direct Deposit,"2,421.54",0.00,"64,226.36"
ID13926,21-Feb-2026,Payment,"1,323.45",0.00,"10,470.71"
ID13926,21-Jan-2026,Debit Card,0.00,382.45,"3,252.63"
ID13926,30-Jan-2026,Interest,474.94,0.00,"50,288.77"
ID13926,18-Feb-2026,Debit Card,0.00,929.84,"65,470.60"
ID13926,16-Mar-2026,Charge,0.00,541.11,"92,273.05"
ID13926,21-Mar-2026,Debit Card,0.00,989.57,"68,987.92"
ID13926,14-Mar-2026,Transfer,"1,762.33",0.00,"54,197.04"
ID13927,23-Jan-2026,Charge,0.00,608.40,"8,106.72"
ID13927,15-Feb-2026,Interest,310.20,0.00,"49,616.89"
ID13927,12-Mar-2026,Direct Deposit,"2,070.95",0.00,"24,301.67"
ID13927,01-Feb-2026,Charge,0.00,524.10,"54,794.59"
ID13927,26-Mar-2026,Reversal,0.00,887.86,"82,071.66"
ID13927,19-Jan-2026,Direct Deposit,"2,908.04",0.00,"66,205.07"
ID13927,24-Jan-2026,Interest,230.73,0.00,"31,006.17"
ID13927,12-Mar-2026,Debit Card,0.00,173.64,"17,416.61"
ID13927,18-Jan-2026,Reversal,"1,339.55",0.00,"33,405.54"
ID13927,07-Feb-2026,Debit Card,0.00,94.14,"3,018.20"
ID13927,09-Feb-2026,Transfer,0.00,724.25,"67,685.18"
ID13927,10-Jan-2026,Reversal,376.59,0.00,"66,773.22"
ID13927,18-Mar-2026,Reversal,0.00,"1,333.62","32,080.21"
ID13927,17-Mar-2026,Transfer,279.20,0.00,"66,878.91"
ID13927,14-Feb-2026,Transfer,"1,634.06",0.00,"34,125.55"
ID13927,21-Jan-2026,Debit Card,0.00,80.98,"58,192.43"
ID13927,31-Jan-2026,Charge,0.00,232.11,"87,002.66"
ID13927,02-Mar-2026,ATM Withdrawal,0.00,343.18,"13,097.01"
ID13927,03-Apr-2026,Transfer,0.00,"1,134.59","57,747.08"
ID13927,25-Jan-2026,Payment,0.00,743.12,"47,041.35"
ID13928,19-Jan-2026,Transfer,"1,711.47",0.00,"30,103.29"
ID13928,15-Jan-2026,Direct Deposit,"2,795.76",0.00,"54,191.40"
ID13928,13-Jan-2026,ATM Withdrawal,0.00,911.39,"14,358.10"
ID13928,12-Jan-2026,Debit Card,0.00,750.99,"79,810.73"
ID13928,16-Mar-2026,Interest,387.43,0.00,"56,854.06"
ID13928,02-Mar-2026,Transfer,"1,703.53",0.00,"74,429.38"
ID13928,06-Mar-2026,Direct Deposit,"2,632.46",0.00,"46,801.88"
ID13928,24-Jan-2026,Interest,194.25,0.00,"5,744.19"
ID13928,20-Jan-2026,Reversal,237.75,0.00,"81,699.70"
ID13928,24-Feb-2026,Reversal,"1,277.40",0.00,"96,961.64"
ID13928,17-Feb-2026,Charge,0.00,149.71,"4,251.39"
ID13928,20-Feb-2026,Reversal,0.00,614.27,"84,279.21"
ID13928,20-Jan-2026,Debit Card,0.00,726.07,"66,964.72"
ID13928,27-Jan-2026,Interest,464.30,0.00,"56,730.79"
ID13928,03-Mar-2026,Reversal,0.00,577.21,"24,346.04"
ID13928,27-Feb-2026,Direct Deposit,"3,380.42",0.00,"1,997.88"
ID13928,16-Mar-2026,ATM Withdrawal,0.00,825.06,"63,101.45"
ID13928,19-Mar-2026,Direct Deposit,649.32,0.00,"95,467.58"
ID13928,08-Jan-2026,Payment,456.45,0.00,"16,028.92"
ID13928,14-Feb-2026,Transfer,0.00,771.08,"22,596.30"
ID13929,03-Jan-2026,ATM Withdrawal,0.00,812.79,"91,971.04"
ID13929,05-Feb-2026,Debit Card,0.00,65.79,"3,607.06"
ID13929,18-Jan-2026,Charge,0.00,207.64,"23,830.96"
ID13929,28-Jan-2026,Charge,0.00,621.56,"99,293.37"
ID13929,12-Feb-2026,Transfer,"1,053.47",0.00,"70,194.94"
ID13929,20-Mar-2026,Debit Card,0.00,311.11,"68,619.57"
ID13929,10-Feb-2026,Interest,95.38,0.00,"5,006.74"
ID13929,06-Mar-2026,Direct Deposit,"3,816.09",0.00,"56,532.15"
ID13929,24-Feb-2026,ATM Withdrawal,0.00,842.98,"86,068.36"
ID13929,22-Jan-2026,Payment,0.00,"1,344.35","98,917.15"
ID13929,03-Feb-2026,ATM Withdrawal,0.00,916.90,"64,793.01"
ID13929,24-Feb-2026,Interest,166.57,0.00,"23,330.29"
ID13929,12-Feb-2026,ATM Withdrawal,0.00,707.57,"4,621.71"
ID13929,03-Apr-2026,Direct Deposit,"1,167.98",0.00,"60,873.85"
ID13929,16-Mar-2026,Transfer,"1,236.64",0.00,"89,611.46"
ID13929,30-Jan-2026,Reversal,"1,925.60",0.00,"78,999.47"
ID13929,14-Mar-2026,Reversal,"1,940.65",0.00,"50,212.71"
ID13929,03-Jan-2026,ATM Withdrawal,0.00,437.44,"4,059.36"
ID13929,16-Feb-2026,Charge,0.00,28.52,"73,719.48"
ID13929,20-Jan-2026,Debit Card,0.00,946.30,"78,335.47"
ID13930,11-Mar-2026,Debit Card,0.00,115.07,"84,940.81"
ID13930,04-Jan-2026,ATM Withdrawal,0.00,914.82,"48,450.45"
ID13930,02-Mar-2026,Payment,0.00,200.50,"1,812.97"
ID13930,09-Feb-2026,ATM Withdrawal,0.00,115.47,"89,016.90"
ID13930,24-Feb-2026,Payment,248.73,0.00,"5,883.63"
ID13930,22-Feb-2026,Reversal,140.72,0.00,"91,451.03"
ID13930,17-Feb-2026,ATM Withdrawal,0.00,461.34,"87,811.14"
ID13930,24-Feb-2026,ATM Withdrawal,0.00,829.08,"88,601.31"
ID13930,03-Mar-2026,Reversal,0.00,932.57,"70,330.61"
ID13930,09-Jan-2026,Interest,322.10,0.00,"48,385.14"
ID13930,25-Mar-2026,Charge,0.00,563.33,"65,895.74"
ID13930,06-Feb-2026,Reversal,"1,708.45",0.00,"74,774.45"
ID13930,21-Jan-2026,ATM Withdrawal,0.00,751.91,"46,531.96"
ID13930,03-Mar-2026,Direct Deposit,"2,690.09",0.00,"66,635.67"
ID13930,07-Mar-2026,Direct Deposit,889.79,0.00,"29,113.08"
ID13930,28-Feb-2026,Reversal,0.00,137.09,"24,401.26"
ID13930,01-Mar-2026,Debit Card,0.00,891.77,"94,755.38"
ID13930,27-Mar-2026,Reversal,"1,852.90",0.00,"66,943.55"
ID13930,01-Feb-2026,Payment,0.00,53.67,"17,501.69"
ID13930,03-Jan-2026,Interest,417.12,0.00,"3,738.37"
ID13931,26-Feb-2026,Payment,0.00,"1,063.48","60,700.87"
ID13931,11-Feb-2026,Payment,0.00,773.35,"58,288.15"
ID13931,07-Feb-2026,Reversal,"1,703.56",0.00,"64,556.33"
ID13931,17-Feb-2026,Interest,314.97,0.00,"99,068.22"
ID13931,07-Feb-2026,Direct Deposit,"2,552.41",0.00,"84,115.91"
ID13931,16-Mar-2026,Direct Deposit,"4,320.22",0.00,"66,851.54"
ID13931,18-Feb-2026,Direct Deposit,"2,352.92",0.00,"68,337.29"
ID13931,04-Feb-2026,Debit Card,0.00,303.74,"44,433.49"
ID13931,25-Jan-2026,Transfer,0.00,721.16,"85,436.52"
ID13931,11-Jan-2026,Direct Deposit,"1,619.50",0.00,"43,425.52"
ID13931,19-Feb-2026,Debit Card,0.00,411.08,"76,382.39"
ID13931,07-Jan-2026,Interest,453.81,0.00,"47,993.83"
ID13931,20-Mar-2026,Reversal,185.85,0.00,"86,362.82"
ID13931,07-Jan-2026,Debit Card,0.00,921.33,"55,003.95"
ID13931,07-Feb-2026,ATM Withdrawal,0.00,599.40,"47,779.75"
ID13931,28-Mar-2026,Payment,"1,154.67",0.00,"44,767.74"
ID13931,17-Feb-2026,Transfer,267.18,0.00,"70,502.57"
ID13931,15-Mar-2026,Interest,416.54,0.00,"17,645.48"
ID13931,19-Feb-2026,Reversal,0.00,998.98,"80,934.07"
ID13931,03-Mar-2026,Interest,205.42,0.00,"53,283.30"
ID13932,22-Jan-2026,ATM Withdrawal,0.00,786.86,"74,709.46"
ID13932,18-Feb-2026,ATM Withdrawal,0.00,703.96,"52,548.48"
ID13932,05-Feb-2026,Debit Card,0.00,398.83,"93,617.48"
ID13932,25-Mar-2026,Payment,0.00,"1,459.62","79,887.97"
ID13932,01-Mar-2026,Payment,0.00,772.84,"77,053.93"
ID13932,02-Feb-2026,Direct Deposit,"2,407.50",0.00,"91,925.43"
ID13932,02-Mar-2026,Transfer,"1,534.83",0.00,"36,996.21"
ID13932,01-Feb-2026,Direct Deposit,"2,820.69",0.00,"89,862.11"
ID13932,01-Mar-2026,Transfer,"1,600.89",0.00,"55,126.77"
ID13932,20-Mar-2026,Charge,0.00,844.73,"43,423.98"
ID13932,18-Mar-2026,Interest,125.28,0.00,"52,802.03"
ID13932,13-Mar-2026,Charge,0.00,338.78,"60,487.56"
ID13932,19-Feb-2026,Charge,0.00,338.03,"3,714.29"
ID13932,23-Feb-2026,Payment,0.00,247.09,"38,444.23"
ID13932,02-Apr-2026,Reversal,"1,683.29",0.00,"38,661.45"
ID13932,26-Jan-2026,ATM Withdrawal,0.00,143.67,"57,490.95"
ID13932,08-Mar-2026,Interest,114.41,0.00,"19,796.87"
ID13932,07-Jan-2026,Direct Deposit,"3,337.32",0.00,"47,329.70"
ID13932,06-Feb-2026,Interest,474.70,0.00,"94,868.79"
ID13932,23-Feb-2026,Transfer,0.00,82.51,"1,749.13"
ID13933,02-Apr-2026,Transfer,0.00,671.86,"72,569.50"
ID13933,30-Mar-2026,Transfer,767.97,0.00,"15,656.57"
ID13933,08-Jan-2026,ATM Withdrawal,0.00,212.94,"38,603.40"
ID13933,30-Jan-2026,ATM Withdrawal,0.00,741.76,"80,014.65"
ID13933,15-Feb-2026,Direct Deposit,"1,193.22",0.00,"42,775.60"
ID13933,26-Feb-2026,Charge,0.00,859.10,"34,720.15"
ID13933,18-Feb-2026,Reversal,0.00,106.31,"81,862.77"
ID13933,04-Jan-2026,Interest,72.45,0.00,"14,737.03"
ID13933,08-Feb-2026,Reversal,345.13,0.00,"30,053.50"
ID13933,26-Feb-2026,Payment,986.30,0.00,"60,270.80"
ID13933,27-Mar-2026,Transfer,887.22,0.00,"17,918.64"
ID13933,27-Jan-2026,Payment,525.87,0.00,"24,713.34"
ID13933,28-Jan-2026,Reversal,0.00,98.85,"53,871.96"
ID13933,31-Jan-2026,Charge,0.00,715.85,"18,691.73"
ID13933,02-Mar-2026,ATM Withdrawal,0.00,903.86,"40,831.02"
ID13933,06-Feb-2026,ATM Withdrawal,0.00,379.26,"32,797.66"
ID13933,05-Mar-2026,Transfer,0.00,799.39,"5,629.97"
ID13933,30-Jan-2026,Direct Deposit,"1,505.08",0.00,"17,800.98"
ID13933,25-Feb-2026,Charge,0.00,774.77,"16,655.66"
ID13933,30-Mar-2026,Charge,0.00,544.08,"71,193.25"
ID13934,08-Feb-2026,Reversal,0.00,"1,234.29","25,415.79"
ID13934,31-Jan-2026,Reversal,0.00,405.16,"58,283.06"
ID13934,05-Mar-2026,ATM Withdrawal,0.00,720.70,"91,470.26"
ID13934,02-Feb-2026,Debit Card,0.00,99.50,"25,471.49"
ID13934,03-Jan-2026,Direct Deposit,"4,466.17",0.00,"24,785.99"
ID13934,10-Feb-2026,Reversal,0.00,150.02,"91,192.18"
ID13934,12-Mar-2026,Payment,"1,153.60",0.00,"20,101.47"
ID13934,10-Jan-2026,Charge,0.00,841.21,"44,203.99"
ID13934,23-Feb-2026,Charge,0.00,222.31,"96,471.77"
ID13934,03-Feb-2026,Transfer,0.00,982.63,"42,935.87"
ID13934,15-Mar-2026,Transfer,0.00,"1,369.35","58,796.13"
ID13934,29-Mar-2026,Interest,302.75,0.00,"9,611.05"
ID13934,28-Feb-2026,Payment,0.00,"1,069.79","72,019.42"
ID13934,19-Mar-2026,Interest,356.74,0.00,"75,233.88"
ID13934,14-Mar-2026,Charge,0.00,165.02,"41,008.67"
ID13934,27-Jan-2026,Transfer,824.23,0.00,"29,403.63"
ID13934,13-Mar-2026,Debit Card,0.00,707.96,"4,290.73"
ID13934,27-Jan-2026,Transfer,640.17,0.00,"47,888.86"
ID13934,26-Jan-2026,Interest,115.02,0.00,"65,379.93"
ID13934,15-Feb-2026,ATM Withdrawal,0.00,634.45,"72,027.97"
ID13935,12-Mar-2026,Interest,323.31,0.00,"66,552.94"
ID13935,03-Jan-2026,Reversal,"1,110.09",0.00,"94,983.06"
ID13935,23-Feb-2026,Charge,0.00,240.93,"8,998.48"
ID13935,13-Jan-2026,Transfer,199.24,0.00,"11,988.50"
ID13935,05-Jan-2026,Interest,235.35,0.00,"9,804.33"
ID13935,13-Jan-2026,Payment,688.07,0.00,"91,235.86"
ID13935,16-Jan-2026,Debit Card,0.00,880.16,"48,221.20"
ID13935,08-Jan-2026,Interest,477.70,0.00,"54,504.17"
ID13935,29-Mar-2026,Direct Deposit,"4,508.67",0.00,"79,659.52"
ID13935,23-Feb-2026,Charge,0.00,213.73,"8,199.13"
ID13935,14-Jan-2026,Direct Deposit,990.85,0.00,"58,609.14"
ID13935,02-Mar-2026,ATM Withdrawal,0.00,185.68,"28,308.39"
ID13935,26-Feb-2026,Charge,0.00,447.02,"65,474.56"
ID13935,04-Mar-2026,Reversal,0.00,906.79,"21,850.69"
ID13935,10-Mar-2026,Direct Deposit,"2,464.53",0.00,"73,330.32"
ID13935,09-Feb-2026,Payment,0.00,908.67,"63,882.68"
ID13935,21-Jan-2026,Transfer,0.00,574.88,"52,316.15"
ID13935,04-Feb-2026,Reversal,"1,170.57",0.00,"78,176.51"
ID13935,17-Mar-2026,Direct Deposit,"4,705.31",0.00,"44,965.53"
ID13935,03-Apr-2026,Transfer,"1,965.06",0.00,"7,386.97"
ID13936,05-Feb-2026,Charge,0.00,101.25,"8,488.24"
ID13936,14-Jan-2026,Charge,0.00,412.91,"4,838.14"
ID13936,20-Feb-2026,Interest,486.67,0.00,"43,164.86"
ID13936,24-Feb-2026,Transfer,0.00,"1,266.75","19,442.01"
ID13936,09-Jan-2026,Debit Card,0.00,748.82,"6,728.60"
ID13936,09-Feb-2026,ATM Withdrawal,0.00,667.27,"99,962.76"
ID13936,31-Mar-2026,Interest,257.08,0.00,"4,362.87"
ID13936,28-Feb-2026,Direct Deposit,"3,928.82",0.00,"13,073.04"
ID13936,03-Jan-2026,Transfer,0.00,213.03,"10,862.15"
ID13936,22-Feb-2026,Transfer,0.00,835.09,"25,332.55"
ID13936,31-Jan-2026,ATM Withdrawal,0.00,405.16,"95,725.34"
ID13936,29-Jan-2026,Direct Deposit,"2,984.89",0.00,"8,588.47"
ID13936,11-Jan-2026,Transfer,"1,669.48",0.00,"51,608.21"
ID13936,21-Feb-2026,Reversal,377.95,0.00,"77,922.26"
ID13936,10-Feb-2026,Interest,145.72,0.00,"58,451.93"
ID13936,26-Jan-2026,Transfer,0.00,288.20,"30,613.33"
ID13936,03-Mar-2026,Reversal,"1,047.77",0.00,"67,177.82"
ID13936,30-Mar-2026,Payment,0.00,254.86,"74,733.13"
ID13936,03-Mar-2026,Reversal,749.36,0.00,"53,412.42"
ID13936,06-Feb-2026,Reversal,"1,153.13",0.00,"84,159.50"
ID13937,16-Mar-2026,Reversal,656.16,0.00,"50,779.20"
ID13937,04-Jan-2026,Charge,0.00,510.05,"10,036.13"
ID13937,20-Feb-2026,Reversal,0.00,"1,284.54","11,290.91"
ID13937,13-Mar-2026,Interest,198.76,0.00,"19,188.13"
ID13937,07-Mar-2026,ATM Withdrawal,0.00,802.65,"87,214.64"
ID13937,08-Feb-2026,Interest,55.66,0.00,"59,203.31"
ID13937,22-Feb-2026,Payment,534.78,0.00,"24,788.98"
ID13937,11-Jan-2026,Reversal,0.00,"1,335.50","21,535.53"
ID13937,11-Mar-2026,ATM Withdrawal,0.00,953.10,"22,310.54"
ID13937,04-Mar-2026,Payment,"1,116.78",0.00,"80,853.85"
ID13937,25-Jan-2026,Interest,387.36,0.00,"64,538.27"
ID13937,29-Mar-2026,Payment,0.00,"1,373.57","95,354.85"
ID13937,31-Mar-2026,Payment,"1,949.38",0.00,"9,465.47"
ID13937,16-Mar-2026,Transfer,504.09,0.00,"88,558.83"
ID13937,08-Feb-2026,Debit Card,0.00,94.17,"56,565.10"
ID13937,04-Jan-2026,Charge,0.00,215.10,"37,773.55"
ID13937,15-Jan-2026,Direct Deposit,"3,905.29",0.00,"66,166.37"
ID13937,14-Jan-2026,Debit Card,0.00,962.31,"55,506.45"
ID13937,08-Jan-2026,Debit Card,0.00,702.23,"30,709.30"
ID13937,29-Jan-2026,ATM Withdrawal,0.00,405.05,"9,665.92"
ID13938,28-Jan-2026,Direct Deposit,"2,163.91",0.00,"41,607.21"
ID13938,05-Feb-2026,Debit Card,0.00,448.66,"65,582.13"
ID13938,17-Feb-2026,Payment,"1,421.67",0.00,"14,052.98"
ID13938,26-Jan-2026,Payment,549.05,0.00,"42,817.46"
ID13938,09-Mar-2026,ATM Withdrawal,0.00,713.67,"68,385.85"
ID13938,07-Mar-2026,Transfer,0.00,570.83,"12,671.09"
ID13938,19-Mar-2026,Payment,0.00,798.31,"15,017.60"
ID13938,24-Jan-2026,Payment,"1,683.80",0.00,"12,570.17"
ID13938,25-Mar-2026,Reversal,207.86,0.00,"69,465.19"
ID13938,12-Mar-2026,Direct Deposit,"4,778.41",0.00,"83,613.12"
ID13938,09-Feb-2026,ATM Withdrawal,0.00,35.23,"82,083.50"
ID13938,16-Jan-2026,ATM Withdrawal,0.00,102.98,"66,845.07"
ID13938,31-Jan-2026,Debit Card,0.00,14.67,"48,040.09"
ID13938,02-Feb-2026,ATM Withdrawal,0.00,183.99,"77,983.02"
ID13938,19-Mar-2026,Charge,0.00,404.41,"73,465.59"
ID13938,11-Mar-2026,Transfer,"1,323.46",0.00,"81,279.51"
ID13938,18-Mar-2026,Reversal,"1,098.21",0.00,"77,819.68"
ID13938,04-Mar-2026,ATM Withdrawal,0.00,925.28,"33,242.92"
ID13938,07-Jan-2026,Payment,"1,756.85",0.00,"54,768.98"
ID13938,02-Mar-2026,Charge,0.00,769.64,"31,965.71"
ID13939,01-Mar-2026,Payment,"1,155.95",0.00,"95,441.89"
ID13939,17-Jan-2026,Interest,12.86,0.00,"27,445.26"
ID13939,08-Mar-2026,Transfer,510.26,0.00,"17,060.57"
ID13939,29-Mar-2026,Transfer,"1,964.85",0.00,"57,590.60"
ID13939,11-Feb-2026,Reversal,0.00,"1,033.40","29,547.76"
ID13939,18-Feb-2026,ATM Withdrawal,0.00,358.69,"48,763.08"
ID13939,18-Mar-2026,Charge,0.00,849.90,"53,099.08"
ID13939,03-Mar-2026,Debit Card,0.00,814.92,"52,304.12"
ID13939,07-Mar-2026,Debit Card,0.00,230.88,"94,388.02"
ID13939,09-Mar-2026,Charge,0.00,181.01,"33,580.54"
ID13939,09-Feb-2026,Reversal,0.00,388.08,"95,356.99"
ID13939,17-Mar-2026,Reversal,0.00,"1,210.80","46,963.64"
ID13939,20-Feb-2026,Reversal,0.00,860.60,"38,584.96"
ID13939,18-Jan-2026,Charge,0.00,176.21,"27,616.23"
ID13939,29-Mar-2026,ATM Withdrawal,0.00,960.64,"76,656.62"
ID13939,04-Jan-2026,Payment,0.00,589.31,"24,026.54"
ID13939,23-Feb-2026,Charge,0.00,186.96,"74,459.04"
ID13939,22-Feb-2026,Direct Deposit,"1,629.05",0.00,"1,786.33"
ID13939,04-Feb-2026,Direct Deposit,"2,348.92",0.00,"69,266.61"
ID13939,26-Feb-2026,Direct Deposit,"2,887.04",0.00,"64,253.59"
ID13940,06-Jan-2026,Direct Deposit,"2,789.89",0.00,"60,318.37"
ID13940,16-Jan-2026,ATM Withdrawal,0.00,752.86,"89,342.27"
ID13940,03-Jan-2026,Payment,0.00,"1,162.02","95,338.65"
ID13940,22-Jan-2026,Charge,0.00,523.77,"55,923.81"
ID13940,26-Jan-2026,Transfer,292.51,0.00,"87,044.62"
ID13940,27-Jan-2026,Payment,0.00,314.06,"81,287.98"
ID13940,14-Feb-2026,Charge,0.00,487.77,"99,119.45"
ID13940,26-Mar-2026,ATM Withdrawal,0.00,102.05,"58,574.83"
ID13940,25-Jan-2026,Direct Deposit,810.47,0.00,"38,448.59"
ID13940,25-Mar-2026,Charge,0.00,288.20,"93,157.18"
ID13940,09-Feb-2026,Reversal,0.00,"1,319.26","80,959.62"
ID13940,25-Feb-2026,Transfer,"1,094.01",0.00,"13,524.26"
ID13940,04-Jan-2026,Transfer,0.00,918.38,"42,206.21"
ID13940,18-Mar-2026,ATM Withdrawal,0.00,69.46,"15,339.11"
ID13940,18-Feb-2026,Transfer,0.00,582.10,"72,547.93"
ID13940,13-Mar-2026,Charge,0.00,907.87,"88,924.92"
ID13940,06-Feb-2026,Debit Card,0.00,810.75,"60,798.86"
ID13940,02-Apr-2026,Interest,487.21,0.00,"16,712.19"
ID13940,02-Apr-2026,Payment,588.39,0.00,"11,318.16"
ID13940,14-Mar-2026,Direct Deposit,"2,895.16",0.00,"3,957.66"
ID13941,27-Jan-2026,Reversal,0.00,453.33,"61,978.38"
ID13941,05-Mar-2026,Reversal,"1,945.84",0.00,"75,614.57"
ID13941,01-Mar-2026,Debit Card,0.00,593.03,"73,316.79"
ID13941,28-Feb-2026,Debit Card,0.00,154.31,"1,205.89"
ID13941,10-Feb-2026,Reversal,0.00,427.61,"47,870.01"
ID13941,20-Feb-2026,Reversal,0.00,55.01,"75,841.98"
ID13941,09-Jan-2026,Reversal,0.00,"1,469.72","30,391.14"
ID13941,14-Feb-2026,Payment,"1,261.75",0.00,"7,384.61"
ID13941,23-Feb-2026,Transfer,799.87,0.00,"26,281.22"
ID13941,23-Mar-2026,ATM Withdrawal,0.00,703.25,"48,160.94"
ID13941,08-Jan-2026,Payment,0.00,956.77,"85,031.73"
ID13941,08-Mar-2026,Direct Deposit,736.73,0.00,"90,748.37"
ID13941,27-Jan-2026,Direct Deposit,"2,680.07",0.00,"74,542.70"
ID13941,12-Jan-2026,Payment,719.35,0.00,"6,997.22"
ID13941,22-Feb-2026,Direct Deposit,"1,567.01",0.00,"13,847.48"
ID13941,02-Feb-2026,Direct Deposit,"3,725.74",0.00,"21,305.52"
ID13941,04-Mar-2026,Debit Card,0.00,690.45,"11,461.81"
ID13941,04-Feb-2026,Payment,978.21,0.00,"33,518.72"
ID13941,21-Jan-2026,Reversal,0.00,"1,341.73","37,690.98"
ID13941,18-Mar-2026,Payment,503.09,0.00,"72,271.26"
ID13942,11-Feb-2026,Interest,213.21,0.00,"18,041.63"
ID13942,06-Feb-2026,Payment,0.00,382.42,"32,561.87"
ID13942,06-Mar-2026,Interest,277.60,0.00,"5,215.33"
ID13942,20-Mar-2026,Transfer,0.00,"1,133.27","81,192.88"
ID13942,28-Jan-2026,Transfer,0.00,866.55,"85,149.88"
ID13942,11-Feb-2026,Reversal,0.00,764.25,"9,533.90"
ID13942,16-Jan-2026,Interest,174.60,0.00,"25,248.92"
ID13942,05-Jan-2026,Interest,150.84,0.00,"13,362.62"
ID13942,26-Jan-2026,Payment,0.00,429.67,"37,409.19"
ID13942,26-Feb-2026,Transfer,0.00,644.11,"33,201.83"
ID13942,18-Jan-2026,Charge,0.00,812.13,"25,347.82"
ID13942,02-Mar-2026,ATM Withdrawal,0.00,463.70,"3,430.29"
ID13942,07-Jan-2026,Charge,0.00,779.32,"87,319.63"
ID13942,03-Feb-2026,Direct Deposit,"3,347.71",0.00,"47,114.24"
ID13942,04-Mar-2026,Reversal,0.00,668.65,"54,840.55"
ID13942,17-Mar-2026,Charge,0.00,574.53,"65,662.56"
ID13942,27-Jan-2026,Reversal,"1,734.96",0.00,"67,663.22"
ID13942,04-Feb-2026,Payment,635.49,0.00,"96,840.38"
ID13942,12-Mar-2026,ATM Withdrawal,0.00,866.45,"37,773.00"
ID13942,31-Jan-2026,Charge,0.00,982.25,"37,168.23"
ID13943,07-Mar-2026,ATM Withdrawal,0.00,252.99,"65,163.11"
ID13943,15-Feb-2026,ATM Withdrawal,0.00,794.46,"12,074.09"
ID13943,08-Jan-2026,Debit Card,0.00,469.23,"18,385.04"
ID13943,23-Mar-2026,Interest,333.37,0.00,"39,560.03"
ID13943,15-Mar-2026,ATM Withdrawal,0.00,169.05,"80,180.22"
ID13943,09-Mar-2026,Debit Card,0.00,625.47,"59,475.57"
ID13943,14-Jan-2026,Direct Deposit,"3,733.74",0.00,"24,524.18"
ID13943,25-Feb-2026,Charge,0.00,993.30,"71,786.77"
ID13943,07-Jan-2026,Payment,287.66,0.00,"82,233.48"
ID13943,07-Feb-2026,Interest,356.10,0.00,"97,064.26"
ID13943,29-Jan-2026,Interest,373.99,0.00,"40,362.44"
ID13943,15-Jan-2026,Interest,151.24,0.00,"41,562.12"
ID13943,03-Apr-2026,Payment,"1,023.81",0.00,"11,151.26"
ID13943,28-Jan-2026,Transfer,"1,345.17",0.00,"8,717.30"
ID13943,05-Mar-2026,Interest,341.14,0.00,"28,421.30"
ID13943,26-Feb-2026,Interest,246.51,0.00,"76,670.16"
ID13943,07-Jan-2026,Charge,0.00,972.03,"22,432.23"
ID13943,21-Mar-2026,Reversal,0.00,"1,367.93","9,312.55"
ID13943,16-Jan-2026,Interest,204.30,0.00,"75,599.44"
ID13943,18-Jan-2026,Direct Deposit,"4,988.96",0.00,"91,939.40"
ID13944,20-Feb-2026,Interest,175.55,0.00,"23,950.91"
ID13944,07-Jan-2026,Payment,0.00,"1,411.42","93,469.04"
ID13944,18-Mar-2026,Charge,0.00,945.45,"35,686.83"
ID13944,14-Feb-2026,Charge,0.00,239.01,"61,070.11"
ID13944,31-Mar-2026,ATM Withdrawal,0.00,890.77,"63,299.50"
ID13944,19-Mar-2026,Payment,0.00,425.99,"4,185.83"
ID13944,20-Mar-2026,ATM Withdrawal,0.00,357.44,"64,877.92"
ID13944,01-Feb-2026,Charge,0.00,726.34,"63,209.56"
ID13944,16-Feb-2026,Debit Card,0.00,188.58,"81,310.45"
ID13944,01-Apr-2026,Payment,0.00,702.31,"23,095.29"
ID13944,11-Mar-2026,Debit Card,0.00,543.65,"35,706.18"
ID13944,23-Feb-2026,Charge,0.00,254.45,"38,964.66"
ID13944,23-Feb-2026,Payment,"1,380.89",0.00,"22,788.82"
ID13944,05-Jan-2026,Interest,219.13,0.00,"74,372.26"
ID13944,04-Feb-2026,ATM Withdrawal,0.00,234.09,"75,407.37"
ID13944,26-Feb-2026,Interest,36.80,0.00,"41,442.18"
ID13944,22-Feb-2026,Transfer,"1,549.39",0.00,"55,003.56"
ID13944,07-Feb-2026,Transfer,732.23,0.00,"13,715.96"
ID13944,21-Mar-2026,Interest,339.53,0.00,"69,087.74"
ID13944,19-Feb-2026,Reversal,0.00,678.25,"35,754.74"
ID13945,06-Jan-2026,Debit Card,0.00,248.56,"81,186.67"
ID13945,14-Jan-2026,Debit Card,0.00,344.74,"3,112.89"
ID13945,21-Mar-2026,ATM Withdrawal,0.00,267.87,"73,563.53"
ID13945,28-Jan-2026,Payment,"1,919.49",0.00,"90,468.37"
ID13945,14-Jan-2026,Debit Card,0.00,178.25,"63,505.95"
ID13945,26-Mar-2026,Charge,0.00,722.53,"85,701.40"
ID13945,07-Mar-2026,Transfer,841.19,0.00,"51,750.67"
ID13945,06-Jan-2026,Direct Deposit,576.10,0.00,"15,653.02"
ID13945,10-Feb-2026,Transfer,0.00,"1,343.04","59,446.26"
ID13945,20-Feb-2026,Payment,"1,249.28",0.00,"85,709.48"
ID13945,01-Apr-2026,Direct Deposit,"2,353.16",0.00,"74,881.85"
ID13945,06-Mar-2026,Charge,0.00,341.91,"42,756.08"
ID13945,22-Feb-2026,Charge,0.00,931.41,"41,140.03"
ID13945,09-Mar-2026,Interest,125.30,0.00,"53,323.10"
ID13945,01-Apr-2026,Transfer,"1,025.36",0.00,"54,510.96"
ID13945,06-Feb-2026,Debit Card,0.00,245.52,"62,455.54"
ID13945,25-Jan-2026,Interest,238.60,0.00,"89,897.53"
ID13945,06-Jan-2026,Charge,0.00,219.83,"80,231.91"
ID13945,27-Feb-2026,Transfer,608.35,0.00,"17,432.11"
ID13945,16-Mar-2026,Payment,0.00,371.69,"2,901.55"
ID13946,18-Feb-2026,ATM Withdrawal,0.00,396.10,"20,645.21"
ID13946,04-Feb-2026,Interest,284.08,0.00,"18,720.50"
ID13946,13-Jan-2026,Charge,0.00,227.20,"75,985.00"
ID13946,24-Jan-2026,ATM Withdrawal,0.00,80.89,"4,200.83"
ID13946,17-Feb-2026,ATM Withdrawal,0.00,712.20,"55,895.90"
ID13946,06-Feb-2026,Transfer,0.00,778.48,"50,987.67"
ID13946,14-Jan-2026,Debit Card,0.00,322.36,"69,581.56"
ID13946,08-Jan-2026,Direct Deposit,"3,395.02",0.00,"88,894.78"
ID13946,27-Mar-2026,Interest,356.24,0.00,"73,059.94"
ID13946,19-Mar-2026,Direct Deposit,"4,614.64",0.00,"82,942.93"
ID13946,28-Mar-2026,Payment,0.00,"1,184.79","11,718.97"
ID13946,08-Mar-2026,Payment,0.00,80.78,"91,258.35"
ID13946,17-Feb-2026,Payment,"1,768.55",0.00,"63,690.20"
ID13946,20-Feb-2026,Transfer,0.00,277.68,"77,426.36"
ID13946,16-Mar-2026,ATM Withdrawal,0.00,351.79,"54,160.38"
ID13946,19-Feb-2026,Charge,0.00,90.00,"10,701.88"
ID13946,19-Jan-2026,Payment,"1,927.16",0.00,"22,676.39"
ID13946,21-Feb-2026,ATM Withdrawal,0.00,883.02,"51,473.48"
ID13946,07-Mar-2026,Transfer,861.19,0.00,"46,207.88"
ID13946,05-Feb-2026,Interest,223.06,0.00,"86,167.39"
ID13947,15-Jan-2026,Payment,216.05,0.00,"70,627.55"
ID13947,07-Feb-2026,Reversal,0.00,611.02,"38,607.62"
ID13947,10-Jan-2026,Transfer,"1,170.16",0.00,"40,179.31"
ID13947,25-Jan-2026,Debit Card,0.00,624.52,"76,676.43"
ID13947,19-Jan-2026,Debit Card,0.00,683.16,"85,042.29"
ID13947,05-Mar-2026,Charge,0.00,661.67,"13,086.31"
ID13947,02-Feb-2026,Reversal,0.00,838.74,"74,116.57"
ID13947,04-Jan-2026,Direct Deposit,"2,743.62",0.00,"43,641.13"
ID13947,24-Mar-2026,Payment,0.00,225.93,"16,933.78"
ID13947,22-Feb-2026,Debit Card,0.00,837.65,"55,868.17"
ID13947,09-Feb-2026,Charge,0.00,344.35,"76,753.39"
ID13947,03-Apr-2026,Debit Card,0.00,354.27,"13,563.50"
ID13947,02-Feb-2026,Payment,0.00,702.42,"78,644.08"
ID13947,19-Mar-2026,Interest,51.68,0.00,"59,865.62"
ID13947,16-Mar-2026,ATM Withdrawal,0.00,716.52,"75,719.61"
ID13947,27-Feb-2026,Payment,705.93,0.00,"22,397.57"
ID13947,03-Mar-2026,Reversal,0.00,"1,494.69","49,370.39"
ID13947,25-Jan-2026,Reversal,"1,501.52",0.00,"65,747.00"
ID13947,07-Jan-2026,ATM Withdrawal,0.00,987.76,"4,394.58"
ID13947,25-Feb-2026,Direct Deposit,"4,209.88",0.00,"9,680.94"
ID13948,03-Apr-2026,Direct Deposit,"4,379.26",0.00,"13,428.59"
ID13948,14-Jan-2026,Charge,0.00,564.81,"8,705.06"
ID13948,14-Feb-2026,ATM Withdrawal,0.00,848.39,"56,964.99"
ID13948,06-Mar-2026,Payment,"1,905.32",0.00,"3,498.20"
ID13948,28-Mar-2026,Direct Deposit,"4,093.71",0.00,"54,785.19"
ID13948,15-Feb-2026,Debit Card,0.00,612.55,"28,854.93"
ID13948,27-Mar-2026,Interest,165.70,0.00,"65,261.13"
ID13948,11-Jan-2026,Charge,0.00,931.27,"63,726.57"
ID13948,11-Feb-2026,ATM Withdrawal,0.00,568.89,"22,278.28"
ID13948,02-Mar-2026,Reversal,0.00,931.78,"79,668.62"
ID13948,26-Jan-2026,Charge,0.00,812.47,"40,268.31"
ID13948,18-Jan-2026,Transfer,"1,761.47",0.00,"32,868.46"
ID13948,05-Jan-2026,Direct Deposit,"3,146.80",0.00,"89,710.84"
ID13948,11-Mar-2026,Debit Card,0.00,748.35,"47,158.67"
ID13948,11-Mar-2026,Reversal,"1,407.33",0.00,"60,192.46"
ID13948,05-Jan-2026,Payment,0.00,"1,355.84","66,259.70"
ID13948,30-Jan-2026,Debit Card,0.00,670.75,"75,189.13"
ID13948,08-Mar-2026,Interest,445.74,0.00,"67,757.63"
ID13948,18-Jan-2026,Debit Card,0.00,346.78,"22,386.90"
ID13948,31-Jan-2026,Reversal,163.55,0.00,"69,014.52"
ID13949,15-Mar-2026,Interest,410.54,0.00,"10,062.90"
ID13949,12-Jan-2026,Transfer,0.00,470.87,"63,530.99"
ID13949,15-Jan-2026,Debit Card,0.00,144.79,"48,817.34"
ID13949,23-Jan-2026,Interest,383.27,0.00,"54,556.23"
ID13949,24-Feb-2026,ATM Withdrawal,0.00,397.44,"65,749.45"
ID13949,09-Feb-2026,Reversal,0.00,620.27,"75,141.85"
ID13949,07-Feb-2026,ATM Withdrawal,0.00,747.82,"87,479.27"
ID13949,11-Mar-2026,Direct Deposit,742.69,0.00,"12,462.40"
ID13949,28-Mar-2026,Debit Card,0.00,773.67,"54,562.95"
ID13949,22-Jan-2026,Interest,407.91,0.00,"46,864.55"
ID13949,16-Feb-2026,Charge,0.00,37.06,"5,967.24"
ID13949,21-Feb-2026,Direct Deposit,"1,986.13",0.00,"43,237.60"
ID13949,26-Jan-2026,Interest,180.83,0.00,"29,126.87"
ID13949,11-Feb-2026,Transfer,0.00,664.99,"99,683.07"
ID13949,30-Jan-2026,ATM Withdrawal,0.00,649.71,"80,717.84"
ID13949,01-Feb-2026,Direct Deposit,"1,829.93",0.00,"59,012.98"
ID13949,09-Mar-2026,Transfer,0.00,"1,411.84","99,040.50"
ID13949,16-Jan-2026,Transfer,"1,422.28",0.00,"65,403.81"
ID13949,15-Jan-2026,Payment,0.00,"1,470.40","8,652.45"
ID13949,11-Feb-2026,Interest,157.07,0.00,"12,124.06"
ID13950,08-Mar-2026,Transfer,0.00,557.68,"85,400.16"
ID13950,16-Mar-2026,Interest,451.25,0.00,"12,144.94"
ID13950,19-Jan-2026,Charge,0.00,827.53,"36,847.06"
ID13950,09-Feb-2026,Reversal,"1,662.71",0.00,"65,433.45"
ID13950,21-Mar-2026,Interest,434.89,0.00,"23,939.81"
ID13950,16-Jan-2026,Payment,"1,399.49",0.00,"12,556.88"
ID13950,21-Mar-2026,Direct Deposit,"4,702.19",0.00,"38,929.23"
ID13950,24-Jan-2026,Payment,0.00,"1,279.43","68,724.99"
ID13950,11-Jan-2026,Interest,377.86,0.00,"48,341.18"
ID13950,30-Mar-2026,Debit Card,0.00,186.40,"94,913.41"
ID13950,28-Feb-2026,Payment,549.12,0.00,"6,750.59"
ID13950,19-Mar-2026,Payment,0.00,363.61,"73,510.64"
ID13950,08-Jan-2026,Interest,405.81,0.00,"13,325.17"
ID13950,29-Jan-2026,Interest,426.44,0.00,"37,452.46"
ID13950,16-Feb-2026,Direct Deposit,811.54,0.00,"42,455.64"
ID13950,21-Feb-2026,Reversal,0.00,"1,052.77","60,815.93"
ID13950,25-Feb-2026,Direct Deposit,"4,268.54",0.00,"17,602.03"
ID13950,05-Jan-2026,Reversal,0.00,274.70,"44,675.53"
ID13950,14-Jan-2026,Interest,358.03,0.00,"30,579.06"
ID13950,22-Feb-2026,Direct Deposit,"2,628.08",0.00,"45,740.51"
ID13951,09-Feb-2026,Reversal,761.91,0.00,"91,548.68"
ID13951,18-Mar-2026,Transfer,0.00,603.72,"56,210.37"
ID13951,07-Mar-2026,Payment,872.78,0.00,"9,117.69"
ID13951,29-Jan-2026,Debit Card,0.00,185.25,"87,183.52"
ID13951,10-Feb-2026,Charge,0.00,541.37,"74,045.57"
ID13951,02-Mar-2026,Debit Card,0.00,245.34,"71,034.16"
ID13951,12-Feb-2026,Transfer,0.00,"1,237.14","40,680.72"
ID13951,18-Mar-2026,Reversal,158.70,0.00,"28,544.94"
ID13951,09-Mar-2026,Reversal,0.00,"1,063.56","81,133.88"
ID13951,13-Jan-2026,Transfer,0.00,888.92,"64,151.65"
ID13951,19-Mar-2026,Debit Card,0.00,721.58,"25,784.43"
ID13951,17-Mar-2026,Payment,0.00,861.03,"21,027.59"
ID13951,26-Feb-2026,Debit Card,0.00,13.66,"82,163.73"
ID13951,22-Mar-2026,Interest,76.38,0.00,"58,928.62"
ID13951,27-Mar-2026,Interest,199.61,0.00,"14,750.72"
ID13951,07-Mar-2026,Charge,0.00,982.20,"8,673.00"
ID13951,21-Feb-2026,ATM Withdrawal,0.00,921.05,"21,912.79"
ID13951,08-Jan-2026,Reversal,"1,984.95",0.00,"8,766.70"
ID13951,10-Feb-2026,Transfer,0.00,233.06,"62,194.04"
ID13951,08-Mar-2026,Direct Deposit,"3,222.39",0.00,"49,023.03"
ID13952,26-Jan-2026,Payment,0.00,"1,307.61","67,543.39"
ID13952,17-Jan-2026,Interest,263.76,0.00,"81,420.64"
ID13952,13-Mar-2026,Direct Deposit,"2,495.39",0.00,"75,419.51"
ID13952,16-Mar-2026,Direct Deposit,"4,299.02",0.00,"19,749.32"
ID13952,16-Jan-2026,Payment,"1,229.79",0.00,"6,695.24"
ID13952,07-Mar-2026,Reversal,177.56,0.00,"68,985.83"
ID13952,15-Jan-2026,Transfer,0.00,268.00,"22,249.56"
ID13952,24-Mar-2026,Direct Deposit,"1,185.99",0.00,"41,350.45"
ID13952,25-Mar-2026,Interest,417.49,0.00,"76,576.19"
ID13952,09-Jan-2026,Direct Deposit,"3,527.62",0.00,"24,009.27"
ID13952,24-Feb-2026,Debit Card,0.00,975.33,"80,552.65"
ID13952,25-Feb-2026,ATM Withdrawal,0.00,63.22,"8,663.64"
ID13952,20-Jan-2026,Direct Deposit,"3,844.17",0.00,"31,239.88"
ID13952,08-Jan-2026,Transfer,0.00,116.71,"50,706.84"
ID13952,06-Feb-2026,Payment,"1,508.68",0.00,"98,648.40"
ID13952,05-Mar-2026,Transfer,0.00,944.17,"50,482.60"
ID13952,14-Mar-2026,Direct Deposit,"1,006.59",0.00,"99,100.61"
ID13952,28-Feb-2026,Payment,0.00,"1,248.79","82,009.93"
ID13952,03-Mar-2026,Interest,287.17,0.00,"70,624.15"
ID13952,09-Mar-2026,ATM Withdrawal,0.00,975.31,"62,979.03"
ID13953,09-Feb-2026,Payment,0.00,"1,147.74","98,533.29"
ID13953,22-Feb-2026,ATM Withdrawal,0.00,848.79,"23,374.99"
ID13953,07-Mar-2026,Direct Deposit,"4,389.91",0.00,"95,049.57"
ID13953,22-Jan-2026,Debit Card,0.00,19.40,"41,598.67"
ID13953,01-Mar-2026,Direct Deposit,"3,427.71",0.00,"63,467.31"
ID13953,06-Jan-2026,Payment,0.00,494.85,"17,352.39"
ID13953,05-Mar-2026,Reversal,"1,824.29",0.00,"51,609.47"
ID13953,03-Feb-2026,Payment,0.00,"1,444.72","58,975.74"
ID13953,11-Jan-2026,Debit Card,0.00,387.12,"8,594.64"
ID13953,15-Mar-2026,Direct Deposit,"4,072.80",0.00,"93,985.01"
ID13953,06-Feb-2026,Transfer,0.00,617.67,"41,505.74"
ID13953,24-Feb-2026,Interest,400.35,0.00,"21,126.83"
ID13953,10-Jan-2026,Interest,185.47,0.00,"63,442.09"
ID13953,19-Mar-2026,Charge,0.00,634.30,"56,623.16"
ID13953,23-Mar-2026,Interest,369.24,0.00,"19,986.39"
ID13953,31-Mar-2026,Transfer,0.00,170.18,"72,921.17"
ID13953,06-Feb-2026,ATM Withdrawal,0.00,100.07,"82,668.45"
ID13953,12-Mar-2026,ATM Withdrawal,0.00,225.89,"95,662.53"
ID13953,07-Jan-2026,Direct Deposit,"2,943.38",0.00,"95,212.56"
ID13953,11-Jan-2026,Reversal,0.00,106.41,"35,298.65"
ID13954,21-Jan-2026,Payment,0.00,317.60,"90,921.55"
ID13954,22-Mar-2026,Reversal,660.66,0.00,"70,083.61"
ID13954,24-Feb-2026,Payment,307.57,0.00,"66,285.22"
ID13954,25-Jan-2026,Debit Card,0.00,305.46,"60,440.15"
ID13954,03-Apr-2026,Payment,0.00,785.99,"4,614.87"
ID13954,06-Jan-2026,Interest,363.39,0.00,"56,510.43"
ID13954,06-Feb-2026,Transfer,437.72,0.00,"91,298.62"
ID13954,25-Feb-2026,Direct Deposit,"3,720.72",0.00,"60,022.17"
ID13954,11-Mar-2026,Transfer,"1,219.02",0.00,"13,448.34"
ID13954,01-Feb-2026,ATM Withdrawal,0.00,937.60,"45,346.79"
ID13954,05-Jan-2026,Transfer,"1,368.17",0.00,"23,458.36"
ID13954,01-Apr-2026,ATM Withdrawal,0.00,597.56,"20,817.17"
ID13954,16-Jan-2026,ATM Withdrawal,0.00,277.46,"86,075.23"
ID13954,31-Jan-2026,Charge,0.00,551.14,"75,365.20"
ID13954,28-Mar-2026,Payment,0.00,"1,273.44","96,810.43"
ID13954,21-Feb-2026,ATM Withdrawal,0.00,454.91,"99,114.04"
ID13954,11-Mar-2026,Debit Card,0.00,782.27,"93,250.20"
ID13954,22-Jan-2026,Reversal,380.25,0.00,"61,818.40"
ID13954,18-Feb-2026,Payment,0.00,743.12,"56,289.03"
ID13954,11-Mar-2026,Payment,703.35,0.00,"66,167.67"
ID13955,13-Jan-2026,Reversal,921.28,0.00,"7,410.75"
ID13955,25-Jan-2026,Transfer,"1,067.86",0.00,"60,112.40"
ID13955,08-Feb-2026,Charge,0.00,398.56,"56,358.57"
ID13955,25-Mar-2026,ATM Withdrawal,0.00,146.85,"71,080.62"
ID13955,05-Feb-2026,Direct Deposit,"2,354.14",0.00,"45,179.08"
ID13955,21-Jan-2026,Interest,143.00,0.00,"64,726.79"
ID13955,03-Mar-2026,ATM Withdrawal,0.00,918.06,"66,661.92"
ID13955,06-Mar-2026,Direct Deposit,"3,311.16",0.00,"98,360.86"
ID13955,21-Feb-2026,Interest,250.94,0.00,"8,821.35"
ID13955,23-Mar-2026,Reversal,0.00,"1,238.10","48,155.68"
ID13955,01-Mar-2026,Direct Deposit,"3,988.33",0.00,"8,440.69"
ID13955,23-Mar-2026,Debit Card,0.00,280.90,"86,396.20"
ID13955,03-Jan-2026,Debit Card,0.00,840.70,"32,969.43"
ID13955,23-Jan-2026,Charge,0.00,391.37,"15,329.69"
ID13955,19-Jan-2026,Reversal,"1,019.94",0.00,"23,792.25"
ID13955,30-Jan-2026,Interest,235.37,0.00,"60,783.45"
ID13955,03-Jan-2026,Interest,252.18,0.00,"34,456.78"
ID13955,27-Mar-2026,Reversal,0.00,247.66,"51,881.63"
ID13955,19-Mar-2026,Transfer,"1,410.02",0.00,"4,287.05"
ID13955,24-Jan-2026,Direct Deposit,"1,829.17",0.00,"92,550.15"
ID13956,27-Jan-2026,Charge,0.00,376.21,"92,840.05"
ID13956,07-Feb-2026,Reversal,514.23,0.00,"78,960.27"
ID13956,22-Mar-2026,Reversal,933.80,0.00,"12,951.74"
ID13956,07-Mar-2026,Direct Deposit,"4,520.46",0.00,"37,170.75"
ID13956,22-Feb-2026,Payment,"1,557.44",0.00,"22,231.69"
ID13956,08-Feb-2026,Reversal,0.00,937.08,"66,788.43"
ID13956,01-Mar-2026,Payment,0.00,382.39,"54,751.95"
ID13956,12-Jan-2026,Charge,0.00,46.12,"91,624.43"
ID13956,15-Feb-2026,Direct Deposit,"1,811.82",0.00,"73,683.01"
ID13956,20-Mar-2026,Reversal,0.00,836.21,"60,621.66"
ID13956,18-Mar-2026,ATM Withdrawal,0.00,189.23,"15,285.41"
ID13956,27-Jan-2026,Debit Card,0.00,194.67,"76,420.17"
ID13956,07-Mar-2026,Charge,0.00,979.73,"27,847.59"
ID13956,08-Mar-2026,Direct Deposit,"1,322.06",0.00,"18,972.64"
ID13956,17-Mar-2026,Payment,834.90,0.00,"7,244.23"
ID13956,28-Jan-2026,Direct Deposit,"4,304.49",0.00,"45,530.09"
ID13956,17-Jan-2026,Direct Deposit,"4,994.98",0.00,"95,489.42"
ID13956,05-Jan-2026,Debit Card,0.00,81.68,"58,188.80"
ID13956,12-Feb-2026,Interest,31.57,0.00,"5,496.15"
ID13956,07-Jan-2026,Payment,0.00,"1,446.66","94,058.09"
ID13957,27-Mar-2026,Charge,0.00,145.80,"27,357.86"
ID13957,18-Feb-2026,Reversal,316.11,0.00,"88,465.67"
ID13957,03-Apr-2026,Direct Deposit,"4,407.23",0.00,"17,580.98"
ID13957,07-Jan-2026,Interest,163.28,0.00,"71,825.10"
ID13957,31-Mar-2026,Debit Card,0.00,908.45,"18,289.43"
ID13957,25-Feb-2026,Direct Deposit,"3,083.81",0.00,"77,132.38"
ID13957,29-Jan-2026,Direct Deposit,"4,693.79",0.00,"79,252.29"
ID13957,06-Feb-2026,Transfer,0.00,"1,291.09","6,261.70"
ID13957,21-Jan-2026,Direct Deposit,"2,759.77",0.00,"58,343.32"
ID13957,22-Mar-2026,ATM Withdrawal,0.00,197.92,"65,817.53"
ID13957,27-Jan-2026,Payment,"1,811.75",0.00,"78,485.55"
ID13957,29-Jan-2026,Charge,0.00,771.80,"88,101.55"
ID13957,28-Jan-2026,ATM Withdrawal,0.00,340.45,"99,534.62"
ID13957,03-Mar-2026,Direct Deposit,"2,082.57",0.00,"30,363.29"
ID13957,19-Mar-2026,Direct Deposit,"2,674.35",0.00,"6,917.05"
ID13957,15-Jan-2026,Debit Card,0.00,691.15,"94,572.25"
ID13957,18-Mar-2026,Debit Card,0.00,677.76,"88,461.82"
ID13957,31-Jan-2026,Payment,0.00,"1,276.88","31,182.12"
ID13957,14-Mar-2026,Debit Card,0.00,853.35,"91,577.57"
ID13957,10-Mar-2026,Debit Card,0.00,340.62,"59,828.81"
ID13958,05-Mar-2026,Charge,0.00,365.89,"15,350.07"
ID13958,10-Feb-2026,Interest,418.65,0.00,"60,533.90"
ID13958,10-Jan-2026,Interest,261.70,0.00,"51,947.93"
ID13958,26-Feb-2026,Interest,371.80,0.00,"11,351.90"
ID13958,10-Mar-2026,Transfer,377.66,0.00,"38,527.63"
ID13958,28-Feb-2026,Reversal,0.00,"1,179.71","69,130.30"
ID13958,21-Feb-2026,Charge,0.00,573.84,"96,377.95"
ID13958,06-Feb-2026,Payment,0.00,273.02,"45,416.86"
ID13958,11-Mar-2026,Reversal,"1,960.98",0.00,"79,779.36"
ID13958,13-Feb-2026,Transfer,0.00,722.50,"60,792.06"
ID13958,10-Feb-2026,Transfer,"1,403.27",0.00,"12,351.35"
ID13958,03-Jan-2026,Debit Card,0.00,33.89,"49,152.91"
ID13958,08-Jan-2026,Payment,0.00,635.34,"10,446.11"
ID13958,19-Mar-2026,Interest,30.19,0.00,"24,415.06"
ID13958,24-Feb-2026,Payment,"1,084.85",0.00,"6,873.84"
ID13958,08-Feb-2026,Charge,0.00,410.89,"13,496.70"
ID13958,01-Apr-2026,Interest,308.95,0.00,"89,401.16"
ID13958,23-Mar-2026,Direct Deposit,"1,512.87",0.00,"84,837.05"
ID13958,19-Feb-2026,Reversal,0.00,168.66,"96,240.85"
ID13958,18-Mar-2026,Payment,821.15,0.00,"2,187.06"
ID13959,26-Mar-2026,Transfer,0.00,653.61,"92,813.90"
ID13959,05-Jan-2026,Interest,298.85,0.00,"84,767.65"
ID13959,14-Feb-2026,Transfer,100.34,0.00,"85,112.76"
ID13959,29-Jan-2026,Direct Deposit,"4,042.37",0.00,"80,081.62"
ID13959,26-Jan-2026,Direct Deposit,"3,956.49",0.00,"83,628.65"
ID13959,10-Feb-2026,Transfer,420.24,0.00,"32,492.51"
ID13959,03-Feb-2026,Transfer,526.19,0.00,"35,933.87"
ID13959,31-Jan-2026,Charge,0.00,81.92,"99,391.15"
ID13959,09-Jan-2026,Debit Card,0.00,440.18,"45,035.34"
ID13959,31-Jan-2026,Transfer,0.00,851.45,"42,732.63"
ID13959,14-Mar-2026,Charge,0.00,946.00,"49,341.49"
ID13959,27-Jan-2026,ATM Withdrawal,0.00,146.75,"69,041.86"
ID13959,24-Mar-2026,Reversal,0.00,407.13,"17,481.62"
ID13959,03-Jan-2026,Direct Deposit,"1,924.73",0.00,"56,945.28"
ID13959,23-Jan-2026,ATM Withdrawal,0.00,910.62,"78,730.08"
ID13959,24-Feb-2026,Debit Card,0.00,641.05,"54,377.81"
ID13959,13-Mar-2026,Direct Deposit,"2,488.26",0.00,"72,249.41"
ID13959,26-Jan-2026,Direct Deposit,"1,335.95",0.00,"24,301.84"
ID13959,24-Feb-2026,Transfer,552.81,0.00,"71,790.94"
ID13959,10-Mar-2026,Direct Deposit,"3,586.34",0.00,"1,405.67"
ID13960,02-Feb-2026,Payment,0.00,292.38,"96,273.63"
ID13960,03-Mar-2026,Transfer,320.53,0.00,"6,500.93"
ID13960,11-Jan-2026,Debit Card,0.00,341.59,"57,707.49"
ID13960,05-Jan-2026,Debit Card,0.00,345.67,"69,928.04"
ID13960,10-Mar-2026,Charge,0.00,899.46,"71,569.64"
ID13960,16-Feb-2026,Transfer,893.08,0.00,"39,890.34"
ID13960,13-Feb-2026,Charge,0.00,940.83,"80,599.63"
ID13960,27-Mar-2026,Direct Deposit,"2,257.55",0.00,"82,310.25"
ID13960,06-Mar-2026,Direct Deposit,"2,036.64",0.00,"38,794.51"
ID13960,17-Mar-2026,Charge,0.00,281.49,"83,923.61"
ID13960,31-Jan-2026,Charge,0.00,111.74,"31,271.03"
ID13960,26-Jan-2026,Transfer,"1,370.87",0.00,"57,257.66"
ID13960,21-Feb-2026,Payment,0.00,791.76,"7,557.09"
ID13960,31-Mar-2026,ATM Withdrawal,0.00,626.41,"67,337.02"
ID13960,02-Feb-2026,Direct Deposit,"3,945.08",0.00,"16,543.41"
ID13960,23-Mar-2026,Charge,0.00,360.30,"66,939.04"
ID13960,28-Jan-2026,Reversal,0.00,963.02,"87,763.20"
ID13960,07-Mar-2026,Direct Deposit,"2,997.67",0.00,"17,705.81"
ID13960,24-Feb-2026,ATM Withdrawal,0.00,324.17,"82,521.07"
ID13960,10-Jan-2026,Debit Card,0.00,190.51,"97,081.48"
ID13961,11-Feb-2026,Transfer,0.00,"1,157.78","39,961.49"
ID13961,01-Mar-2026,Reversal,"1,744.27",0.00,"75,788.80"
ID13961,14-Feb-2026,Interest,24.28,0.00,"29,977.59"
ID13961,01-Feb-2026,Debit Card,0.00,557.08,"6,570.74"
ID13961,25-Jan-2026,Payment,567.77,0.00,"57,433.57"
ID13961,28-Jan-2026,Reversal,497.43,0.00,"80,461.24"
ID13961,23-Jan-2026,ATM Withdrawal,0.00,180.50,"3,638.83"
ID13961,03-Feb-2026,Interest,18.86,0.00,"16,971.68"
ID13961,24-Jan-2026,ATM Withdrawal,0.00,891.87,"14,300.86"
ID13961,18-Mar-2026,Charge,0.00,984.64,"40,625.43"
ID13961,12-Feb-2026,Payment,263.06,0.00,"80,890.91"
ID13961,18-Feb-2026,Reversal,0.00,"1,042.09","90,977.62"
ID13961,25-Mar-2026,Direct Deposit,"3,087.22",0.00,"6,928.52"
ID13961,27-Feb-2026,Transfer,222.68,0.00,"39,955.40"
ID13961,04-Jan-2026,Reversal,"1,745.92",0.00,"74,433.25"
ID13961,07-Jan-2026,Reversal,0.00,"1,081.73","37,753.26"
ID13961,09-Mar-2026,Direct Deposit,"1,227.50",0.00,"73,642.99"
ID13961,23-Mar-2026,Debit Card,0.00,365.33,"96,608.67"
ID13961,09-Feb-2026,Interest,174.85,0.00,"56,555.89"
ID13961,03-Feb-2026,Interest,132.68,0.00,"13,770.96"
ID13962,22-Feb-2026,ATM Withdrawal,0.00,443.69,"7,218.08"
ID13962,20-Mar-2026,Debit Card,0.00,943.82,"93,801.86"
ID13962,14-Feb-2026,Reversal,"1,713.62",0.00,"87,925.35"
ID13962,27-Mar-2026,Debit Card,0.00,392.35,"31,072.91"
ID13962,21-Feb-2026,Payment,264.46,0.00,"88,502.00"
ID13962,27-Feb-2026,Debit Card,0.00,505.62,"97,434.53"
ID13962,30-Jan-2026,Debit Card,0.00,712.92,"61,822.35"
ID13962,16-Mar-2026,Interest,62.48,0.00,"73,058.24"
ID13962,21-Mar-2026,ATM Withdrawal,0.00,674.02,"29,622.42"
ID13962,25-Jan-2026,Reversal,"1,169.47",0.00,"30,206.99"
ID13962,25-Mar-2026,Charge,0.00,636.99,"59,808.17"
ID13962,17-Jan-2026,Transfer,374.80,0.00,"69,322.56"
ID13962,01-Feb-2026,Direct Deposit,"4,425.28",0.00,"89,854.68"
ID13962,20-Mar-2026,Reversal,969.46,0.00,"86,250.28"
ID13962,11-Feb-2026,Transfer,394.86,0.00,"46,729.66"
ID13962,24-Mar-2026,Debit Card,0.00,202.84,"12,384.87"
ID13962,12-Feb-2026,ATM Withdrawal,0.00,992.37,"2,555.33"
ID13962,07-Mar-2026,Direct Deposit,"2,682.06",0.00,"5,257.89"
ID13962,10-Jan-2026,Reversal,0.00,239.95,"33,190.52"
ID13962,24-Mar-2026,Payment,"1,161.94",0.00,"84,337.42"
ID13963,23-Jan-2026,Direct Deposit,"1,610.26",0.00,"68,853.36"
ID13963,11-Feb-2026,Payment,0.00,"1,464.53","7,086.91"
ID13963,24-Mar-2026,Direct Deposit,"1,894.82",0.00,"29,341.81"
ID13963,23-Feb-2026,Reversal,0.00,352.33,"16,373.43"
ID13963,14-Mar-2026,Direct Deposit,"3,084.07",0.00,"10,696.57"
ID13963,17-Jan-2026,Transfer,0.00,264.85,"14,501.91"
ID13963,23-Feb-2026,Interest,378.63,0.00,"77,946.53"
ID13963,07-Feb-2026,Debit Card,0.00,284.64,"2,550.45"
ID13963,07-Jan-2026,Transfer,0.00,"1,003.89","73,872.32"
ID13963,13-Jan-2026,Reversal,0.00,"1,111.52","15,822.86"
ID13963,04-Mar-2026,Reversal,"1,496.41",0.00,"26,888.07"
ID13963,09-Feb-2026,Reversal,264.04,0.00,"38,667.38"
ID13963,22-Feb-2026,Charge,0.00,412.23,"84,883.03"
ID13963,04-Jan-2026,Transfer,"1,941.28",0.00,"61,823.57"
ID13963,29-Jan-2026,Transfer,0.00,"1,020.90","97,733.95"
ID13963,13-Mar-2026,Debit Card,0.00,326.19,"81,681.05"
ID13963,14-Mar-2026,Charge,0.00,734.54,"42,942.13"
ID13963,02-Mar-2026,ATM Withdrawal,0.00,228.48,"42,711.72"
ID13963,03-Mar-2026,Transfer,0.00,234.67,"98,538.72"
ID13963,16-Mar-2026,Reversal,"1,577.06",0.00,"11,628.32"
ID13964,23-Jan-2026,Reversal,632.35,0.00,"51,153.70"
ID13964,19-Jan-2026,Transfer,0.00,"1,090.32","53,889.02"
ID13964,19-Mar-2026,ATM Withdrawal,0.00,956.50,"67,229.09"
ID13964,13-Jan-2026,Reversal,0.00,912.28,"36,655.85"
ID13964,30-Jan-2026,Transfer,0.00,266.86,"85,610.50"
ID13964,24-Mar-2026,Charge,0.00,803.13,"37,242.42"
ID13964,15-Feb-2026,Direct Deposit,"2,866.08",0.00,"40,099.41"
ID13964,01-Apr-2026,Interest,282.30,0.00,"17,669.34"
ID13964,02-Mar-2026,Transfer,0.00,206.47,"33,377.78"
ID13964,14-Feb-2026,ATM Withdrawal,0.00,853.34,"55,778.30"
ID13964,06-Feb-2026,Debit Card,0.00,111.98,"74,499.31"
ID13964,09-Jan-2026,Interest,283.95,0.00,"83,039.06"
ID13964,20-Feb-2026,Payment,647.56,0.00,"85,791.11"
ID13964,24-Jan-2026,Transfer,"1,231.93",0.00,"65,368.19"
ID13964,05-Mar-2026,Charge,0.00,198.44,"72,049.35"
ID13964,14-Mar-2026,Interest,453.67,0.00,"1,378.23"
ID13964,14-Mar-2026,Interest,239.98,0.00,"58,197.88"
ID13964,06-Feb-2026,ATM Withdrawal,0.00,632.05,"79,826.09"
ID13964,09-Jan-2026,Interest,274.93,0.00,"96,869.26"
ID13964,27-Jan-2026,Interest,233.65,0.00,"62,711.71"
ID13965,23-Feb-2026,Interest,102.89,0.00,"2,807.57"
ID13965,25-Mar-2026,Reversal,0.00,931.83,"21,040.89"
ID13965,07-Mar-2026,Transfer,0.00,"1,433.03","13,161.04"
ID13965,22-Jan-2026,Direct Deposit,"2,985.62",0.00,"85,758.36"
ID13965,10-Mar-2026,ATM Withdrawal,0.00,757.69,"58,872.95"
ID13965,14-Mar-2026,Charge,0.00,252.65,"65,155.85"
ID13965,14-Mar-2026,Transfer,0.00,219.76,"20,313.58"
ID13965,04-Feb-2026,Reversal,0.00,114.33,"10,850.46"
ID13965,20-Mar-2026,Transfer,0.00,446.29,"98,881.86"
ID13965,24-Feb-2026,Debit Card,0.00,435.68,"7,311.27"
ID13965,12-Mar-2026,Transfer,237.47,0.00,"15,391.59"
ID13965,03-Feb-2026,Charge,0.00,607.03,"52,434.12"
ID13965,09-Mar-2026,Charge,0.00,502.27,"83,350.12"
ID13965,10-Jan-2026,Transfer,0.00,488.41,"74,864.41"
ID13965,02-Feb-2026,Reversal,0.00,448.30,"4,717.82"
ID13965,15-Feb-2026,Interest,138.36,0.00,"62,231.69"
ID13965,07-Jan-2026,Charge,0.00,275.41,"6,718.28"
ID13965,25-Mar-2026,Debit Card,0.00,814.70,"88,015.10"
ID13965,19-Feb-2026,Charge,0.00,387.47,"30,432.80"
ID13965,16-Mar-2026,Direct Deposit,"3,833.71",0.00,"62,964.55"
ID13966,25-Feb-2026,Transfer,989.46,0.00,"94,332.76"
ID13966,25-Feb-2026,Transfer,911.30,0.00,"1,874.73"
ID13966,14-Feb-2026,Interest,493.95,0.00,"35,770.22"
ID13966,10-Feb-2026,Debit Card,0.00,518.67,"79,078.20"
ID13966,22-Mar-2026,Transfer,0.00,912.31,"35,483.35"
ID13966,21-Feb-2026,Payment,0.00,725.75,"15,144.71"
ID13966,10-Mar-2026,Transfer,0.00,"1,053.07","97,116.92"
ID13966,21-Mar-2026,Charge,0.00,854.32,"4,965.16"
ID13966,12-Jan-2026,Debit Card,0.00,801.65,"74,003.11"
ID13966,01-Mar-2026,Reversal,0.00,283.37,"99,887.03"
ID13966,17-Jan-2026,Debit Card,0.00,850.26,"1,254.48"
ID13966,17-Jan-2026,Transfer,838.64,0.00,"48,310.88"
ID13966,09-Jan-2026,Direct Deposit,"4,706.36",0.00,"23,444.28"
ID13966,29-Jan-2026,Direct Deposit,"3,210.79",0.00,"80,896.89"
ID13966,26-Feb-2026,Transfer,"1,103.83",0.00,"28,982.39"
ID13966,26-Jan-2026,Transfer,0.00,"1,463.63","33,051.73"
ID13966,17-Feb-2026,ATM Withdrawal,0.00,40.98,"66,590.01"
ID13966,11-Mar-2026,Payment,557.38,0.00,"94,026.22"
ID13966,29-Jan-2026,Reversal,"1,388.23",0.00,"3,533.11"
ID13966,03-Apr-2026,Transfer,0.00,395.00,"17,580.25"
ID13967,01-Apr-2026,Direct Deposit,"1,079.64",0.00,"8,498.81"
ID13967,15-Mar-2026,Payment,996.05,0.00,"5,312.77"
ID13967,28-Feb-2026,Reversal,388.79,0.00,"37,636.90"
ID13967,31-Jan-2026,Reversal,0.00,870.01,"86,432.46"
ID13967,25-Jan-2026,Debit Card,0.00,89.50,"6,188.53"
ID13967,29-Jan-2026,Direct Deposit,"1,176.57",0.00,"97,609.93"
ID13967,08-Mar-2026,Reversal,272.59,0.00,"17,891.46"
ID13967,02-Mar-2026,Transfer,0.00,768.04,"21,526.35"
ID13967,19-Mar-2026,ATM Withdrawal,0.00,65.41,"61,362.19"
ID13967,29-Mar-2026,Debit Card,0.00,466.87,"52,179.01"
ID13967,17-Jan-2026,Payment,"1,692.41",0.00,"60,503.98"
ID13967,29-Jan-2026,Interest,138.25,0.00,"1,700.57"
ID13967,29-Mar-2026,Direct Deposit,"2,774.92",0.00,"80,458.50"
ID13967,06-Jan-2026,Debit Card,0.00,862.33,"67,246.26"
ID13967,15-Feb-2026,Interest,275.02,0.00,"27,725.21"
ID13967,21-Mar-2026,Payment,"1,771.85",0.00,"53,007.11"
ID13967,03-Mar-2026,Interest,147.31,0.00,"96,302.40"
ID13967,09-Jan-2026,Interest,344.51,0.00,"5,837.69"
ID13967,04-Feb-2026,Direct Deposit,"1,453.13",0.00,"23,932.18"
ID13967,13-Feb-2026,Interest,52.62,0.00,"19,511.29"
ID13968,14-Jan-2026,Debit Card,0.00,662.45,"9,375.38"
ID13968,25-Jan-2026,Transfer,0.00,"1,421.19","70,961.79"
ID13968,05-Feb-2026,Interest,82.97,0.00,"59,662.83"
ID13968,07-Mar-2026,ATM Withdrawal,0.00,942.99,"67,179.44"
ID13968,14-Feb-2026,Interest,466.09,0.00,"87,458.63"
ID13968,17-Mar-2026,Transfer,0.00,"1,343.78","6,027.90"
ID13968,16-Feb-2026,Debit Card,0.00,90.59,"2,467.28"
ID13968,30-Jan-2026,Direct Deposit,"4,090.79",0.00,"85,294.79"
ID13968,05-Jan-2026,Debit Card,0.00,512.87,"93,999.23"
ID13968,27-Feb-2026,Payment,0.00,"1,264.79","69,506.26"
ID13968,11-Jan-2026,Reversal,0.00,209.82,"62,726.45"
ID13968,25-Mar-2026,Direct Deposit,"4,214.58",0.00,"76,231.52"
ID13968,29-Jan-2026,Charge,0.00,726.45,"64,852.33"
ID13968,26-Jan-2026,Payment,0.00,"1,318.12","58,418.24"
ID13968,09-Jan-2026,Transfer,0.00,"1,278.51","85,551.63"
ID13968,26-Mar-2026,Debit Card,0.00,984.03,"58,829.05"
ID13968,08-Mar-2026,Debit Card,0.00,273.30,"25,561.74"
ID13968,27-Mar-2026,Direct Deposit,930.35,0.00,"73,578.96"
ID13968,03-Jan-2026,Reversal,0.00,195.65,"45,436.24"
ID13968,28-Jan-2026,Interest,226.97,0.00,"90,873.18"
ID13969,02-Feb-2026,Interest,90.77,0.00,"90,107.64"
ID13969,11-Mar-2026,ATM Withdrawal,0.00,681.89,"72,265.41"
ID13969,09-Feb-2026,Interest,476.95,0.00,"71,135.00"
ID13969,13-Mar-2026,Reversal,0.00,325.63,"2,781.96"
ID13969,04-Jan-2026,Debit Card,0.00,622.10,"82,501.80"
ID13969,03-Mar-2026,Direct Deposit,"4,980.14",0.00,"67,227.65"
ID13969,06-Feb-2026,Reversal,643.70,0.00,"65,461.47"
ID13969,05-Jan-2026,Payment,852.11,0.00,"20,667.74"
ID13969,22-Mar-2026,Interest,448.03,0.00,"18,663.30"
ID13969,23-Jan-2026,ATM Withdrawal,0.00,171.91,"22,850.73"
ID13969,14-Jan-2026,Interest,419.40,0.00,"93,318.65"
ID13969,21-Feb-2026,Direct Deposit,"2,273.74",0.00,"10,902.10"
ID13969,07-Feb-2026,Interest,95.33,0.00,"97,701.39"
ID13969,10-Jan-2026,Charge,0.00,98.99,"1,504.00"
ID13969,19-Mar-2026,Transfer,0.00,757.96,"67,363.59"
ID13969,29-Mar-2026,Reversal,"1,441.20",0.00,"58,220.64"
ID13969,09-Feb-2026,Transfer,"1,988.53",0.00,"17,924.65"
ID13969,06-Mar-2026,Transfer,278.19,0.00,"92,091.23"
ID13969,02-Apr-2026,Direct Deposit,"4,309.43",0.00,"55,455.96"
ID13969,11-Mar-2026,Charge,0.00,732.38,"41,182.05"
ID13970,07-Mar-2026,ATM Withdrawal,0.00,491.42,"89,798.23"
ID13970,14-Jan-2026,Transfer,298.01,0.00,"38,122.77"
ID13970,06-Jan-2026,Debit Card,0.00,322.93,"88,315.46"
ID13970,09-Mar-2026,ATM Withdrawal,0.00,415.73,"18,612.65"
ID13970,17-Feb-2026,Debit Card,0.00,725.90,"1,568.20"
ID13970,31-Jan-2026,Debit Card,0.00,823.59,"57,650.06"
ID13970,24-Mar-2026,Transfer,"1,846.79",0.00,"44,206.55"
ID13970,10-Jan-2026,Direct Deposit,"2,995.10",0.00,"59,211.44"
ID13970,07-Mar-2026,Debit Card,0.00,28.00,"12,867.96"
ID13970,14-Jan-2026,Interest,66.95,0.00,"7,025.63"
ID13970,16-Mar-2026,Interest,250.34,0.00,"21,536.37"
ID13970,08-Jan-2026,Reversal,"1,261.33",0.00,"47,303.73"
ID13970,07-Feb-2026,Payment,452.41,0.00,"80,913.59"
ID13970,04-Feb-2026,Debit Card,0.00,962.64,"93,915.43"
ID13970,16-Feb-2026,Reversal,910.95,0.00,"49,862.39"
ID13970,16-Feb-2026,Direct Deposit,"4,505.28",0.00,"46,400.61"
ID13970,10-Feb-2026,ATM Withdrawal,0.00,92.45,"90,723.92"
ID13970,12-Feb-2026,Reversal,0.00,"1,267.81","36,659.07"
ID13970,17-Mar-2026,Interest,75.16,0.00,"94,226.50"
ID13970,18-Feb-2026,Debit Card,0.00,673.28,"4,386.27"
ID13971,28-Mar-2026,Transfer,"1,306.99",0.00,"28,037.30"
ID13971,09-Feb-2026,Transfer,"1,015.36",0.00,"91,892.23"
ID13971,13-Feb-2026,Reversal,0.00,"1,124.23","62,726.10"
ID13971,15-Feb-2026,Direct Deposit,"1,332.23",0.00,"2,437.34"
ID13971,04-Mar-2026,ATM Withdrawal,0.00,570.22,"64,070.83"
ID13971,03-Mar-2026,Transfer,0.00,726.05,"42,116.91"
ID13971,21-Jan-2026,Reversal,"1,619.68",0.00,"48,631.84"
ID13971,25-Jan-2026,Interest,273.52,0.00,"91,135.62"
ID13971,13-Mar-2026,Charge,0.00,693.67,"48,445.71"
ID13971,06-Jan-2026,ATM Withdrawal,0.00,317.48,"76,061.35"
ID13971,28-Feb-2026,Interest,466.38,0.00,"98,451.13"
ID13971,22-Jan-2026,Debit Card,0.00,465.66,"17,966.78"
ID13971,03-Apr-2026,Payment,580.89,0.00,"60,999.89"
ID13971,03-Apr-2026,Direct Deposit,"4,646.87",0.00,"66,184.48"
ID13971,08-Jan-2026,Direct Deposit,"2,654.61",0.00,"51,032.11"
ID13971,24-Feb-2026,Direct Deposit,"4,940.73",0.00,"85,123.24"
ID13971,07-Jan-2026,ATM Withdrawal,0.00,190.81,"34,889.18"
ID13971,20-Mar-2026,ATM Withdrawal,0.00,785.04,"59,472.20"
ID13971,16-Jan-2026,Reversal,0.00,942.60,"43,410.96"
ID13971,09-Mar-2026,Transfer,"1,305.15",0.00,"55,433.97"
ID13972,28-Feb-2026,ATM Withdrawal,0.00,886.80,"42,366.77"
ID13972,24-Mar-2026,ATM Withdrawal,0.00,709.32,"49,227.52"
ID13972,08-Feb-2026,Reversal,0.00,"1,303.64","9,371.51"
ID13972,29-Jan-2026,Reversal,0.00,"1,454.20","67,753.60"
ID13972,22-Feb-2026,Payment,0.00,"1,401.68","17,527.99"
ID13972,22-Feb-2026,Interest,276.36,0.00,"60,308.68"
ID13972,30-Jan-2026,Payment,0.00,771.20,"95,221.33"
ID13972,08-Mar-2026,Payment,0.00,412.29,"39,389.26"
ID13972,21-Mar-2026,Debit Card,0.00,405.59,"18,043.33"
ID13972,15-Jan-2026,Payment,0.00,275.72,"87,871.73"
ID13972,02-Feb-2026,Transfer,672.89,0.00,"76,626.12"
ID13972,19-Jan-2026,Charge,0.00,501.35,"78,944.80"
ID13972,04-Mar-2026,Reversal,"1,450.23",0.00,"27,481.19"
ID13972,29-Mar-2026,Charge,0.00,46.72,"18,729.96"
ID13972,04-Jan-2026,ATM Withdrawal,0.00,784.97,"42,326.93"
ID13972,01-Mar-2026,Payment,"1,839.36",0.00,"93,219.59"
ID13972,20-Feb-2026,ATM Withdrawal,0.00,495.45,"17,818.78"
ID13972,17-Feb-2026,Charge,0.00,515.82,"83,869.15"
ID13972,14-Jan-2026,ATM Withdrawal,0.00,299.59,"14,659.20"
ID13972,31-Mar-2026,ATM Withdrawal,0.00,712.31,"2,285.57"
ID13973,15-Feb-2026,Payment,0.00,"1,299.92","78,990.18"
ID13973,25-Mar-2026,Interest,17.71,0.00,"2,906.52"
ID13973,14-Jan-2026,ATM Withdrawal,0.00,309.48,"58,770.03"
ID13973,24-Mar-2026,ATM Withdrawal,0.00,899.33,"1,010.90"
ID13973,24-Mar-2026,Charge,0.00,780.39,"82,638.63"
ID13973,02-Mar-2026,Debit Card,0.00,141.09,"13,553.01"
ID13973,04-Jan-2026,Interest,344.73,0.00,"65,678.24"
ID13973,06-Mar-2026,Reversal,877.45,0.00,"61,608.75"
ID13973,03-Feb-2026,Charge,0.00,975.50,"24,503.72"
ID13973,28-Feb-2026,ATM Withdrawal,0.00,538.20,"43,195.44"
ID13973,29-Jan-2026,ATM Withdrawal,0.00,66.67,"6,017.28"
ID13973,26-Jan-2026,Payment,329.89,0.00,"70,625.41"
ID13973,13-Feb-2026,ATM Withdrawal,0.00,900.65,"76,670.23"
ID13973,11-Feb-2026,Reversal,"1,444.23",0.00,"41,318.79"
ID13973,09-Feb-2026,Reversal,"1,050.14",0.00,"89,918.54"
ID13973,25-Mar-2026,Transfer,0.00,"1,208.73","54,699.77"
ID13973,17-Feb-2026,Interest,252.28,0.00,"72,698.15"
ID13973,25-Feb-2026,Debit Card,0.00,614.40,"41,403.06"
ID13973,04-Mar-2026,Payment,"1,374.12",0.00,"41,392.88"
ID13973,20-Jan-2026,Direct Deposit,"4,055.31",0.00,"69,984.74"
ID13974,24-Feb-2026,Interest,111.02,0.00,"52,627.62"
ID13974,19-Feb-2026,Debit Card,0.00,197.33,"39,825.27"
ID13974,12-Jan-2026,Interest,98.07,0.00,"7,804.85"
ID13974,11-Feb-2026,Payment,0.00,377.39,"92,638.83"
ID13974,01-Mar-2026,Transfer,0.00,123.57,"62,932.72"
ID13974,04-Jan-2026,Charge,0.00,843.74,"82,097.66"
ID13974,09-Mar-2026,Transfer,0.00,54.27,"33,799.50"
ID13974,12-Jan-2026,Interest,144.06,0.00,"75,969.89"
ID13974,29-Jan-2026,ATM Withdrawal,0.00,445.51,"23,105.38"
ID13974,11-Feb-2026,Direct Deposit,535.24,0.00,"13,173.46"
ID13974,30-Jan-2026,Debit Card,0.00,263.63,"99,407.56"
ID13974,20-Mar-2026,Direct Deposit,"3,875.18",0.00,"80,520.91"
ID13974,12-Feb-2026,Charge,0.00,930.49,"31,848.06"
ID13974,07-Jan-2026,Interest,177.95,0.00,"54,285.78"
ID13974,16-Mar-2026,Debit Card,0.00,872.48,"32,509.12"
ID13974,15-Jan-2026,Reversal,0.00,519.21,"98,235.88"
ID13974,18-Feb-2026,Reversal,999.93,0.00,"70,241.50"
ID13974,20-Mar-2026,Debit Card,0.00,123.34,"71,750.55"
ID13974,17-Jan-2026,Charge,0.00,899.14,"94,369.18"
ID13974,16-Feb-2026,Interest,327.83,0.00,"55,900.63"
ID13975,18-Feb-2026,Interest,408.29,0.00,"50,460.97"
ID13975,23-Mar-2026,Debit Card,0.00,87.95,"75,445.02"
ID13975,27-Feb-2026,Debit Card,0.00,399.02,"59,055.25"
ID13975,07-Feb-2026,Payment,0.00,"1,378.06","15,146.63"
ID13975,08-Mar-2026,Payment,0.00,"1,354.87","96,138.83"
ID13975,02-Mar-2026,Charge,0.00,436.78,"12,508.20"
ID13975,23-Jan-2026,ATM Withdrawal,0.00,734.82,"71,378.19"
ID13975,05-Mar-2026,Reversal,0.00,916.27,"57,868.38"
ID13975,30-Jan-2026,Payment,0.00,"1,179.81","62,190.13"
ID13975,03-Jan-2026,Payment,0.00,550.61,"66,342.34"
ID13975,03-Apr-2026,Transfer,"1,572.95",0.00,"72,017.13"
ID13975,11-Jan-2026,Reversal,224.95,0.00,"15,090.96"
ID13975,05-Mar-2026,Debit Card,0.00,849.12,"21,146.84"
ID13975,28-Feb-2026,Direct Deposit,"1,091.14",0.00,"56,458.50"
ID13975,01-Mar-2026,Debit Card,0.00,78.26,"81,622.69"
ID13975,29-Mar-2026,ATM Withdrawal,0.00,772.44,"17,628.13"
ID13975,17-Mar-2026,Transfer,428.30,0.00,"87,818.47"
ID13975,01-Feb-2026,Payment,"1,051.47",0.00,"71,455.36"
ID13975,24-Jan-2026,ATM Withdrawal,0.00,394.75,"60,433.14"
ID13975,12-Feb-2026,ATM Withdrawal,0.00,338.47,"81,459.37"
ID13976,21-Feb-2026,ATM Withdrawal,0.00,366.99,"29,940.72"
ID13976,13-Feb-2026,Reversal,502.46,0.00,"72,021.97"
ID13976,09-Feb-2026,Interest,372.88,0.00,"21,788.75"
ID13976,08-Mar-2026,Reversal,656.54,0.00,"31,081.29"
ID13976,14-Feb-2026,Payment,639.05,0.00,"87,891.74"
ID13976,02-Mar-2026,Interest,456.36,0.00,"73,539.01"
ID13976,29-Jan-2026,Interest,66.73,0.00,"99,437.25"
ID13976,12-Mar-2026,Direct Deposit,562.23,0.00,"2,530.90"
ID13976,09-Mar-2026,Transfer,"1,391.45",0.00,"19,887.44"
ID13976,30-Jan-2026,Charge,0.00,722.56,"44,699.87"
ID13976,27-Mar-2026,Transfer,"1,092.87",0.00,"57,108.68"
ID13976,05-Mar-2026,Direct Deposit,"1,797.94",0.00,"2,056.37"
ID13976,30-Mar-2026,Debit Card,0.00,753.18,"80,826.80"
ID13976,17-Mar-2026,Reversal,135.02,0.00,"93,624.65"
ID13976,19-Jan-2026,Interest,215.34,0.00,"56,440.33"
ID13976,08-Feb-2026,Direct Deposit,"4,844.47",0.00,"68,735.77"
ID13976,07-Mar-2026,Transfer,"1,567.61",0.00,"93,662.45"
ID13976,20-Feb-2026,Interest,455.69,0.00,"13,321.79"
ID13976,14-Jan-2026,Interest,402.39,0.00,"8,273.73"
ID13976,19-Jan-2026,Transfer,0.00,952.90,"55,292.06"
ID13977,29-Mar-2026,ATM Withdrawal,0.00,927.18,"30,028.25"
ID13977,18-Feb-2026,Reversal,0.00,"1,150.13","76,006.95"
ID13977,18-Mar-2026,Reversal,0.00,750.90,"79,630.53"
ID13977,17-Jan-2026,Reversal,211.63,0.00,"12,054.43"
ID13977,24-Jan-2026,Charge,0.00,571.07,"53,338.10"
ID13977,02-Apr-2026,Debit Card,0.00,771.33,"11,878.51"
ID13977,08-Mar-2026,Direct Deposit,"3,048.97",0.00,"5,635.18"
ID13977,08-Jan-2026,Interest,295.26,0.00,"98,332.75"
ID13977,30-Jan-2026,Reversal,0.00,650.50,"4,874.12"
ID13977,21-Feb-2026,Interest,258.94,0.00,"15,428.00"
ID13977,24-Jan-2026,Interest,418.74,0.00,"32,085.24"
ID13977,26-Feb-2026,Payment,"1,344.74",0.00,"2,011.19"
ID13977,05-Jan-2026,Reversal,"1,254.08",0.00,"15,093.50"
ID13977,22-Jan-2026,Charge,0.00,814.33,"72,074.85"
ID13977,28-Mar-2026,Interest,443.73,0.00,"76,561.68"
ID13977,21-Mar-2026,Payment,0.00,"1,182.99","54,611.52"
ID13977,07-Jan-2026,Direct Deposit,"3,001.89",0.00,"24,451.10"
ID13977,12-Jan-2026,Direct Deposit,"2,275.67",0.00,"47,920.04"
ID13977,20-Jan-2026,Transfer,"1,455.10",0.00,"94,310.70"
ID13977,10-Jan-2026,Interest,83.25,0.00,"8,516.30"
ID13978,12-Mar-2026,Charge,0.00,480.85,"33,733.82"
ID13978,27-Feb-2026,Transfer,"1,547.99",0.00,"18,320.83"
ID13978,13-Mar-2026,Reversal,0.00,"1,427.90","31,825.86"
ID13978,14-Mar-2026,ATM Withdrawal,0.00,712.76,"21,580.22"
ID13978,26-Jan-2026,Debit Card,0.00,40.53,"75,278.37"
ID13978,29-Mar-2026,Reversal,0.00,654.87,"38,271.64"
ID13978,07-Jan-2026,Direct Deposit,"1,117.67",0.00,"16,736.92"
ID13978,17-Mar-2026,Reversal,0.00,130.05,"9,994.61"
ID13978,18-Jan-2026,Transfer,"1,506.87",0.00,"76,747.21"
ID13978,02-Mar-2026,Interest,12.81,0.00,"12,672.64"
ID13978,05-Feb-2026,Debit Card,0.00,452.29,"54,036.41"
ID13978,31-Mar-2026,Interest,175.62,0.00,"30,467.12"
ID13978,27-Jan-2026,ATM Withdrawal,0.00,132.82,"28,429.50"
ID13978,24-Jan-2026,Interest,203.41,0.00,"30,220.72"
ID13978,31-Jan-2026,Debit Card,0.00,396.58,"50,806.20"
ID13978,07-Feb-2026,Reversal,534.64,0.00,"19,644.24"
ID13978,27-Feb-2026,Interest,17.40,0.00,"24,108.57"
ID13978,01-Apr-2026,Interest,228.41,0.00,"48,725.83"
ID13978,06-Jan-2026,ATM Withdrawal,0.00,710.53,"29,872.88"
ID13978,13-Jan-2026,Payment,0.00,440.27,"21,755.63"
ID13979,02-Feb-2026,Direct Deposit,"3,123.55",0.00,"32,875.98"
ID13979,05-Feb-2026,Debit Card,0.00,657.09,"47,464.45"
ID13979,09-Mar-2026,Interest,406.87,0.00,"83,612.47"
ID13979,06-Jan-2026,Charge,0.00,43.59,"90,911.75"
ID13979,03-Mar-2026,Direct Deposit,"2,544.43",0.00,"97,261.50"
ID13979,09-Mar-2026,Interest,374.26,0.00,"47,710.42"
ID13979,15-Mar-2026,Payment,0.00,"1,416.89","1,641.35"
ID13979,20-Feb-2026,ATM Withdrawal,0.00,656.27,"22,310.45"
ID13979,27-Mar-2026,Reversal,0.00,754.06,"73,649.59"
ID13979,22-Jan-2026,Debit Card,0.00,828.59,"71,571.09"
ID13979,20-Jan-2026,Payment,597.90,0.00,"33,852.87"
ID13979,31-Jan-2026,Reversal,561.87,0.00,"13,546.36"
ID13979,30-Jan-2026,Interest,480.81,0.00,"69,677.88"
ID13979,09-Jan-2026,Debit Card,0.00,17.77,"96,700.98"
ID13979,04-Jan-2026,Debit Card,0.00,348.09,"78,179.24"
ID13979,25-Jan-2026,Transfer,0.00,646.31,"88,886.31"
ID13979,10-Jan-2026,Transfer,0.00,"1,343.61","81,241.38"
ID13979,12-Mar-2026,Direct Deposit,"1,245.82",0.00,"82,144.52"
ID13979,22-Jan-2026,Transfer,0.00,"1,474.57","36,540.63"
ID13979,20-Mar-2026,Interest,36.35,0.00,"70,183.02"
ID13980,14-Jan-2026,Reversal,0.00,"1,431.20","82,224.79"
ID13980,21-Mar-2026,Debit Card,0.00,748.45,"66,575.32"
ID13980,02-Mar-2026,Direct Deposit,"2,431.63",0.00,"84,731.08"
ID13980,11-Mar-2026,ATM Withdrawal,0.00,92.57,"53,180.07"
ID13980,22-Mar-2026,Charge,0.00,802.90,"60,550.51"
ID13980,27-Jan-2026,Interest,260.72,0.00,"77,174.69"
ID13980,21-Mar-2026,Debit Card,0.00,44.86,"50,099.31"
ID13980,12-Feb-2026,Payment,691.71,0.00,"20,870.26"
ID13980,22-Feb-2026,Payment,0.00,107.94,"79,503.71"
ID13980,20-Jan-2026,Debit Card,0.00,138.91,"38,180.19"
ID13980,05-Mar-2026,ATM Withdrawal,0.00,850.02,"39,193.04"
ID13980,08-Jan-2026,Payment,173.05,0.00,"82,960.94"
ID13980,14-Feb-2026,Charge,0.00,442.11,"50,181.05"
ID13980,27-Mar-2026,Payment,426.47,0.00,"18,344.92"
ID13980,28-Feb-2026,Direct Deposit,"2,207.82",0.00,"65,844.52"
ID13980,23-Mar-2026,Payment,0.00,"1,456.52","72,211.39"
ID13980,23-Mar-2026,ATM Withdrawal,0.00,987.07,"42,287.49"
ID13980,27-Feb-2026,Payment,0.00,"1,173.96","21,118.55"
ID13980,16-Mar-2026,Interest,472.01,0.00,"25,788.66"
ID13980,06-Jan-2026,Charge,0.00,487.58,"45,786.97"
ID13981,18-Jan-2026,Direct Deposit,"2,125.96",0.00,"7,255.74"
ID13981,09-Jan-2026,Direct Deposit,"1,730.84",0.00,"31,958.53"
ID13981,26-Jan-2026,Charge,0.00,691.89,"66,289.63"
ID13981,26-Feb-2026,Interest,243.16,0.00,"17,072.48"
ID13981,21-Feb-2026,Charge,0.00,395.60,"55,151.02"
ID13981,28-Feb-2026,Interest,281.32,0.00,"55,506.29"
ID13981,07-Jan-2026,Charge,0.00,75.60,"9,937.18"
ID13981,14-Mar-2026,ATM Withdrawal,0.00,940.20,"29,908.54"
ID13981,09-Mar-2026,Charge,0.00,458.55,"42,077.23"
ID13981,13-Feb-2026,Interest,269.49,0.00,"22,992.69"
ID13981,03-Mar-2026,Debit Card,0.00,154.62,"41,643.35"
ID13981,20-Jan-2026,Debit Card,0.00,499.02,"17,278.25"
ID13981,20-Mar-2026,Transfer,"1,654.64",0.00,"59,207.04"
ID13981,18-Feb-2026,Reversal,"1,280.67",0.00,"71,238.75"
ID13981,12-Mar-2026,Reversal,"1,288.48",0.00,"46,380.34"
ID13981,19-Feb-2026,Payment,0.00,460.78,"66,088.47"
ID13981,14-Feb-2026,ATM Withdrawal,0.00,14.15,"17,496.63"
ID13981,29-Mar-2026,Transfer,0.00,363.06,"4,129.76"
ID13981,06-Jan-2026,Transfer,0.00,970.26,"68,450.62"
ID13981,02-Feb-2026,Direct Deposit,"4,063.72",0.00,"97,264.95"
ID13982,26-Feb-2026,Payment,458.87,0.00,"72,429.49"
ID13982,25-Mar-2026,Debit Card,0.00,558.88,"43,729.90"
ID13982,06-Feb-2026,ATM Withdrawal,0.00,240.00,"52,865.43"
ID13982,22-Feb-2026,Payment,0.00,"1,405.93","90,061.62"
ID13982,06-Jan-2026,ATM Withdrawal,0.00,621.82,"68,497.24"
ID13982,20-Jan-2026,Payment,985.82,0.00,"97,775.76"
ID13982,06-Mar-2026,Charge,0.00,167.33,"83,628.34"
ID13982,05-Feb-2026,Debit Card,0.00,183.60,"1,771.36"
ID13982,02-Apr-2026,Reversal,"1,314.63",0.00,"88,988.73"
ID13982,28-Jan-2026,Interest,483.90,0.00,"7,447.33"
ID13982,19-Jan-2026,Transfer,0.00,"1,474.99","26,369.75"
ID13982,28-Feb-2026,Debit Card,0.00,842.21,"8,624.82"
ID13982,29-Jan-2026,Debit Card,0.00,977.04,"65,832.48"
ID13982,27-Mar-2026,Interest,134.50,0.00,"54,214.40"
ID13982,08-Mar-2026,Payment,0.00,"1,039.03","17,156.91"
ID13982,22-Jan-2026,Interest,43.73,0.00,"34,576.68"
ID13982,24-Jan-2026,Reversal,730.29,0.00,"29,871.85"
ID13982,03-Jan-2026,Reversal,"1,057.93",0.00,"71,818.67"
ID13982,22-Mar-2026,ATM Withdrawal,0.00,316.60,"61,927.97"
ID13982,15-Jan-2026,ATM Withdrawal,0.00,748.88,"8,370.35"
ID13983,14-Mar-2026,Charge,0.00,652.41,"86,660.76"
ID13983,13-Mar-2026,Transfer,0.00,"1,030.21","98,131.63"
ID13983,26-Feb-2026,Payment,0.00,803.19,"51,668.78"
ID13983,28-Feb-2026,Payment,232.78,0.00,"8,004.49"
ID13983,15-Jan-2026,Charge,0.00,863.00,"11,889.05"
ID13983,16-Feb-2026,Charge,0.00,884.28,"98,825.17"
ID13983,18-Jan-2026,Charge,0.00,818.62,"33,378.88"
ID13983,22-Feb-2026,Payment,"1,657.92",0.00,"2,943.81"
ID13983,05-Jan-2026,ATM Withdrawal,0.00,203.11,"93,161.32"
ID13983,11-Feb-2026,Charge,0.00,749.71,"57,330.73"
ID13983,03-Apr-2026,ATM Withdrawal,0.00,12.05,"29,803.56"
ID13983,06-Jan-2026,Reversal,337.28,0.00,"24,385.29"
ID13983,20-Feb-2026,ATM Withdrawal,0.00,135.75,"59,786.22"
ID13983,19-Mar-2026,Charge,0.00,669.21,"87,540.21"
ID13983,03-Jan-2026,Payment,0.00,"1,376.77","78,803.70"
ID13983,14-Feb-2026,Direct Deposit,"3,298.25",0.00,"11,898.26"
ID13983,07-Feb-2026,Interest,366.78,0.00,"47,472.15"
ID13983,04-Jan-2026,Transfer,"1,624.32",0.00,"94,151.92"
ID13983,15-Jan-2026,Charge,0.00,934.45,"30,577.44"
ID13983,18-Jan-2026,Charge,0.00,446.15,"3,045.06"
ID13984,22-Feb-2026,Debit Card,0.00,859.62,"61,821.24"
ID13984,18-Mar-2026,Transfer,0.00,"1,241.69","43,710.51"
ID13984,20-Mar-2026,Interest,401.49,0.00,"39,232.00"
ID13984,27-Jan-2026,Payment,0.00,"1,375.39","62,999.37"
ID13984,10-Mar-2026,Interest,326.84,0.00,"84,979.54"
ID13984,27-Jan-2026,Debit Card,0.00,228.87,"23,667.45"
ID13984,09-Jan-2026,Payment,"1,311.62",0.00,"60,790.77"
ID13984,22-Jan-2026,Transfer,0.00,742.74,"31,736.98"
ID13984,22-Mar-2026,Reversal,0.00,538.92,"24,906.42"
ID13984,20-Jan-2026,Payment,"1,651.89",0.00,"37,500.99"
ID13984,13-Mar-2026,Charge,0.00,670.49,"81,443.89"
ID13984,11-Mar-2026,Payment,327.27,0.00,"33,942.17"
ID13984,02-Mar-2026,Debit Card,0.00,841.48,"30,609.99"
ID13984,18-Jan-2026,Interest,41.53,0.00,"54,145.22"
ID13984,06-Mar-2026,Transfer,293.14,0.00,"26,644.89"
ID13984,03-Feb-2026,Transfer,0.00,"1,466.00","85,409.58"
ID13984,03-Apr-2026,Direct Deposit,"1,903.56",0.00,"37,874.95"
ID13984,03-Apr-2026,Transfer,0.00,669.66,"22,556.82"
ID13984,19-Feb-2026,Interest,473.17,0.00,"64,953.91"
ID13984,06-Feb-2026,Direct Deposit,"2,453.89",0.00,"47,932.74"
ID13985,08-Feb-2026,ATM Withdrawal,0.00,373.12,"26,989.26"
ID13985,03-Jan-2026,ATM Withdrawal,0.00,397.46,"43,525.19"
ID13985,24-Feb-2026,Interest,313.24,0.00,"79,604.51"
ID13985,18-Feb-2026,Transfer,0.00,"1,075.78","72,674.27"
ID13985,18-Feb-2026,Debit Card,0.00,421.33,"49,420.89"
ID13985,16-Mar-2026,Transfer,"1,203.27",0.00,"77,582.97"
ID13985,23-Jan-2026,Charge,0.00,826.46,"67,952.64"
ID13985,26-Feb-2026,Transfer,0.00,"1,058.60","99,675.61"
ID13985,08-Mar-2026,Interest,386.57,0.00,"65,614.73"
ID13985,17-Feb-2026,Direct Deposit,"2,697.60",0.00,"21,350.20"
ID13985,22-Mar-2026,Transfer,0.00,508.54,"10,635.56"
ID13985,26-Feb-2026,ATM Withdrawal,0.00,507.58,"48,210.87"
ID13985,01-Mar-2026,Transfer,956.31,0.00,"37,470.45"
ID13985,25-Mar-2026,Interest,498.91,0.00,"7,005.48"
ID13985,22-Feb-2026,Reversal,"1,099.82",0.00,"17,899.49"
ID13985,07-Feb-2026,Payment,0.00,"1,431.04","76,925.41"
ID13985,19-Jan-2026,Debit Card,0.00,382.01,"15,259.12"
ID13985,04-Feb-2026,Transfer,458.73,0.00,"46,100.71"
ID13985,16-Feb-2026,ATM Withdrawal,0.00,984.29,"35,938.79"
ID13985,20-Mar-2026,Transfer,0.00,"1,039.67","47,265.39"
ID13986,18-Feb-2026,Debit Card,0.00,476.93,"62,539.99"
ID13986,22-Feb-2026,ATM Withdrawal,0.00,398.84,"62,295.39"
ID13986,01-Feb-2026,Transfer,0.00,109.29,"14,704.16"
ID13986,15-Mar-2026,Debit Card,0.00,134.60,"40,857.03"
ID13986,10-Jan-2026,Charge,0.00,56.83,"21,772.40"
ID13986,03-Feb-2026,Reversal,926.65,0.00,"82,999.02"
ID13986,27-Jan-2026,Reversal,"1,181.26",0.00,"76,397.77"
ID13986,27-Feb-2026,Charge,0.00,161.50,"38,432.22"
ID13986,16-Feb-2026,Charge,0.00,883.85,"94,455.22"
ID13986,08-Feb-2026,Transfer,"1,346.52",0.00,"79,887.19"
ID13986,11-Feb-2026,Payment,0.00,"1,478.16","84,564.53"
ID13986,27-Jan-2026,Transfer,0.00,465.67,"86,737.48"
ID13986,20-Jan-2026,Payment,0.00,524.65,"80,320.61"
ID13986,05-Jan-2026,Debit Card,0.00,474.28,"84,838.95"
ID13986,04-Mar-2026,Payment,"1,273.35",0.00,"71,258.68"
ID13986,28-Mar-2026,Payment,"1,051.61",0.00,"87,451.31"
ID13986,20-Jan-2026,Charge,0.00,39.08,"57,583.17"
ID13986,28-Feb-2026,Charge,0.00,912.11,"76,571.93"
ID13986,26-Feb-2026,Transfer,0.00,"1,350.16","24,200.67"
ID13986,15-Jan-2026,Transfer,"1,419.91",0.00,"67,507.54"
ID13987,01-Mar-2026,ATM Withdrawal,0.00,396.96,"25,534.14"
ID13987,10-Feb-2026,Reversal,"1,366.60",0.00,"37,825.96"
ID13987,04-Feb-2026,Interest,131.01,0.00,"59,639.34"
ID13987,04-Mar-2026,Direct Deposit,"2,004.12",0.00,"37,306.95"
ID13987,15-Jan-2026,Transfer,0.00,"1,063.38","25,581.58"
ID13987,04-Jan-2026,ATM Withdrawal,0.00,990.66,"34,077.40"
ID13987,21-Feb-2026,ATM Withdrawal,0.00,150.69,"51,369.91"
ID13987,27-Mar-2026,Interest,334.16,0.00,"39,256.87"
ID13987,25-Feb-2026,Debit Card,0.00,110.70,"85,175.41"
ID13987,06-Jan-2026,Charge,0.00,655.76,"46,469.43"
ID13987,23-Mar-2026,Charge,0.00,898.87,"63,610.42"
ID13987,13-Jan-2026,Reversal,640.06,0.00,"3,265.30"
ID13987,07-Mar-2026,ATM Withdrawal,0.00,471.31,"59,657.54"
ID13987,08-Feb-2026,Transfer,"1,776.03",0.00,"59,599.99"
ID13987,09-Jan-2026,Charge,0.00,576.37,"58,211.40"
ID13987,21-Jan-2026,Interest,417.27,0.00,"93,266.67"
ID13987,24-Jan-2026,Payment,652.97,0.00,"73,567.71"
ID13987,09-Jan-2026,Charge,0.00,224.07,"27,974.23"
ID13987,16-Mar-2026,Interest,170.59,0.00,"51,225.68"
ID13987,15-Mar-2026,Charge,0.00,481.54,"84,689.56"
ID13988,17-Mar-2026,Payment,"1,339.42",0.00,"69,272.98"
ID13988,12-Feb-2026,Interest,211.07,0.00,"17,277.59"
ID13988,12-Mar-2026,ATM Withdrawal,0.00,862.45,"75,362.80"
ID13988,08-Mar-2026,ATM Withdrawal,0.00,239.54,"86,839.29"
ID13988,21-Mar-2026,Charge,0.00,673.33,"63,927.68"
ID13988,30-Mar-2026,ATM Withdrawal,0.00,870.25,"16,082.31"
ID13988,31-Mar-2026,Interest,69.30,0.00,"7,564.36"
ID13988,07-Mar-2026,Interest,469.17,0.00,"73,723.56"
ID13988,12-Feb-2026,Debit Card,0.00,855.11,"97,844.38"
ID13988,23-Mar-2026,Interest,413.23,0.00,"59,415.92"
ID13988,08-Mar-2026,Reversal,"1,383.54",0.00,"83,793.67"
ID13988,09-Feb-2026,ATM Withdrawal,0.00,463.26,"10,833.46"
ID13988,21-Mar-2026,ATM Withdrawal,0.00,763.24,"49,839.79"
ID13988,31-Mar-2026,Interest,250.02,0.00,"79,935.40"
ID13988,17-Jan-2026,ATM Withdrawal,0.00,374.01,"84,653.53"
ID13988,09-Feb-2026,Interest,395.00,0.00,"96,175.84"
ID13988,22-Jan-2026,ATM Withdrawal,0.00,121.80,"50,073.65"
ID13988,26-Feb-2026,Interest,489.94,0.00,"55,529.48"
ID13988,16-Jan-2026,Debit Card,0.00,16.62,"52,250.88"
ID13988,07-Feb-2026,Charge,0.00,795.66,"52,136.94"
ID13989,24-Mar-2026,Transfer,"1,919.41",0.00,"85,866.53"
ID13989,04-Jan-2026,Payment,"1,300.97",0.00,"48,974.32"
ID13989,04-Feb-2026,Direct Deposit,"3,657.06",0.00,"32,796.95"
ID13989,04-Jan-2026,Direct Deposit,"1,641.85",0.00,"58,069.02"
ID13989,10-Feb-2026,Direct Deposit,"1,498.40",0.00,"30,073.71"
ID13989,04-Jan-2026,ATM Withdrawal,0.00,354.33,"15,367.05"
ID13989,25-Mar-2026,Debit Card,0.00,725.33,"51,846.03"
ID13989,03-Feb-2026,Direct Deposit,"1,296.93",0.00,"89,254.91"
ID13989,20-Mar-2026,ATM Withdrawal,0.00,418.99,"2,060.28"
ID13989,20-Mar-2026,Interest,494.73,0.00,"40,340.59"
ID13989,26-Jan-2026,Direct Deposit,"1,283.26",0.00,"41,520.27"
ID13989,28-Jan-2026,Payment,"1,811.63",0.00,"3,600.54"
ID13989,16-Mar-2026,Debit Card,0.00,929.57,"69,726.41"
ID13989,22-Mar-2026,ATM Withdrawal,0.00,246.56,"40,926.30"
ID13989,10-Mar-2026,ATM Withdrawal,0.00,222.30,"37,150.26"
ID13989,14-Mar-2026,Debit Card,0.00,348.98,"46,996.61"
ID13989,02-Feb-2026,Transfer,414.72,0.00,"91,903.97"
ID13989,25-Jan-2026,Payment,"1,993.14",0.00,"27,232.04"
ID13989,20-Feb-2026,Payment,0.00,"1,311.95","69,096.05"
ID13989,03-Apr-2026,ATM Withdrawal,0.00,265.73,"71,905.15"
ID13990,24-Feb-2026,Debit Card,0.00,996.71,"44,406.78"
ID13990,21-Jan-2026,Debit Card,0.00,996.89,"16,700.05"
ID13990,09-Feb-2026,Debit Card,0.00,676.53,"84,916.18"
ID13990,24-Mar-2026,Payment,582.79,0.00,"46,767.63"
ID13990,23-Feb-2026,ATM Withdrawal,0.00,804.22,"24,896.17"
ID13990,05-Mar-2026,Payment,"1,600.14",0.00,"68,263.08"
ID13990,20-Jan-2026,Reversal,0.00,139.79,"90,494.42"
ID13990,03-Feb-2026,Debit Card,0.00,728.50,"30,101.22"
ID13990,24-Jan-2026,Interest,499.30,0.00,"9,065.78"
ID13990,03-Feb-2026,ATM Withdrawal,0.00,300.11,"91,071.72"
ID13990,19-Feb-2026,Reversal,0.00,929.00,"57,330.77"
ID13990,15-Jan-2026,Interest,235.01,0.00,"86,986.91"
ID13990,04-Mar-2026,Charge,0.00,88.11,"63,574.16"
ID13990,30-Mar-2026,Transfer,538.05,0.00,"83,887.25"
ID13990,03-Apr-2026,Direct Deposit,"2,412.08",0.00,"55,800.89"
ID13990,25-Jan-2026,Reversal,0.00,712.56,"40,360.29"
ID13990,23-Mar-2026,Transfer,0.00,286.78,"75,498.06"
ID13990,03-Feb-2026,Payment,0.00,604.57,"34,238.33"
ID13990,23-Jan-2026,Interest,397.56,0.00,"28,549.02"
ID13990,20-Feb-2026,Payment,"1,634.74",0.00,"75,745.52"
ID13991,12-Jan-2026,Transfer,0.00,966.20,"78,897.52"
ID13991,17-Mar-2026,Payment,"1,293.18",0.00,"47,175.43"
ID13991,22-Feb-2026,Charge,0.00,600.53,"63,012.28"
ID13991,04-Mar-2026,Direct Deposit,"1,998.03",0.00,"26,873.52"
ID13991,25-Jan-2026,ATM Withdrawal,0.00,723.94,"86,228.86"
ID13991,08-Mar-2026,Payment,"1,857.65",0.00,"38,700.04"
ID13991,21-Feb-2026,Charge,0.00,583.13,"53,601.58"
ID13991,11-Feb-2026,Charge,0.00,794.04,"52,269.01"
ID13991,22-Mar-2026,Interest,276.25,0.00,"25,820.14"
ID13991,18-Mar-2026,Reversal,276.36,0.00,"39,827.52"
ID13991,17-Jan-2026,Charge,0.00,497.82,"80,539.85"
ID13991,20-Feb-2026,Debit Card,0.00,199.10,"91,229.55"
ID13991,22-Jan-2026,ATM Withdrawal,0.00,977.06,"29,855.31"
ID13991,24-Mar-2026,ATM Withdrawal,0.00,958.72,"24,849.80"
ID13991,10-Mar-2026,Interest,168.76,0.00,"7,220.28"
ID13991,01-Apr-2026,Interest,153.69,0.00,"70,698.63"
ID13991,17-Jan-2026,Charge,0.00,158.04,"27,589.30"
ID13991,26-Jan-2026,Payment,"1,311.28",0.00,"47,373.80"
ID13991,20-Feb-2026,Interest,49.06,0.00,"81,691.33"
ID13991,21-Feb-2026,Transfer,0.00,129.91,"6,309.28"
ID13992,02-Mar-2026,Transfer,0.00,193.65,"39,874.30"
ID13992,10-Jan-2026,Debit Card,0.00,254.37,"25,198.52"
ID13992,02-Apr-2026,Transfer,"1,573.58",0.00,"13,591.06"
ID13992,10-Feb-2026,Debit Card,0.00,977.99,"78,551.40"
ID13992,12-Feb-2026,ATM Withdrawal,0.00,225.84,"36,297.51"
ID13992,05-Mar-2026,Direct Deposit,"3,000.22",0.00,"91,265.18"
ID13992,21-Jan-2026,Reversal,630.35,0.00,"68,195.35"
ID13992,02-Mar-2026,Interest,188.27,0.00,"79,088.63"
ID13992,17-Feb-2026,Charge,0.00,590.13,"55,312.33"
ID13992,05-Mar-2026,Reversal,"1,247.41",0.00,"2,678.48"
ID13992,31-Jan-2026,Transfer,0.00,106.82,"54,309.94"
ID13992,07-Feb-2026,Transfer,"1,439.96",0.00,"70,816.54"
ID13992,21-Mar-2026,Reversal,"1,075.43",0.00,"83,744.64"
ID13992,01-Apr-2026,Payment,0.00,343.67,"7,072.17"
ID13992,05-Feb-2026,Payment,0.00,712.77,"67,305.05"
ID13992,10-Feb-2026,Debit Card,0.00,200.33,"81,084.92"
ID13992,12-Mar-2026,ATM Withdrawal,0.00,215.33,"41,971.33"
ID13992,20-Mar-2026,Interest,142.66,0.00,"2,858.69"
ID13992,25-Feb-2026,Transfer,"1,153.45",0.00,"52,770.07"
ID13992,28-Feb-2026,Transfer,"1,646.33",0.00,"70,479.95"
ID13993,15-Jan-2026,Charge,0.00,783.84,"53,985.04"
ID13993,28-Jan-2026,Reversal,0.00,"1,020.48","70,331.94"
ID13993,03-Feb-2026,Transfer,0.00,"1,192.35","82,806.80"
ID13993,13-Feb-2026,Charge,0.00,523.00,"96,370.43"
ID13993,10-Feb-2026,Debit Card,0.00,523.86,"24,248.95"
ID13993,10-Mar-2026,ATM Withdrawal,0.00,990.72,"88,035.70"
ID13993,07-Feb-2026,ATM Withdrawal,0.00,234.80,"55,665.74"
ID13993,27-Jan-2026,Debit Card,0.00,206.89,"33,138.26"
ID13993,06-Jan-2026,Transfer,"1,247.47",0.00,"77,519.45"
ID13993,14-Jan-2026,ATM Withdrawal,0.00,207.51,"12,811.38"
ID13993,07-Jan-2026,ATM Withdrawal,0.00,81.72,"64,192.81"
ID13993,15-Feb-2026,Charge,0.00,69.68,"83,269.12"
ID13993,19-Jan-2026,Debit Card,0.00,427.82,"77,735.17"
ID13993,17-Feb-2026,ATM Withdrawal,0.00,272.08,"91,990.62"
ID13993,04-Feb-2026,Transfer,0.00,"1,486.25","10,190.92"
ID13993,04-Feb-2026,Reversal,"1,171.84",0.00,"89,787.04"
ID13993,01-Apr-2026,Debit Card,0.00,391.25,"9,933.92"
ID13993,06-Jan-2026,Direct Deposit,"3,395.25",0.00,"20,899.75"
ID13993,25-Mar-2026,Direct Deposit,"4,672.75",0.00,"85,000.53"
ID13993,13-Mar-2026,Payment,187.30,0.00,"4,467.62"
ID13994,20-Jan-2026,Reversal,282.88,0.00,"32,408.13"
ID13994,04-Mar-2026,Payment,0.00,99.38,"85,308.56"
ID13994,13-Jan-2026,Interest,157.70,0.00,"20,457.02"
ID13994,06-Mar-2026,Direct Deposit,"4,284.20",0.00,"39,900.76"
ID13994,06-Feb-2026,ATM Withdrawal,0.00,573.90,"60,205.13"
ID13994,28-Feb-2026,Interest,24.60,0.00,"78,723.20"
ID13994,21-Mar-2026,Debit Card,0.00,886.20,"68,702.78"
ID13994,22-Mar-2026,Direct Deposit,898.20,0.00,"80,025.29"
ID13994,22-Feb-2026,Debit Card,0.00,167.92,"92,708.66"
ID13994,08-Jan-2026,Interest,238.86,0.00,"56,530.84"
ID13994,20-Mar-2026,Interest,495.84,0.00,"39,900.09"
ID13994,01-Feb-2026,Transfer,0.00,331.10,"98,843.54"
ID13994,15-Jan-2026,Reversal,0.00,960.72,"1,070.95"
ID13994,22-Mar-2026,Payment,150.47,0.00,"87,805.17"
ID13994,14-Jan-2026,Debit Card,0.00,161.71,"84,780.07"
ID13994,08-Jan-2026,Interest,102.60,0.00,"67,644.23"
ID13994,04-Jan-2026,Interest,247.50,0.00,"20,050.27"
ID13994,24-Jan-2026,Reversal,852.63,0.00,"12,069.13"
ID13994,14-Mar-2026,Reversal,437.52,0.00,"89,397.46"
ID13994,03-Jan-2026,Charge,0.00,877.37,"11,249.13"
ID13995,27-Jan-2026,Payment,0.00,"1,192.96","8,686.15"
ID13995,22-Jan-2026,Debit Card,0.00,871.28,"76,231.44"
ID13995,17-Jan-2026,Direct Deposit,514.09,0.00,"56,134.81"
ID13995,18-Jan-2026,Debit Card,0.00,558.41,"77,005.28"
ID13995,07-Jan-2026,Direct Deposit,"3,258.92",0.00,"60,852.48"
ID13995,20-Feb-2026,ATM Withdrawal,0.00,27.90,"55,290.01"
ID13995,24-Jan-2026,Debit Card,0.00,491.83,"58,769.41"
ID13995,17-Jan-2026,Debit Card,0.00,57.73,"26,062.86"
ID13995,02-Mar-2026,Debit Card,0.00,893.82,"48,872.43"
ID13995,16-Jan-2026,ATM Withdrawal,0.00,685.47,"69,226.08"
ID13995,16-Mar-2026,Reversal,"1,729.92",0.00,"97,252.02"
ID13995,02-Feb-2026,Payment,0.00,363.57,"61,975.49"
ID13995,08-Mar-2026,Transfer,224.32,0.00,"82,793.05"
ID13995,11-Feb-2026,ATM Withdrawal,0.00,291.48,"46,089.62"
ID13995,08-Mar-2026,Transfer,0.00,427.24,"75,684.74"
ID13995,19-Jan-2026,Debit Card,0.00,519.17,"93,547.03"
ID13995,20-Mar-2026,Interest,346.51,0.00,"87,535.59"
ID13995,05-Jan-2026,Direct Deposit,"2,862.94",0.00,"38,571.43"
ID13995,08-Jan-2026,Charge,0.00,546.86,"62,122.90"
ID13995,01-Feb-2026,Payment,0.00,753.08,"94,148.66"
ID13996,03-Mar-2026,ATM Withdrawal,0.00,776.42,"26,147.34"
ID13996,01-Feb-2026,ATM Withdrawal,0.00,843.92,"48,238.28"
ID13996,22-Feb-2026,Debit Card,0.00,468.38,"58,521.29"
ID13996,07-Mar-2026,Charge,0.00,739.73,"79,816.53"
ID13996,09-Jan-2026,Transfer,0.00,"1,044.42","99,526.13"
ID13996,28-Jan-2026,Payment,876.97,0.00,"19,968.11"
ID13996,16-Feb-2026,Charge,0.00,836.91,"68,955.59"
ID13996,03-Feb-2026,Transfer,391.59,0.00,"65,786.30"
ID13996,14-Feb-2026,ATM Withdrawal,0.00,246.80,"43,321.98"
ID13996,10-Jan-2026,Direct Deposit,"1,996.10",0.00,"69,925.39"
ID13996,03-Jan-2026,Reversal,"1,188.48",0.00,"85,818.47"
ID13996,30-Mar-2026,Charge,0.00,647.70,"89,935.84"
ID13996,20-Mar-2026,Payment,"1,999.88",0.00,"33,495.70"
ID13996,06-Mar-2026,Transfer,0.00,"1,320.31","28,052.52"
ID13996,16-Feb-2026,Direct Deposit,"2,832.07",0.00,"86,469.31"
ID13996,07-Feb-2026,Debit Card,0.00,887.40,"61,249.74"
ID13996,15-Mar-2026,Charge,0.00,126.34,"65,013.71"
ID13996,04-Mar-2026,ATM Withdrawal,0.00,665.28,"10,358.56"
ID13996,09-Jan-2026,Debit Card,0.00,841.69,"44,025.83"
ID13996,01-Feb-2026,Direct Deposit,928.09,0.00,"86,191.06"
ID13997,02-Apr-2026,Charge,0.00,284.00,"44,164.47"
ID13997,12-Feb-2026,Reversal,0.00,"1,116.68","12,421.80"
ID13997,31-Jan-2026,Direct Deposit,"1,474.36",0.00,"27,596.25"
ID13997,25-Mar-2026,Direct Deposit,"2,785.30",0.00,"79,085.09"
ID13997,28-Jan-2026,Transfer,"1,146.18",0.00,"54,219.64"
ID13997,08-Jan-2026,Interest,255.26,0.00,"29,455.12"
ID13997,27-Jan-2026,Transfer,832.32,0.00,"13,294.32"
ID13997,22-Mar-2026,Reversal,292.87,0.00,"91,434.37"
ID13997,18-Mar-2026,ATM Withdrawal,0.00,508.82,"3,435.54"
ID13997,29-Mar-2026,Debit Card,0.00,221.17,"74,222.54"
ID13997,27-Jan-2026,Debit Card,0.00,92.20,"31,433.06"
ID13997,08-Jan-2026,Debit Card,0.00,890.37,"72,267.97"
ID13997,19-Jan-2026,Payment,"1,813.91",0.00,"71,699.80"
ID13997,17-Feb-2026,Charge,0.00,304.17,"69,717.46"
ID13997,11-Jan-2026,Transfer,0.00,979.59,"18,370.33"
ID13997,11-Mar-2026,Transfer,"1,207.37",0.00,"82,367.67"
ID13997,23-Mar-2026,Debit Card,0.00,814.15,"51,540.85"
ID13997,27-Jan-2026,Interest,30.92,0.00,"93,588.56"
ID13997,06-Mar-2026,Charge,0.00,913.65,"3,777.37"
ID13997,25-Feb-2026,ATM Withdrawal,0.00,96.90,"51,878.53"
ID13998,06-Jan-2026,Direct Deposit,"1,249.35",0.00,"65,231.81"
ID13998,25-Feb-2026,Transfer,713.55,0.00,"78,762.88"
ID13998,28-Jan-2026,Transfer,0.00,292.05,"58,547.91"
ID13998,14-Mar-2026,Direct Deposit,989.55,0.00,"2,582.81"
ID13998,15-Feb-2026,Debit Card,0.00,995.17,"38,240.71"
ID13998,13-Jan-2026,Interest,209.80,0.00,"56,533.73"
ID13998,29-Mar-2026,Charge,0.00,232.91,"4,655.12"
ID13998,12-Jan-2026,ATM Withdrawal,0.00,330.20,"85,026.76"
ID13998,31-Jan-2026,Direct Deposit,"3,538.50",0.00,"67,604.51"
ID13998,05-Mar-2026,ATM Withdrawal,0.00,769.55,"49,921.37"
ID13998,10-Jan-2026,Direct Deposit,"2,704.63",0.00,"23,018.89"
ID13998,01-Apr-2026,Debit Card,0.00,905.84,"89,107.45"
ID13998,04-Jan-2026,Payment,0.00,966.27,"11,227.78"
ID13998,15-Feb-2026,Reversal,0.00,"1,157.15","60,104.16"
ID13998,14-Mar-2026,Payment,730.64,0.00,"50,325.01"
ID13998,21-Mar-2026,Debit Card,0.00,214.25,"93,992.22"
ID13998,29-Jan-2026,Transfer,494.61,0.00,"46,363.22"
ID13998,25-Mar-2026,Payment,0.00,123.50,"66,528.06"
ID13998,05-Feb-2026,Debit Card,0.00,308.70,"78,140.04"
ID13998,22-Feb-2026,Direct Deposit,953.58,0.00,"88,896.04"
ID13999,31-Jan-2026,Interest,83.07,0.00,"39,058.68"
ID13999,06-Feb-2026,Payment,0.00,"1,182.69","89,805.74"
ID13999,03-Jan-2026,Reversal,0.00,"1,021.36","39,478.94"
ID13999,17-Mar-2026,Debit Card,0.00,846.42,"20,438.51"
ID13999,09-Mar-2026,Payment,"1,157.76",0.00,"61,562.08"
ID13999,21-Jan-2026,Debit Card,0.00,975.42,"46,303.13"
ID13999,16-Jan-2026,ATM Withdrawal,0.00,897.17,"60,185.16"
ID13999,21-Jan-2026,Debit Card,0.00,785.84,"2,016.48"
ID13999,24-Jan-2026,Charge,0.00,152.67,"78,319.46"
ID13999,02-Mar-2026,ATM Withdrawal,0.00,331.75,"6,207.72"
ID13999,29-Jan-2026,Interest,308.76,0.00,"32,643.78"
ID13999,13-Jan-2026,Direct Deposit,"3,057.73",0.00,"41,108.49"
ID13999,23-Jan-2026,Payment,"1,949.72",0.00,"67,287.82"
ID13999,01-Apr-2026,Direct Deposit,"1,760.25",0.00,"81,445.45"
ID13999,16-Jan-2026,Charge,0.00,302.15,"30,381.54"
ID13999,07-Mar-2026,Debit Card,0.00,682.33,"78,615.35"
ID13999,06-Feb-2026,Debit Card,0.00,862.14,"74,935.69"
ID13999,12-Mar-2026,Interest,340.73,0.00,"33,947.89"
ID13999,14-Mar-2026,Charge,0.00,492.20,"73,824.91"
ID13999,05-Jan-2026,Direct Deposit,"1,619.94",0.00,"21,764.48"
